Название,Родительская категория>Подкатегория>Подподкатегория,Артикул,ЦенаRUB,Изображения
"Лазерный уровень (нивелир) Huepar HP-902CG, арт.0219",Лазерные нивелиры (лазерные уровни)>2D,219,10 683.45,"https://dlt.by/image/catalog/tovar/902cg/new/1.png,https://dlt.by/image/catalog/tovar/902cg/new/1-1.png,https://dlt.by/image/catalog/tovar/902cg/new/2.jpg,https://dlt.by/image/catalog/tovar/902cg/new/3.png,https://dlt.by/image/catalog/tovar/902cg/new/4.jpg,https://dlt.by/image/catalog/tovar/902cg/new/5.jpg,https://dlt.by/image/catalog/tovar/902cg/new/6.jpg,https://dlt.by/image/catalog/tovar/902cg/new/7.jpg,https://dlt.by/image/catalog/tovar/902cg/new/8.jpg,https://dlt.by/image/catalog/tovar/902cg/new/9.jpg,https://dlt.by/image/catalog/tovar/902cg/new/10.jpg,https://dlt.by/image/catalog/tovar/902cg/new/11.jpg,https://dlt.by/image/catalog/tovar/902cg/new/12.jpg,https://dlt.by/image/catalog/tovar/902cg/new/13.jpg,https://dlt.by/image/catalog/tovar/902cg/new/14.jpg,https://dlt.by/image/catalog/tovar/902cg/new/15.png,https://dlt.by/image/catalog/tovar/902cg/new/15-1.png,https://dlt.by/image/catalog/tovar/902cg/new/16.jpg,https://dlt.by/image/catalog/tovar/902cg/new/17.jpg,https://dlt.by/image/catalog/tovar/902cg/new/18.jpg,https://dlt.by/image/catalog/tovar/902cg/new/20.jpg,https://dlt.by/image/catalog/tovar/902cg/new/21.jpg,https://dlt.by/image/catalog/tovar/902cg/new/22.jpg,https://dlt.by/image/catalog/tovar/902cg/new/23.jpg,https://dlt.by/image/catalog/tovar/902cg/new/24.jpg,https://dlt.by/image/catalog/tovar/902cg/new/25.jpg,https://dlt.by/image/catalog/tovar/902cg/new/26.jpg,https://dlt.by/image/catalog/tovar/902cg/new/27.jpg,https://dlt.by/image/catalog/tovar/902cg/new/28.jpg,,,,,,,,,,,,,,,,,"
"Лазерный уровень (нивелир) Huepar HP-901CG, арт.0220",Лазерные нивелиры (лазерные уровни)>1D,220,8 426.38,"https://dlt.by/image/catalog/tovar/901cg/new/1.png,https://dlt.by/image/catalog/tovar/901cg/new/gifki_1620885842.gif,https://dlt.by/image/catalog/tovar/901cg/new/2-1.png,https://dlt.by/image/catalog/tovar/901cg/new/3.jpg,https://dlt.by/image/catalog/tovar/901cg/new/4.jpg,https://dlt.by/image/catalog/tovar/901cg/new/4-1.jpg,https://dlt.by/image/catalog/tovar/901cg/new/5.jpg,https://dlt.by/image/catalog/tovar/901cg/new/6.jpg,https://dlt.by/image/catalog/tovar/901cg/new/7.jpg,https://dlt.by/image/catalog/tovar/901cg/new/8.jpg,https://dlt.by/image/catalog/tovar/901cg/new/9.jpg,https://dlt.by/image/catalog/tovar/901cg/new/11.jpg,https://dlt.by/image/catalog/tovar/901cg/new/12.jpg,https://dlt.by/image/catalog/tovar/901cg/new/13.png,https://dlt.by/image/catalog/tovar/901cg/new/13-1.png,https://dlt.by/image/catalog/tovar/901cg/new/14.jpg,https://dlt.by/image/catalog/tovar/901cg/new/14-1.jpg,https://dlt.by/image/catalog/tovar/901cg/new/15.png,https://dlt.by/image/catalog/tovar/901cg/new/17.jpg,https://dlt.by/image/catalog/tovar/901cg/new/18.png,https://dlt.by/image/catalog/tovar/901cg/new/19.png,https://dlt.by/image/catalog/tovar/901cg/new/20.png,https://dlt.by/image/catalog/tovar/901cg/new/21.png,https://dlt.by/image/catalog/tovar/901cg/new/22.png,https://dlt.by/image/catalog/tovar/901cg/new/23.png,https://dlt.by/image/catalog/tovar/901cg/new/24.jpg,https://dlt.by/image/catalog/tovar/901cg/new/25.jpg,https://dlt.by/image/catalog/tovar/901cg/new/26.jpg,https://dlt.by/image/catalog/tovar/901cg/new/27.jpg,https://dlt.by/image/catalog/tovar/901cg/new/28.png,,,,,,,,,,,,,,,,"
"Коронка алмазная DLT&9plitok, ПРЕМИУМ класс, вакуумная пайка, 15мм, арт.0258","Инструмент для укладки плитки>Алмазные коронки для плитки>Алмазные коронки по керамограниту (вакуумная пайка),Алмазная оснастка>Алмазные коронки для плитки",0258,872.73,"https://dlt.by/image/catalog/image/catalog/tovar/koronka/14_15_16/15_new/1.jpg,https://dlt.by/image/catalog/tovar/koronka/14_15_16/15_new/2.jpg,https://dlt.by/image/catalog/tovar/koronka/14_15_16/15_new/3.jpg,https://dlt.by/image/catalog/tovar/koronka/14_15_16/15_new/5.jpg,https://dlt.by/image/catalog/tovar/koronka/14_15_16/15_new/7.jpg,https://dlt.by/image/catalog/tovar/koronka/14_15_16/15_new/7-1.jpg,https://dlt.by/image/catalog/tovar/koronka/14_15_16/15_new/8.jpg,https://dlt.by/image/catalog/tovar/koronka/14_15_16/15_new/8-1.jpg,https://dlt.by/image/catalog/tovar/koronka/14_15_16/15_new/9.jpg,https://dlt.by/image/catalog/tovar/koronka/14_15_16/15_new/9-1.jpg,https://dlt.by/image/catalog/tovar/koronka/14_15_16/15_new/10.jpg,https://dlt.by/image/catalog/tovar/koronka/14_15_16/15_new/10-1.jpg,https://dlt.by/image/catalog/tovar/koronka/14_15_16/15_new/11.jpg,https://dlt.by/image/catalog/tovar/koronka/14_15_16/15_new/12.jpg,,,,,,,,,,,,,,,,,,,,,,,,,,,,,,,,"
"Адаптер для наклона лазерного уровня, арт.0779",Аксессуары к нивелирам,0779,306.96,"https://dlt.by/image/catalog/image/catalog/tovar/adapter/1.jpg,https://dlt.by/image/catalog/tovar/adapter/2.jpg,https://dlt.by/image/catalog/tovar/adapter/3.jpg,https://dlt.by/image/catalog/tovar/adapter/4.jpg,https://dlt.by/image/catalog/tovar/adapter/5.jpg,https://dlt.by/image/catalog/tovar/adapter/7.jpg,,,,,,,,,,,,,,,,,,,,,,,,,,,,,,,,,,,,,,,,"
"Плиткорез DLT PROLINE, рез до 1200мм, арт.0611","Инструмент для укладки плитки>Плиткорезы ручные>Плиткорезы DLT,Плиткорезы ручные>Плиткорезы DLT",0611,19 711.72,"https://dlt.by/image/catalog/easyphoto/74/plitkorez-dlt-proline-rez-do-1200mm-2.jpg,https://dlt.by/image/catalog/easyphoto/74/plitkorez-dlt-proline-rez-do-1200mm-5.jpg,https://dlt.by/image/catalog/easyphoto/74/plitkorez-dlt-proline-rez-do-1200mm-3.jpg,https://dlt.by/image/catalog/easyphoto/74/plitkorez-dlt-proline-rez-do-1200mm-4.jpg,https://dlt.by/image/catalog/easyphoto/74/plitkorez-dlt-proline-rez-do-1200mm-6.jpg,https://dlt.by/image/catalog/easyphoto/74/plitkorez-dlt-proline-rez-do-1200mm-7.jpg,https://dlt.by/image/catalog/easyphoto/74/plitkorez-dlt-proline-rez-do-1200mm-8.jpg,https://dlt.by/image/catalog/easyphoto/74/plitkorez-dlt-proline-rez-do-1200mm-9.jpg,https://dlt.by/image/catalog/easyphoto/74/plitkorez-dlt-proline-rez-do-1200mm-10.jpg,https://dlt.by/image/catalog/easyphoto/74/plitkorez-dlt-proline-rez-do-1200mm-11.jpg,https://dlt.by/image/catalog/easyphoto/74/plitkorez-dlt-proline-rez-do-1200mm-12.jpg,https://dlt.by/image/catalog/easyphoto/74/plitkorez-dlt-proline-rez-do-1200mm-13.jpg,https://dlt.by/image/catalog/easyphoto/74/plitkorez-dlt-proline-rez-do-1200mm-14.jpg,https://dlt.by/image/catalog/easyphoto/74/plitkorez-dlt-proline-rez-do-1200mm-15.jpg,https://dlt.by/image/catalog/easyphoto/74/plitkorez-dlt-proline-rez-do-1200mm-16.jpg,https://dlt.by/image/catalog/easyphoto/74/plitkorez-dlt-proline-rez-do-1200mm-17.jpg,,,,,,,,,,,,,,,,,,,,,,,,,,,,,,"
"Распорная штанга DLT H400 для лазерного уровня (нивелира) до 4 м, арт.0200",Аксессуары к нивелирам,0200,3 761.78,"https://dlt.by/image/catalog/easyphoto/75/raspornaya-shtanga-dlya-lazernogo-urovnya-nivelira-dlt-h400-1.jpg,https://dlt.by/image/catalog/easyphoto/75/raspornaya-shtanga-dlya-lazernogo-urovnya-nivelira-dlt-h400-3.jpg,https://dlt.by/image/catalog/tovar/shtanga4m_red/new/3-1.jpg,https://dlt.by/image/catalog/easyphoto/75/raspornaya-shtanga-dlya-lazernogo-urovnya-nivelira-dlt-h400-2.jpg,https://dlt.by/image/catalog/tovar/shtanga4m_red/new/4.jpg,https://dlt.by/image/catalog/tovar/shtanga4m_red/new/5.jpg,https://dlt.by/image/catalog/tovar/shtanga4m_red/new/6.jpg,https://dlt.by/image/catalog/tovar/shtanga4m_red/new/7.jpg,https://dlt.by/image/catalog/tovar/shtanga4m_red/new/8.jpg,https://dlt.by/image/catalog/tovar/shtanga4m_red/new/9.jpg,https://dlt.by/image/catalog/tovar/shtanga4m_red/10r.jpg,,,,,,,,,,,,,,,,,,,,,,,,,,,,,,,,,,,"
"Штатив DLT H150 для лазерного уровня (нивелира) до 1,5м, арт.0204",Аксессуары к нивелирам,0204,1 354.24,"https://dlt.by/image/catalog/tovar/shtatif/h150/1.jpg,https://dlt.by/image/catalog/tovar/shtatif/h150/2.jpg,https://dlt.by/image/catalog/tovar/shtatif/h150/3.jpg,https://dlt.by/image/catalog/tovar/shtatif/h150/4.jpg,https://dlt.by/image/catalog/tovar/shtatif/h150/5.jpg,https://dlt.by/image/catalog/tovar/shtatif/h150/6.jpg,https://dlt.by/image/catalog/tovar/shtatif/h150/7.jpg,https://dlt.by/image/catalog/tovar/shtatif/h150/8.jpg,https://dlt.by/image/catalog/tovar/shtatif/h150/9.jpg,https://dlt.by/image/catalog/tovar/shtatif/h150/10.jpg,https://dlt.by/image/catalog/tovar/shtatif/h150/11.jpg,,,,,,,,,,,,,,,,,,,,,,,,,,,,,,,,,,,"
"Адаптер - переходник для лазерного уровня Fukuda MW-94D-4GX, арт.1414",Аксессуары к нивелирам,1414,306.96,"https://dlt.by/image/catalog/image/catalog/tovar/adapterdlyfukuda4gx/imja-fotosessii-035.jpg,https://dlt.by/image/catalog/tovar/adapterdlyfukuda4gx/imja-fotosessii-036.jpg,https://dlt.by/image/catalog/tovar/adapterdlyfukuda4gx/imja-fotosessii-037.jpg,,,,,,,,,,,,,,,,,,,,,,,,,,,,,,,,,,,,,,,,,,,"
"Штатив для лазерного уровня (нивелира) , арт.BOSCH BT 250",Аксессуары к нивелирам,BOSCH BT 250,11 074.68,"https://dlt.by/image/catalog/image/catalog/tovar/bt250/norm.jpg,https://dlt.by/image/catalog/tovar/bt250/3165140772556(5)-800x800.jpg,,,,,,,,,,,,,,,,,,,,,,,,,,,,,,,,,,,,,,,,,,,,"
"Набор строительных карандашей BIHUI, 3шт, 180мм, арт.ТСМ3",Инструмент для укладки плитки>Строительные маркеры и карандаши,TCM3,138.43,"https://dlt.by/image/catalog/easyphoto/1492/nabor-stroitelnyh-karandashey-bihui-3sht-180mm-art-tsm3-1.jpg,https://dlt.by/image/catalog/easyphoto/1492/nabor-stroitelnyh-karandashey-bihui-3sht-180mm-art-tsm3-2.jpg,https://dlt.by/image/catalog/easyphoto/1492/nabor-stroitelnyh-karandashey-bihui-3sht-180mm-art-tsm3-3.jpg,,,,,,,,,,,,,,,,,,,,,,,,,,,,,,,,,,,,,,,,,,,"
"Лазерный уровень (нивелир)  Huepar FL360G, арт.0221",Лазерные нивелиры (лазерные уровни)>1D,221,8 727.33,"https://dlt.by/image/catalog/image/catalog/tovar/fl360g_red/new/1.png,https://dlt.by/image/catalog/tovar/fl360g_red/new/1-0.png,https://dlt.by/image/catalog/tovar/fl360g_red/new/1-1.png,https://dlt.by/image/catalog/tovar/fl360g/gifki_1620972066.gif,https://dlt.by/image/catalog/tovar/fl360g_red/new/3.jpg,https://dlt.by/image/catalog/tovar/fl360g_red/new/4.jpg,https://dlt.by/image/catalog/tovar/fl360g_red/new/5.jpg,https://dlt.by/image/catalog/tovar/fl360g_red/new/6.jpg,https://dlt.by/image/catalog/tovar/fl360g_red/new/7.jpg,https://dlt.by/image/catalog/tovar/fl360g_red/new/8.jpg,https://dlt.by/image/catalog/tovar/fl360g_red/new/9.jpg,https://dlt.by/image/catalog/tovar/fl360g_red/new/9-1.jpg,https://dlt.by/image/catalog/tovar/fl360g_red/new/9-2.jpg,https://dlt.by/image/catalog/tovar/fl360g_red/new/9-3.jpg,https://dlt.by/image/catalog/tovar/fl360g_red/new/10.jpg,https://dlt.by/image/catalog/tovar/fl360g_red/new/10-1.png,https://dlt.by/image/catalog/tovar/fl360g_red/new/10-2.png,https://dlt.by/image/catalog/tovar/fl360g_red/new/10-3.png,https://dlt.by/image/catalog/tovar/fl360g_red/new/10-4.png,https://dlt.by/image/catalog/tovar/fl360g_red/new/10-5.png,https://dlt.by/image/catalog/tovar/fl360g_red/new/11.jpg,https://dlt.by/image/catalog/tovar/fl360g_red/new/12.jpg,https://dlt.by/image/catalog/tovar/fl360g_red/new/13.jpg,https://dlt.by/image/catalog/tovar/fl360g_red/new/13.png,https://dlt.by/image/catalog/tovar/fl360g_red/new/15.jpg,https://dlt.by/image/catalog/tovar/fl360g_red/new/14.jpg,https://dlt.by/image/catalog/tovar/fl360g_red/new/16.jpg,https://dlt.by/image/catalog/tovar/fl360g_red/new/17.jpg,https://dlt.by/image/catalog/tovar/fl360g_red/new/18.jpg,https://dlt.by/image/catalog/tovar/fl360g_red/new/19.jpg,https://dlt.by/image/catalog/tovar/fl360g_red/new/20.jpg,,,,,,,,,,,,,,,"
"Трегер для лазерного уровня (нивелира) DLT TR1 , арт.0171","Акции на строительный инструмент,Аксессуары к нивелирам",171,1 745.47,"https://dlt.by/image/catalog/tovar/treger_red/1.jpg,https://dlt.by/image/catalog/tovar/treger_red/2.jpg,https://dlt.by/image/catalog/tovar/treger_red/3.jpg,https://dlt.by/image/catalog/tovar/treger_red/4.jpg,https://dlt.by/image/catalog/tovar/treger_red/5.jpg,https://dlt.by/image/catalog/tovar/treger_red/6.jpg,https://dlt.by/image/catalog/tovar/treger_red/7.jpg,https://dlt.by/image/catalog/tovar/treger_red/8.jpg,https://dlt.by/image/catalog/tovar/treger_red/9.jpg,https://dlt.by/image/catalog/tovar/treger_red/10.jpg,https://dlt.by/image/catalog/tovar/treger_red/11.jpg,,,,,,,,,,,,,,,,,,,,,,,,,,,,,,,,,,,"
"Газовый баллон Toua для строительного монтажного пистолета, арт.1227",Монтажные пистолеты>Гвозди для монтажных пистолетов,1227,842.64,"https://dlt.by/image/catalog/image/catalog/tovar/gaz_balon/img_2568_1.jpg,https://dlt.by/image/catalog/easyphoto/235/gazovyy-ballon-toua-dlya-stroitelnogo-montazhnogo-pistoleta-2.jpg,https://dlt.by/image/catalog/easyphoto/235/gazovyy-ballon-toua-dlya-stroitelnogo-montazhnogo-pistoleta-3.jpg,,,,,,,,,,,,,,,,,,,,,,,,,,,,,,,,,,,,,,,,,,,"
"Ходули строительные STILTS (24-40), арт.0187",Ходули строительные,187,19 260.30,"https://dlt.by/image/catalog/image/catalog/tovar/stilts/new3/1.jpg,https://dlt.by/image/catalog/tovar/stilts/new3/2.jpg,https://dlt.by/image/catalog/tovar/stilts/new3/2-1.jpg,https://dlt.by/image/catalog/tovar/stilts/new3/3.jpg,https://dlt.by/image/catalog/tovar/stilts/new3/4.jpg,https://dlt.by/image/catalog/tovar/stilts/new3/5.jpg,https://dlt.by/image/catalog/tovar/stilts/new3/6.jpg,https://dlt.by/image/catalog/tovar/stilts/new3/7.jpg,https://dlt.by/image/catalog/tovar/stilts/new3/8.jpg,https://dlt.by/image/catalog/tovar/stilts/new3/9.jpg,https://dlt.by/image/catalog/tovar/stilts/new3/9-1.jpg,https://dlt.by/image/catalog/tovar/stilts/new3/10.jpg,https://dlt.by/image/catalog/tovar/stilts/new3/11.jpg,https://dlt.by/image/catalog/tovar/stilts/new3/12.jpg,https://dlt.by/image/catalog/tovar/stilts/new3/13.jpg,https://dlt.by/image/catalog/tovar/stilts/new3/14.jpg,https://dlt.by/image/catalog/tovar/stilts/new3/15.jpg,https://dlt.by/image/catalog/tovar/stilts/new3/16.jpg,https://dlt.by/image/catalog/tovar/stilts/new3/17.jpg,https://dlt.by/image/catalog/tovar/stilts/new3/18.jpg,https://dlt.by/image/catalog/tovar/stilts/new3/19.jpg,https://dlt.by/image/catalog/tovar/stilts/new3/20.jpg,https://dlt.by/image/catalog/tovar/stilts/new3/21.jpg,https://dlt.by/image/catalog/tovar/stilts/new3/22.jpg,https://dlt.by/image/catalog/tovar/stilts/new1/23.png,https://dlt.by/image/catalog/tovar/stilts/new1/24.jpg,https://dlt.by/image/catalog/tovar/stilts/new1/25.png,https://dlt.by/image/catalog/tovar/stilts/new1/26.jpg,https://dlt.by/image/catalog/tovar/stilts/new1/27.jpg,https://dlt.by/image/catalog/tovar/stilts/new1/27-1.jpg,https://dlt.by/image/catalog/tovar/stilts/new1/27-2.jpg,https://dlt.by/image/catalog/tovar/stilts/new1/28.jpg,https://dlt.by/image/catalog/tovar/stilts/new1/29.jpg,https://dlt.by/image/catalog/tovar/stilts/new1/30.png,,,,,,,,,,,,"
"Ходули строительные STILTS (18-30), арт.0186",Ходули строительные,186,18 357.48,"https://dlt.by/image/catalog/image/catalog/tovar/stilts/new2/1—kopija.jpg ,https://dlt.by/image/catalog/tovar/stilts/new2/2.jpg,https://dlt.by/image/catalog/tovar/stilts/new2/2-1.jpg,https://dlt.by/image/catalog/tovar/stilts/new2/3.jpg,https://dlt.by/image/catalog/tovar/stilts/new2/4.jpg,https://dlt.by/image/catalog/tovar/stilts/new2/5.jpg,https://dlt.by/image/catalog/tovar/stilts/new2/6.jpg,https://dlt.by/image/catalog/tovar/stilts/new2/7.jpg,https://dlt.by/image/catalog/tovar/stilts/new2/8.jpg,https://dlt.by/image/catalog/tovar/stilts/new2/9.jpg,https://dlt.by/image/catalog/tovar/stilts/new2/9-1.jpg,https://dlt.by/image/catalog/tovar/stilts/new2/10.jpg,https://dlt.by/image/catalog/tovar/stilts/new2/11.jpg,https://dlt.by/image/catalog/tovar/stilts/new2/12.jpg,https://dlt.by/image/catalog/tovar/stilts/new2/13.jpg,https://dlt.by/image/catalog/tovar/stilts/new2/14.jpg,https://dlt.by/image/catalog/tovar/stilts/new2/15.jpg,https://dlt.by/image/catalog/tovar/stilts/new2/16.jpg,https://dlt.by/image/catalog/tovar/stilts/new2/17.jpg,https://dlt.by/image/catalog/tovar/stilts/new2/18.jpg,https://dlt.by/image/catalog/tovar/stilts/new2/19.jpg,https://dlt.by/image/catalog/tovar/stilts/new2/20.jpg,https://dlt.by/image/catalog/tovar/stilts/new2/21.jpg,https://dlt.by/image/catalog/tovar/stilts/new2/22.jpg,https://dlt.by/image/catalog/tovar/stilts/new1/23.png,https://dlt.by/image/catalog/tovar/stilts/new1/24.jpg,https://dlt.by/image/catalog/tovar/stilts/new1/25.png,https://dlt.by/image/catalog/tovar/stilts/new1/26.jpg,https://dlt.by/image/catalog/tovar/stilts/new1/27.jpg,https://dlt.by/image/catalog/tovar/stilts/new1/27-1.jpg,https://dlt.by/image/catalog/tovar/stilts/new1/27-2.jpg,https://dlt.by/image/catalog/tovar/stilts/new1/28.jpg,https://dlt.by/image/catalog/tovar/stilts/new1/29.jpg,https://dlt.by/image/catalog/tovar/stilts/new1/30.png,,,,,,,,,,,,"
"Распорная штанга DLT H280 для лазерного уровня (нивелира) до 2,8 м, арт.0199",Аксессуары к нивелирам,199,2 768.67,"https://dlt.by/image/catalog/easyphoto/165/raspornaya-shtanga-dlya-lazernogo-urovnya-nivelira-dlt-h280-3.jpg,https://dlt.by/image/catalog/easyphoto/165/raspornaya-shtanga-dlya-lazernogo-urovnya-nivelira-dlt-h280-2.jpg,https://dlt.by/image/catalog/tovar/shtanga280/new/1-1.jpg,https://dlt.by/image/catalog/tovar/shtanga280/new/2-2.jpg,https://dlt.by/image/catalog/easyphoto/165/raspornaya-shtanga-dlya-lazernogo-urovnya-nivelira-dlt-h280-1.jpg,https://dlt.by/image/catalog/tovar/shtanga280/new/5.jpg,https://dlt.by/image/catalog/tovar/shtanga280/new/6.jpg,https://dlt.by/image/catalog/tovar/shtanga280/new/7.jpg,https://dlt.by/image/catalog/tovar/shtanga280/new/8.jpg,https://dlt.by/image/catalog/tovar/shtanga280/new/9.jpg,https://dlt.by/image/catalog/tovar/shtanga4m_red/10r.jpg,,,,,,,,,,,,,,,,,,,,,,,,,,,,,,,,,,,"
"Аккумулятор (Li-ion) FIRECORE, Fukuda, Huepar 4000mAh, арт.0625",Аксессуары к нивелирам,625,1 715.37,"https://dlt.by/image/catalog/image/catalog/tovar/4000ak/1.jpg,https://dlt.by/image/catalog/tovar/4000ak/2.jpg,https://dlt.by/image/catalog/easyphoto/147/akkumulyator-li-ion-firecore-fukuda-huepar-4000mah-art-0625-1.jpg,https://dlt.by/image/catalog/tovar/4000ak/4.jpg,,,,,,,,,,,,,,,,,,,,,,,,,,,,,,,,,,,,,,,,,,"
"Ультражесткая шлифовальная тарелка DLT GrandFlex H-HT для шлифмашин, арт. 0527 (DLT H-HT)","Шлифовальные машины для стен, потолков и пола>Аксессуары шлифмашин",527,1 805.65,"https://dlt.by/image/catalog/image/catalog/tovar/tarelw/zhestkaya/1.jpg,https://dlt.by/image/catalog/easyphoto/122/ultrazhestkaya-shlifovalnaya-tarelka-dlya-shlifmashin-dlt-h-ht-2.jpg,https://dlt.by/image/catalog/tovar/tarelki2/dlth-ht.jpg,https://dlt.by/image/catalog/tovar/tarelw/zhestkaya/3.jpg,https://dlt.by/image/catalog/tovar/tarelw/zhestkaya/5.jpg,https://dlt.by/image/catalog/easyphoto/122/ultrazhestkaya-shlifovalnaya-tarelka-dlya-shlifmashin-dlt-h-ht-1.jpg,,,,,,,,,,,,,,,,,,,,,,,,,,,,,,,,,,,,,,,,"
"Мягкая шлифовальная тарелка для шлифмашин Жираф DLT HT, арт.0884","Шлифовальные машины для стен, потолков и пола>Аксессуары шлифмашин",884,1 504.71,"https://dlt.by/image/catalog/image/catalog/tovar/tarelw/mygkaya/1.jpg,https://dlt.by/image/catalog/tovar/tarelki2/dltht.jpg,https://dlt.by/image/catalog/tovar/tarelw/mygkaya/2.jpg,https://dlt.by/image/catalog/tovar/tarelw/mygkaya/3.jpg,https://dlt.by/image/catalog/tovar/tarelw/mygkaya/4.jpg,https://dlt.by/image/catalog/tovar/tarelw/mygkaya/5.jpg,,,,,,,,,,,,,,,,,,,,,,,,,,,,,,,,,,,,,,,,"
"3D Лазерный уровень DLT EK-212 PRO, арт.0174",Лазерные нивелиры (лазерные уровни)>3D,174,8 727.33,"https://dlt.by/image/catalog/tovar/ek-212pro/s_akb/dltek-212prosli-ionivodnym.jpg,https://dlt.by/image/catalog/tovar/ek-212pr/1.jpg,https://dlt.by/image/catalog/tovar/ek-212pr/2.png,https://dlt.by/image/catalog/tovar/ek-212pr/2-2.png,https://dlt.by/image/catalog/tovar/ek-212/ek-212gif.gif,https://dlt.by/image/catalog/tovar/ek-212pr/6.jpg,https://dlt.by/image/catalog/tovar/ek-212pr/7.jpg,https://dlt.by/image/catalog/tovar/ek-212pr/8.jpg,https://dlt.by/image/catalog/tovar/ek-212pr/9.jpg,https://dlt.by/image/catalog/tovar/ek-212pr/10.jpg,https://dlt.by/image/catalog/tovar/ek-212pr/11.jpg,https://dlt.by/image/catalog/tovar/ek-212pr/12.jpg,https://dlt.by/image/catalog/tovar/ek-212pr/13.jpg,https://dlt.by/image/catalog/tovar/ek-212pr/14.jpg,https://dlt.by/image/catalog/tovar/ek-212pr/15.jpg,https://dlt.by/image/catalog/tovar/ek-212pr/15-0.png,https://dlt.by/image/catalog/tovar/ek-212pr/15-01.png,https://dlt.by/image/catalog/tovar/ek-212pr/15-1.png,https://dlt.by/image/catalog/tovar/ek-212pr/15-2.png,https://dlt.by/image/catalog/tovar/ek-212pr/16.png,https://dlt.by/image/catalog/tovar/ek-212pr/17.png,https://dlt.by/image/catalog/tovar/ek-212pr/18.png,https://dlt.by/image/catalog/tovar/ek-212pr/19.png,https://dlt.by/image/catalog/tovar/ek-212pr/20.png,https://dlt.by/image/catalog/tovar/ek-212pr/20-1.png,https://dlt.by/image/catalog/tovar/ek-212pr/20-2.png,https://dlt.by/image/catalog/tovar/ek-212pr/20-3.png,https://dlt.by/image/catalog/tovar/ek-212pr/21.jpg,https://dlt.by/image/catalog/tovar/ek-212pr/22.png,https://dlt.by/image/catalog/tovar/ek-212pr/24.png,https://dlt.by/image/catalog/tovar/ek-212pr/25.png,https://dlt.by/image/catalog/tovar/ek-212pr/26.png,https://dlt.by/image/catalog/tovar/ek-212pr/27.png,https://dlt.by/image/catalog/tovar/ek-212pr/2-0.png,,,,,,,,,,,,"
"Уровень строительный 60см, RUBI арт. 76930","Акции на строительный инструмент,Инструмент для укладки плитки>Уровни строительные",76930,2 196.88,"https://dlt.by/image/catalog/easyphoto/179/uroven-stroitelnyy-60sm-rubi-art-76930-3.jpg,https://dlt.by/image/catalog/easyphoto/179/uroven-stroitelnyy-60sm-rubi-art-76930-4.jpg,https://dlt.by/image/catalog/easyphoto/179/uroven-stroitelnyy-60sm-rubi-art-76930-5.jpg,https://dlt.by/image/catalog/easyphoto/179/uroven-stroitelnyy-60sm-rubi-art-76930-6.jpg,https://dlt.by/image/catalog/easyphoto/179/uroven-stroitelnyy-60sm-rubi-art-76930-7.jpg,,,,,,,,,,,,,,,,,,,,,,,,,,,,,,,,,,,,,,,,,"
"Аккумулятор (Li-ion) FIRECORE, Fukuda, Huepar 2600mAh, арт.0624",Аксессуары к нивелирам,624,1 715.37,"https://dlt.by/image/catalog/image/catalog/tovar/2600mah/new/1.jpg,https://dlt.by/image/catalog/tovar/2600mah/new/2.jpg,https://dlt.by/image/catalog/tovar/2600mah/new/3.jpg,,,,,,,,,,,,,,,,,,,,,,,,,,,,,,,,,,,,,,,,,,,"
"Окошко защитное для лазерного уровня HUEPAR (GW01H-902), арт.1123",Аксессуары к нивелирам,1123,1 504.71,"https://dlt.by/image/catalog/tovar/okoshko/gw01h-902/1.jpg,https://dlt.by/image/catalog/tovar/okoshko/gw01h-902/2.jpg,,,,,,,,,,,,,,,,,,,,,,,,,,,,,,,,,,,,,,,,,,,,"
"Мишень магнитная DLT ТG2 для лазерного нивелира , арт.0112",Аксессуары к нивелирам,112,391.22,"https://dlt.by/image/catalog/tovar/mishent1/new/1-2.jpg,https://dlt.by/image/catalog/tovar/mishent1/new/2.jpg,https://dlt.by/image/catalog/tovar/mishent1/new/3.jpg,https://dlt.by/image/catalog/tovar/mishent1/new/3-1.jpg,https://dlt.by/image/catalog/tovar/mishent1/new/4.jpg,https://dlt.by/image/catalog/tovar/mishent1/new/5.jpg,https://dlt.by/image/catalog/tovar/mishent1/new/6.jpg,https://dlt.by/image/catalog/tovar/mishent1/new/7.jpg,https://dlt.by/image/catalog/tovar/mishent1/new/8.jpg,,,,,,,,,,,,,,,,,,,,,,,,,,,,,,,,,,,,,"
"Набор алмазных коронок №22, арт.1122","Инструмент для укладки плитки>Алмазные коронки для плитки>Наборы алмазных коронок,Алмазная оснастка>Алмазные коронки для плитки>Наборы алмазных коронок",1122,12 459.01,"https://dlt.by/image/catalog/tovar/naboralmkoronok/nab22/nabor№22.jpg,https://dlt.by/image/catalog/tovar/naboralmkoronok/nabor21/2.jpg,https://dlt.by/image/catalog/tovar/naboralmkoronok/nabor21/3.jpg,https://dlt.by/image/catalog/tovar/naboralmkoronok/nabor21/4.jpg,https://dlt.by/image/catalog/tovar/naboralmkoronok/nabor21/5.jpg,https://dlt.by/image/catalog/tovar/naboralmkoronok/nab22/35-2.jpg,https://dlt.by/image/catalog/tovar/naboralmkoronok/nab22/50-2.jpg,,,,,,,,,,,,,,,,,,,,,,,,,,,,,,,,,,,,,,,"
"Мишень магнитная DLT TR2 для лазерного нивелира, арт.0113",Аксессуары к нивелирам,113,306.96,"https://dlt.by/image/catalog/tovar/mishent3/new/0.jpg,https://dlt.by/image/catalog/tovar/mishent3/new/0-1.jpg,https://dlt.by/image/catalog/tovar/mishent3/new/1.jpg,https://dlt.by/image/catalog/tovar/mishent3/new/2.jpg,https://dlt.by/image/catalog/tovar/mishent3/new/3.jpg,https://dlt.by/image/catalog/tovar/mishent3/new/4.jpg,https://dlt.by/image/catalog/tovar/mishent3/new/5.jpg,https://dlt.by/image/catalog/tovar/mishent3/new/6.jpg,https://dlt.by/image/catalog/tovar/mishent3/new/7.jpg,https://dlt.by/image/catalog/tovar/mishent3/new/8.jpg,https://dlt.by/image/catalog/tovar/mishent3/new/9.jpg,https://dlt.by/image/catalog/tovar/mishent3/new/10.jpg,https://dlt.by/image/catalog/tovar/mishent3/new/11.jpg,https://dlt.by/image/catalog/tovar/mishent3/new/12.jpg,https://dlt.by/image/catalog/tovar/mishent3/new/13.jpg,,,,,,,,,,,,,,,,,,,,,,,,,,,,,,,"
"Очки DLT Laser Glasses GREEN для лазерного нивелира, арт.0132",Аксессуары к нивелирам,132,451.41,"https://dlt.by/image/catalog/tovar/ochgreen/1-1.jpg,https://dlt.by/image/catalog/tovar/ochgreen/2.jpg,https://dlt.by/image/catalog/tovar/ochgreen/3.jpg,https://dlt.by/image/catalog/tovar/ochgreen/4.jpg,https://dlt.by/image/catalog/tovar/ochgreen/5.jpg,https://dlt.by/image/catalog/tovar/ochgreen/6.jpg,https://dlt.by/image/catalog/tovar/ochgreen/7.jpg,,,,,,,,,,,,,,,,,,,,,,,,,,,,,,,,,,,,,,,"
"Очки DLT Laser Glasses RED для лазерного нивелира, арт.0133",Аксессуары к нивелирам,133,601.88,"https://dlt.by/image/catalog/tovar/ochred/2r.jpg,https://dlt.by/image/catalog/tovar/ochred/3r.jpg,https://dlt.by/image/catalog/tovar/ochred/4r.jpg,https://dlt.by/image/catalog/tovar/ochred/5r.jpg,https://dlt.by/image/catalog/tovar/ochred/6r.jpg,https://dlt.by/image/catalog/tovar/ochred/8r.jpg,https://dlt.by/image/catalog/tovar/ochred/9r.jpg,https://dlt.by/image/catalog/tovar/ochred/10r.jpg,,,,,,,,,,,,,,,,,,,,,,,,,,,,,,,,,,,,,,"
"Штатив DLT HT155 для лазерного уровня (нивелира) до 1,55м, арт.0377",Аксессуары к нивелирам,377,2 558.01,"https://dlt.by/image/catalog/tovar/ht155/studio-session-064-.jpg,https://dlt.by/image/catalog/tovar/ht155/studio-session-095-.jpg,https://dlt.by/image/catalog/tovar/ht155/studio-session-066-.jpg,https://dlt.by/image/catalog/tovar/ht155/studio-session-068-.jpg,https://dlt.by/image/catalog/tovar/ht155/studio-session-074-.jpg,https://dlt.by/image/catalog/tovar/ht155/studio-session-076-.jpg,https://dlt.by/image/catalog/tovar/ht155/studio-session-080-.jpg,https://dlt.by/image/catalog/tovar/ht155/studio-session-082-.jpg,https://dlt.by/image/catalog/tovar/ht155/studio-session-093-.jpg,https://dlt.by/image/catalog/tovar/ht155/studio-session-088-.jpg,https://dlt.by/image/catalog/tovar/ht155/studio-session-087-.jpg,https://dlt.by/image/catalog/tovar/ht155/studio-session-089-.jpg,,,,,,,,,,,,,,,,,,,,,,,,,,,,,,,,,,"
"4D Нивелир лазерный DLT MW-94D PRO, арт.0184",Лазерные нивелиры (лазерные уровни)>3D,184,9 329.21,"https://dlt.by/image/catalog/tovar/dltmw-94dpro/mw-94dprosli-ionivodnym.jpg,https://dlt.by/image/catalog/tovar/mw-94dpronew/0-1.jpg,https://dlt.by/image/catalog/tovar/mw-94dpronew/1.png,https://dlt.by/image/catalog/tovar/dltmw-94d_standart/mw-94d.gif,https://dlt.by/image/catalog/tovar/mw-94dpronew/3.png,https://dlt.by/image/catalog/tovar/mw-94dpronew/5.jpg,https://dlt.by/image/catalog/tovar/mw-94dpronew/6.jpg,https://dlt.by/image/catalog/tovar/mw-94dpronew/7.jpg,https://dlt.by/image/catalog/tovar/mw-94dpronew/8.jpg,https://dlt.by/image/catalog/tovar/mw-94dpronew/9.jpg,https://dlt.by/image/catalog/tovar/mw-94dpronew/10.jpg,https://dlt.by/image/catalog/tovar/mw-94dpronew/11.jpg,https://dlt.by/image/catalog/tovar/mw-94dpronew/12.jpg,https://dlt.by/image/catalog/tovar/mw-94dpronew/13.jpg,https://dlt.by/image/catalog/tovar/mw-94dpronew/14.jpg,https://dlt.by/image/catalog/tovar/mw-94dpronew/15.jpg,https://dlt.by/image/catalog/tovar/mw-94dpronew/16.jpg,https://dlt.by/image/catalog/tovar/mw-94dpronew/17.jpg,https://dlt.by/image/catalog/tovar/mw-94dpronew/18.png,https://dlt.by/image/catalog/tovar/mw-94dpronew/19.png,https://dlt.by/image/catalog/tovar/mw-94dpronew/20.png,https://dlt.by/image/catalog/tovar/mw-94dpronew/20-1.png,https://dlt.by/image/catalog/tovar/mw-94dpronew/20-2.png,https://dlt.by/image/catalog/tovar/mw-94dpronew/20-3.png,https://dlt.by/image/catalog/tovar/mw-94dpronew/21.jpg,https://dlt.by/image/catalog/tovar/mw-94dpronew/22.png,https://dlt.by/image/catalog/tovar/mw-94dpronew/23.png,https://dlt.by/image/catalog/tovar/mw-94dpronew/24.png,https://dlt.by/image/catalog/tovar/mw-94dpronew/25.png,https://dlt.by/image/catalog/tovar/mw-94dpronew/30.png,https://dlt.by/image/catalog/tovar/mw-94dpronew/4.png,https://dlt.by/image/catalog/tovar/mw-94dpronew/2.png,,,,,,,,,,,,,,"
"Тепловизор Hti HT-04D (160×120), арт.HT-04D",Бренды,HT-04D,38 069.20,"https://dlt.by/image/catalog/tovar/teploviser_ht-04d/osnov/1.jpg,https://dlt.by/image/catalog/tovar/teploviser_ht-04d/osnov/2.jpg,https://dlt.by/image/catalog/tovar/teploviser_ht-04d/osnov/3.jpg,https://dlt.by/image/catalog/tovar/teploviser_ht-04d/osnov/4.jpg,https://dlt.by/image/catalog/tovar/teploviser_ht-04d/osnov/5.jpg,https://dlt.by/image/catalog/tovar/teploviser_ht-04d/osnov/6.jpg,https://dlt.by/image/catalog/tovar/teploviser_ht-04d/osnov/7.jpg,https://dlt.by/image/catalog/tovar/teploviser_ht-04d/osnov/7-1.jpg,https://dlt.by/image/catalog/tovar/teploviser_ht-04d/osnov/8.jpg,https://dlt.by/image/catalog/tovar/teploviser_ht-04d/osnov/9.jpg,https://dlt.by/image/catalog/tovar/teploviser_ht-04d/osnov/10.jpg,https://dlt.by/image/catalog/tovar/teploviser_ht-04d/osnov/11.jpg,https://dlt.by/image/catalog/tovar/teploviser_ht-04d/osnov/17.jpg,https://dlt.by/image/catalog/tovar/teploviser_ht-04d/osnov/18.jpg,https://dlt.by/image/catalog/tovar/teploviser_ht-04d/osnov/18-1.jpg,https://dlt.by/image/catalog/tovar/teploviser_ht-04d/osnov/19.jpg,https://dlt.by/image/catalog/tovar/teploviser_ht-04d/osnov/20.jpg,https://dlt.by/image/catalog/tovar/teploviser_ht-04d/osnov/21.jpg,https://dlt.by/image/catalog/tovar/teploviser_ht-04d/osnov/22.jpg,https://dlt.by/image/catalog/tovar/teploviser_ht-04d/osnov/23.png,https://dlt.by/image/catalog/tovar/teploviser_ht-04d/osnov/24.png,https://dlt.by/image/catalog/tovar/teploviser_ht-04d/osnov/25.png,https://dlt.by/image/catalog/tovar/teploviser_ht-04d/osnov/26.jpg,https://dlt.by/image/catalog/tovar/teploviser_ht-04d/osnov/27.jpg,https://dlt.by/image/catalog/tovar/teploviser_ht-04d/osnov/28.jpg,https://dlt.by/image/catalog/tovar/teploviser_ht-04d/osnov/29.jpg,https://dlt.by/image/catalog/tovar/teploviser_ht-04d/osnov/30.jpg,https://dlt.by/image/catalog/tovar/teploviser_ht-04d/osnov/31.jpg,https://dlt.by/image/catalog/tovar/teploviser_ht-04d/osnov/32.jpg,https://dlt.by/image/catalog/tovar/teploviser_ht-04d/osnov/33.jpg,https://dlt.by/image/catalog/tovar/teploviser_ht-04d/osnov/34.jpg,https://dlt.by/image/catalog/tovar/teploviser_ht-18/primenenie/1.jpg,https://dlt.by/image/catalog/tovar/teploviser_ht-18/primenenie/2.jpg,https://dlt.by/image/catalog/tovar/teploviser_ht-18/primenenie/3.jpg,https://dlt.by/image/catalog/tovar/teploviser_ht-18/primenenie/4.jpg,https://dlt.by/image/catalog/tovar/teploviser_ht-18/primenenie/5.jpg,https://dlt.by/image/catalog/tovar/teploviser_ht-18/primenenie/6.jpg,https://dlt.by/image/catalog/tovar/teploviser_ht-18/primenenie/7.jpg,https://dlt.by/image/catalog/tovar/teploviser_ht-18/primenenie/7-1.jpg,https://dlt.by/image/catalog/tovar/teploviser_ht-18/primenenie/8.jpg,https://dlt.by/image/catalog/tovar/teploviser_ht-18/primenenie/9.jpg,https://dlt.by/image/catalog/tovar/teploviser_ht-18/primenenie/10.jpg,https://dlt.by/image/catalog/tovar/teploviser_ht-18/primenenie/11.jpg,https://dlt.by/image/catalog/tovar/teploviser_ht-18/primenenie/11-1.jpg,https://dlt.by/image/catalog/tovar/teploviser_ht-18/primenenie/11-2.jpg,https://dlt.by/image/catalog/tovar/teploviser_ht-18/primenenie/11-11.jpg"
"Тепловизор Hti HT-18 (220×160), арт.HT-18",Бренды,HT-18,44 298.70,"https://dlt.by/image/catalog/image/catalog/tovar/hit/htiht-18.jpg,https://dlt.by/image/catalog/tovar/teploviser_ht-18/osnovn1/1.jpg,https://dlt.by/image/catalog/tovar/teploviser_ht-18/osnovn1/2.jpg,https://dlt.by/image/catalog/tovar/teploviser_ht-18/osnovn1/3.jpg,https://dlt.by/image/catalog/tovar/teploviser_ht-18/osnovn1/4.jpg,https://dlt.by/image/catalog/tovar/teploviser_ht-18/osnovn1/5.jpg,https://dlt.by/image/catalog/tovar/teploviser_ht-18/osnovn1/6.jpg,https://dlt.by/image/catalog/tovar/teploviser_ht-18/osnovn1/7.jpg,https://dlt.by/image/catalog/tovar/teploviser_ht-18/osnovn1/8.jpg,https://dlt.by/image/catalog/tovar/teploviser_ht-18/osnovn1/8-1.jpg,https://dlt.by/image/catalog/tovar/teploviser_ht-18/osnovn1/9.jpg,https://dlt.by/image/catalog/tovar/teploviser_ht-18/osnovn1/10.jpg,https://dlt.by/image/catalog/tovar/teploviser_ht-18/osnovn1/10-1.jpg,https://dlt.by/image/catalog/tovar/teploviser_ht-18/osnovn1/11.jpg,https://dlt.by/image/catalog/tovar/teploviser_ht-18/osnovn1/12.jpg,https://dlt.by/image/catalog/tovar/teploviser_ht-18/osnovn1/13.jpg,https://dlt.by/image/catalog/tovar/teploviser_ht-18/osnovn1/14.jpg,https://dlt.by/image/catalog/tovar/teploviser_ht-18/osnovn1/15.jpg,https://dlt.by/image/catalog/tovar/teploviser_ht-18/osnovn1/16.jpg,https://dlt.by/image/catalog/tovar/teploviser_ht-18/osnovn1/17.jpg,https://dlt.by/image/catalog/tovar/teploviser_ht-18/osnovn1/18.jpg,https://dlt.by/image/catalog/tovar/teploviser_ht-18/osnovn1/19.jpg,https://dlt.by/image/catalog/tovar/teploviser_ht-18/osnovn1/20.jpg,https://dlt.by/image/catalog/tovar/teploviser_ht-18/osnovn1/21.jpg,https://dlt.by/image/catalog/tovar/teploviser_ht-18/osnovn1/22.jpg,https://dlt.by/image/catalog/tovar/teploviser_ht-18/osnovn1/23.jpg,https://dlt.by/image/catalog/tovar/teploviser_ht-18/osnovn1/24.jpg,https://dlt.by/image/catalog/tovar/teploviser_ht-18/osnovn1/25.jpg,https://dlt.by/image/catalog/tovar/teploviser_ht-18/osnovn1/26.jpg,https://dlt.by/image/catalog/tovar/teploviser_ht-18/osnovn1/27.jpg,https://dlt.by/image/catalog/tovar/teploviser_ht-18/osnovn1/28.jpg,https://dlt.by/image/catalog/tovar/teploviser_ht-18/osnovn1/29.jpg,https://dlt.by/image/catalog/tovar/teploviser_ht-18/osnovn1/30.jpg,https://dlt.by/image/catalog/tovar/teploviser_ht-18/osnovn1/31.jpg,https://dlt.by/image/catalog/tovar/teploviser_ht-18/osnovn1/32.jpg,https://dlt.by/image/catalog/tovar/teploviser_ht-18/osnovn1/33.jpg,https://dlt.by/image/catalog/tovar/teploviser_ht-18/osnovn1/34.jpg,https://dlt.by/image/catalog/tovar/teploviser_ht-18/osnovn1/35.jpg,https://dlt.by/image/catalog/tovar/teploviser_ht-18/osnovn1/36.jpg,https://dlt.by/image/catalog/tovar/teploviser_ht-18/osnovn1/37.jpg,https://dlt.by/image/catalog/tovar/teploviser_ht-18/fotosteplovisota2/15738870649c9ed066ace4238ebe883b6bdd53a6b8.png,https://dlt.by/image/catalog/tovar/teploviser_ht-18/fotosteplovisota2/1573887064857add3293138a44afbf6086dbd1bc68.png,https://dlt.by/image/catalog/tovar/teploviser_ht-18/fotosteplovisota2/157388690872472b7172e04d2c4bead0d6150c4ded.png,https://dlt.by/image/catalog/tovar/teploviser_ht-18/fotosteplovisota2/157388706445950326eb79b2ed33b3a4b0aa449895.png,https://dlt.by/image/catalog/tovar/teploviser_ht-18/fotosteplovisota2/u1feee2703a5c45709802cb0906950550g.png,https://dlt.by/image/catalog/tovar/teploviser_ht-18/fotosteplovisota2/u10a83f93c49247acb204e410a903b166l.png"
"Тепловизор Hti HT-A1 (220×160), арт.HT-A1",Бренды,HT-A1,43 275.50,"https://dlt.by/image/catalog/image/catalog/tovar/teploviser_ht-a1/1punkt/0.jpg,https://dlt.by/image/catalog/tovar/teploviser_ht-a1/1punkt/1-1.jpg,https://dlt.by/image/catalog/tovar/teploviser_ht-a1/1punkt/1-2.jpg,https://dlt.by/image/catalog/tovar/teploviser_ht-a1/1punkt/1-3.jpg,https://dlt.by/image/catalog/tovar/teploviser_ht-a1/1punkt/1-4.jpg,https://dlt.by/image/catalog/tovar/teploviser_ht-a1/1punkt/1-5.jpg,https://dlt.by/image/catalog/tovar/teploviser_ht-a1/1punkt/1-6.jpg,https://dlt.by/image/catalog/tovar/teploviser_ht-a1/1punkt/1-7.jpg,https://dlt.by/image/catalog/tovar/teploviser_ht-a1/1punkt/1-8.jpg,https://dlt.by/image/catalog/tovar/teploviser_ht-a1/1punkt/1-9.jpg,https://dlt.by/image/catalog/tovar/teploviser_ht-a1/1punkt/2.jpg,https://dlt.by/image/catalog/tovar/teploviser_ht-a1/1punkt/2-1.jpg,https://dlt.by/image/catalog/tovar/teploviser_ht-a1/1punkt/3.jpg,https://dlt.by/image/catalog/tovar/teploviser_ht-a1/1punkt/4.jpg,https://dlt.by/image/catalog/tovar/teploviser_ht-a1/1punkt/5.jpg,https://dlt.by/image/catalog/tovar/teploviser_ht-a1/1punkt/6.jpg,https://dlt.by/image/catalog/tovar/teploviser_ht-a1/1punkt/8.png,https://dlt.by/image/catalog/tovar/teploviser_ht-a1/1punkt/9.jpg,https://dlt.by/image/catalog/tovar/teploviser_ht-a1/1punkt/10.png,https://dlt.by/image/catalog/tovar/teploviser_ht-a1/1punkt/11.png,https://dlt.by/image/catalog/tovar/teploviser_ht-a1/1punkt/12.png,https://dlt.by/image/catalog/tovar/teploviser_ht-a1/1punkt/13.png,https://dlt.by/image/catalog/tovar/teploviser_ht-a1/1punkt/14.jpg,https://dlt.by/image/catalog/tovar/teploviser_ht-a1/2punkt/15738870649c9ed066ace4238ebe883b6bdd53a6b8.png,https://dlt.by/image/catalog/tovar/teploviser_ht-a1/2punkt/1573887064857add3293138a44afbf6086dbd1bc68.png,https://dlt.by/image/catalog/tovar/teploviser_ht-a1/2punkt/157388690872472b7172e04d2c4bead0d6150c4ded.png,https://dlt.by/image/catalog/tovar/teploviser_ht-a1/2punkt/157388706445950326eb79b2ed33b3a4b0aa449895.png,https://dlt.by/image/catalog/tovar/teploviser_ht-a1/2punkt/u1feee2703a5c45709802cb0906950550g.png,https://dlt.by/image/catalog/tovar/teploviser_ht-a1/2punkt/u10a83f93c49247acb204e410a903b166l.png,https://dlt.by/image/catalog/tovar/teploviser_ht-a1/2punkt/u53b36cfdd957425b87f01c823a1774a0y.png,https://dlt.by/image/catalog/tovar/teploviser_ht-a1/2punkt/u54c1ec7f89f346a8af28e12854788ef25.png,https://dlt.by/image/catalog/tovar/teploviser_ht-a1/2punkt/u066b562c00394a26a096c3a1388ea661e.png,https://dlt.by/image/catalog/tovar/teploviser_ht-a1/2punkt/u2020d818d58f420fbb219b79eaf66660z.png,https://dlt.by/image/catalog/tovar/teploviser_ht-a1/2punkt/u56167e4f911a407bb9a9a79c57a741999.png,https://dlt.by/image/catalog/tovar/teploviser_ht-a1/2punkt/u68068cee1e0a4d1189e492a5df989135f.png,https://dlt.by/image/catalog/tovar/teploviser_ht-a1/2punkt/uc6c30eb62fef493095e6ed9b1a0a1e5db.png,https://dlt.by/image/catalog/tovar/teploviser_ht-a1/2punkt/uc139e55b176c499eafe3e203edbfe122p.png,https://dlt.by/image/catalog/tovar/teploviser_ht-a1/2punkt/ucfd22fb6a74e4e1891b927742eb95053l.png,https://dlt.by/image/catalog/tovar/teploviser_ht-a1/2punkt/ud5cb604ca3c346e2805cecf033f33b0eq.png,https://dlt.by/image/catalog/tovar/teploviser_ht-a1/2punkt/ud80eba7d320a499d8ed24bc477e39c29d.png,https://dlt.by/image/catalog/tovar/teploviser_ht-a1/2punkt/udc92d606b41e4892bf38230ba59e5b19b.png,https://dlt.by/image/catalog/tovar/teploviser_ht-a1/2punkt/uf330bb59f74242c49cf2694b9e5a83174.png,https://dlt.by/image/catalog/tovar/teploviser_ht-a1/1.jpg,https://dlt.by/image/catalog/tovar/teploviser_ht-a1/2.jpg,https://dlt.by/image/catalog/tovar/teploviser_ht-a1/3.jpg,https://dlt.by/image/catalog/tovar/teploviser_ht-a1/4.jpg"
"Тепловизор Hti HT-A2 (320×240), арт.HT-A2",Бренды,HT-A2,57 118.84,"https://dlt.by/image/catalog/image/catalog/tovar/teploviser_ht-a2/1punkt/1.jpg,https://dlt.by/image/catalog/tovar/teploviser_ht-a2/1punkt/2.jpg,https://dlt.by/image/catalog/tovar/teploviser_ht-a2/1punkt/3.jpg,https://dlt.by/image/catalog/tovar/teploviser_ht-a2/1punkt/4.jpg,https://dlt.by/image/catalog/tovar/teploviser_ht-a2/1punkt/5.jpg,https://dlt.by/image/catalog/tovar/teploviser_ht-a2/1punkt/6.jpg,https://dlt.by/image/catalog/tovar/teploviser_ht-a2/1punkt/7.jpg,https://dlt.by/image/catalog/tovar/teploviser_ht-a2/1punkt/8.jpg,https://dlt.by/image/catalog/tovar/teploviser_ht-a2/1punkt/8-1.jpg,https://dlt.by/image/catalog/tovar/teploviser_ht-a2/1punkt/9.jpg,https://dlt.by/image/catalog/tovar/teploviser_ht-a2/1punkt/10.jpg,https://dlt.by/image/catalog/tovar/teploviser_ht-a2/1punkt/11.jpg,https://dlt.by/image/catalog/tovar/teploviser_ht-a2/1punkt/12.jpg,https://dlt.by/image/catalog/tovar/teploviser_ht-a2/1punkt/13.jpg,https://dlt.by/image/catalog/tovar/teploviser_ht-a2/1punkt/13-0.jpg,https://dlt.by/image/catalog/tovar/teploviser_ht-a2/1punkt/13-1.jpg,https://dlt.by/image/catalog/tovar/teploviser_ht-a2/1punkt/14.jpg,https://dlt.by/image/catalog/tovar/teploviser_ht-a2/1punkt/werwer.png,https://dlt.by/image/catalog/tovar/teploviser_ht-a2/1punkt/16.jpg,https://dlt.by/image/catalog/tovar/teploviser_ht-a2/1punkt/17.jpg,https://dlt.by/image/catalog/tovar/teploviser_ht-a2/1punkt/18.jpg,https://dlt.by/image/catalog/tovar/teploviser_ht-a2/1punkt/19.jpg,https://dlt.by/image/catalog/tovar/teploviser_ht-a2/1punkt/20.jpg,https://dlt.by/image/catalog/tovar/teploviser_ht-a2/2punkt/1lhcw.png,https://dlt.by/image/catalog/tovar/teploviser_ht-a2/2punkt/1zuhy.png,https://dlt.by/image/catalog/tovar/teploviser_ht-a2/2punkt/4qptw.png,https://dlt.by/image/catalog/tovar/teploviser_ht-a2/2punkt/8p3hv.png,https://dlt.by/image/catalog/tovar/teploviser_ht-a2/2punkt/14yo9.png,https://dlt.by/image/catalog/tovar/teploviser_ht-a2/2punkt/1573875002c19263c4f8c2d3c1c469331ac1acb100.png,https://dlt.by/image/catalog/tovar/teploviser_ht-a2/2punkt/15738750027204788be6a255a4656d16e3121d3edc.png,https://dlt.by/image/catalog/tovar/teploviser_ht-a2/2punkt/acvoz.png,https://dlt.by/image/catalog/tovar/teploviser_ht-a2/2punkt/b1ygj.png,https://dlt.by/image/catalog/tovar/teploviser_ht-a2/2punkt/bzpq6.png,https://dlt.by/image/catalog/tovar/teploviser_ht-a2/2punkt/dr98w.png,https://dlt.by/image/catalog/tovar/teploviser_ht-a2/2punkt/e0xql.png,https://dlt.by/image/catalog/tovar/teploviser_ht-a2/2punkt/g4xks.png,https://dlt.by/image/catalog/tovar/teploviser_ht-a2/2punkt/gr1rl.png,https://dlt.by/image/catalog/tovar/teploviser_ht-a2/2punkt/gtmia.png,https://dlt.by/image/catalog/tovar/teploviser_ht-a2/2punkt/h1zre.png,https://dlt.by/image/catalog/tovar/teploviser_ht-a2/2punkt/ig36t.png,https://dlt.by/image/catalog/tovar/teploviser_ht-a2/2punkt/jlldy.png,https://dlt.by/image/catalog/tovar/teploviser_ht-a2/2punkt/m1cfx.png,https://dlt.by/image/catalog/tovar/teploviser_ht-a2/2punkt/mqz9h.png,https://dlt.by/image/catalog/tovar/teploviser_ht-a2/2punkt/q90jr.png,https://dlt.by/image/catalog/tovar/teploviser_ht-a2/2punkt/qtc8g.png,https://dlt.by/image/catalog/tovar/teploviser_ht-a2/2punkt/rgnqu.png"
"Электрический плиткорез SHIJING 9232, рез до 1200мм (БЕЗ автоматики), арт.0761","Инструмент для укладки плитки>Плиткорезы электрические (камнерезы, мокрорезы)>Плиткорезы SHIJING,Плиткорезы электрические (камнерезы, мокрорезы)>Плиткорезы SHIJING",761,81 254.41,"https://dlt.by/image/catalog/image/catalog/tovar/shijing-dlina-reza/921200mm.png,https://dlt.by/image/catalog/tovar/shijing_novi_keys/studio-session-059.jpg,https://dlt.by/image/catalog/tovar/shijing9011/1-1.jpg,https://dlt.by/image/catalog/tovar/shijing9011/1-8.jpg,https://dlt.by/image/catalog/tovar/shijing9011/0-02-0a-c75e5129fb88f5cf7fcd357e56f5e0a9fb8461619e3f17837bd0cb43b7b26d47_a75ac6b59aad28e6.jpg,https://dlt.by/image/catalog/tovar/shijing9011/3.jpg,https://dlt.by/image/catalog/tovar/shijing9011/4.jpg,https://dlt.by/image/catalog/tovar/shijing9011/5.jpg,https://dlt.by/image/catalog/tovar/shijing9011/5-1.jpg,https://dlt.by/image/catalog/tovar/shijing9011/6.png,https://dlt.by/image/catalog/tovar/shijing9011/7.png,https://dlt.by/image/catalog/tovar/shijing9011/8.png,https://dlt.by/image/catalog/tovar/shijing9011/8-1.png,https://dlt.by/image/catalog/tovar/shijing9011/9.png,https://dlt.by/image/catalog/tovar/shijing9011/10.png,https://dlt.by/image/catalog/tovar/shijing9011/11.png,https://dlt.by/image/catalog/tovar/shijing9011/12.jpg,https://dlt.by/image/catalog/tovar/shijing9011/14.png,https://dlt.by/image/catalog/tovar/shijing9011/14-1.png,https://dlt.by/image/catalog/tovar/shijing9011/17.png,https://dlt.by/image/catalog/tovar/shijing9011/21.png,https://dlt.by/image/catalog/tovar/shijing9011/22.png,https://dlt.by/image/catalog/tovar/shijing9011/23.png,https://dlt.by/image/catalog/tovar/shijing9011/24.png,https://dlt.by/image/catalog/tovar/shijing9011/25.jpg,https://dlt.by/image/catalog/tovar/shijing9011/26.jpg,https://dlt.by/image/catalog/tovar/shijing9011/27.jpg,https://dlt.by/image/catalog/tovar/shijing9011/27-1.jpg,https://dlt.by/image/catalog/tovar/shijing_novi_keys/studio-session-051.jpg,https://dlt.by/image/catalog/tovar/shijing_novi_keys/studio-session-056.jpg,https://dlt.by/image/catalog/tovar/shijing9011/28.jpg,https://dlt.by/image/catalog/tovar/shijing9011/28-1.png,https://dlt.by/image/catalog/tovar/shijing9011/28-2.png,https://dlt.by/image/catalog/tovar/shijing9011/29.png,https://dlt.by/image/catalog/tovar/shijing9011/30.png,https://dlt.by/image/catalog/tovar/shijing9011/31.png,https://dlt.by/image/catalog/tovar/shijing9011/32.png,https://dlt.by/image/catalog/tovar/shijing9011/33.jpg,https://dlt.by/image/catalog/tovar/shijing9033/new_photo_06.10/new+/imja-fotosessii-005.jpg,https://dlt.by/image/catalog/tovar/shijing9033/new_photo_06.10/new+/imja-fotosessii-007.jpg,https://dlt.by/image/catalog/tovar/shijing9033/new_photo_06.10/new+/imja-fotosessii-008.jpg,https://dlt.by/image/catalog/tovar/shijing9011/35.png,,,,"
"Газовый гвоздезабивной монтажный пистолет Toua GSN F1, арт.0139",Монтажные пистолеты>Монтажные гвоздезабивные пистолеты,139,36 444.11,"https://dlt.by/image/catalog/image/catalog/tovar/gsnf1/new/1.jpg,https://dlt.by/image/catalog/easyphoto/191/gazovyy-gvozdezabivnoy-montazhnyy-pistolet-toua-gsn-f1-2.jpg,https://dlt.by/image/catalog/easyphoto/191/gazovyy-gvozdezabivnoy-montazhnyy-pistolet-toua-gsn-f1-1.jpg,https://dlt.by/image/catalog/tovar/gsnf1/new/4.jpg,https://dlt.by/image/catalog/tovar/gsnf1/new/5.jpg,https://dlt.by/image/catalog/tovar/gsnf1/new/6.jpg,https://dlt.by/image/catalog/tovar/gsnf1/new/7.jpg,https://dlt.by/image/catalog/tovar/gsnf1/new/8.jpg,https://dlt.by/image/catalog/tovar/gsnf1/new/8-1.jpg,https://dlt.by/image/catalog/tovar/gsnf1/new/9.jpg,https://dlt.by/image/catalog/tovar/gsnf1/new/10.jpg,https://dlt.by/image/catalog/tovar/gsnf1/new/11.jpg,https://dlt.by/image/catalog/tovar/gsnf1/new/12.jpg,https://dlt.by/image/catalog/tovar/gsnf1/new/20.jpg,https://dlt.by/image/catalog/tovar/gsnf1/new/21.jpg,https://dlt.by/image/catalog/tovar/gsnf1/new/22.jpg,https://dlt.by/image/catalog/tovar/gsnf1/new/23.jpg,https://dlt.by/image/catalog/tovar/gsnf1/new/24.jpg,https://dlt.by/image/catalog/tovar/gsnf1/new/25.jpg,https://dlt.by/image/catalog/tovar/gsnf1/new/26.jpg,https://dlt.by/image/catalog/tovar/gsnf1/new/27.jpg,https://dlt.by/image/catalog/tovar/gsnf1/new/28.jpg,https://dlt.by/image/catalog/tovar/gsnf1/new/29.jpg,https://dlt.by/image/catalog/tovar/gsnf1/14.jpg,https://dlt.by/image/catalog/tovar/gsnf1/new/31.jpg,https://dlt.by/image/catalog/tovar/gsnf1/new/32.jpg,,,,,,,,,,,,,,,,,,,,"
"Плиткорез механический DLT Optima-1000, (версия Plus), рез до 1000мм, арт.1131","Инструмент для укладки плитки>Плиткорезы ручные>Плиткорезы DLT,Плиткорезы ручные>Плиткорезы DLT",1131,14 746.17,"https://dlt.by/image/catalog/easyphoto/1653/plitkorez-mehanicheskiy-dlt-optima-plus-1000-rez-do-1000mm-1.jpg,https://dlt.by/image/catalog/easyphoto/1653/plitkorez-mehanicheskiy-dlt-optima-plus-1000-rez-do-1000mm-2.jpg,https://dlt.by/image/catalog/easyphoto/1653/plitkorez-mehanicheskiy-dlt-optima-plus-1000-rez-do-1000mm-3.jpg,https://dlt.by/image/catalog/easyphoto/1653/plitkorez-mehanicheskiy-dlt-optima-plus-1000-rez-do-1000mm-6.jpg,https://dlt.by/image/catalog/easyphoto/1653/plitkorez-mehanicheskiy-dlt-optima-plus-1000-rez-do-1000mm-4.jpg,https://dlt.by/image/catalog/easyphoto/1653/plitkorez-mehanicheskiy-dlt-optima-plus-1000-rez-do-1000mm-5.jpg,https://dlt.by/image/catalog/easyphoto/1653/plitkorez-mehanicheskiy-dlt-optima-plus-1000-rez-do-1000mm-7.jpg,https://dlt.by/image/catalog/easyphoto/1653/plitkorez-mehanicheskiy-dlt-optima-plus-1000-rez-do-1000mm-9.jpg,https://dlt.by/image/catalog/easyphoto/1653/plitkorez-mehanicheskiy-dlt-optima-plus-1000-rez-do-1000mm-8.jpg,https://dlt.by/image/catalog/easyphoto/1653/plitkorez-mehanicheskiy-dlt-optima-plus-1000-rez-do-1000mm-10.jpg,https://dlt.by/image/catalog/easyphoto/1653/plitkorez-mehanicheskiy-dlt-optima-plus-1000-rez-do-1000mm-12.jpg,https://dlt.by/image/catalog/easyphoto/1653/plitkorez-mehanicheskiy-dlt-optima-plus-1000-rez-do-1000mm-13.jpg,https://dlt.by/image/catalog/easyphoto/1653/plitkorez-mehanicheskiy-dlt-optima-plus-1000-rez-do-1000mm-14.jpg,https://dlt.by/image/catalog/easyphoto/1653/plitkorez-mehanicheskiy-dlt-optima-plus-1000-rez-do-1000mm-15.jpg,https://dlt.by/image/catalog/easyphoto/1653/plitkorez-mehanicheskiy-dlt-optima-plus-1000-rez-do-1000mm-16.jpg,,,,,,,,,,,,,,,,,,,,,,,,,,,,,,,"
"Гильотина для резки ламината DLT STRATICUT 230, арт.0920",Резаки для ламината,920,5 416.96,"https://dlt.by/image/catalog/image/catalog/tovar/dltstraticut230/r1.jpg,https://dlt.by/image/catalog/tovar/dltstraticut230/r2.jpg,https://dlt.by/image/catalog/tovar/dltstraticut230/r3.jpg,https://dlt.by/image/catalog/tovar/dltstraticut230/r4.jpg,https://dlt.by/image/catalog/tovar/dltstraticut230/r5.jpg,https://dlt.by/image/catalog/tovar/dltstraticut230/r6.jpg,https://dlt.by/image/catalog/tovar/dltstraticut230/r7.jpg,https://dlt.by/image/catalog/tovar/dltstraticut230/r8.jpg,https://dlt.by/image/catalog/tovar/dltstraticut230/r9.jpg,https://dlt.by/image/catalog/tovar/dltstraticut230/r10.jpg,https://dlt.by/image/catalog/tovar/dltstraticut230/r11.jpg,https://dlt.by/image/catalog/tovar/dltstraticut230/r12.jpg,https://dlt.by/image/catalog/tovar/dltstraticut230/r13.jpg,,,,,,,,,,,,,,,,,,,,,,,,,,,,,,,,,"
"Установка алмазного сверления (бурения) KEN 6130N, арт.0339",Установки алмазного сверления>KEN,339,32 501.76,"https://dlt.by/image/catalog/tovar/ken6130ndrel/1.jpg,https://dlt.by/image/catalog/tovar/ken6130ndrel/1-1.jpg,https://dlt.by/image/catalog/tovar/ken6130ndrel/2.jpg,https://dlt.by/image/catalog/tovar/ken6130ndrel/3.jpg,https://dlt.by/image/catalog/tovar/ken6130ndrel/4.jpg,https://dlt.by/image/catalog/tovar/ken6130ndrel/7.jpg,https://dlt.by/image/catalog/tovar/ken6130ndrel/8.jpg,https://dlt.by/image/catalog/tovar/ken6130ndrel/9.jpg,https://dlt.by/image/catalog/tovar/ken6130ndrel/10.jpg,https://dlt.by/image/catalog/tovar/ken6130ndrel/11.jpg,https://dlt.by/image/catalog/tovar/ken6130ndrel/12.jpg,https://dlt.by/image/catalog/tovar/ken6130ndrel/13.jpg,https://dlt.by/image/catalog/tovar/ken6130ndrel/14.jpg,https://dlt.by/image/catalog/tovar/ken6130ndrel/15.jpg,https://dlt.by/image/catalog/tovar/ken6130ndrel/16.jpg,https://dlt.by/image/catalog/tovar/ken6130ndrel/17.jpg,https://dlt.by/image/catalog/tovar/ken6130ndrel/18.jpg,https://dlt.by/image/catalog/tovar/ken6130ndrel/1.jpg,,,,,,,,,,,,,,,,,,,,,,,,,,,,"
"Наклонная стойка (станина) для установки алмазного сверления, арт.0323",Установки алмазного сверления,323,12 639.57,"https://dlt.by/image/catalog/tovar/stoyka/izmim.jpg,https://dlt.by/image/catalog/tovar/naklstoyka/2.jpg,https://dlt.by/image/catalog/tovar/naklstoyka/3.jpg,https://dlt.by/image/catalog/tovar/naklstoyka/4.jpg,https://dlt.by/image/catalog/tovar/naklstoyka/5.jpg,https://dlt.by/image/catalog/tovar/naklstoyka/6.jpg,https://dlt.by/image/catalog/tovar/naklstoyka/7.jpg,https://dlt.by/image/catalog/tovar/naklstoyka/8.jpg,https://dlt.by/image/catalog/tovar/naklstoyka/9.jpg,,,,,,,,,,,,,,,,,,,,,,,,,,,,,,,,,,,,,"
"Смеситель строительный DLT GrandFlex М62 (R6218), арт.0278","Акции на строительный инструмент,Миксер строительный, дрель-миксер",278,14 294.76,"https://dlt.by/image/catalog/easyphoto/351/smesitel-stroitelnyy-dlt-grandflex-m62-r6218-2.jpg,https://dlt.by/image/catalog/easyphoto/351/smesitel-stroitelnyy-dlt-grandflex-m62-r6218-3.jpg,https://dlt.by/image/catalog/easyphoto/351/smesitel-stroitelnyy-dlt-grandflex-m62-r6218-4.jpg,https://dlt.by/image/catalog/easyphoto/351/smesitel-stroitelnyy-dlt-grandflex-m62-r6218-5.jpg,https://dlt.by/image/catalog/easyphoto/351/smesitel-stroitelnyy-dlt-grandflex-m62-r6218-6.jpg,https://dlt.by/image/catalog/easyphoto/351/smesitel-stroitelnyy-dlt-grandflex-m62-r6218-7.jpg,https://dlt.by/image/catalog/easyphoto/351/smesitel-stroitelnyy-dlt-grandflex-m62-r6218-8.jpg,https://dlt.by/image/catalog/easyphoto/351/smesitel-stroitelnyy-dlt-grandflex-m62-r6218-9.jpg,https://dlt.by/image/catalog/easyphoto/351/smesitel-stroitelnyy-dlt-grandflex-m62-r6218-10.jpg,,,,,,,,,,,,,,,,,,,,,,,,,,,,,,,,,,,,,"
"Газовый гвоздезабивной монтажный пистолет Toua GSN F1+, арт.0145",Монтажные пистолеты>Монтажные гвоздезабивные пистолеты,145,38 460.42,"https://dlt.by/image/catalog/tovar/gsnf1+/korotkostvol/1.jpg,https://dlt.by/image/catalog/tovar/gsnf1+/korotkostvol/2.jpg,https://dlt.by/image/catalog/easyphoto/205/gazovyy-gvozdezabivnoy-montazhnyy-pistolet-toua-gsn-f1-2.jpg,https://dlt.by/image/catalog/easyphoto/205/gazovyy-gvozdezabivnoy-montazhnyy-pistolet-toua-gsn-f1-1.jpg,https://dlt.by/image/catalog/tovar/gsnf1+/new/5.jpg,https://dlt.by/image/catalog/tovar/gsnf1+/new/6.jpg,https://dlt.by/image/catalog/tovar/gsnf1+/new/7.jpg,https://dlt.by/image/catalog/tovar/gsnf1+/new/8.jpg,https://dlt.by/image/catalog/tovar/gsnf1+/new/9.jpg,https://dlt.by/image/catalog/tovar/gsnf1+/new/10.jpg,https://dlt.by/image/catalog/tovar/gsnf1+/new/11.jpg,https://dlt.by/image/catalog/tovar/gsnf1+/new/12.jpg,https://dlt.by/image/catalog/tovar/gsnf1+/new/13.jpg,https://dlt.by/image/catalog/tovar/gsnf1+/new/15.jpg,https://dlt.by/image/catalog/tovar/gsnf1/new/20.jpg,https://dlt.by/image/catalog/tovar/gsnf1/new/21.jpg,https://dlt.by/image/catalog/tovar/gsnf1/new/22.jpg,https://dlt.by/image/catalog/tovar/gsnf1/new/23.jpg,https://dlt.by/image/catalog/tovar/gsnf1/new/24.jpg,https://dlt.by/image/catalog/tovar/gsnf1/new/25.jpg,https://dlt.by/image/catalog/tovar/gsnf1/new/26.jpg,https://dlt.by/image/catalog/tovar/gsnf1/new/27.jpg,https://dlt.by/image/catalog/tovar/gsnf1/new/28.jpg,https://dlt.by/image/catalog/tovar/gsnf1/new/29.jpg,https://dlt.by/image/catalog/tovar/gsnf1/14.jpg,https://dlt.by/image/catalog/tovar/gsnf1/new/31.jpg,https://dlt.by/image/catalog/tovar/gsnf1/new/32.jpg,,,,,,,,,,,,,,,,,,,"
"Газовый гвоздезабивной монтажный пистолет Toua GSN50, арт.0137",Монтажные пистолеты>Монтажные гвоздезабивные пистолеты,137,36 474.20,"https://dlt.by/image/catalog/image/catalog/tovar/gsn50/new/1.jpg,https://dlt.by/image/catalog/easyphoto/206/gazovyy-gvozdezabivnoy-montazhnyy-pistolet-toua-gsn50-2.jpg,https://dlt.by/image/catalog/easyphoto/206/gazovyy-gvozdezabivnoy-montazhnyy-pistolet-toua-gsn50-3.jpg,https://dlt.by/image/catalog/tovar/gsn50/new/4.jpg,https://dlt.by/image/catalog/tovar/gsn50/new/5.jpg,https://dlt.by/image/catalog/tovar/gsn50/new/5-1.jpg,https://dlt.by/image/catalog/tovar/gsn50/new/6.jpg,https://dlt.by/image/catalog/tovar/gsn50/new/7.jpg,https://dlt.by/image/catalog/tovar/gsn50/new/8.jpg,https://dlt.by/image/catalog/tovar/gsn50/new/9.jpg,https://dlt.by/image/catalog/tovar/gsnf1/new/20.jpg,https://dlt.by/image/catalog/tovar/gsnf1/new/21.jpg,https://dlt.by/image/catalog/tovar/gsnf1/new/22.jpg,https://dlt.by/image/catalog/tovar/gsnf1/new/23.jpg,https://dlt.by/image/catalog/tovar/gsnf1/new/24.jpg,https://dlt.by/image/catalog/tovar/gsnf1/new/25.jpg,https://dlt.by/image/catalog/tovar/gsnf1/new/26.jpg,https://dlt.by/image/catalog/tovar/gsnf1/new/27.jpg,https://dlt.by/image/catalog/tovar/gsnf1/new/28.jpg,https://dlt.by/image/catalog/tovar/gsnf1/new/29.jpg,https://dlt.by/image/catalog/tovar/gsnf1/14.jpg,https://dlt.by/image/catalog/tovar/gsnf1/new/31.jpg,https://dlt.by/image/catalog/tovar/gsnf1/new/32.jpg,,,,,,,,,,,,,,,,,,,,,,,"
"Газовый гвоздезабивной монтажный пистолет Toua GSN50+, арт.0146",Монтажные пистолеты>Монтажные гвоздезабивные пистолеты,146,37 918.72,"https://dlt.by/image/catalog/image/catalog/tovar/gsn50+/new/1.jpg,https://dlt.by/image/catalog/tovar/gsn50+/new/1-1.jpg,https://dlt.by/image/catalog/easyphoto/207/gazovyy-gvozdezabivnoy-montazhnyy-pistolet-toua-gsn50-2.jpg,https://dlt.by/image/catalog/easyphoto/207/gazovyy-gvozdezabivnoy-montazhnyy-pistolet-toua-gsn50-3.jpg,https://dlt.by/image/catalog/tovar/gsn50+/new/4.jpg,https://dlt.by/image/catalog/tovar/gsn50+/new/5.jpg,https://dlt.by/image/catalog/tovar/gsn50+/new/6.jpg,https://dlt.by/image/catalog/tovar/gsn50+/new/7.jpg,https://dlt.by/image/catalog/tovar/gsn50+/new/8.jpg,https://dlt.by/image/catalog/tovar/gsn50+/new/9.jpg,https://dlt.by/image/catalog/tovar/gsnf1/new/20.jpg,https://dlt.by/image/catalog/tovar/gsnf1/new/21.jpg,https://dlt.by/image/catalog/tovar/gsnf1/new/22.jpg,https://dlt.by/image/catalog/tovar/gsnf1/new/23.jpg,https://dlt.by/image/catalog/tovar/gsnf1/new/24.jpg,https://dlt.by/image/catalog/tovar/gsnf1/new/25.jpg,https://dlt.by/image/catalog/tovar/gsnf1/new/26.jpg,https://dlt.by/image/catalog/tovar/gsnf1/new/27.jpg,https://dlt.by/image/catalog/tovar/gsnf1/new/28.jpg,https://dlt.by/image/catalog/tovar/gsnf1/new/29.jpg,https://dlt.by/image/catalog/tovar/gsnf1/14.jpg,https://dlt.by/image/catalog/tovar/gsnf1/new/31.jpg,https://dlt.by/image/catalog/tovar/gsnf1/new/32.jpg,,,,,,,,,,,,,,,,,,,,,,,"
"Газовый гвоздезабивной монтажный пистолет Toua GSN50E, арт.1977",Монтажные пистолеты,1977,35 691.75,"https://dlt.by/image/catalog/tovar/gsn50e/new/2.jpg,https://dlt.by/image/catalog/tovar/gsn50e/new/1-1.jpg,https://dlt.by/image/catalog/easyphoto/208/gazovyy-gvozdezabivnoy-montazhnyy-pistolet-toua-gsn50e-2.jpg,https://dlt.by/image/catalog/easyphoto/208/gazovyy-gvozdezabivnoy-montazhnyy-pistolet-toua-gsn50e-3.jpg,https://dlt.by/image/catalog/tovar/gsn50e/new/2-1.jpg,https://dlt.by/image/catalog/tovar/gsn50e/new/6.jpg,https://dlt.by/image/catalog/tovar/gsn50e/new/7.jpg,https://dlt.by/image/catalog/tovar/gsn50e/new/9.jpg,https://dlt.by/image/catalog/tovar/gsn50e/new/20.jpg,https://dlt.by/image/catalog/tovar/gsn50e/new/21.jpg,https://dlt.by/image/catalog/tovar/gsn50e/new/22.jpg,https://dlt.by/image/catalog/tovar/gsn50e/new/23.jpg,https://dlt.by/image/catalog/tovar/gsn50e/new/24.jpg,https://dlt.by/image/catalog/tovar/gsn50e/9.jpg,https://dlt.by/image/catalog/tovar/gsn50e/10.jpg,https://dlt.by/image/catalog/tovar/gsn50e/new/newpng/27.png,https://dlt.by/image/catalog/tovar/gsn50e/12.jpg,https://dlt.by/image/catalog/tovar/gsn50e/13.jpg,https://dlt.by/image/catalog/tovar/gsn50e/14.jpg,https://dlt.by/image/catalog/tovar/gsn50e/15.jpg,https://dlt.by/image/catalog/tovar/gsn50e/16.jpg,,,,,,,,,,,,,,,,,,,,,,,,,"
"Баннер демонстрационный BIHUI, арт.BPG12","Рекламная продукция (мерч),Стеллажи для инструментов",BPG12,3 069.61,"https://dlt.by/image/catalog/easyphoto/4351/banner-demonstratsionnyy-bihui-art-bpg11-1.jpg,,,,,,,,,,,,,,,,,,,,,,,,,,,,,,,,,,,,,,,,,,,,,"
"Коронка алмазная DLT&9plitok, ПРЕМИУМ класс, вакуумная пайка, 6мм, арт.0484",Инструмент для укладки плитки>Алмазные коронки для плитки>Алмазные коронки по керамограниту (вакуумная пайка),484,782.45,"https://dlt.by/image/catalog/image/catalog/tovar/koronka/6_8/6_new/1.jpg,https://dlt.by/image/catalog/tovar/koronka/6_8/6_new/2.jpg,https://dlt.by/image/catalog/tovar/koronka/6_8/6_new/3.jpg,https://dlt.by/image/catalog/tovar/koronka/6_8/6_new/4.jpeg,https://dlt.by/image/catalog/tovar/koronka/6_8/6_new/5.jpg,https://dlt.by/image/catalog/tovar/koronka/6_8/6_new/7.jpg,https://dlt.by/image/catalog/tovar/koronka/6_8/6_new/7-1.jpg,https://dlt.by/image/catalog/tovar/koronka/6_8/6_new/uyi/r8.jpg,https://dlt.by/image/catalog/tovar/koronka/6_8/6_new/uyi/8-1.jpg,https://dlt.by/image/catalog/tovar/koronka/6_8/6_new/9.jpg,https://dlt.by/image/catalog/tovar/koronka/6_8/6_new/9-1.jpg,https://dlt.by/image/catalog/tovar/koronka/6_8/6_new/uyi/10.jpg,https://dlt.by/image/catalog/tovar/koronka/6_8/6_new/10-1.jpg,https://dlt.by/image/catalog/tovar/koronka/6_8/6_new/11.jpg,https://dlt.by/image/catalog/tovar/koronka/6_8/6_new/12.jpg,,,,,,,,,,,,,,,,,,,,,,,,,,,,,,,"
"Коронка алмазная DLT&9plitok, ПРЕМИУМ класс, вакуумная пайка, 10мм, арт.0251",Инструмент для укладки плитки>Алмазные коронки для плитки>Алмазные коронки по керамограниту (вакуумная пайка),251,782.45,"https://dlt.by/image/catalog/image/catalog/tovar/koronka/10_new/new/1.jpg,https://dlt.by/image/catalog/tovar/koronka/10_new/new/2.jpg,https://dlt.by/image/catalog/tovar/koronka/10_new/new/3.jpg,https://dlt.by/image/catalog/tovar/koronka/10_new/new/5.jpg,https://dlt.by/image/catalog/tovar/koronka/10_new/new/7.jpg,https://dlt.by/image/catalog/tovar/koronka/10_new/new/7-1.jpg,https://dlt.by/image/catalog/tovar/koronka/10_new/new/8.jpg,https://dlt.by/image/catalog/tovar/koronka/10_new/new/8-1.jpg,https://dlt.by/image/catalog/tovar/koronka/10_new/new/9.jpg,https://dlt.by/image/catalog/tovar/koronka/10_new/new/9-1.jpg,https://dlt.by/image/catalog/tovar/koronka/10_new/new/10.jpg,https://dlt.by/image/catalog/tovar/koronka/10_new/new/10-1.jpg,https://dlt.by/image/catalog/tovar/koronka/10_new/new/11.jpg,https://dlt.by/image/catalog/tovar/koronka/10_new/new/12.jpg,,,,,,,,,,,,,,,,,,,,,,,,,,,,,,,,"
"Коронка алмазная DLT&9plitok, ПРЕМИУМ класс, вакуумная пайка, 8мм, арт.0267",Инструмент для укладки плитки>Алмазные коронки для плитки>Алмазные коронки по керамограниту (вакуумная пайка),267,782.45,"https://dlt.by/image/catalog/image/catalog/tovar/koronka/6_8/8_new/1.jpg,https://dlt.by/image/catalog/tovar/koronka/6_8/8_new/2.jpg,https://dlt.by/image/catalog/tovar/koronka/6_8/8_new/3.jpg,https://dlt.by/image/catalog/tovar/koronka/6_8/8_new/5.jpg,https://dlt.by/image/catalog/tovar/koronka/6_8/8_new/7.jpg,https://dlt.by/image/catalog/tovar/koronka/6_8/8_new/7-1.jpg,https://dlt.by/image/catalog/tovar/koronka/6_8/8_new/8.jpg,https://dlt.by/image/catalog/tovar/koronka/6_8/8_new/8-1.jpg,https://dlt.by/image/catalog/tovar/koronka/6_8/8_new/9.jpg,https://dlt.by/image/catalog/tovar/koronka/6_8/8_new/9-1.jpg,https://dlt.by/image/catalog/tovar/koronka/6_8/8_new/10.jpg,https://dlt.by/image/catalog/tovar/koronka/6_8/8_new/10-1.jpg,https://dlt.by/image/catalog/tovar/koronka/6_8/8_new/11.jpg,https://dlt.by/image/catalog/tovar/koronka/6_8/8_new/12.jpg,,,,,,,,,,,,,,,,,,,,,,,,,,,,,,,,"
"Коронка алмазная DLT&9plitok, ПРЕМИУМ класс, вакуумная пайка, 12мм, арт.0256",Инструмент для укладки плитки>Алмазные коронки для плитки>Алмазные коронки по керамограниту (вакуумная пайка),256,812.54,"https://dlt.by/image/catalog/image/catalog/tovar/koronka/12_new/new/1.jpg,https://dlt.by/image/catalog/tovar/koronka/12_new/new/2.jpg,https://dlt.by/image/catalog/tovar/koronka/12_new/new/3.jpg,https://dlt.by/image/catalog/tovar/koronka/12_new/new/5.jpg,https://dlt.by/image/catalog/tovar/koronka/12_new/new/7.jpg,https://dlt.by/image/catalog/tovar/koronka/12_new/new/7-1.jpg,https://dlt.by/image/catalog/tovar/koronka/12_new/new/8.jpg,https://dlt.by/image/catalog/tovar/koronka/12_new/new/8-1.jpg,https://dlt.by/image/catalog/tovar/koronka/12_new/new/9.jpg,https://dlt.by/image/catalog/tovar/koronka/12_new/new/9-1.jpg,https://dlt.by/image/catalog/tovar/koronka/12_new/new/10.jpg,https://dlt.by/image/catalog/tovar/koronka/12_new/new/10-1.jpg,https://dlt.by/image/catalog/tovar/koronka/12_new/new/11.jpg,https://dlt.by/image/catalog/tovar/koronka/12_new/new/12.jpg,,,,,,,,,,,,,,,,,,,,,,,,,,,,,,,,"
"Аккумуляторная болгарка (УШМ) Toua DBLAG115 БЕСЩЕТОЧНЫЙ ДВИГАТЕЛЬ, арт.DBLAG115",Другое,Toua DBLAG115,12 459.01,"https://dlt.by/image/catalog/image/catalog/tovar/dblag115/1.jpg,https://dlt.by/image/catalog/tovar/dblag115/2.jpg,https://dlt.by/image/catalog/tovar/dblag115/3.jpg,https://dlt.by/image/catalog/tovar/dblag115/4.jpg,https://dlt.by/image/catalog/tovar/dblag115/5.jpg,https://dlt.by/image/catalog/tovar/dblag115/5-1.jpg,https://dlt.by/image/catalog/tovar/dblag115/6.jpg,https://dlt.by/image/catalog/tovar/dblag115/7.jpg,https://dlt.by/image/catalog/tovar/dblag115/8.jpg,https://dlt.by/image/catalog/tovar/dblag115/9.jpg,https://dlt.by/image/catalog/tovar/dblag115/10.jpg,https://dlt.by/image/catalog/tovar/dblag115/11.jpg,https://dlt.by/image/catalog/tovar/dblag115/12.jpg,https://dlt.by/image/catalog/tovar/dblag115/13.jpg,https://dlt.by/image/catalog/tovar/dblag115/14.jpg,https://dlt.by/image/catalog/tovar/dblag115/15.jpg,,,,,,,,,,,,,,,,,,,,,,,,,,,,,,"
"Коронка алмазная DLT&9plitok, ПРЕМИУМ класс, вакуумная пайка, 14мм, арт.0257",Инструмент для укладки плитки>Алмазные коронки для плитки>Алмазные коронки по керамограниту (вакуумная пайка),257,872.73,"https://dlt.by/image/catalog/image/catalog/tovar/koronka/14_15_16/14_new/1.jpg,https://dlt.by/image/catalog/tovar/koronka/14_15_16/14_new/2.jpg,https://dlt.by/image/catalog/tovar/koronka/14_15_16/14_new/3.jpg,https://dlt.by/image/catalog/tovar/koronka/14_15_16/14_new/5.jpg,https://dlt.by/image/catalog/tovar/koronka/14_15_16/14_new/6.jpg,https://dlt.by/image/catalog/tovar/koronka/14_15_16/14_new/7.jpg,https://dlt.by/image/catalog/tovar/koronka/14_15_16/14_new/7-1.jpg,https://dlt.by/image/catalog/tovar/koronka/14_15_16/14_new/8.jpg,https://dlt.by/image/catalog/tovar/koronka/14_15_16/14_new/8-1.jpg,https://dlt.by/image/catalog/tovar/koronka/14_15_16/14_new/9.jpg,https://dlt.by/image/catalog/tovar/koronka/14_15_16/14_new/9-1.jpg,https://dlt.by/image/catalog/tovar/koronka/14_15_16/14_new/10.jpg,https://dlt.by/image/catalog/tovar/koronka/14_15_16/14_new/10-1.jpg,https://dlt.by/image/catalog/tovar/koronka/14_15_16/14_new/11.jpg,https://dlt.by/image/catalog/tovar/koronka/14_15_16/14_new/12.jpg,,,,,,,,,,,,,,,,,,,,,,,,,,,,,,,"
"Кованый гвоздь DLT Bullet Point по бетону металлу и кирпичу,32мм, (1000шт) + Газовый баллон, арт.1250",Монтажные пистолеты>Гвозди для монтажных пистолетов,1250,2 949.23,"https://dlt.by/image/catalog/tovar/gvozdi/+ballon/gvozdi+ballonsvodnymi.jpg,https://dlt.by/image/catalog/tovar/gvozdi/11_1615788478.jpg,https://dlt.by/image/catalog/tovar/gvozdi/izobrazhenie_viber_2020-08-31_10-20-22.jpg,https://dlt.by/image/catalog/tovar/gvozdi/2.jpg,https://dlt.by/image/catalog/tovar/gvozdi/3.jpg,https://dlt.by/image/catalog/tovar/gvozdi/4.jpg,https://dlt.by/image/catalog/tovar/gvozdi/5.jpg,https://dlt.by/image/catalog/tovar/gvozdi/6.png,,,,,,,,,,,,,,,,,,,,,,,,,,,,,,,,,,,,,,"
"Профессиональный аккумулятор для оборудованиеов Toua 18V 4000 mAhI, арт.Toua 18V4000",Другое,Toua 18V4000,6 229.50,"https://dlt.by/image/catalog/image/catalog/tovar/ak18v/yhrtjgfxg.jpg,https://dlt.by/image/catalog/tovar/ak4000/15.jpg,,,,,,,,,,,,,,,,,,,,,,,,,,,,,,,,,,,,,,,,,,,,"
"Профессиональная аккумуляторная дрель-шуруповерт Toua DCD180-2AI, арт.Toua DCD180-2A",Другое,Toua DCD180-2A,5 898.47,"https://dlt.by/image/catalog/image/catalog/tovar/dcd180-2a/5.jpg,https://dlt.by/image/catalog/tovar/dcd180-2a/2.jpg,https://dlt.by/image/catalog/tovar/dcd180-2a/3.jpg,https://dlt.by/image/catalog/tovar/dcd180-2a/4.jpg,https://dlt.by/image/catalog/tovar/dcd180-2a/1.jpg,https://dlt.by/image/catalog/tovar/dcd180-2a/6.jpg,https://dlt.by/image/catalog/tovar/dcd180-2a/7.jpg,https://dlt.by/image/catalog/tovar/dcd180-2a/8.jpg,https://dlt.by/image/catalog/tovar/dcd180-2a/9.jpg,https://dlt.by/image/catalog/tovar/dcd180-2a/10.jpg,https://dlt.by/image/catalog/tovar/dcd180-2a/11.jpg,,,,,,,,,,,,,,,,,,,,,,,,,,,,,,,,,,,"
"Профессиональная аккумуляторная циркулярная пила Toua DCC180 I, арт.Toua DCC180",Другое,Toua DCC180,10 743.64,"https://dlt.by/image/catalog/image/catalog/tovar/dcc180/r1.jpg,https://dlt.by/image/catalog/tovar/dcc180/r2.jpg,https://dlt.by/image/catalog/tovar/dcc180/r3.jpg,https://dlt.by/image/catalog/tovar/dcc180/r4.jpg,https://dlt.by/image/catalog/tovar/dcc180/r5.jpg,https://dlt.by/image/catalog/tovar/dcc180/r6.jpg,https://dlt.by/image/catalog/tovar/dcc180/r7.jpg,https://dlt.by/image/catalog/tovar/dcc180/r8.jpg,https://dlt.by/image/catalog/tovar/dcc180/r9.jpg,https://dlt.by/image/catalog/tovar/dcc180/r10.jpg,https://dlt.by/image/catalog/tovar/dcc180/r11.jpg,https://dlt.by/image/catalog/tovar/dcc180/r12.jpg,https://dlt.by/image/catalog/tovar/dcc180/r13.jpg,,,,,,,,,,,,,,,,,,,,,,,,,,,,,,,,,"
"Аккумуляторный перфоратор SDS + Toua DBLH180 БЕСЩЕТОЧНЫЙ ДВИГАТЕЛЬ, арт.DBLH180",Другое,Toua DBLH180,16 612.01,"https://dlt.by/image/catalog/image/catalog/tovar/dblw180/r1.jpg,https://dlt.by/image/catalog/tovar/dblw180/r2.jpg,https://dlt.by/image/catalog/tovar/dblw180/r3.jpg,https://dlt.by/image/catalog/tovar/dblw180/r4.jpg,https://dlt.by/image/catalog/tovar/dblw180/r5.jpg,https://dlt.by/image/catalog/tovar/dblw180/r6.jpg,https://dlt.by/image/catalog/tovar/dblw180/r7.jpg,https://dlt.by/image/catalog/tovar/dblw180/r8.jpg,https://dlt.by/image/catalog/tovar/dblw180/r9.jpg,https://dlt.by/image/catalog/tovar/dblw180/r10.jpg,https://dlt.by/image/catalog/tovar/dblw180/r11.jpg,https://dlt.by/image/catalog/tovar/dblw180/r12.jpg,https://dlt.by/image/catalog/tovar/dblw180/r13.jpg,https://dlt.by/image/catalog/tovar/dblw180/r14.jpg,https://dlt.by/image/catalog/tovar/dblw180/r15.jpg,https://dlt.by/image/catalog/tovar/dblw180/r16.jpg,https://dlt.by/image/catalog/tovar/dblw180/r17.jpg,https://dlt.by/image/catalog/tovar/dblw180/r18.jpg,https://dlt.by/image/catalog/tovar/dblw180/r19.jpg,,,,,,,,,,,,,,,,,,,,,,,,,,,"
"Аккумуляторный шуруповерт-гайковерт Toua DBLW180 БЕСЩЕТОЧНЫЙ ДВИГАТЕЛЬ, арт.DBLW180",Другое,Toua DBLW180,10 051.47,"https://dlt.by/image/catalog/image/catalog/tovar/touadblw/1.jpg,https://dlt.by/image/catalog/tovar/touadblw/2.jpg,https://dlt.by/image/catalog/tovar/touadblw/3.jpg,https://dlt.by/image/catalog/tovar/touadblw/4.jpg,https://dlt.by/image/catalog/tovar/touadblw/5.jpg,https://dlt.by/image/catalog/tovar/touadblw/6.jpg,https://dlt.by/image/catalog/tovar/touadblw/7.jpg,https://dlt.by/image/catalog/tovar/touadblw/8.jpg,https://dlt.by/image/catalog/tovar/touadblw/9.jpg,https://dlt.by/image/catalog/tovar/touadblw/10.jpg,https://dlt.by/image/catalog/tovar/touadblw/11.jpg,https://dlt.by/image/catalog/tovar/touadblw/12.jpg,https://dlt.by/image/catalog/tovar/touadblw/13.jpg,https://dlt.by/image/catalog/tovar/touadblw/14.jpg,https://dlt.by/image/catalog/tovar/touadblw/15.jpg,https://dlt.by/image/catalog/tovar/touadblw/16.jpg,https://dlt.by/image/catalog/tovar/touadblw/17.jpg,,,,,,,,,,,,,,,,,,,,,,,,,,,,,"
"Профессиональная аккумуляторная дрель-шуруповерт Toua DCD120I, арт.Toua DCD120",Другое,Toua DCD120,4 514.13,"https://dlt.by/image/catalog/image/catalog/tovar/dcd120/r1.jpg,https://dlt.by/image/catalog/tovar/dcd120/r2.jpg,https://dlt.by/image/catalog/tovar/dcd120/r3.jpg,https://dlt.by/image/catalog/tovar/dcd120/r4.jpg,https://dlt.by/image/catalog/tovar/dcd120/r5.jpg,https://dlt.by/image/catalog/tovar/dcd120/r6.jpg,https://dlt.by/image/catalog/tovar/dcd120/r7.jpg,https://dlt.by/image/catalog/tovar/dcd120/r8.jpg,https://dlt.by/image/catalog/tovar/dcd120/r9.jpg,https://dlt.by/image/catalog/tovar/dcd120/r10.jpg,https://dlt.by/image/catalog/tovar/dcd120/r11.jpg,https://dlt.by/image/catalog/tovar/dcd120/r12.jpg,https://dlt.by/image/catalog/tovar/dcd120/r13.jpg,https://dlt.by/image/catalog/tovar/dcd120/r14.jpg,https://dlt.by/image/catalog/tovar/dcd120/r15.jpg,,,,,,,,,,,,,,,,,,,,,,,,,,,,,,,"
"Шлифмашина Жираф DLT GrandFlex V34 (R7234 ), арт.0193","Шлифовальные машины для стен, потолков и пола>Шлифмашины Жираф",193,22 871.61,"https://dlt.by/image/catalog/easyphoto/243/shlifmashina-zhiraf-dlt-grandflex-v34-r7234-16.jpg,https://dlt.by/image/catalog/easyphoto/243/shlifmashina-zhiraf-dlt-grandflex-v34-r7234-17.jpg,https://dlt.by/image/catalog/easyphoto/243/shlifmashina-zhiraf-dlt-grandflex-v34-r7234-18.jpg,https://dlt.by/image/catalog/easyphoto/243/shlifmashina-zhiraf-dlt-grandflex-v34-r7234-19.jpg,https://dlt.by/image/catalog/easyphoto/243/shlifmashina-zhiraf-dlt-grandflex-v34-r7234-20.jpg,https://dlt.by/image/catalog/easyphoto/243/shlifmashina-zhiraf-dlt-grandflex-v34-r7234-21.jpg,https://dlt.by/image/catalog/easyphoto/243/shlifmashina-zhiraf-dlt-grandflex-v34-r7234-22.jpg,https://dlt.by/image/catalog/easyphoto/243/shlifmashina-zhiraf-dlt-grandflex-v34-r7234-23.jpg,https://dlt.by/image/catalog/easyphoto/243/shlifmashina-zhiraf-dlt-grandflex-v34-r7234-24.jpg,https://dlt.by/image/catalog/easyphoto/243/shlifmashina-zhiraf-dlt-grandflex-v34-r7234-25.jpg,https://dlt.by/image/catalog/easyphoto/243/shlifmashina-zhiraf-dlt-grandflex-v34-r7234-26.jpg,https://dlt.by/image/catalog/easyphoto/243/shlifmashina-zhiraf-dlt-grandflex-v34-r7234-27.jpeg,https://dlt.by/image/catalog/easyphoto/243/shlifmashina-zhiraf-dlt-grandflex-v34-r7234-28.jpg,,,,,,,,,,,,,,,,,,,,,,,,,,,,,,,,,"
"Подъемник для гипсокартонных листов DLT Panel Lifter 490 (подъемник ГКЛ) до 4.7 м., арт.4900",Подъемники для гипсокартона,4900,26 783.86,"https://dlt.by/image/catalog/tovar/podymnic/new/new495/0.jpg,https://dlt.by/image/catalog/tovar/podymnic/new/new495/0-1.jpg,https://dlt.by/image/catalog/tovar/podymnic/new/new495/0-2.jpg,https://dlt.by/image/catalog/easyphoto/226/podemnik-dlya-gipsokartonnyh-listov-dlt-panel-lifter-490-podemnik-gkl-do-4-7-metra-1.jpg,https://dlt.by/image/catalog/tovar/podymnic/new/new495/0-4.jpg,https://dlt.by/image/catalog/tovar/podymnic/new/new495/1.jpg,https://dlt.by/image/catalog/tovar/podymnic/new/new495/1-1.jpg,https://dlt.by/image/catalog/tovar/podymnic/new/new495/2.jpg,https://dlt.by/image/catalog/tovar/podymnic/new/new495/2-1.jpg,https://dlt.by/image/catalog/tovar/podymnic/new/new495/2-2.jpg,https://dlt.by/image/catalog/tovar/podymnic/new/new495/2-3.jpg,https://dlt.by/image/catalog/tovar/podymnic/new/new495/2-4.jpg,https://dlt.by/image/catalog/tovar/podymnic/new/new495/2-5.jpg,https://dlt.by/image/catalog/tovar/podymnic/new/new495/2-6.jpg,https://dlt.by/image/catalog/tovar/podymnic/new/new495/2-7.jpg,https://dlt.by/image/catalog/tovar/podymnic/new/new495/2-8.jpg,https://dlt.by/image/catalog/tovar/podymnic/new/new495/2-9.jpg,https://dlt.by/image/catalog/tovar/podymnic/new/new495/2-10.jpg,https://dlt.by/image/catalog/tovar/podymnic/new/new495/2-11.jpg,https://dlt.by/image/catalog/tovar/podymnic/new/new495/2-12.jpg,https://dlt.by/image/catalog/tovar/podymnic/new/new495/2-13.jpg,https://dlt.by/image/catalog/tovar/podymnic/new/new495/2-14.jpg,https://dlt.by/image/catalog/tovar/podymnic/new/new495/2-15.jpg,https://dlt.by/image/catalog/tovar/podymnic/new/new495/2-16.jpg,https://dlt.by/image/catalog/tovar/podymnic/new/new495/3.jpg,https://dlt.by/image/catalog/tovar/podymnic/new/new495/103.jpg,https://dlt.by/image/catalog/tovar/podymnic/new/new495/104.jpg,https://dlt.by/image/catalog/tovar/podymnic/new/new495/105.jpg,https://dlt.by/image/catalog/tovar/podymnic/new/new495/106.jpg,,,,,,,,,,,,,,,,,"
"Дрель алмазного сверления (бурения) KEN 6110B, арт.0380",Установки алмазного сверления>KEN,380,16 190.69,"https://dlt.by/image/catalog/tovar/ken6110bdrel/0.jpg,https://dlt.by/image/catalog/tovar/ken6110bdrel/0-1.jpg,https://dlt.by/image/catalog/tovar/ken6110bdrel/0-2.jpg,https://dlt.by/image/catalog/easyphoto/227/drel-almaznogo-sverleniya-bureniya-ken-6110b-1.jpg,https://dlt.by/image/catalog/easyphoto/227/drel-almaznogo-sverleniya-bureniya-ken-6110b-2.jpg,https://dlt.by/image/catalog/tovar/ken6110bdrel/3-1.jpg,https://dlt.by/image/catalog/tovar/ken6110bdrel/4.jpg,https://dlt.by/image/catalog/tovar/ken6110bdrel/5.jpg,https://dlt.by/image/catalog/tovar/ken6110bdrel/6.jpg,https://dlt.by/image/catalog/tovar/ken6110bdrel/7.jpg,https://dlt.by/image/catalog/tovar/ken6110bdrel/8.jpg,https://dlt.by/image/catalog/tovar/ken6110bdrel/9.jpg,https://dlt.by/image/catalog/tovar/ken6110bdrel/10.jpg,https://dlt.by/image/catalog/tovar/ken6110bdrel/11.jpg,https://dlt.by/image/catalog/tovar/ken6110bdrel/12.jpg,https://dlt.by/image/catalog/tovar/ken6110bdrel/13.jpg,https://dlt.by/image/catalog/tovar/ken6110bdrel/14.jpg,https://dlt.by/image/catalog/tovar/ken6110bdrel/15.jpg,https://dlt.by/image/catalog/tovar/ken6110bdrel/16.jpg,https://dlt.by/image/catalog/tovar/ken6110bdrel/17.jpg,https://dlt.by/image/catalog/tovar/ken6110bdrel/18.png,https://dlt.by/image/catalog/tovar/ken6110bdrel/19.jpg,https://dlt.by/image/catalog/tovar/ken6110bdrel/19-1.jpg,https://dlt.by/image/catalog/tovar/ken6110bdrel/20.jpg,https://dlt.by/image/catalog/tovar/ken6110bdrel/21.png,https://dlt.by/image/catalog/tovar/ken6110bdrel/22.png,https://dlt.by/image/catalog/tovar/ken6110bdrel/23.jpg,https://dlt.by/image/catalog/tovar/ken6110bdrel/24.jpg,https://dlt.by/image/catalog/tovar/ken6110bdrel/25.jpg,https://dlt.by/image/catalog/tovar/ken6110bdrel/26.png,https://dlt.by/image/catalog/tovar/ken6110bdrel/27.jpg,https://dlt.by/image/catalog/tovar/ken6110bdrel/28.jpg,https://dlt.by/image/catalog/tovar/ken6110bdrel/29.jpg,https://dlt.by/image/catalog/tovar/ken6110bdrel/30.jpg,https://dlt.by/image/catalog/tovar/ken6110bdrel/31.jpg,https://dlt.by/image/catalog/tovar/ken6110bdrel/32.jpg,https://dlt.by/image/catalog/tovar/ken6110bdrel/33.jpg,https://dlt.by/image/catalog/tovar/ken6110bdrel/34.jpg,https://dlt.by/image/catalog/tovar/ken6110bdrel/35.png,https://dlt.by/image/catalog/tovar/ken6110bdrel/36.jpg,https://dlt.by/image/catalog/tovar/ken6110bdrel/37.jpg,https://dlt.by/image/catalog/tovar/ken6110bdrel/38.jpg,https://dlt.by/image/catalog/tovar/ken6110bdrel/39.jpg,https://dlt.by/image/catalog/tovar/ken6110bdrel/40.jpg,,"
"Установка алмазного сверления (бурения) KEN 6180N, арт.0438",Установки алмазного сверления>KEN,438,46 646.05,"https://dlt.by/image/catalog/tovar/ken6130ndrel/1.jpg,https://dlt.by/image/catalog/tovar/ken6130ndrel/1-1.jpg,https://dlt.by/image/catalog/tovar/ken6130ndrel/2.jpg,https://dlt.by/image/catalog/tovar/ken6130ndrel/3.jpg,https://dlt.by/image/catalog/tovar/ken6130ndrel/4.jpg,https://dlt.by/image/catalog/tovar/ken6130ndrel/5.jpg,https://dlt.by/image/catalog/tovar/ken6130ndrel/7.jpg,https://dlt.by/image/catalog/tovar/ken6130ndrel/8.jpg,https://dlt.by/image/catalog/tovar/ken6130ndrel/9.jpg,https://dlt.by/image/catalog/tovar/ken6130ndrel/10.jpg,https://dlt.by/image/catalog/tovar/ken6130ndrel/11.jpg,https://dlt.by/image/catalog/tovar/ken6130ndrel/12.jpg,https://dlt.by/image/catalog/tovar/ken6130ndrel/13.jpg,https://dlt.by/image/catalog/tovar/ken6130ndrel/14.jpg,https://dlt.by/image/catalog/tovar/ken6130ndrel/15.jpg,https://dlt.by/image/catalog/tovar/ken6130ndrel/16.jpg,https://dlt.by/image/catalog/tovar/ken6130ndrel/17.jpg,https://dlt.by/image/catalog/tovar/ken6130ndrel/18.jpg,,,,,,,,,,,,,,,,,,,,,,,,,,,,"
"Установка алмазного сверления (бурения) KEN 6200N, арт.0340",Установки алмазного сверления>KEN,340,55 523.85,"https://dlt.by/image/catalog/tovar/ken6130ndrel/1.jpg,https://dlt.by/image/catalog/tovar/ken6130ndrel/1-1.jpg,https://dlt.by/image/catalog/tovar/ken6130ndrel/2.jpg,https://dlt.by/image/catalog/tovar/ken6130ndrel/3.jpg,https://dlt.by/image/catalog/tovar/ken6130ndrel/4.jpg,https://dlt.by/image/catalog/tovar/ken6130ndrel/5.jpg,https://dlt.by/image/catalog/tovar/ken6130ndrel/7.jpg,https://dlt.by/image/catalog/tovar/ken6130ndrel/8.jpg,https://dlt.by/image/catalog/tovar/ken6130ndrel/9.jpg,https://dlt.by/image/catalog/tovar/ken6130ndrel/10.jpg,https://dlt.by/image/catalog/tovar/ken6130ndrel/11.jpg,https://dlt.by/image/catalog/tovar/ken6130ndrel/12.jpg,https://dlt.by/image/catalog/tovar/ken6130ndrel/13.jpg,https://dlt.by/image/catalog/tovar/ken6130ndrel/14.jpg,https://dlt.by/image/catalog/tovar/ken6130ndrel/15.jpg,https://dlt.by/image/catalog/tovar/ken6130ndrel/16.jpg,https://dlt.by/image/catalog/tovar/ken6130ndrel/17.jpg,https://dlt.by/image/catalog/tovar/ken6130ndrel/18.jpg,,,,,,,,,,,,,,,,,,,,,,,,,,,,"
"Установка алмазного сверления (бурения) KEN 6250N, арт.0341",Установки алмазного сверления>KEN,341,72 075.67,"https://dlt.by/image/catalog/tovar/ken6130ndrel/1.jpg,https://dlt.by/image/catalog/tovar/ken6130ndrel/1-1.jpg,https://dlt.by/image/catalog/tovar/ken6130ndrel/2.jpg,https://dlt.by/image/catalog/tovar/ken6130ndrel/3.jpg,https://dlt.by/image/catalog/tovar/ken6130ndrel/4.jpg,https://dlt.by/image/catalog/tovar/ken6130ndrel/5.jpg,https://dlt.by/image/catalog/tovar/ken6130ndrel/7.jpg,https://dlt.by/image/catalog/tovar/ken6130ndrel/8.jpg,https://dlt.by/image/catalog/tovar/ken6130ndrel/9.jpg,https://dlt.by/image/catalog/tovar/ken6130ndrel/10.jpg,https://dlt.by/image/catalog/tovar/ken6130ndrel/11.jpg,https://dlt.by/image/catalog/tovar/ken6130ndrel/12.jpg,https://dlt.by/image/catalog/tovar/ken6130ndrel/14.jpg,https://dlt.by/image/catalog/tovar/ken6130ndrel/15.jpg,https://dlt.by/image/catalog/tovar/ken6130ndrel/16.jpg,https://dlt.by/image/catalog/tovar/ken6130ndrel/17.jpg,https://dlt.by/image/catalog/tovar/ken6130ndrel/18.jpg,,,,,,,,,,,,,,,,,,,,,,,,,,,,,"
"Распорная штанга DLT H360 для лазерного уровня (нивелира) до 3,6 м, арт.0376",Аксессуары к нивелирам,376,6 470.26,"https://dlt.by/image/catalog/easyphoto/234/raspornaya-shtanga-dlya-lazernogo-urovnya-nivelira-dlt-h360-1.jpg,https://dlt.by/image/catalog/easyphoto/234/raspornaya-shtanga-dlya-lazernogo-urovnya-nivelira-dlt-h360-2.jpg,https://dlt.by/image/catalog/easyphoto/234/raspornaya-shtanga-dlya-lazernogo-urovnya-nivelira-dlt-h360-3.jpg,https://dlt.by/image/catalog/easyphoto/234/raspornaya-shtanga-dlya-lazernogo-urovnya-nivelira-dlt-h360-6.jpg,https://dlt.by/image/catalog/easyphoto/234/raspornaya-shtanga-dlya-lazernogo-urovnya-nivelira-dlt-h360-4.jpg,https://dlt.by/image/catalog/easyphoto/234/raspornaya-shtanga-dlya-lazernogo-urovnya-nivelira-dlt-h360-5.jpg,https://dlt.by/image/catalog/easyphoto/234/raspornaya-shtanga-dlya-lazernogo-urovnya-nivelira-dlt-h360-10.jpg,https://dlt.by/image/catalog/easyphoto/234/raspornaya-shtanga-dlya-lazernogo-urovnya-nivelira-dlt-h360-7.jpg,https://dlt.by/image/catalog/easyphoto/234/raspornaya-shtanga-dlya-lazernogo-urovnya-nivelira-dlt-h360-8.jpg,https://dlt.by/image/catalog/easyphoto/234/raspornaya-shtanga-dlya-lazernogo-urovnya-nivelira-dlt-h360-9.jpg,https://dlt.by/image/catalog/easyphoto/234/raspornaya-shtanga-dlya-lazernogo-urovnya-nivelira-dlt-h360-12.jpg,https://dlt.by/image/catalog/easyphoto/234/raspornaya-shtanga-dlya-lazernogo-urovnya-nivelira-dlt-h360-11.jpg,https://dlt.by/image/catalog/easyphoto/234/raspornaya-shtanga-dlya-lazernogo-urovnya-nivelira-dlt-h360-16.jpg,https://dlt.by/image/catalog/easyphoto/234/raspornaya-shtanga-dlya-lazernogo-urovnya-nivelira-dlt-h360-13.jpg,https://dlt.by/image/catalog/easyphoto/234/raspornaya-shtanga-dlya-lazernogo-urovnya-nivelira-dlt-h360-14.jpg,https://dlt.by/image/catalog/easyphoto/234/raspornaya-shtanga-dlya-lazernogo-urovnya-nivelira-dlt-h360-15.jpg,https://dlt.by/image/catalog/easyphoto/234/raspornaya-shtanga-dlya-lazernogo-urovnya-nivelira-dlt-h360-17.jpg,https://dlt.by/image/catalog/easyphoto/234/raspornaya-shtanga-dlya-lazernogo-urovnya-nivelira-dlt-h360-18.jpg,,,,,,,,,,,,,,,,,,,,,,,,,,,,"
"Крепление с микролифтом для лазерного уровня (нивелира) DLT ND1, арт.0216",Аксессуары к нивелирам,216,2 407.54,"https://dlt.by/image/catalog/image/catalog/tovar/nd1/1.jpg,https://dlt.by/image/catalog/tovar/nd1/2.jpg,https://dlt.by/image/catalog/tovar/nd1/3.jpg,https://dlt.by/image/catalog/tovar/nd1/4.jpg,https://dlt.by/image/catalog/tovar/nd1/6.jpg,https://dlt.by/image/catalog/tovar/nd1/7.jpg,https://dlt.by/image/catalog/tovar/nd1/7-1.jpg,https://dlt.by/image/catalog/tovar/nd1/8.jpg,https://dlt.by/image/catalog/tovar/nd1/10.jpg,https://dlt.by/image/catalog/tovar/nd1/11.jpg,https://dlt.by/image/catalog/tovar/nd1/13.jpg,https://dlt.by/image/catalog/tovar/nd1/14.jpg,https://dlt.by/image/catalog/tovar/nd1/15.jpg,https://dlt.by/image/catalog/tovar/nd1/16.jpg,https://dlt.by/image/catalog/tovar/nd1/17.jpg,,,,,,,,,,,,,,,,,,,,,,,,,,,,,,,"
"Лазерный дальномер монокуляр SNDWAY SW-600А, арт.0431",Лазерные рулетки (красный лазер),431,10 232.04,"https://dlt.by/image/catalog/image/catalog/tovar/sw-600a/a.jpg,https://dlt.by/image/catalog/tovar/sw-600a/b.jpg,https://dlt.by/image/catalog/tovar/sw-600a/c.jpg,https://dlt.by/image/catalog/tovar/sw-600a/d.jpg,https://dlt.by/image/catalog/tovar/sw-600a/e.jpg,https://dlt.by/image/catalog/tovar/sw-600a/f.jpg,https://dlt.by/image/catalog/tovar/sw-600a/g.jpg,https://dlt.by/image/catalog/tovar/sw-600a/h.jpg,https://dlt.by/image/catalog/tovar/sw-600a/0.jpg,https://dlt.by/image/catalog/tovar/sw-600a/1.jpg,https://dlt.by/image/catalog/tovar/sw-600a/2.jpg,https://dlt.by/image/catalog/tovar/sw-600a/3r.jpg,https://dlt.by/image/catalog/tovar/sw-600a/4.jpg,https://dlt.by/image/catalog/tovar/sw-600a/5.jpg,https://dlt.by/image/catalog/tovar/sw-600a/6.jpg,https://dlt.by/image/catalog/tovar/sw-600a/7.jpg,https://dlt.by/image/catalog/tovar/sw-600a/8.jpg,https://dlt.by/image/catalog/tovar/sw-600a/9.jpg,https://dlt.by/image/catalog/tovar/sw-600a/10.jpg,https://dlt.by/image/catalog/tovar/sw-600a/11.jpg,https://dlt.by/image/catalog/tovar/sw-600a/12.jpg,,,,,,,,,,,,,,,,,,,,,,,,,"
"Лазерный дальномер монокуляр SNDWAY SW-1500А, арт.0436",Лазерные рулетки (красный лазер),436,19 561.25,"https://dlt.by/image/catalog/image/catalog/tovar/sw-1500a/1.jpg,https://dlt.by/image/catalog/tovar/sw-1500a/2.jpg,https://dlt.by/image/catalog/tovar/sw-1500a/3.jpg,https://dlt.by/image/catalog/tovar/sw-1500a/4.jpg,https://dlt.by/image/catalog/tovar/sw-1500a/5.jpg,https://dlt.by/image/catalog/tovar/sw-1500a/6.jpg,https://dlt.by/image/catalog/tovar/sw-1500a/7.jpg,https://dlt.by/image/catalog/tovar/sw-1500a/8.jpg,https://dlt.by/image/catalog/tovar/sw-1000a/0.jpg,https://dlt.by/image/catalog/tovar/sw-1000a/1.jpg,https://dlt.by/image/catalog/tovar/sw-1000a/2.jpg,https://dlt.by/image/catalog/tovar/sw-1000a/3.jpg,https://dlt.by/image/catalog/tovar/sw-1000a/4.jpg,https://dlt.by/image/catalog/tovar/sw-1000a/5.jpg,https://dlt.by/image/catalog/tovar/sw-1000a/6.jpg,https://dlt.by/image/catalog/tovar/sw-1000a/7.jpg,https://dlt.by/image/catalog/tovar/sw-1000a/8.jpg,https://dlt.by/image/catalog/tovar/sw-1000a/9.jpg,https://dlt.by/image/catalog/tovar/sw-1000a/10.jpg,https://dlt.by/image/catalog/tovar/sw-1000a/11.jpg,https://dlt.by/image/catalog/tovar/sw-1000a/12.jpg,,,,,,,,,,,,,,,,,,,,,,,,,"
"Крепление для лазерного уровня (нивелира) DLT ND5, арт.0781",Аксессуары к нивелирам,781,1 053.30,"https://dlt.by/image/catalog/tovar/acsesuri/a.jpg,https://dlt.by/image/catalog/tovar/acsesuri/b.jpg,https://dlt.by/image/catalog/tovar/acsesuri/c.jpg,https://dlt.by/image/catalog/tovar/acsesuri/1.jpg,https://dlt.by/image/catalog/tovar/acsesuri/2.jpg,https://dlt.by/image/catalog/tovar/acsesuri/3.jpg,https://dlt.by/image/catalog/tovar/acsesuri/4.jpg,https://dlt.by/image/catalog/tovar/acsesuri/5.jpg,https://dlt.by/image/catalog/tovar/acsesuri/6.jpg,https://dlt.by/image/catalog/tovar/acsesuri/7.jpg,https://dlt.by/image/catalog/tovar/acsesuri/8.jpg,https://dlt.by/image/catalog/tovar/acsesuri/9.jpg,https://dlt.by/image/catalog/tovar/acsesuri/10.jpg,https://dlt.by/image/catalog/tovar/acsesuri/11.jpg,https://dlt.by/image/catalog/tovar/acsesuri/12.jpg,,,,,,,,,,,,,,,,,,,,,,,,,,,,,,,"
"Платформа для лазерного уровня (нивелира) DLT PL1, арт.0780",Аксессуары к нивелирам,780,451.41,"https://dlt.by/image/catalog/image/catalog/tovar/platform/a.jpg,https://dlt.by/image/catalog/tovar/platform/b.jpg,https://dlt.by/image/catalog/tovar/platform/c.jpg,https://dlt.by/image/catalog/tovar/platform/d.jpg,https://dlt.by/image/catalog/tovar/platform/e.jpg,https://dlt.by/image/catalog/tovar/platform/f.jpg,https://dlt.by/image/catalog/tovar/platform/1r.jpg,https://dlt.by/image/catalog/tovar/platform/2.jpg,https://dlt.by/image/catalog/tovar/platform/3.jpg,https://dlt.by/image/catalog/tovar/platform/4.jpg,https://dlt.by/image/catalog/tovar/platform/5.jpg,,,,,,,,,,,,,,,,,,,,,,,,,,,,,,,,,,,"
"Трегер DLT TR2 для лазерного уровня (нивелира), арт.0782","Акции на строительный инструмент,Аксессуары к нивелирам",782,451.41,"https://dlt.by/image/catalog/image/catalog/tovar/tr2/a.jpg,https://dlt.by/image/catalog/tovar/tr2/b.jpg,https://dlt.by/image/catalog/tovar/tr2/c.jpg,https://dlt.by/image/catalog/tovar/tr2/d.jpg,https://dlt.by/image/catalog/tovar/tr2/1.jpg,https://dlt.by/image/catalog/tovar/tr2/2.jpg,https://dlt.by/image/catalog/tovar/tr2/3.jpg,https://dlt.by/image/catalog/tovar/tr2/4.jpg,https://dlt.by/image/catalog/tovar/tr2/5.jpg,,,,,,,,,,,,,,,,,,,,,,,,,,,,,,,,,,,,,"
"Рейка для лазерного уровня (нивелира) DLT TS-2, арт.0162",Аксессуары к нивелирам,162,4 514.13,"https://dlt.by/image/catalog/tovar/ts-2/new/1.jpg,https://dlt.by/image/catalog/tovar/ts-2/new/1-1.jpg,https://dlt.by/image/catalog/tovar/ts-2/new/2.jpg,https://dlt.by/image/catalog/tovar/ts-2/new/3.jpg,https://dlt.by/image/catalog/tovar/ts-2/new/4.jpg,https://dlt.by/image/catalog/tovar/ts-2/new/5.jpg,https://dlt.by/image/catalog/tovar/ts-2/new/6.jpg,https://dlt.by/image/catalog/tovar/ts-2/new/7.jpg,https://dlt.by/image/catalog/tovar/ts-2/new/8.jpg,https://dlt.by/image/catalog/tovar/ts-2/new/new/9.jpg,,,,,,,,,,,,,,,,,,,,,,,,,,,,,,,,,,,,"
"Лазерный уровень (нивелир) DLT EK-400GX, арт.0176",Лазерные нивелиры (лазерные уровни)>Линейные,176,6 620.73,"https://dlt.by/image/catalog/easyphoto/261/lazernyy-uroven-nivelir-dlt-ek-400gx-art-0176-2.jpg,https://dlt.by/image/catalog/easyphoto/261/lazernyy-uroven-nivelir-dlt-ek-400gx-art-0176-3.jpg,https://dlt.by/image/catalog/easyphoto/261/lazernyy-uroven-nivelir-dlt-ek-400gx-art-0176-4.jpg,https://dlt.by/image/catalog/easyphoto/261/lazernyy-uroven-nivelir-dlt-ek-400gx-art-0176-5.jpg,https://dlt.by/image/catalog/easyphoto/261/lazernyy-uroven-nivelir-dlt-ek-400gx-art-0176-6.jpg,https://dlt.by/image/catalog/easyphoto/261/lazernyy-uroven-nivelir-dlt-ek-400gx-art-0176-10.jpg,https://dlt.by/image/catalog/easyphoto/261/lazernyy-uroven-nivelir-dlt-ek-400gx-art-0176-7.jpg,https://dlt.by/image/catalog/easyphoto/261/lazernyy-uroven-nivelir-dlt-ek-400gx-art-0176-8.jpg,https://dlt.by/image/catalog/easyphoto/261/lazernyy-uroven-nivelir-dlt-ek-400gx-art-0176-9.jpg,https://dlt.by/image/catalog/easyphoto/261/lazernyy-uroven-nivelir-dlt-ek-400gx-art-0176-11.jpg,https://dlt.by/image/catalog/easyphoto/261/lazernyy-uroven-nivelir-dlt-ek-400gx-art-0176-12.jpg,https://dlt.by/image/catalog/easyphoto/261/lazernyy-uroven-nivelir-dlt-ek-400gx-art-0176-13.jpg,,,,,,,,,,,,,,,,,,,,,,,,,,,,,,,,,,"
"Шлифмашина Жираф DLT R7237, арт.0194","Шлифовальные машины для стен, потолков и пола>Шлифмашины Жираф ",194,17 755.59,"https://dlt.by/image/catalog/tovar/dlt_r7237/2022/regular/1.jpg,https://dlt.by/image/catalog/tovar/dlt_r7237/2022/regular/2.jpg,https://dlt.by/image/catalog/tovar/dlt_r7237/2022/regular/3.jpg,https://dlt.by/image/catalog/tovar/dlt_r7237/2022/regular/4.jpg,https://dlt.by/image/catalog/tovar/dlt_r7237/2022/regular/5.jpg,https://dlt.by/image/catalog/tovar/dlt_r7237/2022/regular/6.jpg,https://dlt.by/image/catalog/tovar/dlt_r7237/2022/regular/8.jpg,https://dlt.by/image/catalog/tovar/dlt_r7237/2022/regular/9.jpg,https://dlt.by/image/catalog/tovar/dlt_r7237/2022/regular/10.jpg,https://dlt.by/image/catalog/tovar/dlt_r7237/2022/regular/11.jpg,https://dlt.by/image/catalog/tovar/dlt_r7237/2022/regular/12.jpg,,,,,,,,,,,,,,,,,,,,,,,,,,,,,,,,,,,"
"Циклон для пылесоса (циклонный фильтр), арт.1206",Пылесосы строительные>Аксессуары,1206,2 618.20,"https://dlt.by/image/catalog/image/catalog/tovar/ciklon/2.jpg,https://dlt.by/image/catalog/tovar/ciklon/1-2.jpg,https://dlt.by/image/catalog/tovar/ciklon/3.jpg,https://dlt.by/image/catalog/tovar/ciklon/4.jpg,https://dlt.by/image/catalog/tovar/ciklon/4-1.jpg,https://dlt.by/image/catalog/tovar/ciklon/4-2.jpg,https://dlt.by/image/catalog/tovar/ciklon/7.jpg,https://dlt.by/image/catalog/tovar/ciklon/8-1000x1000.jpg,https://dlt.by/image/catalog/tovar/ciklon/9.jpg,https://dlt.by/image/catalog/tovar/ciklon/10.jpg,https://dlt.by/image/catalog/tovar/ciklon/11.jpg,https://dlt.by/image/catalog/tovar/ciklon/12.jpg,https://dlt.by/image/catalog/tovar/ciklon/13.jpg,https://dlt.by/image/catalog/tovar/ciklon/14.jpeg,https://dlt.by/image/catalog/tovar/ciklon/15.jpg,https://dlt.by/image/catalog/tovar/ciklon/16.jpg,https://dlt.by/image/catalog/tovar/ciklon/17.jpg,https://dlt.by/image/catalog/tovar/ciklon/18.jpeg,https://dlt.by/image/catalog/tovar/ciklon/19.jpg,,,,,,,,,,,,,,,,,,,,,,,,,,,"
"Шлифмашинка Festool PLANEX easy LHS-E 225 EQ, арт.LHS-E 225 EQ","Шлифовальные машины для стен, потолков и пола",LHS-E 225 EQ,95 188.04,"https://dlt.by/image/catalog/image/catalog/lhs-e225eq/1.jpg,https://dlt.by/image/catalog/lhs-e225eq/2.jpg,https://dlt.by/image/catalog/lhs-e225eq/3.jpg,https://dlt.by/image/catalog/lhs-e225eq/3-1.jpg,https://dlt.by/image/catalog/lhs-e225eq/4.jpg,https://dlt.by/image/catalog/lhs-e225eq/4-1.jpg,https://dlt.by/image/catalog/lhs-e225eq/5.jpg,https://dlt.by/image/catalog/lhs-e225eq/6.jpg,https://dlt.by/image/catalog/lhs-e225eq/7.jpg,https://dlt.by/image/catalog/lhs-e225eq/8.jpg,https://dlt.by/image/catalog/lhs-e225eq/9.jpg,https://dlt.by/image/catalog/lhs-e225eq/10.jpg,https://dlt.by/image/catalog/lhs-e225eq/11.jpg,https://dlt.by/image/catalog/lhs-e225eq/12.jpg,https://dlt.by/image/catalog/lhs-e225eq/13.jpg,https://dlt.by/image/catalog/lhs-e225eq/14.jpg,https://dlt.by/image/catalog/lhs-e225eq/15.jpg,,,,,,,,,,,,,,,,,,,,,,,,,,,,,"
"Шлифмашинка MIRKA LEROS 950CV, арт.950CV","Шлифовальные машины для стен, потолков и пола",950CV,98 648.87,"https://dlt.by/image/catalog/image/catalog/tovar/950cv/1.jpg,https://dlt.by/image/catalog/tovar/950cv/1-2.jpg,https://dlt.by/image/catalog/tovar/950cv/2.jpg,https://dlt.by/image/catalog/tovar/950cv/3.jpg,https://dlt.by/image/catalog/tovar/950cv/3-1.jpg,https://dlt.by/image/catalog/tovar/950cv/3-2.jpg,https://dlt.by/image/catalog/tovar/950cv/5.jpg,https://dlt.by/image/catalog/tovar/950cv/6.jpg,https://dlt.by/image/catalog/tovar/950cv/7.jpg,https://dlt.by/image/catalog/tovar/950cv/8.jpg,https://dlt.by/image/catalog/tovar/950cv/9.jpg,https://dlt.by/image/catalog/tovar/950cv/9-1.jpg,https://dlt.by/image/catalog/tovar/950cv/10.jpg,https://dlt.by/image/catalog/tovar/950cv/11.jpg,https://dlt.by/image/catalog/tovar/950cv/12.jpg,https://dlt.by/image/catalog/tovar/950cv/13.jpg,,,,,,,,,,,,,,,,,,,,,,,,,,,,,,"
"Шлифмашинка Festool PLANEX LHS 225 EQ-Plus , арт.LHS 225 EQ-Plus","Шлифовальные машины для стен, потолков и пола",LHS 225 EQ-Plus,133 257.23,"https://dlt.by/image/catalog/image/catalog/tovar/lhs225/1.jpg,https://dlt.by/image/catalog/tovar/lhs225/2.jpg,https://dlt.by/image/catalog/tovar/lhs225/3.jpg,https://dlt.by/image/catalog/tovar/lhs225/4.jpg,https://dlt.by/image/catalog/tovar/lhs225/5.jpg,https://dlt.by/image/catalog/tovar/lhs225/6.jpg,https://dlt.by/image/catalog/tovar/lhs225/7.jpg,https://dlt.by/image/catalog/tovar/lhs225/8.jpg,https://dlt.by/image/catalog/tovar/lhs225/9.jpg,https://dlt.by/image/catalog/tovar/lhs225/10.jpg,https://dlt.by/image/catalog/tovar/lhs225/11.jpeg,https://dlt.by/image/catalog/tovar/lhs225/12.jpg,https://dlt.by/image/catalog/tovar/lhs225/13.jpg,https://dlt.by/image/catalog/tovar/lhs225/14.jpg,https://dlt.by/image/catalog/tovar/lhs225/15.jpg,https://dlt.by/image/catalog/tovar/lhs225/16.jpg,,,,,,,,,,,,,,,,,,,,,,,,,,,,,,"
"Винт - переходник с 1/4 "" на 5/8 "", арт.0003",Лазерные нивелиры (лазерные уровни)>Аксессуары,3,216.68,"https://dlt.by/image/catalog/image/catalog/tovar/1458/0.jpg,https://dlt.by/image/catalog/tovar/1458/0-1.jpg,https://dlt.by/image/catalog/tovar/1458/1.jpg,https://dlt.by/image/catalog/tovar/1458/2.jpg,https://dlt.by/image/catalog/tovar/1458/5.jpg,https://dlt.by/image/catalog/tovar/1458/6.jpg,https://dlt.by/image/catalog/tovar/1458/8.jpg,,,,,,,,,,,,,,,,,,,,,,,,,,,,,,,,,,,,,,,"
"Штатив DLT H120 для лазерного уровня (нивелира) до 1,2м , арт.0203",Аксессуары к нивелирам,203,902.83,"https://dlt.by/image/catalog/easyphoto/260/shtativ-dlt-h120-dlya-lazernogo-urovnya-nivelira-do-1-2m-4.jpg,https://dlt.by/image/catalog/easyphoto/260/shtativ-dlt-h120-dlya-lazernogo-urovnya-nivelira-do-1-2m-1.jpg,https://dlt.by/image/catalog/easyphoto/260/shtativ-dlt-h120-dlya-lazernogo-urovnya-nivelira-do-1-2m-2.jpg,https://dlt.by/image/catalog/easyphoto/260/shtativ-dlt-h120-dlya-lazernogo-urovnya-nivelira-do-1-2m-3.jpg,https://dlt.by/image/catalog/easyphoto/260/shtativ-dlt-h120-dlya-lazernogo-urovnya-nivelira-do-1-2m-5.jpg,https://dlt.by/image/catalog/easyphoto/260/shtativ-dlt-h120-dlya-lazernogo-urovnya-nivelira-do-1-2m-6.jpg,https://dlt.by/image/catalog/easyphoto/260/shtativ-dlt-h120-dlya-lazernogo-urovnya-nivelira-do-1-2m-8.jpg,https://dlt.by/image/catalog/easyphoto/260/shtativ-dlt-h120-dlya-lazernogo-urovnya-nivelira-do-1-2m-7.jpg,https://dlt.by/image/catalog/easyphoto/260/shtativ-dlt-h120-dlya-lazernogo-urovnya-nivelira-do-1-2m-9.jpg,https://dlt.by/image/catalog/easyphoto/260/shtativ-dlt-h120-dlya-lazernogo-urovnya-nivelira-do-1-2m-10.jpg,,,,,,,,,,,,,,,,,,,,,,,,,,,,,,,,,,,,"
"Приемник луча для лазерного уровня (для работы на УЛИЦЕ) DLT PR-1, арт.0227",Аксессуары к нивелирам,227,4 514.13,"https://dlt.by/image/catalog/tovar/priemnic/new/1.jpg,https://dlt.by/image/catalog/tovar/priemnic/new/2.jpg,https://dlt.by/image/catalog/tovar/priemnic/new/3.jpg,https://dlt.by/image/catalog/tovar/priemnic/new/4.jpg,https://dlt.by/image/catalog/tovar/priemnic/new/5.jpg,https://dlt.by/image/catalog/tovar/priemnic/new/6.jpg,https://dlt.by/image/catalog/tovar/priemnic/new/7.png,https://dlt.by/image/catalog/tovar/priemnic/new/8.png,https://dlt.by/image/catalog/tovar/priemnic/new/9.png,https://dlt.by/image/catalog/tovar/priemnic/new/13.png,https://dlt.by/image/catalog/tovar/priemnic/new/14.jpg,https://dlt.by/image/catalog/tovar/priemnic/new/15.jpg,https://dlt.by/image/catalog/tovar/priemnic/new/new/4newnew.jpg,,,,,,,,,,,,,,,,,,,,,,,,,,,,,,,,,"
"Лазерный уровень (нивелир) Fukuda EK-212AG, арт.0178",Лазерные нивелиры (лазерные уровни)>Линейные,178,4 965.55,"https://dlt.by/image/catalog/tovar/ek212ag/qwerty.jpg,https://dlt.by/image/catalog/tovar/ek212ag/r2.jpg,https://dlt.by/image/catalog/tovar/ek212ag/r3.jpg,https://dlt.by/image/catalog/tovar/ek212ag/gif.gif,https://dlt.by/image/catalog/tovar/ek212ag/r5.jpg,https://dlt.by/image/catalog/tovar/ek212ag/r6.jpg,https://dlt.by/image/catalog/tovar/ek212ag/r7.jpg,https://dlt.by/image/catalog/tovar/ek212ag/r8.jpg,https://dlt.by/image/catalog/tovar/ek212ag/r9.jpg,https://dlt.by/image/catalog/tovar/ek212ag/r10.jpg,https://dlt.by/image/catalog/tovar/ek212ag/r11.jpg,https://dlt.by/image/catalog/tovar/ek212ag/r12.jpg,https://dlt.by/image/catalog/tovar/ek212ag/r13.jpg,https://dlt.by/image/catalog/tovar/ek212ag/r14.jpg,https://dlt.by/image/catalog/tovar/ek212ag/r15.jpg,https://dlt.by/image/catalog/tovar/ek212ag/r16.jpg,https://dlt.by/image/catalog/tovar/ek212ag/r17.jpg,https://dlt.by/image/catalog/tovar/ek212ag/r18.jpg,https://dlt.by/image/catalog/tovar/ek212ag/r19.jpg,https://dlt.by/image/catalog/tovar/ek212ag/r20.jpg,https://dlt.by/image/catalog/tovar/ek212ag/r21.jpg,https://dlt.by/image/catalog/tovar/ek212ag/r22.jpg,https://dlt.by/image/catalog/tovar/ek212ag/r23.jpg,,,,,,,,,,,,,,,,,,,,,,,"
Лазерный уровень (нивелир) Fukuda EK-191G PRO,Лазерные нивелиры (лазерные уровни),Fukuda EK-191G,10 984.39,"https://dlt.by/image/catalog/image/catalog/tovar/ek191g/new/fukudaek-191gprosvodnymi.png,https://dlt.by/image/catalog/tovar/ek191g/r2.jpg,https://dlt.by/image/catalog/tovar/ek191g/qwe.jpg,https://dlt.by/image/catalog/tovar/ek191g/gifki_.gif,https://dlt.by/image/catalog/tovar/ek191g/r4.jpg,https://dlt.by/image/catalog/tovar/ek191g/r5.jpg,https://dlt.by/image/catalog/tovar/ek191g/r6.jpg,https://dlt.by/image/catalog/tovar/ek191g/r7.jpg,https://dlt.by/image/catalog/tovar/ek191g/r8.jpg,https://dlt.by/image/catalog/tovar/ek191g/r9.jpg,https://dlt.by/image/catalog/tovar/ek191g/r10.jpg,https://dlt.by/image/catalog/tovar/ek191g/r11.jpg,https://dlt.by/image/catalog/tovar/ek191g/r12.jpg,https://dlt.by/image/catalog/tovar/ek191g/r13.jpg,https://dlt.by/image/catalog/tovar/ek191g/r14.jpg,https://dlt.by/image/catalog/tovar/ek191g/r15.jpg,https://dlt.by/image/catalog/tovar/ek191g/r16.jpg,https://dlt.by/image/catalog/tovar/ek191g/r17.jpg,https://dlt.by/image/catalog/tovar/ek191g/r18.jpg,https://dlt.by/image/catalog/tovar/ek191g/r19.jpg,https://dlt.by/image/catalog/tovar/ek191g/r20.jpg,https://dlt.by/image/catalog/tovar/ek191g/r21.jpg,https://dlt.by/image/catalog/tovar/ek191g/r22.jpg,https://dlt.by/image/catalog/tovar/ek191g/r23.jpg,https://dlt.by/image/catalog/tovar/ek191g/r24.jpg,https://dlt.by/image/catalog/tovar/ek191g/r25.jpg,https://dlt.by/image/catalog/tovar/ek191g/r26.jpg,https://dlt.by/image/catalog/tovar/ek191g/r27.jpg,https://dlt.by/image/catalog/tovar/ek191g/r28.jpg,,,,,,,,,,,,,,,,,"
"Аккумулятор для лазерного нивелира DLT 5800 мА·ч, 3.7 В, арт.0888",Аксессуары к нивелирам,888,601.88,"https://dlt.by/image/catalog/image/catalog/tovar/5800/new/1.jpg,https://dlt.by/image/catalog/tovar/5800/new/2.jpg,https://dlt.by/image/catalog/tovar/5800/new/3.jpg,,,,,,,,,,,,,,,,,,,,,,,,,,,,,,,,,,,,,,,,,,,"
"Лазерный уровень (нивелир) Fukuda MW-94D-4GX PRO, арт.0378",Лазерные нивелиры (лазерные уровни)>4D,378,17 153.71,"https://dlt.by/image/catalog/easyphoto/285/lazernyy-uroven-nivelir-fukuda-mw-94d-4gx-pro-1.jpg,https://dlt.by/image/catalog/tovar/fukudamw94dpro/t3.jpg,https://dlt.by/image/catalog/tovar/fukudamw94dpro/t4.jpg,https://dlt.by/image/catalog/tovar/fukudamw94d-standard/gif-fukuda-mw-94d-4gx.gif,https://dlt.by/image/catalog/tovar/fukudamw94d-standard/izobrazhenie_viber_2021-02-01_12-32-57.jpg,https://dlt.by/image/catalog/tovar/fukudamw94dpro/t6.jpg,https://dlt.by/image/catalog/tovar/fukudamw94dpro/t7.jpg,https://dlt.by/image/catalog/tovar/fukudamw94dpro/t8.jpg,https://dlt.by/image/catalog/tovar/fukudamw94dpro/t9.jpg,https://dlt.by/image/catalog/tovar/fukudamw94dpro/t10.jpg,https://dlt.by/image/catalog/tovar/fukudamw94dpro/t11.jpg,https://dlt.by/image/catalog/tovar/fukudamw94dpro/t12.jpg,https://dlt.by/image/catalog/tovar/fukudamw94dpro/t13.jpg,https://dlt.by/image/catalog/tovar/fukudamw94dpro/t14.jpg,https://dlt.by/image/catalog/tovar/fukudamw94dpro/t15.jpg,https://dlt.by/image/catalog/tovar/fukudamw94dpro/t16.jpg,https://dlt.by/image/catalog/tovar/mw-94dpronew/imja-fotosessii-143_nivelirinternet.jpg,https://dlt.by/image/catalog/tovar/fukudamw94dpro/t18.jpg,https://dlt.by/image/catalog/tovar/fukudamw94dpro/t19.jpg,https://dlt.by/image/catalog/tovar/fukudamw94dpro/t20.jpg,https://dlt.by/image/catalog/tovar/fukudamw94dpro/t21.jpg,https://dlt.by/image/catalog/tovar/fukudamw94dpro/t22.jpg,https://dlt.by/image/catalog/tovar/fukudamw94dpro/t23.jpg,https://dlt.by/image/catalog/tovar/fukudamw94dpro/t24.jpg,https://dlt.by/image/catalog/tovar/fukudamw94dpro/t25.jpg,https://dlt.by/image/catalog/tovar/fukudamw94dpro/t26.jpg,https://dlt.by/image/catalog/tovar/fukudamw94dpro/t27.jpg,https://dlt.by/image/catalog/tovar/fukudamw94dpro/t28.jpg,https://dlt.by/image/catalog/tovar/fukudamw94dpro/t29.jpg,https://dlt.by/image/catalog/tovar/fukudamw94dpro/t30.jpg,https://dlt.by/image/catalog/tovar/fukudamw94dpro/t31.jpg,https://dlt.by/image/catalog/tovar/fukudamw94dpro/t32.jpg,https://dlt.by/image/catalog/tovar/fukudamw94dpro/t33.jpg,,,,,,,,,,,,,"
"Штатив для лазерного уровня (нивелира) , арт.BOSCH BT 150",Аксессуары к нивелирам,BOSCH BT 150,3 821.97,"https://dlt.by/image/catalog/image/catalog/tovar/bt150/1125.jpeg,https://dlt.by/image/catalog/tovar/bt150/original.jpg,,,,,,,,,,,,,,,,,,,,,,,,,,,,,,,,,,,,,,,,,,,,"
"Штатив для лазерного уровня (нивелира) , арт.BOSCH TT 150",Аксессуары к нивелирам,BOSCH TT 150,2 558.01,"https://dlt.by/image/catalog/image/catalog/tovar/tt-150/norm.jpg,https://dlt.by/image/catalog/tovar/tt-150/48061a72c7e3347c0af063b3a3432001ugfh.jpg,,,,,,,,,,,,,,,,,,,,,,,,,,,,,,,,,,,,,,,,,,,,"
"Штанга для лазерного уровня (нивелира) , арт.BOSCH BT 350",Аксессуары к нивелирам,BOSCH BT 350,16 612.01,"https://dlt.by/image/catalog/image/catalog/tovar/bt350/1.jpeg,https://dlt.by/image/catalog/tovar/bt350/129057520_w640_h640_shtanga-bosch-bt.jpg,,,,,,,,,,,,,,,,,,,,,,,,,,,,,,,,,,,,,,,,,,,,"
"Стол рабочий, складной 4 в 1, RUBI арт.66942","Инструмент для укладки плитки>Крупноформат,Инструмент для укладки плитки>Строительные столы, верстаки, подстолья",66942,21 667.84,"https://dlt.by/image/catalog/easyphoto/1692/stol-rabochiy-skladnoy-4-v-1-rubi-art-66942-16.jpg,https://dlt.by/image/catalog/easyphoto/1692/stol-rabochiy-skladnoy-4-v-1-rubi-art-66942-17.jpg,https://dlt.by/image/catalog/easyphoto/1692/stol-rabochiy-skladnoy-4-v-1-rubi-art-66942-19.jpg,https://dlt.by/image/catalog/easyphoto/1692/stol-rabochiy-skladnoy-4-v-1-rubi-art-66942-20.jpg,https://dlt.by/image/catalog/easyphoto/1692/stol-rabochiy-skladnoy-4-v-1-rubi-art-66942-24.jpg,https://dlt.by/image/catalog/easyphoto/1692/stol-rabochiy-skladnoy-4-v-1-rubi-art-66942-28.jpg,https://dlt.by/image/catalog/easyphoto/1692/stol-rabochiy-skladnoy-4-v-1-rubi-art-66942-21.jpg,https://dlt.by/image/catalog/easyphoto/1692/stol-rabochiy-skladnoy-4-v-1-rubi-art-66942-18.jpg,https://dlt.by/image/catalog/easyphoto/1692/stol-rabochiy-skladnoy-4-v-1-rubi-art-66942-25.jpg,https://dlt.by/image/catalog/easyphoto/1692/stol-rabochiy-skladnoy-4-v-1-rubi-art-66942-22.jpg,https://dlt.by/image/catalog/easyphoto/1692/stol-rabochiy-skladnoy-4-v-1-rubi-art-66942-23.jpg,https://dlt.by/image/catalog/easyphoto/1692/stol-rabochiy-skladnoy-4-v-1-rubi-art-66942-29.jpg,https://dlt.by/image/catalog/easyphoto/1692/stol-rabochiy-skladnoy-4-v-1-rubi-art-66942-30.jpg,https://dlt.by/image/catalog/easyphoto/1692/stol-rabochiy-skladnoy-4-v-1-rubi-art-66942-26.jpg,https://dlt.by/image/catalog/easyphoto/1692/stol-rabochiy-skladnoy-4-v-1-rubi-art-66942-27.jpg,https://dlt.by/image/catalog/easyphoto/1692/stol-rabochiy-skladnoy-4-v-1-rubi-art-66942-31.jpg,https://dlt.by/image/catalog/easyphoto/1692/stol-rabochiy-skladnoy-4-v-1-rubi-art-66942-35.jpg,https://dlt.by/image/catalog/easyphoto/1692/stol-rabochiy-skladnoy-4-v-1-rubi-art-66942-32.jpg,https://dlt.by/image/catalog/easyphoto/1692/stol-rabochiy-skladnoy-4-v-1-rubi-art-66942-33.jpg,https://dlt.by/image/catalog/easyphoto/1692/stol-rabochiy-skladnoy-4-v-1-rubi-art-66942-34.jpg,https://dlt.by/image/catalog/easyphoto/1692/stol-rabochiy-skladnoy-4-v-1-rubi-art-66942-36.jpg,https://dlt.by/image/catalog/easyphoto/1692/stol-rabochiy-skladnoy-4-v-1-rubi-art-66942-37.jpg,https://dlt.by/image/catalog/easyphoto/1692/stol-rabochiy-skladnoy-4-v-1-rubi-art-66942-38.jpg,https://dlt.by/image/catalog/easyphoto/1692/stol-rabochiy-skladnoy-4-v-1-rubi-art-66942-39.jpg,https://dlt.by/image/catalog/easyphoto/1692/stol-rabochiy-skladnoy-4-v-1-rubi-art-66942-40.jpg,,,,,,,,,,,,,,,,,,,,,"
"Подстолье складное DLT Сороконожка, 1,2м х 1,2м NEW, арт.1319","Инструмент для укладки плитки>Крупноформат,Инструмент для укладки плитки>Строительные столы, верстаки, подстолья",1319,13 090.99,"https://dlt.by/image/catalog/easyphoto/1691/podstole-skladnoe-dlt-sorokonozhka-1-2m-h-1-2m-21.jpg,https://dlt.by/image/catalog/easyphoto/1691/podstole-skladnoe-dlt-sorokonozhka-1-2m-7.jpg,https://dlt.by/image/catalog/easyphoto/1691/podstole-skladnoe-dlt-sorokonozhka-1-2m-h-1-2m-12.jpg,https://dlt.by/image/catalog/easyphoto/1691/podstole-skladnoe-dlt-sorokonozhka-1-2m-h-1-2m-13.jpg,https://dlt.by/image/catalog/easyphoto/1691/podstole-skladnoe-dlt-sorokonozhka-1-2m-h-1-2m-14.jpg,https://dlt.by/image/catalog/easyphoto/1691/podstole-skladnoe-dlt-sorokonozhka-1-2m-h-1-2m-15.jpg,https://dlt.by/image/catalog/easyphoto/1691/podstole-skladnoe-dlt-sorokonozhka-1-2m-h-1-2m-16.jpg,https://dlt.by/image/catalog/easyphoto/1691/podstole-skladnoe-dlt-sorokonozhka-1-2m-h-1-2m-17.jpg,https://dlt.by/image/catalog/easyphoto/1691/podstole-skladnoe-dlt-sorokonozhka-1-2m-h-1-2m-18.jpg,https://dlt.by/image/catalog/easyphoto/1691/podstole-skladnoe-dlt-sorokonozhka-1-2m-h-1-2m-19.jpg,https://dlt.by/image/catalog/easyphoto/1691/podstole-skladnoe-dlt-sorokonozhka-1-2m-h-1-2m-20.jpg,,,,,,,,,,,,,,,,,,,,,,,,,,,,,,,,,,,"
"Ведро строительное гибкое (черное), 40л, арт.88773",Гибкие ведра и гибкие ёмкости,88773,987.09,"https://dlt.by/image/catalog/easyphoto/1689/vedro-stroitelnoe-gibkoe-chernoe-40l-art-88773-3.jpg,https://dlt.by/image/catalog/easyphoto/1689/vedro-stroitelnoe-gibkoe-chernoe-40l-art-88773-4.jpg,https://dlt.by/image/catalog/easyphoto/1689/vedro-stroitelnoe-gibkoe-chernoe-40l-art-88773-5.jpg,https://dlt.by/image/catalog/easyphoto/1689/vedro-stroitelnoe-gibkoe-chernoe-40l-art-88773-6.jpg,https://dlt.by/image/catalog/easyphoto/1689/vedro-stroitelnoe-gibkoe-chernoe-40l-art-88773-7.jpg,https://dlt.by/image/catalog/easyphoto/1689/vedro-stroitelnoe-gibkoe-chernoe-40l-art-88773-8.jpg,,,,,,,,,,,,,,,,,,,,,,,,,,,,,,,,,,,,,,,,"
"Ведро строительное гибкое (розовое), 40л, арт.88727",Гибкие ведра и гибкие ёмкости,88727,963.02,"https://dlt.by/image/catalog/easyphoto/1688/vedro-stroitelnoe-gibkoe-rozovoe-40l-art-88727-4.jpg,https://dlt.by/image/catalog/easyphoto/1688/vedro-stroitelnoe-gibkoe-rozovoe-40l-art-88727-2.jpg,https://dlt.by/image/catalog/easyphoto/1688/vedro-stroitelnoe-gibkoe-rozovoe-40l-art-88727-3.jpg,https://dlt.by/image/catalog/easyphoto/1688/vedro-stroitelnoe-gibkoe-rozovoe-40l-art-88727-5.jpg,https://dlt.by/image/catalog/easyphoto/1688/vedro-stroitelnoe-gibkoe-rozovoe-40l-art-88727-6.jpg,,,,,,,,,,,,,,,,,,,,,,,,,,,,,,,,,,,,,,,,,"
"Ведро строительное гибкое (оранжевое), 40л, арт.88724",Гибкие ведра и гибкие ёмкости,88724,1 053.30,"https://dlt.by/image/catalog/easyphoto/1687/vedro-stroitelnoe-gibkoe-oranzhevoe-40l-art-88724-2.jpg,https://dlt.by/image/catalog/easyphoto/1687/vedro-stroitelnoe-gibkoe-oranzhevoe-40l-art-88724-3.jpg,https://dlt.by/image/catalog/easyphoto/1687/vedro-stroitelnoe-gibkoe-oranzhevoe-40l-art-88724-4.jpg,https://dlt.by/image/catalog/easyphoto/1687/vedro-stroitelnoe-gibkoe-oranzhevoe-40l-art-88724-5.jpg,https://dlt.by/image/catalog/easyphoto/1687/vedro-stroitelnoe-gibkoe-oranzhevoe-40l-art-88724-6.jpg,,,,,,,,,,,,,,,,,,,,,,,,,,,,,,,,,,,,,,,,,"
"Ведро строительное гибкое (зеленое), 40л, арт.88725",Гибкие ведра и гибкие ёмкости,88725,941.95,"https://dlt.by/image/catalog/easyphoto/1686/vedro-stroitelnoe-gibkoe-zelenoe-40l-art-88728-3.jpg,https://dlt.by/image/catalog/easyphoto/1686/vedro-stroitelnoe-gibkoe-zelenoe-40l-art-88728-5.jpg,https://dlt.by/image/catalog/easyphoto/1686/vedro-stroitelnoe-gibkoe-zelenoe-40l-art-88728-2.jpg,https://dlt.by/image/catalog/easyphoto/1686/vedro-stroitelnoe-gibkoe-zelenoe-40l-art-88728-4.jpg,https://dlt.by/image/catalog/easyphoto/1686/vedro-stroitelnoe-gibkoe-zelenoe-40l-art-88728-6.jpg,,,,,,,,,,,,,,,,,,,,,,,,,,,,,,,,,,,,,,,,,"
"Подстолье складное DLT Сороконожка, 2,35м х 1,2м NEW, арт.1320","Инструмент для укладки плитки>Крупноформат,Инструмент для укладки плитки>Строительные столы, верстаки, подстолья",1320,20 614.54,"https://dlt.by/image/catalog/easyphoto/1690/podstole-skladnoe-dlt-sorokonozhka-2-35m-h-1-2m-new-art-1320-20.jpg,https://dlt.by/image/catalog/easyphoto/1690/podstole-skladnoe-dlt-sorokonozhka-2-35m-h-1-2m-new-art-1320-21.jpg,https://dlt.by/image/catalog/easyphoto/1690/podstole-skladnoe-dlt-sorokonozhka-2-35m-h-1-2m-new-art-1320-22.jpg,https://dlt.by/image/catalog/easyphoto/1690/podstole-skladnoe-dlt-sorokonozhka-2-35m-h-1-2m-new-art-1320-23.jpg,https://dlt.by/image/catalog/easyphoto/1690/podstole-skladnoe-dlt-sorokonozhka-2-35m-h-1-2m-new-art-1320-24.jpg,https://dlt.by/image/catalog/easyphoto/1690/podstole-skladnoe-dlt-sorokonozhka-2-35m-h-1-2m-new-art-1320-25.jpg,https://dlt.by/image/catalog/easyphoto/1690/podstole-skladnoe-dlt-sorokonozhka-2-35m-h-1-2m-new-art-1320-26.jpg,https://dlt.by/image/catalog/easyphoto/1690/podstole-skladnoe-dlt-sorokonozhka-2-35m-h-1-2m-new-art-1320-27.jpg,https://dlt.by/image/catalog/easyphoto/1690/podstole-skladnoe-dlt-sorokonozhka-2-35m-h-1-2m-new-art-1320-28.jpg,https://dlt.by/image/catalog/easyphoto/1690/podstole-skladnoe-dlt-sorokonozhka-2-35m-h-1-2m-new-art-1320-29.jpg,https://dlt.by/image/catalog/easyphoto/1690/podstole-skladnoe-dlt-sorokonozhka-2-35m-h-1-2m-new-art-1320-30.jpg,https://dlt.by/image/catalog/easyphoto/1690/podstole-skladnoe-dlt-sorokonozhka-2-35m-h-1-2m-new-art-1320-31.jpg,https://dlt.by/image/catalog/easyphoto/1690/podstole-skladnoe-dlt-sorokonozhka-2-35m-h-1-2m-new-art-1320-32.jpg,https://dlt.by/image/catalog/easyphoto/1690/podstole-skladnoe-dlt-sorokonozhka-2-35m-h-1-2m-new-art-1320-33.jpg,,,,,,,,,,,,,,,,,,,,,,,,,,,,,,,,"
"Кондуктор (шаблон) для алмазных коронок Ø4-115мм, арт.0791","Инструмент для укладки плитки>Алмазные коронки для плитки>Аксессуары для алмазных коронок,Инструмент для укладки плитки>Кондуктор для алмазных коронок,Инструмент для укладки плитки>Аксессуары для алмазных коронок",791,1 113.49,"https://dlt.by/image/catalog/easyphoto/1683/konduktor-dlya-almaznyh-koronok-4-115mm-2.jpg,https://dlt.by/image/catalog/easyphoto/1683/konduktor-dlya-almaznyh-koronok-4-115mm-3.jpg,https://dlt.by/image/catalog/easyphoto/1683/konduktor-dlya-almaznyh-koronok-4-115mm-4.jpg,https://dlt.by/image/catalog/easyphoto/1683/konduktor-dlya-almaznyh-koronok-4-115mm-5.jpg,https://dlt.by/image/catalog/easyphoto/1683/konduktor-dlya-almaznyh-koronok-4-115mm-6.jpg,https://dlt.by/image/catalog/easyphoto/1683/konduktor-dlya-almaznyh-koronok-4-115mm-7.jpg,https://dlt.by/image/catalog/easyphoto/1683/konduktor-dlya-almaznyh-koronok-4-115mm-8.jpg,https://dlt.by/image/catalog/easyphoto/1683/konduktor-dlya-almaznyh-koronok-4-115mm-9.jpg,,,,,,,,,,,,,,,,,,,,,,,,,,,,,,,,,,,,,,"
"АГШК DLT №10, для сухой шлифовки, #400, 100мм, арт.1296",Инструмент для укладки плитки>Круг алмазный гибкий шлифовальный>АГШК #400,1296,511.60,"https://dlt.by/image/catalog/easyphoto/1684/agshk-dlt-10-dlya-suhoy-shlifovki-400-100mm-3.jpg,https://dlt.by/image/catalog/easyphoto/1684/agshk-dlt-10-dlya-suhoy-shlifovki-400-100mm-4.jpg,https://dlt.by/image/catalog/easyphoto/1684/agshk-dlt-10-dlya-suhoy-shlifovki-400-100mm-6.jpg,https://dlt.by/image/catalog/easyphoto/1684/agshk-dlt-10-dlya-suhoy-shlifovki-400-100mm-5.jpg,,,,,,,,,,,,,,,,,,,,,,,,,,,,,,,,,,,,,,,,,,"
"Гильотина для резки ламината Magnusson 320 , арт.0922",Резаки для ламината,922,9 178.74,"https://dlt.by/image/catalog/image/catalog/tovar/magnusson320/r1.jpg,https://dlt.by/image/catalog/tovar/magnusson320/r2.jpg,https://dlt.by/image/catalog/tovar/magnusson320/r3.jpg,https://dlt.by/image/catalog/tovar/magnusson320/r4.jpg,https://dlt.by/image/catalog/tovar/magnusson320/r5.jpg,https://dlt.by/image/catalog/tovar/magnusson320/r6.jpg,https://dlt.by/image/catalog/tovar/magnusson320/r7.jpg,https://dlt.by/image/catalog/tovar/magnusson320/r8.jpg,https://dlt.by/image/catalog/tovar/magnusson320/r9.jpg,https://dlt.by/image/catalog/tovar/magnusson320/r10.jpg,https://dlt.by/image/catalog/tovar/magnusson320/r11.jpg,https://dlt.by/image/catalog/tovar/magnusson320/r12.jpg,https://dlt.by/image/catalog/tovar/magnusson320/r13.jpg,https://dlt.by/image/catalog/tovar/magnusson320/r14.jpg,https://dlt.by/image/catalog/tovar/magnusson320/r15.jpg,https://dlt.by/image/catalog/tovar/magnusson320/r16.jpg,https://dlt.by/image/catalog/tovar/magnusson320/r17.jpg,https://dlt.by/image/catalog/tovar/magnusson320/r18.jpg,https://dlt.by/image/catalog/tovar/magnusson320/r19.jpg,https://dlt.by/image/catalog/tovar/magnusson320/r20.jpg,,,,,,,,,,,,,,,,,,,,,,,,,,"
"Подъемник для гипсокартонных листов DLT Panel Lifter 335 (подъемник ГКЛ) до 3.35 м, арт.0585",Подъемники для гипсокартона,585,21 968.79,"https://dlt.by/image/catalog/tovar/podymnic/new/new495/1.jpg,https://dlt.by/image/catalog/tovar/podymnic/new/new335/1-0.jpg,https://dlt.by/image/catalog/tovar/podymnic/new/new335/1-01.jpg,https://dlt.by/image/catalog/tovar/podymnic/new/new335/1-1.jpg,https://dlt.by/image/catalog/tovar/podymnic/new/new335/2.jpg,https://dlt.by/image/catalog/tovar/podymnic/new/new335/2-1.jpg,https://dlt.by/image/catalog/tovar/podymnic/new/new335/2-2.jpg,https://dlt.by/image/catalog/tovar/podymnic/new/new335/2-3.jpg,https://dlt.by/image/catalog/tovar/podymnic/new/new335/2-4.jpg,https://dlt.by/image/catalog/tovar/podymnic/new/new335/2-5.jpg,https://dlt.by/image/catalog/tovar/podymnic/new/new335/2-6.jpg,https://dlt.by/image/catalog/tovar/podymnic/new/new335/2-7.jpg,https://dlt.by/image/catalog/tovar/podymnic/new/new335/2-8.jpg,https://dlt.by/image/catalog/tovar/podymnic/new/new335/2-9.jpg,https://dlt.by/image/catalog/tovar/podymnic/new/new335/2-10.jpg,https://dlt.by/image/catalog/tovar/podymnic/new/new335/2-11.jpg,https://dlt.by/image/catalog/tovar/podymnic/new/new335/2-12.jpg,https://dlt.by/image/catalog/tovar/podymnic/new/new335/2-13.jpg,https://dlt.by/image/catalog/tovar/podymnic/new/new335/img_7249-.jpg,https://dlt.by/image/catalog/tovar/podymnic/new/new335/2-15.jpg,https://dlt.by/image/catalog/tovar/podymnic/new/new335/2-16.jpg,https://dlt.by/image/catalog/tovar/podymnic/new/new335/3.jpg,https://dlt.by/image/catalog/tovar/podymnic/new/new335/103.jpg,https://dlt.by/image/catalog/tovar/podymnic/new/new335/104.jpg,https://dlt.by/image/catalog/tovar/podymnic/new/new335/105.jpg,https://dlt.by/image/catalog/tovar/podymnic/new/new335/106.jpg,,,,,,,,,,,,,,,,,,,,"
"Виброприсоска для укладки плитки DLT Vibro PRO, арт.8123","Инструмент для укладки плитки>Присоски для плитки и стекла>Вибрационные присоски,Инструмент для укладки плитки>Вибрационные присоски",8123,9 329.21,"https://dlt.by/image/catalog/tovar/8123/new/0.jpg,https://dlt.by/image/catalog/tovar/8123/new/1.jpg,https://dlt.by/image/catalog/tovar/8123/new/1-1.jpg,https://dlt.by/image/catalog/tovar/8123/new/2.jpg,https://dlt.by/image/catalog/tovar/8123/new/3.jpg,https://dlt.by/image/catalog/tovar/8123/new/4.jpg,https://dlt.by/image/catalog/tovar/8123/new/6.jpg,https://dlt.by/image/catalog/tovar/8123/new/7.jpg,https://dlt.by/image/catalog/tovar/8123/new/8.jpg,https://dlt.by/image/catalog/tovar/8123/new/9.jpg,https://dlt.by/image/catalog/tovar/8123/new/10.jpg,https://dlt.by/image/catalog/tovar/8123/new/11.jpg,https://dlt.by/image/catalog/tovar/8123/new/12.jpg,https://dlt.by/image/catalog/tovar/8123/new/13.jpg,https://dlt.by/image/catalog/tovar/8123/new/14.jpg,https://dlt.by/image/catalog/tovar/8123/new/15.jpg,,,,,,,,,,,,,,,,,,,,,,,,,,,,,,"
"Электрический плиткорез SHIJING 9033, рез до 1200мм (с АВТОМАТИКОЙ), арт.0407","Инструмент для укладки плитки>Плиткорезы электрические (камнерезы, мокрорезы)>Плиткорезы SHIJING,Плиткорезы электрические (камнерезы, мокрорезы)>Плиткорезы SHIJING",407,135 424.02,"https://dlt.by/image/catalog/tovar/shijing-dlina-reza/kombinirovannye/1200_2.jpg,https://dlt.by/image/catalog/tovar/shijing9033/new_photo_06.10/2.png,https://dlt.by/image/catalog/tovar/shijing9033/new_photo_06.10/3.png,https://dlt.by/image/catalog/tovar/shijing9033/new_photo_06.10/4.png,https://dlt.by/image/catalog/tovar/shijing9033/new_photo_06.10/5.png,https://dlt.by/image/catalog/tovar/shijing9033/new_photo_06.10/6.png,https://dlt.by/image/catalog/tovar/shijing9033/new_photo_06.10/7.png,https://dlt.by/image/catalog/tovar/shijing9033/new_photo_06.10/8.png,https://dlt.by/image/catalog/tovar/shijing9033/new_photo_06.10/9.png,https://dlt.by/image/catalog/tovar/shijing9033/new_photo_06.10/9-1.png,https://dlt.by/image/catalog/tovar/shijing9033/new_photo_06.10/9-2.png,https://dlt.by/image/catalog/tovar/shijing9033/new_photo_06.10/9-3.png,https://dlt.by/image/catalog/tovar/shijing9033/new_photo_06.10/9-4.png,https://dlt.by/image/catalog/tovar/shijing9033/new_photo_06.10/9-5.png,https://dlt.by/image/catalog/tovar/shijing9033/new_photo_06.10/9-6.png,https://dlt.by/image/catalog/tovar/shijing9033/new_photo_06.10/9-7.png,https://dlt.by/image/catalog/tovar/shijing9033/new_photo_06.10/9-8.jpg,https://dlt.by/image/catalog/tovar/shijing9033/new_photo_06.10/11.jpg,https://dlt.by/image/catalog/tovar/shijing9033/new_photo_06.10/10.jpg,https://dlt.by/image/catalog/tovar/shijing9033/new_photo_06.10/12.jpg,https://dlt.by/image/catalog/tovar/shijing9033/new_photo_06.10/13.jpg,https://dlt.by/image/catalog/tovar/shijing9033/new_photo_06.10/13-1.jpg,https://dlt.by/image/catalog/tovar/shijing9033/new_photo_06.10/13-2.jpg,https://dlt.by/image/catalog/tovar/shijing9033/new_photo_06.10/14.png,https://dlt.by/image/catalog/tovar/shijing9033/new_photo_06.10/15.png,https://dlt.by/image/catalog/tovar/shijing9033/new_photo_06.10/16.png,https://dlt.by/image/catalog/tovar/shijing9033/new_photo_06.10/16-1.png,https://dlt.by/image/catalog/tovar/shijing9033/new_photo_06.10/16-2.png,https://dlt.by/image/catalog/tovar/shijing9033/new_photo_06.10/18.png,https://dlt.by/image/catalog/tovar/shijing9033/new_photo_06.10/18-1.png,https://dlt.by/image/catalog/tovar/shijing9033/new_photo_06.10/19.png,https://dlt.by/image/catalog/tovar/shijing9033/new_photo_06.10/20.png,https://dlt.by/image/catalog/tovar/shijing9033/new_photo_06.10/20-1.png,https://dlt.by/image/catalog/tovar/shijing9033/new_photo_06.10/21.png,https://dlt.by/image/catalog/tovar/shijing9033/new_photo_06.10/21-1.png,https://dlt.by/image/catalog/tovar/shijing9033/new_photo_06.10/22.png,https://dlt.by/image/catalog/tovar/shijing9033/new_photo_06.10/23.png,https://dlt.by/image/catalog/tovar/shijing9033/new_photo_06.10/24.png,https://dlt.by/image/catalog/tovar/shijing9033/new_photo_06.10/25.png,https://dlt.by/image/catalog/tovar/shijing9033/new_photo_06.10/26.png,https://dlt.by/image/catalog/tovar/shijing9033/new_photo_06.10/27.png,https://dlt.by/image/catalog/tovar/shijing9033/new_photo_06.10/28.png,https://dlt.by/image/catalog/tovar/shijing9033/new_photo_06.10/29.jpg,https://dlt.by/image/catalog/tovar/shijing9033/new_photo_06.10/30.jpg,https://dlt.by/image/catalog/tovar/shijing9033/new_photo_06.10/30-1.jpg,https://dlt.by/image/catalog/tovar/shijing9033/new_photo_06.10/30-2.jpg"
"Электрический плиткорез SHIJING 9051, рез до 1800мм (с АВТОМАТИКОЙ), арт.0437","Инструмент для укладки плитки>Плиткорезы электрические (камнерезы, мокрорезы)>Плиткорезы SHIJING,Плиткорезы электрические (камнерезы, мокрорезы)>Плиткорезы SHIJING",437,198 621.89,"https://dlt.by/image/catalog/tovar/shijing-dlina-reza/kombinirovannye/1800.jpg,https://dlt.by/image/catalog/tovar/el9013/2.png,https://dlt.by/image/catalog/tovar/el9013/3.png,https://dlt.by/image/catalog/tovar/el9013/4.png,https://dlt.by/image/catalog/tovar/el9013/5.png,https://dlt.by/image/catalog/tovar/el9013/6.png,https://dlt.by/image/catalog/tovar/el9013/7.png,https://dlt.by/image/catalog/tovar/el9013/8.png,https://dlt.by/image/catalog/tovar/el9013/9.png,https://dlt.by/image/catalog/tovar/shijing9033/new_photo_06.10/9-1.png,https://dlt.by/image/catalog/tovar/shijing9033/new_photo_06.10/9-2.png,https://dlt.by/image/catalog/tovar/shijing9033/new_photo_06.10/9-3.png,https://dlt.by/image/catalog/tovar/shijing9033/new_photo_06.10/9-4.png,https://dlt.by/image/catalog/tovar/shijing9033/new_photo_06.10/9-5.png,https://dlt.by/image/catalog/tovar/shijing9033/new_photo_06.10/9-6.png,https://dlt.by/image/catalog/tovar/shijing9033/new_photo_06.10/9-7.png,https://dlt.by/image/catalog/tovar/shijing9033/new_photo_06.10/9-8.jpg,https://dlt.by/image/catalog/tovar/shijing9033/new_photo_06.10/10.jpg,https://dlt.by/image/catalog/tovar/shijing9033/new_photo_06.10/11.jpg,https://dlt.by/image/catalog/tovar/shijing9033/new_photo_06.10/12.jpg,https://dlt.by/image/catalog/tovar/shijing9033/new_photo_06.10/13.jpg,https://dlt.by/image/catalog/tovar/shijing9033/new_photo_06.10/13-1.jpg,https://dlt.by/image/catalog/tovar/shijing9033/new_photo_06.10/13-2.jpg,https://dlt.by/image/catalog/tovar/shijing9033/new_photo_06.10/14.png,https://dlt.by/image/catalog/tovar/shijing9033/new_photo_06.10/15.png,https://dlt.by/image/catalog/tovar/shijing9033/new_photo_06.10/16.png,https://dlt.by/image/catalog/tovar/shijing9033/new_photo_06.10/16-1.png,https://dlt.by/image/catalog/tovar/shijing9033/new_photo_06.10/16-2.png,https://dlt.by/image/catalog/tovar/shijing9033/new_photo_06.10/18.png,https://dlt.by/image/catalog/tovar/shijing9033/new_photo_06.10/18-1.png,https://dlt.by/image/catalog/tovar/shijing9033/new_photo_06.10/19.png,https://dlt.by/image/catalog/tovar/shijing9033/new_photo_06.10/20.png,https://dlt.by/image/catalog/tovar/shijing9033/new_photo_06.10/20-1.png,https://dlt.by/image/catalog/tovar/shijing9033/new_photo_06.10/21.png,https://dlt.by/image/catalog/tovar/shijing9033/new_photo_06.10/21-1.png,https://dlt.by/image/catalog/tovar/shijing9033/new_photo_06.10/22.png,https://dlt.by/image/catalog/tovar/shijing9033/new_photo_06.10/23.png,https://dlt.by/image/catalog/tovar/shijing9033/new_photo_06.10/24.png,https://dlt.by/image/catalog/tovar/shijing9033/new_photo_06.10/25.png,https://dlt.by/image/catalog/tovar/shijing9033/new_photo_06.10/26.png,https://dlt.by/image/catalog/tovar/shijing9033/new_photo_06.10/27.png,https://dlt.by/image/catalog/tovar/shijing9033/new_photo_06.10/28.png,https://dlt.by/image/catalog/tovar/shijing9033/new_photo_06.10/29.jpg,https://dlt.by/image/catalog/tovar/shijing9033/new_photo_06.10/30.jpg,https://dlt.by/image/catalog/tovar/shijing9033/new_photo_06.10/30-1.jpg,https://dlt.by/image/catalog/tovar/shijing9033/new_photo_06.10/30-2.jpg"
"Ручной плиткорез RUBI TIGER-1200 (RUBI Hit 1200)(до 1200мм), арт.14979","Инструмент для укладки плитки>Плиткорезы ручные>Плиткорезы RUBI,Плиткорезы ручные>Плиткорезы RUBI",14979,31 598.94,"https://dlt.by/image/catalog/tovar/rubi_tiger/1200/1.jpg,https://dlt.by/image/catalog/tovar/rubi_tiger/1200/1.jpg,https://dlt.by/image/catalog/tovar/rubi_tiger/1200/2.jpg,https://dlt.by/image/catalog/tovar/rubi_tiger/1200/3.jpg,https://dlt.by/image/catalog/tovar/rubi_tiger/1200/4.jpg,https://dlt.by/image/catalog/tovar/rubi_tiger/1200/5.jpg,https://dlt.by/image/catalog/tovar/rubi_tiger/1200/6.jpg,https://dlt.by/image/catalog/tovar/rubi_tiger/1200/7.jpg,https://dlt.by/image/catalog/tovar/rubi_tiger/1200/8.jpg,https://dlt.by/image/catalog/tovar/rubi_tiger/1200/9.jpg,https://dlt.by/image/catalog/tovar/rubi_tiger/1200/10.jpg,https://dlt.by/image/catalog/tovar/rubi_tiger/1200/11.jpg,https://dlt.by/image/catalog/tovar/rubi_tiger/1200/12.jpg,https://dlt.by/image/catalog/tovar/rubi_tiger/1200/12-1.jpg,https://dlt.by/image/catalog/tovar/rubi_tiger/1200/13.jpg,https://dlt.by/image/catalog/tovar/rubi_tiger/1200/15.jpg,https://dlt.by/image/catalog/tovar/rubi_tiger/1200/16.jpg,https://dlt.by/image/catalog/tovar/rubi_tiger/1200/17.jpg,https://dlt.by/image/catalog/tovar/rubi_tiger/1200/18.jpg,https://dlt.by/image/catalog/tovar/rubi_tiger/1200/19.jpg,https://dlt.by/image/catalog/tovar/rubi_tiger/1200/20.png,https://dlt.by/image/catalog/tovar/rubi_tiger/1200/21.png,https://dlt.by/image/catalog/tovar/rubi_tiger/1200/22.png,https://dlt.by/image/catalog/tovar/rubi_tiger/1200/23.jpg,https://dlt.by/image/catalog/tovar/rubi_tiger/1200/24.jpg,https://dlt.by/image/catalog/tovar/rubi_tiger/1200/25.jpg,https://dlt.by/image/catalog/tovar/rubi_tiger/1200/26.jpg,https://dlt.by/image/catalog/tovar/rubi_tiger/1200/27.jpg,https://dlt.by/image/catalog/tovar/rubi_tiger/1200/28.jpg,https://dlt.by/image/catalog/tovar/rubi_tiger/1200/29.jpg,https://dlt.by/image/catalog/tovar/rubi_tiger/1200/30.jpg,https://dlt.by/image/catalog/tovar/rubi_tiger/1200/31.jpg,https://dlt.by/image/catalog/tovar/rubi_tiger/1200/32.jpg,https://dlt.by/image/catalog/tovar/rubi_tiger/1200/33.jpg,https://dlt.by/image/catalog/tovar/rubi_tiger/1200/34.jpg,https://dlt.by/image/catalog/tovar/izobrazhenie_viber_2020-05-25_13-36-34.jpg,,,,,,,,,,"
"Ручной плиткорез RUBI TIGER-1000 (RUBI Hit 1000)(до 1000мм), арт.14966","Инструмент для укладки плитки>Плиткорезы ручные>Плиткорезы RUBI,Плиткорезы ручные>Плиткорезы RUBI",14966,24 075.38,"https://dlt.by/image/catalog/tovar/rubi_tiger/1000/1.jpg,https://dlt.by/image/catalog/tovar/rubi_tiger/1000/2.jpg,https://dlt.by/image/catalog/tovar/rubi_tiger/1000/3.jpg,https://dlt.by/image/catalog/tovar/rubi_tiger/1000/4.jpg,https://dlt.by/image/catalog/tovar/rubi_tiger/1000/5.jpg,https://dlt.by/image/catalog/tovar/rubi_tiger/1000/6.jpg,https://dlt.by/image/catalog/tovar/rubi_tiger/1000/7.jpg,https://dlt.by/image/catalog/tovar/rubi_tiger/1000/8.jpg,https://dlt.by/image/catalog/tovar/rubi_tiger/1000/9.jpg,https://dlt.by/image/catalog/tovar/rubi_tiger/1000/10.jpg,https://dlt.by/image/catalog/tovar/rubi_tiger/1000/11.jpg,https://dlt.by/image/catalog/tovar/rubi_tiger/1000/12.jpg,https://dlt.by/image/catalog/tovar/rubi_tiger/1000/12-1.jpg,https://dlt.by/image/catalog/tovar/rubi_tiger/1000/13.jpg,https://dlt.by/image/catalog/tovar/rubi_tiger/1000/15.jpg,https://dlt.by/image/catalog/tovar/rubi_tiger/1000/16.jpg,https://dlt.by/image/catalog/tovar/rubi_tiger/1000/17.jpg,https://dlt.by/image/catalog/tovar/rubi_tiger/1000/18.jpg,https://dlt.by/image/catalog/tovar/rubi_tiger/1000/19.jpg,https://dlt.by/image/catalog/tovar/rubi_tiger/1000/20.png,https://dlt.by/image/catalog/tovar/rubi_tiger/1000/21.png,https://dlt.by/image/catalog/tovar/rubi_tiger/1000/22.png,https://dlt.by/image/catalog/tovar/rubi_tiger/1000/23.jpg,https://dlt.by/image/catalog/tovar/rubi_tiger/1000/24.jpg,https://dlt.by/image/catalog/tovar/rubi_tiger/1000/25.jpg,https://dlt.by/image/catalog/tovar/rubi_tiger/1000/26.jpg,https://dlt.by/image/catalog/tovar/rubi_tiger/1000/27.jpg,https://dlt.by/image/catalog/tovar/rubi_tiger/1000/28.jpg,https://dlt.by/image/catalog/tovar/rubi_tiger/1000/29.jpg,https://dlt.by/image/catalog/tovar/rubi_tiger/1000/30.jpg,https://dlt.by/image/catalog/tovar/rubi_tiger/1000/31.jpg,https://dlt.by/image/catalog/tovar/rubi_tiger/1000/32.jpg,https://dlt.by/image/catalog/tovar/rubi_tiger/1000/33.jpg,https://dlt.by/image/catalog/tovar/rubi_tiger/1000/34.jpg,https://dlt.by/image/catalog/tovar/izobrazhenie_viber_2020-05-25_13-36-34.jpg,,,,,,,,,,,"
"Ручной плиткорез RUBI TIGER-185 (RUBI Hit 850)(до 850мм), арт.14962","Инструмент для укладки плитки>Плиткорезы ручные>Плиткорезы RUBI,Плиткорезы ручные>Плиткорезы RUBI",14962,22 570.67,"https://dlt.by/image/catalog/tovar/rubi_tiger_185/r1.jpg,https://dlt.by/image/catalog/tovar/rubi_tiger/2.jpg,https://dlt.by/image/catalog/tovar/rubi_tiger/3.jpg,https://dlt.by/image/catalog/tovar/rubi_tiger/4.jpg,https://dlt.by/image/catalog/tovar/rubi_tiger/5.jpg,https://dlt.by/image/catalog/tovar/rubi_tiger/6.jpg,https://dlt.by/image/catalog/tovar/rubi_tiger/7.jpg,https://dlt.by/image/catalog/tovar/rubi_tiger/8.jpg,https://dlt.by/image/catalog/tovar/rubi_tiger/9.jpg,https://dlt.by/image/catalog/tovar/rubi_tiger/10.jpg,https://dlt.by/image/catalog/tovar/rubi_tiger/11.jpg,https://dlt.by/image/catalog/tovar/rubi_tiger/12.jpg,https://dlt.by/image/catalog/tovar/rubi_tiger/12-1.jpg,https://dlt.by/image/catalog/tovar/rubi_tiger/13.jpg,https://dlt.by/image/catalog/tovar/rubi_tiger/15.jpg,https://dlt.by/image/catalog/tovar/rubi_tiger/16.jpg,https://dlt.by/image/catalog/tovar/rubi_tiger/17.jpg,https://dlt.by/image/catalog/tovar/rubi_tiger/18.jpg,https://dlt.by/image/catalog/tovar/rubi_tiger/19.jpg,https://dlt.by/image/catalog/tovar/rubi_tiger/20.png,https://dlt.by/image/catalog/tovar/rubi_tiger/21.png,https://dlt.by/image/catalog/tovar/rubi_tiger/22.png,https://dlt.by/image/catalog/tovar/rubi_tiger/23.jpg,https://dlt.by/image/catalog/tovar/rubi_tiger/24.jpg,https://dlt.by/image/catalog/tovar/rubi_tiger/25.jpg,https://dlt.by/image/catalog/tovar/rubi_tiger/26.jpg,https://dlt.by/image/catalog/tovar/rubi_tiger/27.jpg,https://dlt.by/image/catalog/tovar/rubi_tiger/28.jpg,https://dlt.by/image/catalog/tovar/rubi_tiger/29.jpg,https://dlt.by/image/catalog/tovar/rubi_tiger/30.jpg,https://dlt.by/image/catalog/tovar/rubi_tiger/31.jpg,https://dlt.by/image/catalog/tovar/rubi_tiger/32.jpg,https://dlt.by/image/catalog/tovar/rubi_tiger/33.jpg,https://dlt.by/image/catalog/tovar/rubi_tiger/34.jpg,https://dlt.by/image/catalog/tovar/izobrazhenie_viber_2020-05-25_13-36-34.jpg,,,,,,,,,,,"
"Ручной плиткорез RUBI X-ONE PLUS 850 (рез до 850мм), арт.15905","Инструмент для укладки плитки>Плиткорезы ручные>Плиткорезы RUBI,Плиткорезы ручные>Плиткорезы RUBI",15905,23 473.50,"https://dlt.by/image/catalog/tovar/x-oneplus850/r1.jpg,https://dlt.by/image/catalog/tovar/x-one/newrkjfksd/izobrazhenie_viber_2020-09-01_17-15-29.png,https://dlt.by/image/catalog/850/3.jpg,https://dlt.by/image/catalog/850/3-1.jpg,https://dlt.by/image/catalog/850/4.jpg,https://dlt.by/image/catalog/850/5.jpg,https://dlt.by/image/catalog/850/5-1.jpg,https://dlt.by/image/catalog/850/6.jpg,https://dlt.by/image/catalog/850/7.jpg,https://dlt.by/image/catalog/850/8.jpg,https://dlt.by/image/catalog/850/9.jpg,https://dlt.by/image/catalog/850/10.jpg,https://dlt.by/image/catalog/850/11.jpg,https://dlt.by/image/catalog/850/11-1.jpg,https://dlt.by/image/catalog/850/12.jpg,https://dlt.by/image/catalog/850/13.jpg,https://dlt.by/image/catalog/850/14.jpg,https://dlt.by/image/catalog/850/15.jpg,https://dlt.by/image/catalog/850/16.jpg,https://dlt.by/image/catalog/850/16-1.jpg,https://dlt.by/image/catalog/850/16-2.jpg,https://dlt.by/image/catalog/850/16-3.png,https://dlt.by/image/catalog/850/17.png,https://dlt.by/image/catalog/850/18.png,https://dlt.by/image/catalog/850/19.png,https://dlt.by/image/catalog/850/21.jpg,https://dlt.by/image/catalog/850/22.jpg,https://dlt.by/image/catalog/850/23.jpg,https://dlt.by/image/catalog/850/24.jpg,https://dlt.by/image/catalog/850/25.jpg,https://dlt.by/image/catalog/850/26.jpg,https://dlt.by/image/catalog/850/27.jpg,https://dlt.by/image/catalog/850/28.jpg,https://dlt.by/image/catalog/850/29.jpg,https://dlt.by/image/catalog/850/30.jpg,https://dlt.by/image/catalog/850/31.jpg,https://dlt.by/image/catalog/850/32.jpg,https://dlt.by/image/catalog/850/33.jpg,https://dlt.by/image/catalog/850/34.jpg,https://dlt.by/image/catalog/850/35.jpg,https://dlt.by/image/catalog/850/36.jpg,https://dlt.by/image/catalog/850/37.jpg,https://dlt.by/image/catalog/850/38.jpg,https://dlt.by/image/catalog/tovar/izobrazhenie_viber_2020-05-25_13-36-34.jpg,,"
"Ручной плиткорез RUBI X-ONE PLUS 1000 (до 1000мм), арт.15906","Инструмент для укладки плитки>Плиткорезы ручные>Плиткорезы RUBI,Плиткорезы ручные>Плиткорезы RUBI",15906,26 332.45,"https://dlt.by/image/catalog/tovar/x-oneplus850/ukauapa.jpg,https://dlt.by/image/catalog/tovar/x-one/newrkjfksd/izobrazhenie_viber_2020-09-01_17-15-29.png,https://dlt.by/image/catalog/1000/3.jpg,https://dlt.by/image/catalog/1000/3-1.jpg,https://dlt.by/image/catalog/1000/4.jpg,https://dlt.by/image/catalog/1000/5.jpg,https://dlt.by/image/catalog/1000/5-1.jpg,https://dlt.by/image/catalog/1000/6.jpg,https://dlt.by/image/catalog/1000/7.jpg,https://dlt.by/image/catalog/1000/8.jpg,https://dlt.by/image/catalog/1000/9.jpg,https://dlt.by/image/catalog/1000/10.jpg,https://dlt.by/image/catalog/1000/11.jpg,https://dlt.by/image/catalog/1000/11-1.jpg,https://dlt.by/image/catalog/1000/12.jpg,https://dlt.by/image/catalog/1000/13.jpg,https://dlt.by/image/catalog/1000/14.jpg,https://dlt.by/image/catalog/1000/15.jpg,https://dlt.by/image/catalog/1000/16.jpg,https://dlt.by/image/catalog/1000/16-1.jpg,https://dlt.by/image/catalog/1000/16-2.jpg,https://dlt.by/image/catalog/1000/16-3.png,https://dlt.by/image/catalog/1000/17.png,https://dlt.by/image/catalog/1000/18.png,https://dlt.by/image/catalog/1000/19.png,https://dlt.by/image/catalog/1000/21.jpg,https://dlt.by/image/catalog/1000/22.jpg,https://dlt.by/image/catalog/1000/23.jpg,https://dlt.by/image/catalog/1000/24.jpg,https://dlt.by/image/catalog/1000/25.jpg,https://dlt.by/image/catalog/1000/26.jpg,https://dlt.by/image/catalog/1000/27.jpg,https://dlt.by/image/catalog/1000/28.jpg,https://dlt.by/image/catalog/1000/29.jpg,https://dlt.by/image/catalog/1000/30.jpg,https://dlt.by/image/catalog/1000/31.jpg,https://dlt.by/image/catalog/1000/32.jpg,https://dlt.by/image/catalog/1000/33.jpg,https://dlt.by/image/catalog/1000/34.jpg,https://dlt.by/image/catalog/1000/35.jpg,https://dlt.by/image/catalog/1000/36.jpg,https://dlt.by/image/catalog/1000/37.jpg,https://dlt.by/image/catalog/1000/38.jpg,https://dlt.by/image/catalog/tovar/izobrazhenie_viber_2020-05-25_13-36-34.jpg,,"
"Шпатели для силикона Silicone master, арт.1208",Инструмент для укладки плитки>Шпатели для силикона и герметика>Шпатели и насадки,1208,2 046.41,"https://dlt.by/image/catalog/tovar/1208/1.jpg,https://dlt.by/image/catalog/tovar/1208/2.jpg,https://dlt.by/image/catalog/tovar/1208/3.jpg,https://dlt.by/image/catalog/tovar/1208/4.jpg,https://dlt.by/image/catalog/tovar/1208/5.jpg,https://dlt.by/image/catalog/tovar/1208/6.jpg,https://dlt.by/image/catalog/tovar/1208/7.jpg,https://dlt.by/image/catalog/tovar/1208/8.jpg,,,,,,,,,,,,,,,,,,,,,,,,,,,,,,,,,,,,,,"
"Диск для скругления плитки SHIJING 105мм R10, арт.0240","Инструмент для укладки плитки>Алмазные диски>Алмазные диски для электрических плиткорезов,Инструмент для укладки плитки>Алмазные диски>Алмазные диски для скругления и ступеней,Инструмент для укладки плитки>Плиткорезы электрические (камнерезы, мокрорезы)>Алмазные диски>Алмазные диски для электрических плиткорезов,Инструмент для укладки плитки>Плиткорезы электрические (камнерезы, мокрорезы)>Алмазные диски>Алмазные диски для скругления и ступеней",240,2 257.07,"https://dlt.by/image/catalog/tovar/shijing_120x20/new1/1.jpg,https://dlt.by/image/catalog/tovar/shijing_120x20/new1/2.jpg,https://dlt.by/image/catalog/tovar/shijing_120x20/new1/3.jpg,https://dlt.by/image/catalog/tovar/shijing_120x20/new1/4.jpg,,,,,,,,,,,,,,,,,,,,,,,,,,,,,,,,,,,,,,,,,,"
"Приводной ремень автоведения для электрических станков SHIJING/ DLT, арт.0774","Инструмент для укладки плитки>Плиткорезы электрические (камнерезы, мокрорезы)>Аксессуары для электрических плиткорезов,Инструмент для укладки плитки>Аксессуары для электрических плиткорезов",774,752.36,"https://dlt.by/image/catalog/image/catalog/tovar/remen/1.jpg,,,,,,,,,,,,,,,,,,,,,,,,,,,,,,,,,,,,,,,,,,,,,"
"Строительные наколенники на колесах DLT-Knee Pads, арт.0880",Инструмент для укладки плитки>Наколенники строительные,880,4 815.08,"https://dlt.by/image/catalog/image/catalog/tovar/knee/r4.jpg,https://dlt.by/image/catalog/tovar/knee/r1.jpg,https://dlt.by/image/catalog/tovar/knee/r2.jpg,https://dlt.by/image/catalog/tovar/knee/r5.jpg,https://dlt.by/image/catalog/tovar/knee/r6.jpg,https://dlt.by/image/catalog/tovar/knee/r7.jpg,https://dlt.by/image/catalog/tovar/knee/r8.jpg,https://dlt.by/image/catalog/tovar/knee/r9.jpg,https://dlt.by/image/catalog/tovar/knee/r10.jpg,https://dlt.by/image/catalog/tovar/knee/r11.jpg,https://dlt.by/image/catalog/tovar/knee/r12.jpg,https://dlt.by/image/catalog/tovar/knee/r13.jpg,https://dlt.by/image/catalog/tovar/knee/r14.jpg,https://dlt.by/image/catalog/tovar/knee/r15.jpg,https://dlt.by/image/catalog/tovar/knee/r16.jpg,,,,,,,,,,,,,,,,,,,,,,,,,,,,,,,"
"Роликовый резец для плиткореза DLT Ø22мм, посадка 5мм, серия Standard, арт.1161","Инструмент для укладки плитки>Плиткорезы ручные>Аксессуары для ручных плиткорезов>Резцы,Инструмент для укладки плитки>Аксессуары для ручных плиткорезов,Плиткорезы ручные>Аксессуары для ручных плиткорезов>Резцы",1161,451.41,"https://dlt.by/image/catalog/tovar/dlt225silver/new2022/1.jpg,https://dlt.by/image/catalog/tovar/dlt225silver/new2022/1-2.jpg,https://dlt.by/image/catalog/tovar/dlt225silver/new2022/1-3.jpg,https://dlt.by/image/catalog/tovar/dlt225silver/new2022/2.jpg,https://dlt.by/image/catalog/easyphoto/348/rezets-dlya-plitkoreza-dlt-standard-1.jpg,https://dlt.by/image/catalog/tovar/dlt225silver/new2022/4.jpg,https://dlt.by/image/catalog/tovar/dlt225silver/new2022/5.jpg,,,,,,,,,,,,,,,,,,,,,,,,,,,,,,,,,,,,,,,"
"Миксер строительный (дрель-миксер) DLT Max-XT R6406С, арт.0279","Миксер строительный, дрель-миксер",279,18 056.54,"https://dlt.by/image/catalog/tovar/dltr6406s/new2022/1.jpg,https://dlt.by/image/catalog/tovar/dltr6406s/new2022/2.jpg,https://dlt.by/image/catalog/tovar/dltr6406s/new2022/3.jpg,https://dlt.by/image/catalog/tovar/dltr6406s/new2022/4.jpg,https://dlt.by/image/catalog/tovar/dltr6406s/new2022/5.jpg,https://dlt.by/image/catalog/tovar/dltr6406s/new2022/6.jpg,https://dlt.by/image/catalog/tovar/dltr6406s/new2022/7.jpg,https://dlt.by/image/catalog/tovar/dltr6406s/new2022/8.jpg,https://dlt.by/image/catalog/tovar/dltr6406s/new2022/9.jpg,,,,,,,,,,,,,,,,,,,,,,,,,,,,,,,,,,,,,"
"Профессиональная аккумуляторная дрель-шуруповерт Toua DCD180-AI, арт.Toua DCD180-A",Другое,Toua DCD180-A,8 306.01,"https://dlt.by/image/catalog/image/catalog/tovar/dcd180-a/1.jpg,https://dlt.by/image/catalog/tovar/dcd180-a/2.jpg,https://dlt.by/image/catalog/tovar/dcd180-a/3.jpg,https://dlt.by/image/catalog/tovar/dcd180-a/4.jpg,https://dlt.by/image/catalog/tovar/dcd180-a/5.jpg,https://dlt.by/image/catalog/tovar/dcd180-a/6.jpg,https://dlt.by/image/catalog/tovar/dcd180-a/7.jpg,https://dlt.by/image/catalog/tovar/dcd180-a/8.jpg,https://dlt.by/image/catalog/tovar/dcd180-a/9.jpg,https://dlt.by/image/catalog/tovar/dcd180-a/10.jpg,https://dlt.by/image/catalog/tovar/dcd180-a/11.jpg,https://dlt.by/image/catalog/tovar/dcd180-a/12.jpg,https://dlt.by/image/catalog/tovar/dcd180-a/13.jpg,https://dlt.by/image/catalog/tovar/dcd180-a/14.jpg,https://dlt.by/image/catalog/tovar/dcd180-a/15.jpg,https://dlt.by/image/catalog/tovar/dcd180-a/16.jpg,https://dlt.by/image/catalog/tovar/dcd180-a/17.jpg,https://dlt.by/image/catalog/tovar/dcd180-a/18.jpg,,,,,,,,,,,,,,,,,,,,,,,,,,,,"
"Аккумуляторный шуруповерт-гайковерт Toua DBLW180-B БЕСЩЕТОЧНЫЙ ДВИГАТЕЛЬ, арт.DBLW180-В",Другое,Toua DBLW180-B,16 612.01,"https://dlt.by/image/catalog/image/catalog/tovar/dblw180-b/1.jpg,https://dlt.by/image/catalog/tovar/dblw180-b/1-1.jpg,https://dlt.by/image/catalog/tovar/dblw180-b/2.jpg,https://dlt.by/image/catalog/tovar/dblw180-b/3.jpg,https://dlt.by/image/catalog/tovar/dblw180-b/4.jpg,https://dlt.by/image/catalog/tovar/dblw180-b/5.jpg,https://dlt.by/image/catalog/tovar/dblw180-b/6.jpg,https://dlt.by/image/catalog/tovar/dblw180-b/7.jpg,https://dlt.by/image/catalog/tovar/dblw180-b/8.jpg,,,,,,,,,,,,,,,,,,,,,,,,,,,,,,,,,,,,,"
"Штатив DLT H300 для лазерного уровня (нивелира) до 3,0м, арт.1116",Аксессуары к нивелирам,1116,2 558.01,"https://dlt.by/image/catalog/image/catalog/tovar/h300/2.jpg,https://dlt.by/image/catalog/tovar/h300/1.jpg,https://dlt.by/image/catalog/tovar/h300/3.jpg,https://dlt.by/image/catalog/tovar/h300/4.jpg,https://dlt.by/image/catalog/tovar/h300/5.jpg,https://dlt.by/image/catalog/tovar/h300/6.jpg,https://dlt.by/image/catalog/tovar/h300/7.jpg,https://dlt.by/image/catalog/tovar/h300/8.jpg,https://dlt.by/image/catalog/tovar/h300/9.jpg,https://dlt.by/image/catalog/tovar/h300/10.jpg,https://dlt.by/image/catalog/tovar/h300/11.jpg,,,,,,,,,,,,,,,,,,,,,,,,,,,,,,,,,,,"
"Чехол Rubi для ручного плиткореза (до 1050мм), арт.19821","Инструмент для укладки плитки>Плиткорезы ручные>Аксессуары для ручных плиткорезов>Сумки,Инструмент для укладки плитки>Аксессуары для ручных плиткорезов,Плиткорезы ручные>Аксессуары для ручных плиткорезов>Сумки",19821,2 708.48,"https://dlt.by/image/catalog/tovar/chehol_rubi/1050/izobrazhenie_viber_2020-10-05_13-57-07sdsadsdsad.jpg,https://dlt.by/image/catalog/tovar/chehol_rubi/new/2.jpg,https://dlt.by/image/catalog/tovar/chehol_rubi/new/3.jpg,https://dlt.by/image/catalog/tovar/chehol_rubi/new/4.jpg,https://dlt.by/image/catalog/tovar/chehol_rubi/new/5.jpg,https://dlt.by/image/catalog/tovar/chehol_rubi/2.png,https://dlt.by/image/catalog/tovar/chehol_rubi/4.png,https://dlt.by/image/catalog/tovar/chehol_rubi/5.png,https://dlt.by/image/catalog/tovar/chehol_rubi/5-1.png,https://dlt.by/image/catalog/tovar/chehol_rubi/6.png,https://dlt.by/image/catalog/tovar/chehol_rubi/7.png,https://dlt.by/image/catalog/tovar/chehol_rubi/8.png,https://dlt.by/image/catalog/tovar/chehol_rubi/10.png,https://dlt.by/image/catalog/tovar/chehol_rubi/11.png,https://dlt.by/image/catalog/tovar/chehol_rubi/12.png,,,,,,,,,,,,,,,,,,,,,,,,,,,,,,,"
"Тарелка для черепашек Ø100мм, Полиуретановая (утолщенная), арт.1188",Инструмент для укладки плитки>Круг алмазный гибкий шлифовальный>Аксессуары,1188,481.51,"https://dlt.by/image/catalog/easyphoto/1706/tarelka-dlya-cherepashek-100mm-poliuretanovaya-utolshchennaya-4.jpg,https://dlt.by/image/catalog/easyphoto/1706/tarelka-dlya-cherepashek-100mm-poliuretanovaya-utolshchennaya-5.jpg,https://dlt.by/image/catalog/easyphoto/1706/tarelka-dlya-cherepashek-100mm-poliuretanovaya-utolshchennaya-6.jpg,,,,,,,,,,,,,,,,,,,,,,,,,,,,,,,,,,,,,,,,,,,"
"Чехол Rubi для ручного плиткореза (до 850мм), арт.19819","Инструмент для укладки плитки>Плиткорезы ручные>Аксессуары для ручных плиткорезов>Сумки,Инструмент для укладки плитки>Плиткорезы ручные>Аксессуары для ручных плиткорезов>Сумки,Инструмент для укладки плитки>Аксессуары для ручных плиткорезов,Плиткорезы ручные>Аксессуары для ручных плиткорезов>Сумки",19819,2 558.01,"https://dlt.by/image/catalog/sumki_rubi/bezljamok2.jpg,https://dlt.by/image/catalog/tovar/chehol_rubi/new/2.jpg,https://dlt.by/image/catalog/tovar/chehol_rubi/new/3.jpg,https://dlt.by/image/catalog/tovar/chehol_rubi/new/4.jpg,https://dlt.by/image/catalog/tovar/chehol_rubi/new/5.jpg,https://dlt.by/image/catalog/tovar/chehol_rubi/2.png,https://dlt.by/image/catalog/tovar/chehol_rubi/5-1.png,https://dlt.by/image/catalog/tovar/chehol_rubi/4.png,https://dlt.by/image/catalog/tovar/chehol_rubi/5.png,https://dlt.by/image/catalog/tovar/chehol_rubi/6.png,https://dlt.by/image/catalog/tovar/chehol_rubi/7.png,https://dlt.by/image/catalog/tovar/chehol_rubi/8.png,https://dlt.by/image/catalog/tovar/chehol_rubi/10.png,https://dlt.by/image/catalog/tovar/chehol_rubi/11.png,https://dlt.by/image/catalog/tovar/chehol_rubi/12.png,,,,,,,,,,,,,,,,,,,,,,,,,,,,,,,"
"Чехол Rubi для ручного плиткореза (до 1250мм), арт.19769","Инструмент для укладки плитки>Плиткорезы ручные>Аксессуары для ручных плиткорезов>Сумки,Инструмент для укладки плитки>Аксессуары для ручных плиткорезов,Плиткорезы ручные>Аксессуары для ручных плиткорезов>Сумки",19769,3 159.89,"https://dlt.by/image/catalog/tovar/chehol_rubi/1250/izobrazhenie_viber_2020-10-05_13-57-07dsfsdadewqd.jpg,https://dlt.by/image/catalog/tovar/chehol_rubi/new/2.jpg,https://dlt.by/image/catalog/tovar/chehol_rubi/new/3.jpg,https://dlt.by/image/catalog/tovar/chehol_rubi/new/4.jpg,https://dlt.by/image/catalog/tovar/chehol_rubi/new/5.jpg,https://dlt.by/image/catalog/tovar/chehol_rubi/2.png,https://dlt.by/image/catalog/tovar/chehol_rubi/4.png,https://dlt.by/image/catalog/tovar/chehol_rubi/5.png,https://dlt.by/image/catalog/tovar/chehol_rubi/5-1.png,https://dlt.by/image/catalog/tovar/chehol_rubi/6.png,https://dlt.by/image/catalog/tovar/chehol_rubi/7.png,https://dlt.by/image/catalog/tovar/chehol_rubi/8.png,https://dlt.by/image/catalog/tovar/chehol_rubi/10.png,https://dlt.by/image/catalog/tovar/chehol_rubi/11.png,https://dlt.by/image/catalog/tovar/chehol_rubi/12.png,,,,,,,,,,,,,,,,,,,,,,,,,,,,,,,"
"Лазерный нивелир DLT EK-112R, арт.0173",Лазерные нивелиры (лазерные уровни)>Линейные,173,3 611.31,"https://dlt.by/image/catalog/tovar/112r/new/1.png,https://dlt.by/image/catalog/tovar/112r/new/1-1.gif,https://dlt.by/image/catalog/tovar/112r/new/1-2.png,https://dlt.by/image/catalog/tovar/112r/new/1-3.png,https://dlt.by/image/catalog/tovar/112r/new/2.jpg,https://dlt.by/image/catalog/tovar/112r/new/3.jpg,https://dlt.by/image/catalog/tovar/112r/new/4.jpg,https://dlt.by/image/catalog/tovar/112r/new/10.png,https://dlt.by/image/catalog/tovar/112r/new/11.png,https://dlt.by/image/catalog/tovar/112r/new/14.jpg,https://dlt.by/image/catalog/tovar/112r/new/15.jpg,https://dlt.by/image/catalog/tovar/112r/new/16.jpg,https://dlt.by/image/catalog/tovar/112r/new/17.jpg,https://dlt.by/image/catalog/tovar/112r/new/18.jpg,https://dlt.by/image/catalog/tovar/112r/new/19.jpg,https://dlt.by/image/catalog/tovar/112r/new/19-0.jpg,https://dlt.by/image/catalog/tovar/112r/new/19-1.png,,,,,,,,,,,,,,,,,,,,,,,,,,,,,"
"Малярный шпатель DLT Finish, h-образный, толщина 0,3мм, 35см, арт.0349","Акции на строительный инструмент,Инструмент для укладки плитки>Малярные шпателя",349,872.73,"https://dlt.by/image/catalog/image/catalog/tovar/shpateli/35_n/new/1.jpg,https://dlt.by/image/catalog/tovar/shpateli/35_n/new/2.jpg,https://dlt.by/image/catalog/tovar/shpateli/35_n/new/3.jpg,https://dlt.by/image/catalog/tovar/shpateli/35_n/new/4.jpg,https://dlt.by/image/catalog/tovar/shpateli/35_n/new/5.jpg,https://dlt.by/image/catalog/tovar/shpateli/35_n/new/6.jpg,https://dlt.by/image/catalog/tovar/shpateli/35_n/new/7.jpg,https://dlt.by/image/catalog/tovar/shpateli/35_n/new/8.jpg,https://dlt.by/image/catalog/tovar/shpateli/35_n/new/9.jpg,https://dlt.by/image/catalog/tovar/shpateli/35_n/new/10.jpg,https://dlt.by/image/catalog/tovar/shpateli/35_n/new/11.jpg,https://dlt.by/image/catalog/tovar/shpateli/35_n/new/12.jpg,https://dlt.by/image/catalog/tovar/shpateli/35_n/new_png/10.png,https://dlt.by/image/catalog/tovar/shpateli/35_n/new_png/8.png,,,,,,,,,,,,,,,,,,,,,,,,,,,,,,,,"
"Роликовый резец RUBI Ø22мм, посадка 5мм, серия EXTREME GOLD, арт.01943","Инструмент для укладки плитки>Плиткорезы ручные>Аксессуары для ручных плиткорезов>Резцы,Инструмент для укладки плитки>Аксессуары для ручных плиткорезов,Плиткорезы ручные>Аксессуары для ручных плиткорезов>Резцы",1943,1 956.12,"https://dlt.by/image/catalog/tovar/ref.01943/new/1.jpg,https://dlt.by/image/catalog/tovar/ref.01943/new/2.jpg,https://dlt.by/image/catalog/tovar/ref.01943/new/3.jpg,https://dlt.by/image/catalog/tovar/ref.01943/new/4.jpg,https://dlt.by/image/catalog/tovar/ref.01943/new/5.jpg,https://dlt.by/image/catalog/tovar/ref.01943/new/6.jpg,https://dlt.by/image/catalog/tovar/ref.01943/new/7.jpg,https://dlt.by/image/catalog/tovar/ref.01943/new/8.jpg,https://dlt.by/image/catalog/tovar/ref.01943/new/9.jpg,,,,,,,,,,,,,,,,,,,,,,,,,,,,,,,,,,,,,"
"Роликовый резец RUBI Ø22мм, серия EXTREME GOLD, арт.01944 ","Инструмент для укладки плитки>Плиткорезы ручные>Аксессуары для ручных плиткорезов>Резцы,Инструмент для укладки плитки>Аксессуары для ручных плиткорезов,Плиткорезы ручные>Аксессуары для ручных плиткорезов>Резцы",01944 (01939),2 858.95,"https://dlt.by/image/catalog/tovar/ref.01944/new/0.jpg,https://dlt.by/image/catalog/tovar/ref.01944/new/1.jpg,https://dlt.by/image/catalog/tovar/ref.01944/new/2.jpg,https://dlt.by/image/catalog/tovar/ref.01944/new/3.jpg,https://dlt.by/image/catalog/tovar/ref.01944/new/4.jpg,https://dlt.by/image/catalog/tovar/ref.01944/new/5.jpg,https://dlt.by/image/catalog/tovar/ref.01944/new/6.jpg,https://dlt.by/image/catalog/tovar/ref.01944/new/7.jpg,https://dlt.by/image/catalog/tovar/ref.01944/new/8.jpg,https://dlt.by/image/catalog/tovar/ref.01944/new/12-1.jpg,,,,,,,,,,,,,,,,,,,,,,,,,,,,,,,,,,,,"
"Присоска вакуумная для плитки RUBI, Ø8 дюймов, 110кг, арт.18919",Инструмент для укладки плитки>Присоски для плитки и стекла>Помповые присоски,18919,8 727.33,"https://dlt.by/image/catalog/image/catalog/tovar/rubi18919/new/1.png,https://dlt.by/image/catalog/tovar/rubi18919/new/2.png,https://dlt.by/image/catalog/tovar/rubi18919/new/2-1.jpg,https://dlt.by/image/catalog/tovar/rubi18919/new/2-2.jpg,https://dlt.by/image/catalog/tovar/rubi18919/new/2-3.jpg,https://dlt.by/image/catalog/tovar/rubi18919/new/3.png,https://dlt.by/image/catalog/tovar/rubi18919/new/4.png,https://dlt.by/image/catalog/tovar/rubi18919/new/5.png,https://dlt.by/image/catalog/tovar/rubi18919/new/6.png,https://dlt.by/image/catalog/tovar/rubi18919/new/7.png,https://dlt.by/image/catalog/tovar/rubi18919/new/8.png,https://dlt.by/image/catalog/tovar/rubi18919/new/9.png,,,,,,,,,,,,,,,,,,,,,,,,,,,,,,,,,,"
"Безвоздушный покрасочный аппарат HYVST SPT 210, арт.0126",Окрасочные аппараты и аксессуары>Окрасочные аппараты,126,29 793.28,"https://dlt.by/image/catalog/image/catalog/tovar/spt210/new/1.jpg,https://dlt.by/image/catalog/tovar/spt210/new/1-1.jpg,https://dlt.by/image/catalog/tovar/spt210/new/2.jpg,https://dlt.by/image/catalog/tovar/spt210/new/3.jpg,https://dlt.by/image/catalog/tovar/spt210/new/3-1.jpg,https://dlt.by/image/catalog/tovar/spt210/new/4.jpg,https://dlt.by/image/catalog/tovar/spt210/new/5.jpg,https://dlt.by/image/catalog/tovar/spt210/new/6.jpg,https://dlt.by/image/catalog/tovar/spt210/new/7.jpg,https://dlt.by/image/catalog/tovar/spt210/new/8.jpg,https://dlt.by/image/catalog/tovar/spt210/2.jpg,https://dlt.by/image/catalog/tovar/spt210/3.jpg,https://dlt.by/image/catalog/tovar/spt210/4.jpg,https://dlt.by/image/catalog/tovar/spt210/5.jpg,,,,,,,,,,,,,,,,,,,,,,,,,,,,,,,,"
"Безвоздушный покрасочный аппарат HYVST SPT 440, арт.0128",Окрасочные аппараты и аксессуары>Окрасочные аппараты,128,34 608.36,"https://dlt.by/image/catalog/image/catalog/tovar/spt440/new/1.jpg,https://dlt.by/image/catalog/tovar/spt440/new/2.jpg,https://dlt.by/image/catalog/tovar/spt440/new/3.jpg,https://dlt.by/image/catalog/tovar/spt440/new/4.jpg,https://dlt.by/image/catalog/tovar/spt440/new/4-1.jpg,https://dlt.by/image/catalog/tovar/spt440/new/5.jpg,https://dlt.by/image/catalog/tovar/spt440/new/6.jpg,https://dlt.by/image/catalog/tovar/spt440/1.jpg,https://dlt.by/image/catalog/tovar/spt440/2.jpg,https://dlt.by/image/catalog/tovar/spt440/4.jpg,https://dlt.by/image/catalog/tovar/spt440/5.jpg,https://dlt.by/image/catalog/tovar/spt440/6.jpg,https://dlt.by/image/catalog/tovar/spt440/7.jpg,https://dlt.by/image/catalog/tovar/spt440/8.jpg,,,,,,,,,,,,,,,,,,,,,,,,,,,,,,,,"
"Безвоздушный покрасочный аппарат HYVST SPT 390, арт.1270",Окрасочные аппараты и аксессуары>Окрасочные аппараты,1270,35 812.13,"https://dlt.by/image/catalog/tovar/spt390/new/1.jpg,https://dlt.by/image/catalog/tovar/spt390/new/2.jpg,https://dlt.by/image/catalog/tovar/spt390/new/3.jpg,https://dlt.by/image/catalog/tovar/spt390/new/4.jpg,https://dlt.by/image/catalog/tovar/spt390/new/5.jpg,https://dlt.by/image/catalog/tovar/spt390/new/6.jpg,https://dlt.by/image/catalog/tovar/spt390/new/7.jpg,https://dlt.by/image/catalog/tovar/spt390/new/8.jpg,https://dlt.by/image/catalog/tovar/spt390/new/9.jpg,https://dlt.by/image/catalog/tovar/spt390/new/10.jpg,https://dlt.by/image/catalog/tovar/spt390/new/11.jpg,https://dlt.by/image/catalog/tovar/spt390/2.jpg,https://dlt.by/image/catalog/tovar/spt390/3.jpg,https://dlt.by/image/catalog/tovar/spt390/4.jpg,https://dlt.by/image/catalog/tovar/spt390/5.jpg,,,,,,,,,,,,,,,,,,,,,,,,,,,,,,,"
"Безвоздушный покрасочный аппарат HYVST SPT 490, арт.0129",Окрасочные аппараты и аксессуары>Окрасочные аппараты,129,66 207.30,"https://dlt.by/image/catalog/tovar/spt490/new/1.jpg,https://dlt.by/image/catalog/tovar/spt490/new/1.jpg,https://dlt.by/image/catalog/tovar/spt490/new/2.jpg,https://dlt.by/image/catalog/tovar/spt490/new/3.jpg,https://dlt.by/image/catalog/tovar/spt490/new/4.jpg,https://dlt.by/image/catalog/tovar/spt490/new/5.jpg,https://dlt.by/image/catalog/tovar/spt490/new/6.jpg,https://dlt.by/image/catalog/tovar/spt490/new/7.jpg,https://dlt.by/image/catalog/tovar/spt490/new/8.jpg,https://dlt.by/image/catalog/tovar/spt490/2.jpg,https://dlt.by/image/catalog/tovar/spt490/3.jpg,https://dlt.by/image/catalog/tovar/spt490/4.jpg,https://dlt.by/image/catalog/tovar/spt490/5.jpg,https://dlt.by/image/catalog/tovar/spt490/6.jpg,https://dlt.by/image/catalog/tovar/spt490/7.jpg,,,,,,,,,,,,,,,,,,,,,,,,,,,,,,,"
"Кованый гвоздь DLT Bullet Point по бетону металлу и кирпичу,19мм, (1000шт) + Газовый баллон, арт.1247",Монтажные пистолеты>Гвозди для монтажных пистолетов,1247,2 588.10,"https://dlt.by/image/catalog/tovar/gvozdi/+ballon/gvozdi+ballonsvodnymi.jpg,https://dlt.by/image/catalog/tovar/gvozdi/11_1615788478.jpg,https://dlt.by/image/catalog/tovar/gvozdi/izobrazhenie_viber_2020-08-31_10-20-22.jpg,https://dlt.by/image/catalog/tovar/gvozdi/2.jpg,https://dlt.by/image/catalog/tovar/gvozdi/3.jpg,https://dlt.by/image/catalog/tovar/gvozdi/4.jpg,https://dlt.by/image/catalog/tovar/gvozdi/5.jpg,https://dlt.by/image/catalog/tovar/gvozdi/6.png,,,,,,,,,,,,,,,,,,,,,,,,,,,,,,,,,,,,,,"
"Безвоздушный покрасочный аппарат HYVST SPT 650L, арт.0284",Окрасочные аппараты и аксессуары>Окрасочные аппараты,284,135 424.02,"https://dlt.by/image/catalog/tovar/spt650l/new/1.jpg,https://dlt.by/image/catalog/tovar/spt650l/new/2.jpg,https://dlt.by/image/catalog/tovar/spt650l/new/3.jpg,https://dlt.by/image/catalog/tovar/spt650l/new/4.jpg,https://dlt.by/image/catalog/tovar/spt650l/new/5.jpg,https://dlt.by/image/catalog/tovar/spt650l/new/6.jpg,https://dlt.by/image/catalog/tovar/spt650l/new/7.jpg,https://dlt.by/image/catalog/tovar/spt650l/new/8.jpg,https://dlt.by/image/catalog/tovar/spt650l/2.jpg,https://dlt.by/image/catalog/tovar/spt650l/3.jpg,https://dlt.by/image/catalog/tovar/spt650l/4.jpg,https://dlt.by/image/catalog/tovar/spt650l/5.jpg,https://dlt.by/image/catalog/tovar/spt650l/6.png,https://dlt.by/image/catalog/tovar/spt650l/7.png,https://dlt.by/image/catalog/tovar/spt650l/8.png,,,,,,,,,,,,,,,,,,,,,,,,,,,,,,,"
"Безвоздушный покрасочный аппарат HYVST EPT 270 NEW, арт.0282",Окрасочные аппараты и аксессуары>Окрасочные аппараты,282,87 273.26,"https://dlt.by/image/catalog/tovar/spt270/new/1.jpg,https://dlt.by/image/catalog/tovar/spt270/new/2.jpg,https://dlt.by/image/catalog/tovar/spt270/new/3.jpg,https://dlt.by/image/catalog/tovar/spt270/new/4.jpg,https://dlt.by/image/catalog/tovar/spt270/new/5.jpg,https://dlt.by/image/catalog/tovar/spt270/new/6.jpg,https://dlt.by/image/catalog/tovar/spt270/new/7.jpg,https://dlt.by/image/catalog/tovar/spt270/2.jpg,https://dlt.by/image/catalog/tovar/spt270/2-1.jpg,https://dlt.by/image/catalog/tovar/spt270/3.jpg,,,,,,,,,,,,,,,,,,,,,,,,,,,,,,,,,,,,"
"Безвоздушный покрасочный аппарат HYVST SPT 690, арт.0286",Окрасочные аппараты и аксессуары>Окрасочные аппараты,286,62 896.93,"https://dlt.by/image/catalog/tovar/spt690/new/1.jpg,https://dlt.by/image/catalog/tovar/spt690/new/2.jpg,https://dlt.by/image/catalog/tovar/spt690/new/3.jpg,https://dlt.by/image/catalog/tovar/spt690/new/4.jpg,https://dlt.by/image/catalog/tovar/spt690/new/5.jpg,https://dlt.by/image/catalog/tovar/spt690/new/6.jpg,https://dlt.by/image/catalog/tovar/spt690/new/7.jpg,https://dlt.by/image/catalog/tovar/spt690/new/8.jpg,https://dlt.by/image/catalog/tovar/spt690/new/9.jpg,https://dlt.by/image/catalog/tovar/spt690/2.jpg,https://dlt.by/image/catalog/tovar/spt690/3.jpg,https://dlt.by/image/catalog/tovar/spt690/4.jpg,https://dlt.by/image/catalog/tovar/spt690/5.jpg,,,,,,,,,,,,,,,,,,,,,,,,,,,,,,,,,"
"Безвоздушный покрасочный аппарат HYVST SPT 670, арт.0285",Окрасочные аппараты и аксессуары>Окрасочные аппараты,285,120 075.96,"https://dlt.by/image/catalog/tovar/spt670/new/1.jpg,https://dlt.by/image/catalog/tovar/spt670/new/2.jpg,https://dlt.by/image/catalog/tovar/spt670/new/3.jpg,https://dlt.by/image/catalog/tovar/spt670/new/4.jpg,https://dlt.by/image/catalog/tovar/spt670/new/5.jpg,https://dlt.by/image/catalog/tovar/spt670/new/6.jpg,https://dlt.by/image/catalog/tovar/spt670/new/7.jpg,https://dlt.by/image/catalog/tovar/spt670/new/8.jpg,https://dlt.by/image/catalog/tovar/spt670/new/9.jpg,https://dlt.by/image/catalog/tovar/spt670/2.jpg,https://dlt.by/image/catalog/tovar/spt670/3.jpg,https://dlt.by/image/catalog/tovar/spt670/4.jpg,,,,,,,,,,,,,,,,,,,,,,,,,,,,,,,,,,"
"Безвоздушный покрасочный аппарат HYVST SPT 1080L, арт.0283",Окрасочные аппараты и аксессуары>Окрасочные аппараты,283,207 650.16,"https://dlt.by/image/catalog/tovar/spt1080l/new/4.jpg,https://dlt.by/image/catalog/tovar/spt1080l/new/2.jpg,https://dlt.by/image/catalog/tovar/spt1080l/new/3.jpg,https://dlt.by/image/catalog/tovar/spt1080l/new/5.jpg,https://dlt.by/image/catalog/tovar/spt1080l/new/6.jpg,https://dlt.by/image/catalog/tovar/spt1080l/new/7.jpg,https://dlt.by/image/catalog/tovar/spt1080l/new/8.jpg,https://dlt.by/image/catalog/tovar/spt1080l/2.jpg,https://dlt.by/image/catalog/tovar/spt1080l/4.png,https://dlt.by/image/catalog/tovar/spt1080l/5.png,https://dlt.by/image/catalog/tovar/spt1080l/new/1.jpg,,,,,,,,,,,,,,,,,,,,,,,,,,,,,,,,,,,"
"Безвоздушный покрасочный аппарат HYVST GSGH-6, арт.0125",Окрасочные аппараты и аксессуары>Окрасочные аппараты,125,19 561.25,"https://dlt.by/image/catalog/image/catalog/tovar/gsgh-6/new/1.jpg,https://dlt.by/image/catalog/tovar/gsgh-6/new/1-1.jpg,https://dlt.by/image/catalog/tovar/gsgh-6/new/2.jpg,https://dlt.by/image/catalog/tovar/gsgh-6/new/3.jpg,https://dlt.by/image/catalog/easyphoto/429/bezvozdushnyy-pokrasochnyy-apparat-hyvst-gsgh-6-1.jpg,https://dlt.by/image/catalog/tovar/gsgh-6/new/5.jpg,https://dlt.by/image/catalog/tovar/gsgh-6/new/6.jpg,https://dlt.by/image/catalog/tovar/gsgh-6/1.jpg,https://dlt.by/image/catalog/tovar/gsgh-6/6.jpg,https://dlt.by/image/catalog/tovar/gsgh-6/4.jpg,https://dlt.by/image/catalog/tovar/gsgh-6/8.jpg,https://dlt.by/image/catalog/tovar/gsgh-6/7.jpg,https://dlt.by/image/catalog/tovar/gsgh-6/2.jpg,https://dlt.by/image/catalog/tovar/gsgh-6/3.jpg,,,,,,,,,,,,,,,,,,,,,,,,,,,,,,,,"
"Лазерный уровень Fukuda MW-93T-3-3GX комплект Professional, арт.0180",Лазерные нивелиры (лазерные уровни)>3D,180,20 464.07,"https://dlt.by/image/catalog/easyphoto/434/lazernyy-uroven-fukuda-mw-93t-3-3gx-komplekt-professional-1.png,https://dlt.by/image/catalog/easyphoto/434/lazernyy-uroven-fukuda-mw-93t-3-3gx-komplekt-professional-2.jpg,https://dlt.by/image/catalog/easyphoto/434/lazernyy-uroven-fukuda-mw-93t-3-3gx-komplekt-professional-3.jpg,https://dlt.by/image/catalog/easyphoto/434/lazernyy-uroven-fukuda-mw-93t-3-3gx-komplekt-professional-4.jpg,https://dlt.by/image/catalog/easyphoto/434/lazernyy-uroven-fukuda-mw-93t-3-3gx-komplekt-professional-5.jpg,https://dlt.by/image/catalog/easyphoto/434/lazernyy-uroven-fukuda-mw-93t-3-3gx-komplekt-professional-6.jpg,https://dlt.by/image/catalog/easyphoto/434/lazernyy-uroven-fukuda-mw-93t-3-3gx-komplekt-professional-7.jpg,https://dlt.by/image/catalog/easyphoto/434/lazernyy-uroven-fukuda-mw-93t-3-3gx-komplekt-professional-8.jpg,https://dlt.by/image/catalog/easyphoto/434/lazernyy-uroven-fukuda-mw-93t-3-3gx-komplekt-professional-9.jpg,https://dlt.by/image/catalog/easyphoto/434/lazernyy-uroven-fukuda-mw-93t-3-3gx-komplekt-professional-10.jpg,https://dlt.by/image/catalog/easyphoto/434/lazernyy-uroven-fukuda-mw-93t-3-3gx-komplekt-professional-11.jpg,https://dlt.by/image/catalog/easyphoto/434/lazernyy-uroven-fukuda-mw-93t-3-3gx-komplekt-professional-12.png,https://dlt.by/image/catalog/easyphoto/434/lazernyy-uroven-fukuda-mw-93t-3-3gx-komplekt-professional-13.jpg,https://dlt.by/image/catalog/easyphoto/434/lazernyy-uroven-fukuda-mw-93t-3-3gx-komplekt-professional-14.jpg,https://dlt.by/image/catalog/easyphoto/434/lazernyy-uroven-fukuda-mw-93t-3-3gx-komplekt-professional-15.png,https://dlt.by/image/catalog/easyphoto/434/lazernyy-uroven-fukuda-mw-93t-3-3gx-komplekt-professional-16.png,https://dlt.by/image/catalog/easyphoto/434/lazernyy-uroven-fukuda-mw-93t-3-3gx-komplekt-professional-17.png,https://dlt.by/image/catalog/easyphoto/434/lazernyy-uroven-fukuda-mw-93t-3-3gx-komplekt-professional-18.png,https://dlt.by/image/catalog/easyphoto/434/lazernyy-uroven-fukuda-mw-93t-3-3gx-komplekt-professional-19.png,https://dlt.by/image/catalog/easyphoto/434/lazernyy-uroven-fukuda-mw-93t-3-3gx-komplekt-professional-20.png,https://dlt.by/image/catalog/easyphoto/434/lazernyy-uroven-fukuda-mw-93t-3-3gx-komplekt-professional-21.png,https://dlt.by/image/catalog/easyphoto/434/lazernyy-uroven-fukuda-mw-93t-3-3gx-komplekt-professional-22.png,https://dlt.by/image/catalog/easyphoto/434/lazernyy-uroven-fukuda-mw-93t-3-3gx-komplekt-professional-23.png,https://dlt.by/image/catalog/easyphoto/434/lazernyy-uroven-fukuda-mw-93t-3-3gx-komplekt-professional-24.png,https://dlt.by/image/catalog/easyphoto/434/lazernyy-uroven-fukuda-mw-93t-3-3gx-komplekt-professional-25.png,https://dlt.by/image/catalog/easyphoto/434/lazernyy-uroven-fukuda-mw-93t-3-3gx-komplekt-professional-26.png,https://dlt.by/image/catalog/easyphoto/434/lazernyy-uroven-fukuda-mw-93t-3-3gx-komplekt-professional-27.png,https://dlt.by/image/catalog/easyphoto/434/lazernyy-uroven-fukuda-mw-93t-3-3gx-komplekt-professional-28.jpg,,,,,,,,,,,,,,,,,,"
"Кованый гвоздь DLT Bullet Point по бетону металлу и кирпичу,16мм, (1000шт) + Газовый баллон, арт.1246",Монтажные пистолеты>Гвозди для монтажных пистолетов,1246,2 497.82,"https://dlt.by/image/catalog/tovar/gvozdi/+ballon/gvozdi+ballonsvodnymi.jpg,https://dlt.by/image/catalog/tovar/gvozdi/11_1615788478.jpg,https://dlt.by/image/catalog/tovar/gvozdi/izobrazhenie_viber_2020-08-31_10-20-22.jpg,https://dlt.by/image/catalog/tovar/gvozdi/2.jpg,https://dlt.by/image/catalog/tovar/gvozdi/3.jpg,https://dlt.by/image/catalog/tovar/gvozdi/4.jpg,https://dlt.by/image/catalog/tovar/gvozdi/5.jpg,https://dlt.by/image/catalog/tovar/gvozdi/6.png,,,,,,,,,,,,,,,,,,,,,,,,,,,,,,,,,,,,,,"
"Кованый гвоздь DLT Bullet Point по бетону металлу и кирпичу,22мм, (1000шт) + Газовый баллон, арт.1248",Монтажные пистолеты>Гвозди для монтажных пистолетов,1248,2 648.29,"https://dlt.by/image/catalog/tovar/gvozdi/+ballon/gvozdi+ballonsvodnymi.jpg,https://dlt.by/image/catalog/tovar/gvozdi/11_1615788478.jpg,https://dlt.by/image/catalog/tovar/gvozdi/izobrazhenie_viber_2020-08-31_10-20-22.jpg,https://dlt.by/image/catalog/tovar/gvozdi/2.jpg,https://dlt.by/image/catalog/tovar/gvozdi/3.jpg,https://dlt.by/image/catalog/tovar/gvozdi/4.jpg,https://dlt.by/image/catalog/tovar/gvozdi/5.jpg,https://dlt.by/image/catalog/tovar/gvozdi/6.png,,,,,,,,,,,,,,,,,,,,,,,,,,,,,,,,,,,,,,"
"Кованый гвоздь DLT Bullet Point по бетону металлу и кирпичу,25мм, (1000шт) + Газовый баллон, арт.1249",Монтажные пистолеты>Гвозди для монтажных пистолетов,1249,2 738.57,"https://dlt.by/image/catalog/tovar/gvozdi/+ballon/gvozdi+ballonsvodnymi.jpg,https://dlt.by/image/catalog/tovar/gvozdi/11_1615788478.jpg,https://dlt.by/image/catalog/tovar/gvozdi/izobrazhenie_viber_2020-08-31_10-20-22.jpg,https://dlt.by/image/catalog/tovar/gvozdi/2.jpg,https://dlt.by/image/catalog/tovar/gvozdi/3.jpg,https://dlt.by/image/catalog/tovar/gvozdi/4.jpg,https://dlt.by/image/catalog/tovar/gvozdi/5.jpg,https://dlt.by/image/catalog/tovar/gvozdi/6.png,,,,,,,,,,,,,,,,,,,,,,,,,,,,,,,,,,,,,,"
"Боковая линейка DLT Keep для плиткореза, арт.0277","Инструмент для укладки плитки>Плиткорезы ручные>Аксессуары для ручных плиткорезов>Разное,Инструмент для укладки плитки>Аксессуары для электрических плиткорезов,Плиткорезы ручные>Аксессуары для ручных плиткорезов>Разное",277,1 835.75,"https://dlt.by/image/catalog/tovar/log_dlt/1-1000x1000-800x800.jpg,https://dlt.by/image/catalog/dltkeep/2-1000x1000.png,https://dlt.by/image/catalog/dltkeep/3-1000x1000.png,https://dlt.by/image/catalog/dltmal/4.jpg,https://dlt.by/image/catalog/dltmal/5.jpg,https://dlt.by/image/catalog/dltmal/6.jpg,https://dlt.by/image/catalog/dltkeep/7-1000x1000.png,https://dlt.by/image/catalog/dltkeep/8-1000x1000.png,https://dlt.by/image/catalog/dltkeep/9-1000x1000.png,https://dlt.by/image/catalog/dltkeep/10-1000x1000.png,https://dlt.by/image/catalog/dltkeep/11-1000x1000.png,https://dlt.by/image/catalog/dltmal/12.jpg,https://dlt.by/image/catalog/dltmal/13.jpg,https://dlt.by/image/catalog/dltmal/14.jpg,https://dlt.by/image/catalog/dltmal/15.jpg,https://dlt.by/image/catalog/dltmal/16.jpg,https://dlt.by/image/catalog/dltmal/17.jpg,https://dlt.by/image/catalog/dltmal/18.jpg,https://dlt.by/image/catalog/dltmal/19.jpg,https://dlt.by/image/catalog/dltmal/20.jpg,https://dlt.by/image/catalog/dltmal/21.jpg,https://dlt.by/image/catalog/dltmal/22.jpg,https://dlt.by/image/catalog/dltmal/23.jpg,,,,,,,,,,,,,,,,,,,,,,,"
"Боковой упор-линейка DLT Keep Pro для плиткореза, арт.0130","Инструмент для укладки плитки>Плиткорезы ручные>Аксессуары для ручных плиткорезов>Разное,Инструмент для укладки плитки>Аксессуары для ручных плиткорезов,Плиткорезы ручные>Аксессуары для ручных плиткорезов>Разное",130,3 159.89,"https://dlt.by/image/catalog/tovar/log_dlt/1-1000x1000(1)-800x800.jpg,https://dlt.by/image/catalog/dltbol/1-1.jpg,https://dlt.by/image/catalog/dltbol/1-2.jpg,https://dlt.by/image/catalog/dltkeep_pro/2-1000x1000.png,https://dlt.by/image/catalog/dltbol/5.jpg,https://dlt.by/image/catalog/dltbol/6.jpg,https://dlt.by/image/catalog/dltbol/7.jpg,https://dlt.by/image/catalog/dltbol/8.jpg,https://dlt.by/image/catalog/dltbol/9.jpg,https://dlt.by/image/catalog/dltbol/10.jpg,https://dlt.by/image/catalog/dltkeep_pro/11-1000x1000.png,https://dlt.by/image/catalog/dltbol/12.jpg,https://dlt.by/image/catalog/dltbol/13.jpg,https://dlt.by/image/catalog/dltbol/14.jpg,https://dlt.by/image/catalog/dltbol/15.jpg,https://dlt.by/image/catalog/dltbol/16.jpg,https://dlt.by/image/catalog/dltbol/17.jpg,https://dlt.by/image/catalog/dltbol/18.jpg,https://dlt.by/image/catalog/dltbol/19.jpg,https://dlt.by/image/catalog/dltbol/20.jpg,https://dlt.by/image/catalog/dltbol/21.jpg,https://dlt.by/image/catalog/dltbol/22.jpg,https://dlt.by/image/catalog/dltbol/23.jpg,https://dlt.by/image/catalog/dltbol/24.jpg,https://dlt.by/image/catalog/dltbol/25.jpg,https://dlt.by/image/catalog/dltbol/26.jpg,,,,,,,,,,,,,,,,,,,,"
"Коронка алмазная DLT&9plitok, ПРЕМИУМ класс, вакуумная пайка, 16мм, арт.0259",Инструмент для укладки плитки>Алмазные коронки для плитки>Алмазные коронки по керамограниту (вакуумная пайка),259,872.73,"https://dlt.by/image/catalog/image/catalog/tovar/koronka/14_15_16/16_new/1.jpg,https://dlt.by/image/catalog/tovar/koronka/14_15_16/16_new/2.jpg,https://dlt.by/image/catalog/tovar/koronka/14_15_16/16_new/3.jpg,https://dlt.by/image/catalog/tovar/koronka/14_15_16/16_new/5.jpg,https://dlt.by/image/catalog/tovar/koronka/14_15_16/16_new/7.jpg,https://dlt.by/image/catalog/tovar/koronka/14_15_16/16_new/7-1.jpg,https://dlt.by/image/catalog/tovar/koronka/14_15_16/16_new/8.jpg,https://dlt.by/image/catalog/tovar/koronka/14_15_16/16_new/8-1.jpg,https://dlt.by/image/catalog/tovar/koronka/14_15_16/16_new/9.jpg,https://dlt.by/image/catalog/tovar/koronka/14_15_16/16_new/9-1.jpg,https://dlt.by/image/catalog/tovar/koronka/14_15_16/16_new/10.jpg,https://dlt.by/image/catalog/tovar/koronka/14_15_16/16_new/10-1.jpg,https://dlt.by/image/catalog/tovar/koronka/14_15_16/16_new/11.jpg,https://dlt.by/image/catalog/tovar/koronka/14_15_16/16_new/12.jpg,,,,,,,,,,,,,,,,,,,,,,,,,,,,,,,,"
"Коронка алмазная DLT&9plitok, ПРЕМИУМ класс, вакуумная пайка, 18мм, арт.0260",Инструмент для укладки плитки>Алмазные коронки для плитки>Алмазные коронки по керамограниту (вакуумная пайка),260,1 023.20,"https://dlt.by/image/catalog/image/catalog/tovar/koronka/18_20/18_n/1.jpg,https://dlt.by/image/catalog/tovar/koronka/18_20/18_n/2.jpg,https://dlt.by/image/catalog/tovar/koronka/18_20/18_n/3.jpg,https://dlt.by/image/catalog/tovar/koronka/18_20/18_n/5.jpg,https://dlt.by/image/catalog/tovar/koronka/18_20/18_n/7.jpg,https://dlt.by/image/catalog/tovar/koronka/18_20/18_n/7-1.jpg,https://dlt.by/image/catalog/tovar/koronka/18_20/18_n/8.jpg,https://dlt.by/image/catalog/tovar/koronka/18_20/18_n/8-1.jpg,https://dlt.by/image/catalog/tovar/koronka/18_20/18_n/9.jpg,https://dlt.by/image/catalog/tovar/koronka/18_20/18_n/9-1.jpg,https://dlt.by/image/catalog/tovar/koronka/18_20/18_n/10.jpg,https://dlt.by/image/catalog/tovar/koronka/18_20/18_n/10-1.jpg,https://dlt.by/image/catalog/tovar/koronka/18_20/18_n/11.jpg,https://dlt.by/image/catalog/tovar/koronka/18_20/18_n/12.jpg,,,,,,,,,,,,,,,,,,,,,,,,,,,,,,,,"