Название,Родительская категория>Подкатегория>Подподкатегория
"Лазерный уровень (нивелир) Huepar HP-902CG, арт.0219",Лазерные нивелиры (лазерные уровни)>2D
"Лазерный уровень (нивелир) Huepar HP-901CG, арт.0220",Лазерные нивелиры (лазерные уровни)>1D
"Коронка алмазная DLT&9plitok, ПРЕМИУМ класс, вакуумная пайка, 15мм, арт.0258",Алмазная оснастка>Алмазные коронки для плитки
"Адаптер для наклона лазерного уровня, арт.0779",Аксессуары к нивелирам
"Плиткорез DLT PROLINE, рез до 1200мм, арт.0611",Плиткорезы ручные>Плиткорезы DLT
"Распорная штанга DLT H400 для лазерного уровня (нивелира) до 4 м, арт.0200",Аксессуары к нивелирам
"Штатив DLT H150 для лазерного уровня (нивелира) до 1,5м, арт.0204",Аксессуары к нивелирам
"Адаптер - переходник для лазерного уровня Fukuda MW-94D-4GX, арт.1414",Аксессуары к нивелирам
"Штатив для лазерного уровня (нивелира) , арт.BOSCH BT 250",Аксессуары к нивелирам
"Набор строительных карандашей BIHUI, 3шт, 180мм, арт.ТСМ3",Инструмент для укладки плитки>Строительные маркеры и карандаши
"Лазерный уровень (нивелир)  Huepar FL360G, арт.0221",Лазерные нивелиры (лазерные уровни)>1D
"Трегер для лазерного уровня (нивелира) DLT TR1 , арт.0171",Аксессуары к нивелирам
"Газовый баллон Toua для строительного монтажного пистолета, арт.1227",Монтажные пистолеты>Гвозди для монтажных пистолетов
"Ходули строительные STILTS (24-40), арт.0187",Ходули строительные
"Ходули строительные STILTS (18-30), арт.0186",Ходули строительные
"Распорная штанга DLT H280 для лазерного уровня (нивелира) до 2,8 м, арт.0199",Аксессуары к нивелирам
"Аккумулятор (Li-ion) FIRECORE, Fukuda, Huepar 4000mAh, арт.0625",Аксессуары к нивелирам
"Ультражесткая шлифовальная тарелка DLT GrandFlex H-HT для шлифмашин, арт. 0527 (DLT H-HT)",Шлифовальные машины для стен/потолков/пола>Аксессуары шлифмашин
"Мягкая шлифовальная тарелка для шлифмашин Жираф DLT HT, арт.0884",Шлифовальные машины для стен/потолков/пола>Аксессуары шлифмашин
"3D Лазерный уровень DLT EK-212 PRO, арт.0174",Лазерные нивелиры (лазерные уровни)>3D
"Уровень строительный 60см, RUBI арт. 76930",Инструмент для укладки плитки>Уровни строительные
"Аккумулятор (Li-ion) FIRECORE, Fukuda, Huepar 2600mAh, арт.0624",Аксессуары к нивелирам
"Окошко защитное для лазерного уровня HUEPAR (GW01H-902), арт.1123",Аксессуары к нивелирам
"Мишень магнитная DLT ТG2 для лазерного нивелира , арт.0112",Аксессуары к нивелирам
"Набор алмазных коронок №22, арт.1122",Алмазная оснастка>Алмазные коронки для плитки>Наборы алмазных коронок
"Мишень магнитная DLT TR2 для лазерного нивелира, арт.0113",Аксессуары к нивелирам
"Очки DLT Laser Glasses GREEN для лазерного нивелира, арт.0132",Аксессуары к нивелирам
"Очки DLT Laser Glasses RED для лазерного нивелира, арт.0133",Аксессуары к нивелирам
"Штатив DLT HT155 для лазерного уровня (нивелира) до 1,55м, арт.0377",Аксессуары к нивелирам
"4D Нивелир лазерный DLT MW-94D PRO, арт.0184",Лазерные нивелиры (лазерные уровни)>3D
"Тепловизор Hti HT-04D (160×120), арт.HT-04D",Бренды
"Тепловизор Hti HT-18 (220×160), арт.HT-18",Бренды
"Тепловизор Hti HT-A1 (220×160), арт.HT-A1",Бренды
"Тепловизор Hti HT-A2 (320×240), арт.HT-A2",Бренды
"Электрический плиткорез SHIJING 9232, рез до 1200мм (БЕЗ автоматики), арт.0761",Плиткорезы электрические (камнерезы/мокрорезы)>Плиткорезы SHIJING
"Газовый гвоздезабивной монтажный пистолет Toua GSN F1, арт.0139",Монтажные пистолеты>Монтажные гвоздезабивные пистолеты
"Плиткорез механический DLT Optima-1000, (версия Plus), рез до 1000мм, арт.1131",Плиткорезы ручные>Плиткорезы DLT
"Гильотина для резки ламината DLT STRATICUT 230, арт.0920",Резаки для ламината
"Установка алмазного сверления (бурения) KEN 6130N, арт.0339",Установки алмазного сверления>KEN
"Наклонная стойка (станина) для установки алмазного сверления, арт.0323",Установки алмазного сверления
"Смеситель строительный DLT GrandFlex М62 (R6218), арт.0278",Миксер строительный/дрель-миксер
"Газовый гвоздезабивной монтажный пистолет Toua GSN F1+, арт.0145",Монтажные пистолеты>Монтажные гвоздезабивные пистолеты
"Газовый гвоздезабивной монтажный пистолет Toua GSN50, арт.0137",Монтажные пистолеты>Монтажные гвоздезабивные пистолеты
"Газовый гвоздезабивной монтажный пистолет Toua GSN50+, арт.0146",Монтажные пистолеты>Монтажные гвоздезабивные пистолеты
"Газовый гвоздезабивной монтажный пистолет Toua GSN50E, арт.1977",Монтажные пистолеты
"Баннер демонстрационный BIHUI, арт.BPG12",Рекламная продукция (мерч)
"Коронка алмазная DLT&9plitok, ПРЕМИУМ класс, вакуумная пайка, 6мм, арт.0484",Алмазная оснастка>Алмазные коронки для плитки
"Коронка алмазная DLT&9plitok, ПРЕМИУМ класс, вакуумная пайка, 10мм, арт.0251",Алмазная оснастка>Алмазные коронки для плитки
"Коронка алмазная DLT&9plitok, ПРЕМИУМ класс, вакуумная пайка, 8мм, арт.0267",Алмазная оснастка>Алмазные коронки для плитки
"Коронка алмазная DLT&9plitok, ПРЕМИУМ класс, вакуумная пайка, 12мм, арт.0256",Алмазная оснастка>Алмазные коронки для плитки
"Аккумуляторная болгарка (УШМ) Toua DBLAG115 БЕСЩЕТОЧНЫЙ ДВИГАТЕЛЬ, арт.DBLAG115",Другое
"Коронка алмазная DLT&9plitok, ПРЕМИУМ класс, вакуумная пайка, 14мм, арт.0257",Алмазная оснастка>Алмазные коронки для плитки
"Кованый гвоздь DLT Bullet Point по бетону металлу и кирпичу,32мм, (1000шт) + Газовый баллон, арт.1250",Монтажные пистолеты>Гвозди для монтажных пистолетов
"Профессиональный аккумулятор для оборудованиеов Toua 18V 4000 mAhI, арт.Toua 18V4000",Другое
"Профессиональная аккумуляторная дрель-шуруповерт Toua DCD180-2AI, арт.Toua DCD180-2A",Другое
"Профессиональная аккумуляторная циркулярная пила Toua DCC180 I, арт.Toua DCC180",Другое
"Аккумуляторный перфоратор SDS + Toua DBLH180 БЕСЩЕТОЧНЫЙ ДВИГАТЕЛЬ, арт.DBLH180",Другое
"Аккумуляторный шуруповерт-гайковерт Toua DBLW180 БЕСЩЕТОЧНЫЙ ДВИГАТЕЛЬ, арт.DBLW180",Другое
"Профессиональная аккумуляторная дрель-шуруповерт Toua DCD120I, арт.Toua DCD120",Другое
"Шлифмашина Жираф DLT GrandFlex V34 (R7234 ), арт.0193",Шлифовальные машины для стен/потолков/пола>Шлифмашины Жираф
"Подъемник для гипсокартонных листов DLT Panel Lifter 490 (подъемник ГКЛ) до 4.7 м., арт.4900",Подъемники для гипсокартона
"Дрель алмазного сверления (бурения) KEN 6110B, арт.0380",Установки алмазного сверления>KEN
"Установка алмазного сверления (бурения) KEN 6180N, арт.0438",Установки алмазного сверления>KEN
"Установка алмазного сверления (бурения) KEN 6200N, арт.0340",Установки алмазного сверления>KEN
"Установка алмазного сверления (бурения) KEN 6250N, арт.0341",Установки алмазного сверления>KEN
"Распорная штанга DLT H360 для лазерного уровня (нивелира) до 3,6 м, арт.0376",Аксессуары к нивелирам
"Крепление с микролифтом для лазерного уровня (нивелира) DLT ND1, арт.0216",Аксессуары к нивелирам
"Лазерный дальномер монокуляр SNDWAY SW-600А, арт.0431",Лазерные рулетки (красный лазер)
"Лазерный дальномер монокуляр SNDWAY SW-1500А, арт.0436",Лазерные рулетки (красный лазер)
"Крепление для лазерного уровня (нивелира) DLT ND5, арт.0781",Аксессуары к нивелирам
"Платформа для лазерного уровня (нивелира) DLT PL1, арт.0780",Аксессуары к нивелирам
"Трегер DLT TR2 для лазерного уровня (нивелира), арт.0782",Аксессуары к нивелирам
"Рейка для лазерного уровня (нивелира) DLT TS-2, арт.0162",Аксессуары к нивелирам
"Лазерный уровень (нивелир) DLT EK-400GX, арт.0176",Лазерные нивелиры (лазерные уровни)>Линейные
"Шлифмашина Жираф DLT R7237, арт.0194",Шлифовальные машины для стен/потолков/пола>Шлифмашины Жираф 
"Шлифовальная машинка Жираф MAC ALLISTER MEDS710F, арт.MEDS710F",Шлифовальные машины для стен/потолков/пола
"Шлифовальная машинка Жираф MAC ALLISTER, арт. MSDS600F",Шлифовальные машины для стен/потолков/пола
"Треугольная насадка для шлифмашин Жираф, арт.DLT R3437",Шлифовальные машины для стен/потолков/пола>Аксессуары шлифмашин
"Циклон для пылесоса (циклонный фильтр), арт.1206",Пылесосы строительные>Аксессуары
"Шлифмашинка Festool PLANEX easy LHS-E 225 EQ, арт.LHS-E 225 EQ",Шлифовальные машины для стен/потолков/пола
"Шлифмашинка MIRKA LEROS 950CV, арт.950CV",Шлифовальные машины для стен/потолков/пола
"Шлифмашинка Festool PLANEX LHS 225 EQ-Plus , арт.LHS 225 EQ-Plus",Шлифовальные машины для стен/потолков/пола
"Винт - переходник с 1/4 "" на 5/8 "", арт.0003",Лазерные нивелиры (лазерные уровни)>Аксессуары
"Штатив DLT H120 для лазерного уровня (нивелира) до 1,2м , арт.0203",Аксессуары к нивелирам
"Приемник луча для лазерного уровня (для работы на УЛИЦЕ) DLT PR-1, арт.0227",Аксессуары к нивелирам
"Лазерный уровень (нивелир) Fukuda EK-212AG, арт.0178",Лазерные нивелиры (лазерные уровни)>Линейные
Лазерный уровень (нивелир) Fukuda EK-191G PRO,Лазерные нивелиры (лазерные уровни)
"Аккумулятор для лазерного нивелира DLT 5800 мА·ч, 3.7 В, арт.0888",Аксессуары к нивелирам
"Лазерный уровень (нивелир) Fukuda MW-94D-4GX PRO, арт.0378",Лазерные нивелиры (лазерные уровни)>4D
"Штатив для лазерного уровня (нивелира) , арт.BOSCH BT 150",Аксессуары к нивелирам
"Штатив для лазерного уровня (нивелира) , арт.BOSCH TT 150",Аксессуары к нивелирам
"Штанга для лазерного уровня (нивелира) , арт.BOSCH TP 320",Аксессуары к нивелирам
"Штанга для лазерного уровня (нивелира) , арт.BOSCH BT 350",Аксессуары к нивелирам
"Стол рабочий, складной 4 в 1, RUBI арт.66942",Инструмент для укладки плитки>Строительные столы/верстаки/подстолья
"Подстолье складное DLT Сороконожка, 1,2м х 1,2м NEW, арт.1319",Инструмент для укладки плитки>Строительные столы/верстаки/подстолья
"Ведро строительное гибкое (черное), 40л, арт.88773",Гибкие ведра и гибкие ёмкости
"Ведро строительное гибкое (розовое), 40л, арт.88727",Гибкие ведра и гибкие ёмкости
"Ведро строительное гибкое (оранжевое), 40л, арт.88724",Гибкие ведра и гибкие ёмкости
"Ведро строительное гибкое (зеленое), 40л, арт.88725",Гибкие ведра и гибкие ёмкости
"Подстолье складное DLT Сороконожка, 2,35м х 1,2м NEW, арт.1320",Инструмент для укладки плитки>Строительные столы/верстаки/подстолья
"Кондуктор (шаблон) для алмазных коронок Ø4-115мм, арт.0791",Алмазная оснастка>Алмазные коронки для плитки
"АГШК DLT №10, для сухой шлифовки, #400, 100мм, арт.1296",Инструмент для укладки плитки>Круг алмазный гибкий шлифовальный
"Гильотина для резки ламината Magnusson 320 , арт.0922",Резаки для ламината
"Подъемник для гипсокартонных листов DLT Panel Lifter 335 (подъемник ГКЛ) до 3.35 м, арт.0585",Подъемники для гипсокартона
"Виброприсоска для укладки плитки DLT Vibro PRO, арт.8123",Инструмент для укладки плитки>Присоски для плитки и стекла>Вибрационные присоски
"Электрический плиткорез SHIJING 9033, рез до 1200мм (с АВТОМАТИКОЙ), арт.0407",Инструмент для укладки плитки>Плиткорезы электрические (камнерезы/мокрорезы)>Плиткорезы SHIJING
"Электрический плиткорез SHIJING 9051, рез до 1800мм (с АВТОМАТИКОЙ), арт.0437",Инструмент для укладки плитки>Плиткорезы электрические (камнерезы/мокрорезы)>Плиткорезы SHIJING
"Ручной плиткорез RUBI TIGER-1200 (RUBI Hit 1200)(до 1200мм), арт.14979",Инструмент для укладки плитки>Плиткорезы ручные>Плиткорезы RUBI
"Ручной плиткорез RUBI TIGER-1000 (RUBI Hit 1000)(до 1000мм), арт.14966",Инструмент для укладки плитки>Плиткорезы ручные>Плиткорезы RUBI
"Ручной плиткорез RUBI TIGER-185 (RUBI Hit 850)(до 850мм), арт.14962",Инструмент для укладки плитки>Плиткорезы ручные>Плиткорезы RUBI
"Ручной плиткорез RUBI X-ONE PLUS 850 (рез до 850мм), арт.15905",Инструмент для укладки плитки>Плиткорезы ручные>Плиткорезы RUBI
"Ручной плиткорез RUBI X-ONE PLUS 1000 (до 1000мм), арт.15906",Инструмент для укладки плитки>Плиткорезы ручные>Плиткорезы RUBI
"Шпатели для силикона Silicone master, арт.1208",Инструмент для укладки плитки>Шпатели для силикона и герметика
"Диск для скругления плитки SHIJING 105мм R10, арт.0240",Алмазная оснастка>Алмазные диски>Алмазные диски для электрических плиткорезов
"Приводной ремень автоведения для электрических станков SHIJING/ DLT, арт.0774",Запчасти>Плиткорезы электрические>DLT OptiTronic Auto (версия PRO)
"Строительные наколенники на колесах DLT-Knee Pads, арт.0880",Инструмент для укладки плитки>Наколенники строительные
"Роликовый резец для плиткореза DLT Ø22мм, посадка 5мм, серия Standard, арт.1161",Плиткорезы ручные>Аксессуары для ручных плиткорезов>Резцы
"Миксер строительный (дрель-миксер) DLT Max-XT R6406С, арт.0279",Миксер строительный/дрель-миксер
"Профессиональная аккумуляторная дрель-шуруповерт Toua DCD180-AI, арт.Toua DCD180-A",Другое
"Аккумуляторный шуруповерт-гайковерт Toua DBLW180-B БЕСЩЕТОЧНЫЙ ДВИГАТЕЛЬ, арт.DBLW180-В",Другое
"Штатив DLT H300 для лазерного уровня (нивелира) до 3,0м, арт.1116",Аксессуары к нивелирам
"Чехол Rubi для ручного плиткореза (до 1050мм), арт.19821",Плиткорезы ручные>Аксессуары для ручных плиткорезов>Сумки
"Тарелка для черепашек Ø100мм, Полиуретановая (утолщенная), арт.1188",Инструмент для укладки плитки>Круг алмазный гибкий шлифовальный
"Чехол Rubi для ручного плиткореза (до 850мм), арт.19819",Плиткорезы ручные>Аксессуары для ручных плиткорезов>Сумки
"Чехол Rubi для ручного плиткореза (до 1250мм), арт.19769",Плиткорезы ручные>Аксессуары для ручных плиткорезов>Сумки
"Лазерный нивелир DLT EK-112R, арт.0173",Лазерные нивелиры (лазерные уровни)>Линейные
"Малярный шпатель DLT Finish, h-образный, толщина 0,3мм, 35см, арт.0349",Инструмент для укладки плитки>Малярные шпателя
"Роликовый резец RUBI Ø22мм, посадка 5мм, серия EXTREME GOLD, арт.01943",Плиткорезы ручные>Аксессуары для ручных плиткорезов>Резцы
"Роликовый резец RUBI Ø22мм, серия EXTREME GOLD, арт.01944 ",Плиткорезы ручные>Аксессуары для ручных плиткорезов>Резцы
"Присоска вакуумная для плитки RUBI, Ø8 дюймов, 110кг, арт.18919",Инструмент для укладки плитки>Присоски для плитки и стекла>Помповые присоски
"Безвоздушный покрасочный аппарат HYVST SPT 210, арт.0126",Окрасочные аппараты и аксессуары>Окрасочные аппараты
"Безвоздушный покрасочный аппарат HYVST SPT 440, арт.0128",Окрасочные аппараты и аксессуары>Окрасочные аппараты
"Безвоздушный покрасочный аппарат HYVST SPT 390, арт.1270",Окрасочные аппараты и аксессуары>Окрасочные аппараты
"Безвоздушный покрасочный аппарат HYVST SPT 490, арт.0129",Окрасочные аппараты и аксессуары>Окрасочные аппараты
"Кованый гвоздь DLT Bullet Point по бетону металлу и кирпичу,19мм, (1000шт) + Газовый баллон, арт.1247",Монтажные пистолеты>Гвозди для монтажных пистолетов
"Безвоздушный покрасочный аппарат HYVST SPT 650L, арт.0284",Окрасочные аппараты и аксессуары>Окрасочные аппараты
"Безвоздушный покрасочный аппарат HYVST EPT 270 NEW, арт.0282",Окрасочные аппараты и аксессуары>Окрасочные аппараты
"Безвоздушный покрасочный аппарат HYVST SPT 690, арт.0286",Окрасочные аппараты и аксессуары>Окрасочные аппараты
"Безвоздушный покрасочный аппарат HYVST SPT 670, арт.0285",Окрасочные аппараты и аксессуары>Окрасочные аппараты
"Безвоздушный покрасочный аппарат HYVST SPT 1080L, арт.0283",Окрасочные аппараты и аксессуары>Окрасочные аппараты
"Безвоздушный покрасочный аппарат HYVST GSGH-6, арт.0125",Окрасочные аппараты и аксессуары>Окрасочные аппараты
"Лазерный уровень Fukuda MW-93T-3-3GX комплект Professional, арт.0180",Лазерные нивелиры (лазерные уровни)>3D
"Кованый гвоздь DLT Bullet Point по бетону металлу и кирпичу,16мм, (1000шт) + Газовый баллон, арт.1246",Монтажные пистолеты>Гвозди для монтажных пистолетов
"Кованый гвоздь DLT Bullet Point по бетону металлу и кирпичу,22мм, (1000шт) + Газовый баллон, арт.1248",Монтажные пистолеты>Гвозди для монтажных пистолетов
"Кованый гвоздь DLT Bullet Point по бетону металлу и кирпичу,25мм, (1000шт) + Газовый баллон, арт.1249",Монтажные пистолеты>Гвозди для монтажных пистолетов
"Боковая линейка DLT Keep для плиткореза, арт.0277",Плиткорезы ручные>Аксессуары для ручных плиткорезов>Разное
"Боковой упор-линейка DLT Keep Pro для плиткореза, арт.0130",Плиткорезы ручные>Аксессуары для ручных плиткорезов>Разное
"Коронка алмазная DLT&9plitok, ПРЕМИУМ класс, вакуумная пайка, 16мм, арт.0259",Алмазная оснастка>Алмазные коронки для плитки
"Коронка алмазная DLT&9plitok, ПРЕМИУМ класс, вакуумная пайка, 18мм, арт.0260",Алмазная оснастка>Алмазные коронки для плитки
"Коронка алмазная DLT&9plitok, ПРЕМИУМ класс, вакуумная пайка, 20мм, арт.0261",Алмазная оснастка>Алмазные коронки для плитки
"Коронка алмазная DLT&9plitok, ПРЕМИУМ класс, вакуумная пайка, 25мм, арт.0262",Алмазная оснастка>Алмазные коронки для плитки
"Коронка алмазная DLT&9plitok, ПРЕМИУМ класс, вакуумная пайка, 32мм, арт.0485",Алмазная оснастка>Алмазные коронки для плитки
"Коронка алмазная DLT&9plitok, ПРЕМИУМ класс, вакуумная пайка, 35мм, арт.0486",Алмазная оснастка>Алмазные коронки для плитки
"Коронка алмазная DLT&9plitok, ПРЕМИУМ класс, вакуумная пайка, 40мм, арт.0488",Алмазная оснастка>Алмазные коронки для плитки
"Коронка алмазная DLT&9plitok, ПРЕМИУМ класс, вакуумная пайка, 45мм, арт.0489",Алмазная оснастка>Алмазные коронки для плитки
"Коронка алмазная DLT&9plitok, ПРЕМИУМ класс, вакуумная пайка, 50мм, арт.0264",Алмазная оснастка>Алмазные коронки для плитки
"Коронка алмазная DLT&9plitok, ПРЕМИУМ класс, вакуумная пайка, 55мм, арт.0265",Алмазная оснастка>Алмазные коронки для плитки
"Коронка алмазная DLT&9plitok, ПРЕМИУМ класс, вакуумная пайка, 60мм, арт.0266",Алмазная оснастка>Алмазные коронки для плитки
"Коронка алмазная DLT&9plitok, ПРЕМИУМ класс, вакуумная пайка, 68мм, арт.0490",Алмазная оснастка>Алмазные коронки для плитки
"Коронка алмазная DLT&9plitok, ПРЕМИУМ класс, вакуумная пайка, 70мм, арт.0491",Алмазная оснастка>Алмазные коронки для плитки
"Коронка алмазная DLT&9plitok, ПРЕМИУМ класс, вакуумная пайка, 100мм, арт.0249",Алмазная оснастка>Алмазные коронки для плитки
"Коронка алмазная DLT&9plitok, ПРЕМИУМ класс, вакуумная пайка, 105мм, арт.0250",Алмазная оснастка>Алмазные коронки для плитки
"Коронка алмазная DLT&9plitok, ПРЕМИУМ класс, вакуумная пайка, 110мм, арт.0252",Алмазная оснастка>Алмазные коронки для плитки
"Коронка алмазная DLT&9plitok, ПРЕМИУМ класс, вакуумная пайка, 115мм, арт.0253",Алмазная оснастка>Алмазные коронки для плитки
"Коронка алмазная DLT&9plitok, ПРЕМИУМ класс, вакуумная пайка, 120мм, арт.0254",Алмазная оснастка>Алмазные коронки для плитки
"Коронка алмазная DLT&9plitok, ПРЕМИУМ класс, вакуумная пайка, 125мм, арт.0255",Алмазная оснастка>Алмазные коронки для плитки
"Коронка алмазная DLT&9plitok, ПРЕМИУМ класс, вакуумная пайка, 28мм, арт.0263",Алмазная оснастка>Алмазные коронки для плитки
"Фреза алмазная DLT&9plitok, пальчиковая, ПРЕМИУМ класса, 6мм, арт.0097",Алмазная оснастка>Алмазные коронки для плитки
"Фреза алмазная DLT&9plitok, пальчиковая, ПРЕМИУМ класса, 8мм, арт.0848",Алмазная оснастка>Алмазные коронки для плитки
"Фреза алмазная DLT&9plitok, пальчиковая, ПРЕМИУМ класса, 10мм, арт.0094",Алмазная оснастка>Алмазные коронки для плитки
"Фреза алмазная DLT&9plitok, пальчиковая, ПРЕМИУМ класса, 12мм, арт.0849",Алмазная оснастка>Алмазные коронки для плитки
"Фреза алмазная DLT&9plitok, пальчиковая, ПРЕМИУМ класса, 20мм, арт.0095",Алмазная оснастка>Алмазные коронки для плитки
"Фреза алмазная DLT&9plitok, пальчиковая, ПРЕМИУМ класса, 25мм, арт.0850",Алмазная оснастка>Алмазные коронки для плитки
"Фреза алмазная DLT&9plitok, пальчиковая, ПРЕМИУМ класса, 30мм, арт.0096",Алмазная оснастка>Алмазные коронки для плитки
"Адаптер-переходник с М14 на дрель, арт.0287",Алмазная оснастка>Алмазные коронки для плитки
"Кондуктор (шаблон) для алмазных коронок Ø4,5,6,7,8,10,12 мм, арт.0313",Алмазная оснастка>Аксессуары для алмазных коронок
"Тарелка опорная для алмазных черепашек Ø100мм (алюминиевая), арт.0664",Инструмент для укладки плитки>Круг алмазный гибкий шлифовальный
"Сетка абразивная 225 мм Р80 (упаковка 10шт), арт.1697",Акции на строительный инструмент
"Фреза алмазная конусная (сверло шарошка алмазное коническое) BIHUI, 2-38мм, арт.DMC238",Алмазная оснастка>Алмазные коронки для плитки
"Диск отрезной алмазный для плиткорезов SHIJING и DLT, 120мм, арт.0764",Алмазная оснастка>Алмазные диски>Алмазные диски для электрических плиткорезов
"Алмазный диск для заусовки плитки под 45°, DLT №2, арт.0940",Алмазная оснастка>Алмазные диски>Алмазные диски для заусовки плитки под 45°
"Диск для снятия верхнего слоя SHIJING 100x20, арт.0241",Алмазная оснастка>Алмазные диски>Алмазные диски для электрических плиткорезов
"Диск шлифовальный для снятия фаски SHIJING 85x20, арт.0959",Алмазная оснастка>Алмазные диски>Алмазные диски для электрических плиткорезов
"Алмазный притир (шлифовальный брусок) BIHUI, #60, арт.DHP060",Инструмент для укладки плитки>Алмазные притиры>Р50-60
"Алмазный притир (шлифовальный брусок) BIHUI, #120, арт.DHP120",Инструмент для укладки плитки>Алмазные притиры>Р100-120
"Алмазный притир (шлифовальный брусок) BIHUI, #200, арт.DHP200",Инструмент для укладки плитки>Алмазные притиры>Р200
"Алмазный притир (шлифовальный брусок) BIHUI, #400, арт.DHP400",Инструмент для укладки плитки>Алмазные притиры>Р300-400
"Помповая присоска BIHUI для гладкой и слаборельефной поверхности, Ø6 дюймов, арт.SCVM6",Инструмент для укладки плитки>Присоски для плитки и стекла>Помповые присоски
"Помповая присоска BIHUI для гладкой и рельефной поверхности, Ø8 дюймов, арт.SCVU8 ",Инструмент для укладки плитки>Присоски для плитки и стекла>Помповые присоски
"Помповая присоска BIHUI для гладкой и слаборельефной поверхности, Ø8 дюймов, арт.SCVM8 	",Инструмент для укладки плитки>Присоски для плитки и стекла>Помповые присоски
"Тройная присоска BIHUI для гладкой поверхности, арт.SCTB4",Инструмент для укладки плитки>Присоски для плитки и стекла>Обычные присоски
"Одинарная присоска BIHUI для гладкой поверхности, арт.SCSB4",Инструмент для укладки плитки>Присоски для плитки и стекла>Обычные присоски
"Стол раскладной для крупноформатных плит BIHUI, арт.LFWB",Инструмент для укладки плитки>Строительные столы/верстаки/подстолья
"Тележка для перевозки и обработки керамогранита BIHUI, арт.LFCART",Инструмент для укладки плитки>Крупноформат
"Система переноски крупноформатного керамогранита BIHUI SLIM TRANS 4, арт.LFCSV4",Инструмент для укладки плитки>Крупноформат
"Крепление адаптер для АГШК BIHUI резиновое Ø100мм, арт.DPPH4",Инструмент для укладки плитки>Круг алмазный гибкий шлифовальный>Аксессуары
"Алмазный гибкий круг (черепашка) BIHUI Ø100мм, #50, арт.DPP405",Инструмент для укладки плитки>Круг алмазный гибкий шлифовальный>АГШК #50-60
"Кондуктор (шаблон) BIHUI для алмазных коронок Ø4-115мм, арт.DBGM",Алмазные коронки для плитки>Аксессуары для алмазных коронок
"Алмазный гибкий круг (черепашка) BIHUI Ø100мм, #1500, арт.DPP415",Инструмент для укладки плитки>Круг алмазный гибкий шлифовальный>АГШК #500–3000
"Алмазный гибкий круг (черепашка) BIHUI Ø100мм, #800, арт.DPP480",Инструмент для укладки плитки>Круг алмазный гибкий шлифовальный>АГШК #500–3000
"Алмазный гибкий круг (черепашка) BIHUI Ø100мм, #200, арт.DPP420",Инструмент для укладки плитки>Круг алмазный гибкий шлифовальный>АГШК #200
"АГШК DLT №2, для сухой шлифовки, #400, 100мм, арт.1165",Инструмент для укладки плитки>Круг алмазный гибкий шлифовальный>АГШК #400
"Ведро для плиточника с роликами BIHUI (кювета) 19л, арт.TWS19",Инструмент для укладки плитки>Ведро плиточника
"Кожух пылеуловитель для УШМ от BIHUI, арт.DCWDE5",Инструмент для укладки плитки>Кожухи для УШМ/Пылеуловители/Кондукторы.>Пылеуловители для УШМ
"Набор гребенок BIHUI (8 предметов), арт.PTSJG8",Инструмент для укладки плитки>Гребенки>Наборы
"Минивибратор для удаления воздуха из под плит BIHUI, арт.LFTBC",Инструмент для укладки плитки>Виброутюги (минивибраторы)
"Подкова для регулировки шва BIHUI, 1,5мм, 400шт, арт.HSB400",Инструмент для укладки плитки>Крестики/клинья/подковы
"Коронка алмазная по керамограниту BIHUI, 6мм (вакуумная пайка), арт.DBDF06",Алмазная оснастка>Алмазные коронки для плитки
"Коронка алмазная по керамограниту BIHUI, 68мм (вакуумная пайка), арт.DBDF68",Алмазная оснастка>Алмазные коронки для плитки
"Коронка алмазная по керамограниту BIHUI, 65мм (вакуумная пайка), арт.DBDF65",Алмазная оснастка>Алмазные коронки для плитки
"Коронка алмазная по керамограниту BIHUI, 50мм (вакуумная пайка), арт.DBDF50",Алмазная оснастка>Алмазные коронки для плитки
"Коронка алмазная по керамограниту BIHUI, 40мм (вакуумная пайка), арт.DBDF40",Алмазная оснастка>Алмазные коронки для плитки
"Коронка алмазная по керамограниту BIHUI, 35мм (вакуумная пайка), арт.DBDF35",Алмазная оснастка>Алмазные коронки для плитки
"Коронка алмазная по керамограниту BIHUI, 10мм (вакуумная пайка), арт.DBDF10",Алмазная оснастка>Алмазные коронки для плитки
"Коронка алмазная по керамограниту BIHUI, 8мм (вакуумная пайка), арт.DBDF08",Алмазная оснастка>Алмазные коронки для плитки
"Коронка алмазная по керамограниту BIHUI, 100мм (вакуумная пайка), арт.DBDF100",Алмазная оснастка>Алмазные коронки для плитки
"Коронка алмазная по керамограниту BIHUI, 115мм (вакуумная пайка), арт.DBDF115",Алмазная оснастка>Алмазные коронки для плитки
"Алмазная коронка по стеклу и керамике BIHUI (гальваническая алмазная коронка), 14мм, арт.DBW14",Алмазная оснастка>Алмазные коронки для плитки
"Алмазная коронка по стеклу и керамике BIHUI (гальваническая алмазная коронка), 15мм, арт.DBW15",Алмазная оснастка>Алмазные коронки для плитки
"Алмазная коронка по стеклу и керамике BIHUI (гальваническая алмазная коронка), 16мм, арт.DBW16",Алмазная оснастка>Алмазные коронки для плитки
"Алмазная коронка по стеклу и керамике BIHUI (гальваническая алмазная коронка), 18мм, арт.DBW18",Алмазная оснастка>Алмазные коронки для плитки
"Алмазная коронка по стеклу и керамике BIHUI (гальваническая алмазная коронка), 20мм, арт.DBW20",Алмазная оснастка>Алмазные коронки для плитки
"Алмазная коронка по стеклу и керамике BIHUI (гальваническая алмазная коронка), 28мм, арт.DBW28",Алмазная оснастка>Алмазные коронки для плитки
"Алмазная коронка по стеклу и керамике BIHUI (гальваническая алмазная коронка), 32мм, арт.DBW32",Алмазная оснастка>Алмазные коронки для плитки
"Алмазная коронка по стеклу и керамике BIHUI (гальваническая алмазная коронка), 40мм, арт.DBW40",Алмазная оснастка>Алмазные коронки для плитки
"Алмазная коронка по стеклу и керамике BIHUI (гальваническая алмазная коронка), 50мм, арт.DBW50",Алмазная оснастка>Алмазные коронки для плитки
"Алмазная коронка по стеклу и керамике BIHUI (гальваническая алмазная коронка), 60мм, арт.DBW60",Алмазная оснастка>Алмазные коронки для плитки
"Алмазная коронка по стеклу и керамике BIHUI (гальваническая алмазная коронка), 75мм, арт.DBW75",Алмазная оснастка>Алмазные коронки для плитки
"Алмазная коронка по стеклу и керамике BIHUI (гальваническая алмазная коронка), 100мм, арт.DBW100",Алмазная оснастка>Алмазные коронки для плитки
"Алмазная коронка по стеклу и керамике BIHUI (гальваническая алмазная коронка), 110мм, арт.DBW110",Алмазная оснастка>Алмазные коронки для плитки
"Алмазная коронка по стеклу и керамике BIHUI (гальваническая алмазная коронка), 115мм, арт.DBW115",Алмазная оснастка>Алмазные коронки для плитки
"Алмазная коронка по стеклу и керамике BIHUI (гальваническая алмазная коронка), 120мм, арт.DBW120",Алмазная оснастка>Алмазные коронки для плитки
"Алмазная коронка по стеклу и керамике BIHUI (гальваническая алмазная коронка), 125мм, арт.DBW125",Алмазная оснастка>Алмазные коронки для плитки
"Плиткорез ручной RUBI FAST 85 (до 850мм), арт.13941",Плиткорезы ручные>Плиткорезы RUBI
"Плиткорез ручной RUBI STAR 63 + кейс (до 630мм), арт.14948",Плиткорезы ручные>Плиткорезы RUBI
"Виброприсоска для укладки плитки DLT SUABU, арт.0311",Инструмент для укладки плитки>Вибрационные присоски
"Виброприсоска для укладки плитки DLT SUABU MAX, арт.0415",Инструмент для укладки плитки>Вибрационные присоски
"Виброприсоска для укладки плитки DLT SUABU PRO, арт.0156",Инструмент для укладки плитки>Вибрационные присоски
"Плиткорез механический DLT Optima-1600, (версия Plus), рез до 1600мм, арт.1132",Плиткорезы ручные>Плиткорезы DLT
"Плиткорез механический DLT Optima-1800, (версия Plus), рез до 1800мм, арт.1133",Плиткорезы ручные>Плиткорезы DLT
"Переходник на M16, арт.0892",Установки алмазного сверления>Аксессуары
"Переходник на 1 1/4"", арт.0893",Установки алмазного сверления>Аксессуары
"Плиткорез электрический RUBI TC-125, комплект Мини, арт.50953",Плиткорезы электрические (камнерезы/мокрорезы)>Электрические плиткорезы для крупноформатной плитки
"Виброприсоска для укладки плитки BIHUI, арт.LFTBV",Инструмент для укладки плитки>Вибрационные присоски
"Алмазная коронка по стеклу и керамике BIHUI (гальваническая алмазная коронка), 4мм, арт.DBW04",Алмазная оснастка>Алмазные коронки для плитки
"Алмазный гибкий шлифовальный круг DLT №15, #100, арт.1168",Инструмент для укладки плитки>Круг алмазный гибкий шлифовальный
"Алмазный диск для штробления в бетоне, DLT №1, арт.1171",Алмазная оснастка>Алмазные диски
"Коронка-фреза алмазная для плитки 9plitok&DLT (CERAMIC PRO), 10-25мм, арт.1183",Алмазная оснастка>Алмазные коронки для плитки>Конусные алмазные фрезы
"Коронка-фреза алмазная для плитки DLT CERAMIC PRO, 10-25мм, арт.1184",Алмазная оснастка>Алмазные коронки для плитки>Конусные алмазные фрезы
"Шлифовальный круг 225мм (упаковка 10шт) 8 отверстий, P60, арт.0109",Малярный и штукатурный инструмент>Абразивные материалы>Шлифовальные круги
"Шлифовальный круг 225мм (упаковка 10шт) 8 отверстий, P80, арт.0110",Малярный и штукатурный инструмент>Абразивные материалы>Шлифовальные круги
"Шлифовальный круг 225мм (упаковка 10шт) 8 отверстий, P100, арт.0104",Малярный и штукатурный инструмент>Абразивные материалы>Шлифовальные круги
"Шлифовальный круг 225мм (упаковка 10шт) 8 отверстий, P120, арт.0105",Малярный и штукатурный инструмент>Абразивные материалы>Шлифовальные круги
"Шлифовальный круг 225мм (упаковка 10шт) 8 отверстий, P150, арт.0214",Малярный и штукатурный инструмент>Абразивные материалы>Шлифовальные круги
"Шлифовальный круг 225мм (упаковка 10шт) 8 отверстий, P180, арт.0106",Малярный и штукатурный инструмент>Абразивные материалы>Шлифовальные круги
"Шлифовальный круг 225мм (упаковка 10шт) 8 отверстий, P220, арт.0107",Малярный и штукатурный инструмент>Абразивные материалы>Шлифовальные круги
"Шлифовальный круг 225мм (упаковка 10шт) 8 отверстий, P240, арт.0108",Малярный и штукатурный инструмент>Абразивные материалы>Шлифовальные круги
"Роликовый резец RUBI Ø8мм, серия SILVER (уп. 2шт) арт.01955 ",Плиткорезы ручные>Аксессуары для ручных плиткорезов>Резцы
Лазерный уровень (нивелир) Huepar HP-904DG,Лазерные нивелиры (лазерные уровни)
"Газовый гвоздезабивной монтажный пистолет HYBEST GSR40A, арт.0136",Монтажные пистолеты>Монтажные гвоздезабивные пистолеты
"Лазерный уровень (нивелир) Huepar B03CG, арт.0337",Лазерные нивелиры (лазерные уровни)>3D
"Светильник общего света и для покрасочных работ Lossew Lamp C1 PRO, арт.1187",Лампы маляра
"Раздвижная гребёнка-трансформер, зуб 8мм.I, арт.0889",Инструмент для укладки плитки>Гребенки
"Раздвижная гребёнка-трансформер, зуб 10мм.I, арт.0890",Инструмент для укладки плитки>Гребенки
"Шлифбумага треугольная 285мм DLT (упаковка 10шт.), P80, арт.0333",Бренды>Оборудование и приспособления для укладки плитки DLT
"Шлифбумага треугольная 285мм DLT (упаковка 10шт.), P320, арт.1143",Шлифовальные машины для стен/потолков/пола
"Шлифбумага треугольная 285мм DLT (упаковка 10шт.), P100, арт.0328",Бренды>Оборудование и приспособления для укладки плитки DLT
"Шлифбумага треугольная 285мм DLT (упаковка 10шт.), P120, арт.0329",Шлифовальные машины для стен/потолков/пола
"Шлифбумага треугольная 285мм DLT (упаковка 10шт.), P150, арт.1142",Шлифовальные машины для стен/потолков/пола
"Шлифбумага треугольная 285мм DLT (упаковка 10шт.), P180, арт.0330",Бренды>Оборудование и приспособления для укладки плитки DLT
"Шлифбумага треугольная 285мм DLT (упаковка 10шт.), P220, арт.0331",Шлифовальные машины для стен/потолков/пола
"Шлифбумага треугольная 285мм DLT (упаковка 10шт.), P240, арт..0332",Бренды>Оборудование и приспособления для укладки плитки DLT
"Набор алмазных коронок №10/1, арт.1039",Алмазная оснастка>Алмазные коронки для плитки
"Фреза алмазная пальчиковая вакуумного спекания BIHUI, 20мм, арт.DMB20",Алмазная оснастка>Алмазные коронки для плитки
"Алмазный ручной брусок DLT #300, арт.1176",Инструмент для укладки плитки>Алмазные притиры>Р300-400
"Инструмент для укладки 3Д крестики (регулируемые щипцы), арт.1102",Инструмент для укладки плитки>Система выравнивания плитки (СВП)
"Установка для нанесения шпатлевки HYVST SPA 860, арт.0742",Штукатурные станции Шпатлевочные станции
"Алмазный гибкий шлифовальный круг DLT №15, #50, арт.1167",Инструмент для укладки плитки>Круг алмазный гибкий шлифовальный
"Хоппер ковш для набрызга штукатурки HYVST OMG-III, арт.0346",Штукатурные станции Шпатлевочные станции
"Хоппер ковш для набрызга штукатурки HYVST OMG-II, арт.0345",Штукатурные станции Шпатлевочные станции
"Установка для нанесения шпатлевки HYVST SPA 95, арт.0372",Штукатурные станции Шпатлевочные станции
"Притир алмазный RUBI, #120, арт.61975",Инструмент для укладки плитки>Алмазные притиры>Р100-120
"Притир алмазный RUBI, #200, арт.61976",Инструмент для укладки плитки>Алмазные притиры>Р200
"Вакуумная присоска Montolit 300-76 для гладкой и структурной плитки, Ø8 дюймов, 120кг, арт.300-76",Инструмент для укладки плитки>Присоски для плитки и стекла>Помповые присоски
"Виброприсоска для укладки плитки Montolit Battile, арт.5455",Инструмент для укладки плитки>Вибрационные присоски
"Виброприсоска для укладки плитки Montolit Battile PRO, арт.5456",Инструмент для укладки плитки>Вибрационные присоски
"Циклон для пылесоса (циклонный фильтр) с ведром, арт.0364",Шлифовальные машины для стен/потолков/пола>Аксессуары шлифмашин
"Направляющая для систем резки широкоформатной плиты BIHUI, арт.LFRS",Инструмент для укладки плитки>Крупноформат
"Система ручной резки для широкоформатной плиты BIHUI - БЕЗ направляющей, арт.LFMC",Плиткорезы ручные>Плиткорезы BIHUI
"Фреза алмазная конусная (сверло шарошка алмазное коническое) BIHUI, 20-48мм, арт.DMF2048",Алмазная оснастка>Алмазные коронки для плитки>Конусные алмазные фрезы
"Пылеотвод для коронок BIHUI, арт.TDBS",Алмазная оснастка>Аксессуары для алмазных коронок
"Смеситель для наливных полов (миксер) BIHUI, арт.MS1900",Миксер строительный/дрель-миксер
"Смеситель строительный BIHUI (Растворомешалка), арт.MM1500",Миксер строительный/дрель-миксер
"Станина для бетоношлифовальной машины BIHUI, арт.CGWS19",Шлифовальные машины для стен/потолков/пола>Аксессуары шлифмашин
"Шлифмашина по бетону BIHUI, арт.CG1900",Шлифовальные машины для стен/потолков/пола>Шлифмашины ручные
"Протектор угла плитки BIHUI (защитный уголок для крупноформата), набор 4шт, 4-6мм, арт.LFTP06",Плиткорезы ручные
"Подкова для регулировки шва BIHU, 3мм, 300шт, арт.HSR300",Инструмент для укладки плитки>Крестики/клинья/подковы
"Подкова для регулировки шва BIHU, 5мм, 220шт, арт.HSY220",Инструмент для укладки плитки>Крестики/клинья/подковы
"Подкова для регулировки шва BIHUI, 6мм, 150шт, арт.HSB150",Инструмент для укладки плитки>Крестики/клинья/подковы
"Адаптер для отвода пыли (пылеуловитель) BIHUI, арт.TDBM",Инструмент для укладки плитки>Кожухи для УШМ/Пылеуловители/Кондукторы>Адаптеры и аксессуары
"Гелевые строительные наколенники BIHUI, арт.TKPG",Наколенники строительные
"Алмазная коронка по плитке и керамограниту DLT CERAMIC, 130мм, арт.1041",Инструмент для укладки плитки>Алмазные коронки
"Терка для эпоксидной затирки BIHUI 248 * 116 мм, жесткая, арт.CFHRL",Инструмент для укладки плитки>Шпатели для затирки
"Терка для цементной затирки (гладилка резиновая, уплотненная) BIHUI, арт.CFERS",Малярный и штукатурный инструмент>Тёрки для отделочных работ
"Клин (СВП) 3D KRESTIKI (50 шт.), арт.1104",Система выравнивания плитки (СВП)
"Алмазная коронка по стеклу и керамике BIHUI (гальваническая алмазная коронка), 12мм, арт.DBW12",Алмазная оснастка>Алмазные коронки для плитки>Алмазные коронки для плитки и стекла (гальваника)
"Набор гребенок BIHUI (15 предметов), арт.PTSJK15",Инструмент для укладки плитки>Гребенки>Наборы
Зубчатый шпатель (гребенка) из нерж.сталии BIHUI (Зуб полукруглый),Шпателя для механизированной шпатлевки>Зубчатые шпатели (гребенки)
"Гребенка из нерж. стали BIHUI 280*120 мм, «Тигровый коготь», арт.PTSBTG",Акции на строительный инструмент
"Клинья для укладки плитки BIHUI, 250 шт, арт.TSW250",Инструмент для укладки плитки>Крестики/клинья/подковы
"Кожух пылеуловитель для УШМ BIHUI (резка и штробление), арт.TDBC",Пылесосы строительные>Кожухи для УШМ/Пылеуловители
"Стол для работы с крупноформатным керамогранитом DLT TL360, арт.1162",Инструмент для укладки плитки>Строительные столы/верстаки/подстолья
"Крестики для плитки BIHUI (Расшивка для швов) 1,5мм, арт.TS15250",Инструмент для укладки плитки>Крестики/клинья/подковы
"Крестики для плитки BIHUI (Расшивка для швов) 1мм, арт.TSC1250 ",Акции на строительный инструмент
"Крестики для плитки BIHUI (Расшивка для швов) 2мм, арт.TSC2250",Инструмент для укладки плитки>Крестики/клинья/подковы
"Кельма четырехугольная BIHUI,120мм (мастерок), арт.BTCHM5",Инструмент для укладки плитки>Кельмы/мастерки
"Кельма четырехугольная BIHUI,160мм (мастерок), арт.BTCHB6",Инструмент для укладки плитки>Кельмы/мастерки
"Мастерок BIHUI 200мм, арт.BTCHG8",Инструмент для укладки плитки>Кельмы/мастерки
"Шпатель универсальный из нерж. стали BIHUI, арт.TRSC4",Шпателя для механизированной шпатлевки>Малярные шпателя 
"Многоразовый плиточный регулятор шва BIHUI 50 шт., арт.TSM50",Инструмент для укладки плитки>Крестики/клинья/подковы
"Молоток BIHUI (резиновая киянка), арт.RMWS24",Инструмент для укладки плитки>Киянки резиновые
"Перчатки строительные BIHUI с латексным покрытием, размер 9(L), арт.TGDL",Инструмент для укладки плитки>Разное для укладки
"Перчатки строительные BIHUI с латексным покрытием, размер 10(XL), арт.TGDXL",Инструмент для укладки плитки>Разное для укладки
"Протектор угла плитки BIHUI (защитный уголок для крупноформата), набор 4шт, 8мм, арт.LFTP08",Акции на строительный инструмент
"Протектор угла плитки BIHUI (защитный уголок для крупноформата), набор 4шт, 8-10мм, арт.LFTP10",Акции на строительный инструмент
"Регулируемые клинья BIHUI, арт.TSR50",Инструмент для укладки плитки>Разное для укладки
"Многоразовый Тюбик (пакет) для затирки швов BIHUI, арт.GBP23",Инструмент для укладки плитки>Разное для укладки
"Портативный стол для работы с плиткой, BIHUI, арт.TDB",Инструмент для укладки плитки>Строительные столы/верстаки/подстолья
"Т-образные расшивки для швов BIHUI 1,5мм, арт.1,5MM",Инструмент для укладки плитки>Крестики/клинья/подковы
"Т-образные расшивки для швов BIHUI 1мм, арт.1MM",Инструмент для укладки плитки>Крестики/клинья/подковы
"Т-образные расшивки для швов BIHUI 2мм, арт.2MM",Инструмент для укладки плитки>Крестики/клинья/подковы
"Губка строительная для затирки BIHUI 280 * 140 * 30 мм, сегментированная, арт.CFHSS11",Инструмент для укладки плитки>Губки
"Шаблон форм (кондуктор строительный) 25,4см, арт.TPG250",Инструмент для укладки плитки>Шаблоны строительные
"Шаблон (кондуктор) форм BIHUI с замком-фиксатором формы, 25,4см, арт.TPL250",Инструмент для укладки плитки>Шаблоны строительные
"Шаблон-линейка (кондуктор) BIHUI (Алюминий), арт.DBG6",Инструмент для укладки плитки>Шаблоны строительные
"Шпатели для силиконовых герметиков BIHUI, набор 2шт, арт.BIHUI",Инструмент для укладки плитки>Шпатели для силикона и герметика>Шпатели и насадки
"Шпатели для силиконовых герметиков BIHUI, набор 4шт, арт.STAK4",Инструмент для укладки плитки>Шпатели для силикона и герметика>Шпатели и насадки
"Алмазная фреза BIHUI ARROW, арт.DCWA5",Алмазная оснастка>Алмазные диски>Чашки алмазные шлифовальные (алмазные фрезы) 
"Алмазная фреза BIHUI DUAL-ROW MAX, арт.DCWD5",Алмазная оснастка>Алмазные диски>Чашки алмазные шлифовальные (алмазные фрезы)
"Алмазная фреза BIHUI FAN, арт.DCWF5",Алмазная оснастка>Алмазные диски>Чашки алмазные шлифовальные (алмазные фрезы)
"Алмазная фреза BIHUI TURBO, арт.DCWT5",Алмазная оснастка>Алмазные диски>Чашки алмазные шлифовальные (алмазные фрезы)
"Алмазный диск BIHUI B-MAGIC, 125мм, арт.DCDW125",Алмазная оснастка>Алмазные диски>Чашки алмазные шлифовальные (алмазные фрезы)
"Алмазный диск BIHUI B-MASTER, 125мм, арт.DCDA125",Алмазная оснастка>Алмазные диски>Чашки алмазные шлифовальные (алмазные фрезы)
"Алмазный диск BIHUI B-SLIM, 125мм, арт.DCDS125",Алмазная оснастка>Алмазные диски>Чашки алмазные шлифовальные (алмазные фрезы)
"Алмазный диск BIHUI B-SPEEDY, 125мм, арт.DCDM125",Алмазная оснастка>Алмазные диски>Чашки алмазные шлифовальные (алмазные фрезы)
"Алмазный диск BIHUI B-TURBO, 85мм, арт.DCDT85",Алмазная оснастка>Алмазные диски>Чашки алмазные шлифовальные (алмазные фрезы)
"Алмазный диск BIHUI B-TURBO, 115мм, арт.DCDT115",Алмазная оснастка>Алмазные диски>Чашки алмазные шлифовальные (алмазные фрезы)
"Алмазный диск BIHUI B-TURBO, 125мм, арт.DCDT125",Алмазная оснастка>Алмазные диски>Чашки алмазные шлифовальные (алмазные фрезы)
"Алмазный диск BIHUI B-TURBO, 200мм, арт.DCDT200",Алмазная оснастка>Алмазные диски>Чашки алмазные шлифовальные (алмазные фрезы)
"Алмазный диск BIHUI B-MOSAIC, 125мм, арт.DCDC125",Алмазная оснастка>Алмазные диски>Чашки алмазные шлифовальные (алмазные фрезы)
"Универсальный шлифовально-отрезной алмазный диск BIHUI GALVANIC, арт.DCWME5",Алмазная оснастка>Алмазные диски>Универсальные шлифовально - отрезные алмазные диски
"Универсальный шлифовально-отрезной алмазный диск BIHUI VACUUM, арт.DCWMM5",Алмазная оснастка>Алмазные диски>Универсальные шлифовально - отрезные алмазные диски
"Система резки крупноформата DLT Slim System Cutter, арт.0408",Инструмент для укладки плитки>Крупноформат
"Плиткорез для крупноформатной плитки RUBI SLIM SYSTEM CUTTER, арт.18949",Плиткорезы ручные>Плиткорезы для крупноформатной плитки
"Алмазный диск BIHUI GRANITE, 125мм, арт.DCBM5",Алмазная оснастка>Алмазные диски>Алмазные диски по керамике/керамограниту/граниту/мрамору
"Алмазный диск BIHUI B-TURBO, 230мм, арт.DCDT230",Алмазная оснастка>Алмазные диски>Алмазные диски по керамике/керамограниту/граниту/мрамору
"Ручная шлифмашина для стен и потолков DLT R7240, арт.0348",Шлифовальные машины для стен/потолков/пола>Шлифмашины ручные
"Лазерный указатель для плиткореза DLT PROLINE, арт.0775",Уцененные товары
"Шлифмашина с бесщеточным двигателем DLT GrandFlex V31 (R7231), арт.0584",Шлифовальные машины для стен/потолков/пола>Шлифмашины Жираф
"Шлифмашина Жираф DLT GrandFlex V32 (R7232), арт.0885",Шлифовальные машины для стен/потолков/пола>Шлифмашины Жираф
"Шлифмашина Жираф DLT GrandFlex V36 (R7236), арт.0540",Шлифовальные машины для стен/потолков/пола>Шлифмашины Жираф
"Уровень лазерный Huepar S04CG, арт.0182",Лазерные нивелиры (лазерные уровни)>4D
"Жесткая шлифовальная тарелка DLT GrandFlex T-HT2 для шлифмашин, арт. 0982 (DLT H-HT2)",Запчасти
"Прижимные ролики для плиткорезов SHIJINGI, арт.prizhrol",Инструмент для укладки плитки>Аксессуары для электрических плиткорезов 
"Шлифмашина эксцентриковая (орбитальная) DLT KS-01-150-25 Ход эксцентрика 2,5, арт.0583",Шлифовальные машины для стен/потолков/пола>Шлифмашины ручные
"Шлифмашина эксцентриковая (орбитальная) DLT KS-01-150-50 Ход эксцентрика 5,0, арт.0582",Шлифовальные машины для стен/потолков/пола>Шлифмашины ручные
"Шлифовальная тарелка для шлифмашин KS-01-150-50, арт.0325",Шлифовальные машины для стен/потолков/пола>Аксессуары шлифмашин
"Жёсткая шлифовальная тарелка DLT GrandFlex T-h для шлифмашины, арт.0592 ",Шлифовальные машины для стен/потолков/пола
"Система охлаждения алмазных коронок, арт.0368",Алмазная оснастка>Аксессуары для алмазных коронок
"Уровень лазерный Huepar S03CG, арт.0181",Лазерные нивелиры (лазерные уровни)>3D
"Уровень лазерный Huepar S04CG-L, арт.0183",Лазерные нивелиры (лазерные уровни)>4D
"Чехол Rubi для ручного плиткореза (до 650мм), арт.19818",Плиткорезы ручные>Аксессуары для ручных плиткорезов>Сумки
"Дополнительная секция для DLT Panel Lifter 335 высота до 4.7 м., арт. 0586",Подъемники для гипсокартона
"Ручной плиткорез RUBI X-ONE 850 (до 850мм), арт.14927",Плиткорезы ручные>Плиткорезы RUBI
"Лезвие для шпателя DLT Finish версия PRO толщина 0,3мм, 15см, арт.1668",Шпателя для механизированной шпатлевки
"Мягкая шлифовальная тарелка DLT S-WT для шлифмашин, арт.0526",Шлифовальные машины для стен/потолков/пола>Абразивные материалы
"Мешалки для миксера DLT HEX 13, арт.0280",Малярный и штукатурный инструмент>Венчики и насадки строительные
"Пылесос строительный DLT EXTRALINE PL30 с полуавтоматической очисткой фильтра (обратный поток), арт.0587",Пылесосы строительные>Пылесосы
"Кейс для алмазных коронок №1, арт.0207",Алмазная оснастка>Алмазные коронки для плитки 
"Виброприсоска для укладки плитки DLT Vibro MAX, арт.0956",Инструмент для укладки плитки>Вибрационные присоски
"Помповая присоска DLT P612 для гладкой и рельефной поверхности, Ø8 дюймов, арт.0950",Инструмент для укладки плитки>Присоски для плитки и стекла>Помповые присоски
"АГШК DLT №10, для сухой шлифовки, #50, 100мм, арт.0932",Инструмент для укладки плитки>Круг алмазный гибкий шлифовальный>АГШК #50-60
"Подъемник для гипсокартонных листов DLT PLAC 450 (он же EDMA PLAC 450), арт.0153",Подъемники для гипсокартона
"Ствол ""E"" с резьбой для TOUA GSNF1 электромонтажный, арт.0958",Монтажные пистолеты>Аксессуары для монтажных пистолетов
"Плиткорез механический BIHUI серии C-Lion, рез до 800мм, арт.TCB800 ",Плиткорезы ручные>Плиткорезы BIHUI
"Фреза алмазная пальчиковая вакуумного спекания BIHUI, 10мм, арт.DMB10",Алмазная оснастка>Алмазные коронки для плитки
"Алмазный диск BIHUI THIN TURBO, 125мм, арт.DCBT5",Алмазная оснастка>Алмазные диски>Алмазные диски по керамике/керамограниту/граниту/мрамору
"Шпатель малярный полукруглый для ведра BIHUI , арт.PTK165",Шпателя для механизированной шпатлевки>Малярные шпателя
"Стол BIHUI для резки керамогранита (2 колеса), арт.TWT900",Инструмент для укладки плитки>Строительные столы/верстаки/подстолья
"Тележка DLT для пылесоса и циклона 400мм, арт.0994",Пылесосы строительные>Аксессуары
"Система регулировки плиточного пространства BIHUI, арт.LFTSB6",Инструмент для укладки плитки>Присоски для плитки и стекла>Помповые присоски
"Диск алмазный DLT MINI TURBO, 75мм (сменная часть), арт.1181",Алмазная оснастка>Алмазные диски>Алмазные диски под СВП (T-диски)
"Диск алмазный DLT MINI TURBO, 50мм (сменная часть), арт.1180",Алмазная оснастка>Алмазные диски>Алмазные диски под СВП (T-диски)
"Шлифовальный круг 225мм (упаковка 10шт) 6 отверстий, P60, арт.1198",Шлифовальные машины для стен/потолков/пола>Шлифовальные круги и сетки
"HEPA-фильтр для пылесоса DLT EXTRALINE, арт.1411",Пылесосы строительные>Фильтры и мешки-пылесборники
"Малярный шпатель DLT Finish, h-образный, толщина 0,3мм, 100см, арт.1049",Шпателя для механизированной шпатлевки>Шпателя для механизированного нанесения>Шпатели с лезвием 0.3мм
"Ручка для набора гребенок BIHUI, арт.PTSJHD",Шпателя для механизированной шпатлевки>Шпателя для механизированного нанесения>Шпатели с лезвием 0.3мм
"Алмазный гибкий шлифовальный круг DLT №15, #400, арт.1170",Инструмент для укладки плитки>Круг алмазный гибкий шлифовальный>АГШК #400
"Ящик для инструментов Tactix, арт.320362,серия PRO",Ящики для инструмента/Модульные системы
"Алмазный диск BIHUI для станков SHIJING и DLT, арт.DCBK5",Алмазная оснастка>Алмазные диски>Алмазные диски для электрических плиткорезов
"Набор ящиков для инструментов Tactix, арт.320382,серия Standard",Ящики для инструмента. Модульные системы.
"Алмазная коронка по керамограниту DLT CERAMIC PRO,6мм, арт.0492",Алмазная оснастка>Алмазные коронки для плитки
"Диск алмазный для плиткореза, SHIJING, 106мм, BLACK Industrial, арт.1445",Алмазная оснастка>Алмазные диски>Алмазные диски для электрических плиткорезов
"Крепление с быстросъемной струбциной DLT ND1+STR1, арт.1130",Аксессуары к нивелирам
"Зарядная станция для литий-ионного аккумулятора, арт.ZS",Аксессуары к нивелирам
"Алмазная коронка по керамограниту DLT CERAMIC PRO,8мм, арт.0689",Алмазная оснастка>Алмазные коронки для плитки
"Алмазная коронка по керамограниту DLT CERAMIC PRO,10мм, арт.0687",Алмазная оснастка>Алмазные коронки для плитки
"Алмазная коронка по керамограниту DLT CERAMIC PRO,12мм, арт.0690",Алмазная оснастка>Алмазные коронки для плитки
"Алмазная коронка по керамограниту DLT CERAMIC PRO,14мм, арт.0843",Алмазная оснастка>Алмазные коронки для плитки
"Алмазная коронка по керамограниту DLT CERAMIC PRO,15мм, арт.0844",Алмазная оснастка>Алмазные коронки для плитки
"Алмазная коронка по керамограниту DLT CERAMIC PRO,16мм, арт.0845",Алмазная оснастка>Алмазные коронки для плитки
"Насос водяной для плиткореза Shijing и DLT, арт.0281",Запчасти>Электрические плиткорезы для крупноформатной плитки>DLT SlimTronic
"Алмазная коронка по керамограниту DLT CERAMIC PRO,18мм, арт.0846",Алмазная оснастка>Алмазные коронки для плитки
"Алмазная коронка по керамограниту DLT CERAMIC PRO,20мм, арт.0493",Алмазная оснастка>Алмазные коронки для плитки
"Алмазная коронка по керамограниту DLT CERAMIC PRO,25мм, арт.0691",Алмазная оснастка>Алмазные коронки для плитки
"Алмазная коронка по керамограниту DLT CERAMIC PRO,28мм, арт.0847",Алмазная оснастка>Алмазные коронки для плитки
"Алмазная коронка по керамограниту DLT CERAMIC PRO,32мм, арт.0494",Алмазная оснастка>Алмазные коронки для плитки
"Алмазная коронка по керамограниту DLT CERAMIC PRO,35мм, арт.0495",Алмазная оснастка>Алмазные коронки для плитки
"Алмазная коронка по керамограниту DLT CERAMIC PRO,40мм, арт.0497",Алмазная оснастка>Алмазные коронки для плитки
"Алмазная коронка по керамограниту DLT CERAMIC PRO,45мм, арт.0498",Алмазная оснастка>Алмазные коронки для плитки
"Алмазная коронка по керамограниту DLT CERAMIC PRO,50мм, арт.0499",Алмазная оснастка>Алмазные коронки для плитки
"Алмазная коронка по керамограниту DLT CERAMIC PRO,55мм, арт.0500",Алмазная оснастка>Алмазные коронки для плитки
"Алмазная коронка по керамограниту DLT CERAMIC PRO,60мм, арт.0692",Алмазная оснастка>Алмазные коронки для плитки
"Алмазная коронка по керамограниту DLT CERAMIC PRO,68мм, арт.0502",Алмазная оснастка>Алмазные коронки для плитки
"Алмазная коронка по керамограниту DLT CERAMIC PRO,70мм, арт.0501",Алмазная оснастка>Алмазные коронки для плитки
"Алмазная коронка по керамограниту DLT CERAMIC PRO,100мм, арт.0519",Алмазная оснастка>Алмазные коронки для плитки
"Алмазная коронка по керамограниту DLT CERAMIC PRO,105мм, арт.0679",Алмазная оснастка>Алмазные коронки для плитки
"Алмазная коронка по керамограниту DLT CERAMIC PRO,110мм, арт.0503",Алмазная оснастка>Алмазные коронки для плитки
"Алмазная коронка по керамограниту DLT CERAMIC PRO.115мм, арт.0680",Алмазная оснастка>Алмазные коронки для плитки
"Алмазная коронка по керамограниту DLT CERAMIC PRO,120мм, арт.0681",Алмазная оснастка>Алмазные коронки для плитки
"Алмазная коронка по керамограниту DLT CERAMIC PRO,125мм, арт.0504",Алмазная оснастка>Алмазные коронки для плитки
"Конусная алмазная фреза CERAMIC PRO cone 2-38мм, DLT&9plitok, арт.0369",Алмазная оснастка>Алмазные коронки для плитки
"Конусная алмазная фреза CERAMIC PRO cone 20-48мм, DLT&9plitok, арт.0370",Алмазная оснастка>Алмазные коронки для плитки
"Газовый гвоздезабивной монтажный пистолет Toua GSN65, арт.0138",Монтажные пистолеты>Монтажные гвоздезабивные пистолеты
"Конусная алмазная фреза CERAMIC PRO cone 3-75мм, DLT&9plitok, арт.0371",Алмазная оснастка>Алмазные коронки для плитки
"Алмазная коронка по плитке и керамограниту DLT CERAMIC, 6мм, арт.0047",Алмазная оснастка>Алмазные коронки для плитки
"Алмазная коронка по плитке и керамограниту DLT CERAMIC, 8мм, арт.0049",Алмазная оснастка>Алмазные коронки для плитки
"Алмазная коронка по плитке и керамограниту DLT CERAMIC, 10мм, арт.0038",Алмазная оснастка>Алмазные коронки для плитки
"Алмазная коронка по плитке и керамограниту DLT CERAMIC, 12мм, арт.0041",Алмазная оснастка>Алмазные коронки для плитки
"Алмазная коронка по плитке и керамограниту DLT CERAMIC, 25мм, арт.0042",Алмазная оснастка>Алмазные коронки для плитки
"Алмазная коронка по плитке и керамограниту DLT CERAMIC, 35мм, арт.0043",Алмазная оснастка>Алмазные коронки для плитки
"Алмазная коронка по плитке и керамограниту DLT CERAMIC, 40мм, арт.0044",Алмазная оснастка>Алмазные коронки для плитки
"Алмазная коронка по плитке и керамограниту DLT CERAMIC, 60мм, арт.0045",Алмазная оснастка>Алмазные коронки для плитки
"Алмазная коронка по плитке и керамограниту DLT CERAMIC, 68мм, арт.0046",Алмазная оснастка>Алмазные коронки для плитки
"Алмазная коронка по плитке и керамограниту DLT CERAMIC, 70мм, арт.0048",Алмазная оснастка>Алмазные коронки для плитки
"Алмазная коронка по плитке и керамограниту DLT CERAMIC, 100мм, арт.0037",Алмазная оснастка>Алмазные коронки для плитки
"Алмазная коронка по плитке и керамограниту DLT CERAMIC, 110мм, арт.0039",Алмазная оснастка>Алмазные коронки для плитки
"Алмазная коронка по плитке и керамограниту DLT CERAMIC, 125мм, арт.0040",Алмазная оснастка>Алмазные коронки для плитки
"Лезвие для шпателя DLT Finish, толщина 0,3мм, 45см, арт.0831",Шпателя для механизированной шпатлевки>Шпателя для механизированного нанесения>Сменные лезвия и аксессуары>Лезвия для шпателя DLT Finish
"Лезвие для шпателя DLT Finish, толщина 0,3мм, 60см, арт.0833",Шпателя для механизированной шпатлевки>Шпателя для механизированного нанесения>Сменные лезвия и аксессуары>Лезвия для шпателя DLT Finish
"Лезвие для шпателя DLT Finish, толщина 0,3мм, 100см, арт.0834",Шпателя для механизированной шпатлевки>Шпателя для механизированного нанесения>Сменные лезвия и аксессуары>Лезвия для шпателя DLT Finish
"Лезвие для шпателя DLT Finish, толщина 0,5мм, 120см, арт.1378",Шпателя для механизированной шпатлевки>Шпателя для механизированного нанесения>Сменные лезвия и аксессуары>Лезвия для шпателя DLT Finish
"Лезвие для шпателя DLT Finish, толщина 0,5мм, 45см, арт.1058",Шпателя для механизированной шпатлевки>Шпателя для механизированного нанесения>Сменные лезвия и аксессуары>Лезвия для шпателя DLT Finish
"Лезвие для шпателя DLT Finish, толщина 0,5мм, 80см, арт.1060",Шпателя для механизированной шпатлевки>Шпателя для механизированного нанесения>Сменные лезвия и аксессуары>Лезвия для шпателя DLT Finish
"Лезвие для шпателя DLT Finish, толщина 0,5мм, 100см, арт.1061",Шпателя для механизированной шпатлевки>Шпателя для механизированного нанесения>Сменные лезвия и аксессуары>Лезвия для шпателя DLT Finish
"Пальчиковая алмазная фреза, 6мм, CERAMIC PRO DLT&9plitok, арт.0093",Алмазная оснастка>Алмазные коронки для плитки
"Уплотнительное кольцо для присоски GRABO Nemo; H, арт.LFEVC-H-SR",Запчасти
"Роликовый резец DLT Ø22мм, посадка 5мм, серия EXTREME, арт.0318",Плиткорезы ручные>Аксессуары для ручных плиткорезов>Резцы
"Лазерный уровень (нивелир) DLT EK-400GX PRO, арт.0177",Лазерные нивелиры (лазерные уровни)>Линейные
"Крестики для плитки RUBI 1мм, (расшивка для швов), арт.02887",Инструмент для укладки плитки>Система выравнивания плитки (СВП)>Крестики/клинья/подковы
"Крестики для плитки RUBI 1,5мм, (расшивка для швов), арт.02888",Инструмент для укладки плитки>Система выравнивания плитки (СВП)>Крестики/клинья/подковы
"Крестики для плитки RUBI 2мм, (расшивка для швов), арт.02889",Инструмент для укладки плитки>Система выравнивания плитки (СВП)>Крестики/клинья/подковы
"Крестики для плитки RUBI 3мм, (расшивка для швов), арт.02902",Инструмент для укладки плитки>Система выравнивания плитки (СВП)>Крестики/клинья/подковы
"Ствол ""E"" на TOUA GSN50 электромонтажный, арт.0164",Монтажные пистолеты>Аксессуары для монтажных пистолетов
"Ствол на TOUA GSN50 общестроительный, арт.1979",Монтажные пистолеты>Аксессуары для монтажных пистолетов
"Ствол на TOUA GSNF1, арт.0165",Монтажные пистолеты
"Шпатель малярный TACTIX, 203мм, воронёная сталь, арт.280208",Акции на строительный инструмент
"Роликовый резец DLT Ø22мм, посадка 6мм, серия EXTREME, арт.0161",Плиткорезы ручные>Аксессуары для ручных плиткорезов>Резцы
"Шлифовальный круг 225мм (упаковка 10шт) 6 отверстий, P120, арт.1201",Шлифовальные машины для стен/потолков/пола>Шлифовальные круги и сетки
"Пальчиковая алмазная фреза, 12мм, CERAMIC PRO DLT&9plitok, арт.0092",Алмазная оснастка>Алмазные коронки для плитки
"Охлаждающий гель для сухого сверления DLT&9plitok, арт.0891",Алмазная оснастка>Алмазные коронки для плитки
"Героторная пара HYVST SPA 95, арт.0229",Штукатурные станции Шпатлевочные станции
"Набор алмазных коронок №1, арт.1013",Алмазная оснастка>Наборы алмазных коронок
"Набор алмазных коронок №2, арт.1014",Алмазная оснастка>Наборы алмазных коронок
"Набор алмазных коронок №3, арт.1015",Алмазная оснастка>Наборы алмазных коронок
"Набор алмазных коронок №4, арт.1016",Алмазная оснастка>Наборы алмазных коронок
"Набор алмазных коронок №5, арт.1017",Алмазная оснастка>Наборы алмазных коронок
"Набор алмазных коронок №6, арт.1018",Алмазная оснастка>Наборы алмазных коронок
"Набор алмазных коронок №7, арт.1019",Алмазная оснастка>Наборы алмазных коронок
"Набор алмазных коронок №8, арт.1020",Алмазная оснастка>Наборы алмазных коронок
"Набор алмазных коронок №9, арт.1021",Алмазная оснастка>Наборы алмазных коронок
"Набор алмазных коронок №10, арт.1022",Алмазная оснастка>Наборы алмазных коронок
"Набор алмазных коронок №11, арт.1023",Алмазная оснастка>Наборы алмазных коронок
"Набор алмазных коронок №12, арт.1024",Алмазная оснастка>Наборы алмазных коронок
"Набор алмазных коронок №13, арт.1025",Алмазная оснастка>Наборы алмазных коронок
"Набор алмазных коронок №14, арт.1026",Алмазная оснастка>Наборы алмазных коронок
"Набор алмазных коронок №15, арт.1027",Алмазная оснастка>Наборы алмазных коронок
"Набор алмазных коронок №16, арт.1028",Алмазная оснастка>Наборы алмазных коронок
"Набор алмазных коронок №17, арт.1029",Алмазная оснастка>Наборы алмазных коронок
"Набор алмазных коронок №18, арт.1030",Алмазная оснастка>Наборы алмазных коронок
"Набор алмазных коронок №19, арт.1031",Алмазная оснастка>Наборы алмазных коронок
"Кейс для алмазных коронок №2, арт.0208",Инструмент для укладки плитки>Аксессуары для алмазных коронок
"Кейс для алмазных коронок №3, арт.0209",Инструмент для укладки плитки>Аксессуары для алмазных коронок
"Кейс для алмазных коронок №4, арт.0210",Инструмент для укладки плитки>Аксессуары для алмазных коронок
"Кейс для алмазных коронок №5, арт.0211",Инструмент для укладки плитки>Аксессуары для алмазных коронок
"Кейс для алмазных коронок №6, арт.0212",Инструмент для укладки плитки>Аксессуары для алмазных коронок
"Алмазное корончатое сверло DLT GRANITE, 60мм, арт.0077",Алмазная оснастка>Алмазные коронки для плитки>Алмазные коронки по граниту и мрамору (сегментные)
"Алмазная коронка для плитки DLT CERAMIC MAX 60мм, арт.0064",Алмазная оснастка>Алмазные коронки для плитки>Алмазные коронки для плитки и стекла (алмазное спекание)
"Малярный шпатель DLT Finish, h-образный, толщина 0,5мм, 100см, арт.1056",Шпателя для механизированной шпатлевки>Шпателя для механизированного нанесения
"Малярный шпатель DLT Finish, h-образный, толщина 0,5мм, 45см, арт.0818",Шпателя для механизированной шпатлевки>Шпателя для механизированного нанесения>Шпатели с лезвием 0.5мм
"Помповая присоска DLT P611 для гладкой и рельефной поверхности, Ø8 дюймов, арт.0951",Инструмент для укладки плитки>Присоски для плитки и стекла>Помповые присоски
"Плиткорез BIHUI, 1200мм, арт.TCM1200",Плиткорезы ручные>Плиткорезы BIHUI
"Плиткорез BIHUI, 900мм, арт.TCM900 ",Плиткорезы ручные>Плиткорезы BIHUI
"Ручной плиткорез RUBI X-ONE PLUS 1200 (до 1200мм), арт.15910",Плиткорезы ручные>Плиткорезы BIHUI
"Двойная присоска RUBI для гладкой поверхности, арт.66917 ",Инструмент для укладки плитки>Присоски для плитки и стекла>Обычные присоски
"Тройная присоска RUBI для гладкой поверхности, арт.66959",Инструмент для укладки плитки>Присоски для плитки и стекла>Обычные присоски
"Одинарная присоска RUBI для гладкой поверхности, арт.66958",Инструмент для укладки плитки>Присоски для плитки и стекла>Обычные присоски
"Система резки крупноформатной плитки RUBI TC-125 kit, арт.51909",Плиткорезы электрические (камнерезы/мокрорезы)>Электрические плиткорезы для крупноформатной плитки
"Вибромашина RUBI TRILLER для работы с крупноформатной плитой, арт.18958",Инструмент для укладки плитки>Вибрационные присоски
"Ручной плиткорез RUBI TIGER-1600 (RUBI Hit 1600)(до 1600мм), арт.10912",Плиткорезы ручные>Плиткорезы BIHUI
"Лазерный уровень DLT EK-118G, арт.0784",Лазерные нивелиры (лазерные уровни)>3D
"Лазерный уровень DLT EK-291G, арт.0783",Лазерные нивелиры (лазерные уровни)>4D
"Алмазная коронка по керамограниту DLT CERAMIC PRO,38мм, арт.0496",Алмазная оснастка>Алмазные коронки для плитки 
"Алмазная конусная фреза DLT CERAMIC CONE PRO, 20-48мм, арт.0513",Алмазная оснастка>Алмазные коронки для плитки 
"Алмазная фреза для плитки DLT CERAMIC, 8мм, арт.0508",Алмазная оснастка>Алмазные коронки для плитки 
"Адаптер-переходник BIHUI с гайки М14 на дрель, арт.DBAMH",Алмазная оснастка>Алмазные коронки для плитки>Аксессуары для алмазных коронок
"Алмазная фреза для плитки DLT CERAMIC, 6мм, арт.0507",Алмазная оснастка>Алмазные коронки для плитки 
"Коронка алмазная DLT&9plitok, ПРЕМИУМ класс, вакуумная пайка, 38мм, арт.0487",Алмазная оснастка>Алмазные коронки для плитки 
"Коронка алмазная по керамограниту BIHUI, 20мм (вакуумная пайка), арт.DBDF20",Алмазная оснастка>Алмазные коронки для плитки 
"Коронка алмазная по керамограниту BIHUI, 28мм (вакуумная пайка), арт.DBDM28 ",Алмазная оснастка>Алмазные коронки для плитки 
"Алмазный отрезной диск 9plitok&DLT (Turbo-X), 125мм, арт.0515",Алмазная оснастка>Алмазные диски>Алмазные диски по керамике/керамограниту/граниту/мрамору
"Набор алмазных коронок №20, арт.1032",Алмазная оснастка >Наборы алмазных коронок
"Набор алмазных коронок №21, арт.1033",Алмазная оснастка >Наборы алмазных коронок
"Набор алмазных коронок №4/1, арт.1037",Алмазная оснастка >Наборы алмазных коронок
"Алмазная конусная фреза DLT CERAMIC CONE PRO, 3-75мм, арт.0514",Алмазная оснастка>Алмазные коронки для плитки 
"Алмазная конусная фреза DLT CERAMIC CONE PRO, 2-38мм, арт.0512",Алмазная оснастка>Алмазные коронки для плитки 
"Алмазная фреза для плитки DLT CERAMIC, 20мм, арт.0511",Алмазная оснастка>Пальчиковые алмазные фрезы (шарошки)
"Алмазная фреза для плитки DLT CERAMIC, 12мм, арт.0510",Алмазная оснастка>Алмазные коронки для плитки
"Алмазная фреза для плитки DLT CERAMIC, 10мм, арт.0509",Алмазная оснастка>Алмазные коронки для плитки>Пальчиковые алмазные фрезы (шарошки)
"Киянка резиновая для крупноформатной плитки BIHUI, арт.BLFTBT",Акции на строительный инструмент
"Сверло алмазное корончатое DLT Premium, 182мм, арт.0480",Алмазная оснастка>Алмазные кольцевые сверла коронки
"Сверло алмазное корончатое DLT Premium, 200мм, арт.0481",Алмазная оснастка>Алмазные кольцевые сверла коронки
"Сверло алмазное корончатое DLT Premium, 320мм, арт.0482",Алмазная оснастка>Алмазные кольцевые сверла коронки
"Сверло алмазное корончатое DLT Standard, 200мм, арт.0462",Алмазная оснастка>Алмазные кольцевые сверла коронки
"Сверло алмазное корончатое DLT Standard, 182мм, арт.0461",Алмазная оснастка>Алмазные кольцевые сверла коронки
"Сверло алмазное корончатое DLT Standard, 400мм, арт.0464",Алмазная оснастка>Алмазные кольцевые сверла коронки
"Плиткорез DLT MAXLINE, рез до 2400мм, арт.2916",Плиткорезы ручные>Плиткорезы DLT
"Система переноски крупноформатного керамогранита BIHUI SLIM TRANS 8, арт.LFCSV8",Инструмент для укладки плитки>Крупноформат
"Набор алмазных коронок №18/1, арт.1040",Алмазная оснастка>Алмазные коронки для плитки>Наборы алмазных коронок
"Плиткорез DLT MAXLINE, рез до 870мм, арт.0605",Плиткорезы ручные>Плиткорезы DLT
"Плиткорез DLT MAXLINE, рез до 1070мм, арт.0606",Плиткорезы ручные>Плиткорезы DLT
"Плиткорез DLT MAXLINE, рез до 1270мм, арт.0607",Плиткорезы ручные>Плиткорезы DLT
"Плиткорез DLT MAXLINE, рез до 1670мм, арт.0608",Плиткорезы ручные>Плиткорезы DLT
"Плиткорез DLT MAXLINE, рез до 1870мм, арт.0609",Плиткорезы ручные>Плиткорезы DLT
"Одинарная присоска для гладкой поверхности P610, арт.0602",Инструмент для укладки плитки>Присоски для плитки и стекла>Обычные присоски
"Двойная присоска DLT P620 для гладкой поверхности, арт.0601",Инструмент для укладки плитки>Присоски для плитки и стекла>Обычные присоски
"Система фиксации углов DLT P621, арт.0600",Инструмент для укладки плитки>Присоски для плитки и стекла>Системы стягивания и фиксации
"Регулятор плиточного пространства DLT (система стягивания) P622, арт.0599",Инструмент для укладки плитки>Присоски для плитки и стекла>Обычные присоски
"Алмазный диск для резки и заусовки плитки под 45°, DLT №1, арт.0939",Алмазная оснастка>Алмазные диски>Алмазные диски для заусовки плитки под 45°
"Набор алмазных коронок №9/1, арт.1085",Алмазная оснастка>Алмазные коронки для плитки>Наборы алмазных коронок
"Маяк для наливного пола 70 мм 3D KRESTIKI (20 шт.), арт.1101",Система выравнивания плитки (СВП)
"Окошко защитное для лазерного уровня HUEPAR (GW01V-902), арт.1124",Лазерные нивелиры (лазерные уровни)>Аксессуары
"Винт-переходник DLT с резьбы 5/8 дюйма на 1/4 дюйма, арт.0004",Аксессуары к нивелирам
"Алмазный диск BIHUI MINI THIN TURBO, 50мм, арт.DCW50",Алмазная оснастка>Алмазные диски>Алмазные диски под СВП (T-диски)
"Система водяного охлаждения для плиткореза BIHUI, арт.LFECP",Плиткорезы электрические (камнерезы/мокрорезы)>Аксессуары для электрических плиткорезов
"Мешок-пылесборник для строительного пылесоса DLT EXTRALINE PL30, бумажный, арт.0588",Пылесосы строительные>Фильтры и мешки-пылесборники
"Стол для работы с крупноформатным керамогранитом DLT TL180, арт.0795",Инструмент для укладки плитки>Крупноформат
"АГШК DLT №1, для сухой и мокрой шлифовки, #50, 100мм, арт.0644",Инструмент для укладки плитки>Круг алмазный гибкий шлифовальный>АГШК #50-60
"Разделитель (сепаратор) BIHUI, арт.LFTBD",Плиткорезы ручные>Аксессуары для ручных плиткорезов
"Кованый гвоздь DLT Bullet Point по бетону металлу и кирпичу,16мм, (1000шт) , арт.0115",Монтажные пистолеты>Гвозди для монтажных пистолетов
"Кованый гвоздь DLT Bullet Point по бетону металлу и кирпичу,19мм, (1000шт) , арт.0117",Монтажные пистолеты>Гвозди для монтажных пистолетов
"Кованый гвоздь DLT Bullet Point по бетону металлу и кирпичу,22мм, (1000шт) , арт.0116",Монтажные пистолеты>Гвозди для монтажных пистолетов
"Кованый гвоздь DLT Bullet Point по бетону металлу и кирпичу,25мм,(1000шт) , арт.0118",Монтажные пистолеты>Гвозди для монтажных пистолетов
"Кованый гвоздь DLT Bullet Point по бетону металлу и кирпичу,32мм, (1000шт) , арт.0119",Монтажные пистолеты>Гвозди для монтажных пистолетов
"Набор алмазных коронок №14/1, арт.1089",Алмазная оснастка>Наборы алмазных коронок
"Набор алмазных коронок №2/1, арт.1035",Алмазная оснастка>Наборы алмазных коронок
"Набор алмазных коронок №6/1, арт.1038",Алмазная оснастка>Наборы алмазных коронок
"Набор алмазных коронок №7/1, арт.1083",Алмазная оснастка>Наборы алмазных коронок
"Очки HUEPAR Laser Glasses RED для лазерного нивелира, арт.0740",Лазерные нивелиры (лазерные уровни)>Аксессуары
"Очки HUEPAR Laser Glasses GREEN для лазерного нивелира, арт.0739",Аксессуары к нивелирам
"Уровень лазерный Huepar S03CG-L, арт.0735",Лазерные нивелиры (лазерные уровни)>3D
"Крепление лазерного уровня PV10+Set, арт.0738",Аксессуары к нивелирам
"Приемник лазерного луча (ресивер) LR-6RG, арт.0737",Аксессуары к нивелирам
"АГШК DLT №1, для сухой и мокрой шлифовки, #200, 100мм, арт.0646",Инструмент для укладки плитки>Круг алмазный гибкий шлифовальный>АГШК #200
"АГШК DLT №1, для сухой и мокрой шлифовки, #400, 100мм, арт.1164",Инструмент для укладки плитки>Круг алмазный гибкий шлифовальный>АГШК #400
"АГШК DLT №2, для сухой шлифовки, #50, 100мм, арт.0641",Инструмент для укладки плитки>Круг алмазный гибкий шлифовальный>АГШК #50-60
"Механический регулятор высоты плитки DLT, арт.6523S",Инструмент для укладки плитки>Разное для укладки
"Сумка DLT для механического плиткореза до 900мм, арт.0863",Плиткорезы ручные>Аксессуары для ручных плиткорезов>Сумки
"Гальванический алмазный гибкий шлифовальный круг DLT&9plitok, #400, 100мм, Премиум класс, арт.0633",Инструмент для укладки плитки>Круг алмазный гибкий шлифовальный>АГШК #400
"Гальванический алмазный гибкий шлифовальный круг DLT&9plitok, #60, 100мм, Премиум класс, арт.0630",Инструмент для укладки плитки>Круг алмазный гибкий шлифовальный>АГШК #50-60
"АГШК DLT №3, сверхгибкие, для сухой шлифовки, #50,100мм, арт.0634",Инструмент для укладки плитки>Круг алмазный гибкий шлифовальный>АГШК #50-60
"Алмазный шлифовальный круг DLT №5, для шлифовки и запила, #50, 100мм, арт.0650",Инструмент для укладки плитки>Круг алмазный гибкий шлифовальный>АГШК #50-60
"АГШК DLT №3, сверхгибкие, для сухой шлифовки, #100, 100мм, арт.0635",Инструмент для укладки плитки>Круг алмазный гибкий шлифовальный>АГШК #100
"АГШК DLT №3, сверхгибкие, для сухой шлифовки, #400, 100мм, арт.1295",Инструмент для укладки плитки>Круг алмазный гибкий шлифовальный>АГШК #400
"АГШК DLT №2, для сухой шлифовки, #200, 100мм, арт.0643",Инструмент для укладки плитки>Круг алмазный гибкий шлифовальный>АГШК #200
"АГШК DLT №2, для сухой шлифовки, #100, 100мм, арт.0642",Инструмент для укладки плитки>Круг алмазный гибкий шлифовальный>АГШК #100
"Набор алмазных коронок №8/1, арт.1084",Алмазная оснастка>Наборы алмазных коронок
"Набор алмазных коронок №5/1, арт.1082",Алмазная оснастка>Наборы алмазных коронок
"Набор алмазных коронок №3/1, арт.1036",Алмазная оснастка>Наборы алмазных коронок
"Набор алмазных коронок №17/1, арт.1092",Алмазная оснастка>Наборы алмазных коронок
"Набор алмазных коронок №16/1, арт.1091",Алмазная оснастка>Наборы алмазных коронок
"Набор алмазных коронок №15/1, арт.1090",Алмазная оснастка>Наборы алмазных коронок
"Набор алмазных коронок №13/1, арт.1194",Алмазная оснастка>Наборы алмазных коронок
"Набор алмазных коронок №12/1, арт.1189",Алмазная оснастка>Наборы алмазных коронок
"Набор алмазных коронок №11/1, арт.1086",Алмазная оснастка>Наборы алмазных коронок
"Набор алмазных коронок №1/1, арт.1034",Алмазная оснастка>Наборы алмазных коронок
"Система фиксации углов DLT P625, арт.0769",Инструмент для укладки плитки>Присоски для плитки и стекла>Системы стягивания и фиксации
"Антиплевковая насадка HYVST Clean shot (клин шот), арт.0930",Окрасочные аппараты и аксессуары>Аксессуары
"Лезвие для шпателя DLT Finish SILVER, толщина 0,35мм, 120см, арт.0753",Шпателя для механизированной шпатлевки>Шпателя для механизированного нанесения>Сменные лезвия и аксессуары>Лезвия для шпателя DLT Finish версия SILVER
"Лезвие для шпателя DLT Finish SILVER, толщина 0,35мм, 20см, арт.0749",Шпателя для механизированной шпатлевки>Шпателя для механизированного нанесения>Сменные лезвия и аксессуары>Лезвия для шпателя DLT Finish версия SILVER
Стержень-удлинитель для шпателей DLT Finish SILVER/DLT Finish версия PRO арт.0759,Шпателя для механизированной шпатлевки>Шпателя для механизированного нанесения>Сменные лезвия и аксессуары>Аксессуары
"Набор шпателей механизированного нанесения DLT Finish SILVER (лезвия 0.3, 0.5, 0.7 мм), арт.0375 NEW",Шпателя для механизированной шпатлевки>Шпателя для механизированного нанесения> Наборы шпателей
"Лезвие для шпателя DLT Finish SILVER, толщина 0,5мм, 120см, арт.0758",Шпателя для механизированной шпатлевки>Шпателя для механизированного нанесения>Сменные лезвия и аксессуары>Лезвия для шпателя DLT Finish версия SILVER
"Лезвие для шпателя DLT Finish SILVER, толщина 0,5мм, 20см, арт.0754",Шпателя для механизированной шпатлевки>Шпателя для механизированного нанесения>Сменные лезвия и аксессуары>Лезвия для шпателя DLT Finish версия SILVER
"Шпатель для механизированного нанесения DLT Finish SILVER + лезвие 0,35мм +лезвие 0,5мм, 20см, арт.0744",Шпателя для механизированной шпатлевки>Шпателя для механизированного нанесения
"Пальчиковая алмазная фреза, 8мм, CERAMIC PRO DLT&9plitok, арт.0505",Алмазная оснастка>Алмазные коронки для плитки>Пальчиковые алмазные фрезы (шарошки)
"Корзина для инструментов Tactix, арт.320370",Ящики для инструмента. Модульные системы.
"Шпатель для механизированного нанесения DLT Finish SILVER + лезвие 0,35мм +лезвие 0,5мм, 120см, арт.0745",Шпателя для механизированной шпатлевки
"Система переноски крупноформатного керамогранита DLT, арт.0770",Инструмент для укладки плитки
"Плиткорез электрический DLT SlimTronic, 3200мм, арт.0772",Плиткорезы электрические (камнерезы/мокрорезы)>Плиткорезы DLT
"Плиткорез для керамогранита большого формата RUBI Slim System Cutter PLUS, арт.18959",Плиткорезы ручные>Плиткорезы RUBI
"Лезвие для шпателя DLT Finish SILVER, толщина 0,35мм, 30см, арт.0750",Шпателя для механизированной шпатлевки>Шпателя для механизированного нанесения>Сменные лезвия и аксессуары>Лезвия для шпателя DLT Finish версия SILVER
"Лезвие для шпателя DLT Finish SILVER, толщина 0,5мм, 30 см, арт.0755",Шпателя для механизированной шпатлевки>Шпателя для механизированного нанесения>Сменные лезвия и аксессуары>Лезвия для шпателя DLT Finish версия SILVER
"Лезвие для шпателя DLT Finish SILVER, толщина 0,5 мм, 55 см, арт.0756",Шпателя для механизированной шпатлевки>Шпателя для механизированного нанесения>Сменные лезвия и аксессуары>Лезвия для шпателя DLT Finish версия SILVER
"Лезвие для шпателя DLT Finish SILVER, толщина 0,5мм, 80см, арт.0757",Шпателя для механизированной шпатлевки>Шпателя для механизированного нанесения>Сменные лезвия и аксессуары>Лезвия для шпателя DLT Finish версия SILVER
"Набор запасных лезвий для шпателя DLT Finish SILVER 80 см, 2 шт., толщина 0.35 мм, арт.0752",Шпателя для механизированной шпатлевки
"Удлинитель 1360мм для плиткореза механического DLT SLim System Cutter, арт.0807",Инструмент для укладки плитки>Аксессуары для ручных плиткорезов
"Чехол для плиткореза механического DLT SLim System Cutter, арт.0813",Акции на строительный инструмент
"Соединитель для плиткореза механического DLT SLim System Cutter, арт.0811",Запчасти>Системы резки крупноформата
"Разделитель (сепаратор) для плиткореза механического DLT SLim System CutterI, арт.8877",Инструмент для укладки плитки>Сепараторы (разделитель плитки)
"Шлифмашина Жираф DLT GrandFlex V37 PLUS (R7237), арт.0886",Шлифовальные машины для стен/потолков/пола>Шлифмашины Жираф
"Алмазная коронка по плитке и керамограниту DLT CERAMIC, 14мм, арт.0665",Алмазная оснастка>Алмазные коронки для плитки
"Алмазная коронка по плитке и керамограниту DLT CERAMIC, 18мм, арт.0668",Алмазная оснастка>Алмазные коронки для плитки
"Алмазная коронка по плитке и керамограниту DLT CERAMIC, 20мм, арт.0669",Алмазная оснастка>Алмазные коронки для плитки
"Алмазная коронка по плитке и керамограниту DLT CERAMIC, 28мм, арт.0670",Алмазная оснастка>Алмазные коронки для плитки
"Алмазная коронка по плитке и керамограниту DLT CERAMIC, 32мм, арт.0671",Алмазная оснастка>Алмазные коронки для плитки
"Алмазная коронка по плитке и керамограниту DLT CERAMIC, 38мм, арт.0672",Алмазная оснастка>Алмазные коронки для плитки
"Алмазная коронка по плитке и керамограниту DLT CERAMIC, 45мм, арт.0673",Алмазная оснастка>Алмазные коронки для плитки
"Алмазная коронка по плитке и керамограниту DLT CERAMIC, 50мм, арт.0674",Алмазная оснастка>Алмазные коронки для плитки
"Алмазная коронка по плитке и керамограниту DLT CERAMIC, 55мм, арт.0675",Алмазная оснастка>Алмазные коронки для плитки
"Алмазная коронка по плитке и керамограниту DLT CERAMIC, 105мм, арт.0676",Алмазная оснастка>Алмазные коронки для плитки
"Алмазная коронка по плитке и керамограниту DLT CERAMIC, 115мм, арт.0678",Алмазная оснастка>Алмазные коронки для плитки
"Алмазная коронка по плитке и керамограниту DLT CERAMIC, 120мм, арт.0677",Алмазная оснастка>Алмазные коронки для плитки
"Алмазная коронка по плитке и керамограниту DLT CERAMIC, 15мм, арт.0666",Алмазная оснастка>Алмазные коронки для плитки
"Алмазная коронка по плитке и керамограниту DLT CERAMIC, 16мм, арт.0667",Алмазная оснастка>Алмазные коронки для плитки
"Раздвижная гребёнка-трансформер, зуб 12мм.I, арт.1214",Инструмент для укладки плитки>Гребенки
"Указатель лазерный для плиткорезов DLT, арт. 0776",Инструмент для укладки плитки>Гребенки
"Отрезной диск для станков Shijing и DLT, 106мм, арт.1360",Алмазная оснастка>Алмазные диски>Алмазные диски для электрических плиткорезов
"Шаблон форм (кондуктор строительный) DLT H1, 12,5см, арт.0801",Инструмент для укладки плитки>Шаблоны строительные
"Шаблон форм (кондуктор строительный) DLT H2, 25,5см, арт.0802",Инструмент для укладки плитки>Шаблоны строительные
"АГШК DLT №2, для сухой шлифовки, #30, 100мм, арт.0938",Инструмент для укладки плитки>Круг алмазный гибкий шлифовальный>АГШК #30
"Газовый монтажный пистолет (нейлер) Hybest GFN3490B, арт.0860",Монтажные пистолеты
"Малярный шпатель DLT Finish, h-образный, толщина 0,3мм, 25см, арт.1044",Инструмент для укладки плитки>Круг алмазный гибкий шлифовальный>АГШК #30
"Малярный шпатель DLT Finish, h-образный, толщина 0,5мм, 15см, арт.1050",Шпателя для механизированной шпатлевки>Шпателя для механизированного нанесения>Шпатели с лезвием 0.5мм
"Крепление для лазерного уровня (нивелира) DLT ND6, арт.0815",Аксессуары к нивелирам
"Пылесос строительный DLT PL501 с полуавтоматической системой очистки фильтра (обратный поток)I, арт.0793",Пылесосы строительные>Пылесосы
"Пылесос строительный DLT PL208 - старая версия - НОВАЯ модель DLT PL PROI, арт.0792(ST)",Пылесосы строительные>Пылесосы
"Набор алмазных коронок BIHUI, арт.DBDMS6 ",Алмазная оснастка>Алмазные коронки для плитки
"HEPA фильтр для пылесоса DLT PL PRO / PL208/ PL PRO MAX, арт. 0797",Пылесосы строительные>Фильтры и мешки-пылесборники
"HEPA фильтр для пылесоса DLT PL501, арт.0800",Пылесосы строительные>Фильтры и мешки-пылесборники
"Губчатый фильтр для пылесоса DLT PL501, арт.0799",Пылесосы строительные>Фильтры и мешки-пылесборники
"Мешок-пылесборник для пылесоса DLT PL PRO/ PL208, бумажный, арт.0796",Пылесосы строительные>Фильтры и мешки-пылесборники
"Мешок-пылесборник для пылесоса DLT PL501, многоразовый, арт.0798",Пылесосы строительные>Фильтры и мешки-пылесборники
"Коронка алмазная по керамограниту BIHUI, 60мм (вакуумная пайка), арт.DBDF60",Алмазная оснастка>Алмазные коронки для плитки
"Сумка DLT для механического плиткореза до 1000мм, арт.0864",Плиткорезы ручные>Аксессуары для ручных плиткорезов>Сумки
"Сумка DLT для механического плиткореза до 1300мм, арт.0865",Плиткорезы ручные>Аксессуары для ручных плиткорезов>Сумки
"Клин (СВП) 3D KRESTIKI (200 шт.), арт.1103",Система выравнивания плитки (СВП)
"Алмазный диск DUAL-ROW MAX, 180мм, арт.CG1900W",Алмазная оснастка>Алмазные диски>Чашки алмазные шлифовальные (алмазные фрезы)
"Губка строительная для затирки BIHUI, нейлон, арт.CSPW ",Плиткорезы ручные
"Насадка на присоску вибрационную для плитки BIHUI, арт.LFTBV-BB ",Инструмент для укладки плитки>Присоски для плитки и стекла>Вибрационные присоски
"Пылесос промышленный BIHUI, С полуавтоматической очисткой фильтра, арт.VCH30 ",Пылесосы строительные>Пылесосы
"Система выравнивания плитки BIHUI (СВП многоразовая), 50шт, арт.TSL50",Система выравнивания плитки (СВП)>СВП BIHUI
"Шлифовальный круг 225мм (упаковка 10шт) 8 отверстий, P320, арт.0883",Шлифовальные машины для стен/потолков/пола>Шлифовальные круги и сетки>P240-320
"Подкова для регулировки шва BIHU, 2мм, 350шт, арт.HSP350",Система выравнивания плитки (СВП)>Крестики/клинья/подковы
"Набор алмазных коронок BIHUI, арт.DBDMK5",Алмазная оснастка>Алмазные коронки для плитки
"Гильотина для резки ламината Magnusson 220, арт.0921",Резаки для ламината
"Губка строительная для затирки BIHUI 165 * 110 * 60 мм, арт.CFHS165",Инструмент для укладки плитки>Губки
"Набор губок для затирки BIHUI, арт.CSPK4",Инструмент для укладки плитки>Губки
"Губка строительная для затирки BIHUI, арт.CSPB",Инструмент для укладки плитки>Губки
"Наколенники BIHUI, арт.TKPT",Инструмент для укладки плитки>Наколенники строительные
"Сменная щетка на кожух-пылеуловитель BIHUI, арт.DCWDEB ",Инструмент для укладки плитки>Кожухи для УШМ/Пылеуловители/Кондукторы
"АГШК BIHUI (вакуумная пайка) для шлифовки и полировки, #50, Ø100мм, арт.DPV405",Инструмент для укладки плитки>Круг алмазный гибкий шлифовальный>АГШК #50-60
"АГШК BIHUI (вакуумная пайка) для шлифовки и полировки, #100, Ø100мм , арт.DPV410",Инструмент для укладки плитки>Круг алмазный гибкий шлифовальный>АГШК #100
"Набор алмазных коронок BIHUI, 4шт, арт.DBDMK4",Алмазная оснастка>Алмазные коронки для плитки>Наборы алмазных коронок
"Проявочная лампа маляра Lossew Lamp P2, арт.0925",Лампы маляра
"Проявочная лампа маляра Lossew Lamp P2 TWL, арт.0926",Лампы маляра
"Алмазная коронка по стеклу и керамике BIHUI (гальваническая алмазная коронка), 6мм, арт.DBW06",Алмазная оснастка>Алмазные коронки для плитки
"Проявочная лампа маляра Lossew Lamp P2 Ultra, арт.0927",Лампы маляра
"Проявочная лампа маляра Lossew Lamp P2 Ultra Pro, арт.0928",Лампы маляра
"Алмазная коронка по плитке и керамограниту DLT CERAMIC, 150мм, арт.0947",Алмазная оснастка>Алмазные коронки для плитки
"АГШК DLT №11, для сухой шлифовки, #30, 100мм, арт.0935",Инструмент для укладки плитки>Круг алмазный гибкий шлифовальный>АГШК #30
"АГШК DLT №11, для сухой шлифовки, #100, 100мм, арт.0933",Инструмент для укладки плитки>Круг алмазный гибкий шлифовальный>АГШК #100
"АГШК DLT №11, для сухой шлифовки, #200, 100мм, арт.0934",Инструмент для укладки плитки>Круг алмазный гибкий шлифовальный>АГШК #200
"АГШК DLT №11, для сухой шлифовки, #400, 100мм, арт.0936",Инструмент для укладки плитки>Круг алмазный гибкий шлифовальный>АГШК #400
"АГШК DLT №10, для сухой шлифовки, #100, 100мм, арт.0931",Инструмент для укладки плитки>Круг алмазный гибкий шлифовальный>АГШК #100
"АГШК DLT №11, для сухой шлифовки, #50, 100мм, арт.0937",Инструмент для укладки плитки>Круг алмазный гибкий шлифовальный>АГШК #50-60
"Набор алмазных коронок BIHUI (10 предметов), арт.DBDMS10",Алмазная оснастка>Алмазные коронки для плитки
"Система выравнивания плитки (СВП многоразовая) DLT, 50шт арт.0961",Инструмент для укладки плитки>Система выравнивания плитки (СВП)>СВП DLT
"Система выравнивания плитки (СВП многоразовая) BIHUI, 100шт арт.TSS100",Инструмент для укладки плитки>Система выравнивания плитки (СВП)>СВП DLT
"Набор губок для зачистки плитки DLT, арт.0969",Инструмент для укладки плитки>Губки
"Лазерный уровень SHIJING 7859E, арт.0952",Лазерные нивелиры (лазерные уровни)>3D
"Лазерный уровень SHIJING 7859F, арт.0953",Лазерные нивелиры (лазерные уровни)>3D
"Коронка алмазная по керамограниту BIHUI, 38мм (вакуумная пайка), арт.DBDF38",Алмазная оснастка>Алмазные коронки для плитки
"Коронка алмазная по керамограниту BIHUI, 45мм (вакуумная пайка), арт.DBDF45",Алмазная оснастка>Алмазные коронки для плитки
"Шаблон-линейка (кондуктор) DLT (Алюминий), арт.8122",Инструмент для укладки плитки>Инструмент для измерения и разметки
"Механический регулятор высоты плитки BIHUI 1-25 см, 2шт, арт.TAS25",Инструмент для укладки плитки>Разное для укладки
"Зажим (СВП) 1.5 мм 3D KRESTIKI Profi (100 шт.), арт.1107",Инструмент для укладки плитки>Система выравнивания плитки (СВП)>СВП 3D KRESTIKI
"Зажим (СВП) 1.5 мм 3D KRESTIKI Profi (500 шт.), арт.1106",Инструмент для укладки плитки>Система выравнивания плитки (СВП)>СВП 3D KRESTIKI
"Насадка для смесителя RUBI, M-140-R, арт.76919",Малярный и штукатурный инструмент>Венчики и насадки строительные
"Помповая присоска DLT VST-209 для гладкой и слаборельефной поверхности, Ø8 дюймов, арт.1114",Инструмент для укладки плитки>Присоски для плитки и стекла>Помповые присоски
"Притир алмазный RUBI, #60, арт.61974",Инструмент для укладки плитки>Алмазные притиры>Р50-60
"Тарелка для черепашек Ø100мм, Полиуретановая, арт.1299",Инструмент для укладки плитки>Круг алмазный гибкий шлифовальный
"Алмазный гибкий шлифовальный круг DLT №15, #200, арт.1169",Инструмент для укладки плитки>Круг алмазный гибкий шлифовальный>АГШК #200
"Аккумулятор литий-ионный, для присоски электрической GRABO, арт.1223",Запчасти>Присоски электрические
"Помповая присоска BIHUI для гладкой и слаборельефной поверхности, Ø8 дюймов, арт.SCVG8  ",Инструмент для укладки плитки>Присоски для плитки и стекла>Помповые присоски
"Алмазная коронка по стеклу и керамике BIHUI (гальваническая алмазная коронка), 8мм, арт.DBW08",Инструмент для укладки плитки>Алмазные коронки для плитки
"Алмазная коронка по стеклу и керамике BIHUI (гальваническая алмазная коронка), 10мм, арт.DBW10",Инструмент для укладки плитки>Алмазные коронки для плитки
"Гребенка из нерж. стали BIHUI 280*120 мм, зуб 12 мм, арт.PTSB12",Инструмент для укладки плитки>Гребенки>Зуб 12мм
"Алмазная коронка по стеклу и керамике BIHUI (гальваническая алмазная коронка), 25мм, арт.DBW25",Инструмент для укладки плитки>Алмазные коронки для плитки
"Гребенка из нерж. стали BIHUI 280*120 мм, зуб 10 мм, арт.PTSB10",Инструмент для укладки плитки>Гребенки>Зуб 10мм
"Алмазная коронка по стеклу и керамике BIHUI (гальваническая алмазная коронка), 45мм, арт.DBW45",Инструмент для укладки плитки>Алмазные коронки для плитки
"Алмазная коронка по стеклу и керамике BIHUI (гальваническая алмазная коронка), 55мм, арт.DBW55",Инструмент для укладки плитки>Алмазные коронки для плитки
"Алмазная коронка по стеклу и керамике BIHUI (гальваническая алмазная коронка), 35мм, арт.DBW35",Инструмент для укладки плитки>Алмазные коронки для плитки
"Алмазная коронка по стеклу и керамике BIHUI (гальваническая алмазная коронка), 68мм, арт.DBW68",Инструмент для укладки плитки>Алмазные коронки для плитки
"Гребенка из нерж. стали BIHUI 280*120 мм, зуб 8 мм, арт.PTSB08",Инструмент для укладки плитки>Гребенки>Зуб 8мм
"Электрический плиткорез для крупноформатной плитки BIHUI — БЕЗ направляющей, арт.LFEC New",Плиткорезы электрические (камнерезы/мокрорезы)>Электрические плиткорезы для крупноформатной плитки
"Система фиксации углов и регулировки плиточного пространства BIHUI, арт.LFTFV6",Инструмент для укладки плитки>Присоски для плитки и стекла>Системы стягивания и фиксации
"Резец для плиткореза BIHUI Ø6мм, арт. LFM-SW",Инструмент для укладки плитки>Аксессуары для ручных плиткорезов
"Набор алмазных коронок BIHUI (6 предметов), арт.DBDMK6",Алмазная оснастка>Алмазные коронки для плитки
"Губка строительная для затирки BIHUI, сегментированная, арт.CFHSP11",Инструмент для укладки плитки>Губки
"Губка строительная для затирки BIHUI, целлюлозная, арт.CFCSP11",Инструмент для укладки плитки>Губки
"Алмазный диск BIHUI SUPER THIN TURBO, 125мм, арт.DCBN5",Алмазная оснастка>Алмазные диски>Алмазные диски по керамике/керамограниту/граниту/мрамору
"Чехол для системы переноски BIHUI, арт.LFCSBAG",Инструмент для укладки плитки>Крупноформат
"Комплект для затирки герметика BIHUI, арт.STARK3",Инструмент для укладки плитки>Шпатели для силикона и герметика>Шпатели и насадки
"Коронка алмазная по керамограниту BIHUI, 12мм (вакуумная пайка), арт.DBDF12",Алмазная оснастка>Алмазные коронки для плитки
"Двойная присоска BIHUI для гладкой поверхности, арт.SCDB4",Инструмент для укладки плитки>Присоски для плитки и стекла>Обычные присоски
"Ящик для инструментов Tactix, арт.320365,серия PRO", Ящики для инструмента/Модульные системы
"Помповая присоска BIHUI для гладкой и слаборельефной поверхности, Ø6 дюймов, арт.SCVG6 ",Инструмент для укладки плитки>Присоски для плитки и стекла>Помповые присоски
"Охлаждающий гель для сухого сверления BIHUI, арт.DBCW20",Алмазная оснастка>Аксессуары для алмазных коронок
"Насос водяной DLT для электрического плиткореза DLT MAXSLim power, арт.1390",Инструмент для укладки плитки>Аксессуары для электрических плиткорезов
"Присоска электрическая GRABO H, BIHUI, арт.LFEVC-H",Инструмент для укладки плитки>Присоски для плитки и стекла>Электрические присоски и поршни
"Окошко защитное для лазерного уровня HUEPAR (GW01V-S), арт.1125",Лазерные нивелиры (лазерные уровни)>Аксессуары
"Одинарная присоска BIHUI для гладкой поверхности, арт.SCSP4",Инструмент для укладки плитки>Присоски для плитки и стекла>Обычные присоски
"Губка строительная для затирки BIHUI, целлюлозная, арт.CFCS165 ",Инструмент для укладки плитки>Губки
"Алмазная коронка по плитке и керамограниту DLT CERAMIC, 140мм, арт.1042",Алмазная оснастка>Алмазные коронки для плитки
"Набор алмазных коронок BIHUI, арт.DBDMS7",Инструмент для укладки плитки>Алмазные коронки
"Разделитель плитки (сепаратор) DLT Slim Cut, арт.1312",Инструмент для крупноформатной плитки
"Алмазная фреза для плитки DLT CERAMIC, 25мм, арт.0985",Алмазная оснастка>Алмазные коронки для плитки>Пальчиковые алмазные фрезы (шарошки)
"Насадка для смесителя RUBIMX-9N, M-120-R, арт.76918",Малярный и штукатурный инструмент>Венчики и насадки строительные
"Гребенка (шпатель строительный) RUBI 280*120 мм, зуб 8 мм, арт.25905",Инструмент для укладки плитки>Гребенки>Зуб 8мм
"Гребенка (шпатель строительный) RUBI 280*120 мм, зуб 10 мм, арт.25906",Инструмент для укладки плитки>Гребенки>Зуб 10мм
"Гребенка (шпатель строительный) RUBI 280*120 мм, зуб 12 мм, арт.25907",Инструмент для укладки плитки>Гребенки>Зуб 12мм
"Смеситель строительный (миксер) RUBIMIX-9N, арт.25940",Миксер строительный/дрель-миксер
"Смеситель строительный (миксер) RUBIMIX-9N PLUS, арт.26922",Миксер строительный/дрель-миксер
"Наколенники RUBI ГЕЛЬ КОМФОРТ, арт.81998",Инструмент для укладки плитки>Наколенники строительные
"Сидение эргономичное для укладчика плитки, RUBI, арт.81999",Инструмент для укладки плитки>Плиткорезы ручные
"Регулятор плиточного пространства RUBI (система стягивания), арт.3923",Инструмент для укладки плитки>Присоски для плитки и стекла>Системы стягивания и фиксации
"Алмазный ручной брусок DLT #200, арт.1175",Инструмент для укладки плитки>Алмазные притиры>Р200
"Присоска электрическая GRABO Nemo BIHUII, арт.Nemo BIHUI",Инструмент для укладки плитки>Присоски для плитки и стекла>Электрические присоски и поршни
"Алмазный ручной брусок DLT #400, арт.1177",Инструмент для укладки плитки>Алмазные притиры>Р300-400
"Пальчиковая алмазная фреза, 10мм, CERAMIC PRO DLT&9plitok, арт.0506",Алмазная оснастка>Алмазные коронки для плитки
"Зажим (СВП) 0.8 мм 3D KRESTIKI Profi (100 шт.), арт.1109",Система выравнивания плитки (СВП)>СВП 3D KRESTIKI
"Лезвие для шпателя DLT Finish, толщина 0,5мм, 35см, арт.0827",Шпателя для механизированной шпатлевки>Шпателя для механизированного нанесения>Сменные лезвия и аксессуары>Лезвия для шпателя DLT Finish
"Лазерный уровень (нивелир) Fukuda MW-93T-2-3GX Standard, арт.0536",Лазерные нивелиры (лазерные уровни)>3D
"Насадка для смесителя (миксера) BIHUI, арт.MPGZ600",Малярный и штукатурный инструмент>Венчики и насадки строительные
"Аккумулятор BIHUI, 2000 м/а, 16 В, 2,0 а/ч, для виброприсоски для укладки плитки, арт.LFTBV-BAT",Запчасти>Вибрационные присоски>BIHUI
"Ведро строительное гибкое (голубое), 40л, арт.88722",Гибкие ведра и гибкие ёмкости
"Ящик для инструментов Tactix, арт.320360,серия PRO",Ящики для инструмента/Модульные системы. 
"Шаблон (кондуктор) для монтажа водорозеток INSTALLER S (400мм), арт.1195",Инструмент для укладки плитки>Шаблоны строительные
Зажим (СВП) 2 мм 3D KRESTIKI Strong (100 шт.),Система выравнивания плитки (СВП)>СВП 3D KRESTIKI
"Зажим (СВП) 0.8 мм 3D KRESTIKI Profi (500шт.), арт.1108",Система выравнивания плитки (СВП)>СВП 3D KRESTIKI
"Зажим (СВП) 2 мм 3D KRESTIKI Strong (500 шт.), арт.1105",Система выравнивания плитки (СВП)>СВП 3D KRESTIKI
"Электрическая присоска GRABO PRO-Lifter с АВТО подкачкой, для гладкой и рельефной поверхности, арт.1134",Инструмент для укладки плитки>Присоски для плитки и стекла>Электрические присоски и поршни
"АГШК DLT №1, для сухой и мокрой шлифовки, #100, 100мм, арт.0645",Инструмент для укладки плитки>Круг алмазный гибкий шлифовальный>АГШК #100
"Набор алмазных ручных брусков (#200, #300, #400), арт.1174",Инструмент для укладки плитки>Алмазные притиры>Р200
"Диск алмазный DLT MINI TURBO, 75мм, арт.1179",Алмазная оснастка>Алмазные диски>Алмазные диски под СВП (T-диски)
"Алмазный диск DLT №3 (KING), 125мм, арт.1287",Алмазная оснастка>Алмазные диски>Алмазные диски по керамике/керамограниту/граниту/мрамору
"Алмазный диск BIHUI B-MAGIC, X-LOCK, 125мм, арт.DCXW125",Алмазная оснастка>Алмазные диски>Алмазные диски по керамике/керамограниту/граниту/мрамору
"Помповая присоска DLT VST-207 для гладкой и слаборельефной поверхности, Ø7 дюймов, арт.1192",Инструмент для укладки плитки>Присоски для плитки и стекла>Помповые присоски
"Алмазный диск для заусовки плитки под 45°, 9plitok&DLT №1, арт.1172",Алмазная оснастка>Алмазные диски
"Диск алмазный DLT MINI TURBO, 50мм, арт.1178",Алмазная оснастка>Алмазные диски>Алмазные диски под СВП (T-диски)
"Алмазный диск для заусовки плитки под 45°, 9plitok&DLT №2, арт.1173",Алмазная оснастка>Алмазные диски
"Уровень лазерный Fukuda MW-301D-4GX, СЕРВОПРИВОД, арт.1129",Лазерные нивелиры (лазерные уровни)>4D
"Лазерный уровень (нивелир) 3D Huepar 603CG PRO, арт.0881",Лазерные нивелиры (лазерные уровни)
"Зажим (СВП) ECO Light СВП, 1мм, (500 шт), 3dkrestiki, арт.1099",Система выравнивания плитки (СВП)>СВП 3D KRESTIKI
"Указатель лазерный для плиткореза DLT Optima, арт.1076",Плиткорезы ручные>Аксессуары для ручных плиткорезов>Разное
"Зажим для выравнивания плитки (СВП) Profi Level Master 1 мм LONG, 300 шт, арт.1138",Система выравнивания плитки (СВП)>СВП Profi Level Master
"Клин (СВП) Profi Level Master (100 шт.), арт.1137",Система выравнивания плитки (СВП)>СВП Profi Level Master
"Защитная пластина (СВП) PROFI LEVEL MASTER (50 шт.), арт.1140",Система выравнивания плитки (СВП)>СВП Profi Level Master
"Универсальный крестик PROFI LEVEL MASTER (50 шт.), арт.1139",Инструмент для укладки плитки>Крестики/клинья/подковы
"Инструмент для укладки PLM (малый, П-образный), (регулируемые щипцы), арт.1141",Система выравнивания плитки (СВП)>СВП Profi Level Master
"Поршень DLT VSP-1 для помповой присоски (подходит для разных), арт.1215",Инструмент для укладки плитки>Присоски для плитки и стекла
"Шаблон (кондуктор) для монтажа водорозеток INSTALLER L (740мм), арт.1196",Инструмент для укладки плитки>Шаблоны строительные
"АГШК DLT №10, для сухой шлифовки, #30, 100мм, арт.1166",Инструмент для укладки плитки>Круг алмазный гибкий шлифовальный>АГШК #30
"Запасной уплотнитель для присоски электрической GRABO PRO, арт.1447",Запчасти
"АГШК DLT №10, для сухой шлифовки, #200, 100мм, арт.1185",Инструмент для укладки плитки>Круг алмазный гибкий шлифовальный>АГШК #200
"Насадка для смесителя (миксера) BIHUI, арт.MPSC600",Малярный и штукатурный инструмент>Венчики и насадки строительные
"Роликовый резец для плиткореза RUBI Ø8мм, арт.01942 ",Плиткорезы ручные>Аксессуары для ручных плиткорезов>Резцы
"Электрический плиткорез Shijing 9261,(авто),рез до 1600мм с одной направляющей, арт.1274",Инструмент для укладки плитки>Плиткорезы электрические (камнерезы/мокрорезы)
"Электрический плиткорез Shijing 9251,(авто),рез до 1800мм с одной направляющей, арт.1342",Инструмент для укладки плитки>Плиткорезы электрические (камнерезы/мокрорезы)
"Ящик для инструментов Tactix, арт.320361,серия PRO",Ящики для инструмента. Модульные системы.
"Слайдер DLT power PRO (45°, 90°, 180°) для плиткореза DLT MAXSLim, арт.1389",Инструмент для укладки плитки>Плиткорезы электрические (камнерезы/мокрорезы)
"Зажим (СВП) SVP-PROFI mini (0,7 мм) 100 шт ПЛАСТИК РУСИ, арт.1228",Инструмент для укладки плитки>Система выравнивания плитки (СВП)
"Регулируемые щипцы для СВП универсальные металл ПЛАСТИК РУСИ, арт.1245",Инструмент для укладки плитки>Система выравнивания плитки (СВП)
"Клин (СВП) SVP-PROFI mini (П) 200 шт ПЛАСТИК РУСИ, арт.1239",Инструмент для укладки плитки>Система выравнивания плитки (СВП)
"Маяк для наливного пола ПЛАСТИК РУСИ (40 шт.), арт.2621",Инструмент для укладки плитки>Система выравнивания плитки (СВП)
"Зажим (СВП) SVP-PROFI mini (0,7 мм) 500 шт ПЛАСТИК РУСИ, арт.1229",Инструмент для укладки плитки>Система выравнивания плитки (СВП)
"Клин (СВП) SVP-PROFI mini (П) 100 шт ПЛАСТИК РУСИ, арт.1238",Инструмент для укладки плитки>Система выравнивания плитки (СВП)
"Набор (СВП) PROFI mini (0,7 мм) 50шт. БЦ + Клин PROFI mini (П) 50шт ПЛАСТИК РУСИ, арт.1242",Инструмент для укладки плитки>Система выравнивания плитки (СВП)
"Зажим (СВП) SVP-PROFI mini (1 мм) 100 шт ПЛАСТИК РУСИ, арт.1230",Инструмент для укладки плитки>Система выравнивания плитки (СВП)
"Зажим (СВП) SVP-PROFI mini (1 мм) 500 шт ПЛАСТИК РУСИ, арт.1231",Инструмент для укладки плитки>Система выравнивания плитки (СВП)
"Зажим (СВП) SVP-PROFI mini (1,4 мм) 100 шт ПЛАСТИК РУСИ, арт.1232",Инструмент для укладки плитки>Система выравнивания плитки (СВП)
"Зажим (СВП) SVP-PROFI mini (1,4 мм) 500 шт ПЛАСТИК РУСИ, арт.1233",Инструмент для укладки плитки>Система выравнивания плитки (СВП)
"Зажим (СВП) Кольцо (1,5 мм) 100 шт ПЛАСТИК РУСИ, арт.1234",Инструмент для укладки плитки>Система выравнивания плитки (СВП)
"Зажим (СВП) Стандарт (1,5 мм) 100 шт ПЛАСТИК РУСИ, арт.1237",Инструмент для укладки плитки>Система выравнивания плитки (СВП)
"Зажим (СВП) Кольцо (1,5 мм) 500 шт ПЛАСТИК РУСИ, арт.1235",Инструмент для укладки плитки>Система выравнивания плитки (СВП)
"Зажим (СВП) СВП Стандарт (1,5 мм) 500 шт ПЛАСТИК РУСИ, арт.1236",Инструмент для укладки плитки>Система выравнивания плитки (СВП)
"Клин СВП (П) 200шт ПЛАСТИК РУСИ, арт.1240",Инструмент для укладки плитки>Система выравнивания плитки (СВП)
"Набор (СВП) PROFI mini (1,0 мм) 50шт. БЦ + Клин PROFI mini (П) 50шт ПЛАСТИК РУСИ, арт.1243",Инструмент для укладки плитки>Система выравнивания плитки (СВП)
"Набор (СВП) PROFI mini (1,4 мм) 50шт. БЦ СФ + Клин PROFI mini (П) 50шт, арт.1244",Инструмент для укладки плитки>Система выравнивания плитки (СВП)
"Присоска DLT VST-200 для рельефной плитки с АВТО подкачкой, арт.1260",Инструмент для укладки плитки>Присоски для плитки и стекла>Электрические присоски и поршни
"Пленка защитная, для ламп Lossew, арт.1148",Лампы маляра
"Пленка защитная С1, для ламп Lossew С1, арт.1147",Лампы маляра
"Плиткорез механический DLT Optima-800, (версия Plus), рез до 800мм, арт.1093",Плиткорезы ручные>Плиткорезы DLT
"Заусовщик для запила плитки под 45 градусов (универсальный), PRO версия, арт.1256",Плиткорезы электрические (камнерезы/мокрорезы)>Плиткорезы DLT
"Плиткорез механический DLT Optima-1200, (версия Plus), рез до 1200мм, арт.1094",Плиткорезы ручные>Плиткорезы DLT
"Плиткорез механический DLT Slim Cutter MAX-Plus 3.8м, арт.1263",Плиткорезы ручные>Плиткорезы DLT
"Переходник-адаптер для проявочных ламп маляра Lossew, арт.1222",Переходники и адаптеры
"Система ручной резки для широкоформатной плиты BIHUI, арт.LFMCS New",Плиткорезы ручные>Плиткорезы для крупноформатной плитки
"Алмазный диск для заусовки плитки под 45° BIHUI, арт.DPE125",Алмазная оснастка>Алмазные диски>Алмазные диски для заусовки плитки под 45°
"Электрический плиткорез для крупноформатной плитки BIHUI, арт.LFECMR New",Плиткорезы электрические (камнерезы/мокрорезы)>Электрические плиткорезы для крупноформатной плитки
"Разделитель плитки (сепаратор) BIHUI, арт.LFTBE",Плиткорезы ручные>Аксессуары для ручных плиткорезов>Разделители (сепараторы)
"Слайдер DLT MAXSLim power AUTO (45°, 90°, 180°) для плиткореза DLT MAXSLim, арт.1387",Плиткорезы электрические (камнерезы/мокрорезы)>Электрические плиткорезы для крупноформатной плитки
"Шлифмашина для стен и потолков, DLT max-XT R7503, арт.1112",Шлифовальные машины для стен/потолков/пола>Шлифмашины ручные
"Кейс для инструментов Tactix, арт.320384, серия Standard",Ящики для инструмента. Модульные системы.
"Набор кейсов для инструментов Tactix, арт.320310",Ящики для инструмента. Модульные системы.
"Тележка для инструментов Tactix, арт.320364",Ящики для инструмента. Модульные системы.
"Разделитель (сепаратор) для плиткореза DLT Slim Cutter MAXI, арт.1262",Плиткорезы ручные>Аксессуары для ручных плиткорезов>Разделители (сепараторы)
"Плиткорез DLT MAXSLim NEW, арт.1393",Плиткорезы ручные>Плиткорезы для крупноформатной плитки
"Электрическая присоска GRABO H V2 с АВТО подкачкой, для гладкой и рельефной поверхности, арт.1362",Инструмент для укладки плитки>Присоски для плитки и стекла>Электрические присоски и поршни
"Губка универсальная DLT, 190x130x50мм, арт.8127",Инструмент для укладки плитки>Губки
"Гребенка для плитки DLT, 12мм, арт.8512",Инструмент для укладки плитки>Гребенки>Зуб 12мм
"Кейс для инструментов Tactix, арт.320383, серия Standard",Ящики для инструмента. Модульные системы.
"Слайдер DLT MAXSLim power MAX (45°, 90°, 180°) для плиткореза DLT MAXSLim, арт.1388",Плиткорезы электрические (камнерезы/мокрорезы)>Плиткорезы DLT
"Роликовый резец для плиткореза BIHUI Ø12мм, посадка 3мм, арт.LFMCS-SW",Плиткорезы ручные>Аксессуары для ручных плиткорезов>Резцы
"Слайдер DLT MAXSLim power (45°, 90°) для плиткореза DLT MAXSLim, арт.1386",Плиткорезы электрические (камнерезы/мокрорезы)>Плиткорезы DLT
"Гребенка для плитки DLT, 8мм, арт.8508",Плиткорезы электрические (камнерезы/мокрорезы)
"Кейс для инструментов Tactix, арт.320390",Ящики для инструмента. Модульные системы.
"Набор роликов пластиковых для плиткореза DLT Slim Cutter MAX, (5шт.), арт.1404",Запчасти>Системы резки крупноформата
"Алмазный диск DLT №4 (Turbo-А), 125мм, арт.1288",Алмазная оснастка>Алмазные диски>Алмазные диски по керамике/керамограниту/граниту/мрамору
"Подстолье складное DLT Сороконожка, 3м х 1,5м NEW, арт.1391",Плиткорезы ручные
"Алмазный диск DLT №5 (Turbo-K), 125мм, арт.1289",Алмазная оснастка>Алмазные диски>Алмазные диски по керамике/керамограниту/граниту/мрамору
"Алмазный диск DLT №6 (Turbo-Y), 125мм (золотистый), арт.1290",Алмазная оснастка>Алмазные диски>Алмазные диски по керамике/керамограниту/граниту/мрамору
"Алмазный диск DLT №7 (Slim-CERAMIC), 125мм, арт.1291",Алмазная оснастка>Алмазные диски>Алмазные диски по керамике/керамограниту/граниту/мрамору
"Кейс-тележка для инструментов Tactix, арт.320394",Ящики для инструмента. Модульные системы.
"Ролик пластиковый для плиткореза DLT Slim Cutter MAX, арт.1327",Запчасти
"Кейс для инструментов Tactix, арт.320314",Ящики для инструмента. Модульные системы.
"Кейс-тележка для инструментов Tactix, арт.320385, серия Standard",Ящики для инструмента. Модульные системы.
"Кейс для инструментов Tactix, арт.320392",Ящики для инструмента. Модульные системы.
"Электрический плиткорез для крупноформатной плитки BIHUI+ водяное охлаждение, арт.LFECMR New water",Плиткорезы электрические (камнерезы/мокрорезы)>Электрические плиткорезы для крупноформатной плитки
"Лазерный уровень (нивелир) DLT EK-500, арт.1361",Лазерные нивелиры (лазерные уровни)>4D
"Гребенка для плитки DLT, 10мм, арт.8210",Инструмент для укладки плитки>Гребенки
"Губка универсальная целлюлозная DLT, 165x100x50мм, арт.8130",Инструмент для укладки плитки>Губки
"Наколенники строительные DLT Гель комфорт, арт.8129",Наколенники строительные
"Подкова для регулировки шва DLT, 1.5мм, 200шт, арт.8015",Инструмент для укладки плитки>Крестики/клинья/подковы
"Терка для эпоксидной затирки DLT, арт.8131",Инструмент для укладки плитки>Шпатели для затирки
"Гладилка для цементной затирки DLT, арт.8203",Инструмент для укладки плитки>Шпатели для затирки
"Электрический плиткорез SHIJING 9063, рез до 1600мм (с АВТОМАТИКОЙ), арт.1357",Плиткорезы электрические (камнерезы/мокрорезы)>Плиткорезы SHIJING
"Система ручной резки для широкоформатной плиты BIHUI - БЕЗ направляющей, арт.LFMC New",Плиткорезы ручные>Плиткорезы BIHUI
"Плиткорез механический BIHUI, 1200мм, арт.TCS1200",Плиткорезы ручные>Плиткорезы BIHUI
"Виброприсоска для укладки плитки BIHUI, арт.LFTBA",Инструмент для укладки плитки>Вибрационные присоски
"Виброприсоска для укладки плитки BIHUI, арт.LFTBA-Plus",Инструмент для укладки плитки>Вибрационные присоски
"Шпатель малярный BIHUI, 220мм, арт.PTK22",Шпателя для механизированной шпатлевки>Фасадные шпателя
"Шпатель малярный BIHUI, 300мм, арт.PTK30",Шпателя для механизированной шпатлевки>Фасадные шпателя
"Шпатель малярный BIHUI, 500мм, арт.PTK50",Шпателя для механизированной шпатлевки>Фасадные шпателя
"Шпатель малярный BIHUI, 600мм, арт.PTK60",Шпателя для механизированной шпатлевки>Фасадные шпателя
"Плиткорез механический DLT Slim Cutter MAX-Plus 1.5м, арт.1325",Плиткорезы ручные>Плиткорезы DLT
"Плиткорез механический DLT Slim Cutter MAX-Plus 2.3м, арт.1326",Плиткорезы ручные>Плиткорезы DLT
"Газовый гвоздезабивной монтажный пистолет Toua GSN50С, арт.1392",Монтажные пистолеты>Монтажные гвоздезабивные пистолеты
"Сменная щетка на шлифмашину 225мм , арт.1323",Шлифовальные машины для стен/потолков/пола
"Виброприсоска для укладки плитки DLT Vibro PRO-MAX, арт.1549",Инструмент для укладки плитки>Вибрационные присоски
"Алмазный диск DLT №6 (Turbo-Y), 125мм (синий), арт.1290",Алмазная оснастка>Алмазные диски>Алмазные диски по керамике/керамограниту/граниту/мрамору
"Алмазный диск DLT №8 (Slim-CERAMIC), 115мм, арт.1410",Алмазная оснастка>Алмазные диски>Алмазные диски по керамике/керамограниту/граниту/мрамору
"Алмазный диск DLT №13 Turbo-X, 125мм, арт.1409",Алмазная оснастка>Алмазные диски>Алмазные диски по керамике/керамограниту/граниту/мрамору
"Алмазный диск по бетону DLT DLT №20 (Super Turbo), 125мм, арт.1420",Алмазная оснастка>Алмазные диски>Алмазные диски по бетону/железобетону
"Диск алмазный (алмазная чашка) DLT, 125мм FAN Standard, арт.1418",Алмазная оснастка>Алмазные диски>Чашки алмазные шлифовальные (алмазные фрезы)
"Диск алмазный (алмазная чашка) DLT, 125мм FAN TOP, арт.1419",Алмазная оснастка>Алмазные диски>Чашки алмазные шлифовальные (алмазные фрезы)
"Универсальный шлифовально-отрезной алмазный диск DLT №10 VACUUM, арт.1407",Алмазная оснастка>Алмазные диски>Универсальные шлифовально - отрезные алмазные диски
"Универсальный шлифовально-отрезной алмазный диск DLT №11 VACUUM, 115мм, арт.1421",Алмазная оснастка>Алмазные диски>Алмазные диски для мозаики и стекла
"Универсальный шлифовально-отрезной алмазный диск DLT №12 VACUUM, 125мм, арт.1422",Алмазная оснастка>Алмазные диски>Алмазные диски для мозаики и стекла
"Шлифмашина для стен и потолков MAX-XT R7503, арт.3344",Шлифовальные машины для стен/потолков/пола
"Безвоздушный покрасочный аппарат MAX-XT R9221, арт.3345",Окрасочные аппараты и аксессуары
"Плиткорез электрический DLT OptiTronic Auto-1200, рез до 1200мм, с АВТОМАТИКОЙ , арт.1405",Плиткорезы электрические (камнерезы/мокрорезы)>Плиткорезы DLT
"Плиткорез электрический DLT OptiTronic Auto-1800, рез до 1800мм, с АВТОМАТИКОЙ , арт.1406",Плиткорезы электрические (камнерезы/мокрорезы)>Плиткорезы DLT
"Шлифмашина Жираф DLT GrandFlex V02 (R7202), арт.1413",Шлифовальные машины для стен/потолков/пола>Шлифмашины Жираф
"Шлифмашина эксцентриковая (орбитальная) DLT max-XT R7303, арт.1412",Шлифовальные машины для стен/потолков/пола>Шлифмашины Жираф
"Запасной защитный кожух для шлифмашины DLT R7232/GrandFlex V32, арт.2026",Запчасти>Шлифмашины ручные/жираф
"Быстросъемная струбцина (прищепка) для держателя DLT ND1, арт.0622",Аксессуары к нивелирам
"Светильник общего света и для покрасочных работ Lossew Lamp C1, арт.1430",Лампы маляра
"Алмазный диск DLT №17 (Slim-CERAMIC), 125мм, арт.1417",Алмазная оснастка>Алмазные диски>Алмазные диски по керамике/керамограниту/граниту/мрамору
"Алмазный диск DLT №19 (SUPER THIN TURBO), 125мм, арт.1424",Алмазная оснастка>Алмазные диски>Алмазные диски по керамике/керамограниту/граниту/мрамору
"Скребок многофункциональный строительный №1, арт.1425",Инструмент для укладки плитки>Многофункц. шпатели (скребки)
"Скребок многофункциональный строительный №2, арт.1426",Инструмент для укладки плитки>Многофункц. шпатели (скребки)
"Скребок многофункциональный строительный №3, арт.1427",Инструмент для укладки плитки>Многофункц. шпатели (скребки)
"Шлифовальный круг DLT №21, #60, арт.1428",Алмазная оснастка>Алмазные диски>Чашки алмазные шлифовальные (алмазные фрезы)
"Шлифовальный круг DLT №22, #120, арт.1429",Алмазная оснастка>Алмазные диски
"Крепления для штукатурных маяков (50шт.), арт.1435",Инструмент для укладки плитки>Маяки для наливного пола
"HEPA-фильтр для пылесоса, арт.1113",Пылесосы строительные>Фильтры и мешки-пылесборники
"Виброприсоска для укладки плитки BIHUI, арт.LFTBU",Инструмент для укладки плитки>Вибрационные присоски
"Запасные щётки электрического плиткореза DLT OptiTronic Auto, версия MAX, арт.3271",Запчасти>Плиткорезы электрические
"Разделитель плитки (сепаратор) DLT от 0 до 30мм, арт.1448",Плиткорезы ручные>Аксессуары для ручных плиткорезов 
"Алмазный диск KATANA X-Type 125мм, арт.1726",Алмазная оснастка>Алмазные диски>Алмазные диски по керамике/керамограниту/граниту/мрамору
"Инструмент для очистки плиточных швов BIHUI, арт.TGRS2",Бренды>BIHUI Tools Инструмент для укладки плитки Бихуэй (бихуй)
"Диск алмазный для плиткореза, SHIJING, 105мм, SLAB TOP, арт.1443",Алмазная оснастка>Алмазные диски>Алмазные диски для электрических плиткорезов
"Диск алмазный для плиткореза, SHIJING, 105мм, Сeramics TOP, арт.1442",Алмазная оснастка>Алмазные диски>Алмазные диски для электрических плиткорезов
"Валик для нанесения шпатлевки с бюгелем DLT 23см, ворс 10мм, арт.1438",Малярный и штукатурный инструмент>Валики для нанесения шпатлевки
"Диск алмазный для плиткореза, SHIJING, 130мм, арт.1446",Алмазная оснастка>Алмазные диски>Алмазные диски для электрических плиткорезов
"Перчатки строительные BIHUI с латексным покрытием, размер 11(XXL), арт.TGDXXL",Плиткорезы ручные
"Кельма четырехугольная BIHUI,120мм (мастерок), арт.BTCHB4",Шпателя для механизированной шпатлевки>Кельмы/мастерки
"Терка для цементной затирки BIHUI 280 * 140 мм, полиуретан, арт.CFES11",Малярный и штукатурный инструмент>Тёрки для отделочных работ
"Диск алмазный BIHUI B-Fast, 125мм, арт.DCDF125",Алмазная оснастка>Алмазные диски>Алмазные диски по керамике/керамограниту/граниту/мрамору
"Шлифовальный круг для плитки и камня BIHUI, арт.DGW50",Алмазная оснастка>Алмазные диски>Чашки алмазные шлифовальные (алмазные фрезы)
"Гребенка из пружинной стали BIHUI 280*115 мм, зуб 8мм, арт.PTCB08",Инструмент для укладки плитки>Гребенки>Зуб 8мм
"Гребенка из пружинной стали BIHUI 280*115 мм, зуб 10мм, арт.PTCB10",Инструмент для укладки плитки>Гребенки>Зуб 10мм
"Гребенка из пружинной стали BIHUI 280*115 мм, зуб 12мм, арт.PTCB12",Инструмент для укладки плитки>Гребенки>Зуб 12мм
"Гребенка из пружинной стали BIHUI 280*115 мм «Тигриный коготь», арт. PTCBTG",Инструмент для укладки плитки>Гребенки>Фигурный зуб
"Диск алмазный BIHUI SUPER THIN TURBO, 115мм, арт.DCBN115",Алмазная оснастка>Алмазные диски>Алмазные диски по керамике/керамограниту/граниту/мрамору
"Механическая каретка для плиткореза BIHUI, арт.LFMCS-CH",Инструмент для укладки плитки>Аксессуары для ручных плиткорезов
"Запасное лезвие для набора гребенок BIHUI 280*115 мм, зуб 4мм, арт.PTSJ04",Инструмент для укладки плитки>Гребенки>Зуб 3-6мм
"Запасное лезвие для набора гребенок BIHUI 280*115 мм, зуб 6мм, арт.PTSJ06",Инструмент для укладки плитки>Гребенки>Зуб 3-6мм
"Запасное лезвие для набора гребенок BIHUI 280*115 мм, зуб 8мм, арт.PTSJ08",Инструмент для укладки плитки>Гребенки>Зуб 8мм
"Запасное лезвие для набора гребенок BIHUI 280*115 мм, зуб 10 мм, арт.PTSJ10",Инструмент для укладки плитки>Гребенки>Зуб 10мм
"Запасное лезвие для набора гребенок BIHUI 280*115 мм, U-образный зуб 20мм, арт.PTSJ20",Инструмент для укладки плитки>Гребенки>Фигурный зуб
"Запасное лезвие для набора гребенок BIHUI 280*115 мм, наклонный зуб 10мм, арт.PTSJSN",Инструмент для укладки плитки>Гребенки>Фигурный зуб
"АГШК DLT №3, сверхгибкие, для сухой шлифовки, #200,100мм, арт.0636",Инструмент для укладки плитки>Круг алмазный гибкий шлифовальный>АГШК #200
"Алмазный гибкий шлифовальный круг DLT №16, #30, арт.1469",Инструмент для укладки плитки>Круг алмазный гибкий шлифовальный>АГШК #30
"Алмазный гибкий шлифовальный круг DLT №16, #50, арт.1470",Инструмент для укладки плитки>Круг алмазный гибкий шлифовальный>АГШК #50-60
"Алмазный гибкий шлифовальный круг DLT №16,  #100, арт.1471",Инструмент для укладки плитки>Круг алмазный гибкий шлифовальный>АГШК #100
"Алмазный гибкий шлифовальный круг DLT №16, #200, арт.1472",Инструмент для укладки плитки>Круг алмазный гибкий шлифовальный>АГШК #200
"Алмазный гибкий шлифовальный круг DLT №17, #30, арт.1473",Инструмент для укладки плитки>Круг алмазный гибкий шлифовальный>АГШК #30
"Алмазный гибкий шлифовальный круг DLT №17, #50, арт.1474",Инструмент для укладки плитки>Круг алмазный гибкий шлифовальный>АГШК #50-60
"Алмазный гибкий шлифовальный круг DLT №17, #100, арт.1475",Инструмент для укладки плитки>Круг алмазный гибкий шлифовальный>АГШК #100
"Алмазный гибкий шлифовальный круг DLT №17, #200, арт.1476",Инструмент для укладки плитки>Круг алмазный гибкий шлифовальный>АГШК #200
"Алмазный диск DLT №8 (Slim-CERAMIC super thin), 125мм, арт.1481",Алмазная оснастка>Алмазные диски>Алмазные диски по керамике/керамограниту/граниту/мрамору
"Гальванический гибкий шлифовальный круг DLT №14, #100, арт.1478",Инструмент для укладки плитки>Круг алмазный гибкий шлифовальный
"Алмазный диск DLT №9 (КОРОЛЬ ДИСКОВ), 125мм, арт.1482",Алмазная оснастка>Алмазные диски>Алмазные диски по керамике/керамограниту/граниту/мрамору
"Алмазная коронка-фреза DLT CERAMIC CONE PRO, 40-60мм, (для УШМ), арт.1491",Алмазная оснастка>Алмазные коронки для плитки
"Алмазная коронка-фреза DLT CERAMIC CONE PRO, 45-60мм, (для УШМ), арт.1492",Алмазная оснастка>Алмазные коронки для плитки
"Алмазная коронка-фреза DLT CERAMIC CONE PRO, 45-65мм, (для УШМ), арт.1493",Алмазная оснастка>Алмазные коронки для плитки
"Алмазная коронка-фреза DLT CERAMIC CONE PRO, 50-70мм, (для УШМ), арт.1494",Алмазная оснастка>Алмазные коронки для плитки
"Алмазная коронка-фреза DLT CERAMIC CONE PRO, 40-60мм, (для дрели), арт.1487",Алмазная оснастка>Алмазные коронки для плитки
"Алмазная коронка-фреза DLT CERAMIC CONE PRO, 45-65мм, (для дрели), арт.1489",Алмазная оснастка>Алмазные коронки для плитки
"Алмазная коронка-фреза DLT CERAMIC CONE PRO, 45-60мм, (для дрели), арт.1488",Алмазная оснастка>Алмазные коронки для плитки
"Алмазная коронка-фреза DLT CERAMIC CONE PRO, 50-70мм, (для дрели), арт.1490",Алмазная оснастка>Алмазные коронки для плитки
"Набор алмазных дисков DLT с титановым покрытием для гравера, 10шт, 18мм, арт.1495",Алмазная оснастка>Алмазные диски>Алмазные диски для гравера
"Набор алмазных дисков DLT с титановым покрытием для гравера, 10шт, 20мм, арт.1496",Алмазная оснастка>Алмазные диски>Алмазные диски для гравера
"Набор алмазных дисков DLT с титановым покрытием для гравера, 10шт, 25мм, арт.1497",Алмазная оснастка>Алмазные диски>Алмазные диски для гравера
"Набор алмазных дисков DLT с титановым покрытием для гравера, 10шт, 30мм, арт.1503",Алмазная оснастка>Алмазные диски>Алмазные диски для гравера
"Набор алмазных дисков DLT с титановым покрытием для гравера, 10шт, 40мм, арт.1498",Алмазная оснастка>Алмазные диски>Алмазные диски для гравера
"Набор алмазных дисков DLT с титановым покрытием для гравера, 10шт, 50мм, арт.1499",Алмазная оснастка>Алмазные диски>Алмазные диски для гравера
"Набор алмазных дисков DLT с титановым покрытием для гравера, 10шт, от 16 до 40мм, арт.1500",Алмазная оснастка>Алмазные диски>Алмазные диски для гравера
"Алмазный диск по бетону DLT №21 (Turbo), 125мм, арт.1501",Алмазная оснастка>Алмазные диски>Алмазные диски по бетону/железобетону
"Алмазный диск по бетону DLT №22 (Turbo-V), 125мм, арт.1502",Алмазная оснастка>Алмазные диски>Алмазные диски по бетону/железобетону
"Гальванический гибкий шлифовальный круг DLT №14, #200, арт.1479",Инструмент для укладки плитки>Круг алмазный гибкий шлифовальный>АГШК #200
"Гальванический гибкий шлифовальный круг DLT №14, #400, арт.1480",Инструмент для укладки плитки>Круг алмазный гибкий шлифовальный>АГШК #400
"Гальванический гибкий шлифовальный круг DLT №14, #60, арт.1477",Инструмент для укладки плитки>Круг алмазный гибкий шлифовальный>АГШК #50-60
"Охлаждающий гель для сухого сверления DLT, арт.1486",Алмазная оснастка>Алмазные коронки для плитки
"Уровень строительный 40см, RUBI арт. 76920",Инструмент для укладки плитки>Уровни строительные
"Уровень строительный 60см, RUBI арт. 76932",Инструмент для укладки плитки>Уровни строительные
"Уровень строительный 100см, RUBI арт. 76934",Инструмент для укладки плитки>Уровни строительные
"Уровень строительный 120см, RUBI арт. 76935",Инструмент для укладки плитки>Уровни строительные
"Уровень строительный 60см, RUBI арт. 76922",Инструмент для укладки плитки>Уровни строительные
"Уровень строительный 100см, RUBI арт. 76924",Инструмент для укладки плитки>Уровни строительные
"Уровень строительный RUBI 150см, арт.76926",Инструмент для укладки плитки>Уровни строительные
"Уровень строительный 60см, RUBI арт. 76938",Инструмент для укладки плитки>Уровни строительные
"Алмазная конусная фреза DLT CERAMIC CONE PRO, 0-50мм, арт.1484",Алмазная оснастка>Алмазные коронки для плитки
"Алмазный диск DLT №43 (Turbo-X Black), 125мм, арт.1483",Алмазная оснастка>Алмазные диски>Алмазные диски по керамике/керамограниту/граниту/мрамору
"Каретка для плиткореза DLT Slim Cutter MAX/MAX-Plus, арт.1261",Инструмент для укладки плитки>Аксессуары для ручных плиткорезов
"Набор инструментов DLT для ремонта (реставрации) плитки и ламината, арт.1532",Инструмент для укладки плитки>Разное для укладки
"Наушники защитные (противошумные) Tactix, арт. 488133",Средства индивидуальной защиты
"Наушники защитные (противошумные) Tactix, арт. 488132",Бренды>Tactix
"Наушники защитные (противошумные) Tactix, арт. 488131",Средства индивидуальной защиты
"Ролик пластиковый для плиткореза/слайдера DLT MAXSLIM, арт.1533",Запчасти
"Виброприсоска для укладки плитки RUBI VIBRATOR RV-20, арт.60933",Инструмент для укладки плитки>Вибрационные присоски
"Шлифовальный круг DLT №20, арт.1547",Алмазная оснастка>Алмазные диски>Чашки алмазные шлифовальные (алмазные фрезы)
"Шлифовальный алмазный диск DLT №29 VACUUM, арт.1545",Алмазная оснастка>Алмазные диски>Чашки алмазные шлифовальные (алмазные фрезы)
"Шлифовальный алмазный диск DLT №27 VACUUM, арт.1543",Алмазная оснастка>Алмазные диски>Чашки алмазные шлифовальные (алмазные фрезы)
"Универсальный шлифовально-отрезной алмазный диск DLT №30 GALVANIC, арт.1546",Алмазная оснастка>Алмазные диски>Универсальные шлифовально - отрезные алмазные диски
"Шлифовальный алмазный диск DLT №28 VACUUM, арт.1544",Алмазная оснастка>Алмазные диски>Чашки алмазные шлифовальные (алмазные фрезы)
"Тележка DLT для пылесоса и циклона 435мм, арт.1636",Пылесосы строительные>Аксессуары
"Набор запасных шпателей для DLT Silicone, (размер 2С) ОРАНЖЕВЫЕ, арт.1583",Акции на строительный инструмент
"Набор запасных шпателей для DLT Silicone, (размер 3С) ОРАНЖЕВЫЕ, арт.1586",Акции на строительный инструмент
"Набор запасных шпателей для DLT Silicone, (размер 4С) ОРАНЖЕВЫЕ, арт.1584",Акции на строительный инструмент
"Набор запасных шпателей для DLT Silicone, (размер 12) ОРАНЖЕВЫЕ, арт.1582",Акции на строительный инструмент
"Набор шпателей для силикона DLT Silicone, комплект 9 насадок, арт.1581",Инструмент для укладки плитки>Шпатели для силикона и герметика>Шпатели и насадки
"Система резки крупноформатной плитки DLT SLim Cutter KIT-Plus, арт.1548",Плиткорезы электрические (камнерезы/мокрорезы)>Электрические плиткорезы для крупноформатной плитки
"Каретка для плиткореза DLT MAXSLim, арт.1640",Инструмент для укладки плитки>Аксессуары для ручных плиткорезов
"Универсальный пылеотвод для АГШК, арт.1642",Инструмент для укладки плитки>Кожухи для УШМ/Пылеуловители/Кондукторы>Пылеуловители для УШМ
"Уплотнительное кольцо для присоски GRABO H V2,, арт.3843",Запчасти
"Шпатель малярный BIHUI, 1,5 дюйма (38мм) из нержавеющей стали, арт.PTS1NH",Шпателя для механизированной шпатлевки>Малярные шпателя
"Шпатель малярный BIHUI, 2 дюйма (50мм) из нержавеющей стали, арт.PTS2",Шпателя для механизированной шпатлевки>Малярные шпателя
"Шпатель малярный BIHUI, 3 дюйма (75мм) из нержавеющей стали, арт.PTS3",Шпателя для механизированной шпатлевки>Малярные шпателя
"Шпатель малярный BIHUI, 4 дюйма (100мм) из нержавеющей стали, арт.PTS4",Шпателя для механизированной шпатлевки>Малярные шпателя
"Шпатель малярный BIHUI, 5 дюйма (125мм) из нержавеющей стали, арт.PTS5",Шпателя для механизированной шпатлевки>Малярные шпателя
"Шпатель малярный BIHUI, 6 дюйма (150мм) из нержавеющей стали, арт.PTS6",Шпателя для механизированной шпатлевки>Малярные шпателя
"Скребок многофункциональный строительный BIHUI, арт.PTS10IN1",Малярный и штукатурный инструмент>Скребки малярные
"HEPA-фильтр для пылесоса BIHUI, арт.VCH30-07",Пылесосы строительные>Фильтры и мешки-пылесборники
"Сменные лезвия для чистки плиточных швов BIHUI, арт. TGRSB2",Инструмент для укладки плитки>Инструмент для очистки швов
"Запасное лезвие для набора гребенок BIHUI 280*115 мм, зуб 12мм, арт.PTSJ12",Бренды>BIHUI Tools Инструмент для укладки плитки Бихуэй (бихуй)
"Многоразовый тюбик (пакет) для затирки швов BIHUI, арт.GBS21",Инструмент для укладки плитки>Разное для укладки
"Маяк для наливного пола BIHUI, 100шт., арт.MSLP100",Малярный и штукатурный инструмент>Маяки для наливного пола
"Электрическая присоска BIHUI с АВТО подкачкой, для гладкой и рельефной поверхности, Ø8 дюймов, арт.SCBA8 ",Инструмент для укладки плитки>Присоски для плитки и стекла>Электрические присоски и поршни
"Кювета для мытья керамической плитки BIHUI, 24 литра, арт.TWS24",Инструмент для укладки плитки>Ведро плиточника
"Кондуктор (шаблон) BIHUI для алмазных коронок Ø4,5,6,8,10,12,14мм, арт.DBGU",Алмазная оснастка>Алмазные коронки для плитки
"Электрический плиткорез (заусовщик) BIHUI, арт.LFMBF",Плиткорезы электрические (камнерезы/мокрорезы)>Плиткорезы BIHUI
"Диск алмазный BIHUI, 125мм, арт.DSBC125",Алмазная оснастка>Алмазные диски>Универсальные диски
"Диск алмазный BIHUI, 180мм, арт. DSBM180",Алмазная оснастка>Алмазные диски>Универсальные диски
"Диск алмазный BIHUI, 125мм, арт.DSBS125",Алмазная оснастка>Алмазные диски>Универсальные диски
"Уровень строительный BIHUI, 600мм, арт.TSL060",Инструмент для укладки плитки>Уровни строительные
"Уровень строительный BIHUI, 800мм, арт.TSL080",Инструмент для укладки плитки>Уровни строительные
"Уровень строительный BIHUI, 1000мм, арт.TSL100",Инструмент для укладки плитки>Уровни строительные
"Уровень строительный BIHUI, 1200мм, арт.TSL120",Инструмент для укладки плитки>Уровни строительные
"Кельма четырехугольная BIHUI,180мм (мастерок), арт.BTCHB7",Инструмент для укладки плитки>Мастерки
"Мастерок из нерж. стали BIHUI 100*110 мм, арт.BTSHP4",Инструмент для укладки плитки>Мастерки
"Мастерок четырехугольный BIHUI 140мм, арт.BTCHB5",Шпателя для механизированной шпатлевки>Кельмы/мастерки 
"Щетки для электрического плиткореза BIHUI LFECMR, арт. LFECMR-B",Плиткорезы ручные
"Роликовый резец BIHUI для плиткореза Ø22мм, посадка 5мм, арт.TCS-SW",Плиткорезы ручные>Аксессуары для ручных плиткорезов
"Уровень строительный BIHUI, 1800мм, арт.TSL180",Инструмент для укладки плитки>Уровни строительные
"Запасное лезвие для набора гребенок BIHUI 280*115 мм, без зубьев, арт.PTSJPL",Бренды>BIHUI Tools Инструмент для укладки плитки Бихуэй (бихуй)
"Уголок монтажный, 90 градусов, 14см, (L-образный зажим), набор 2шт, арт.1556",Инструмент для укладки плитки>Уголки для фиксации плитки
"Алмазный диск для гравировальной машинки DLT Slim-CERAMIC, 55 мм ВАЖНО - концевик 6мм, арт.1551",Алмазная оснастка>Алмазные диски>Алмазные диски для гравера
"Набор сменных стержней к карандашам (набор грифелей), ЖЕЛТЫЙ, арт.1570",Акции на строительный инструмент
"Строительный карандаш DLT СИНИЙ, арт.1567",Инструмент для укладки плитки>Строительные маркеры и карандаши
"Переходник DLT с X-LOCK на M14, арт.1550",Алмазная оснастка>Алмазные коронки для плитки>Аксессуары для алмазных коронок
"Диск отрезной для гравировальной машинки DLT, 24 мм (набор 36шт), арт.1552",Алмазная оснастка>Алмазные диски>Алмазные диски для гравера
"Набор алмазных фрез для гравировальной машинки, 138шт, (шарошки для гравера), арт.1553",Алмазная оснастка>Алмазные диски>Алмазные диски для гравера
"Набор алмазных фрез для гравировальной машинки, 256шт, (шарошки для гравера), арт.1554",Алмазная оснастка>Алмазные диски>Алмазные диски для гравера
"Универсальный пылеотвод для запила под 45, арт.1646",Инструмент для укладки плитки>Кожухи для УШМ/Пылеуловители/Кондукторы>Пылеуловители для УШМ
"Набор сменных стержней к карандашам (набор грифелей), СЕРЫЙ, арт.1571",Инструмент для укладки плитки>Строительные маркеры и карандаши
"Набор сменных стержней к карандашам (набор грифелей), КРАСНЫЙ, арт.1569",Инструмент для укладки плитки>Строительные маркеры и карандаши
"Виброприсоска для укладки плитки DLT Vibro EVOLUTION, арт.1505",Инструмент для укладки плитки>Вибрационные присоски
"Виброприсоска для укладки плитки DLT VIBRO Mini, арт.1504",Инструмент для укладки плитки>Вибрационные присоски
"Строительный карандаш DLT ЧЕРНЫЙ, арт.1568",Инструмент для укладки плитки>Строительные маркеры и карандаши
"Аккумулятор DLT для виброприсоски Vibro EVOLUTION, арт.1506",Запчасти>Присоски вибро
"Переноска крупноформатного керамогранита DLT Auto mini, арт.2630",Инструмент для укладки плитки>Крупноформат
"Универсальный пылеотвод для прямого реза 90⁰, арт.1768",Инструмент для укладки плитки>Кожухи для УШМ/Пылеуловители/Кондукторы>Пылеуловители для УШМ
"Шаблон (кондуктор) для монтажа электрических подрозетников INSTALLER Electric-5, арт.1579",Инструмент для укладки плитки>Шаблоны строительные
"Шаблон (кондуктор) для монтажа электрических подрозетников INSTALLER Electric-3, арт.1578",Инструмент для укладки плитки>Шаблоны строительные
"Шаблон (кондуктор) для монтажа водорозеток INSTALLER PRO, арт.1580",Инструмент для укладки плитки>Шаблоны строительные
"Адаптер INSTALLER BOLT, арт.1577",Инструмент для укладки плитки>Шаблоны строительные
"Диск алмазный для плиткореза, SHIJING, 105мм, SLAB, арт.1444",Алмазная оснастка>Алмазные диски
"Диск алмазный для СВП PLM T-Disc 50мм с переходником на шуруповерт, арт.1727",Алмазная оснастка>Алмазные диски>Алмазные диски под СВП (T-диски)
"Губка алмазная Katana #60, арт.1723",Инструмент для укладки плитки>Алмазные притиры>Р50-60
"Губка алмазная Katana #120, арт.1724",Инструмент для укладки плитки>Алмазные притиры>Р100-120
"Губка алмазная Katana #200, арт.1720",Инструмент для укладки плитки>Алмазные притиры>Р200
"Алмазный гибкий шлифовальный круг (АГШК) Katana, #50, арт.1721",Инструмент для укладки плитки>Круг алмазный гибкий шлифовальный>АГШК #50-60
"Алмазный гибкий шлифовальный круг (АГШК) Katana, #100, арт.1722",Инструмент для укладки плитки>Круг алмазный гибкий шлифовальный>АГШК #100
"Алмазный гибкий шлифовальный круг (АГШК) Katana, #200, арт.1725",Инструмент для укладки плитки>Круг алмазный гибкий шлифовальный>АГШК #200
"Набор кейсов для инструментов DLT, арт.320382",Ящики для инструмента. Модульные системы.
"Пистолет монтажный Toua DCCN40A, арт.1717",Монтажные пистолеты>Монтажные гвоздезабивные пистолеты
"Уголок монтажный, 90 градусов, 15см, (L-образный зажим), набор 4шт, арт.1719",Инструмент для укладки плитки>Уголки для фиксации плитки
"Электрическая присоска DLT VST-200 с АВТО подкачкой, для гладкой и рельефной поверхности, Ø8 дюймов, арт.1716",Инструмент для укладки плитки>Присоски для плитки и стекла>Электрические присоски и поршни
"Ходули строительные STILTS (36-48), арт.1767",Ходули строительные
"Дверь защитная многоразовая на молнии против пыли BIHUI, арт.TDZD",Малярный и штукатурный инструмент>Двери временные для малярных работ
"Выдвижной универсальный строительный нож TACTIX, арт.261223",Акции на строительный инструмент
"Пила для гипсокартона TACTIX 150мм, арт.266051",Малярный и штукатурный инструмент>Ножи малярные и лезвия к ним
"Сокол штукатурный TACTIX 300MM, арт.281330",Акции на строительный инструмент
"Гладилка губчатая TACTIX, арт.281408",Акции на строительный инструмент
"Формирователь шва для стяжки TACTIX, арт.282051",Инструмент для укладки плитки>Инструмент для стяжки пола
"Кельма каменщика TACTIX 150мм, арт.283012",Малярный и штукатурный инструмент>Мастерки и кельмы 
"Кельма каменщика TACTIX 178мм, арт.283014",Малярный и штукатурный инструмент>Мастерки и кельмы 
"Кельма каменщика TACTIX 227мм, арт.283022",Малярный и штукатурный инструмент>Мастерки и кельмы 
"Кельма каменщика TACTIX 254мм, арт.283024",Малярный и штукатурный инструмент>Мастерки и кельмы 
"Кельма каменщика TACTIX 277мм, арт.283026",Малярный и штукатурный инструмент>Мастерки и кельмы 
"Мастерок TACTIX 175мм, арт.283033",Малярный и штукатурный инструмент>Мастерки и кельмы 
"Мастерок TACTIX 178мм, арт.283073",Малярный и штукатурный инструмент>Мастерки и кельмы 
"Мастерок TACTIX 190X50мм, арт.283065",Акции на строительный инструмент
"Расшивка каменщика TACTIX 10мм, арт.283083",Акции на строительный инструмент
"Расшивка каменщика TACTIX 13мм, арт.283085",Акции на строительный инструмент
"Направляющая 1,5м, для плиткореза DLT Slim Cutter MAX, арт.1702",Акции на строительный инструмент
"Алмазный диск для заусовки плитки под 45°, DLT №3, арт.1631",Алмазная оснастка>Алмазные диски>Алмазные диски для заусовки плитки под 45°
"Алмазный диск для заусовки плитки под 45°, DLT №4, арт.1632",Алмазная оснастка>Алмазные диски>Алмазные диски для заусовки плитки под 45°
"Угольник строительный 300мм Tactix, арт.239111",Бренды>Tactix
"Кусачки для плитки BIHUI, арт.TNB8",Акции на строительный инструмент
"Кусачки для плитки BIHUI, арт. TNS8",Инструмент для укладки плитки>Щипцы и кусачки для плитки 
"Защитные очки (прозрачные) Tactix, арт.480021",Средства индивидуальной защиты
"Уровень строительный 600мм Tactix, арт.251013",Инструмент для укладки плитки>Уровни строительные
"Уровень строительный 900мм Tactix, арт.251016",Инструмент для укладки плитки>Уровни строительные
"Уровень строительный 1200мм Tactix, арт.251019",Инструмент для укладки плитки>Уровни строительные
"Уровень строительный 600см Tactix, арт.251033",Инструмент для укладки плитки>Уровни строительные
"Пистолет для герметика Tactix, 225мм, арт.298101",Акции на строительный инструмент
"Защитные очки (затемненные) Tactix, арт.480022",Акции на строительный инструмент
"Защитные очки (зеркальные) Tactix, арт.480023",Акции на строительный инструмент
"Разделитель плитки (сепаратор) DLT от 6 до 20мм, арт.1827",Акции на строительный инструмент
"Заусовщик для запила плитки под 45 градусов (универсальный), Standard версия, арт.1828",Плиткорезы ручные>Плиткорезы DLT
"Пистолет для герметика Tactix 228мм, арт.298103",Акции на строительный инструмент
"Наушники защитные (противошумные) Tactix, арт.488103",Средства индивидуальной защиты
"Наколенники строительные Tactix, арт.482001",Наколенники строительные
"Набор маркеров строительных Tactix 2шт, арт.900092",Инструмент для укладки плитки>Строительные маркеры и карандаши
"Набор сменных диэлектрических отверток Tactix 12шт, арт.205605VD",Акции на строительный инструмент
"Набор отверток Tactix 10шт, арт.205407",Ручной инструмент
"Наушники защитные (противошумные) Tactix, арт.488109",Средства индивидуальной защиты
"Набор отверток Tactix 4шт, арт.205435",Ручной инструмент
"Набор отверток Tactix 6шт, арт.205439",Ручной инструмент
"Плиткорез электрический DLT OptiTronic-1200, рез до 1200мм, БЕЗ АВТОМАТИКИ, арт.1573",Плиткорезы электрические (камнерезы/мокрорезы)>Плиткорезы DLT
"Гребенка из нерж.стали BIHUI (гладкое лезвие) 280*120мм, арт.PTSBPL",Малярный и штукатурный инструмент>Кельмы для декоративной отделки
"Мастерок BIHUI 180мм (широкий), арт.BTCHG7",Инструмент для укладки плитки>Мастерки
"Помповая присоска BIHUI для гладкой и рельефной поверхности, Ø8 дюймов, арт.SCVB8 ",Инструмент для укладки плитки>Присоски для плитки и стекла>Помповые присоски
"Гладилка TACTIX 355×100мм, арт.281113",Шпателя для механизированной шпатлевки>Гладилки
"Набор отверток Tactix 6шт, арт.205408",Ручной инструмент
"Набор отверток Tactix 20шт, арт.205440",Акции на строительный инструмент
"Набор отверток Tactix 6шт, арт.205401",Ручной инструмент
"Набор из диэлектрических плоскогубцев и кусачиков Tactix, 3шт, арт.201083",Акции на строительный инструмент
"Набор из плоскогубцев и кусачиков Tactix, 3шт, арт.204005",Акции на строительный инструмент
"Набор из плоскогубцев и кусачиков Tactix 3шт, арт.204007",Акции на строительный инструмент
"Набор из плоскогубцев и кусачиков Tactix 4шт, арт.204009",Акции на строительный инструмент
Набор зубчатых строительных гребенок BIHUI (9 предметов) арт.PTSJK9 ,Шпателя для механизированной шпатлевки>Зубчатые шпатели (гребенки)
"Аккумулятор DLT для виброприсоски DLT Vibro MAX, арт.1799",Запчасти>Присоски вибро
"Приводной ремень для плиткореза DLT SLIMTRONIC, арт.1801",Запчасти>Электрические плиткорезы для крупноформатной плитки>DLT SlimTronic
"Запасная крышка шарикоподшипникового механизма перемещения двигателя плиткореза DLT OptiTronic, арт.1793",Запчасти
"Запасная направляющая механизма перемещения двигателя плиткореза DLT OptiTronic, арт.1792",Запчасти>Плиткорезы электрические
"Запасное полиуретановое колесо плиткореза DLT OptiTronic, арт.1795",Запчасти>Плиткорезы электрические
"Запасной корпус шарикоподшипникового механизма перемещения двигателя плиткореза DLT OptiTronic, арт.1794",Запчасти>Плиткорезы электрические
"Запасные щётки для электродвигателя плиткореза DLT OptiTronic, арт.1787",Запчасти>Плиткорезы электрические
"Запасное стопорное кольцо для присосок DLT P611 и DLT P612, арт.1772",Запчасти>Присоски ручные
"Ремонтный комплект для присосок DLT P611 и DLT P612, арт.1773",Запчасти>Присоски ручные
"Запасная крепежная ручка для плиткорезов DLT , арт.1781",Запчасти>Присоски ручные
"Запасной пластиковый штуцер плиткореза DLT OptiTronic, арт.1785",Запчасти>Плиткорезы электрические
"Запасная плата для присоски DLT VST-100, арт.1777",Запчасти>Присоски электрические
"Запасная ответная часть к крепежной ручке для плиткорезов DLT MAXLINE, арт.1783",Запчасти>Плиткорезы электрические
"Запасная цельнометаллическая направляющая для плиткорезов DLT MAXLINE, рез до 1270мм, арт.1779",Запчасти>Плиткорезы ручные
"Запасное крепление боковой линейки для плиткорезов DLT MAXLINE, арт.1780",Запчасти>Плиткорезы ручные
"Плата управления для электрических плиткорезов DLT, арт.1791",Запчасти>Плиткорезы электрические
"Ручка нажатия для виброприсоски DLT Vibro MAX, арт.1798",Запчасти>Присоски вибро
"Запасной блок автоматики плиткореза DLT OptiTronic, арт.1790",Запчасти>Плиткорезы электрические
"Запасной электродвигатель для плиткореза DLT OptiTronic, SHIJING (9231,9232,9251,9261), арт.1789",Запчасти>Плиткорезы электрические
"Запасной выключатель плиткореза DLT OptiTronic, арт.1788",Запчасти>Плиткорезы электрические
"Запасная масленка для плиткорезов DLT MAXLINE, арт.1784",Запчасти>Плиткорезы ручные
"Запасной регулятор для виброприсоски DLT Vibro MAX, арт.1797",Запчасти>Присоски вибро
"Запасной электродвигатель для присоски DLT VST-100, арт.1775",Запчасти>Присоски электрические
"Аккумулятор для присоски DLT VST-100, арт.1774",Запчасти>Присоски электрические
"Запасной поршень для присосок DLT P611 и DLT P612, арт.1771",Запчасти>Присоски ручные
"Запасная каретка на плиткорезов DLT MAXLINE (часть 2), арт.1778",Запчасти>Плиткорезы ручные
"Запасные резиновые ножки опорной части плиткорезов DLT MAXLINE, арт.1782",Запчасти>Плиткорезы ручные
"Запасной кнопочный переключатель плиткореза DLT OptiTronic, арт.1786",Запчасти>Плиткорезы электрические
"Электрическая присоска DLT VST-100 с АВТО подкачкой, для гладкой и рельефной поверхности, Ø8 дюймов, арт.1574",Инструмент для укладки плитки>Присоски для плитки и стекла>Электрические присоски и поршни
"Запасной электродвигатель для виброприсоски DLT Vibro MAX, арт.1796",Запчасти>Присоски вибро
"Набор насадок-щеток на дрель Tactix 3шт, арт.447303",Инструмент для укладки плитки>Разное для укладки
"Набор инструментов Tactix 40 предметов, арт.990009",Ящики для инструмента/Модульные системы
"Набор отверток Tactix 6шт, арт.205426",Акции на строительный инструмент
"Наушники защитные (противошумные) Tactix, арт.488110",Средства индивидуальной защиты
"Наушники защитные (противошумные) Tactix, арт.488111",Средства индивидуальной защиты
"Накладки (подушечки) запасные для противошумных наушников Tactix, арт.488201",Средства индивидуальной защиты
"Набор столешниц для подстолья DLT Сороконожка 1,2м старой версии (4шт), арт.1831",Инструмент для укладки плитки>Строительные столы/верстаки/подстолья
"Набор столешниц для подстолья DLT Сороконожка 2,35м старой версии (8шт), арт.1832",Инструмент для укладки плитки
"Набор опор столешниц для подстолья DLT Сороконожка 1,2м старой версии (9шт), арт.1829",Инструмент для укладки плитки>Строительные столы/верстаки/подстолья
"Набор опор столешниц для подстолья DLT Сороконожка 2,35м старой версии (15шт), арт.1830",Инструмент для укладки плитки>Строительные столы/верстаки/подстолья
"Струбцина пистолетная быстрозажимная DLT 150мм, арт.65150",Инструмент для укладки плитки>Быстрозажимные струбцины
"Струбцина пистолетная быстрозажимная DLT 300мм, арт.65300",Инструмент для укладки плитки>Быстрозажимные струбцины
"Струбцина пистолетная быстрозажимная DLT 450мм, арт.65450",Инструмент для укладки плитки>Быстрозажимные струбцины
"Струбцина пистолетная быстрозажимная DLT 600мм, арт.65600",Инструмент для укладки плитки>Быстрозажимные струбцины
"Струбцина пистолетная быстрозажимная DLT 750мм, арт.65750",Инструмент для укладки плитки>Быстрозажимные струбцины
Соединитель струбцин DLT арт.60000,Малярный и штукатурный инструмент>Быстрозажимные струбцины
"Струбцина пистолетная быстрозажимная DLT 150мм, (версия с удлиненной накладкой), арт.90151",Инструмент для укладки плитки>Быстрозажимные струбцины
"Струбцина пистолетная быстрозажимная DLT 300мм, (версия с удлиненной накладкой), арт.90301",Инструмент для укладки плитки>Быстрозажимные струбцины
"Струбцина пистолетная быстрозажимная DLT 150мм, арт.89015",Инструмент для укладки плитки>Быстрозажимные струбцины
"Струбцина пистолетная быстрозажимная DLT 600мм, (версия с удлиненной накладкой), арт.90601",Инструмент для укладки плитки>Быстрозажимные струбцины
"Струбцина пистолетная быстрозажимная DLT 900мм, (версия с удлиненной накладкой), арт.90901",Инструмент для укладки плитки>Быстрозажимные струбцины
"Струбцина пистолетная быстрозажимная DLT 1200мм, (версия с удлиненной накладкой), арт.90121",Инструмент для укладки плитки>Быстрозажимные струбцины
"Струбцина пистолетная быстрозажимная DLT 450мм, (версия с удлиненной накладкой), арт.90451",Инструмент для укладки плитки>Быстрозажимные струбцины
"Стеллаж DLT , арт.1921",Стеллажи для инструментов
"Балка 20х40 L 1000 с кронштейнами К 400, арт.1908",Стеллажи для инструментов
"Держатель наклонный  H=400 (левый, правый), арт.1917",Стеллажи для инструментов
"Задняя панель гладкая L1000 H300 (односторонний покрас), арт.1912",Стеллажи для инструментов
"Задняя панель гладкая L1000 H400 (односторонний покрас), арт.1918",Стеллажи для инструментов
"Задняя панель перфорированная L1000 H400 (односторонний покрас) , арт.1913",Стеллажи для инструментов
"Крюк одинарный с ц/д на перфорацию D=6 K=300 (оцинк), арт.1906",Стеллажи для инструментов
"Подставка полукруглая с ц/д на балку 20х40 К=400, арт.1907",Стеллажи для инструментов
"Полка L=1000 K=370 (без 1 ребра), арт.1915",Стеллажи для инструментов
"Полка L=1000 K=470 (без 1 ребра), арт.1914",Стеллажи для инструментов
"Стойка 60х30 Н2400 с базой, арт.2086",Стеллажи для инструментов
"Кронштейн 2Н К370, арт.1916",Стеллажи для инструментов
"Ценникодержатель пластмассовый L1000, арт.1919",Стеллажи для инструментов
"Цоколь Н160 L1000 , арт.1911",Стеллажи для инструментов
"Стоплок для крючков D=6 , арт.1910",Стеллажи для инструментов
"Ключ для противокражного замка 21х45 мм , арт.1909",Стеллажи для инструментов
"Струбцина пистолетная быстрозажимная DLT 300мм, арт.89030",Малярный и штукатурный инструмент>Быстрозажимные струбцины
"Струбцина пистолетная быстрозажимная DLT 450мм, арт.89045",Малярный и штукатурный инструмент>Быстрозажимные струбцины
"Струбцина пистолетная быстрозажимная DLT 600мм, арт.89060",Малярный и штукатурный инструмент>Быстрозажимные струбцины
"Струбцина пистолетная быстрозажимная DLT 900мм, арт.89090",Малярный и штукатурный инструмент>Быстрозажимные струбцины
"Струбцина пистолетная быстрозажимная DLT 1200мм, арт.89012",Малярный и штукатурный инструмент>Быстрозажимные струбцины
Струбцина быстрозажимная DLT 50мм (усилие зажима 15кг) арт.62002,Малярный и штукатурный инструмент>Быстрозажимные струбцины
Струбцина быстрозажимная DLT 75мм (усилие зажима 15кг) арт.62003,Малярный и штукатурный инструмент>Быстрозажимные струбцины
Струбцина быстрозажимная DLT 100мм (усилие зажима 15кг) арт.62004,Малярный и штукатурный инструмент>Быстрозажимные струбцины
"Набор быстрозажимных струбцин DLT, 38мм, (усилие зажима 15кг), 5 шт., арт.82515",Малярный и штукатурный инструмент>Быстрозажимные струбцины
"Набор быстрозажимных струбцин DLT, 63мм, (усилие зажима 15кг), 2шт., арт.82525",Малярный и штукатурный инструмент>Быстрозажимные струбцины
"Набор быстрозажимных струбцин DLT, 50мм, (усилие зажима 15кг), 5шт., арт.82520",Малярный и штукатурный инструмент>Быстрозажимные струбцины
Струбцина быстрозажимная DLT 75мм (усилие зажима 15кг) арт.82530,Малярный и штукатурный инструмент>Быстрозажимные струбцины
"Набор быстрозажимных струбцин DLT, 25мм, (усилие зажима 1,5кг), 5шт., арт.82510",Малярный и штукатурный инструмент>Быстрозажимные струбцины
"Струбцина быстрозажимная DLT 50мм, (усилие зажима 12кг) арт.82620",Малярный и штукатурный инструмент>Быстрозажимные струбцины
Струбцина быстрозажимная DLT 65мм (усилие зажима 12кг) арт.82625,Малярный и штукатурный инструмент>Быстрозажимные струбцины
Струбцина быстрозажимная DLT 75мм (усилие зажима 12кг) арт.82630,Малярный и штукатурный инструмент>Быстрозажимные струбцины
"Струбцина быстрозажимная DLT 100мм, (усилие зажима 12кг) арт.82640",Малярный и штукатурный инструмент>Быстрозажимные струбцины
Струбцина быстрозажимная DLT 70мм (усилие зажима 10кг) арт.82803,Малярный и штукатурный инструмент>Быстрозажимные струбцины
Струбцина угловая DLT 95мм арт.81600,Инструмент для укладки плитки>Уголки для фиксации плитки
Пистолет для герметика DLT арт.63500,Малярный и штукатурный инструмент>Пистолеты монтажные
Пистолет для герметика DLT арт.63900,Малярный и штукатурный инструмент>Пистолеты монтажные
"Пистолет для герметика DLT 400мл, арт.63400",Малярный и штукатурный инструмент>Пистолеты монтажные
"Пистолет для герметика DLT 600мл, арт.63600",Малярный и штукатурный инструмент>Пистолеты монтажные
"Набор насадок для формирования силиконового шва (2шт) DLT, арт.62700",Инструмент для укладки плитки>Шпатели для силикона и герметика
Шаблон (кондуктор) для подрозетников DLT арт.51800,Инструмент для укладки плитки>Шаблоны строительные
"Скребок для удаления силикона DLT, арт.63200",Шпателя для механизированной шпатлевки>Многофункц. шпатели (скребки)
Струбцина угловая DLT набор 4шт. арт.73040,Малярный и штукатурный инструмент>Быстрозажимные струбцины
"Набор шпателей для силикона (4шт) DLT, арт.63100",Инструмент для укладки плитки>Шпатели для силикона и герметика>Шпатели и насадки
"Подстолье складное DLT Сороконожка, 1,5м х 1,5м NEW, арт.1833",Инструмент для укладки плитки>Строительные столы/верстаки/подстолья
"Поперечные перекладины для подстолья DLT Сороконожка 1,2м х 1,2м NEW, арт.1834",Инструмент для укладки плитки>Строительные столы/верстаки/подстолья
"Поперечные перекладины для подстолья DLT Сороконожка 1,5м х 1,5м NEW, арт.1835",Инструмент для укладки плитки>Строительные столы/верстаки/подстолья
"Поперечные перекладины для подстолья DLT Сороконожка 3м х 1,5м NEW, арт.1837",Инструмент для укладки плитки>Строительные столы/верстаки/подстолья
"Поперечные перекладины для подстолья DLT Сороконожка 2,35м х 1,2м NEW, арт.1836",Инструмент для укладки плитки>Строительные столы/верстаки/подстолья
"Фиксатор (барашек) пластиковый красный, арт.3603",Запчасти>Электрические плиткорезы для крупноформатной плитки>DLT SlimTronic
"Набор опор столешниц для подстолья DLT Сороконожка 3м старой версии (15шт), арт. 1969",Инструмент для укладки плитки>Строительные столы/верстаки/подстолья
"Набор столешниц для подстолья DLT Сороконожка 1,5м старой версии (4шт), арт.2601",Инструмент для укладки плитки>Строительные столы/верстаки/подстолья
"Набор столешниц для подстолья DLT Сороконожка 3м старой версии (8шт), арт.1737",Инструмент для укладки плитки>Строительные столы/верстаки/подстолья
"Лазерный уровень (нивелир) Fukuda MW-94D-1-GX New, арт.1650",Лазерные нивелиры (лазерные уровни)>4D
"Клин (СВП) Profi Level Master (100 шт.) Малый, арт.2673",Система выравнивания плитки (СВП)>СВП Profi Level Master
"Запасная часть каретки DLT SLIM Cutter KIT-plus, арт.1925",Запчасти>Системы резки крупноформата
"Гребенка из пружинной стали BIHUI 280*115 мм, зуб 6 мм, арт.PTCB06",Инструмент для укладки плитки>Гребенки>Зуб 3-6мм
"Крепление-застёжка корпуса для пылесоса DLT PL208/ PL PRO/ PL PRO MAX, арт.1841",Запчасти>Пылесосы
"Кнопка переключения для пылесоса DLT PL208/ PL PRO, арт.1843",Запчасти>Пылесосы
"Крепление фильтра для пылесоса DLT PL208/ PL PRO/ PL PRO MAX., арт.1839",Запчасти>Пылесосы
"Электромеханический клапан для пылесоса DLT PL208/ PL PRO/ PL PRO MAX, арт.1844",Запчасти>Пылесосы
"Плата управления для пылесоса DLT PL208/ PL PRO, арт.1842",Запчасти>Пылесосы
"Двигатель для пылесоса DLT PL208/ PL PRO/ PL PRO MAX, арт.1840",Запчасти>Пылесосы
"Малярный шпатель Rollingdog Ultra-Flex 6"" (150мм), серия Elite, арт.50385",Акции на строительный инструмент
"Малярный шпатель Rollingdog Ultra-Flex 5"" (125мм), серия Elite, арт.50384",Акции на строительный инструмент
"Валик для нанесения шпатлевки с бюгелем DLT 18см, ворс 10мм, арт.1822",Шпателя для механизированной шпатлевки>Валики для нанесения шпатлевки
"Скребок с 5 сменными лезвиями Rollingdog 4""(100мм), Rollingdog серия Professional, арт.50375",Бренды>Малярный инструмент ROLLINGDOG
"Набор шпателей Rollingdog 1.5/ 4/ 8"" (37/100/200мм), серия Professional, арт.50369",Шпателя для механизированной шпатлевки>Малярные шпателя
"Диск алмазный DLT №31 (BLISS), 125мм, арт.1692",Алмазная оснастка >Алмазные диски>Алмазные диски по керамике/керамограниту/граниту/мрамору
"Система фиксации углов и регулировки плиточного пространства DLT VST MAX, арт.1440",Инструмент для укладки плитки>Присоски для плитки и стекла>Системы стягивания и фиксации
"Уголок монтажный, 90 градусов, 14см, (L-образный зажим), алюминиевый, арт.1965",Инструмент для укладки плитки>Уголки для фиксации плитки
"Запасные щётки двигателя для шлифмашины DLT R7202/GrandFlex V02, арт.1986",Запчасти>Шлифмашины ручные/жираф
"Валик для нанесения шпатлевки DLT 18см, ворс 10мм, для бюгеля 8мм, арт.1823",Малярный и штукатурный инструмент>Валики для нанесения шпатлевки
"Валик для нанесения шпатлевки DLT 23см, ворс 10мм, ВАЖНО для бюгеля 8мм, арт.1824",Малярный и штукатурный инструмент>Валики малярные
"Алмазный диск DLT №9 (КОРОЛЬ ДИСКОВ), 115мм, арт.1897",Алмазная оснастка>Алмазные диски>Алмазные диски по керамике/керамограниту/граниту/мрамору
"Набор алмазных дисков DLT с титановым покрытием для гравера, 10шт, 45мм, арт.1898",Алмазная оснастка>Алмазные диски>Алмазные диски для гравера
"Набор алмазных дисков DLT с титановым покрытием для гравера, 10шт, 60мм, арт.1899",Алмазная оснастка>Алмазные диски>Алмазные диски для гравера
"Алмазная фреза для плитки DLT CERAMIC, 30мм, арт.1901",Алмазная оснастка>Алмазные коронки для плитки 
"Притир ручной алмазный DLT #50, арт.1960",Инструмент для укладки плитки>Алмазные притиры>Р50-60
"Притир ручной алмазный DLT #200, арт.1962",Инструмент для укладки плитки>Алмазные притиры>Р200
"Притир ручной алмазный DLT #100, арт.1961",Инструмент для укладки плитки>Алмазные притиры>Р100-120
"Тарелка опорная для алмазных черепашек DLT Ø100мм (резиновая), арт.1889",Инструмент для укладки плитки>Круг алмазный гибкий шлифовальный>Аксессуары
"Малярный шпатель DLT Finish версия PRO, h-образный, 15см (лезвия 0,3 и 0,5мм), арт.1656",Шпателя для механизированной шпатлевки
"Лезвие для шпателя DLT Finish версия PRO толщина 0,5мм, 15см, арт.1680",Шпателя для механизированной шпатлевки
"Сетка абразивная 225 мм Р60 (упаковка 10шт), арт.1696",Малярный и штукатурный инструмент>Абразивные материалы>Шлифовальные круги>P40-60
"Сетка абразивная 225 мм Р100 (упаковка 10шт), арт.1698",Акции на строительный инструмент
"Малярный шпатель DLT Finish версия PRO, полукруглый, h-образный, арт.1653",Шпателя для механизированной шпатлевки>Шпателя для механизированного нанесения
"Сетка абразивная 225 мм Р120 (упаковка 10шт), арт.1699",Акции на строительный инструмент
"Сетка абразивная 225 мм Р150 (упаковка 10шт), арт.1700",Акции на строительный инструмент
"Сетка абразивная 225 мм Р400 (упаковка 10шт), арт.1701",Малярный и штукатурный инструмент>Абразивные материалы>Шлифовальные сетки
"Лезвие для шпателя DLT Finish версия PRO толщина 0,3мм, 20см, арт.1669",Шпателя для механизированной шпатлевки
"Лезвие для шпателя DLT Finish версия PRO толщина 0,3мм, 25см, арт.1670",Шпателя для механизированной шпатлевки
"Лезвие для шпателя DLT Finish версия PRO толщина 0,3мм, 30см, арт.1671",Шпателя для механизированной шпатлевки
"Лезвие для шпателя DLT Finish версия PRO толщина 0,3мм, 35см, арт.1672",Шпателя для механизированной шпатлевки
"Лезвие для шпателя DLT Finish версия PRO толщина 0,3мм, 40см, арт.1673",Шпателя для механизированной шпатлевки
"Лезвие для шпателя DLT Finish версия PRO толщина 0,3мм, 45см, арт.1674",Шпателя для механизированной шпатлевки
"Лезвие для шпателя DLT Finish версия PRO толщина 0,3мм, 50см, арт.1675",Шпателя для механизированной шпатлевки
"Лезвие для шпателя DLT Finish версия PRO толщина 0,3мм, 120см, арт.1679",Шпателя для механизированной шпатлевки
"Лезвие для шпателя DLT Finish версия PRO толщина 0,5мм, 20см, арт.1681",Шпателя для механизированной шпатлевки
"Лезвие для шпателя DLT Finish версия PRO толщина 0,5мм, 25см, арт.1682",Шпателя для механизированной шпатлевки
"Лезвие для шпателя DLT Finish версия PRO толщина 0,5мм, 30см, арт.1683",Шпателя для механизированной шпатлевки
"Лезвие для шпателя DLT Finish версия PRO толщина 0,5мм, 35см, арт.1684",Шпателя для механизированной шпатлевки
"Лезвие для шпателя DLT Finish версия PRO толщина 0,5 мм, 40 см, арт.1685",Шпателя для механизированной шпатлевки
"Лезвие для шпателя DLT Finish версия PRO толщина 0,5мм, 45см, арт.1686",Шпателя для механизированной шпатлевки
"Лезвие для шпателя DLT Finish версия PRO толщина 0,5мм, 50см, арт.1687",Шпателя для механизированной шпатлевки
"Лезвие для шпателя DLT Finish версия PRO толщина 0,5мм, 60см, арт.16881",Шпателя для механизированной шпатлевки
"Лезвие для шпателя DLT Finish версия PRO толщина 0,5мм, 120см, арт.16911",Шпателя для механизированной шпатлевки
"Малярный шпатель DLT Finish версия PRO, h-образный, 20см (лезвия 0,3 и 0,5мм), арт.1657",Шпателя для механизированной шпатлевки
"Малярный шпатель DLT Finish версия PRO, h-образный, 25см (лезвия 0,3 и 0,5мм), арт.16581",Шпателя для механизированной шпатлевки
"Малярный шпатель DLT Finish версия PRO, h-образный, 35см (лезвия 0,3 и 0,5мм), арт.1660",Шпателя для механизированной шпатлевки
"Малярный шпатель DLT Finish версия PRO, h-образный, 40 см (лезвия 0.3, 0.5, 0.7 мм), арт.1661 NEW",Шпателя для механизированной шпатлевки
"Малярный шпатель DLT Finish версия PRO, h-образный, 45 см (лезвия 0.3, 0.5, 0.7 мм), арт.1662 NEW",Шпателя для механизированной шпатлевки
"Малярный шпатель DLT Finish версия PRO, h-образный, 50 см (лезвия 0.3, 0.5, 0.7 мм), арт.1663 NEW",Шпателя для механизированной шпатлевки
"Малярный шпатель DLT Finish версия PRO, h-образный, 60 см (лезвия 0.3, 0.5, 0.7 мм), арт.1664 NEW",Шпателя для механизированной шпатлевки
"Малярный шпатель DLT Finish версия PRO, h-образный, 80 см (лезвия 0.3, 0.5, 0.7 мм), арт.1665 NEW",Шпателя для механизированной шпатлевки
"Малярный шпатель DLT Finish версия PRO, h-образный, 100 см (лезвия 0.3, 0.5, 0.7 мм), арт.1666 NEW",Шпателя для механизированной шпатлевки
"Малярный шпатель DLT Finish версия PRO, h-образный, 120 см (лезвия 0.3, 0.5, 0.7 мм), арт.1667 NEW",Шпателя для механизированной шпатлевки
"Набор №1 шпателей механизированного нанесения DLT Finish версия PRO (лезвия 0.3, 0.5, 0.7 мм), арт.1654 NEW",Бренды>Оборудование и приспособления для укладки плитки DLT
"Набор №2 шпателей механизированного нанесения DLT Finish версия PRO (лезвия 0.3, 0.5, 0.7 мм), арт.1655 NEW",Шпателя для механизированной шпатлевки
"Адаптер для шпателя DLT Finish версия PRO, арт.1760",Шпателя для механизированной шпатлевки>Шпателя для механизированного нанесения>Сменные лезвия и аксессуары>Аксессуары
"Кейс для шпателей DLT Finish версия PRO (до 100см), арт.1652",Шпателя для механизированной шпатлевки>Шпателя для механизированного нанесения>Сменные лезвия и аксессуары>Аксессуары
"Диск алмазный КАТАNА Tsunami Light 125мм, арт.3314",Алмазная оснастка >Алмазные диски>Алмазные диски по керамике/керамограниту/граниту/мрамору
"Тарелка для шлифмашины DLT max-XT R7202/GrandFlex V02, средняя жесткость , арт.1649",Шлифовальные машины для стен/потолков/пола>Абразивные материалы
"Лазерный уровень (нивелир) Fukuda EK-114GS, арт.1651",Лазерные нивелиры (лазерные уровни)>Линейные
"Кисть Rollingdog X1000 50мм, прямой срез, полиэстер, серия Professional, арт.10267",Акции на строительный инструмент
"Кисть Rollingdog W1000 75мм, угловой срез, синтетика, серия Professional, арт.10199",Акции на строительный инструмент
"Кисть Rollingdog W1000 75мм, прямой срез, синтетика, серия Professional, арт.10191",Акции на строительный инструмент
"Помповая присоска DLT VST-60 для гладкой и рельефной поверхности, Ø6 дюймов, арт.1940",Инструмент для укладки плитки>Присоски для плитки и стекла>Помповые присоски
"Сумка для инструмента DLT, арт.1942",Ящики для инструмента/Модульные системы
"Диск для скругления плитки BIHUI Ø75мм, толщина 20мм, #50, арт.DGW320",Алмазная оснастка>Алмазные диски>Алмазные диски для скругления и ступеней
"Круг шлифовальный DLT GrandFlex BLUE-CERAMIC, P180, 150мм, 10шт, (на бумаге, керамика и оксид алюминия), арт.3030",Акции на строительный инструмент
"Бюгель с телескопической ручкой Rollingdog 230мм, каркас 38мм, серия Elite, арт.70137",Малярный и штукатурный инструмент>Валики малярные>Бюгельные ручки
"Кисть Rollingdog W1000 50мм, прямой срез, синтетика, серия Professional, арт.10190",Малярный и штукатурный инструмент>Кисти малярные>Плоские кисти>Прямой срез
"Электрическая присоска DLT VST-65 с АВТО подкачкой, для гладкой и рельефной поверхности, Ø6 дюймов, арт.1944",Инструмент для укладки плитки>Присоски для плитки и стекла>Электрические присоски и поршни
"Набор шпателей для силикона и герметика Rollingdog, арт.50459",Инструмент для укладки плитки>Шпатели для силикона и герметика>Шпатели и насадки
"Кисть Rollingdog W1000 63мм, прямой срез, синтетика,серия Professional, арт.10200",Акции на строительный инструмент
"Кисть Rollingdog X1000 25мм, прямой срез, полиэстер, серия Professional, арт.10265",Акции на строительный инструмент
"Набор кистей Rollingdog DT1000, смешанная щетина, серия Professional, арт.10248",Акции на строительный инструмент
"Набор СВП BIHUI (клин+зажим+щипцы) 1мм, 100шт, арт.BLSK1",Система выравнивания плитки (СВП)>СВП BIHUI
"Шпатель зубчатый BIHUI 600мм, зуб 6мм, арт.PTKNQ6",Шпателя для механизированной шпатлевки>Зубчатые шпатели (гребенки)
"Кисть Rollingdog W1000 50мм, угловой срез, синтетика, серия Professional, арт.10193",Акции на строительный инструмент
"Запасной комплект ножек подстолья DLT Сороконожка, комплект 9шт., арт.2636",Малярный и штукатурный инструмент>Столы/подстолья/верстаки
"Набор распорных штанг для пылезащитного барьера Rollingdog 140-330см (7предметов), серия Professional, арт.40085",Акции на строительный инструмент
"Система выравнивания плитки (СВП) для углов, 30 штук, арт.2350",Инструмент для укладки плитки>Крестики/клинья/подковы
"Кисть макловица Rollingdog C90 30х70мм, синтетика, серия Standard, арт.10642",Малярный и штукатурный инструмент>Кисти малярные>Кисти макловицы
"Малярный шпатель Rollingdog Ultra-Flex 4"" (100мм), серия Elite, арт.50383",Акции на строительный инструмент
"Система переноски крупноформатного керамогранита DLT Auto , арт.1770",Инструмент для укладки плитки>Крупноформат
"Кусачки для плитки BIHUI, арт. TNC10",Плиткорезы ручные>Аксессуары для ручных плиткорезов>Разделители (сепараторы)
"Набор сменных стержней к карандашам (набор грифелей) BIHUI, арт.TCM7-SL",Инструмент для укладки плитки>Строительные маркеры и карандаши
"Строительный карандаш BIHUI с набором сменных стержней, арт.TCM7",Инструмент для укладки плитки>Строительные маркеры и карандаши
"Набор запасных фиксаторов для системы выравнивания плитки (СВП) BIHUI, 50 шт., арт.TSL50-SN",Система выравнивания плитки (СВП)>СВП BIHUI
"Помповая присоска BIHUI для гладкой и рельефной поверхности, Ø8 дюймов, арт.SCBS8",Инструмент для укладки плитки>Присоски для плитки и стекла>Помповые присоски
"Сменная щетка на шлифмашину BIHUI, арт.CG1900-25",Шлифовальные машины для стен/потолков/пола>Аксессуары шлифмашин
"Зажим для плитки поворотный, арт.2148",Инструмент для укладки плитки>Разное для укладки
"Набор: строительный карандаш DLT (металлический корпус) + 6 сменных стержней, (СИНИЙ), арт.2428",Бренды>Оборудование и приспособления для укладки плитки DLT
"Кисть Rollingdog 75мм, прямой срез, полиэстер, серия Professional, арт.10269",Акции на строительный инструмент
"Кисть Rollingdog X1000 50мм, угловой срез, полиэстер, серия Professional, арт.10271",Акции на строительный инструмент
"Кисть Rollingdog X1000 63мм, угловой срез, синтетика, серия Professional, арт.10272",Акции на строительный инструмент
"Кисть Rollingdog X1000 50мм, угловой срез, полиэстер, серия Professional, арт.10273",Акции на строительный инструмент
"Кисть с короткой ручкой Rollingdog 50мм, угловой срез, синтетика серия Professional, арт.10289",Акции на строительный инструмент
"Кисть Rollingdog X1000 38мм, угловой срез, полиэстер, серия Professional, арт.10297",Малярный и штукатурный инструмент>Кисти малярные>Плоские кисти>Угловой срез
"Кисть Rollingdog 63мм, угловой срез, полиэстер, серия Professional, арт.10298",Акции на строительный инструмент
"Кисть макловица Rollingdog ST1000 40x140мм, прямой срез, синтетика, серия Elite, арт.10324",Акции на строительный инструмент
"Кисть с короткой ручкой Rollingdog 50мм, угловой срез, синтетика, серия Professional, арт.10327",Акции на строительный инструмент
"Кисть Rollingdog BT1000 30мм, прямой срез, полиэстер, серия Professional, арт.10345",Акции на строительный инструмент
"Кисть Rollingdog BT1000 40мм, прямой срез, полиэстер, серия Professional, арт.10346",Акции на строительный инструмент
"Кисть Rollingdog BT1000 50мм, прямой срез, полиэстер, серия Professional, арт.10347",Бренды>Малярный инструмент ROLLINGDOG
Ролик пластиковый для плиткореза/слайдера DLT MAXSLIM арт. 1941,Запчасти>Системы резки крупноформата
"Скребок малярный многофункциональный 6 в 1, TACTIX, арт.305056",Малярный и штукатурный инструмент>Скребки малярные
"Скребок малярный TACTIX, 75мм, арт.305033",Акции на строительный инструмент
"Шпатель малярный TACTIX, 75мм, гибкий, арт.305003",Акции на строительный инструмент
"Скребок малярный TACTIX, 38мм, арт.305031",Акции на строительный инструмент
"Шпатель малярный TACTIX, 100мм, гибкий, арт.305004",Шпателя для механизированной шпатлевки>Малярные шпателя
"Шпатель малярный TACTIX, 150мм, гибкий, арт.305006",Акции на строительный инструмент
"Угловой шпатель для наружных углов TACTIX, 125X100мм, арт.283096",Акции на строительный инструмент
"Угловой шпатель для внутренних углов, 125X100мм, арт.283094",Шпателя для механизированной шпатлевки>Угловые шпателя
"Гладилка угловая (кромкогиб), 150X75мм, TACTIX, арт.282061",Шпателя для механизированной шпатлевки>Гладилки
"Гладилка угловая TACTIX, 405х115мм, арт.281040",Малярный и штукатурный инструмент>Инструмент для стяжки пола
"Шпатель малярный TACTIX, 254мм, воронёная сталь, арт.280210",Акции на строительный инструмент
"Шпатель малярный TACTIX, 305мм, воронёная сталь, арт.280212",Акции на строительный инструмент
"Сумка для инструмента BIHUI, арт.TBD20",Ящики для инструмента/Модульные системы
"Кожух для гравера DLT G-100 (под цангу и болт), арт. 3851",Инструмент для укладки плитки>Кожухи для УШМ/Пылеуловители/Кондукторы
"Набор насадок для гравировальных машин Tactix, 72шт, арт.447040",Алмазная оснастка>Алмазные диски>Алмазные диски для гравера
"Кисть Rollingdog BT1000 80мм, прямой срез, полиэстер, серия Professional, арт.10349",Акции на строительный инструмент
"Набор кистей Rollingdog BT1000 20/40/40/50/50мм, полиэстер, серия Professional, арт.10440",Малярный и штукатурный инструмент>Кисти малярные>Наборы кистей
"Набор кистей Rollingdog DUAL-PRO 25/35/45мм, синтетика, серия Elite, арт.10455",Акции на строительный инструмент
"Кисть поворотная Rollingdog 63,5мм, угловой срез, синтетика, серия Professional, арт.10501",Малярный и штукатурный инструмент>Кисти малярные>Плоские кисти>Угловой срез
"Кисть поворотная Rollingdog 63.5мм, прямой срез, синтетика, серия Professional, арт.10502",Акции на строительный инструмент
"Набор кистей Rollingdog 25/38/38/50/63мм, синтетика, серия Standard, арт.10542",Акции на строительный инструмент
"Набор кистей Rollingdog 37/50/62мм, синтетика серия Professional, арт.10545",Акции на строительный инструмент
"Кисть с короткой ручкой Rollingdog 24мм, треугольная, синтетика, серия Professional, арт.10591",Малярный и штукатурный инструмент>Кисти малярные
"Набор кистей с короткой ручкой 22/24/мм, синтетика, серия Professional, арт.10593",Малярный и штукатурный инструмент>Кисти малярные
"Кисть с короткой ручкой Rollingdog 22мм, круглая, синтетика, серия Professional, арт.10594",Малярный и штукатурный инструмент>Кисти малярные>Фигурные кисти
"Набор кистей с короткой ручкой Rollingdog 22/50мм, синтетика, серия Professional, арт.10595",Малярный и штукатурный инструмент>Кисти малярные>Наборы кистей
"Набор кистей Rollingdog G100 20/20/30/30/40/40/50/50мм, синтетика, серия Standard, арт.10635",Бренды>Малярный инструмент ROLLINGDOG
"Кисть Rollingdog BT1000 100мм, прямой срез, полиэстер, серия Professional, арт.10650",Бренды>Малярный инструмент ROLLINGDOG
"Кисть Rollingdog 100мм, прямой срез, синтетика, серия Elite, арт.10657",Акции на строительный инструмент
"Кисть Rollingdog BP1000 50мм, прямой срез, синтетика серия Elite, арт.10667",Акции на строительный инструмент
"Кисть Rollingdog BP1000 100мм, прямой срез, синтетика, серия Elite, арт.10669",Акции на строительный инструмент
"Запасная втулка (муфта) гравера DLT G-100, алюминиевая, арт.0538",Запчасти
"Запасной шланг для пылесоса BIHUI, арт.VCH30-01",Бренды>BIHUI Tools Инструмент для укладки плитки Бихуэй (бихуй)
"Кисть макловица Rollingdog 50х175мм, синтетика, серия Elite, арт.10715",Акции на строительный инструмент
"Запасная пластиковая стойка гильотины для резки ламината Magnusson 220 , арт.3213",Запчасти>Гильотины
"Кисть макловица Rollingdog 50х170мм, синтетика, серия Elite, арт.10716",Малярный и штукатурный инструмент>Кисти малярные>Кисти макловицы
"Кювета для краски Rollingdog 9” (230-280мм), серия Professional, арт.20001",Бренды>Малярный инструмент ROLLINGDOG
"Кювета для краски Rollingdog 4” (100мм), серия Professional, арт.20060",Малярный и штукатурный инструмент>Ведра и кюветы
"Кювета для краски Rollingdog 9” (23-28см), серия Professional, арт.20076",Акции на строительный инструмент
"Кювета для краски/крышка для ведра Rollingdog 9” (23-28см), серия Professional, арт.20077",Акции на строительный инструмент
"Кювета для краски Rollingdog 1.3л, 100мм, серия Professional, арт.20100",Малярный и штукатурный инструмент>Малярные ванночки и кюветы
"Кювета для краски Rollingdog 18"" (457мм), серия Elite, арт.20101",Малярный и штукатурный инструмент>Малярные ванночки и кюветы
"Подвесная кювета для краски Rollingdog 270мм серия Elite, арт.20120",Акции на строительный инструмент
"Кювета для краски RollingDog 390мм, 15л, серия Standard, арт.20121",Акции на строительный инструмент
"Кювета для краски RollingDog 250мм, серия Standard, арт.20124",Бренды>Малярный инструмент ROLLINGDOG
"Кювета для краски Rollingdog 4"" (100мм), серия Elite, арт.20125",Акции на строительный инструмент
"Кювета для краски Rollingdog 9"" (230мм), серия Elite, арт.20126",Акции на строительный инструмент
"Бюгель Rollingdog EU Style 100мм, Ø6мм, серия Standard, арт.30016",Малярный и штукатурный инструмент>Валики малярные>Бюгельные ручки
"Бюгель Rollingdog EU Style 230мм, Ø8мм, серия Standard, арт.30019",Малярный и штукатурный инструмент>Валики малярные>Бюгельные ручки
"Бюгель Rollingdog American Style 76мм, Ø8мм, каркас 38мм, серия Professional, арт.30027",Малярный и штукатурный инструмент>Валики малярные>Бюгельные ручки
"Бюгель Rollingdog 230мм, Ø8мм, каркас 38мм, серия Elite, арт.30058",Малярный и штукатурный инструмент>Валики малярные>Бюгельные ручки
"Бюгель Rollingdog 230мм, Ø8мм, каркас 38мм, серия Elite, арт.30103",Малярный и штукатурный инструмент>Валики малярные>Бюгельные ручки
"Бюгель регулируемый Rollingdog для валиков 30-46см, резьба, серия Elite, арт.30106",Малярный и штукатурный инструмент>Валики малярные>Бюгельные ручки
"Бюгель Rollingdog 230мм, Ø8мм, каркас 38мм, серия Professional, арт.30113",Малярный и штукатурный инструмент>Валики малярные>Бюгельные ручки
"Бюгель Rollingdog 100мм, Ø6мм, каркас 18мм, серия Professional, арт.30115",Малярный и штукатурный инструмент>Валики малярные>Бюгельные ручки
"Удлинитель Rollingdog ELITE 86-140 см, конус, карбоновый, серия Elite, арт.40033",Шпателя для механизированной шпатлевки>Шпателя для механизированного нанесения>Телескопический удлинитель
"Телескопический удлинитель Rollingdog 120-360 см, конус, алюминиевый, серия Professional, арт.40040",Шпателя для механизированной шпатлевки>Шпателя для механизированного нанесения>Телескопический удлинитель
"Телескопический удлинитель Rollingdog 70-120 см, конус, алюминиевый, серия Professional, арт.40041",Шпателя для механизированной шпатлевки>Шпателя для механизированного нанесения>Телескопический удлинитель
"Телескопический удлинитель Rollingdog 110-200 см, конус, алюминиевый, серия Professional, арт.40042",Шпателя для механизированной шпатлевки>Шпателя для механизированного нанесения>Телескопический удлинитель
"Адаптер для удлинителя Rollingdog под резьбовое соединение (набор 2шт.), арт.40060",Шпателя для механизированной шпатлевки>Шпателя для механизированного нанесения>Телескопический удлинитель
"Составной удлинитель с адаптером резьба/конус Rollingdog, 59 см, серия standard арт.40065",Шпателя для механизированной шпатлевки>Шпателя для механизированного нанесения>Телескопический удлинитель
"Телескопический удлинитель Rollingdog 60-90 см, конус, алюминиевый, серия Professional, арт.40067",Шпателя для механизированной шпатлевки>Шпателя для механизированного нанесения>Телескопический удлинитель
"Телескопический удлинитель Rollingdog 70-120 см, резьба, металл покрый пластиком, серия Standard арт.40071",Шпателя для механизированной шпатлевки>Шпателя для механизированного нанесения>Телескопический удлинитель
"Телескопический удлинитель Rollingdog 110-200 см, конус, алюминиевый, серия Professional, арт.40081",Шпателя для механизированной шпатлевки>Шпателя для механизированного нанесения>Телескопический удлинитель
"Адаптер для удлинителя Rollingdog под соединение защелка/конус (набор 2шт.), арт.40087",Шпателя для механизированной шпатлевки>Шпателя для механизированного нанесения>Телескопический удлинитель
"Малярный шпатель Rollingdog Flexible 3"" (76мм), серия Professional, арт.50004",Шпателя для механизированной шпатлевки>Малярные шпателя
"Малярный шпатель Rollingdog Flexible 4"" (101мм), серия Professional, арт.50005",Шпателя для механизированной шпатлевки>Малярные шпателя
"Малярный шпатель Rollingdog Flexible 5"" (127мм), серия Professional, арт.50006",Шпателя для механизированной шпатлевки>Малярные шпателя
"Малярный шпатель Rollingdog Flexible 6"" (152мм), серия Professional, арт.50007",Шпателя для механизированной шпатлевки>Малярные шпателя
"Малярный шпатель Rollingdog 8"" (200мм), серия Professional, арт.50018",Шпателя для механизированной шпатлевки>Малярные шпателя
"Шпатель-скребок многофункциональный 12 в 1 Rollingdog, арт.50019",Малярный и штукатурный инструмент>Скребки малярные
"Гладилка Rollingdog 280х115мм, серия Professional, арт.50100",Бренды>Малярный инструмент ROLLINGDOG
"Гладилка Rollingdog 400х100мм серия Professional, арт.50103",Шпателя для механизированной шпатлевки>Гладилки
"Гладилка 250х100-85мм Rollingdog, серия Professional, арт.50104",Шпателя для механизированной шпатлевки>Гладилки
"Гладилка Rollingdog 400х100мм серия Professional, арт.50148",Шпателя для механизированной шпатлевки>Гладилки
"Малярный шпатель Rollingdog DOBERMAN 8""(200мм), серия Elite, арт.50159",Инструмент для укладки плитки>Малярные шпателя
"Малярный шпатель Rollingdog DOBERMAN 10""(250мм), серия Elite, арт.50160",Инструмент для укладки плитки>Малярные шпателя
"Малярный шпатель Rollingdog DOBERMAN 12""(300мм), серия Elite, арт.50161",Инструмент для укладки плитки>Малярные шпателя
"Многофункциональный скребок Rollingdog №1 серия Professional, арт.50219",Акции на строительный инструмент
"Сокол малярный Rollingdog 330х330мм, серия Professional, арт.50271",Малярный и штукатурный инструмент>Штукатурные соколы
"Терка строительная Rollingdog, серия Professional, арт.50291",Малярный и штукатурный инструмент>Тёрки для отделочных работ
"Терка строительная для затирки Rollingdog, серия Professional, арт.50292",Акции на строительный инструмент
"Терка строительная для затирки Rollingdog, серия Elite, арт.50294",Малярный и штукатурный инструмент>Тёрки для отделочных работ
"Терка строительная для затирки Rollingdog №3 серия Professional, арт.50297",Малярный и штукатурный инструмент>Тёрки для отделочных работ
"Малярный шпатель Rollingdog 140мм, серия Professional, арт.50298",Шпателя для механизированной шпатлевки>Малярные шпателя
"Малярный шпатель Rollingdog 180мм серия Professional, арт.50300",Шпателя для механизированной шпатлевки>Малярные шпателя
"Малярный шпатель Rollingdog 200мм, серия Professional, арт.50301",Шпателя для механизированной шпатлевки>Малярные шпателя
"Малярный шпатель Rollingdog 220мм, серия Professional, арт.50302",Шпателя для механизированной шпатлевки>Малярные шпателя
"Кондуктор (шаблон) для инсталляции DLT, арт.2217",Инструмент для укладки плитки>Шаблоны строительные
"Набор шпателей Rollingdog Ultra-Flex 1,5/ 3/ 4/ 6"" (38/76/101/152мм), серия Professional, арт.50360",Шпателя для механизированной шпатлевки>Малярные шпателя
"Набор шпателей Rollingdog 1/ 2/ 3/ 4"" (25/50/76/101мм), серия Elite, арт.50361",Акции на строительный инструмент
"Струбцина пистолетная быстрозажимная DLT 900мм, арт.65900",Акции на строительный инструмент
"Набор столярных пластиковых угольников DLT, 5 штук, 75x75мм, арт.86704",Инструмент для укладки плитки>Уголки для фиксации плитки
"Угольник столярный пластиковый DLT, 110x110мм, арт.86706",Инструмент для укладки плитки>Уголки для фиксации плитки
"Набор столярных пластиковых угольников DLT, 5 штук, 60x30мм, арт.86703",Инструмент для укладки плитки>Уголки для фиксации плитки
"Набор угольников столярных пластиковых DLT, 4 штуки, 100x100мм (внешний размер), арт.86404",Инструмент для укладки плитки>Уголки для фиксации плитки
"Угольник столярный пластиковый DLT, КРАСНЫЙ, 160x160мм, арт.86700",Инструмент для укладки плитки>Уголки для фиксации плитки
"Угольник столярный пластиковый DLT, ЧЕРНЫЙ, 160x160мм, арт.86710",Инструмент для укладки плитки>Уголки для фиксации плитки
"Держатель для черепашек, 100мм, DLT, (держатель + 4 колодки), арт.2603",Инструмент для укладки плитки>Круг алмазный гибкий шлифовальный>Аксессуары
"Набор угольников столярных пластиковых DLT, 4 штуки, 80x50мм (внешний размер), арт.86304",Инструмент для укладки плитки>Уголки для фиксации плитки
"Малярный шпатель Rollingdog Ultra-Flex 8"" (200мм), серия Elite, арт.50386",Шпателя для механизированной шпатлевки>Малярные шпателя
"Малярный шпатель Rollingdog Flex 4"" (100мм), серия Elite, арт.50392",Шпателя для механизированной шпатлевки>Малярные шпателя
"Малярный шпатель Rollingdog Flex 5"" (125мм), серия Elite, арт.50393",Шпателя для механизированной шпатлевки>Малярные шпателя
"Малярный шпатель Rollingdog Flex 6"" (150мм), серия Elite, арт.50394",Шпателя для механизированной шпатлевки>Малярные шпателя
"Малярный шпатель Rollingdog Flex 8"" (200мм), серия Elite, арт.50395",Шпателя для механизированной шпатлевки>Малярные шпателя
"Малярный шпатель Rollingdog Titanium 3"" (75мм), серия Elite, арт.50409",Шпателя для механизированной шпатлевки>Малярные шпателя
"Малярный шпатель Rollingdog Titanium 4"" (100мм), серия Elite, арт.50410",Шпателя для механизированной шпатлевки>Малярные шпателя
"Малярный шпатель Rollingdog Titanium 5"" (125мм), серия Elite, арт.50411",Шпателя для механизированной шпатлевки>Малярные шпателя
"Малярный шпатель Rollingdog Titanium 6"" (150мм), серия Elite, арт.50412",Шпателя для механизированной шпатлевки>Малярные шпателя
"Малярный шпатель Rollingdog Titanium 8"" (203мм), серия Elite, арт.50413",Шпателя для механизированной шпатлевки>Малярные шпателя
"Гребенка для плитки DLT, 12мм, арт.1587",Инструмент для укладки плитки>Гребенки
"Скребок изогнутый Rollingdog 3"" (75мм), серия Elite, арт.50416",Малярный и штукатурный инструмент>Скребки малярные
"Скребок многофункциональный 14 в 1 Rollingdog, серия Elite, арт.50417",Малярный и штукатурный инструмент>Скребки малярные
"Шпатель для внутренних углов  Rollingdog 100х86мм, серия Professional, арт.50420",Шпателя для механизированной шпатлевки>Угловые шпателя
"Шпатель для внешних углов Rollingdog 100х86мм, серия Professional, арт.50421",Шпателя для механизированной шпатлевки>Угловые шпателя
"Малярный шпатель Rollingdog 35см, серия Elite, арт.50440",Шпателя для механизированной шпатлевки>Малярные шпателя
"Малярный шпатель Rollingdog 45см, серия Elite, арт.50441",Шпателя для механизированной шпатлевки>Малярные шпателя
"Малярный шпатель Rollingdog 60см, серия Elite, арт.50442",Шпателя для механизированной шпатлевки>Малярные шпателя
"Малярный шпатель Rollingdog 80см, серия Elite, арт.50443",Шпателя для механизированной шпатлевки
"Малярный шпатель Rollingdog 100см, серия Elite, арт.50444",Шпателя для механизированной шпатлевки>Шпателя для механизированного нанесения
"Шпатель изогнутый Rollingdog 3"" (75мм), с резбой на конце серия Elite, арт.50448",Шпателя для механизированной шпатлевки>Малярные шпателя
"Малярный шпатель Rollingdog Beauceron 4"" (100мм), серия Elite, арт.50473",Шпателя для механизированной шпатлевки>Малярные шпателя
"Малярный шпатель Rollingdog Beauceron 5"" (127мм), серия Elite, арт.50474",Шпателя для механизированной шпатлевки>Малярные шпателя
"Малярный шпатель Rollingdog Beauceron 6"" (152мм), серия Elite, арт.50475",Шпателя для механизированной шпатлевки>Малярные шпателя
"Малярный шпатель Rollingdog Beauceron 8"" (203мм), серия Elite, арт.50476",Шпателя для механизированной шпатлевки>Малярные шпателя
"Малярный шпатель Rollingdog Beauceron 10"" (254мм), серия Elite, арт.50477",Шпателя для механизированной шпатлевки>Малярные шпателя
"Шпатель-скребок многофункциональный 10 в 1 Rollingdog, серия Elite, арт.50478",Шпателя для механизированной шпатлевки>Многофункц. шпатели (скребки)
"Набор шпателей Rollingdog 1/2/3/4/5/6"" (25/50/75/100/125/150мм), серия Standard , арт.50481",Акции на строительный инструмент
"Набор шпателей Rollingdog 1,5/ 3/ 4 "" (38//75/100мм), серия Standard, арт.50482",Акции на строительный инструмент
"Шпатель полукруглый Rollingdog 6.5"" (165мм), серия Professional, арт.50483",Шпателя для механизированной шпатлевки>Малярные шпателя
"Адаптер для шпателя Rollingdog, арт.50484",Шпателя для механизированной шпатлевки>Шпателя для механизированного нанесения>Сменные лезвия и аксессуары>Аксессуары
"Коронка алмазная для плитки и камня BIHUI, 7мм (вакуумная пайка точной формы), арт.DBDB07",Алмазная оснастка>Алмазные коронки для плитки>Алмазные коронки по керамограниту (вакуумная пайка)
"Коронка алмазная для плитки и камня BIHUI, 16мм (вакуумная пайка точной формы), арт.DBDB18",Алмазная оснастка>Алмазные коронки для плитки>Алмазные коронки по керамограниту (вакуумная пайка)
"Малярный шпатель Rollingdog 350мм, серия Professional, арт.50502",Шпателя для механизированной шпатлевки>Фасадные шпателя
"Малярный шпатель Rollingdog 457мм, серия Elite, арт.50503",Шпателя для механизированной шпатлевки>Фасадные шпателя
"Малярный шпатель Rollingdog 600мм, серия Elite, арт.50504",Шпателя для механизированной шпатлевки>Фасадные шпателя
"Фасадный шпатель Rollingdog 200мм, серия Professional, арт.50505",Шпателя для механизированной шпатлевки>Фасадные шпателя
"Фасадный шпатель Rollingdog 250мм, серия Elite, арт.50506",Шпателя для механизированной шпатлевки>Фасадные шпателя
"Фасадный шпатель Rollingdog 300мм, серия Professional, арт.50507",Шпателя для механизированной шпатлевки>Фасадные шпателя
"Фасадный шпатель Rollingdog 600мм, серия Professional, арт.50508",Шпателя для механизированной шпатлевки>Фасадные шпателя
"Валик с бюгелем Rollingdog SUPER-MICRO 100мм, ворс 10мм, микрофибра, арт.60153",Малярный и штукатурный инструмент>Валики малярные>Валики с ручкой
"Валик с бюгелем Rollingdog MicroMax 230мм, ворс 12мм, микрофибра, арт.60206",Малярный и штукатурный инструмент>Валики малярные>Валики с ручкой
"Валик с бюгелем Rollingdog 230мм, ворс 12мм, полиамид, арт.60210",Малярный и штукатурный инструмент>Валики малярные>Валики с ручкой
"Валик с бюгелем Rollingdog 100мм, ворс 12мм, полиамид, арт.60212",Малярный и штукатурный инструмент>Валики малярные>Валики с ручкой
"Валик с бюгелем Rollingdog 230мм, ворс 19мм, полиамид, арт.60214",Малярный и штукатурный инструмент>Валики малярные>Валики с ручкой
"Набор валиков с бюгелем Rollingdog Micro-Max 50мм, ворс 12мм, микрофибра арт.60234",Малярный и штукатурный инструмент>Малярные наборы
"Набор валиков с бюгелем Rollingdog HI-SHEEN 100мм, ворс 5мм, велюр, арт.60248",Малярный и штукатурный инструмент>Малярные наборы
"Валик с бюгелем Rollingdog SUPER-MICRO 230мм, ворс 19мм, микрофибра, арт.60252",Малярный и штукатурный инструмент>Валики малярные>Валики с ручкой
"Валик с поворотным бюгелем Rollingdog HI-SHEEN 100мм, ворс 5мм, велюр, арт.60254",Малярный и штукатурный инструмент>Валики малярные>Валики с ручкой
"Валик с бюгелем Rollingdog Super- Micro 230мм, ворс 9.5мм, микрофибра, арт.60256",Малярный и штукатурный инструмент>Валики малярные>Валики с ручкой
"Валик с бюгелем Rollingdog Super- Micro 180мм, ворс 9.5мм, микрофибра, арт.60257",Малярный и штукатурный инструмент>Валики малярные>Валики с ручкой
"Набор валиков с бюгелем Rollingdog 180мм, ворс 12мм, полиэстер/полиамид, серия Professional, арт.60263",Малярный и штукатурный инструмент>Малярные наборы
"Набор валиков с бюгелем Rollingdog 100мм, ворс 12мм, полиэстер/полиамид, арт.60264",Малярный и штукатурный инструмент>Малярные наборы
"Набор валиков с бюгелем Rollingdog 50мм, ворс 12мм, полиэстер/полиамид, арт.60265",Малярный и штукатурный инструмент>Малярные наборы
"Набор валиков с бюгелем Rollingdog 100мм, ворс 12мм, полиэстер, арт.60270",Малярный и штукатурный инструмент>Малярные наборы
"Строительный миксер BIHUI, 1200W, арт.MME1200",Миксер строительный/дрель-миксер
"Набор валиков с бюгелем Rollingdog 180мм, ворс 12мм, полиэстер, арт.60272",Малярный и штукатурный инструмент>Малярные наборы
"Набор валиков с бюгелем Rollingdog SUPER - EDGE 50мм, поролон, арт.60298",Малярный и штукатурный инструмент>Малярные наборы
"Пистолет для герметика BIHUI, арт.TCG310",Малярный и штукатурный инструмент>Пистолеты монтажные
"Плиткорез электрический DLT OptiTronic Auto-1600, рез до 1600мм, с АВТОМАТИКОЙ , арт.1769",Плиткорезы электрические (камнерезы/мокрорезы)>Плиткорезы DLT
"Набор малярный Rollingdog SUPER-MICRO (8 предметов), серия Professional, арт.70141",Малярный и штукатурный инструмент>Малярные наборы
"Набор малярный Rollingdog (6 предметов), серия Professional, арт.70181",Малярный и штукатурный инструмент>Малярные наборы
"Набор малярный Rollingdog SUPER-MICRO (15 предметов), серия Professional, арт.70187",Малярный и штукатурный инструмент>Малярные наборы
"Набор малярный Rollingdog QUICKFIRE (4 предмета), серия Professional, арт.70206",Малярный и штукатурный инструмент>Малярные наборы
"Набор малярный Rollingdog PAINTER- PRO (16 предметов), серия Professional, арт.70211",Малярный и штукатурный инструмент>Малярные наборы
"Набор малярный Rollingdog LINK - UP (9 предметов), серия Professional, арт.70213",Малярный и штукатурный инструмент>Малярные наборы
"Набор малярный Rollingdog (11 предметов), серия Standard, арт.70221",Малярный и штукатурный инструмент>Малярные наборы
"Набор малярный Rollingdog (12 предметов), серия Standard, арт.70223",Малярный и штукатурный инструмент>Малярные наборы
"Набор малярный Rollingdog (14 предметов), серия Standard, арт.70224",Малярный и штукатурный инструмент>Малярные наборы
"Набор малярный Rollingdog (5 предметов), серия Elite, арт.70251",Малярный и штукатурный инструмент>Малярные наборы
"Набор малярный Rollingdog (7 предметов), серия Elite, арт.70252",Малярный и штукатурный инструмент>Малярные наборы
"Набор валиков с бюгелем Rollingdog SUPER-MICRO 100мм, ворс 9.5мм, микрофибра, арт.70263",Малярный и штукатурный инструмент>Малярные наборы
"Набор валиков с бюгелем Rollingdog SUPER-MICRO 100мм, ворс 9.5мм, микрофибра, арт.70264",Малярный и штукатурный инструмент>Малярные наборы
"Малярная лента Rollingdog PAINTERS-SHIELD 48мм x 50м, арт.80021",Инструмент для укладки плитки>Малярные ленты
"Малярная лента Rollingdog PAINTERS-SHIELD 24мм x 50м, арт.80022",Инструмент для укладки плитки>Малярные ленты
"Малярная лента Rollingdog Masking Tape 24мм x 50м, арт.80023",Инструмент для укладки плитки>Малярные ленты
"Малярная лента Rollingdog Masking Tape 48мм x 50м, арт.80024",Инструмент для укладки плитки>Малярные ленты
"Пистолет для герметика RollingDog 225мм серия Elite, арт.80025",Акции на строительный инструмент
"Укрывное полотно на малярной ленте Rollingdog Masking Film 8мкм, 55cм х 30м, арт.80046 ",Акции на строительный инструмент
"Укрывная бумага на малярной ленте Rollingdog ENVIRO-GUARD 42 г/м², 18см х 25м, арт.80047",Акции на строительный инструмент
"Укрывное полотно на малярной ленте с диспенсером Rollingdog 8мкм, 55см x 30м, арт.80048",Акции на строительный инструмент
"Набор укрывочный Rollingdog (3 предмета), серия Professional, арт.80241",Акции на строительный инструмент
"Укрывное полотно на малярной ленте Rollingdog WASHI-SHIELD 8мкм, 150см х 30м, арт.80261",Малярный и штукатурный инструмент>Пленки укрывные
"Укрывное полотно на малярной ленте Rollingdog PAINTERS-SHIELD 8мкм, 55см х 33м, арт.80347",Малярный и штукатурный инструмент>Пленки укрывные
"Укрывное полотно на малярной ленте Rollingdog Masking Film 8мкм, 110см х 30м, арт.80499",Малярный и штукатурный инструмент>Пленки укрывные
"Ручка-держатель с магнитом для кисточки Rollingdog, арт.80627",Малярный и штукатурный инструмент>Кисти малярные
"Малярная лента Rollingdog Masking Tape 24мм x 18м (набор 6 шт.), арт.80846",Инструмент для укладки плитки>Малярные ленты
"Малярная лента Rollingdog WASHI-SHIELD 24мм x 50м, арт.80853 ",Инструмент для укладки плитки>Малярные ленты
"Набор для ручной шлифовки Rollingdog №1 (7 предметов ), арт.81039",Акции на строительный инструмент
"Набор для ручной шлифовки Rollingdog №2 (7 предметов), арт.81040",Акции на строительный инструмент
"Набор для ручной шлифовки Rollingdog №3 (7 предметов), арт.81041",Акции на строительный инструмент
"Набор для ручной шлифовки Rollingdog №4 (7 предметов), арт.81043",Акции на строительный инструмент
"Набор наждачной бумаги Rollingdog, 6шт, 230х85мм, Р80, арт.81222",Бренды>Малярный инструмент ROLLINGDOG
"Набор наждачной бумаги Rollingdog, 6шт, 230х85мм, Р120, арт.81223",Бренды>Малярный инструмент ROLLINGDOG
"Набор наждачной бумаги Rollingdog, 6шт, 230х85мм, Р240, арт.81224",Бренды>Малярный инструмент ROLLINGDOG
"Набор укрывочный с диспенсером Rollingdog Masking Film (4 предмета), арт.81238",Акции на строительный инструмент
"Набор укрывочный с диспенсером Rollingdog ENVIRO-GUARD (4 предмета), арт.81321",Акции на строительный инструмент
"Диспенсер с малярной лентой шириной 24мм Rollingdog (набор 6 предметов), арт.81322",Акции на строительный инструмент
"Малярная лента Rollingdog WASHI-SHIELD 24ммх18м (набор 6шт.), арт.81389",Бренды>Малярный инструмент ROLLINGDOG
"Подошва для наливных полов 30х13см RollingDog, арт.81456",Малярный и штукатурный инструмент>Маяки для наливного пола
"Набор кистей Rollingdog 4/8/8/10/15/25/мм, синтетика, серия Standard, арт.81462",Малярный и штукатурный инструмент>Кисти малярные>Наборы кистей
"Шлифовальный круг Rollingdog 225мм, Р80, (набор 6 шт.), арт.90140",Малярный и штукатурный инструмент>Абразивные материалы>Шлифовальные круги>P80-100
"Шлифовальный круг Rollingdog 225мм, Р120, (набор 6 шт.) арт.90141",Шлифовальные машины для стен/потолков/пола>Шлифовальные круги и сетки>P120-150
"Шлифовальный круг Rollingdog 225мм, Р240, (набор 6 шт.), арт.90142",Шлифовальные машины для стен/потолков/пола>Шлифовальные круги и сетки>P240-320
"Набор для шлифовки внутренних углов Rollingdog №3 (9 предметов), соединение резьба, серия Elite арт.90153",Малярный и штукатурный инструмент>Абразивные материалы>Шлифовальные блоки и шайбы/наборы
"Набор для ручной шлифовки Rollingdog SURFEX №1 (9 предметов), соединение резьба, серия Elite, арт.90155",Малярный и штукатурный инструмент>Абразивные материалы>Шлифовальные блоки и шайбы/наборы
"Набор для ручной шлифовки Rollingdog SURFEX №2 (9 предметов), соединение резьба, серия Elite, арт.90157",Малярный и штукатурный инструмент>Абразивные материалы>Шлифовальные блоки и шайбы/наборы
"Набор для ручной шлифовки Rollingdog SURFEX №4 (16 предметов), соединение резьба, серия Elite арт.90159",Малярный и штукатурный инструмент>Абразивные материалы>Шлифовальные блоки и шайбы/наборы
"Набор абразивных губок с ручкой #60/#120/#180 Rollingdog №2, арт.90163",Малярный и штукатурный инструмент>Абразивные материалы>Шлифовальные блоки и шайбы/наборы
"Набор абразивных губок с ручкой #60/#120/#180 Rollingdog №1, арт.90177",Малярный и штукатурный инструмент>Абразивные материалы>Шлифовальные блоки и шайбы/наборы
"Валик Rollingdog HI-SHEEN 230мм, ворс 5мм, для бюгеля 8мм, велюр, арт.00127",Акции на строительный инструмент
"Валик Rollingdog SUPER-MICRO 230мм, ворс 6мм, для каркаса 38мм, микрофибра, арт.00200",Малярный и штукатурный инструмент>Валики малярные>Шубки (ролики)
"Валик Rollingdog SUPER-MICRO 230мм, ворс 19мм, для каркаса 38мм, микрофибра, арт.00202",Бренды>Малярный инструмент ROLLINGDOG
"Валик Rollingdog SUPER-MICRO 230мм, ворс 9.5мм, для бюгеля 8мм, микрофибра, арт.00242",Малярный и штукатурный инструмент>Валики малярные>Шубки (ролики)
"Набор валиков Rollingdog SUPER-MICRO 230мм, 3шт, ворс 9.5мм, для каркаса 38мм, микрофибра, арт.00247",Малярный и штукатурный инструмент>Валики малярные>Наборы
"Валик Rollingdog SUPER-MICRO 230мм, ворс 9,5мм, для каркаса 38мм, микрофибра, арт.00252",Малярный и штукатурный инструмент>Валики малярные>Шубки (ролики)
"Набор валиков Rollingdog SUPER-MICRO 76мм, 2шт, ворс 10мм, для каркаса 38мм, микрофибра, арт.00272",Акции на строительный инструмент
"Валик Rollingdog High Density 230мм, ворс 12мм, для бюгеля 8мм, микрофибра, арт.00292",Малярный и штукатурный инструмент>Валики малярные>Шубки (ролики)
"Набор валиков Rollingdog Micro-Max 100мм, 2шт, ворс 12мм, для бюгеля 6мм, микрофибра, арт.00294",Акции на строительный инструмент
"Валик Rollingdog 230мм, ворс 12мм, для бюгеля 8мм, полиамид, арт.00296",Акции на строительный инструмент
"Набор валиков Rollingdog 100мм, 2шт, ворс 12мм, для бюгеля 6мм, полиамид, арт.00298",Акции на строительный инструмент
"Валик Rollingdog 230мм, ворс 19мм, для бюгеля 8мм, полиамид, арт.00300",Акции на строительный инструмент
"Валик Rollingdog 230мм, ворс 12мм, для каркаса 38мм, микрофибра, арт.00302",Бренды>Малярный инструмент ROLLINGDOG
"Валик Rollingdog 457мм, ворс 12мм, для каркаса 44мм, полиамид, арт.00323",Акции на строительный инструмент
"Набор валиков Rollingdog GLOSS-KING 100м, 10шт, для бюгеля 6мм, поролон, арт.00348",Акции на строительный инструмент
"Набор валиков Rollingdog 50мм, 10шт, поролон, арт.00349",Акции на строительный инструмент
"Валик Rollingdog 180мм, ворс 9.5мм, для бюгеля 8мм, микрофибра, арт.00362",Акции на строительный инструмент
"Валик Rollingdog 230мм, ворс 12мм, для каркаса 38мм, полиэстер/полиамид, арт.00367",Акции на строительный инструмент
"Набор валиков Rollingdog SUPER-MICRO 100мм, 2шт, ворс 9,5мм, для каркаса 18мм, микрофибра, арт.00368",Акции на строительный инструмент
"Набор валиков Rollingdog Standard 100мм, 10шт, ворс 12мм, для бюгеля 6мм, полиэстер, арт.00371",Малярный и штукатурный инструмент>Валики малярные>Наборы
"Валик Rollingdog SUPER-MICRO 457мм, ворс 9.5мм, для каркаса 38мм, микрофибра арт.00395",Малярный и штукатурный инструмент>Валики малярные>Шубки (ролики)
"Валик Rollingdog 457мм, ворс 4мм, для каркаса 44мм, полиамид, арт.00409",Акции на строительный инструмент
"Сменные вкладыши для кюветы Rollingdog 230мм, (набор 5шт.), арт.20001L",Акции на строительный инструмент
"Сменные вкладыши для кюветы Rollingdog 180мм, (набор 3шт.), арт.20059L",Малярный и штукатурный инструмент>Малярные ванночки и кюветы
"Сменные вкладыши для кюветы Rollingdog 100мм, (набор 3шт.), арт.20060L",Акции на строительный инструмент
"Сменные вкладыши для кюветы Rollingdog 230мм, (набор 3шт.), арт.20076L",Акции на строительный инструмент
"Набор шпателей для силикона и герметика Rollingdog, арт.80263G",Инструмент для укладки плитки>Шпатели для силикона и герметика
"Кисть Rollingdog А1000 38мм, угловой срез, синтетика, серия Elite, арт.10178",Малярный и штукатурный инструмент>Кисти малярные>Плоские кисти>Угловой срез
"Кисть Rollingdog А1000 50мм, угловой срез, синтетика, серия Elite, арт.10179",Малярный и штукатурный инструмент>Кисти малярные>Плоские кисти>Угловой срез
"Кисть Rollingdog А1000 63мм, угловой срез, синтетика, серия Elite, арт.10180",Малярный и штукатурный инструмент>Кисти малярные>Плоские кисти>Угловой срез
"Кисть Rollingdog А1000 76мм, угловой срез, синтетика, серия Elite, арт.10181",Малярный и штукатурный инструмент>Кисти малярные>Плоские кисти>Угловой срез
"Кисть Rollingdog W1000 25мм, прямой срез, синтетика, серия Professional, арт.10188",Малярный и штукатурный инструмент>Кисти малярные>Плоские кисти>Прямой срез
"Кисть Rollingdog W1000 38мм, прямой срез, синтетика, серия Professional, арт.10189",Малярный и штукатурный инструмент>Кисти малярные>Плоские кисти>Прямой срез
"Кисть Rollingdog W1000 63мм, угловой срез, синтетика, серия Professional, арт.10194",Малярный и штукатурный инструмент>Кисти малярные>Плоские кисти>Угловой срез
"Кисть Rollingdog W1000 38мм, угловой срез, синтетика, серия Professional, арт.10192",Малярный и штукатурный инструмент>Кисти малярные>Плоские кисти>Угловой срез
"Кисть Rollingdog 38мм, угловой срез, полиэстер, серия Professional, арт.10233",Малярный и штукатурный инструмент>Кисти малярные>Плоские кисти>Угловой срез
"Кисть Rollingdog 50мм, угловой срез, полиэстер, серия Professional, арт.10234",Малярный и штукатурный инструмент>Кисти малярные>Плоские кисти>Угловой срез
"Кисть Rollingdog 63мм, угловой срез, полиэстер, серия Professional, арт.10235",Малярный и штукатурный инструмент>Кисти малярные>Плоские кисти>Угловой срез
"Кисть Rollingdog DT1000 треугольная, смешанная щетина, серия Professional, арт.10247",Малярный и штукатурный инструмент>Кисти малярные
"Кисть Rollingdog X1000 38мм, прямой срез, синтетика, серия Professional, арт.10266",Малярный и штукатурный инструмент>Кисти малярные>Плоские кисти>Прямой срез
"Кисть Rollingdog X1000 63мм, прямой срез, полиэстер, серия Professional, арт.10268",Малярный и штукатурный инструмент>Кисти малярные>Плоские кисти>Прямой срез
"Кисть Rollingdog X1000 75мм, угловой срез, полиэстер, серия Professional, арт.10270",Малярный и штукатурный инструмент>Кисти малярные>Плоские кисти>Угловой срез
"Кисть Rollingdog BT1000 20мм, прямой срез, полиэстер, серия Professional, арт.10344",Малярный и штукатурный инструмент>Кисти малярные>Плоские кисти>Прямой срез
"Кисть Rollingdog BT1000 65мм, прямой срез, полиэстер, серия Professional, арт.10348",Малярный и штукатурный инструмент>Кисти малярные>Плоские кисти>Прямой срез
"Набор кистей с магнитной фиксацей щетины Rollingdog, полиэстер, серия Professional, арт.10431",Малярный и штукатурный инструмент>Кисти малярные>Наборы кистей
"Кисть Rollingdog DUAL-PRO 25мм, прямой срез, синтетика, серия Elite, арт.10452",Малярный и штукатурный инструмент>Кисти малярные>Плоские кисти>Прямой срез
"Кисть Rollingdog DUAL-PRO 35мм, прямой срез, синтетика, серия Elite, арт.10453",Малярный и штукатурный инструмент>Кисти малярные>Плоские кисти>Прямой срез
"Кисть Rollingdog DUAL-PRO 45мм, прямой срез, синтетика, серия Elite, арт.10454",Малярный и штукатурный инструмент>Кисти малярные>Плоские кисти>Прямой срез
"Кисть макловица Rollingdog WX1000 30х100мм, синтетика, серия Elite, арт.10536",Малярный и штукатурный инструмент>Кисти малярные>Кисти макловицы
"Кисть с короткой ручкой Rollingdog 22мм, квадратная, синтетика, серия Professional, арт.10592",Малярный и штукатурный инструмент>Кисти малярные>Фигурные кисти
"Кисть Rollingdog 20мм, прямой срез, синтетика, серия Professional, арт.10597",Малярный и штукатурный инструмент>Кисти малярные>Плоские кисти>Прямой срез
"Кисть Rollingdog 30мм, прямой срез, синтетика, серия Professional, арт.10598",Малярный и штукатурный инструмент>Кисти малярные>Плоские кисти>Прямой срез
"Кисть Rollingdog 40мм, прямой срез, синтетика, серия Professional, арт.10599",Малярный и штукатурный инструмент>Кисти малярные>Плоские кисти>Прямой срез
"Кисть Rollingdog 50мм, прямой срез, синтетика, серия Professional, арт.10600",Малярный и штукатурный инструмент>Кисти малярные>Плоские кисти>Прямой срез
"Кисть Rollingdog 65мм, прямой срез, синтетика, серия Professional, арт.10601",Малярный и штукатурный инструмент>Кисти малярные>Плоские кисти>Прямой срез
"Кисть Rollingdog 80мм, прямой срез, синтетика, серия Professional, арт.10602",Малярный и штукатурный инструмент>Кисти малярные>Плоские кисти>Прямой срез
"Электрическая присоска BIHUI для гладкой и рельефной поверхности, арт.LFEVL ",Инструмент для укладки плитки>Присоски для плитки и стекла>Электрические присоски и поршни
"Пылесос промышленный BIHUI, с автоматической очисткой фильтра,арт.VCB38",Пылесосы строительные>Пылесосы
"Электрический плиткорез BIHUI, (авто), рез до 1200мм, арт.TCSA1200",Плиткорезы электрические (камнерезы/мокрорезы)>Плиткорезы BIHUI
"Кисть Rollingdog К100 76мм, прямой срез, полиэстер, серия Standard, арт.10615",Малярный и штукатурный инструмент>Кисти малярные>Плоские кисти>Прямой срез
"Кисть Rollingdog К100 38мм, угловой срез, полиэстер, серия Standard, арт.10616",Малярный и штукатурный инструмент>Кисти малярные>Плоские кисти>Угловой срез
"Кисть Rollingdog К100 50мм, угловой срез, полиэстер, серия Standard, арт.10617",Малярный и штукатурный инструмент>Кисти малярные>Плоские кисти>Угловой срез
"Кисть Rollingdog К100 63,5мм, угловой срез, полиэстер, серия Standard, арт.10618",Малярный и штукатурный инструмент>Кисти малярные>Плоские кисти>Угловой срез
"Кисть Rollingdog G100 12,5мм, прямой срез, синтетика, серия Standard, арт.10622",Малярный и штукатурный инструмент>Кисти малярные>Плоские кисти>Прямой срез
"Кисть Rollingdog G100 20мм, прямой срез, синтетика, серия Standard, арт.10623",Малярный и штукатурный инструмент>Кисти малярные>Плоские кисти>Прямой срез
"Кисть Rollingdog G100 30мм, прямой срез, синтетика, серия Standard, арт.10624",Малярный и штукатурный инструмент>Кисти малярные>Плоские кисти>Прямой срез
"Кисть Rollingdog G100 40мм, прямой срез, синтетика, серия Standard, арт.10625",Малярный и штукатурный инструмент>Кисти малярные>Плоские кисти>Прямой срез
"Кисть Rollingdog G100 50мм, прямой срез, синтетика, серия Standard, арт.10626",Малярный и штукатурный инструмент>Кисти малярные>Плоские кисти>Прямой срез
"Кисть Rollingdog G100 60мм, прямой срез, полиэстер, серия Standard, арт.10627",Малярный и штукатурный инструмент>Кисти малярные>Плоские кисти>Прямой срез
"Кисть Rollingdog G100 70мм, прямой срез, синтетика, серия Standard, арт.10628",Малярный и штукатурный инструмент>Кисти малярные>Плоские кисти>Прямой срез
"Кисть Rollingdog G100 100мм, прямой срез, синтетика, серия Standard, арт.10630",Малярный и штукатурный инструмент>Кисти малярные>Плоские кисти>Прямой срез
"Набор кистей Rollingdog G100 30/40/50мм, синтетика, серия Standard, арт.10633",Малярный и штукатурный инструмент>Кисти малярные>Наборы кистей
"Набор кистей Rollingdog G100 20/30/40/50мм, синтетика, серия Standard, арт.10634",Малярный и штукатурный инструмент>Кисти малярные>Наборы кистей
"Кисть макловица Rollingdog C90 30х100мм, синтетика, серия Standard, арт.10643",Малярный и штукатурный инструмент>Кисти малярные>Кисти макловицы
"Кисть макловица Rollingdog C90 30х120мм, синтетика, серия Standard, арт.10644",Малярный и штукатурный инструмент>Кисти малярные>Кисти макловицы
"Кисть Rollingdog BT1000 100мм, прямой срез, синтетика серия Professional, арт.10651",Малярный и штукатурный инструмент>Кисти малярные>Плоские кисти>Прямой срез
"Кисть Rollingdog BTX1000 20мм, прямой срез, синтетика, серия Elite, арт.10652",Малярный и штукатурный инструмент>Кисти малярные>Плоские кисти>Прямой срез
"Кисть Rollingdog BTX1000 30мм, прямой срез, синтетика серия Elite, арт.10653",Малярный и штукатурный инструмент>Кисти малярные>Плоские кисти>Прямой срез
"Кисть Rollingdog BTX1000 40мм, прямой срез, синтетика, серия Elite, арт.10654",Малярный и штукатурный инструмент>Кисти малярные>Плоские кисти>Прямой срез
"Кисть Rollingdog BTX1000 50мм, прямой срез, синтетика, серия Elite, арт.10655",Малярный и штукатурный инструмент>Кисти малярные>Плоские кисти>Прямой срез
"Кисть Rollingdog BTX1000 70мм, прямой срез, синтетика, серия Elite, арт.10656",Малярный и штукатурный инструмент>Кисти малярные>Плоские кисти>Прямой срез
"Кисть Rollingdog BTX500 50мм, прямой срез, смешанная щетина, серия Elite, арт.10661",Малярный и штукатурный инструмент>Кисти малярные>Плоские кисти>Прямой срез
"Кисть Rollingdog BTX500 70мм, прямой срез, смешанная щетина, серия Elite, арт.10662",Малярный и штукатурный инструмент>Кисти малярные>Плоские кисти>Прямой срез
"Кисть Rollingdog BP1000 20мм, прямой срез, синтетика, серия Elite, арт.10664",Малярный и штукатурный инструмент>Кисти малярные>Плоские кисти>Прямой срез
"Кисть Rollingdog BP1000 30мм, прямой срез, синтетика, серия Elite, арт.10665",Малярный и штукатурный инструмент>Кисти малярные>Плоские кисти>Прямой срез
"Кисть Rollingdog BP1000 40мм, прямой срез, синтетика, серия Elite, арт.10666",Малярный и штукатурный инструмент>Кисти малярные>Плоские кисти>Прямой срез
"Кисть Rollingdog BP1000 70мм, прямой срез, синтетика, серия Elite, арт.10668",Малярный и штукатурный инструмент>Кисти малярные>Плоские кисти>Прямой срез
"Кисть Rollingdog Detail Brush 20мм, прямой срез, синтетика, серия Elite, арт.10670",Малярный и штукатурный инструмент>Кисти малярные>Плоские кисти>Прямой срез
"Кисть Rollingdog Detail Brush 30мм, прямой срез, синтетика, серия Elite, арт.10671",Малярный и штукатурный инструмент>Кисти малярные>Плоские кисти>Прямой срез
"Кисть Rollingdog Detail Brush 40мм, прямой срез, синтетика, серия Elite, арт.10672",Малярный и штукатурный инструмент>Кисти малярные>Плоские кисти>Прямой срез
"Кисть Rollingdog Detail Brush 50мм, прямой срез, синтетика, серия Elite, арт.10673",Малярный и штукатурный инструмент>Кисти малярные>Плоские кисти>Прямой срез
"Кисть Rollingdog Detail Brush 100мм, прямой срез, синтетика, серия Elite, арт.10674",Малярный и штукатурный инструмент>Кисти малярные>Плоские кисти>Прямой срез
"Кисть Rollingdog 15мм, круглая, смешанная щетина, серия Professional, арт.10681",Малярный и штукатурный инструмент>Кисти малярные>Фигурные кисти
"Кисть Rollingdog 18мм, круглая, смешанная щетина, серия Professional, арт.10682",Малярный и штукатурный инструмент>Кисти малярные>Фигурные кисти
"Кисть Rollingdog 21мм, круглая, смешанная щетина, серия Professional, арт.10683",Малярный и штукатурный инструмент>Кисти малярные>Фигурные кисти
"Кисть Rollingdog 25мм, круглая, смешанная щетина, серия Professional, арт.10684",Малярный и штукатурный инструмент>Кисти малярные>Фигурные кисти
"Кисть радиаторная Rollingdog 25мм, угловая, смешанная щетина, серия Professional, арт.10690",Малярный и штукатурный инструмент>Кисти малярные>Радиаторные кисти
"Кисть радиаторная Rollingdog 38мм, угловая, смешанная щетина, серия Professional, арт.10691",Малярный и штукатурный инструмент>Кисти малярные>Радиаторные кисти
"Кисть радиаторная Rollingdog 50мм, угловая, смешанная щетина, серия Professional, арт.10692",Малярный и штукатурный инструмент>Кисти малярные>Радиаторные кисти
"Кисть Rollingdog 63,5мм, угловой срез, нейлон/полиэстер, серия Elite, арт.10697",Малярный и штукатурный инструмент>Кисти малярные>Плоские кисти>Угловой срез
"Кисть Rollingdog 63,5мм, угловой срез, смешанная щетина, серия Elite, арт.10698",Малярный и штукатурный инструмент>Кисти малярные>Плоские кисти>Угловой срез
"Кисть Rollingdog XP1000 38мм, угловой срез, нейлон /полиэстер, серия Elite, арт.10699",Малярный и штукатурный инструмент>Кисти малярные>Плоские кисти>Угловой срез
"Кисть Rollingdog XP1000 50мм, угловой срез, нейлон /полиэстер, серия Elite, арт.10700",Малярный и штукатурный инструмент>Кисти малярные>Плоские кисти>Угловой срез
"Кисть Rollingdog XP1000 63мм, угловой срез, нейлон /полиэстер, серия Elite, арт.10701",Малярный и штукатурный инструмент>Кисти малярные>Плоские кисти>Угловой срез
"Кисть Rollingdog XP1000 38мм, угловой срез, нейлон/полиэстер, серия Elite, арт.10702",Малярный и штукатурный инструмент>Кисти малярные>Плоские кисти>Угловой срез
"Кисть Rollingdog XP1000 50мм, угловой срез, нейлон/полиэстер, серия Elite, арт.10703",Малярный и штукатурный инструмент>Кисти малярные>Плоские кисти>Угловой срез
"Кисть Rollingdog XP1000 63,5мм, угловой срез, нейлон/полиэстер, серия Elite, арт.10704",Малярный и штукатурный инструмент>Кисти малярные>Плоские кисти>Угловой срез
"Кисть Rollingdog T60 18мм, круглая, смешанная щетина, серия Standard, арт.10718",Малярный и штукатурный инструмент>Кисти малярные>Фигурные кисти
"Кисть Rollingdog T60 21мм, круглая, смешанная щетина, серия Standard, арт.10719",Малярный и штукатурный инструмент>Кисти малярные>Фигурные кисти
"Кисть Rollingdog T60 25мм, круглая, смешанная щетина, серия Standard, арт.10720",Малярный и штукатурный инструмент>Кисти малярные>Фигурные кисти
"Кисть Rollingdog T60 29мм, круглая, смешанная щетина, серия Standard, арт.10721",Малярный и штукатурный инструмент>Кисти малярные>Фигурные кисти
"Набор кистей Rollingdog 15/18/21/20/30/50/мм, синтетика, серия Standard, арт.10722",Акции на строительный инструмент
"Кисть Rollingdog DUAL-PRO 60мм, прямой срез, синтетика, серия Elite, арт.10724",Малярный и штукатурный инструмент>Кисти малярные>Плоские кисти>Прямой срез
"Кисть для клея Rollingdog 20мм, прямой срез, нейлон, серия Professional, арт.10725",Малярный и штукатурный инструмент>Кисти малярные>Плоские кисти>Прямой срез
"Кисть для клея Rollingdog 40мм, прямой срез, нейлон, серия Professional, арт.10726",Малярный и штукатурный инструмент>Кисти малярные>Плоские кисти>Прямой срез
"Кисть для клея Rollingdog 50мм, прямой срез, нейлон, серия Professional, арт.10727",Малярный и штукатурный инструмент>Кисти малярные>Плоские кисти>Прямой срез
"Кисть Rollingdog 12мм, прямой срез, синтетика, серия Professional, арт.10729",Малярный и штукатурный инструмент>Кисти малярные>Плоские кисти>Прямой срез
"Кисть с короткой ручкой Rollingdog К100 50,8мм, угловой срез, синтетика, серия Standard, арт.10731",Малярный и штукатурный инструмент>Кисти малярные>Плоские кисти>Угловой срез
"Кювета для краски Rollingdog 7” (177мм), серия Professional, арт.20011",Малярный и штукатурный инструмент>Малярные ванночки и кюветы
"Кювета для краски Rollingdog 4” (100мм), серия Professional, арт.20012",Малярный и штукатурный инструмент>Малярные ванночки и кюветы
"Ковш для краски Rollingdog 4” (100мм), серия Standard, арт.20018",Малярный и штукатурный инструмент>Малярные ванночки и кюветы
"Кювета для краски Rollingdog 7” (177мм), серия Professional, арт.20059",Малярный и штукатурный инструмент>Малярные ванночки и кюветы
"Кювета для краски/крышка для ведра Rollingdog 4” (100мм), серия Professional, арт.20067",Малярный и штукатурный инструмент>Малярные ванночки и кюветы
"Кювета для краски/крышка для ведра Rollingdog 7” (177мм), серия Professional, арт.20068",Малярный и штукатурный инструмент>Малярные ванночки и кюветы
"Мерный стакан Rollingdog 250мл, арт.20088",Малярный и штукатурный инструмент>Малярные ванночки и кюветы
"Мерный стакан Rollingdog 500мл, арт.20089",Малярный и штукатурный инструмент>Малярные ванночки и кюветы
"Запасное крепление корпуса рукоятки шлифмашины DLT R7236/GrandFlex V36, арт.2227",Запчасти>Шлифмашины ручные/жираф
"Запасной шланг гофрированный (короткий) для шлифмашины DLT R7236/GrandFlex V36, арт.2228",Акции на строительный инструмент
"Мерный стакан Rollingdog 1000мл, арт.20090",Малярный и штукатурный инструмент>Малярные ванночки и кюветы
"Запасной шланг гофрированный (длинный) для шлифмашины DLT R7236/GrandFlex V36, арт.2229",Запчасти>Шлифмашины ручные/жираф
"Набор мерных стаканов Rollingdog 250/500/1000мл, арт.20091",Малярный и штукатурный инструмент>Малярные ванночки и кюветы
"Запасная кнопка включения шлифмашины DLT R7236/GrandFlex V36, арт.2230",Запчасти>Шлифмашины ручные/жираф>DLT R7236/GrandFlex V36
"Запасной двигатель в сборе для шлифмашины DLT R7236/GrandFlex V36, арт.2231",Запчасти>Шлифмашины ручные/жираф>DLT R7236/GrandFlex V36
"Запасной ротор двигателя шлифмашины DLT R7236/GrandFlex V36, арт.2232",Запчасти>Шлифмашины ручные/жираф>DLT R7236/GrandFlex V36
"Запасной регулятор оборотов шлифмашины DLT R7236/GrandFlex V36, арт.2233",Запчасти>Шлифмашины ручные/жираф>DLT R7236/GrandFlex V36
"Запасная плата контроллер для шлифмашины DLT R7231/GrandFlex V31, арт.2234",Запчасти>Шлифмашины ручные/жираф>DLT R7231/GrandFlex V31
"Кювета для краски Rollingdog 4” (100мм), серия Standard, арт.20105",Малярный и штукатурный инструмент>Малярные ванночки и кюветы
"Кювета для краски Rollingdog 7” (175мм), серия Standard, арт.20106",Малярный и штукатурный инструмент>Малярные ванночки и кюветы
"Запасной модуль управления для шлифмашины DLT R7231/GrandFlex V31, арт.2235",Запчасти>Шлифмашины ручные/жираф>DLT R7231/GrandFlex V31
"Запасной шланг гофрированный (короткий) для шлифмашины DLT R7231/GrandFlex V31, арт.2236",Запчасти>Шлифмашины ручные/жираф>DLT R7231/GrandFlex V31
"Кювета для краски Rollingdog 9” (225мм), серия Standard, арт.20107",Малярный и штукатурный инструмент>Малярные ванночки и кюветы
"Запасной шланг гофрированный (длинный) для шлифмашины DLT R7231/GrandFlex V31, арт.2237",Запчасти>Шлифмашины ручные/жираф>DLT R7231/GrandFlex V31
"Запасной двигатель в сборе для шлифмашины DLT R7231/GrandFlex V31, арт.2238",Запчасти>Шлифмашины ручные/жираф>DLT R7231/GrandFlex V31
"Вкладыш для лотка Rollingdog 4” (100мм), набор 5 шт, серия Standard, арт.20109",Малярный и штукатурный инструмент>Малярные ванночки и кюветы
"Запасные сменные щетки для шлифмашины DLT R7231/GrandFlex V31, арт.2239",Запчасти>Шлифмашины ручные/жираф>DLT R7231/GrandFlex V31
"Вкладыш для лотка Rollingdog 9” (230мм), набор 5 шт, серия Standard, арт.20111",Малярный и штукатурный инструмент>Малярные ванночки и кюветы
"Запасной модуль управления шлифмашины DLT KS-01-150-50, арт.2241",Запчасти>Шлифмашины ручные/жираф>DLT R7240
"Запасной статор-ротор двигателя для шлифмашин DLT KS-01-150-50, арт.2242",Запчасти>Шлифмашины ручные/жираф>DLT R7240
"Запасной редуктор шлифмашины DLT R7240, арт.2243",Запчасти>Шлифмашины ручные/жираф>DLT R7240
"Запасной пылевой мешок для шлифмашины DLT R7240/R7202, арт.2244",Запчасти>Шлифмашины ручные/жираф>DLT R7240
"Запасной регулятор скорости шлифмашины DLT R7240, арт.2245",Запчасти>Шлифмашины ручные/жираф>DLT R7240
"Запасная кнопка включения шлифмашины DLT R7240, арт.2246",Запчасти>Шлифмашины ручные/жираф>DLT R7240
"Запасной ротор шлифмашины DLT R7240, арт.2247",Запчасти>Шлифмашины ручные/жираф>DLT R7240
"Запасная ручка колеса подъемника для гипсокартонных листов DLT Panel Lifter 335/490, арт.2248",Запчасти>Подъемники для гипсокартона
"Запасной узел тормозного рычага для подъемника для гипсокартонных листов DLT Panel Lifter 335/490, арт.2249",Запчасти>Подъемники для гипсокартона
"Запасное колесо подъемника для гипсокартонных листов DLT Panel Lifter 335/490, арт.2251",Запчасти>Подъемники для гипсокартона
"Запасной кабельный шкив подъемника для гипсокартонных листов DLT Panel Lifter 335/490, арт.2252",Запчасти>Подъемники для гипсокартона
"Запасное колесо лебедки подъемника для гипсокартонных листов DLT Panel Lifter 335/490, арт.2253",Запчасти>Подъемники для гипсокартона
"Запасная кнопка включения пылесоса DLT EXTRALINE PL30, арт.2219",Запчасти>Пылесосы>DLT EXTRALINE PL30
"Запасной двигатель для пылесоса DLT EXTRALINE PL30, арт.2220",Запчасти>Пылесосы>DLT EXTRALINE PL30
"Запасная плата для пылесоса DLT EXTRALINE PL30, арт.2221",Запчасти>Пылесосы>DLT EXTRALINE PL30
"Запасная розетка с крышкой пылесоса DLT EXTRALINE PL30, арт.2222",Запчасти>Пылесосы>DLT EXTRALINE PL30
"Запасной корпус фильтра пылесоса DLT EXTRALINE PL30, арт.2223",Запчасти>Пылесосы>DLT EXTRALINE PL30
"Запасной шланг для пылесоса DLT EXTRALINE PL30, арт.2224",Запчасти
"Запасной узел встряхивания пыли пылесоса DLT EXTRALINE PL30, арт.2225",Запчасти>Пылесосы>DLT EXTRALINE PL30
"Запасной переходник вакуумного шланга для пылесоса DLT EXTRALINE PL30, арт.2226",Запчасти>Пылесосы>DLT EXTRALINE PL30
"Вкладыш для малярного ведра Rollingdog 18” (457мм), набор 5 шт, серия Elite, арт.20128",Малярный и штукатурный инструмент>Малярные ванночки и кюветы
"Кювета для краски Rollingdog 4"" (100мм), серия Standard, арт.20129",Малярный и штукатурный инструмент>Малярные ванночки и кюветы
"Кювета для краски Rollingdog 9"" (230мм), серия Standard, арт.20130",Малярный и штукатурный инструмент>Малярные ванночки и кюветы
"Бюгель Rollingdog EU Style 50мм, Ø6мм, серия Standard, арт.30015",Малярный и штукатурный инструмент>Валики малярные>Бюгельные ручки
"Бюгель Rollingdog American Style 230мм, Ø8мм, каркас 38мм, серия Professional, арт.30022",Малярный и штукатурный инструмент>Валики малярные>Бюгельные ручки
"Бюгель Rollingdog 230мм, Ø8мм, каркас 38мм, серия Elite, арт.30046",Малярный и штукатурный инструмент>Валики малярные>Бюгельные ручки
"Заглушка 44мм Rollingdog для регулируемого бюгеля, серия Elite, арт.30109",Малярный и штукатурный инструмент>Валики малярные>Бюгельные ручки
"Заглушка 38мм Rollingdog для регулируемого бюгеля, серия Elite, арт.30110",Малярный и штукатурный инструмент>Валики малярные>Бюгельные ручки
"Бюгель Rollingdog 230мм, Ø8мм, каркас 38мм, серия Elite, арт.30112",Малярный и штукатурный инструмент>Валики малярные>Бюгельные ручки
"Бюгель Rollingdog 100мм, Ø6мм, каркас 19мм, серия Professional, арт.30114",Малярный и штукатурный инструмент>Валики малярные>Бюгельные ручки
"Телескопический удлинитель Rollingdog 70-120 см, конус, металл покрый пластиком, серия Standard арт.40069",Шпателя для механизированной шпатлевки>Шпателя для механизированного нанесения>Телескопический удлинитель
"Телескопический удлинитель Rollingdog 110-200 см, конус, металл покрый пластиком, серия Standard, арт.40070",Шпателя для механизированной шпатлевки>Шпателя для механизированного нанесения>Телескопический удлинитель
"Телескопический удлинитель Rollingdog 110-200 см, резьба, металл покрытый пластиком, серия Standard арт.40072",Шпателя для механизированной шпатлевки>Шпателя для механизированного нанесения>Телескопический удлинитель
"Составной удлинитель Rollingdog 60-90 см, резьба/конус, алюминиевый, серия Professional, арт.40076",Шпателя для механизированной шпатлевки>Шпателя для механизированного нанесения>Телескопический удлинитель
"Телескопический удлинитель Rollingdog 70-120 см, резьба, алюминиевый, серия Professional, арт.40082",Шпателя для механизированной шпатлевки>Шпателя для механизированного нанесения>Телескопический удлинитель
"Телескопический удлинитель Rollingdog 110-200 см, резьба, алюминиевый, серия Professional, арт.40083",Шпателя для механизированной шпатлевки>Шпателя для механизированного нанесения>Телескопический удлинитель
"Телескопический удлинитель Rollingdog, 110-200 см, резьба, алюминиевый, серия Professional, арт.40025",Шпателя для механизированной шпатлевки>Шпателя для механизированного нанесения>Телескопический удлинитель
"Малярный шпатель Rollingdog Flexible 1"" (25мм), серия Professional, арт.50001",Шпателя для механизированной шпатлевки>Малярные шпателя
"Малярный шпатель Rollingdog Flexible 1,5"" (38мм), серия Professional, арт.50002",Шпателя для механизированной шпатлевки>Малярные шпателя
"Малярный шпатель Rollingdog Flexible 2"" (50мм), серия Professional, арт.50003",Шпателя для механизированной шпатлевки>Малярные шпателя
"Шпатель-скребок многофункциональный 6 в 1 Rollingdog, арт.50008",Шпателя для механизированной шпатлевки>Многофункц. шпатели (скребки)
"Набор сменных лезвий для строительного ножа Rollingdog 18мм, 10шт, серия Professional, арт.50062",Малярный и штукатурный инструмент>Ножи малярные и лезвия к ним
"Сменные лезвия для ножа Rollingdog (набор 10 шт.), арт. 50084",Малярный и штукатурный инструмент>Ножи малярные и лезвия к ним
"Строительный нож с выдвижным лезвием Rollingdog, арт. 50088",Малярный и штукатурный инструмент>Ножи малярные и лезвия к ним
"Зубчатый шпатель (гребенка), Rollingdog, зуб 8мм, серия Professional, арт.50102",Шпателя для механизированной шпатлевки>Зубчатые шпатели (гребенки)
"Малярный шпатель Rollingdog 2.5"" (63.5мм), серия Professional, арт.50115",Шпателя для механизированной шпатлевки>Малярные шпателя
"Кельма Rollingdog 140х84мм, серия Professional, арт.50121",Малярный и штукатурный инструмент>Мастерки и кельмы
"Кельма Rollingdog 200х125мм, серия Professional, арт.50122",Малярный и штукатурный инструмент>Мастерки и кельмы
"Гребенка Rollingdog 280x115мм, зуб треугольник, серия Professional, арт.50147",Бренды>Малярный инструмент ROLLINGDOG
"Малярный шпатель Rollingdog DOBERMAN 1"" (25мм), серия Elite, арт.50155",Шпателя для механизированной шпатлевки>Малярные шпателя
"Малярный шпатель Rollingdog DOBERMAN 2"" (50мм), серия Elite, арт.50156",Шпателя для механизированной шпатлевки>Малярные шпателя
"Малярный шпатель Rollingdog DOBERMAN 3"" (75мм), серия Elite, арт.50157",Шпателя для механизированной шпатлевки>Малярные шпателя
"Малярный шпатель Rollingdog DOBERMAN 4"" (100мм), серия Elite, арт.50158",Шпателя для механизированной шпатлевки>Малярные шпателя
"Кельма Rollingdog 200х115мм, серия Professional, арт.50184",Малярный и штукатурный инструмент>Мастерки и кельмы
"Кельма Rollingdog 240х130мм, серия Professional, арт.50186",Малярный и штукатурный инструмент>Мастерки и кельмы
"Скребок с 5 сменными лезвиями Rollingdog, серия Professional, арт.50216",Малярный и штукатурный инструмент>Скребки малярные
"Скребок многофункциональный складной 9 в 1 Rollingdog, серия Elite, арт.50217",Шпателя для механизированной шпатлевки>Многофункц. шпатели (скребки)
"Малярный шпатель Rollingdog 160мм, серия Professional, арт.50299",Шпателя для механизированной шпатлевки>Малярные шпателя
"Малярный шпатель Rollingdog Ultra-Flex 2.5"" (63мм), серия Elite, арт.50381",Шпателя для механизированной шпатлевки>Малярные шпателя
"Малярный шпатель Rollingdog Ultra-Flex 3"" (76мм), серия Elite, арт.50382",Шпателя для механизированной шпатлевки>Малярные шпателя
"Малярный шпатель Rollingdog Flex 2,5"" (63мм), серия Elite, арт.50390",Шпателя для механизированной шпатлевки>Малярные шпателя
"Малярный шпатель Rollingdog Flex 3"" (75мм), серия Elite, арт.50391",Шпателя для механизированной шпатлевки>Малярные шпателя
"Малярный шпатель Rollingdog Titanium 2"" (50мм), серия Elite, арт.50407",Шпателя для механизированной шпатлевки>Малярные шпателя
"Малярный шпатель Rollingdog Titanium 2,5"" (63мм), серия Elite, арт.50408",Шпателя для механизированной шпатлевки>Малярные шпателя
"Универсальный шпатель Rollingdog 1.5"" (38мм), серия Elite, арт.50414",Акции на строительный инструмент
"Универсальный шпатель Rollingdog 3"" (75мм), серия Elite, арт.50415",Шпателя для механизированной шпатлевки>Малярные шпателя
"Строительный нож с выдвижным лезвием Rollingdog, арт. 50418",Малярный и штукатурный инструмент>Ножи малярные и лезвия к ним
"Малярный шпатель Rollingdog 25см, серия Elite, арт.50439",Шпателя для механизированной шпатлевки>Шпателя для механизированного нанесения>Шпатели с лезвием 0.3мм
"Шпатель универсальный Rollingdog 3"" (75мм), с резбой на конце, серия Elite, арт.50447",Шпателя для механизированной шпатлевки>Многофункц. шпатели (скребки)
"Малярная расчёска Rollingdog для очистки кистей, арт.50458",Малярный и штукатурный инструмент>Кисти малярные>Аксессуары
"Малярный шпатель Rollingdog 1"" (25мм), серия Standard, арт.50460",Инструмент для укладки плитки>Малярные шпателя
"Малярный шпатель Rollingdog 1.5"" (38мм), серия Standard, арт.50461",Инструмент для укладки плитки>Малярные шпателя
"Малярный шпатель Rollingdog 2"" (50мм), серия Standard, арт.50462",Инструмент для укладки плитки>Малярные шпателя
"Малярный шпатель Rollingdog 2.5"" (63мм), серия Standard, арт.50463",Инструмент для укладки плитки>Малярные шпателя
"Малярный шпатель Rollingdog 3"" (76мм), серия Standard, арт.50464",Инструмент для укладки плитки>Малярные шпателя
"Малярный шпатель Rollingdog 3.5"" (89мм), серия Standard, арт.50465",Инструмент для укладки плитки>Малярные шпателя
"Малярный шпатель Rollingdog 4"" (100мм), серия Standard, арт.50466",Инструмент для укладки плитки>Малярные шпателя
"Малярный шпатель Rollingdog 5"" (125мм), серия Standard, арт.50467",Инструмент для укладки плитки>Малярные шпателя
"Малярный шпатель Rollingdog 6"" (150мм), серия Standard, арт.50468",Инструмент для укладки плитки>Малярные шпателя
"Малярный шпатель Rollingdog Beauceron 2"" (50мм), серия Elite, арт.50471",Инструмент для укладки плитки>Малярные шпателя
"Скребок многофункциональный 8 в 1 Rollingdog, серия Elite, арт.50479",Малярный и штукатурный инструмент>Скребки малярные
"Шпатель-скребок многофункциональный 5 в 1 Rollingdog, серия Standard, арт.50486",Шпателя для механизированной шпатлевки>Многофункц. шпатели (скребки)
"Лом-гвоздодер Rollingdog 1.5"" (38мм), серия Elite, арт.50487",Шпателя для механизированной шпатлевки>Многофункц. шпатели (скребки)
"Лом-гвоздодер Rollingdog 3.5"" (76мм), серия Elite, арт.50488",Шпателя для механизированной шпатлевки>Многофункц. шпатели (скребки)
"Малярная расчёска для очистки валиков и кистей Rollingdog, серия Standard, арт.50492",Малярный и штукатурный инструмент>Валики малярные>Аксессуары
"Терка для наждачной бумаги с прижимом Rollingdog 235х80мм, серия Professional, арт.50493",Малярный и штукатурный инструмент>Абразивные материалы>Шлифовальные блоки и шайбы/наборы
"Малярный шпатель Rollingdog 200мм, серия Professional, арт.50500",Шпателя для механизированной шпатлевки>Фасадные шпателя
"Малярный шпатель Rollingdog 250мм, серия Professional, арт.50501",Шпателя для механизированной шпатлевки>Фасадные шпателя
"Валик с бюгелем Rollingdog HI-SHEEN 100мм, ворс 5мм, велюр, арт.60082",Малярный и штукатурный инструмент>Валики малярные>Валики с ручкой
"Валик с бюгелем Rollingdog HI-SHEEN 180мм, ворс 5мм, велюр, арт.60085",Малярный и штукатурный инструмент>Валики малярные>Валики с ручкой
"Валик с бюгелем Rollingdog HI-SHEEN 230мм, ворс 5мм, велюр, арт.60086",Малярный и штукатурный инструмент>Валики малярные>Валики с ручкой
"Валик с бюгелем Rollingdog GLOSS-KING 100мм, поролон, арт.60104",Малярный и штукатурный инструмент>Валики малярные>Валики с ручкой
"Валик с бюгелем Rollingdog SUPER-MICRO 180мм, ворс 9.5мм, микрофибра, арт.60111",Малярный и штукатурный инструмент>Валики малярные>Валики с ручкой
"Валик с бюгелем Rollingdog SUPER-MICRO 230мм, ворс 9,5мм, микрофибра, арт.60112",Малярный и штукатурный инструмент>Валики малярные>Валики с ручкой
"Валик с бюгелем Rollingdog SUPER-MICRO 100мм, ворс 10мм, микрофибра, арт.60178",Малярный и штукатурный инструмент>Валики малярные>Валики с ручкой
"Валик с бюгелем Rollingdog MicroMax 180мм, ворс 12мм, микрофибра, арт.60207",Малярный и штукатурный инструмент>Валики малярные>Валики с ручкой
"Валик с бюгелем Rollingdog MicroMax 100мм, ворс 12мм, микрофибра, арт.60208",Малярный и штукатурный инструмент>Валики малярные>Валики с ручкой
"Валик с бюгелем Rollingdog 180мм, ворс 12мм, полиамид, арт.60211",Малярный и штукатурный инструмент>Валики малярные>Валики с ручкой
"Валик с бюгелем Rollingdog 50мм, ворс 12мм, полиамид, арт.60213",Малярный и штукатурный инструмент>Валики малярные>Валики с ручкой
"Валик с бюгелем Rollingdog 180мм, ворс 19мм, полиамид, арт.60215",Малярный и штукатурный инструмент>Валики малярные>Валики с ручкой
"Валик с бюгелем Rollingdog HI-SHEEN 100мм, ворс 5мм, велюр, арт.60247",Малярный и штукатурный инструмент>Валики малярные>Валики с ручкой
"Валик с поворотным бюгелем Rollingdog HI-SHEEN 100мм, ворс 6мм, велюр арт.60255",Малярный и штукатурный инструмент>Валики малярные>Валики с ручкой
"Валик с бюгелем Rollingdog 230мм, ворс 12мм, полиэстер/полиамид, арт.60258",Малярный и штукатурный инструмент>Валики малярные>Валики с ручкой
"Валик с бюгелем Rollingdog 100мм, ворс 12мм, полиэстер/полиамид, арт.60260",Малярный и штукатурный инструмент>Валики малярные>Валики с ручкой
"Набор валиков с бюгелем Rollingdog 100мм, ворс 12мм, полиэстер, арт.60269",Малярный и штукатурный инструмент>Валики малярные>Наборы
"Валик с бюгелем Rollingdog 180мм, ворс 12мм, полиэстер, арт.60271",Малярный и штукатурный инструмент>Валики малярные>Валики с ручкой
"Валик с бюгелем Rollingdog 230мм, ворс 12мм, полиэстер, арт.60273",Малярный и штукатурный инструмент>Валики малярные>Валики с ручкой
"Валик с бюгелем Rollingdog Super-Micro 100мм, ворс 9.5мм, микрофибра, арт.60278",Малярный и штукатурный инструмент>Валики малярные>Валики с ручкой
"Валик с бюгелем Rollingdog 100мм, ворс 12мм, полиэстер, арт.60287",Малярный и штукатурный инструмент>Валики малярные>Валики с ручкой
"Набор малярный Rollingdog (12 предметов), серия Professional, арт.70149",Малярный и штукатурный инструмент>Малярные наборы
"Набор малярный Rollingdog SMOOTH-PRO (5 предметов), серия Professional, арт.70167",Малярный и штукатурный инструмент>Малярные наборы
"Набор малярный Rollingdog GLOSS-KING (8 предметов), серия Professional, арт.70186",Малярный и штукатурный инструмент>Малярные наборы
"Набор малярный Rollingdog GLOSS-KING (8 предметов), серия Standard арт.70191",Малярный и штукатурный инструмент>Малярные наборы
"Набор малярный Rollingdog (10 предметов), серия Professional, арт.70203",Малярный и штукатурный инструмент>Малярные наборы
"Набор малярный Rollingdog PRO-ANGLE (9 предметов), серия Professional, арт.70205",Малярный и штукатурный инструмент>Малярные наборы
"Набор малярный Rollingdog (4 предмета), серия Standard, арт.70219",Бренды>Малярный инструмент ROLLINGDOG
"Набор малярный Rollingdog (4 предмета), серия Standard, арт.70222",Малярный и штукатурный инструмент>Малярные наборы
"Набор малярный Rollingdog (4 предмета), серия Standard, арт.70240",Малярный и штукатурный инструмент>Малярные наборы
"Набор малярный Rollingdog (18 предмета), серия Standard, арт.70249",Малярный и штукатурный инструмент>Малярные наборы
"Набор малярный Rollingdog (3 предмета), серия Standard, арт.70260",Малярный и штукатурный инструмент>Малярные наборы
"Набор малярный Rollingdog (3 предмета), серия Standard, арт.70261",Малярный и штукатурный инструмент>Малярные наборы
"Набор малярный Rollingdog (10 предметов), серия Standard, арт.70272",Малярный и штукатурный инструмент>Малярные наборы
"Укрывная пленка Rollingdog 366см x 274 см, арт.80028",Малярный и штукатурный инструмент>Пленки укрывные
"Укрывная пленка Rollingdog 366см x 274 см, арт.80029",Малярный и штукатурный инструмент>Пленки укрывные
"Укрывная ткань Rollingdog BLUE DEFENDER 122см x 457см, арт.80193",Малярный и штукатурный инструмент>Пленки укрывные
"Многофункциональная мешалка для перемешивания краски Rollingdog, арт.80221",Малярный и штукатурный инструмент>Кисти малярные>Аксессуары
"Защитный кейс для малярных кистей Rollingdog, арт.80344",Малярный и штукатурный инструмент>Кисти малярные>Аксессуары
"Защитный кейс для малярных валиков до 24см Rollingdog, арт.80650",Малярный и штукатурный инструмент>Валики малярные>Аксессуары
"Укрывное полотно Rollingdog CANVAS GUARD 122см x 366см, арт.80875",Малярный и штукатурный инструмент>Пленки укрывные
"Укрывное полотно Rollingdog CANVAS GUARD 274см x 336см, арт.80876",Малярный и штукатурный инструмент>Пленки укрывные
"Портативная открывалка банок с краской и бутылок Rollingdog, арт.80931",Малярный и штукатурный инструмент>Кисти малярные >Аксессуары
"Профессиональный рюкзак Rollingdog для малярного инструмента, арт.80999",Ручной инструмент
"Укрывная пленка Rollingdog 4м x 5м, арт.81374",Малярный и штукатурный инструмент>Пленки укрывные
"Держатель для малярной кисти Rollingdog (набор 2шт.), арт.81388",Малярный и штукатурный инструмент>Кисти малярные>Аксессуары
"Укрывная пленка Rollingdog WHITE- DEFENDER 152см x 305см, арт.81421",Малярный и штукатурный инструмент>Пленки укрывные
"Укрывная ткань Rollingdog BLUE DEFENDER 274см x 366см, арт.81430",Малярный и штукатурный инструмент>Пленки укрывные
"Укрывная пленка Rollingdog SURE- GUARD 274см x 366см, арт.81431",Малярный и штукатурный инструмент>Пленки укрывные
"Укрывная пленка Rollingdog NW-GUARD 152см x 305см, арт.81437",Малярный и штукатурный инструмент>Пленки укрывные
"Набор кистей Rollingdog 4/6/10мм, синтетика, серия Standard, арт.81440",Малярный и штукатурный инструмент>Кисти малярные>Наборы кистей
Набор шпателей для силикона и герметика 6.5R/10R/13R Rollingdog арт.81452,Акции на строительный инструмент
"Набор кистей Rollingdog 7/8/10/12/14мм, натуральная щетина, серия Standard, арт.81461",Малярный и штукатурный инструмент>Кисти малярные>Наборы кистей
"Набор инструментов Rollingdog 42 предмета, арт.81466",Ручной инструмент
"Сменные подушечки к аппликатору Rollingdog, синтетика, арт.90005",Малярный и штукатурный инструмент>Аппликаторы малярные
"Абразивная губка Rollingdog Р60, арт.90023",Малярный и штукатурный инструмент>Абразивные материалы
"Абразивная губка Rollingdog Р120, арт.90024",Малярный и штукатурный инструмент>Абразивные материалы
"Абразивная губка Rollingdog Р180, арт.90025",Малярный и штукатурный инструмент>Абразивные материалы
"Аппликатор малярный с регулируемым углом наклона ручки Rollingdog 18см, арт.90118",Малярный и штукатурный инструмент>Аппликаторы малярные
"Сменные подушечки к аппликатору Rollingdog 18см, синтетика, арт.90120",Малярный и штукатурный инструмент>Аппликаторы малярные
"Наждачная бумага Rollingdog 230х280мм, Р80 (набор 10 шт.), арт.90128",Бренды>Малярный инструмент ROLLINGDOG
"Наждачная бумага Rollingdog 230х280мм, Р180 (набор 10 шт.), арт.90129",Бренды>Малярный инструмент ROLLINGDOG
"Наждачная бумага Rollingdog 230х280мм, Р320 (набор 10 шт.), арт.90130",Бренды>Малярный инструмент ROLLINGDOG
"Аппликатор для внутренних углов с регулируемым углом наклона ручки Rollingdog, арт.90150",Малярный и штукатурный инструмент>Аппликаторы малярные
"Наждачная бумага Rollingdog 230х170мм, Р80 (набор 6 шт.), арт.90160",Малярный и штукатурный инструмент>Абразивные материалы>Шлифовальные листы
"Наждачная бумага Rollingdog 230х170мм, Р120 (набор 6 шт.), арт.90161",Бренды>Малярный инструмент ROLLINGDOG
"Наждачная бумага Rollingdog 230х170мм, Р240 (набор 6 шт.), арт.90162",Бренды>Малярный инструмент ROLLINGDOG
"Абразивная губка Rollingdog Р60, арт.90164",Малярный и штукатурный инструмент>Абразивные материалы
"Абразивная губка Rollingdog Р120, арт.90165",Малярный и штукатурный инструмент>Абразивные материалы
"Абразивная губка Rollingdog Р180, арт.90166",Малярный и штукатурный инструмент>Абразивные материалы
"Аппликатор малярный Rollingdog, арт.90167",Малярный и штукатурный инструмент>Аппликаторы малярные
"Набор валиков Rollingdog HI-SHEEN 100мм, 2шт, ворс 5мм, для бюгеля 8мм, велюр, арт.00125",Малярный и штукатурный инструмент>Валики малярные>Наборы
"Валик Rollingdog HI-SHEEN 180мм, ворс 5мм, для бюгеля 8мм, велюр арт.00126",Малярный и штукатурный инструмент>Валики малярные>Шубки (ролики)
"Валик Rollingdog SUPER-MICRO 180мм, ворс 9.5мм, для бюгеля 8мм, микрофибра, арт.00243",Малярный и штукатурный инструмент>Валики малярные>Шубки (ролики)
"Набор валиков Rollingdog SUPER-MICRO 100мм, 2шт, ворс 10мм, для бюгеля 6мм, микрофибра, арт.00244",Малярный и штукатурный инструмент>Валики малярные>Наборы
"Набор валиков Rollingdog GLOSS-KING 100мм, 2шт, для бюгеля 6мм, поролон, арт.00259",Малярный и штукатурный инструмент>Валики малярные>Наборы
"Набор валиков Rollingdog SUPER-MICRO 100мм, 10шт, ворс 10мм, для бюгеля 6мм, микрофибра, арт.00278",Малярный и штукатурный инструмент>Валики малярные>Наборы
"Набор валиков Rollingdog SUPER - EDGE 100мм, 2шт, для бюгеля 6мм, поролон, арт.00284",Малярный и штукатурный инструмент>Валики малярные>Наборы
"Валик Rollingdog High Density 180мм, ворс 12мм, для бюгеля 8мм, микрофибра, арт.00293",Малярный и штукатурный инструмент>Валики малярные>Шубки (ролики)
"Валик Rollingdog 180мм, ворс 12мм, для бюгеля 8мм, полиамид, арт.00297",Малярный и штукатурный инструмент>Валики малярные>Шубки (ролики)
"Набор валиков Rollingdog 50мм, 2шт, ворс 12мм, для бюгеля 6мм, полиамид, арт.00299",Малярный и штукатурный инструмент>Валики малярные>Наборы
"Валик Rollingdog 180мм, ворс 19мм, для бюгеля 8мм, полиамид, арт.00301",Малярный и штукатурный инструмент>Валики малярные>Шубки (ролики)
"Валик Rollingdog 250мм, ворс 18мм, для каркаса 38мм, полиамид арт.00304",Малярный и штукатурный инструмент>Валики малярные>Шубки (ролики)
"Набор валиков с бюгелем Rollingdog SUPER - EDGE 50мм, 2шт, поролон, арт.00351",Малярный и штукатурный инструмент>Валики малярные>Наборы
"Валик Rollingdog 230мм, ворс 9.5мм, для бюгеля 8мм, микрофибра, арт.00361",Малярный и штукатурный инструмент>Валики малярные>Шубки (ролики)
"Валик Rollingdog NYPOL 230мм, ворс 12мм, для бюгеля 8мм, полиэстер/полиамид, арт.00363",Малярный и штукатурный инструмент>Валики малярные>Шубки (ролики)
"Набор валиков Rollingdog NYPOL 100мм, 2шт, ворс 12мм, для бюгеля 6мм, полиэстер/полиамид, арт.00365",Малярный и штукатурный инструмент>Валики малярные>Наборы
"Набор валиков Rollingdog 100мм, 2шт, ворс 12мм, для бюгеля 6мм, микрофибра, арт.00369",Малярный и штукатурный инструмент>Валики малярные>Наборы
"Набор валиков Rollingdog Standard 100мм, 2шт, ворс 12мм, для бюгеля 6мм, полиэстер, арт.00370",Малярный и штукатурный инструмент>Валики малярные>Наборы
"Валик Rollingdog 180мм, ворс 12мм, для бюгеля 8мм, полиэстер, арт.00372",Малярный и штукатурный инструмент>Валики малярные>Шубки (ролики)
"Валик Rollingdog 230мм, ворс 12мм, для бюгеля 8мм, полиэстер, арт.00373",Малярный и штукатурный инструмент>Валики малярные>Шубки (ролики)
"Набор валиков Rollingdog 100мм, 2шт, ворс 9.5мм, для бюгеля 6мм, полиэстер, арт.00383",Малярный и штукатурный инструмент>Валики малярные>Наборы
"Валик Rollingdog 100мм, ворс 9.5мм, для каркаса 38мм, полиэстер, арт.00393",Малярный и штукатурный инструмент>Валики малярные>Шубки (ролики)
"Набор валиков Rollingdog 100мм, 3 шт, ворс 9.5мм, для каркаса 38мм, полиэстер, арт.00394",Малярный и штукатурный инструмент>Валики малярные>Наборы
"Валик Rollingdog TEXTURALL 230мм, текстурный, арт.00402",Малярный и штукатурный инструмент>Валики малярные>Шубки (ролики)
"Валик Rollingdog TEXTURALL 230мм, текстурный, арт.00403",Малярный и штукатурный инструмент>Валики малярные>Шубки (ролики)
"Валик Rollingdog 230мм, ворс 4мм, для каркаса 38мм, полиамид, арт.00410",Малярный и штукатурный инструмент>Валики малярные>Шубки (ролики)
"АГШК DLT №3, сверхгибкие, для сухой шлифовки, #30, 100мм, арт.2275",Инструмент для укладки плитки>Круг алмазный гибкий шлифовальный>АГШК #30
"Валик Rollingdog Standard 230мм, ворс 6мм, для каркаса 38мм, полиэстер, арт.00413",Малярный и штукатурный инструмент>Валики малярные>Шубки (ролики)
"Валик Rollingdog Standard 230мм, ворс 18мм, для каркаса 38мм, полиэстер, арт.00414",Малярный и штукатурный инструмент>Валики малярные>Шубки (ролики)
"Валик Rollingdog Standard 230мм, ворс 6мм, для бюгеля 6мм, полиэстер, арт.00415",Малярный и штукатурный инструмент>Валики малярные>Шубки (ролики)
"Валик Rollingdog Standard 230мм, ворс 18мм, для бюгеля 6мм, полиэстер, арт.00416",Малярный и штукатурный инструмент>Валики малярные>Шубки (ролики)
"Валик игольчатый Rollingdog 457мм, иглы 11мм, для каркаса 12мм, арт.00419",Малярный и штукатурный инструмент>Валики малярные>Шубки (ролики)
"Кисть Rollingdog 68мм, угловой срез, синтетика, серия Elite, арт.10095-P",Малярный и штукатурный инструмент>Кисти малярные>Плоские кисти>Угловой срез
"Кисть радиаторная Rollingdog 25мм, угловая, смешанная щетина, серия Standard, арт.10474G",Малярный и штукатурный инструмент>Кисти малярные>Радиаторные кисти
"Кисть радиаторная Rollingdog 35мм, угловая, смешанная щетина, серия Standard, арт.10475G",Малярный и штукатурный инструмент>Кисти малярные>Радиаторные кисти
"Кисть радиаторная Rollingdog 50мм, угловая, смешанная щетина, серия Standard, арт.10476G",Малярный и штукатурный инструмент>Кисти малярные>Радиаторные кисти
"Кисть радиаторная Rollingdog 60мм, угловая, смешанная щетина, серия Standard, арт.10477G",Малярный и штукатурный инструмент>Кисти малярные>Радиаторные кисти
"Кисть радиаторная Rollingdog 75мм, угловая, смешанная щетина, серия Standard, арт.10478G",Малярный и штукатурный инструмент>Кисти малярные>Радиаторные кисти
"Набор пластиковых шпателей Rollingdog 1.5/ 3/ 6"" (38/76/152мм), серия Standard, арт.50310G",Шпателя для механизированной шпатлевки>Малярные шпателя
"Набор валиков с бюгелем Rollingdog 50мм, поролон, арт.60031H",Малярный и штукатурный инструмент>Валики малярные>Наборы
"Открывалка для ведра с краской Rollingdog, арт.80927G",Малярный и штукатурный инструмент>Кисти малярные>Аксессуары
"Лопатка для перемешивания краски Rollingdog, арт.80991G",Малярный и штукатурный инструмент>Кисти малярные>Аксессуары
"Щетка проволочная Rollingdog, арт.81284G",Малярный и штукатурный инструмент>Щётки
"Брусок для абразивных губок Rollingdog, арт.90074G",Малярный и штукатурный инструмент>Абразивные материалы>Шлифовальные блоки и шайбы/наборы
"Щетка проволочная Rollingdog (набор 3шт.), арт.90088G",Малярный и штукатурный инструмент>Щётки
"Щетка проволочная Rollingdog, (набор 3шт.), арт.90089G",Малярный и штукатурный инструмент>Щётки
"Запасная плата управления для миксера строительного DLT R6406C/GrandFlex М64, арт.1980",Запчасти>Миксеры>DLT R6406C/GrandFlex М64
"Запасная прокладка корпуса для миксера строительного DLT R6406C/GrandFlex М64, арт.1981",Запчасти>Миксеры>DLT R6406C/GrandFlex М64
"Запасная крышка корпуса для миксера строительного DLT R6406C/GrandFlex М64, арт.1967",Запчасти>Миксеры>DLT R6406C/GrandFlex М64
"Запасная плата управления для миксера строительного DLT R6218/GrandFlex М62, арт.1982",Запчасти>Миксеры>DLT R6218/GrandFlex М62
"Запасные щетки двигателя для миксера строительного DLT R6218/GrandFlex М62, арт.1983",Запчасти>Миксеры>DLT R6218/GrandFlex М62
"Запасная прокладка корпуса для миксера строительного DLT R6218/GrandFlex М62, арт.1984",Запчасти>Миксеры>DLT R6218/GrandFlex М62
"Запасной двигатель для шлифмашины DLT R7202/GrandFlex V02, арт.1985",Запчасти>Шлифмашины ручные/жираф>DLT R7202/GrandFlex V02
"Запасной кожух для шлифмашины DLT R7234/GrandFlex V34, арт.2017",Запчасти>Шлифмашины ручные/жираф>DLT R7234/GrandFlex V34
"Запасная шестерня редуктора для шлифмашины DLT R7202/GrandFlex V02, арт.1987",Запчасти>Шлифмашины ручные/жираф>DLT R7202/GrandFlex V02
"Запасная прокладка шестерни редуктора для шлифмашины DLT R7202/GrandFlex V02, арт.1988",Запчасти>Шлифмашины ручные/жираф>DLT R7202/GrandFlex V02
"Набор алмазных фрез DLT для гравера, арт.1964",Алмазная оснастка>Алмазные диски>Алмазные диски для гравера
"Диск алмазный DLT №35 (SUPERPRO), 125мм, арт.1959",Алмазная оснастка>Алмазные диски>Алмазные диски по керамике/керамограниту/граниту/мрамору
"Алмазный гибкий шлифовальный круг DLT №18, #30, 100мм, арт.1954",Инструмент для укладки плитки>Круг алмазный гибкий шлифовальный>АГШК #30
"Алмазный гибкий шлифовальный круг DLT №18, #50, 100мм, арт.1955",Инструмент для укладки плитки>Круг алмазный гибкий шлифовальный>АГШК #50-60
"Алмазный гибкий шлифовальный круг DLT №18, #100, 100мм, арт.1956",Инструмент для укладки плитки>Круг алмазный гибкий шлифовальный>АГШК #100
"Алмазный гибкий шлифовальный круг DLT №18, #200, 100мм, арт.1957",Инструмент для укладки плитки>Круг алмазный гибкий шлифовальный>АГШК #200
"Алмазный гибкий шлифовальный круг DLT №18, #400, 100мм, арт.1958",Инструмент для укладки плитки>Круг алмазный гибкий шлифовальный>АГШК #400
"Алмазный гибкий шлифовальный круг DLT №19, #30, арт.1949",Инструмент для укладки плитки>Круг алмазный гибкий шлифовальный>АГШК #30
"Алмазный гибкий шлифовальный круг DLT №19, #50, арт.1950",Инструмент для укладки плитки>Круг алмазный гибкий шлифовальный>АГШК #50-60
"Алмазный гибкий шлифовальный круг DLT №19, #100, арт.1951",Инструмент для укладки плитки>Круг алмазный гибкий шлифовальный>АГШК #100
"Алмазный гибкий шлифовальный круг DLT №19, #200, арт.1952",Инструмент для укладки плитки>Круг алмазный гибкий шлифовальный>АГШК #200
"Алмазный гибкий шлифовальный круг DLT №19, #400, арт.1953",Инструмент для укладки плитки>Круг алмазный гибкий шлифовальный>АГШК #400
"Алмазный гибкий шлифовальный круг DLT №1, #30, 100мм, арт.1948",Инструмент для укладки плитки>Круг алмазный гибкий шлифовальный>АГШК #30
"Алмазный гальванический гибкий шлифовальный круг DLT №14, #30, арт.2258",Инструмент для укладки плитки>Круг алмазный гибкий шлифовальный>АГШК #30
"Алмазный гибкий шлифовальный круг DLT №15, #30, 100мм, арт.1946",Инструмент для укладки плитки>Круг алмазный гибкий шлифовальный>АГШК #30
"Притир ручной алмазный DLT #400, арт.1963",Инструмент для укладки плитки>Алмазные притиры>Р300-400
"Алмазный гибкий шлифовальный круг DLT №16, #400, 100мм, арт.1924",Инструмент для укладки плитки>Круг алмазный гибкий шлифовальный>АГШК #400
"Алмазный гибкий шлифовальный круг DLT №17, #400, 100мм, арт.1947",Инструмент для укладки плитки>Круг алмазный гибкий шлифовальный>АГШК #400
"Запасная пластиковая рамка для крепления щёток для шлифмашины DLT R7202/GrandFlex V02, арт.1989",Запчасти>Шлифмашины ручные/жираф>DLT R7202/GrandFlex V02
"Запасной двигатель для шлифмашины DLT R7237/GrandFlex V37, арт.2016",Запчасти>Шлифмашины ручные/жираф>DLT R7237/GrandFlex V37
"Запасная деталь корпуса для шлифмашины DLT R7303, арт.2008",Запчасти>Шлифмашины ручные/жираф>DLT R7303
"Запасные насадки для шланга, для шлифмашины DLT R7303, арт.2006",Запчасти>Шлифмашины ручные/жираф>DLT R7303
"Запасной модуль управления и плата для шлифмашины DLT R7303, арт.2633",Запчасти>Шлифмашины ручные/жираф>DLT R7303
"Запасные щетки двигателя для шлифмашины DLT R7237/GrandFlex V37, арт.2015",Запчасти>Шлифмашины ручные/жираф>DLT R7237/GrandFlex V37
"Запасная кнопка включения для шлифмашины DLT R7237/GrandFlex V37, арт.2013",Запчасти>Шлифмашины ручные/жираф>DLT R7237/GrandFlex V37
"Запасной регулятор скорости с модулем для шлифмашины DLT R7237/GrandFlex V37, арт.2010",Запчасти>Шлифмашины ручные/жираф>DLT R7237/GrandFlex V37
"Запасная щетка для шлифмашины DLT R7237/GrandFlex V37, длинная часть, арт.2014",Запчасти>Шлифмашины ручные/жираф>DLT R7237/GrandFlex V37
"Запасной гофрированный шланг для шлифмашины DLT R7237/GrandFlex V37, арт.2012",Запчасти>Шлифмашины ручные/жираф>DLT R7237/GrandFlex V37
"Запасной гофрированный шланг 4м для шлифмашины DLT R7237/GrandFlex V37, арт.2011",Запчасти>Шлифмашины ручные/жираф>DLT R7237/GrandFlex V37
"Запасной кожух для шлифмашины DLT R7237/GrandFlex V37, арт.2009",Запчасти>Шлифмашины ручные/жираф>DLT R7237/GrandFlex V37
"Запасной шланг гофрированный для шлифмашины DLT R7303, арт.2007",Запчасти>Шлифмашины ручные/жираф>DLT R7303
"Запасная кнопка включения с фиксатором для шлифмашины DLT R7202/GrandFlex V02, арт.1990",Запчасти>Шлифмашины ручные/жираф>DLT R7202/GrandFlex V02
"Запасной узел редуктора для шлифмашины DLT/MAX-XT R7503, арт.2003",Запчасти>Шлифмашины ручные/жираф>DLT R7503
"Запасная шестерня редуктора для шлифмашины DLT/MAX-XT R7503, арт.2001",Запчасти>Шлифмашины ручные/жираф>DLT R7503
"Запасные щетки двигателя для шлифмашины DLT/MAX-XT R7503, арт.1305",Запчасти>Шлифмашины ручные/жираф>DLT R7503
"Запасной регулятор скорости с модулем для шлифмашины DLT/MAX-XT R7503, арт.1998",Запчасти>Шлифмашины ручные/жираф>DLT R7503
"Запасная кнопка включения для шлифмашины DLT/MAX-XT R7503, арт.1997",Запчасти>Шлифмашины ручные/жираф>DLT R7503
"Запасная светодиодная рамка для шлифмашины DLT/MAX-XT R7503, арт.1996",Запчасти>Шлифмашины ручные/жираф>DLT R7503
"Запасная прокладка шестерни редуктора для шлифмашины DLT/MAX-XT R7503, арт.2002",Запчасти>Шлифмашины ручные/жираф>DLT R7503
"Запасной двигатель для шлифмашины DLT/MAX-XT R7503, арт.1999",Запчасти>Шлифмашины ручные/жираф>DLT R7503
"Запасная плата для шлифмашины DLT/MAX-XT R7503, арт.1995",Запчасти>Шлифмашины ручные/жираф>DLT R7503
"Запасной регулятор скорости с модулем для шлифмашины DLT R7202/GrandFlex V02, арт.1994",Запчасти>Шлифмашины ручные/жираф>DLT R7202/GrandFlex V02
"Запасной статор для шлифмашины DLT R7202/GrandFlex V02, арт.1993",Запчасти>Шлифмашины ручные/жираф>DLT R7202/GrandFlex V02
"Запасная лапка крепления для шлифмашины DLT R7202/GrandFlex V02, арт.1992",Запчасти>Шлифмашины ручные/жираф>DLT R7202/GrandFlex V02
"Запасной регулятор потока воздуха для шлифмашины DLT R7202/GrandFlex V02, арт.1991",Запчасти>Шлифмашины ручные/жираф>DLT R7202/GrandFlex V02
"Стенд алюминиевый, арт. 3597",Стеллажи для инструментов
"Запасной двигатель для шлифмашины DLT R7232/GrandFlex V32, арт.2034",Запчасти>Шлифмашины ручные/жираф>DLT R7232/GrandFlex V32
"Запасная щетка для шлифмашины DLT R7232/GrandFlex V32, длинная часть, арт.2032",Запчасти>Шлифмашины ручные/жираф>DLT R7232/GrandFlex V32
"Запасной гофрированный шланг для шлифмашины DLT R7232/GrandFlex V32, арт.2029",Запчасти>Шлифмашины ручные/жираф>DLT R7232/GrandFlex V32
"Запасной гофрированный шланг 4м для шлифмашины DLT R7232/GrandFlex V32, арт.2028",Запчасти>Шлифмашины ручные/жираф>DLT R7232/GrandFlex V32
"Запасная шестерня редуктора для шлифмашины DLT R7232/GrandFlex V32, арт.2035",Запчасти>Шлифмашины ручные/жираф>DLT R7232/GrandFlex V32
"Запасной гофрированный шланг 4м для шлифмашины DLT R7234/GrandFlex V34, арт.2019",Запчасти>Шлифмашины ручные/жираф>DLT R7234/GrandFlex V34
"Запасные щетки двигателя для шлифмашины DLT R7232/GrandFlex V32, арт.2033",Запчасти>Шлифмашины ручные/жираф>DLT R7232/GrandFlex V32
"Запасная щетка для шлифмашины DLT R7232/GrandFlex V32, короткая часть, арт.2031",Запчасти>Шлифмашины ручные/жираф>DLT R7232/GrandFlex V32
"Запасная кнопка включения для шлифмашины DLT R7232/GrandFlex V32, арт.2030",Запчасти>Шлифмашины ручные/жираф>DLT R7232/GrandFlex V32
"Запасной регулятор скорости с модулем для шлифмашины DLT R7232/GrandFlex V32, арт.2027",Запчасти>Шлифмашины ручные/жираф>DLT R7232/GrandFlex V32
"Запасной искрообразователь газового гвоздезабивного монтажного пистолета Toua GSN 50/ GSN 50C/GSN F1, арт.2706",Запчасти>Монтажные пистолеты>Toua GSN 50/50C
"Запасной двигатель для шлифмашины DLT R7234/GrandFlex V34, арт.2025",Запчасти>Шлифмашины ручные/жираф>DLT R7234/GrandFlex V34
"Запасная щетка для шлифмашины DLT R7234/GrandFlex V34, длинная часть, арт.2023",Запчасти>Шлифмашины ручные/жираф>DLT R7234/GrandFlex V34
"Запасные щетки двигателя для шлифмашины DLT R7234/GrandFlex V34, арт.2024",Запчасти>Шлифмашины ручные/жираф>DLT R7234/GrandFlex V34
"Запасная щетка для шлифмашины DLT R7234/GrandFlex V34, короткая часть, арт.2022",Запчасти>Шлифмашины ручные/жираф>DLT R7234/GrandFlex V34
Запчасти  Шлифмашины ручные/жираф  DLT R7234/GrandFlex V34,Запчасти>Шлифмашины ручные/жираф>DLT R7234/GrandFlex V34
"Запасной регулятор скорости с модулем для шлифмашины DLT R7234/GrandFlex V34, арт.2018",Запчасти>Шлифмашины ручные/жираф>DLT R7234/GrandFlex V34
"Запасной гофрированный шланг для шлифмашины DLT R7234/GrandFlex V34, арт.2020",Запчасти>Шлифмашины ручные/жираф>DLT R7234/GrandFlex V34
"Шпатель малярный BIHUI, 8 дюймов (200мм) из нержавеющей стали, арт.PTS8",Шпателя для механизированной шпатлевки>Малярные шпателя
"Шпатель малярный BIHUI, 10 дюймов (250мм) из нержавеющей стали, арт.PTS10",Шпателя для механизированной шпатлевки>Малярные шпателя
"Кейс и ручка для набора гребенок BIHUI, арт.PTSJHB",Бренды>BIHUI Tools Инструмент для укладки плитки Бихуэй (бихуй)
"Диск алмазный шлифовальный универсальный BIHUI, арт.DPF120",Алмазная оснастка>Алмазные диски>Чашки алмазные шлифовальные (алмазные фрезы)
"Система резки крупноформатной плитки DLT SLim Cutter-Plus, арт.1732",Плиткорезы ручные>Плиткорезы для крупноформатной плитки
"Электрический плиткорез для системы резки крупноформатной плитки DLT SLim Cutter-Plus, арт.1728",Плиткорезы электрические (камнерезы/мокрорезы)>Электрические плиткорезы для крупноформатной плитки
"Подкова для регулировки шва DLT 2.0мм, 200шт., арт.8016",Система выравнивания плитки (СВП)>СВП DLT
Наколенники строительные DLT арт.8142,Наколенники строительные
Наколенники строительные DLT арт.8143,Наколенники строительные
Шпатель полукруглый DLT арт.8145,Шпателя для механизированной шпатлевки>Малярные шпателя
"Набор запасных шпателей для DLT Silicone, (размер 3R), ОРАНЖЕВЫЕ, арт.1745",Инструмент для укладки плитки>Шпатели для силикона и герметика>Наборы запасных шпателей
"Набор запасных шпателей для DLT Silicone, (размер 4,5R), ОРАНЖЕВЫЕ, арт.1746",Инструмент для укладки плитки>Шпатели для силикона и герметика>Наборы запасных шпателей
"Набор запасных шпателей для DLT Silicone, (размер 6), ОРАНЖЕВЫЕ, арт.1749",Инструмент для укладки плитки>Шпатели для силикона и герметика>Наборы запасных шпателей
"Набор запасных шпателей для DLT Silicone, (размер 9), ОРАНЖЕВЫЕ, арт.1748",Инструмент для укладки плитки>Шпатели для силикона и герметика>Наборы запасных шпателей
"Набор запасных шпателей для DLT Silicone, (размер 12-red), КРАСНЫЕ, арт.1750",Инструмент для укладки плитки>Шпатели для силикона и герметика>Наборы запасных шпателей
"Набор запасных шпателей для DLT Silicone, (размер 2С-red), КРАСНЫЕ, арт.1751",Инструмент для укладки плитки>Шпатели для силикона и герметика>Наборы запасных шпателей
"Набор запасных шпателей для DLT Silicone, (размер 3С-red), КРАСНЫЕ, арт.1752",Инструмент для укладки плитки>Шпатели для силикона и герметика>Наборы запасных шпателей
"Набор запасных шпателей для DLT Silicone, (размер 4С-red), КРАСНЫЕ, арт.1753",Инструмент для укладки плитки>Шпатели для силикона и герметика>Наборы запасных шпателей
"Набор запасных шпателей для DLT Silicone, (размер 3R-red), КРАСНЫЕ, арт.1754",Инструмент для укладки плитки>Шпатели для силикона и герметика>Наборы запасных шпателей
"Набор запасных шпателей для DLT Silicone, (размер 4,5R-red), КРАСНЫЕ, арт.1755",Инструмент для укладки плитки>Шпатели для силикона и герметика>Наборы запасных шпателей
"Набор запасных шпателей для DLT Silicone, (размер 6R-red), КРАСНЫЕ, арт.1756",Инструмент для укладки плитки>Шпатели для силикона и герметика>Наборы запасных шпателей
"Набор запасных шпателей для DLT Silicone, (размер 6-red), КРАСНЫЕ, арт.1757",Инструмент для укладки плитки>Шпатели для силикона и герметика>Наборы запасных шпателей
"Набор запасных шпателей для DLT Silicone, (размер 9-red), КРАСНЫЕ, арт.1758",Инструмент для укладки плитки>Шпатели для силикона и герметика>Наборы запасных шпателей
"Набор шпателей для силикона DLT Silicone, комплект 18 насадок, арт.1744",Инструмент для укладки плитки>Шпатели для силикона и герметика>Шпатели и насадки
"Одинарная присоска DLT для гладкой поверхности, арт.8141",Инструмент для укладки плитки>Присоски для плитки и стекла>Обычные присоски
"Набор щеток для чистки на дрель шуруповерт DLT, 3шт, арт.1731",Инструмент для укладки плитки>Разное для укладки
Губка для затирки плитки DLT арт.1972,Бренды>Оборудование и приспособления для укладки плитки DLT
Набор шпателей для затирки герметика DLT арт.8139,Инструмент для укладки плитки>Шпатели для силикона и герметика>Шпатели и насадки
"Шпатели для силиконовых герметиков DLT, набор 5шт, арт.1733",Бренды>Оборудование и приспособления для укладки плитки DLT
"Набор целлюлозных губок для затирки DLT, арт.1729",Инструмент для укладки плитки>Губки
Набор губок для зачистки плитки DLT арт.1970,Инструмент для укладки плитки>Губки
"Запасные пластиковые крепления электрической каретки DLT SLim Cutter KIT-Plus, упаковка 10 штук, арт.1922",Запчасти>Электрические плиткорезы для крупноформатной плитки>DLT Slim Cutter KIT-Plus
"Запасные пластиковые крепления механической каретки DLT SLim Cutter KIT-Plus, упаковка 4 штуки, арт.1923",Запчасти>Системы резки крупноформата
"Набор запасных шпателей для DLT Silicone, (размер 6R), ОРАНЖЕВЫЕ, арт.1747",Акции на строительный инструмент
Набор шпателей для затирки герметика DLT арт.8138,Инструмент для укладки плитки>Шпатели для силикона и герметика>Шпатели и насадки
"Венчик (миксер) строительный D150xL700xM14 мм, арт.2261",Малярный и штукатурный инструмент>Венчики и насадки строительные
"Плиткорез электрический DLT OptiTronic Auto-1200 (версия PRO) с АВТОМАТИКОЙ (SHIJING 9033), арт.1838",Плиткорезы электрические (камнерезы/мокрорезы)>Плиткорезы DLT
"Зажим для выравнивания плитки (СВП) Profi Level Master 1,4 мм 300 шт, арт.2675",Система выравнивания плитки (СВП)>СВП Profi Level Master
"Кожух для гравера DLT G-100 (под быстрозажимной патрон), арт. 3590",Инструмент для укладки плитки>Кожухи для УШМ/Пылеуловители/Кондукторы
"Маяк для наливного пола 70 мм 3D KRESTIKI (50 шт.), арт.2717",Система выравнивания плитки (СВП)
"Гребенка для плитки DLT, 10мм, арт.1585",Инструмент для укладки плитки>Гребенки>Зуб 10мм
"Запасная ручка для плиткорезов DLT OPTIMA, арт.2438",Запчасти>Плиткорезы ручные
Набор алмазных коронок №12/TOP,Алмазная оснастка>Алмазные коронки для плитки>Наборы алмазных коронок
Набор алмазных коронок №14/TOP,Алмазная оснастка>Алмазные коронки для плитки>Наборы алмазных коронок
"Набор алмазных коронок №16/TOP, арт.2888",Алмазная оснастка>Алмазные коронки для плитки>Наборы алмазных коронок
Набор алмазных коронок №21/TOP,Алмазная оснастка>Алмазные коронки для плитки>Наборы алмазных коронок
Набор алмазных коронок №10/TOP,Алмазная оснастка>Алмазные коронки для плитки>Наборы алмазных коронок
"Запасной упор-держатель гильотины для резки ламината Magnusson 220, арт.3214",Запчасти>Гильотины
"Запасной ротор дрели алмазного сверления (бурения) KEN 6110B, арт.3535",Запчасти>Установки алмазного сверления
Набор алмазных коронок №20/TOP,Алмазная оснастка>Алмазные коронки для плитки>Наборы алмазных коронок
"Электрический плиткорез для крупноформатной плитки BIHUI — БЕЗ направляющей, арт.LFEC5, 5 поколение ",Плиткорезы электрические (камнерезы/мокрорезы)>Электрические плиткорезы для крупноформатной плитки
"Мешок-пылесборник для пылесоса DLT PL PRO/ PL208, многоразовый, арт.2352",Пылесосы строительные>Фильтры и мешки-пылесборники
"Пылесос строительный DLT PL PRO с авто очисткой (обновленная модель PL 208), арт. 0792",Пылесосы строительные>Пылесосы
"Наколенники строительные BIHUI, арт.BLKP",Наколенники строительные
"Коронка алмазная для керамогранита и камня DLT TOP, 6мм, арт.2087",Алмазная оснастка>Алмазные коронки для плитки>Алмазные коронки по керамограниту (вакуумная пайка)
"Коронка алмазная для керамогранита и камня DLT TOP, 70мм, арт.2107",Алмазная оснастка>Алмазные коронки для плитки>Алмазные коронки по керамограниту (вакуумная пайка)
"Коронка алмазная для керамогранита и камня DLT TOP, 68мм, арт.2106",Алмазная оснастка>Алмазные коронки для плитки>Алмазные коронки по керамограниту (вакуумная пайка)
"Коронка алмазная для керамогранита и камня DLT TOP, 60мм, арт.2105",Алмазная оснастка>Алмазные коронки для плитки>Алмазные коронки по керамограниту (вакуумная пайка)
"Коронка алмазная для керамогранита и камня DLT TOP, 55мм, арт.2104",Алмазная оснастка>Алмазные коронки для плитки>Алмазные коронки по керамограниту (вакуумная пайка)
"Коронка алмазная для керамогранита и камня DLT TOP, 50мм, арт.2103",Алмазная оснастка>Алмазные коронки для плитки>Алмазные коронки по керамограниту (вакуумная пайка)
"Коронка алмазная для керамогранита и камня DLT TOP, 45мм, арт.2102",Алмазная оснастка>Алмазные коронки для плитки>Алмазные коронки по керамограниту (вакуумная пайка)
"Коронка алмазная для керамогранита и камня DLT TOP, 40мм, арт.2101",Алмазная оснастка>Алмазные коронки для плитки>Алмазные коронки по керамограниту (вакуумная пайка)
"Коронка алмазная для керамогранита и камня DLT TOP, 38мм, арт.2100",Алмазная оснастка>Алмазные коронки для плитки>Алмазные коронки по керамограниту (вакуумная пайка)
"Коронка алмазная для керамогранита и камня DLT TOP, 18мм, арт.2094",Алмазная оснастка>Алмазные коронки для плитки>Алмазные коронки по керамограниту (вакуумная пайка)
"Коронка алмазная для керамогранита и камня DLT TOP, 8мм, арт.2088",Алмазная оснастка>Алмазные коронки для плитки>Алмазные коронки по керамограниту (вакуумная пайка)
"Коронка алмазная для керамогранита и камня DLT TOP, 35мм, арт.2099",Алмазная оснастка>Алмазные коронки для плитки>Алмазные коронки по керамограниту (вакуумная пайка)
"Коронка алмазная для керамогранита и камня DLT TOP, 32мм, арт.2098",Алмазная оснастка>Алмазные коронки для плитки>Алмазные коронки по керамограниту (вакуумная пайка)
"Коронка алмазная для керамогранита и камня DLT TOP, 28мм, арт.2097",Алмазная оснастка>Алмазные коронки для плитки>Алмазные коронки по керамограниту (вакуумная пайка)
"Коронка алмазная для керамогранита и камня DLT TOP, 25мм, арт.2096",Алмазная оснастка>Алмазные коронки для плитки>Алмазные коронки по керамограниту (вакуумная пайка)
"Коронка алмазная для керамогранита и камня DLT TOP, 20мм, арт.2095",Алмазная оснастка>Алмазные коронки для плитки>Алмазные коронки по керамограниту (вакуумная пайка)
"Коронка алмазная для керамогранита и камня DLT TOP, 16мм, арт.2093",Алмазная оснастка>Алмазные коронки для плитки>Алмазные коронки по керамограниту (вакуумная пайка)
"Коронка алмазная для керамогранита и камня DLT TOP, 15мм, арт.2092",Алмазная оснастка>Алмазные коронки для плитки>Алмазные коронки по керамограниту (вакуумная пайка)
"Коронка алмазная для керамогранита и камня DLT TOP, 14мм, арт.2091",Алмазная оснастка>Алмазные коронки для плитки>Алмазные коронки по керамограниту (вакуумная пайка)
"Коронка алмазная для керамогранита и камня DLT TOP, 12мм, арт.2090",Алмазная оснастка>Алмазные коронки для плитки>Алмазные коронки по керамограниту (вакуумная пайка)
"Коронка алмазная для керамогранита и камня DLT TOP,10мм, арт.2089",Алмазная оснастка>Алмазные коронки для плитки>Алмазные коронки по керамограниту (вакуумная пайка)
"Коронка алмазная для керамогранита и камня DLT TOP, 100мм, арт.2108",Алмазная оснастка>Алмазные коронки для плитки>Алмазные коронки по керамограниту (вакуумная пайка)
"Коронка алмазная для керамогранита и камня DLT TOP, 105мм, арт.2109",Алмазная оснастка>Алмазные коронки для плитки>Алмазные коронки по керамограниту (вакуумная пайка)
"Коронка алмазная для керамогранита и камня DLT TOP, 110мм, арт.2110",Алмазная оснастка>Алмазные коронки для плитки>Алмазные коронки по керамограниту (вакуумная пайка)
"Коронка алмазная для керамогранита и камня DLT TOP, 115мм, арт.2111",Алмазная оснастка>Алмазные коронки для плитки>Алмазные коронки по керамограниту (вакуумная пайка)
"Коронка алмазная для керамогранита и камня DLT TOP, 120мм, арт.2112",Алмазная оснастка>Алмазные коронки для плитки>Алмазные коронки по керамограниту (вакуумная пайка)
"Коронка алмазная для керамогранита и камня DLT TOP, 125мм, арт.2113",Алмазная оснастка>Алмазные коронки для плитки>Алмазные коронки по керамограниту (вакуумная пайка)
"Притир алмазный DLT, версия Standard, #100, арт.2119",Инструмент для укладки плитки>Алмазные притиры>Р100-120
"Диск алмазный DLT MINI VACUUM, 50мм, арт.2140",Алмазная оснастка>Алмазные диски>Универсальные шлифовально - отрезные алмазные диски
"Тарелка опорная DLT для алмазных черепашек Ø50мм (полиуретановая), ВАЖНО - концевик 6мм, арт.2139",Алмазная оснастка>Алмазные диски>Алмазные диски для гравера
"Алмазный барабанный диск DLT, #50 (только для мокрой шлифовки), арт.2122",Инструмент для укладки плитки>Круг алмазный гибкий шлифовальный>АГШК #50-60
"Алмазный гибкий шлифовальный круг для гравера DLT №50, #60, 50мм, арт.2126",Алмазная оснастка>Алмазные диски>Алмазные диски для гравера
"Венчик (миксер) строительный лепестковый D110xL440xВ8мм, арт.2260",Миксер строительный/дрель-миксер
"Алмазный барабанный диск DLT, #100 (только для мокрой шлифовки), арт.2123",Инструмент для укладки плитки>Круг алмазный гибкий шлифовальный>АГШК #100
"Алмазный барабанный диск DLT, #200 (только для мокрой шлифовки), арт.2124",Инструмент для укладки плитки>Круг алмазный гибкий шлифовальный>АГШК #200
"Алмазный барабанный диск DLT, #400 (только для мокрой шлифовки), арт.2125",Инструмент для укладки плитки>Круг алмазный гибкий шлифовальный>АГШК #400
"Алмазный гибкий шлифовальный круг для гравера, DLT №52, #200, 50мм, арт.2136",Алмазная оснастка>Алмазные диски>Алмазные диски для гравера
"Пылесос промышленный BIHUI, арт.VCM35",Пылесосы строительные>Пылесосы
"Запасной фиксатор крепления боковой линейки для электрического плиткореза DLT, SHIJING, арт.1616",Запчасти>Плиткорезы электрические
"Запасная боковая деталь крепления и регулировки наклона электрического плиткореза DLT, SHIJING, арт.2659",Запчасти>Плиткорезы электрические
"Запасная боковая деталь крепления направляющих электрического плиткореза DLT OptiTronic Auto (версия PRO), ЛЕВАЯ, арт. 3604L",Запчасти>Плиткорезы электрические>DLT OptiTronic Auto (версия PRO)
"Притир алмазный DLT, версия PRO, #400, арт.2117",Инструмент для укладки плитки>Алмазные притиры>Р300-400
"Притир алмазный DLT, версия PRO, #100, арт.2115",Инструмент для укладки плитки>Алмазные притиры>Р100-120
"Притир алмазный DLT, версия PRO, #200, арт.2116",Инструмент для укладки плитки>Алмазные притиры>Р200
"Притир алмазный DLT, версия PRO, #50, арт.2114",Инструмент для укладки плитки>Алмазные притиры>Р50-60
"Алмазный гибкий шлифовальный круг для гравёра DLT №52, #400, 50мм, арт.2137",Алмазная оснастка>Алмазные диски>Алмазные диски для гравера
"Алмазный гибкий шлифовальный круг для гравера DLT №50, #100, 50мм, арт.2127",Алмазная оснастка>Алмазные диски>Алмазные диски для гравера
"Алмазный гибкий шлифовальный круг для гравера DLT №52, #100, 50мм, арт.2135",Алмазная оснастка>Алмазные диски>Алмазные диски для гравера
"Алмазный гибкий шлифовальный круг для гравера DLT №52, #50, 50мм, арт.2134",Алмазная оснастка>Алмазные диски>Алмазные диски для гравера
"Алмазный гибкий шлифовальный круг для гравера DLT №51, #400, 50мм, арт.2133",Алмазная оснастка>Алмазные диски>Алмазные диски для гравера
"Алмазный гибкий шлифовальный круг для гравера DLT №51, #200, 50мм, арт.2132",Алмазная оснастка>Алмазные диски>Алмазные диски для гравера
"Алмазный гибкий шлифовальный круг для гравера DLT №51, #100, 50мм, арт.2131",Алмазная оснастка>Алмазные диски>Алмазные диски для гравера
"Алмазный гибкий шлифовальный круг для гравера DLT №51, #50, 50мм, арт.2130",Алмазная оснастка>Алмазные диски>Алмазные диски для гравера
"Алмазный гибкий шлифовальный круг для гравера DLT №50, #400, 50мм, арт.2129",Алмазная оснастка>Алмазные диски>Алмазные диски для гравера
"Алмазный гибкий шлифовальный круг для гравера DLT №50, #200, 50мм, арт.2128",Алмазная оснастка>Алмазные диски>Алмазные диски для гравера
"Притир алмазный DLT, версия Standard, #50, арт.2118",Инструмент для укладки плитки>Алмазные притиры>Р50-60
"Притир алмазный DLT, версия Standard, #200, арт.2120",Инструмент для укладки плитки>Алмазные притиры>Р200
"Притир алмазный DLT, версия Standard, #400, арт.2121",Инструмент для укладки плитки>Алмазные притиры>Р300-400
"Разделительная мембрана для плитки с теплым полом DLT, рулон 1*10 м (10 м²), арт.3572",Инструмент для укладки плитки>Разделительные гидроизоляционные мембраны
"Кожух для Proxxon, арт.1372",Акции на строительный инструмент
Набор алмазных коронок №22/TOP,Инструмент для укладки плитки>Алмазные коронки для плитки>Наборы алмазных коронок
"Кисть Rollingdog PT-1000 квадратная, полиэстер, серия Professional, арт.10246",Малярный и штукатурный инструмент>Кисти малярные>Фигурные кисти
"Кисть Rollingdog W1000 50мм, угловой срез, полиэстер, серия Standard, арт.10286",Малярный и штукатурный инструмент>Кисти малярные>Плоские кисти>Угловой срез
"Набор опор столешниц для подстолья DLT Сороконожка 1,5м старой версии (9шт), арт.2602",Инструмент для укладки плитки>Строительные столы/верстаки/подстолья
"Инструмент для формирования внешнего угла из эпоксидной затирки УД-2 (уголок Дикого), арт. 2839",Инструмент для укладки плитки>Разное для укладки
"Кисть макловица Rollingdog ST1000 30x70мм, синтетика, серия Elite, арт.10321",Акции на строительный инструмент
"Кисть макловица Rollingdog ST1000 30x100мм, синтетика, серия Elite, арт.10322",Акции на строительный инструмент
"Кисть макловица Rollingdog ST1000 30x120мм, синтетика, серия Elite, арт.10323",Акции на строительный инструмент
"Кисть макловица Rollingdog ST1000 50x150мм, синтетика, серия Elite, арт.10325",Акции на строительный инструмент
"Кисть Rollingdog W1000 38мм, угловой срез, полиэстер, серия Standard, арт.10540",Малярный и штукатурный инструмент>Кисти малярные>Плоские кисти>Угловой срез
"Кисть макловица поворотная Rollingdog PRO-ANGLE 30х120мм, синтетика, серия Professional, арт.10569",Малярный и штукатурный инструмент>Кисти малярные>Кисти макловицы
"Кисть макловица поворотная Rollingdog PRO-ANGLE 30х120мм, синтетика, серия Professional, арт.10574",Малярный и штукатурный инструмент>Кисти малярные>Кисти макловицы
"Кисть макловица Rollingdog L100 40х140мм, синтетика, серия Standard, арт.10645",Малярный и штукатурный инструмент>Кисти малярные>Кисти макловицы
"Кисть макловица Rollingdog L100 50х150мм, синтетика, серия Standard, арт.10646",Малярный и штукатурный инструмент>Кисти малярные>Кисти макловицы
"Кисть Rollingdog BTX500 20мм, прямой срез, смешанная щетина, серия Elite, арт.10658",Малярный и штукатурный инструмент>Кисти малярные>Плоские кисти>Прямой срез
"Кисть Rollingdog BTX500 30мм, прямой срез, смешанная щетина, серия Elite, арт.10659",Малярный и штукатурный инструмент>Кисти малярные>Плоские кисти>Прямой срез
"Кисть Rollingdog BTX500 40мм, прямой срез, смешанная щетина, серия Elite, арт.10660",Малярный и штукатурный инструмент>Кисти малярные>Плоские кисти>Прямой срез
"Кисть Rollingdog BTX500 100мм, прямой срез, смешанная щетина, серия Elite, арт.10663",Малярный и штукатурный инструмент>Кисти малярные>Плоские кисти>Прямой срез
"Кисть Rollingdog Design 20мм, прямой срез, натуральная щетина, серия Professional, арт.10675",Малярный и штукатурный инструмент>Кисти малярные>Плоские кисти>Прямой срез
"Кисть Rollingdog Design 30мм, прямой срез, натуральная щетина, серия Professional, арт.10676",Малярный и штукатурный инструмент>Кисти малярные>Плоские кисти>Прямой срез
"Кисть Rollingdog Design 40мм, прямой срез, натуральная щетина, серия Professional, арт.10677",Малярный и штукатурный инструмент>Кисти малярные>Плоские кисти>Прямой срез
"Кисть Rollingdog Design 50мм, прямой срез, натуральная щетина, серия Professional, арт.10678",Малярный и штукатурный инструмент>Кисти малярные>Плоские кисти>Прямой срез
"Кисть Rollingdog Design 100мм, прямой срез, натуральная щетина, серия Professional, арт.10679",Малярный и штукатурный инструмент>Кисти малярные>Плоские кисти>Прямой срез
"Кисть Rollingdog Design 35мм, овальная, смешанная щетина, серия Professional, арт.10685",Акции на строительный инструмент
"Кисть Rollingdog Design 40мм, овальная, смешанная щетина, серия Professional, арт.10686",Акции на строительный инструмент
"Кисть Rollingdog Design 45мм, овальная, смешанная щетина, серия Professional, арт.10687",Акции на строительный инструмент
"Кисть с короткой ручкой Rollingdog Design 38мм, круглая, смешанная щетина, серия Professional, арт.10688",Бренды>Малярный инструмент ROLLINGDOG
"Набор филеночных кистей Rollingdog Design 6/12/18/25мм, синтетика, серия Professional, арт.10689",Малярный и штукатурный инструмент>Кисти малярные>Наборы кистей
"Кисть радиаторная Rollingdog Design 63мм, угловая, смешанная щетина, серия Professional, арт.10693",Акции на строительный инструмент
"Кисть радиаторная Rollingdog Design 75мм, угловая, смешанная щетина, серия Professional, арт.10694",Акции на строительный инструмент
"Кисть с короткой ручкой Rollingdog Design 75мм, прямой срез, смешанная щетина, серия Professional, арт.10695",Акции на строительный инструмент
"Кисть с короткой ручкой Rollingdog Design 100мм, прямой срез, смешанная щетина, серия Professional, арт.10696",Малярный и штукатурный инструмент>Кисти малярные>Плоские кисти>Прямой срез
"Набор кистей Rollingdog X1000 25/38/50/50/63мм, полиэстер, серия Professional, арт.10714",Бренды>Малярный инструмент ROLLINGDOG
"Запасные винты крепления кожуха для шлифмашины DLT, арт.1111",Запчасти>Шлифмашины ручные/жираф
"Запасная плата управления шлифмашины DLT KS-01-150-50, арт.1117",Запчасти>Шлифмашины ручные/жираф>DLT KS-01-150-50
"Гидроизоляционное полотно DLT (оранжевое), 300 г/см², рулон 1*15 м (15 м²), арт.3573",Инструмент для укладки плитки>Разделительные гидроизоляционные мембраны
"Запасной упор-держатель гильотины для резки ламината Magnusson 320, арт.3215",Запчасти>Гильотины
"Набор направляющих для стяжки BIHUI, арт.TASES6",Акции на строительный инструмент
"Запасной электродвигатель для плиткореза DLT OptiTronic (версия PRO), SHIJING (9033, 9063), арт.1224",Запчасти>Плиткорезы электрические>DLT OptiTronic Auto (версия PRO)
"Зажим для системы выравнивания плитки (СВП) BIHUI 1мм, 100шт, арт.BLS1100",Система выравнивания плитки (СВП)>СВП BIHUI
" Универсальный набор для работы с плиткой BIHUI (12 предметов), арт.PTSCK12 ",Плиткорезы ручные
"Расшивка каменщика BIHUI 8мм, арт.BTCHT08",Инструмент для укладки плитки>Расшивки каменщика
"Расшивка каменщика BIHUI 10мм, арт.BTCHT10",Инструмент для укладки плитки>Расшивки каменщика
"Расшивка каменщика BIHUI 12мм, арт.BTCHT12",Инструмент для укладки плитки>Расшивки каменщика
"Коронка-фреза алмазная для плитки BIHUI 10-25мм, #50/60, арт.DM4N1",Алмазная оснастка>Алмазные коронки для плитки>Пальчиковые алмазные фрезы (шарошки)
"Набор присосок для направляющей системы резки широкоформатной плитки BIHUI 4шт., арт.LFRS-SC",Запчасти>Системы резки крупноформата
"Аккумулятор BIHUI, 2000 мА·ч, 21 В, для виброприсоски для укладки плитки, арт.LFTBA-BAT",Запчасти>Присоски вибро>BIHUI
"Насадка для смесителя (миксера) BIHUI, арт.MPPS400",Малярный и штукатурный инструмент>Венчики и насадки строительные
"Запасная верхняя часть корпуса гравера DLT G-100, арт.1182",Запчасти>Граверы
"Запасная соединительная планка плиткореза для керамогранита большого формата Rubi Slim System Cutter PLUS, арт.2919",Запчасти>Системы резки крупноформата
"Запасной ротор двигателя гравера DLT G-100, арт.1402",Запчасти>Граверы
"Гребенка BIHUI 320*120мм, зуб 6мм, арт.PTSL06",Инструмент для укладки плитки>Гребенки>Зуб 3-6мм
"Сопло HYVST (тип Graco RAC-V) №515, арт.GVTIP515",Окрасочные аппараты и аксессуары
"Гребенка BIHUI 320*120мм, зуб 8мм, арт.PTSL08",Инструмент для укладки плитки>Гребенки>Зуб 8мм
"Гребенка BIHUI 320*120мм, зуб 10мм, арт.PTSL10",Инструмент для укладки плитки>Гребенки>Зуб 10мм
"Гребенка BIHUI 320*120мм, зуб 12мм, арт.PTSL12",Инструмент для укладки плитки>Гребенки>Зуб 12мм
"Гребенка BIHUI 320*120мм, зуб «Тигровый коготь», арт.PTSLTG",Акции на строительный инструмент
"Кондуктор (шаблон) BIHUI для алмазных коронок, арт.DBGV",Алмазная оснастка>Алмазные коронки для плитки>Аксессуары для алмазных коронок
"Запасной вал привода электрического плиткореза DLT, SHIJING, арт.2660",Запчасти>Плиткорезы электрические
"Инструмент для раскатки мембраны под плитку BIHUI, арт.UMR330",Бренды>BIHUI Tools Инструмент для укладки плитки Бихуэй (бихуй)
"Запасная пластиковая решетка для кюветы BIHUI, арт.TWS19G",Малярный и штукатурный инструмент>Ведра и кюветы
"Кронштейн 3Н К470, арт.3209",Стеллажи для инструментов
"Запасные пластиковые ролики для кюветы BIHUI, арт.TWS19R",Малярный и штукатурный инструмент>Ведра и кюветы
"Складной деревянный метр BIHUI, арт.TFR20",Плиткорезы ручные
"Направляющая для систем резки широкоформатной плиты BIHUI, арт.LFRS5, 5 поколение",Плиткорезы ручные>Плиткорезы BIHUI
"Запасной редуктор гравера DLT G-100, арт.0741",Акции на строительный инструмент
"Электрический плиткорез для крупноформатной плитки BIHUI (рез до 3.2м), 5 поколение, арт.LFEC5MR ",Плиткорезы электрические (камнерезы/мокрорезы)>Электрические плиткорезы для крупноформатной плитки
"Резиновая киянка RUBI, арт.66945",Инструмент для укладки плитки>Киянки резиновые
"Запасные щетки электродвигателя для плиткореза BIHUI, арт.TCSA1200-14 ",Плиткорезы ручные
"Плиткорез ручной RUBI CHEETAH-1200 (Гепард), рез до 1200мм, арт.27906",Плиткорезы ручные>Плиткорезы RUBI
"Гвоздодер BIHUI 100мм, арт.FTP100",Шпателя для механизированной шпатлевки>Многофункц. шпатели (скребки)
"Регулируемые щипцы для системы выравнивания плитки (СВП) BIHUI, арт.BLSFP ",Система выравнивания плитки (СВП)>СВП BIHUI
"Клин для системы выравнивания плитки (СВП) BIHUI 100шт, арт.BLSE100 ",Система выравнивания плитки (СВП)>СВП BIHUI
"Запасной насос (помпа) для плиткореза BIHUI, арт.TCSA1200-08 ",Бренды>BIHUI Tools Инструмент для укладки плитки Бихуэй (бихуй)
"База с ножкой Н160 К470, арт.2084",Стеллажи для инструментов
"Набор: строительный карандаш DLT + 6 сменных стержней, (ЗЕЛЕНЫЙ), арт.2429",Бренды>Оборудование и приспособления для укладки плитки DLT
"Кювета для краски/крышка для ведра Rollingdog THE MOLOSSUS 18” (457мм), серия Elite, арт.20082 ",Малярный и штукатурный инструмент>Малярные ванночки и кюветы
"Телескопический удлинитель Rollingdog K-9 70-120 см, резьба, алюминий, серия Elite, арт.40078",Малярный и штукатурный инструмент>Шпатели/адаптеры/удлинители
"Телескопический удлинитель Rollingdog K-9 110-200 см, резьба, алюминий, серия Elite, арт.40079",Малярный и штукатурный инструмент>Шпатели/адаптеры/удлинители
"Набор: строительный карандаш DLT + 6 сменных стержней, (КРАСНЫЙ), арт.2430",Акции на строительный инструмент
"Запасная боковая деталь крепления направляющей электрического плиткореза DLT, SHIJING, арт.2661",Запчасти>Плиткорезы электрические>DLT OptiTronic
"Запасная зубчатая направляющая для электрического плиткореза DLT, SHIJING, арт.2662",Запчасти>Плиткорезы электрические>DLT OptiTronic
"Запасная деталь крепления направляющей плиткореза DLT MAXLINE, арт.2657",Запчасти>Плиткорезы ручные
"Выдвижной универсальный строительный нож Rollingdog лезвие 18мм, серия Professional, арт.50087",Малярный и штукатурный инструмент>Ножи малярные и лезвия к ним
"Выдвижной универсальный строительный нож Rollingdog лезвие 19мм, серия Professional, арт.50086",Акции на строительный инструмент
"Система ручной резки для широкоформатной плиты BIHUI (рез до 3.2м), 5 поколение, арт.LFMC5S",Плиткорезы ручные>Плиткорезы BIHUI
"Гребенка Rollingdog 280х115мм, зуб 4мм, серия Professional, арт.50101",Шпателя для механизированной шпатлевки>Зубчатые шпатели (гребенки)
"Гребенка Rollingdog 280х115мм, зуб тигровый коготь, серия Professional, арт.50144",Акции на строительный инструмент
"Гребенка Rollingdog 280х115мм, зуб полукруг, серия Professional, арт.50145",Шпателя для механизированной шпатлевки>Зубчатые шпатели (гребенки)
"Гребенка Rollingdog 280x115мм, зуб 10мм, серия Professional, арт.50146",Шпателя для механизированной шпатлевки>Зубчатые шпатели (гребенки)
"Терка строительная для снятия штукатурки Rollingdog 250х145мм, серия Professional, арт.50295",Малярный и штукатурный инструмент>Тёрки для отделочных работ
"Набор скребков Rollingdog (14 предметов), серия Professional, арт.50419",Акции на строительный инструмент
"Скребок с 10 сменными лезвиями Rollingdog, серия Professional, арт.50485",Бренды>Малярный инструмент ROLLINGDOG
"Венецианская кельма Rollingdog DOBERMAN 200х75мм, серия Elite, арт.50489",Малярный и штукатурный инструмент>Кельмы для декоративной отделки
"Венецианская кельма Rollingdog DOBERMAN 200х105х84мм, трапециевидная, серия Elite, арт.50490",Малярный и штукатурный инструмент>Кельмы для декоративной отделки
"Фасадный шпатель Rollingdog 250мм, серия Standard, арт.50510",Шпателя для механизированной шпатлевки>Фасадные шпателя
"Малярный шпатель Rollingdog 35см, сменное лезвие, серия Elite, арт.50517",Акции на строительный инструмент
"Малярный шпатель Rollingdog 45см, сменное лезвие, серия Elite, арт.50518",Шпателя для механизированной шпатлевки>Шпателя для механизированного нанесения
"Складной выдвижной строительный нож Rollingdog лезвие 19мм, серия Professional, арт.50522",Акции на строительный инструмент
"Набор малярный Rollingdog (10 предметов), серия Standard, арт.70286",Малярный и штукатурный инструмент>Малярные наборы
"Укрывное полотно на малярной ленте Rollingdog WASHI-SHIELD 8 мкм, 55см x 30м, арт.81449",Малярный и штукатурный инструмент>Пленки укрывные
" Укрывное полотно на малярной ленте Rollingdog WASHI-SHIELD 8мкм, 150см x 30м, арт.81450",Малярный и штукатурный инструмент>Пленки укрывные
"Самоклеящееся укрывное полотно Rollingdog 76 мкм, 50см х 30м, арт.81458",Бренды>Малярный инструмент ROLLINGDOG
"Набор для шлифовки внутренних углов Rollingdog №3 (9 предметов), соединение защелка/конус, серия Elite, арт.90152",Малярный и штукатурный инструмент>Абразивные материалы>Шлифовальные блоки и шайбы/наборы
"Набор для ручной шлифовки Rollingdog SURFEX №1 (9 предметов), соединение защелка/конус, серия Elite, арт.90154",Малярный и штукатурный инструмент>Абразивные материалы>Шлифовальные блоки и шайбы/наборы
"Набор для ручной шлифовки Rollingdog SURFEX №2 (9 предметов), соединение защелка/конус, серия Elite, арт.90156",Малярный и штукатурный инструмент>Абразивные материалы>Шлифовальные блоки и шайбы/наборы
"Аппликатор малярный с регулируемым углом наклона ручки Rollingdog PRO-ANGLE, арт.90180",Малярный и штукатурный инструмент>Аппликаторы малярные
"Валик с бюгелем Rollingdog HI-SHEEN 100мм, ворс 5мм, синтетика, арт.60070",Малярный и штукатурный инструмент>Валики малярные
"Валик Rollingdog TEXTURALL 230мм, для бюгеля 8мм, текстурный, арт.00405",Малярный и штукатурный инструмент>Валики малярные>Шубки (ролики)
"Валик Rollingdog TEXTURALL 230мм, для бюгеля 8мм, текстурный, арт.00406",Малярный и штукатурный инструмент>Валики малярные>Шубки (ролики)
"Стойка рекламная Rollingdog, нижняя часть, арт.DP-05T",Бренды>Малярный инструмент ROLLINGDOG
"Стойка рекламная Rollingdog, верхнаяя часть, арт.DP-05TT",Бренды>Малярный инструмент ROLLINGDOG
"Зажим для системы выравнивания плитки (СВП) BIHUI 1,5мм, 100шт, арт.BLS2100 ",Система выравнивания плитки (СВП)>СВП BIHUI
"Набор СВП BIHUI (клин+зажим+щипцы) 1,5мм, 100шт, арт.BLSK2 ",Система выравнивания плитки (СВП)>СВП BIHUI
"Диск для скругления плитки BIHUI Ø75мм, толщина 15мм, #50, арт.DGW315",Алмазная оснастка>Алмазные диски>Алмазные диски для скругления и ступеней
"Система ручной резки для широкоформатной плиты BIHUI - БЕЗ направляющей, арт.LFMC5, 5 поколение ",Плиткорезы ручные>Плиткорезы для крупноформатной плитки
"Ручной плиткорез RUBI X-ONE 65 (рез до 650мм), арт.14926",Плиткорезы ручные>Плиткорезы RUBI
"Насадка для смесителя (миксера) BIHUI, арт.MS1900-MP",Малярный и штукатурный инструмент>Венчики и насадки строительные
"Зажим для системы выравнивания плитки (СВП) BIHUI 2мм, 100шт, арт.BLSN100",Система выравнивания плитки (СВП)>СВП BIHUI
"Зажим для системы выравнивания плитки (СВП) BIHUI 1мм, 100шт, арт.SL1100",Система выравнивания плитки (СВП)>СВП BIHUI
"Зажим для системы выравнивания плитки (СВП) BIHUI 1,5мм, 100шт, арт.SL2100",Система выравнивания плитки (СВП)>СВП BIHUI
"Запасные фиксаторы для системы выравнивания плитки (СВП) BIHUI 100шт, арт.SLC100",Система выравнивания плитки (СВП)>СВП BIHUI
"Защитная пластина для системы выравнивания плитки (СВП) BIHUI 100шт, арт.SLW100",Система выравнивания плитки (СВП)>СВП BIHUI
"Кейс для инструментов DLT, арт.320392",Ящики для инструмента/Модульные системы
"Кисть Rollingdog 15мм, круглая, синтетика, серия Standard, арт.10717",Малярный и штукатурный инструмент>Кисти малярные>Фигурные кисти
"Кисть Rollingdog BX1000 12мм, прямой срез, полиэстер, серия Professional, арт.10730",Малярный и штукатурный инструмент>Кисти малярные
"Кисть макловица Rollingdog K9 50х175мм, синтетика, серия Elite, арт.10732",Бренды>Малярный инструмент ROLLINGDOG
"Кисть Rollingdog SE1000 75мм, угловой срез, полиэстер, серия Standard, арт.10733",Малярный и штукатурный инструмент>Кисти малярные
"Кисть Rollingdog PT-1000 25мм, круглая, полиэстер, серия Professional, арт.10734",Малярный и штукатурный инструмент>Кисти малярные
"Кисть Rollingdog PT-1000 25мм, круглая, полиэстер, серия Professional, арт.10735",Малярный и штукатурный инструмент>Кисти малярные
"Кювета для краски Rollingdog 4” (100мм), серия Professional, арт.20009",Акции на строительный инструмент
"Кювета для краски Rollingdog Sturdy King 12” (300мм), серия Professional, арт.20014",Акции на строительный инструмент
"Кювета для краски Rollingdog Paint Pal 4” (100мм), серия Professional, арт.20036",Акции на строительный инструмент
"Кювета для краски Rollingdog Tray King 12” (300мм), серия Professional, арт.20039",Акции на строительный инструмент
"Многоразовый чехол для валиков Rollingdog Paint Pal 110мм, серия Professional, арт.20078",Малярный и штукатурный инструмент>Валики малярные>Аксессуары
"Мешалка для краски Rollingdog 26см, серия Elite, арт.20119",Малярный и штукатурный инструмент>Ведра и кюветы
"Набор вкладышей для малярной кюветы Rollingdog 18” (457мм), 5 шт, серия Elite, арт.20127",Акции на строительный инструмент
"Бюгель регулируемый Rollingdog 30-46см, конус, серия Elite, арт.30105",Малярный и штукатурный инструмент>Валики малярные>Бюгельные ручки
"Бюгель регулируемый Rollingdog 23-31 см, конус, серия Professional, арт.30107",Малярный и штукатурный инструмент>Валики малярные>Бюгельные ручки
"Бюгель регулируемый Rollingdog 23-31 см, резьба, серия Professional, арт.30108",Малярный и штукатурный инструмент>Валики малярные>Бюгельные ручки
"Бюгель регулируемый Rollingdog K-9 30-46см, резьба, серия Elite, арт.30116",Малярный и штукатурный инструмент>Валики малярные>Бюгельные ручки
"Бюгель Rollingdog K-9 230мм, Ø38мм, серия Elite, арт.30117",Малярный и штукатурный инструмент>Валики малярные>Бюгельные ручки
"Бюгель Rollingdog 457мм, резьба, серия Elite, арт.30124",Малярный и штукатурный инструмент>Валики малярные>Бюгельные ручки
"Удлинитель Rollingdog ELITE XTENDER 78-135 см, карбоновый, серия Elite, арт.40032",Шпателя для механизированной шпатлевки>Шпателя для механизированного нанесения
"Удлинитель Rollingdog ELITE XTENDER 123-400 см, карбоновый, серия Elite, арт.40054",Шпателя для механизированной шпатлевки>Шпателя для механизированного нанесения
"Удлинитель Rollingdog XTENDER 100-400 см, карбоновый, конус, серия Elite, арт.40055",Акции на строительный инструмент
"Удлинитель Rollingdog XTENDER 167-300 см, карбоновый, конус, серия Elite, арт.40056",Акции на строительный инструмент
"Набор распорных штанг для пылезащитного барьера Rollingdog 140-330см, 2шт, серия Professional, арт.40084",Инструмент для укладки плитки>Распорные штанги
"Набор сменных трапециевидных лезвий для ножа Rollingdog 19мм, 10шт, арт.50065",Акции на строительный инструмент
"Скребок треугольный Rollingdog, серия Professional, арт.50234",Малярный и штукатурный инструмент>Скребки малярные
"Скребок комбинированный Rollingdog, серия Professional, арт.50235",Инструмент для укладки плитки>Многофункц. шпатели (скребки)
"Скребок многофункциональный 3 в 1 Rollingdog, серия Professional, арт.50343",Акции на строительный инструмент
"Малярный шпатель Rollingdog Greyhound Ultra-Flex 1"" (25мм), серия Elite, арт.50378",Шпателя для механизированной шпатлевки>Малярные шпателя
"Малярный шпатель Rollingdog Greyhound Ultra-Flex 1.5"" (38мм), серия Elite, арт.50379",Шпателя для механизированной шпатлевки>Малярные шпателя
"Малярный шпатель Rollingdog Greyhound Ultra-Flex 2"" (50мм), серия Elite, арт.50380",Шпателя для механизированной шпатлевки>Малярные шпателя
"Малярный шпатель Rollingdog Greyhound 1"" (25мм), серия Elite, арт.50387",Шпателя для механизированной шпатлевки>Малярные шпателя
"Малярный шпатель Rollingdog Greyhound 1,5"" (38мм), серия Elite, арт.50388",Шпателя для механизированной шпатлевки>Малярные шпателя
"Малярный шпатель Rollingdog Greyhound 2"" (50мм), серия Elite, арт.50389",Шпателя для механизированной шпатлевки>Малярные шпателя
"Малярный шпатель Rollingdog Titanium 1"" (25мм), серия Elite, арт.50405",Шпателя для механизированной шпатлевки>Малярные шпателя
"Малярный шпатель Rollingdog Titanium 1,5"" (38мм), серия Elite, арт.50406",Шпателя для механизированной шпатлевки>Малярные шпателя
"Универсальный шпатель Rollingdog 3"" (75мм), соединение защелка/конус, серия Elite, арт.50445",Шпателя для механизированной шпатлевки>Малярные шпателя
"Скребок изогнутый Rollingdog 3"" (75мм), соединение защелка/конус, серия Elite, арт.50446",Шпателя для механизированной шпатлевки>Многофункц. шпатели (скребки)
"Малярный шпатель Rollingdog Beauceron 1,5"" (38мм), серия Elite, арт.50470",Шпателя для механизированной шпатлевки>Малярные шпателя
"Малярный шпатель Rollingdog Beauceron 3"" (76мм), серия Elite, арт.50472",Шпателя для механизированной шпатлевки>Малярные шпателя
"Нож для для укладки линолеума Rollingdog WOLF'S CLAW, серия Elite, арт.50494",Малярный и штукатурный инструмент>Ножи малярные и лезвия к ним
"Малярный шпатель Rollingdog 200мм, соединение защелка/конус, серия Elite, арт.50495",Шпателя для механизированной шпатлевки
"Малярный шпатель Rollingdog 250мм, соединение защелка/конус, серия Elite, арт.50496",Шпателя для механизированной шпатлевки
"Малярный шпатель Rollingdog 350мм, соединение защелка/конус, серия Elite, арт.50497",Шпателя для механизированной шпатлевки
"Малярный шпатель Rollingdog 457мм, соединение защелка/конус, серия Elite, арт.50498",Шпателя для механизированной шпатлевки
"Малярный шпатель Rollingdog 600мм, соединение защелка/конус, серия Elite, арт.50499",Шпателя для механизированной шпатлевки
"Фасадный шпатель Rollingdog 200мм, серия Standard, арт.50509 ",Акции на строительный инструмент
"Фасадный шпатель Rollingdog 30cм, серия Standard, арт.50511",Бренды>Малярный инструмент ROLLINGDOG
"Венецианская кельма Rollingdog DOBERMAN 240х90мм, серия Elite, арт.50512",Шпателя для механизированной шпатлевки>Гладилки
"Валик Rollingdog 457мм, ворс 19мм, для каркаса 44мм, полиамид, арт.00326",Малярный и штукатурный инструмент>Валики малярные>Шубки (ролики)
"Малярная лента Rollingdog WASHI-SHIELD 48мм x 50м, арт.80855",Бренды>Малярный инструмент ROLLINGDOG
"Бюгель Rollingdog 76мм, Ø38мм, серия Standard, арт.30111",Малярный и штукатурный инструмент>Валики малярные>Бюгельные ручки
"Запасная плата управления присоски DLT VST-200 для рельефной плитки с АВТО подкачкой, арт.2693",Запчасти>Присоски электрические>DLT VST-200
"Запасной аккумулятор присоски DLT VST-65 для рельефной плитки с АВТО подкачкой, арт.2704",Запчасти>Присоски электрические>DLT VST-65
"Венецианская кельма Rollingdog DOBERMAN 240х130х100мм, трапециевидная, серия Elite, арт.50513",Шпателя для механизированной шпатлевки>Гладилки
"Пластиковый шпатель Rollingdog 30см, соединение защелка/конус, серия Elite, арт.50514",Шпателя для механизированной шпатлевки>Малярные шпателя
"Пластиковый шпатель Rollingdog 30см, резьбовое соединение, серия Elite, арт.50515",Шпателя для механизированной шпатлевки>Малярные шпателя
"Малярный шпатель Rollingdog 25см, сменное лезвие, серия Elite, арт.50516",Акции на строительный инструмент
"Малярный шпатель Rollingdog 60см, сменное лезвие, серия Elite, арт.50519",Шпателя для механизированной шпатлевки>Шпателя для механизированного нанесения
"Малярный шпатель Rollingdog 80см, сменное лезвие, серия Elite, арт.50520",Шпателя для механизированной шпатлевки>Шпателя для механизированного нанесения
"Малярный шпатель Rollingdog 100см, сменное лезвие, серия Elite, арт.50521",Шпателя для механизированной шпатлевки>Шпателя для механизированного нанесения
"Набор запасных лезвий для шпателя Rollingdog 25см, 2шт, серия Elite, арт.50523",Шпателя для механизированной шпатлевки>Шпателя для механизированного нанесения>Сменные лезвия и аксессуары
"Набор запасных лезвий для шпателя Rollingdog 35см, 2шт, серия Elite, арт.50524",Шпателя для механизированной шпатлевки>Шпателя для механизированного нанесения>Сменные лезвия и аксессуары
"Набор запасных лезвий для шпателя Rollingdog 45см, 2шт, серия Elite, арт.50525",Шпателя для механизированной шпатлевки>Шпателя для механизированного нанесения>Сменные лезвия и аксессуары
"Набор запасных лезвий для шпателя Rollingdog 60см, 2шт, серия Elite, арт.50526",Шпателя для механизированной шпатлевки>Шпателя для механизированного нанесения>Сменные лезвия и аксессуары
"Набор запасных лезвий для шпателя Rollingdog 80см, 2шт, серия Elite, арт.50527",Шпателя для механизированной шпатлевки>Шпателя для механизированного нанесения>Сменные лезвия и аксессуары
"Набор запасных лезвий для шпателя Rollingdog 100см, 2шт, серия Elite, арт.50528",Шпателя для механизированной шпатлевки>Шпателя для механизированного нанесения>Сменные лезвия и аксессуары
"Набор для механизированного нанесения шпаклевки №1 Rollingdog, серия Elite, арт.50529",Шпателя для механизированной шпатлевки>Шпателя для механизированного нанесения>Наборы шпателей
"Набор для механизированного нанесения шпаклевки №2 Rollingdog, серия Elite, арт.50530",Шпателя для механизированной шпатлевки>Шпателя для механизированного нанесения>Наборы шпателей
"Валик с бюгелем Rollingdog GLOSS-KING 100мм, поролон, арт.60071",Малярный и штукатурный инструмент>Валики малярные>Валики с ручкой
"Валик с бюгелем Rollingdog GLOSS-KING 230мм, поролон, арт.60157",Малярный и штукатурный инструмент>Валики малярные>Валики с ручкой
"Валик с поворотным бюгелем Rollingdog PRO-ANGLE 230мм, ворс 9,5мм, микрофибра, арт.60174",Малярный и штукатурный инструмент>Валики малярные>Валики с ручкой
"Валик с поворотным бюгелем Rollingdog PRO-ANGLE 230мм, ворс 9,5мм, микрофибра, арт.60175",Малярный и штукатурный инструмент>Валики малярные>Валики с ручкой
"Валик с бюгелем для углов Rollingdog CORNER MASTER 33мм, ворс 8мм, микрофибра, арт.60250",Малярный и штукатурный инструмент>Валики малярные>Валики с ручкой
"Набор валиков с бюгелем Rollingdog 230мм, ворс 12мм, полиэстер, арт.60274",Малярный и штукатурный инструмент>Валики малярные>Наборы
"Валик с бюгелем Rollingdog 63мм, ворс 12мм, полиэстер, арт.60288",Малярный и штукатурный инструмент>Валики малярные>Валики с ручкой
"Валик с бюгелем Rollingdog BULL-TERRIER 100мм, ворс 4мм, полиамид, арт.60295",Малярный и штукатурный инструмент>Валики малярные>Валики с ручкой
"Валик с бюгелем Rollingdog BULL-TERRIER 230мм, ворс 4мм, полиамид, арт.60297",Малярный и штукатурный инструмент>Валики малярные>Валики с ручкой
"Набор валиков с бюгелем Rollingdog SUPER-MICRO 100мм, соединение защелка/конус, микрофибра, арт.60301",Малярный и штукатурный инструмент>Валики малярные>Наборы
"Набор валиков с бюгелем Rollingdog SUPER-MICRO 100мм, резьбовое соединение, микрофибра, арт.60302",Малярный и штукатурный инструмент>Валики малярные>Наборы
"Набор валиков с бюгелем Rollingdog GLOSS-KING 100мм, соединение защелка/конус, поролон, арт.60303",Малярный и штукатурный инструмент>Валики малярные>Наборы
"Набор валиков с бюгелем Rollingdog GLOSS-KING 100мм, резьбовое соединение, поролон, арт.60304",Малярный и штукатурный инструмент>Валики малярные>Наборы
"Набор малярный Rollingdog LINK-UP (13 предметов), серия Professional, арт.70231",Малярный и штукатурный инструмент>Малярные наборы
"Набор малярный Rollingdog THE MOLOSSUS (4 предметов), резьбовое соединение, серия Elite, арт.70250",Малярный и штукатурный инструмент>Малярные наборы
"Набор малярный Rollingdog THE MOLOSSUS (4 предметов), соединение защелка/конус, серия Elite, арт.70253",Малярный и штукатурный инструмент>Малярные наборы
"Набор малярный Rollingdog THE MOLOSSUS (5 предметов), защелка/конус, серия Elite, арт.70254",Малярный и штукатурный инструмент>Малярные наборы
"Набор малярный Rollingdog THE MOLOSSUS (7 предметов), соединение защелка/конус, серия Elite, арт.70255",Малярный и штукатурный инструмент>Малярные наборы
"Набор малярный Rollingdog (10 предмета), серия Standard, арт.70259",Малярный и штукатурный инструмент>Малярные наборы
"Набор малярный Rollingdog (4 предмета), серия Standard, арт.70262",Малярный и штукатурный инструмент>Малярные наборы
"Набор малярный Rollingdog THE MOLOSSUS (6 предметов), резьба, серия Elite, арт.70276",Малярный и штукатурный инструмент>Малярные наборы
"Набор валиков с бюгелем Rollingdog GLOSS-KING 100мм, соединение защелка/конус, поролон, арт.70277",Малярный и штукатурный инструмент>Валики малярные>Наборы
"Набор валиков с бюгелем Rollingdog GLOSS-KING 100 мм, 4 шт, поролон, резьба, арт.70278",Малярный и штукатурный инструмент>Валики малярные>Наборы
"Укрывное полотно Rollingdog SURE-GUARD 55 г/м², 152x305 см, арт.80001",Малярный и штукатурный инструмент>Пленки укрывные
"Укрывное полотно на малярной ленте PAINTERS-SHIELD 8 мкм, 110см х 33м, арт.80349",Малярный и штукатурный инструмент>Пленки укрывные
"Набор наждачной бумаги Rollingdog, 6шт, 230х280мм, Р360, арт.80035",Бренды>Малярный инструмент ROLLINGDOG
"Набор наждачной бумаги Rollingdog, 6шт, 230х280мм, Р80, арт.80075",Бренды>Малярный инструмент ROLLINGDOG
"Набор наждачной бумаги Rollingdog, 6шт, 230х280мм, Р120, арт.80076",Бренды>Малярный инструмент ROLLINGDOG
"Набор наждачной бумаги Rollingdog, 6шт, 230х280мм, Р180, арт.80077",Малярный и штукатурный инструмент>Абразивные материалы>Шлифовальные листы
"Набор наждачной бумаги Rollingdog, 6шт, 230х280мм, Р240, арт.80078",Бренды>Малярный инструмент ROLLINGDOG
"Набор наждачной бумаги Rollingdog, 6шт, 230х280мм, Р80-P360, арт.80079",Бренды>Малярный инструмент ROLLINGDOG
"Защитный кейс для малярных кистей Rollingdog 100мм, арт.80343",Малярный и штукатурный инструмент>Кисти малярные>Аксессуары
"Укрывное полотно на малярной ленте с диспенсером Rollingdog 8мкм, 110см х 30м, арт.80500 ",Малярный и штукатурный инструмент>Пленки укрывные
"Укрывное полотно на малярной ленте Rollingdog DUCT-SHIELD 8мкм, 240см х 15м, арт.80505",Малярный и штукатурный инструмент>Пленки укрывные
"Укрывное полотно на малярной ленте Rollingdog DUCT-SHIELD 8мкм, 110см x 15м, арт.80507",Малярный и штукатурный инструмент>Пленки укрывные
"Укрывное полотно на малярной ленте Rollingdog WASHI-SHIELD 8мкм, 55см х 30м, арт.80510 ",Малярный и штукатурный инструмент>Пленки укрывные
"Застежка-молния для защитной двери против пыли Rollingdog 400 см, серия Professional, арт.80561",Малярный и штукатурный инструмент>Двери временные для малярных работ
"Застежка-молния для защитной двери против пыли Rollingdog 215 см, серия Professional, арт.80562",Малярный и штукатурный инструмент>Двери временные для малярных работ
"Скребок Rollingdog 100мм, серия Professional, арт.80780",Малярный и штукатурный инструмент>Скребки малярные
"Скребок с длинной рукояткой Rollingdog 100мм, серия Professional, арт.80781",Малярный и штукатурный инструмент>Скребки малярные
"Диспенсер для малярной ленты шириной 48мм Rollingdog SAFE-GUARD, арт.80783",Бренды>Малярный инструмент ROLLINGDOG
"Малярная лента Rollingdog WASHI-SHIELD 24мм x 18м (набор 6шт.), арт.80860",Бренды>Малярный инструмент ROLLINGDOG
"Укрывное полотно Rollingdog CANVAS GUARD 183см x 274см, арт.80874",Малярный и штукатурный инструмент>Пленки укрывные
"Диспенсер для малярной ленты шириной 24мм Rollingdog SAFE-GUARD, арт.80937",Бренды>Малярный инструмент ROLLINGDOG
"Укрывное полотно Rollingdog NW-GUARD 122см x 244см, арт.81060",Малярный и штукатурный инструмент>Пленки укрывные
"Сквидж Rollingdog 46 см, резьба, арт.81372",Инструмент для укладки плитки>Сквиджи
"Сквидж Rollingdog 46см, защелка/конус, арт.81373",Ручной инструмент
"Укрывная бумага на малярной ленте Rollingdog ENVIRO-GUARD 42 г/м², 30см х 25м, арт.81418",Малярный и штукатурный инструмент>Пленки укрывные
"Дверь защитная многоразовая на молнии против пыли Rollingdog 120 х 220см, арт.81419",Малярный и штукатурный инструмент>Двери временные для малярных работ
"Укрывное полотно Rollingdog WHITE- DEFENDER 274см x 366см, арт.81432",Малярный и штукатурный инструмент>Пленки укрывные
"Магнитный держатель для малярного инструмента Rollingdog, арт.81436",Бренды>Малярный инструмент ROLLINGDOG
"Сумка для малярного инструмента Rollingdog Design, арт.81438",Бренды>Малярный инструмент ROLLINGDOG
"Малярная лента Rollingdog WASHI-SHIELD 24мм x 50м, арт.81447",Инструмент для укладки плитки>Малярные ленты
"Малярная лента Rollingdog WASHI-SHIELD 48мм x 50м, арт.81448",Инструмент для укладки плитки>Малярные ленты
"Малярная лента Rollingdog DUCT-SHIELD 48мм x 30м, арт.81451",Инструмент для укладки плитки>Малярные ленты
"Подошва для наливных полов 30х13см RollingDog, арт.81457",Инструмент для укладки плитки>Маяки для наливного пола
"Самоклеящееся укрывное полотно Rollingdog 76 мкм, 27см x 30м, арт.81459 ",Бренды>Малярный инструмент ROLLINGDOG
"Самоклеящееся укрывное полотно Rollingdog 2мм, 27см х 30м, арт.81460",Малярный и штукатурный инструмент>Пленки укрывные
"Аппликатор для покраски углов Rollingdog, арт.90018",Бренды>Малярный инструмент ROLLINGDOG
"Аппликатор для покраски плинтуса Rollingdog, арт.90019",Малярный и штукатурный инструмент>Аппликаторы малярные
"Аппликатор малярный с регулируемым углом наклона ручки Rollingdog PRO-ANGLE, резьбовое соединение, арт.90060",Малярный и штукатурный инструмент>Аппликаторы малярные
"Набор для ручной шлифовки Rollingdog SURFEX №3 (16 предметов), соединение защелка/конус, серия Elite, арт.90158",Бренды>Малярный инструмент ROLLINGDOG
"Набор для ручной шлифовки Rollingdog (7 предметов), серия Elite, арт.90178",Малярный и штукатурный инструмент>Абразивные материалы>Шлифовальные блоки и шайбы/наборы
"Аппликатор малярный с регулируемым углом наклона ручки Rollingdog PRO-ANGLE, арт.90179",Малярный и штукатурный инструмент>Аппликаторы малярные
"Набор для ручной шлифовки Rollingdog SURFEX (33 предмета), серия Elite, арт.90194",Малярный и штукатурный инструмент>Абразивные материалы>Шлифовальные блоки и шайбы/наборы
"Валик Rollingdog TEXTURALL 230мм, для каркаса 38мм, поролон, арт.00190",Малярный и штукатурный инструмент>Валики малярные>Шубки (ролики)
"Валик Rollingdog GLOSS-KING 230мм, для каркаса 38мм, поролон, арт.00249",Малярный и штукатурный инструмент>Валики малярные>Шубки (ролики)
"Набор валиков Rollingdog GLOSS-KING 2шт, 50мм, для каркаса 15мм, поролон, арт.00251",Малярный и штукатурный инструмент>Валики малярные>Наборы
"Валик Rollingdog HI-SHEEN 230мм, ворс 5мм, для каркаса 38мм, синтетика, арт.00261",Малярный и штукатурный инструмент>Валики малярные>Шубки (ролики)
"Валик Rollingdog TEXTURALL 230мм, поролон, арт.00281",Малярный и штукатурный инструмент>Валики малярные>Шубки (ролики)
"Валик Rollingdog TEXTURALL 230мм, для каркаса 38мм, текстурный, арт.00283 ",Малярный и штукатурный инструмент>Валики малярные>Шубки (ролики)
"Валик Rollingdog THE-BOXER 230мм, ворс 12мм, для каркаса 38мм, полиамид, арт.00303",Малярный и штукатурный инструмент>Валики малярные>Шубки (ролики)
"Набор валиков Rollingdog BULL-TERRIER 100мм, ворс 4мм, для бюгеля 6мм, полиамид, арт.00376",Малярный и штукатурный инструмент>Валики малярные>Наборы
"Валик Rollingdog THE-BOXER 230мм, ворс 19мм, для каркаса 38мм, полиамид, арт.00355",Малярный и штукатурный инструмент>Валики малярные>Шубки (ролики)
"Валик Rollingdog SUPER-MICRO 230мм, ворс 19мм, для каркаса 48мм, микрофибра, арт.00358",Малярный и штукатурный инструмент>Валики малярные>Шубки (ролики)
"Валик Rollingdog SUPER-MICRO 305мм, ворс 9.5мм, для каркаса 38мм, микрофибра, арт.00396",Малярный и штукатурный инструмент>Валики малярные>Шубки (ролики)
"Набор валиков Rollingdog BULL-TERRIER 230мм, ворс 4мм, для бюгеля 8мм, полиамид, арт.00380",Малярный и штукатурный инструмент>Валики малярные>Наборы
"Набор валиков Rollingdog 2шт, 75мм, ворс 12мм, для бюгеля 6мм, полиэстер, арт.00392",Малярный и штукатурный инструмент>Валики малярные>Наборы
"Набор валиков Rollingdog SUPER-MICRO 3шт, 457мм, ворс 9.5мм, для каркаса 38мм, микрофибра арт.00397",Малярный и штукатурный инструмент>Валики малярные>Наборы
"Валик Rollingdog NYPOLY 457мм, ворс 12мм, для каркаса 44мм, полиэстер/полиамид, арт.00420",Малярный и штукатурный инструмент>Валики малярные>Шубки (ролики)
"Валик Rollingdog POLYESTER 457мм, ворс 12мм, для каркаса 38мм, полиэстер, арт.00421",Малярный и штукатурный инструмент>Валики малярные>Шубки (ролики)
"Набор валиков Rollingdog 457мм, 3шт, ворс 12мм, для каркаса 38мм, полиэстер, арт.00422 ",Малярный и штукатурный инструмент>Валики малярные>Наборы
"Набор валиков Rollingdog GLOSS-KING 2шт, 100мм, для каркаса 18мм, поролон, арт.00423",Малярный и штукатурный инструмент>Валики малярные>Наборы
"Набор валиков Rollingdog GLOSS-KING 100мм, 10шт, каркас 18мм, поролон, арт.00424",Малярный и штукатурный инструмент>Валики малярные>Наборы
"Кисть овальная Rollingdog OT1000 63мм, синтетика, серия Elite, арт.10106-P",Малярный и штукатурный инструмент>Кисти малярные>Плоские кисти
"Кисть овальная Rollingdog OT1000 38мм, синтетика, серия Elite, арт.10108-P",Малярный и штукатурный инструмент>Кисти малярные>Плоские кисти
"Кисть Rollingdog OT1000 38мм, угловой срез, синтетика, серия Elite, арт.10109-P",Малярный и штукатурный инструмент>Кисти малярные>Плоские кисти>Угловой срез
"Кисть овальная Rollingdog OT1000 50мм, синтетика, серия Elite, арт.10110-P",Малярный и штукатурный инструмент>Кисти малярные>Плоские кисти
"Кисть Rollingdog OT1000 50мм, угловой срез, синтетика, серия Elite, арт.10111-P",Малярный и штукатурный инструмент>Кисти малярные>Плоские кисти
"Набор сменных вкладышей для кюветы Rollingdog 305мм, 3шт, арт.20014L",Малярный и штукатурный инструмент>Малярные ванночки и кюветы
"Скребок Rollingdog 60мм, серия Standard, арт.50260G",Малярный и штукатурный инструмент>Скребки малярные
"Набор скребоков Rollingdog 2шт, 40мм, серия Standard, арт.50261G",Инструмент для укладки плитки>Многофункц. шпатели (скребки)
"Набор скребоков Rollingdog 4шт, 50/80/100/120мм, серия Standard, арт.50320G",Малярный и штукатурный инструмент>Скребки малярные
"Плиткорез электрический DLT OptiTronic Auto-2400, рез до 2400мм, с АВТОМАТИКОЙ , арт.2915",Плиткорезы электрические (камнерезы/мокрорезы)>Плиткорезы DLT
"Пистолет для герметика RollingDog 230мм, серия Standard, арт.80832G",Инструмент для укладки плитки>Пистолеты монтажные
"Напольная рекламная стойка Rollingdog, арт.DP-31",Стеллажи для инструментов
"Набор открывалки для банок с краской и лопатки для перемешивания краски Rollingdog, арт.81161G",Бренды>Малярный инструмент ROLLINGDOG
"Кювета для краски Rollingdog 9"" (230мм), серия Elite, арт.20126",Уцененные товары
"Гравер DLT G-100, арт.1151",Инструмент для укладки плитки>Граверы и оснастка
"Кейс для инструментов DLT, арт.320390",Ящики для инструмента/Модульные системы
"Запасная накладка столешницы электрического плиткореза DLT OptiTronic Auto-1200 (1515х25мм), арт.2833",Запчасти>Плиткорезы электрические>DLT OptiTronic
"Запасная накладка столешницы электрического плиткореза DLT OptiTronic Auto-1200 (версия PRO) (SHIJING 9033) 1285*40 мм, арт.2914",Запчасти>Плиткорезы электрические>DLT OptiTronic Auto (версия PRO)
"Запасная накладка столешницы электрического плиткореза Optitronic 1600 (9261) (1960*25 мм), арт.2431",Запчасти>Плиткорезы электрические>DLT OptiTronic
"Запасная накладка столешницы электрического плиткореза Optitronic 1800 (9251)(2160*25 мм), арт.2651",Запчасти>Плиткорезы электрические>DLT OptiTronic
"Скребок многофункциональный 14 в 1 Rollingdog, серия Elite, арт.50417-T",Малярный и штукатурный инструмент>Скребки малярные
"Запасная защитная крышка присоски DLT VST-65 для рельефной плитки с АВТО подкачкой, арт.2703",Запчасти>Присоски электрические>DLT VST-65
"Запасной большой клапан присоски DLT VST-65 для рельефной плитки с АВТО подкачкой, арт.2702",Запчасти>Присоски электрические>DLT VST-65
"Запасной малый клапан присоски DLT VST-65 для рельефной плитки с АВТО подкачкой, арт.2701",Запчасти>Присоски электрические>DLT VST-65
"Запасной электродвигатель электрической присоски DLT VST-65 для рельефной плитки с АВТО подкачкой, арт.2700",Запчасти>Присоски электрические>DLT VST-65
"Запасная плата управления присоски DLT VST-65 для рельефной плитки с АВТО подкачкой, арт.2699",Запчасти>Присоски электрические>DLT VST-65
"Запасная защитная крышка присоски DLT VST-60 для рельефной плитки, арт.2698",Запчасти>Присоски ручные
"Запасной поршень присоски DLT VST-60 для рельефной плитки, 6 дюймов, арт.2697",Запчасти>Присоски ручные
"Запасной фильтр присоски DLT VST-60 для рельефной плитки, арт.2696",Запчасти>Присоски электрические>DLT VST-65
"Запасной аккумулятор присоски DLT VST-200 для рельефной плитки с АВТО подкачкой, арт.2695",Запчасти>Присоски электрические>DLT VST-200
"Запасной большой клапан присоски DLT VST-200 для рельефной плитки с АВТО подкачкой, арт.2694",Запчасти>Присоски электрические>DLT VST-200
"Запасной малый клапан присоски DLT VST-200 для рельефной плитки с АВТО подкачкой, арт.2692",Запчасти>Присоски электрические>DLT VST-200
"Запасной электродвигатель электрической присоски DLT VST-200 для рельефной плитки с АВТО подкачкой, арт.2691",Запчасти>Присоски электрические>DLT VST-200
"Запасная защитная крышка помповой присоски DLT VST-209, арт.2690",Запчасти>Присоски ручные
"Запасной фиксатор газового баллона для газового гвоздезабивного монтажного пистолета HYBEST GSR40A, арт.2705",Запчасти>Монтажные пистолеты>HYBEST GSR40A
"Запасная кнопка виброприсоски для укладки плитки DLT SUABU/VIBRO Mini, арт.2688",Запчасти>Присоски вибро>DLT SUABU/VIBRO Mini
"Запасная плата аккумулятора виброприсоски для укладки плитки DLT SUABU/DLT SUABU/VIBRO Mini, арт.2687",Запчасти>Присоски вибро>DLT SUABU/VIBRO Mini
"Запасной мотор виброприсоски для укладки плитки DLT SUABU/VIBRO Mini, арт.2686",Запчасти>Присоски вибро>DLT SUABU/VIBRO Mini
"Запасная плата управления виброприсоски для укладки плитки DLT SUABU/DLT SUABU/VIBRO Mini, арт.2685",Запчасти>Присоски вибро>DLT SUABU/VIBRO Mini
"Флажок виброприсоски для укладки плитки DLT SUABU PRO, арт.2684",Запчасти>Присоски вибро>DLT SUABU PRO
"Запасной мотор виброприсоски для укладки плитки DLT SUABU PRO, арт.2683",Запчасти>Присоски вибро>DLT SUABU PRO
"Запасная кнопка виброприсоски для укладки плитки DLT SUABU PRO, арт.2682",Запчасти>Присоски вибро>DLT SUABU PRO
"Запасной флажок двойной присоски для гладкой и шероховатой поверхности RUBI, арт.2689",Запчасти>Присоски ручные
"Запасные контакты на аккумулятор для газового гвоздезабивного монтажного пистолета Toua GSN 50/ GSN 50C/GSN F1, арт.2707",Запчасти>Монтажные пистолеты>Toua GSN 50/50C
"Запасная кнопка курок для газового гвоздезабивного монтажного пистолета TouaGSN 50/ GSN 50C/GSN F1, арт.2708",Запчасти>Монтажные пистолеты>Toua GSN 50/50C
"Запасная свеча зажигания для газового гвоздезабивного монтажного пистолета Toua GSN 50/ GSN 50C/GSN F1, арт.2709",Запчасти>Монтажные пистолеты>Toua GSN 50/50C
"Запасная плата моторчика для газового гвоздезабивного монтажного пистолета Toua GSN 50/ GSN 50C/GSN F1, арт.2710",Запчасти>Монтажные пистолеты>Toua GSN 50/50C
"Запасной моторчик с крыльчаткой для газового гвоздезабивного монтажного пистолета Toua GSN 50/ GSN 50C, арт.2711", Запчасти>Монтажные пистолеты>Toua GSN 50/50C
"Запасной буфер резиновый для газового гвоздезабивного монтажного пистолета Toua GSN 50/ GSN 50C, арт.2712",Запчасти>Монтажные пистолеты>Toua GSN 50/50C
"Запасной моторчик с крыльчаткой для газового гвоздезабивного монтажного пистолета Toua GSN F1, арт.2917",Запчасти>Монтажные пистолеты>Toua GSN F1
"Запасной буфер резиновый для газового гвоздезабивного монтажного пистолета Toua GSN F1, арт.2918",Запчасти>Монтажные пистолеты>Toua GSN F1
"Запасной фиксатор газового баллона для газового гвоздезабивного монтажного пистолета Toua GSN 50/ GSN 50C/GSN F1, арт.2713",Запчасти>Монтажные пистолеты>Toua GSN F1
"Запасной фиксатор газового баллона для газового гвоздезабивного монтажного пистолета Toua GSN65, арт.2714",Запчасти>Монтажные пистолеты>Toua GSN65
"Флажки крепления присоски плиткореза DLT MAXSLim NEW, арт.2715",Запчасти>Системы резки крупноформата
"Соединительная планка плиткореза DLT MAXSLim NEW, арт.2716",Запчасти
"Диск для скругления плитки BIHUI Ø75мм, толщина 10мм, #50, арт.DGW310",Алмазная оснастка>Алмазные диски>Алмазные диски для скругления и ступеней
"Кейс-тележка для инструментов DLT, арт.320394",Ящики для инструмента. Модульные системы.
"Гребенка BIHUI 320*120мм, зуб 8мм, арт.PTSH08",Инструмент для укладки плитки>Гребенки
"Кювета плиточника SquEasy, 22л, арт.SQE22",Акции на строительный инструмент
"Запасная боковая деталь крепления направляющих электрического плиткореза DLT OptiTronic Auto (версия PRO), ПРАВАЯ, арт. 3604R",Запчасти>Плиткорезы электрические>DLT OptiTronic Auto (версия PRO)
"Стойка 60х30 Н2400 , арт.2947",Стеллажи для инструментов
"Электрическая присоска DLT P618A-W с АВТО подкачкой, для гладкой и рельефной поверхности, Ø8 дюймов, арт.2629",Инструмент для укладки плитки>Присоски для плитки и стекла>Электрические присоски и поршни
"Кондуктор (шаблон) для алмазных коронок P615, арт.2656",Акции на строительный инструмент
"Резиновая киянка, арт.6011",Инструмент для укладки плитки>Киянки резиновые
"Пластиковое крепление для алмазных коронок, арт.1485",Стеллажи для инструментов
"Скребок строительный 100мм, арт.5109",Шпателя для механизированной шпатлевки>Многофункц. шпатели (скребки) 
"Плиткорез электрический DLT OptiTronic Auto-1600, версия MAX, арт.2830",Плиткорезы электрические (камнерезы/мокрорезы)
"Плиткорез электрический DLT OptiTronic Auto-2400, версия MAX, арт.2832",Плиткорезы электрические (камнерезы/мокрорезы)>Плиткорезы DLT
"Плиткорез электрический DLT OptiTronic Auto-1800, версия MAX, арт.2831",Плиткорезы электрические (камнерезы/мокрорезы)
"Резиновая киянка RUBI, арт.66946",Инструмент для укладки плитки>Киянки резиновые
"Резиновая киянка RUBI, арт.66960",Акции на строительный инструмент
"Диск алмазный для плиткореза, RUBI, 105мм, арт. 32976",Алмазная оснастка>Алмазные диски>Алмазные диски для электрических плиткорезов
"Насадка для смесителя RUBI, M-140-FI3H, арт. 76943",Малярный и штукатурный инструмент>Венчики и насадки строительные
"Ручной шлифовальный диск (шайба блок) 225мм, DLT, арт.2620",Шлифовальные машины для стен/потолков/пола
"Пистолет для герметика DLT Compact, арт.2619",Инструмент для укладки плитки>Пистолеты монтажные 
"Разметочный шнур 30м с мелом BIHUI, арт.CTCAKK2",Бренды>BIHUI Tools Инструмент для укладки плитки Бихуэй (бихуй)
"Запасной статор двигателя гравера DLT G-100, арт.2153",Запчасти>Граверы
"Запасная цанга гравера DLT G-100, 3,0мм, арт.1743",Запчасти>Граверы
"Заусовщик для запила плитки под 45 градусов (универсальный) BIHUI, арт.LFMBF-BS ",Плиткорезы электрические (камнерезы/мокрорезы)>Плиткорезы BIHUI
"Кювета пластиковая для смесителя BIHUI, арт.MS1900-B ",Запчасти>Миксеры>Смеситель для наливных полов BIHUI
"Запасное основание чаши для присоски DLT SUABU PRO, арт.1115",Запчасти>Присоски вибро>DLT SUABU PRO
"Электрический плиткорез для крупноформатной плитки BIHUI (рез до 3.2м), 5 поколение + водяное охлаждение, арт.LFEC5MR water",Плиткорезы электрические (камнерезы/мокрорезы)>Электрические плиткорезы для крупноформатной плитки
"Гребенка BIHUI 320*120мм, зуб «Тигровый коготь», арт.PTSHTG",Шпателя для механизированной шпатлевки>Зубчатые шпатели (гребенки)
"Роликовый резец BIHUI для плиткореза Ø22мм, посадка 6мм, арт.LFMC5-SW",Плиткорезы ручные>Аксессуары для ручных плиткорезов>Резцы
"Запасная вспомогательная плата управления для плиткореза BIHUI, арт.TCSA1200-05",Бренды>BIHUI Tools Инструмент для укладки плитки Бихуэй (бихуй)
"Запасная плата управления для плиткореза BIHUI, арт.TCSA1200-06",Бренды>BIHUI Tools Инструмент для укладки плитки Бихуэй (бихуй)
"Запасная рукоять регулировки угла реза для плиткореза BIHUI, арт.TCSA1200-12",Бренды>BIHUI Tools Инструмент для укладки плитки Бихуэй (бихуй)
"Запасной блок питания для плиткореза BIHUI 12V, арт.TCSA1200-03",Бренды>BIHUI Tools Инструмент для укладки плитки Бихуэй (бихуй)
"Запасной блок питания для плиткореза BIHUI 24V, арт.TCSA1200-04",Бренды>BIHUI Tools Инструмент для укладки плитки Бихуэй (бихуй)
"Запасной пластиковый кожух для плиткореза BIHUI, арт.TCSA1200-13",Бренды>BIHUI Tools Инструмент для укладки плитки Бихуэй (бихуй)
"Запасной шнур питания для плиткореза BIHUI, арт.TCSA1200-11",Бренды>BIHUI Tools Инструмент для укладки плитки Бихуэй (бихуй)
"Запасной электрический двигатель передвижения резака для плиткореза BIHUI, арт.TCSA1200-02",Бренды>BIHUI Tools Инструмент для укладки плитки Бихуэй (бихуй)
"Запасной электрический двигатель привода диска для плиткореза BIHUI, арт.TCSA1200-07",Бренды>BIHUI Tools Инструмент для укладки плитки Бихуэй (бихуй)
"Запасные металлические ножки для плиткореза BIHUI 40см, арт.TCSA1200-10",Бренды>BIHUI Tools Инструмент для укладки плитки Бихуэй (бихуй)
"Запасные металлические ножки для плиткореза BIHUI 80см, арт.TCSA1200-09",Бренды>BIHUI Tools Инструмент для укладки плитки Бихуэй (бихуй)
"Запасные щетки электродвигателя для плиткореза BIHUI, арт.TCSA1200-14",Бренды>BIHUI Tools Инструмент для укладки плитки Бихуэй (бихуй)
"Аккумуляторный пистолет для герметика MAX-XT MDCG20V2, арт.3348",Малярный и штукатурный инструмент>Пистолеты монтажные
"Запасная уплотнительная пластина для присоски BIHUI, арт.LFBSL-RUB",Плиткорезы ручные
"Кейс для инструментов DLT, арт.320384, серия Standard",Ящики для инструмента. Модульные системы.
"Кейс для инструментов DLT, арт.320383, серия Standard",Бренды>Оборудование и приспособления для укладки плитки DLT
"Стусло с быстрозажимными струбцинами DLT, арт.81200",Инструмент для укладки плитки>Шаблоны строительные
"Струбцина угловая DLT, арт.81700 ",Акции на строительный инструмент
"Угольник Свенсона BIHUI 180мм, арт.TMRT7",Малярный и штукатурный инструмент>Шаблоны
"Инструмент для разглаживания герметиков DLT, арт.63300",Инструмент для укладки плитки>Шпатели для силикона и герметика>Шпатели и насадки
Струбцина для монтажа ламината и паркета DLT арт.79000,Малярный и штукатурный инструмент>Быстрозажимные струбцины
"Протектор угла плитки BIHUI (защитный уголок для крупноформата), набор 4шт, 12-13мм, арт.LFTP13",Акции на строительный инструмент
"Режущий ролик плиткореза DLT Ø13мм, посадка 4мм, арт.2571",Акции на строительный инструмент
"Сопло HYVST (тип Graco RAC-X) №109, арт.GXTIP109",Окрасочные аппараты и аксессуары>Сопла для окрасочных аппаратов
"Сопло HYVST (тип Graco RAC-X) №111, арт.GVTIP111",Окрасочные аппараты и аксессуары>Сопла для окрасочных аппаратов
"Сопло HYVST (тип Graco RAC-X) №113, арт.GVTIP113",Окрасочные аппараты и аксессуары>Сопла для окрасочных аппаратов
"Сопло HYVST (тип Graco RAC-X) №115, арт.GVTIP115",Окрасочные аппараты и аксессуары>Сопла для окрасочных аппаратов
"Сопло HYVST (тип Graco RAC-X) №117, арт.GVTIP117",Окрасочные аппараты и аксессуары>Сопла для окрасочных аппаратов
"Сопло HYVST (тип Graco RAC-X) №241, арт.GXTIP241",Окрасочные аппараты и аксессуары>Сопла для окрасочных аппаратов
"Сопло HYVST (тип Graco RAC-X) №239, арт.GXTIP239",Окрасочные аппараты и аксессуары>Сопла для окрасочных аппаратов
"Сопло HYVST (тип Graco RAC-X) №237, арт.GXTIP237",Окрасочные аппараты и аксессуары>Сопла для окрасочных аппаратов
"Сопло HYVST (тип Graco RAC-X)  №235, арт.GXTIP235",Окрасочные аппараты и аксессуары>Сопла для окрасочных аппаратов
"Сопло HYVST (тип Graco RAC-X)  №233, арт.GXTIP233",Окрасочные аппараты и аксессуары>Сопла для окрасочных аппаратов
"Сопло HYVST (тип Graco RAC-X)  №231, арт.GXTIP231",Окрасочные аппараты и аксессуары>Сопла для окрасочных аппаратов
"Сопло HYVST (тип Graco RAC-X)  №229, арт.GXTIP229",Окрасочные аппараты и аксессуары>Сопла для окрасочных аппаратов
"Сопло HYVST (тип Graco RAC-X)  №227, арт.GXTIP227",Окрасочные аппараты и аксессуары>Сопла для окрасочных аппаратов
"Сопло HYVST (тип Graco RAC-X)  №225, арт.GXTIP225",Окрасочные аппараты и аксессуары>Сопла для окрасочных аппаратов
"Сопло HYVST (тип Graco RAC-X)  №223, арт.GXTIP223",Окрасочные аппараты и аксессуары>Сопла для окрасочных аппаратов
"Сопло HYVST (тип Graco RAC-X)  №221, арт.GXTIP221",Окрасочные аппараты и аксессуары>Сопла для окрасочных аппаратов
"Сопло HYVST (тип Graco RAC-X)  №219, арт.GXTIP219",Окрасочные аппараты и аксессуары>Сопла для окрасочных аппаратов
"Сопло HYVST (тип Graco RAC-X)  №217, арт.GXTIP217",Окрасочные аппараты и аксессуары>Сопла для окрасочных аппаратов
"Сопло HYVST (тип Graco RAC-X)  №215, арт.GXTIP215",Окрасочные аппараты и аксессуары>Сопла для окрасочных аппаратов
"Сопло HYVST (тип Graco RAC-X)  №213, арт.GXTIP213",Окрасочные аппараты и аксессуары>Сопла для окрасочных аппаратов
"Сопло HYVST (тип Graco RAC-X)  №211, арт.GXTIP211",Окрасочные аппараты и аксессуары>Сопла для окрасочных аппаратов
"Сопло HYVST (тип Graco RAC-X)  №209, арт.GXTIP209",Окрасочные аппараты и аксессуары>Сопла для окрасочных аппаратов
"Сопло HYVST (тип Graco RAC-X)  №121, арт.GXTIP121",Окрасочные аппараты и аксессуары>Сопла для окрасочных аппаратов
"Сопло HYVST (тип Graco RAC-X)  №245, арт.GXTIP245",Окрасочные аппараты и аксессуары>Сопла для окрасочных аппаратов
"Сопло HYVST (тип Graco RAC-X)  №119, арт.GXTIP119",Окрасочные аппараты и аксессуары>Сопла для окрасочных аппаратов
"Сопло HYVST (тип Graco RAC-X)  №243, арт.GXTIP243",Окрасочные аппараты и аксессуары>Сопла для окрасочных аппаратов
"Сопло HYVST (тип Graco RAC-X) №415, арт.GXTIP415",Акции на строительный инструмент
"Сопло HYVST (тип Graco RAC-X)  №413, арт.GXTIP413",Акции на строительный инструмент
"Сопло HYVST (тип Graco RAC-X) №411, арт.GXTIP411",Акции на строительный инструмент
"Сопло HYVST (тип Graco RAC-X)  №409, арт.GXTIP409",Окрасочные аппараты и аксессуары>Сопла для окрасочных аппаратов
"Сопло HYVST (тип Graco RAC-X)  №349, арт.GXTIP349",Окрасочные аппараты и аксессуары>Сопла для окрасочных аппаратов
"Сопло HYVST (тип Graco RAC-X)  №347, арт.GXTIP347",Окрасочные аппараты и аксессуары>Сопла для окрасочных аппаратов
"Сопло HYVST (тип Graco RAC-X)  №345, арт.GXTIP345",Окрасочные аппараты и аксессуары>Сопла для окрасочных аппаратов
"Сопло HYVST (тип Graco RAC-X)  №343, арт.GXTIP343",Окрасочные аппараты и аксессуары>Сопла для окрасочных аппаратов
"Сопло HYVST (тип Graco RAC-X)  №341, арт.GXTIP341",Окрасочные аппараты и аксессуары>Сопла для окрасочных аппаратов
"Сопло HYVST (тип Graco RAC-X)  №339, арт.GXTIP339",Окрасочные аппараты и аксессуары>Сопла для окрасочных аппаратов
"Сопло HYVST (тип Graco RAC-X)  №337, арт.GXTIP337",Окрасочные аппараты и аксессуары>Сопла для окрасочных аппаратов
"Сопло HYVST (тип Graco RAC-X)  №335, арт.GXTIP335",Окрасочные аппараты и аксессуары>Сопла для окрасочных аппаратов
"Сопло HYVST (тип Graco RAC-X)  №309, арт.GXTIP309",Окрасочные аппараты и аксессуары>Сопла для окрасочных аппаратов
"Сопло HYVST (тип Graco RAC-X)  №333, арт.GXTIP333",Окрасочные аппараты и аксессуары>Сопла для окрасочных аппаратов
"Сопло HYVST (тип Graco RAC-X)  №331, арт.GXTIP331",Окрасочные аппараты и аксессуары>Сопла для окрасочных аппаратов
"Сопло HYVST (тип Graco RAC-X)  №329, арт.GXTIP329",Окрасочные аппараты и аксессуары>Сопла для окрасочных аппаратов
"Сопло HYVST (тип Graco RAC-X)  №327, арт.GXTIP327",Окрасочные аппараты и аксессуары>Сопла для окрасочных аппаратов
"Сопло HYVST (тип Graco RAC-X)  №325, арт.GXTIP325",Окрасочные аппараты и аксессуары>Сопла для окрасочных аппаратов
"Сопло HYVST (тип Graco RAC-X)  №323, арт.GXTIP323",Окрасочные аппараты и аксессуары>Сопла для окрасочных аппаратов
"Сопло HYVST (тип Graco RAC-X)  №321, арт.GXTIP321",Окрасочные аппараты и аксессуары>Сопла для окрасочных аппаратов
"Сопло HYVST (тип Graco RAC-X)  №319, арт.GXTIP319",Окрасочные аппараты и аксессуары>Сопла для окрасочных аппаратов
"Сопло HYVST (тип Graco RAC-X)  №317, арт.GXTIP317",Окрасочные аппараты и аксессуары>Сопла для окрасочных аппаратов
"Сопло HYVST (тип Graco RAC-X)  №315, арт.GXTIP315",Окрасочные аппараты и аксессуары>Сопла для окрасочных аппаратов
"Сопло HYVST (тип Graco RAC-X)  №313, арт.GXTIP313",Окрасочные аппараты и аксессуары>Сопла для окрасочных аппаратов
"Сопло HYVST (тип Graco RAC-X)  №311, арт.GXTIP311",Окрасочные аппараты и аксессуары>Сопла для окрасочных аппаратов
"Сопло HYVST (тип Graco RAC-X)  №443, арт.GXTIP443",Окрасочные аппараты и аксессуары>Сопла для окрасочных аппаратов
"Сопло HYVST (тип Graco RAC-X) №419, арт.GXTIP419",Акции на строительный инструмент
"Сопло HYVST (тип Graco RAC-X) №421, арт.GXTIP421",Акции на строительный инструмент
"Сопло HYVST (тип Graco RAC-X)  №423, арт.GXTIP423",Окрасочные аппараты и аксессуары>Сопла для окрасочных аппаратов
"Сопло HYVST (тип Graco RAC-X)  №425, арт.GXTIP425",Окрасочные аппараты и аксессуары>Сопла для окрасочных аппаратов
"Сопло HYVST (тип Graco RAC-X)  №427, арт.GXTIP427",Окрасочные аппараты и аксессуары>Сопла для окрасочных аппаратов
"Сопло HYVST (тип Graco RAC-X)  №429, арт.GXTIP429",Окрасочные аппараты и аксессуары>Сопла для окрасочных аппаратов
"Сопло HYVST (тип Graco RAC-X)  №431, арт.GXTIP431",Окрасочные аппараты и аксессуары>Сопла для окрасочных аппаратов
"Сопло HYVST (тип Graco RAC-X)  №433, арт.GXTIP433",Окрасочные аппараты и аксессуары>Сопла для окрасочных аппаратов
"Сопло HYVST (тип Graco RAC-X)  №435, арт.GXTIP435",Окрасочные аппараты и аксессуары>Сопла для окрасочных аппаратов
"Сопло HYVST (тип Graco RAC-X)  №437, арт.GXTIP437",Окрасочные аппараты и аксессуары>Сопла для окрасочных аппаратов
"Сопло HYVST (тип Graco RAC-X) №439, арт.GXTIP439",Акции на строительный инструмент
"Сопло HYVST (тип Graco RAC-X)  №441, арт.GXTIP441",Окрасочные аппараты и аксессуары>Сопла для окрасочных аппаратов
"Сопло HYVST (тип Graco RAC-X) №417, арт.GXTIP417",Акции на строительный инструмент
"Сопло HYVST (тип Graco RAC-X)  №445, арт.GXTIP445",Окрасочные аппараты и аксессуары>Сопла для окрасочных аппаратов
"Сопло HYVST (тип Graco RAC-X)  №447, арт.GXTIP447",Окрасочные аппараты и аксессуары>Сопла для окрасочных аппаратов
"Сопло HYVST (тип Graco RAC-X)  №449, арт.GXTIP449",Окрасочные аппараты и аксессуары>Сопла для окрасочных аппаратов
"Сопло HYVST (тип Graco RAC-X)  №509, арт.GXTIP509",Окрасочные аппараты и аксессуары>Сопла для окрасочных аппаратов
"Сопло HYVST (тип Graco RAC-X) №511, арт.GXTIP511",Акции на строительный инструмент
"Сопло HYVST (тип Graco RAC-X)  №513, арт.GXTIP513",Окрасочные аппараты и аксессуары>Сопла для окрасочных аппаратов
"Сопло HYVST (тип Graco RAC-X) №515, арт.GXTIP515",Акции на строительный инструмент
"Сопло HYVST (тип Graco RAC-X) №517, арт.GXTIP517",Окрасочные аппараты и аксессуары>Сопла для окрасочных аппаратов
"Сопло HYVST (тип Graco RAC-X) №519, арт.GXTIP519",Акции на строительный инструмент
"Сопло HYVST (тип Graco RAC-X)  №521, арт.GXTIP521",Окрасочные аппараты и аксессуары>Сопла для окрасочных аппаратов
"Сопло HYVST (тип Graco RAC-X)  №523, арт.GXTIP523",Окрасочные аппараты и аксессуары>Сопла для окрасочных аппаратов
"Сопло HYVST (тип Graco RAC-X)  №653, арт.GXTIP653",Окрасочные аппараты и аксессуары>Сопла для окрасочных аппаратов
"Сопло HYVST (тип Graco RAC-X)  №629, арт.GXTIP629",Окрасочные аппараты и аксессуары>Сопла для окрасочных аппаратов
"Сопло HYVST (тип Graco RAC-X) №631, арт.GXTIP631",Акции на строительный инструмент
"Сопло HYVST (тип Graco RAC-X)  №633, арт.GXTIP633",Окрасочные аппараты и аксессуары>Сопла для окрасочных аппаратов
"Сопло HYVST (тип Graco RAC-X)  №635, арт.GXTIP635",Окрасочные аппараты и аксессуары>Сопла для окрасочных аппаратов
"Сопло HYVST (тип Graco RAC-X)  №637, арт.GXTIP637",Окрасочные аппараты и аксессуары>Сопла для окрасочных аппаратов
"Сопло HYVST (тип Graco RAC-X)  №639, арт.GXTIP639",Окрасочные аппараты и аксессуары>Сопла для окрасочных аппаратов
"Сопло HYVST (тип Graco RAC-X)  №641, арт.GXTIP641",Окрасочные аппараты и аксессуары>Сопла для окрасочных аппаратов
"Сопло HYVST (тип Graco RAC-X)  №643, арт.GXTIP643",Окрасочные аппараты и аксессуары>Сопла для окрасочных аппаратов
"Сопло HYVST (тип Graco RAC-X)  №645, арт.GXTIP645",Окрасочные аппараты и аксессуары>Сопла для окрасочных аппаратов
"Сопло HYVST (тип Graco RAC-X)  №647, арт.GXTIP647",Окрасочные аппараты и аксессуары>Сопла для окрасочных аппаратов
"Сопло HYVST (тип Graco RAC-X)  №649, арт.GXTIP649",Окрасочные аппараты и аксессуары>Сопла для окрасочных аппаратов
"Сопло HYVST (тип Graco RAC-X)  №651, арт.GXTIP651",Окрасочные аппараты и аксессуары>Сопла для окрасочных аппаратов
"Сопло HYVST (тип Graco RAC-X)  №627, арт.GXTIP627",Окрасочные аппараты и аксессуары>Сопла для окрасочных аппаратов
"Сопло HYVST (тип Graco RAC-X)  №655, арт.GXTIP655",Окрасочные аппараты и аксессуары>Сопла для окрасочных аппаратов
"Сопло HYVST (тип Graco RAC-X)  №657, арт.GXTIP657",Окрасочные аппараты и аксессуары>Сопла для окрасочных аппаратов
"Сопло HYVST (тип Graco RAC-X)  №659, арт.GXTIP659",Окрасочные аппараты и аксессуары>Сопла для окрасочных аппаратов
"Сопло HYVST (тип Graco RAC-X)  №661, арт.GXTIP661",Окрасочные аппараты и аксессуары>Сопла для окрасочных аппаратов
"Сопло HYVST (тип Graco XHD) №111, арт.XHD111",Окрасочные аппараты и аксессуары>Сопла для окрасочных аппаратов
"Сопло HYVST (тип Graco RAC-X)  №665, арт.GXTIP665",Окрасочные аппараты и аксессуары>Сопла для окрасочных аппаратов
"Сопло HYVST (тип Graco RAC-X)  №921, арт.GXTIP921",Окрасочные аппараты и аксессуары>Сопла для окрасочных аппаратов
"Сопло HYVST (тип Graco RAC-X)  №711, арт.GXTIP711",Окрасочные аппараты и аксессуары>Сопла для окрасочных аппаратов
"Сопло HYVST (тип Graco RAC-X)  №717, арт.GXTIP717",Окрасочные аппараты и аксессуары>Сопла для окрасочных аппаратов
"Сопло HYVST (тип Graco RAC-X)  №719, арт.GXTIP719",Окрасочные аппараты и аксессуары>Сопла для окрасочных аппаратов
"Сопло HYVST (тип Graco RAC-X)  №925, арт.GXTIP925",Окрасочные аппараты и аксессуары>Сопла для окрасочных аппаратов
"Сопло HYVST (тип Graco RAC-X)  №933, арт.GXTIP933",Окрасочные аппараты и аксессуары>Сопла для окрасочных аппаратов
"Сопло HYVST (тип Graco RAC-X) №529, арт.GXTIP529",Окрасочные аппараты и аксессуары>Сопла для окрасочных аппаратов
"Сопло HYVST (тип Graco XHD) №443, арт.XHD443",Окрасочные аппараты и аксессуары>Сопла для окрасочных аппаратов
"Сопло HYVST (тип Graco XHD) №447, арт.XHD447",Окрасочные аппараты и аксессуары>Сопла для окрасочных аппаратов
"Сопло HYVST (тип Graco XHD) №509, арт.XHD509",Окрасочные аппараты и аксессуары>Сопла для окрасочных аппаратов
"Сопло HYVST (тип Graco XHD) №515, арт.XHD515",Окрасочные аппараты и аксессуары>Сопла для окрасочных аппаратов
"Сопло HYVST (тип Graco XHD) №519, арт.XHD519",Окрасочные аппараты и аксессуары>Сопла для окрасочных аппаратов
"Сопло HYVST (тип Graco RAC-X) №541, арт.GXTIP541",Акции на строительный инструмент
"Сопло HYVST (тип Graco RAC-X) №543, арт.GXTIP543",Акции на строительный инструмент
"Сопло HYVST (тип Graco RAC-X)  №545, арт.GXTIP545",Окрасочные аппараты и аксессуары>Сопла для окрасочных аппаратов
"Сопло HYVST (тип Graco RAC-X)  №547, арт.GXTIP547",Окрасочные аппараты и аксессуары>Сопла для окрасочных аппаратов
"Сопло HYVST (тип Graco RAC-X)  №549, арт.GXTIP549",Окрасочные аппараты и аксессуары>Сопла для окрасочных аппаратов
"Сопло HYVST (тип Graco RAC-X)  №525, арт.GXTIP525",Окрасочные аппараты и аксессуары>Сопла для окрасочных аппаратов
"Сопло HYVST (тип Graco RAC-X)  №553, арт.GXTIP553",Окрасочные аппараты и аксессуары>Сопла для окрасочных аппаратов
"Сопло HYVST (тип Graco RAC-X)  №555, арт.GXTIP555",Окрасочные аппараты и аксессуары>Сопла для окрасочных аппаратов
"Сопло HYVST (тип Graco RAC-X)  №609, арт.GXTIP609",Окрасочные аппараты и аксессуары>Сопла для окрасочных аппаратов
"Сопло HYVST (тип Graco RAC-X)  №611, арт.GXTIP611",Окрасочные аппараты и аксессуары>Сопла для окрасочных аппаратов
"Сопло HYVST (тип Graco RAC-X)  №613, арт.GXTIP613",Окрасочные аппараты и аксессуары>Сопла для окрасочных аппаратов
"Сопло HYVST (тип Graco RAC-X)  №615, арт.GXTIP615",Окрасочные аппараты и аксессуары>Сопла для окрасочных аппаратов
"Сопло HYVST (тип Graco RAC-X) №617, арт.GXTIP617",Акции на строительный инструмент
"Сопло HYVST (тип Graco RAC-X)  №619, арт.GXTIP619",Окрасочные аппараты и аксессуары>Сопла для окрасочных аппаратов
"Сопло HYVST (тип Graco RAC-X)  №621, арт.GXTIP621",Окрасочные аппараты и аксессуары>Сопла для окрасочных аппаратов
"Сопло HYVST (тип Graco RAC-X)  №623, арт.GXTIP623",Окрасочные аппараты и аксессуары>Сопла для окрасочных аппаратов
"Сопло HYVST (тип Graco RAC-X)  №625, арт.GXTIP625",Окрасочные аппараты и аксессуары>Сопла для окрасочных аппаратов
"Сопло HYVST (тип Graco RAC-X)  №923, арт.GXTIP923",Окрасочные аппараты и аксессуары>Сопла для окрасочных аппаратов
"Сопло HYVST (тип Graco XHD) №521, арт.XHD521",Окрасочные аппараты и аксессуары>Сопла для окрасочных аппаратов
"Сопло HYVST (тип Graco RAC-X)  №551, арт.GXTIP551",Окрасочные аппараты и аксессуары>Сопла для окрасочных аппаратов
"Сопло HYVST (тип Graco XHD) №439, арт.XHD439",Окрасочные аппараты и аксессуары>Сопла для окрасочных аппаратов
"Сопло HYVST (тип Graco RAC-X)  №527, арт.GXTIP527",Окрасочные аппараты и аксессуары>Сопла для окрасочных аппаратов
"Сопло HYVST (тип Graco XHD) №441, арт.XHD441",Окрасочные аппараты и аксессуары>Сопла для окрасочных аппаратов
"Сопло HYVST (тип Graco XHD) №445, арт.XHD445",Окрасочные аппараты и аксессуары>Сопла для окрасочных аппаратов
"Сопло HYVST (тип Graco RAC-X) №531, арт.GXTIP531",Акции на строительный инструмент
"Сопло HYVST (тип Graco XHD) №449, арт.XHD449",Окрасочные аппараты и аксессуары>Сопла для окрасочных аппаратов
"Сопло HYVST (тип Graco RAC-X) №533, арт.GXTIP533",Акции на строительный инструмент
"Сопло HYVST (тип Graco XHD) №511, арт.XHD511",Окрасочные аппараты и аксессуары>Сопла для окрасочных аппаратов
"Сопло HYVST (тип Graco RAC-X) №535, арт.GXTIP535",Акции на строительный инструмент
"Сопло HYVST (тип Graco XHD) №513, арт.XHD513",Окрасочные аппараты и аксессуары>Сопла для окрасочных аппаратов
"Сопло HYVST (тип Graco RAC-X) №537, арт.GXTIP537",Акции на строительный инструмент
"Сопло HYVST (тип Graco XHD) №517, арт.XHD517",Окрасочные аппараты и аксессуары>Сопла для окрасочных аппаратов
"Сопло HYVST (тип Graco RAC-X) №539, арт.GXTIP539",Акции на строительный инструмент
"Сопло HYVST (тип Graco RAC-X)  №663, арт.GXTIP663",Окрасочные аппараты и аксессуары>Сопла для окрасочных аппаратов
"Сопло HYVST (тип Graco RAC-X)  №709, арт.GXTIP709",Окрасочные аппараты и аксессуары>Сопла для окрасочных аппаратов
"Сопло HYVST (тип Graco RAC-X)  №919, арт.GXTIP919",Окрасочные аппараты и аксессуары>Сопла для окрасочных аппаратов
"Сопло HYVST (тип Graco RAC-X)  №831, арт.GXTIP831",Окрасочные аппараты и аксессуары>Сопла для окрасочных аппаратов
"Сопло HYVST (тип Graco RAC-X)  №829, арт.GXTIP829",Окрасочные аппараты и аксессуары>Сопла для окрасочных аппаратов
"Сопло HYVST (тип Graco RAC-V) №511, арт.GVTIP511",Акции на строительный инструмент
"Сопло HYVST (тип Graco RAC-X)  №825, арт.GXTIP825",Окрасочные аппараты и аксессуары>Сопла для окрасочных аппаратов
"Сопло HYVST (тип Graco RAC-X)  №823, арт.GXTIP823",Окрасочные аппараты и аксессуары>Сопла для окрасочных аппаратов
"Сопло HYVST (тип Graco RAC-X)  №821, арт.GXTIP821",Окрасочные аппараты и аксессуары>Сопла для окрасочных аппаратов
"Сопло HYVST (тип Graco RAC-X)  №819, арт.GXTIP819",Окрасочные аппараты и аксессуары>Сопла для окрасочных аппаратов
"Сопло HYVST (тип Graco RAC-X)  №817, арт.GXTIP817",Окрасочные аппараты и аксессуары>Сопла для окрасочных аппаратов
"Сопло HYVST (тип Graco RAC-X)  №731, арт.GXTIP731",Окрасочные аппараты и аксессуары>Сопла для окрасочных аппаратов
"Сопло HYVST (тип Graco RAC-X)  №729, арт.GXTIP729",Окрасочные аппараты и аксессуары>Сопла для окрасочных аппаратов
"Сопло HYVST (тип Graco RAC-X)  №727, арт.GXTIP727",Окрасочные аппараты и аксессуары>Сопла для окрасочных аппаратов
"Сопло HYVST (тип Graco RAC-X)  №725, арт.GXTIP725",Окрасочные аппараты и аксессуары>Сопла для окрасочных аппаратов
"Сопло HYVST (тип Graco RAC-X)  №723, арт.GXTIP723",Окрасочные аппараты и аксессуары>Сопла для окрасочных аппаратов
"Сопло HYVST (тип Graco RAC-X)  №721, арт.GXTIP721",Окрасочные аппараты и аксессуары>Сопла для окрасочных аппаратов
"Сопло HYVST (тип Graco RAC-X)  №931, арт.GXTIP931",Окрасочные аппараты и аксессуары>Сопла для окрасочных аппаратов
"Сопло HYVST (тип Graco RAC-X)  №929, арт.GXTIP929",Окрасочные аппараты и аксессуары>Сопла для окрасочных аппаратов
"Сопло HYVST (тип Graco RAC-X)  №927, арт.GXTIP927",Окрасочные аппараты и аксессуары>Сопла для окрасочных аппаратов
"Соплодержатель HYVST (XHD), арт.HXHP75-7/8N",Окрасочные аппараты и аксессуары>Сопла для окрасочных аппаратов
"Сопло HYVST (тип Graco XHD) №437, арт.XHD437",Окрасочные аппараты и аксессуары>Сопла для окрасочных аппаратов
"Сопло HYVST (тип Graco XHD) №435, арт.XHD435",Окрасочные аппараты и аксессуары>Сопла для окрасочных аппаратов
"Сопло HYVST (тип Graco XHD) №433, арт.XHD433",Окрасочные аппараты и аксессуары>Сопла для окрасочных аппаратов
"Сопло HYVST (тип Graco XHD) №431, арт.XHD431",Окрасочные аппараты и аксессуары>Сопла для окрасочных аппаратов
"Сопло HYVST (тип Graco XHD) №429, арт.XHD429",Окрасочные аппараты и аксессуары>Сопла для окрасочных аппаратов
"Сопло HYVST (тип Graco XHD) №427, арт.XHD427",Окрасочные аппараты и аксессуары>Сопла для окрасочных аппаратов
"Сопло HYVST (тип Graco XHD) №425, арт.XHD425",Окрасочные аппараты и аксессуары>Сопла для окрасочных аппаратов
"Сопло HYVST (тип Graco XHD) №423, арт.XHD423",Окрасочные аппараты и аксессуары>Сопла для окрасочных аппаратов
"Сопло HYVST (тип Graco XHD) №421, арт.XHD421",Окрасочные аппараты и аксессуары>Сопла для окрасочных аппаратов
"Сопло HYVST (тип Graco XHD) №419, арт.XHD419",Окрасочные аппараты и аксессуары>Сопла для окрасочных аппаратов
"Сопло HYVST (тип Graco XHD) №417, арт.XHD417",Окрасочные аппараты и аксессуары>Сопла для окрасочных аппаратов
"Сопло HYVST (тип Graco XHD) №415, арт.XHD415",Окрасочные аппараты и аксессуары>Сопла для окрасочных аппаратов
"Сопло HYVST (тип Graco XHD) №413, арт.XHD413",Окрасочные аппараты и аксессуары>Сопла для окрасочных аппаратов
"Сопло HYVST (тип Graco XHD) №411, арт.XHD411",Окрасочные аппараты и аксессуары>Сопла для окрасочных аппаратов
"Сопло HYVST (тип Graco XHD) №409, арт.XHD409",Окрасочные аппараты и аксессуары>Сопла для окрасочных аппаратов
"Сопло HYVST (тип Graco XHD) №349, арт.XHD349",Окрасочные аппараты и аксессуары>Сопла для окрасочных аппаратов
"Сопло HYVST (тип Graco XHD) №347, арт.XHD347",Окрасочные аппараты и аксессуары>Сопла для окрасочных аппаратов
"Сопло HYVST (тип Graco XHD) №345, арт.XHD345",Окрасочные аппараты и аксессуары>Сопла для окрасочных аппаратов
"Сопло HYVST (тип Graco XHD) №343, арт.XHD343",Окрасочные аппараты и аксессуары>Сопла для окрасочных аппаратов
"Сопло HYVST (тип Graco XHD) №341, арт.XHD341",Окрасочные аппараты и аксессуары>Сопла для окрасочных аппаратов
"Сопло HYVST (тип Graco XHD) №339, арт.XHD339",Окрасочные аппараты и аксессуары>Сопла для окрасочных аппаратов
"Сопло HYVST (тип Graco XHD) №337, арт.XHD337",Окрасочные аппараты и аксессуары>Сопла для окрасочных аппаратов
"Сопло HYVST (тип Graco XHD) №335, арт.XHD335",Окрасочные аппараты и аксессуары>Сопла для окрасочных аппаратов
"Сопло HYVST (тип Graco XHD) №333, арт.XHD333",Окрасочные аппараты и аксессуары>Сопла для окрасочных аппаратов
"Сопло HYVST (тип Graco XHD) №331, арт.XHD331",Окрасочные аппараты и аксессуары>Сопла для окрасочных аппаратов
"Сопло HYVST (тип Graco XHD) №329, арт.XHD329",Окрасочные аппараты и аксессуары>Сопла для окрасочных аппаратов
"Сопло HYVST (тип Graco XHD) №327, арт.XHD327",Окрасочные аппараты и аксессуары>Сопла для окрасочных аппаратов
"Сопло HYVST (тип Graco XHD) №325, арт.XHD325",Окрасочные аппараты и аксессуары>Сопла для окрасочных аппаратов
"Сопло HYVST (тип Graco XHD) №323, арт.XHD323",Окрасочные аппараты и аксессуары>Сопла для окрасочных аппаратов
"Сопло HYVST (тип Graco XHD) №321, арт.XHD321",Окрасочные аппараты и аксессуары>Сопла для окрасочных аппаратов
"Сопло HYVST (тип Graco XHD) №319, арт.XHD319",Окрасочные аппараты и аксессуары>Сопла для окрасочных аппаратов
"Сопло HYVST (тип Graco XHD) №317, арт.XHD317",Окрасочные аппараты и аксессуары>Сопла для окрасочных аппаратов
"Сопло HYVST (тип Graco XHD) №315, арт.XHD315",Окрасочные аппараты и аксессуары>Сопла для окрасочных аппаратов
"Сопло HYVST (тип Graco XHD) №313, арт.XHD313",Окрасочные аппараты и аксессуары>Сопла для окрасочных аппаратов
"Сопло HYVST (тип Graco XHD) №311, арт.XHD311",Окрасочные аппараты и аксессуары>Сопла для окрасочных аппаратов
"Сопло HYVST (тип Graco XHD) №309, арт.XHD309",Окрасочные аппараты и аксессуары>Сопла для окрасочных аппаратов
"Сопло HYVST (тип Graco XHD) №245, арт.XHD245",Окрасочные аппараты и аксессуары>Сопла для окрасочных аппаратов
"Сопло HYVST (тип Graco XHD) №243, арт.XHD243",Окрасочные аппараты и аксессуары>Сопла для окрасочных аппаратов
"Сопло HYVST (тип Graco XHD) №241, арт.XHD241",Окрасочные аппараты и аксессуары>Сопла для окрасочных аппаратов
"Сопло HYVST (тип Graco XHD) №239, арт.XHD239",Окрасочные аппараты и аксессуары>Сопла для окрасочных аппаратов
"Сопло HYVST (тип Graco XHD) №237, арт.XHD237",Окрасочные аппараты и аксессуары>Сопла для окрасочных аппаратов
"Сопло HYVST (тип Graco XHD) №235, арт.XHD235",Окрасочные аппараты и аксессуары>Сопла для окрасочных аппаратов
"Сопло HYVST (тип Graco XHD) №233, арт.XHD233",Окрасочные аппараты и аксессуары>Сопла для окрасочных аппаратов
"Сопло HYVST (тип Graco XHD) №231, арт.XHD231",Окрасочные аппараты и аксессуары>Сопла для окрасочных аппаратов
"Сопло HYVST (тип Graco XHD) №229, арт.XHD229",Окрасочные аппараты и аксессуары>Сопла для окрасочных аппаратов
"Сопло HYVST (тип Graco XHD) №227, арт.XHD227",Окрасочные аппараты и аксессуары>Сопла для окрасочных аппаратов
"Сопло HYVST (тип Graco XHD) №225, арт.XHD225",Окрасочные аппараты и аксессуары>Сопла для окрасочных аппаратов
"Сопло HYVST (тип Graco XHD) №223, арт.XHD223",Окрасочные аппараты и аксессуары>Сопла для окрасочных аппаратов
"Сопло HYVST (тип Graco XHD) №221, арт.XHD221",Окрасочные аппараты и аксессуары>Сопла для окрасочных аппаратов
"Сопло HYVST (тип Graco XHD) №219, арт.XHD219",Окрасочные аппараты и аксессуары>Сопла для окрасочных аппаратов
"Сопло HYVST (тип Graco XHD) №217, арт.XHD217",Окрасочные аппараты и аксессуары>Сопла для окрасочных аппаратов
"Сопло HYVST (тип Graco XHD) №215, арт.XHD215",Окрасочные аппараты и аксессуары>Сопла для окрасочных аппаратов
"Сопло HYVST (тип Graco XHD) №213, арт.XHD213",Акции на строительный инструмент
"Сопло HYVST (тип Graco XHD) №211, арт.XHD211",Окрасочные аппараты и аксессуары>Сопла для окрасочных аппаратов
"Сопло HYVST (тип Graco XHD) №209, арт.XHD209",Окрасочные аппараты и аксессуары>Сопла для окрасочных аппаратов
"Сопло HYVST (тип Graco XHD) №121, арт.XHD121",Окрасочные аппараты и аксессуары>Сопла для окрасочных аппаратов
"Сопло HYVST (тип Graco XHD) №119, арт.XHD119",Окрасочные аппараты и аксессуары>Сопла для окрасочных аппаратов
"Сопло HYVST (тип Graco XHD) №117, арт.XHD117",Окрасочные аппараты и аксессуары>Сопла для окрасочных аппаратов
"Сопло HYVST (тип Graco XHD) №115, арт.XHD115",Окрасочные аппараты и аксессуары>Сопла для окрасочных аппаратов
"Сопло HYVST (тип Graco XHD) №113, арт.XHD113",Окрасочные аппараты и аксессуары>Сопла для окрасочных аппаратов
"Сопло HYVST (тип Graco FRAC X FFLP) №412, арт.FRAC412",Окрасочные аппараты и аксессуары>Сопла для окрасочных аппаратов
"Сопло HYVST (тип Graco FRAC X FFLP) №414, арт.FRAC414",Окрасочные аппараты и аксессуары>Сопла для окрасочных аппаратов
"Сопло HYVST (тип Graco FRAC X FFLP) №510, арт.FRAC510",Акции на строительный инструмент
"Сопло HYVST (тип Graco FRAC X FFLP) №512, арт.FRAC512",Окрасочные аппараты и аксессуары>Сопла для окрасочных аппаратов
"Сопло HYVST (тип Graco FRAC X FFLP) №514, арт.FRAC514",Окрасочные аппараты и аксессуары>Сопла для окрасочных аппаратов
"Сопло HYVST (тип Graco FRAC X FFLP) №516, арт.FRAC516",Окрасочные аппараты и аксессуары
"Сопло HYVST (тип Graco FRAC) №518, арт.FRAC518",Акции на строительный инструмент
"Соплодержатель HYVST (RAC-V), арт.HWTG75-7/8N",Окрасочные аппараты и аксессуары>Сопла для окрасочных аппаратов
"Соплодержатель HYVST (FRAC/RAC-X), арт.HRAC40-7/8N",Окрасочные аппараты и аксессуары>Сопла для окрасочных аппаратов
"Опора для рук во время нанесения клея, затирки плитки DLT, арт.2570",Инструмент для крупноформатной плитки
"Крюк на балку 20х40 D=10 L=40 (оц.), арт.3208",Стеллажи для инструментов
"Корзина на перфорацию L=500 K=200 H=40, наклонная, арт.3207",Стеллажи для инструментов
"Корзина на перфорацию L=250 K=200 H=40, наклонная, арт.3206",Стеллажи для инструментов
"Корзина на перфорацию L=100 K=200 H=40, наклонная, арт.3205",Стеллажи для инструментов
"Сопло HYVST (тип Graco XHD) №721, арт.XHD721",Окрасочные аппараты и аксессуары>Сопла для окрасочных аппаратов
"Сопло HYVST (тип Graco XHD) №719, арт.XHD719",Окрасочные аппараты и аксессуары>Сопла для окрасочных аппаратов
"Сопло HYVST (тип Graco XHD) №717, арт.XHD717",Окрасочные аппараты и аксессуары>Сопла для окрасочных аппаратов
"Сопло HYVST (тип Graco XHD) №711, арт.XHD711",Окрасочные аппараты и аксессуары>Сопла для окрасочных аппаратов
"Сопло HYVST (тип Graco XHD) №709, арт.XHD709",Окрасочные аппараты и аксессуары>Сопла для окрасочных аппаратов
Сопло HYVST (тип Graco XHD) №665 арт.XHD665,Окрасочные аппараты и аксессуары>Сопла для окрасочных аппаратов
"Сопло HYVST (тип Graco XHD) №663, арт.XHD663",Окрасочные аппараты и аксессуары>Сопла для окрасочных аппаратов
"Сопло HYVST (тип Graco XHD) №661, арт.XHD661",Окрасочные аппараты и аксессуары>Сопла для окрасочных аппаратов
"Сопло HYVST (тип Graco XHD) №659, арт.XHD659",Окрасочные аппараты и аксессуары>Сопла для окрасочных аппаратов
"Сопло HYVST (тип Graco XHD) №657, арт.XHD657",Окрасочные аппараты и аксессуары>Сопла для окрасочных аппаратов
"Сопло HYVST (тип Graco XHD) №655, арт.XHD655",Окрасочные аппараты и аксессуары>Сопла для окрасочных аппаратов
"Сопло HYVST (тип Graco XHD) №653, арт.XHD653",Окрасочные аппараты и аксессуары>Сопла для окрасочных аппаратов
"Сопло HYVST (тип Graco XHD) №651, арт.XHD651",Окрасочные аппараты и аксессуары>Сопла для окрасочных аппаратов
"Сопло HYVST (тип Graco XHD) №649, арт.XHD649",Окрасочные аппараты и аксессуары>Сопла для окрасочных аппаратов
Сопло HYVST (тип Graco XHD) №647 арт.XHD647,Окрасочные аппараты и аксессуары>Сопла для окрасочных аппаратов
"Сопло HYVST (тип Graco XHD) №645, арт.XHD645",Окрасочные аппараты и аксессуары>Сопла для окрасочных аппаратов
"Сопло HYVST (тип Graco XHD) №643, арт.XHD643",Окрасочные аппараты и аксессуары>Сопла для окрасочных аппаратов
"Сопло HYVST (тип Graco XHD) №641, арт.XHD641",Окрасочные аппараты и аксессуары>Сопла для окрасочных аппаратов
"Сопло HYVST (тип Graco XHD) №639, арт.XHD639",Окрасочные аппараты и аксессуары>Сопла для окрасочных аппаратов
"Сопло HYVST (тип Graco XHD) №637, арт.XHD637",Окрасочные аппараты и аксессуары>Сопла для окрасочных аппаратов
"Сопло HYVST (тип Graco XHD) №635, арт.XHD635",Окрасочные аппараты и аксессуары>Сопла для окрасочных аппаратов
"Сопло HYVST (тип Graco XHD) №633, арт.XHD633",Окрасочные аппараты и аксессуары>Сопла для окрасочных аппаратов
"Сопло HYVST (тип Graco XHD) №631, арт.XHD631",Окрасочные аппараты и аксессуары>Сопла для окрасочных аппаратов
"Сопло HYVST (тип Graco XHD) №629, арт.XHD629",Окрасочные аппараты и аксессуары>Сопла для окрасочных аппаратов
"Сопло HYVST (тип Graco XHD) №627, арт.XHD627",Окрасочные аппараты и аксессуары>Сопла для окрасочных аппаратов
"Сопло HYVST (тип Graco XHD) №625, арт.XHD625",Окрасочные аппараты и аксессуары>Сопла для окрасочных аппаратов
"Сопло HYVST (тип Graco XHD) №623, арт.XHD623",Окрасочные аппараты и аксессуары>Сопла для окрасочных аппаратов
"Сопло HYVST (тип Graco XHD) №621, арт.XHD621",Окрасочные аппараты и аксессуары>Сопла для окрасочных аппаратов
"Сопло HYVST (тип Graco XHD) №619, арт.XHD619",Окрасочные аппараты и аксессуары>Сопла для окрасочных аппаратов
"Сопло HYVST (тип Graco XHD) №617, арт.XHD617",Окрасочные аппараты и аксессуары>Сопла для окрасочных аппаратов
"Сопло HYVST (тип Graco XHD) №615, арт.XHD615",Окрасочные аппараты и аксессуары>Сопла для окрасочных аппаратов
"Сопло HYVST (тип Graco XHD) №613, арт.XHD613",Окрасочные аппараты и аксессуары>Сопла для окрасочных аппаратов
"Сопло HYVST (тип Graco XHD) №611, арт.XHD611",Окрасочные аппараты и аксессуары>Сопла для окрасочных аппаратов
"Сопло HYVST (тип Graco XHD) №609, арт.XHD609",Окрасочные аппараты и аксессуары>Сопла для окрасочных аппаратов
"Сопло HYVST (тип Graco XHD) №555, арт.XHD555",Окрасочные аппараты и аксессуары>Сопла для окрасочных аппаратов
"Сопло HYVST (тип Graco XHD) №553, арт.XHD553",Окрасочные аппараты и аксессуары>Сопла для окрасочных аппаратов
"Сопло HYVST (тип Graco XHD) №551, арт.XHD551",Окрасочные аппараты и аксессуары>Сопла для окрасочных аппаратов
"Сопло HYVST (тип Graco XHD) №549, арт.XHD549",Окрасочные аппараты и аксессуары>Сопла для окрасочных аппаратов
"Сопло HYVST (тип Graco XHD) №547, арт.XHD547",Окрасочные аппараты и аксессуары>Сопла для окрасочных аппаратов
"Сопло HYVST (тип Graco XHD) №545, арт.XHD545",Окрасочные аппараты и аксессуары>Сопла для окрасочных аппаратов
"Сопло HYVST (тип Graco XHD) №543, арт.XHD543",Окрасочные аппараты и аксессуары>Сопла для окрасочных аппаратов
"Сопло HYVST (тип Graco XHD) №541, арт.XHD541",Окрасочные аппараты и аксессуары>Сопла для окрасочных аппаратов
"Сопло HYVST (тип Graco XHD) №539, арт.XHD539",Окрасочные аппараты и аксессуары>Сопла для окрасочных аппаратов
"Сопло HYVST (тип Graco XHD) №537, арт.XHD537",Окрасочные аппараты и аксессуары>Сопла для окрасочных аппаратов
"Сопло HYVST (тип Graco XHD) №535, арт.XHD535",Окрасочные аппараты и аксессуары>Сопла для окрасочных аппаратов
"Сопло HYVST (тип Graco XHD) №533, арт.XHD533",Окрасочные аппараты и аксессуары>Сопла для окрасочных аппаратов
"Сопло HYVST (тип Graco XHD) №531, арт.XHD531",Окрасочные аппараты и аксессуары>Сопла для окрасочных аппаратов
"Сопло HYVST (тип Graco XHD) №529, арт.XHD529",Окрасочные аппараты и аксессуары>Сопла для окрасочных аппаратов
"Сопло HYVST (тип Graco XHD) №527, арт.XHD527",Окрасочные аппараты и аксессуары>Сопла для окрасочных аппаратов
"Сопло HYVST (тип Graco XHD) №525, арт.XHD525",Окрасочные аппараты и аксессуары>Сопла для окрасочных аппаратов
"Сопло HYVST (тип Graco XHD) №109, арт.XHD109",Окрасочные аппараты и аксессуары>Сопла для окрасочных аппаратов
"Сопло HYVST (тип Graco XHD) №933, арт.XHD933",Окрасочные аппараты и аксессуары>Сопла для окрасочных аппаратов
"Сопло HYVST (тип Graco XHD) №931, арт.XHD931",Окрасочные аппараты и аксессуары>Сопла для окрасочных аппаратов
"Сопло HYVST (тип Graco XHD) №929, арт.XHD929",Окрасочные аппараты и аксессуары>Сопла для окрасочных аппаратов
"Сопло HYVST (тип Graco XHD) №927, арт.XHD927",Окрасочные аппараты и аксессуары>Сопла для окрасочных аппаратов
"Сопло HYVST (тип Graco XHD) №925, арт.XHD925",Окрасочные аппараты и аксессуары>Сопла для окрасочных аппаратов
"Сопло HYVST (тип Graco XHD) №923, арт.XHD923",Окрасочные аппараты и аксессуары>Сопла для окрасочных аппаратов
"Сопло HYVST (тип Graco XHD) №921, арт.XHD921",Окрасочные аппараты и аксессуары>Сопла для окрасочных аппаратов
"Сопло HYVST (тип Graco XHD) №919, арт.XHD919",Окрасочные аппараты и аксессуары>Сопла для окрасочных аппаратов
"Сопло HYVST (тип Graco XHD) №831, арт.XHD831",Окрасочные аппараты и аксессуары>Сопла для окрасочных аппаратов
"Сопло HYVST (тип Graco XHD) №829, арт.XHD829",Окрасочные аппараты и аксессуары>Сопла для окрасочных аппаратов
"Сопло HYVST (тип Graco XHD) №827, арт.XHD827",Окрасочные аппараты и аксессуары>Сопла для окрасочных аппаратов
"Сопло HYVST (тип Graco XHD) №825, арт.XHD825",Окрасочные аппараты и аксессуары>Сопла для окрасочных аппаратов
"Сопло HYVST (тип Graco XHD) №823, арт.XHD823",Окрасочные аппараты и аксессуары>Сопла для окрасочных аппаратов
"Сопло HYVST (тип Graco XHD) №821, арт.XHD821",Окрасочные аппараты и аксессуары>Сопла для окрасочных аппаратов
"Сопло HYVST (тип Graco XHD) №819, арт.XHD819",Окрасочные аппараты и аксессуары>Сопла для окрасочных аппаратов
"Сопло HYVST (тип Graco XHD) №817, арт.XHD817",Окрасочные аппараты и аксессуары>Сопла для окрасочных аппаратов
"Сопло HYVST (тип Graco XHD) №731, арт.XHD731",Окрасочные аппараты и аксессуары>Сопла для окрасочных аппаратов
"Сопло HYVST (тип Graco XHD) №729, арт.XHD729",Окрасочные аппараты и аксессуары>Сопла для окрасочных аппаратов
"Сопло HYVST (тип Graco XHD) №727, арт.XHD727",Окрасочные аппараты и аксессуары>Сопла для окрасочных аппаратов
"Сопло HYVST (тип Graco XHD) №523, арт.XHD523",Окрасочные аппараты и аксессуары>Сопла для окрасочных аппаратов
"Сопло HYVST (тип Graco XHD) №725, арт.XHD725",Окрасочные аппараты и аксессуары>Сопла для окрасочных аппаратов
"Сопло HYVST (тип Graco XHD) №723, арт.XHD723",Окрасочные аппараты и аксессуары>Сопла для окрасочных аппаратов
"Сопло HYVST (тип Graco FRAC X FFLP) №410, арт.FRAC410",Окрасочные аппараты и аксессуары
"Сопло HYVST (тип Graco FRAC X FFLP) №314, арт.FRAC314",Акции на строительный инструмент
"Сопло HYVST (тип Graco FRAC X FFLP) №312, арт.FRAC312",Окрасочные аппараты и аксессуары
"Сопло HYVST (тип Graco FRAC X FFLP) №310, арт.FRAC310",Окрасочные аппараты и аксессуары
"Сопло HYVST (тип Graco FRAC X FFLP) №308, арт.FRAC308",Окрасочные аппараты и аксессуары
"Сопло HYVST (тип Graco FRAC X FFLP) №214, арт.FRAC214",Акции на строительный инструмент
"Сопло HYVST (тип Graco FRAC X FFLP) №212, арт.FRAC212",Окрасочные аппараты и аксессуары
"Сопло HYVST (тип Graco FRAC X FFLP) №210, арт.FRAC210",Окрасочные аппараты и аксессуары
"Сопло HYVST (тип Graco FRAC X FFLP) №208, арт.FRAC208",Окрасочные аппараты и аксессуары
"Сопло HYVST (тип Graco FRAC X FFLP) №112, арт.FRAC112",Акции на строительный инструмент
"Сопло HYVST (тип Graco FRAC X FFLP) №110, арт.FRAC110",Окрасочные аппараты и аксессуары
"Сопло HYVST (тип Graco FRAC X FFLP) №108, арт.FRAC108",Окрасочные аппараты и аксессуары 
"Круг шлифовальный DLT GrandFlex BLUE-CERAMIC, P40, 150мм, 10шт, (на бумаге, керамика и оксид алюминия), арт.3027",Шлифовальные машины для стен/потолков/пола>Шлифовальные круги и сетки>P40-60
"Круг шлифовальный DLT GrandFlex BLUE-CERAMIC, P240, 150мм, 10шт, (на бумаге, керамика и оксид алюминия), арт.3031",Шлифовальные машины для стен/потолков/пола>Шлифовальные круги и сетки>P240-320
"Круг шлифовальный DLT GrandFlex BLUE-CERAMIC, P120, 150мм, 10шт, (на бумаге, керамика и оксид алюминия), арт.3029",Шлифовальные машины для стен/потолков/пола>Шлифовальные круги и сетки>P120-150
"Круг шлифовальный DLT GrandFlex BLUE-CERAMIC, P80, 150мм, 10шт, (на бумаге, керамика и оксид алюминия), арт.3028",Акции на строительный инструмент
"Круг шлифовальный DLT GrandFlex BLUE-CERAMIC, P240, 225мм, 10шт, (на бумаге, керамика и оксид алюминия), арт.3002",Шлифовальные машины для стен/потолков/пола>Шлифовальные круги и сетки>P240-320
"Круг шлифовальный DLT GrandFlex BLUE-CERAMIC, P180, 225мм, 10шт, (на бумаге, керамика и оксид алюминия), арт.3001",Шлифовальные машины для стен/потолков/пола>Шлифовальные круги и сетки>P180-220
"Круг шлифовальный DLT GrandFlex BLUE-CERAMIC, P120, 225мм, 10шт, (на бумаге, керамика и оксид алюминия), арт.3000",Шлифовальные машины для стен/потолков/пола>Шлифовальные круги и сетки>P120-150
"Круг шлифовальный DLT GrandFlex BLUE-CERAMIC, P80, 225мм, 10шт, (на бумаге, керамика и оксид алюминия), арт.2999",Шлифовальные машины для стен/потолков/пола>Шлифовальные круги и сетки>P80-100
"Круг шлифовальный DLT GrandFlex BLUE-CERAMIC, P40, 225мм, 10шт, (на бумаге, керамика и оксид алюминия), арт.2998",Шлифовальные машины для стен/потолков/пола>Шлифовальные круги и сетки>P40-60
"Присоска DLT для гладкой и рельефной поверхности, арт.2609",Инструмент для укладки плитки>Присоски для плитки и стекла>Обычные присоски
"Круг шлифовальный DLT GrandFlex FILM-CERAMIC, P240, 150мм, 10шт, (на плёнке, керамика точной формы), арт.3026",Шлифовальные машины для стен/потолков/пола>Шлифовальные круги и сетки>P240-320
"Круг шлифовальный DLT GrandFlex FILM-CERAMIC, P180, 150мм, 10шт, (на плёнке, керамика точной формы), арт.3025",Акции на строительный инструмент
"Круг шлифовальный DLT GrandFlex FILM-CERAMIC, P120, 150мм, 10шт, (на плёнке, керамика точной формы), арт.3024",Шлифовальные машины для стен/потолков/пола>Шлифовальные круги и сетки>P120-150
"Круг шлифовальный DLT GrandFlex FILM-CERAMIC, P80, 150мм, 10шт, (на плёнке, керамика точной формы), арт.3023",Акции на строительный инструмент
"Круг шлифовальный DLT GrandFlex FILM-CERAMIC, P240, 225мм, 10шт, (на плёнке, керамика точной формы), арт.3010",Шлифовальные машины для стен/потолков/пола>Шлифовальные круги и сетки>P240-320
"Круг шлифовальный DLT GrandFlex FILM-CERAMIC, P180, 225мм, 10шт, (на плёнке, керамика точной формы), арт.3009",Шлифовальные машины для стен/потолков/пола>Шлифовальные круги и сетки>P180-220
"Круг шлифовальный DLT GrandFlex FILM-CERAMIC, P120, 225мм, 10шт, (на плёнке, керамика точной формы), арт.3008",Шлифовальные машины для стен/потолков/пола>Шлифовальные круги и сетки>P120-150
"Круг шлифовальный DLT GrandFlex FILM-CERAMIC, P80, 225мм, 10шт, (на плёнке, керамика точной формы), арт.3007",Шлифовальные машины для стен/потолков/пола>Шлифовальные круги и сетки>P80-100
"Круг шлифовальный DLT GrandFlex PURO-CERAMIC, P240, 225мм, 10шт, (на бумаге, керамика точной формы), арт.3006",Шлифовальные машины для стен/потолков/пола
"Круг шлифовальный DLT GrandFlex PURO-CERAMIC, P180, 225мм, 10шт, (на бумаге, керамика точной формы), арт.3005",Шлифовальные машины для стен/потолков/пола>Шлифовальные круги и сетки>P180-220
"Круг шлифовальный DLT GrandFlex PURO-CERAMIC, P120, 225мм, 10шт, (на бумаге, керамика точной формы), арт.3004",Шлифовальные машины для стен/потолков/пола>Шлифовальные круги и сетки>P120-150
"Круг шлифовальный DLT GrandFlex PURO-CERAMIC, P80, 225мм, 10шт, (на бумаге, керамика точной формы), арт.3003",Шлифовальные машины для стен/потолков/пола>Шлифовальные круги и сетки>P80-100
"Круг шлифовальный сетка DLT GrandFlex BLUE-NET CERAMIC, P240, 150 мм, 10шт, (керамика), арт.3035",Шлифовальные машины для стен/потолков/пола>Шлифовальные круги и сетки>P240-320
"Круг шлифовальный сетка DLT GrandFlex BLUE-NET CERAMIC, P180, 150 мм, 10шт, (керамика), арт.3034",Акции на строительный инструмент
"Круг шлифовальный сетка DLT GrandFlex BLUE-NET CERAMIC, P120, 150 мм, 10шт, (керамика), арт.3033",Малярный и штукатурный инструмент>Абразивные материалы>Шлифовальные сетки>P120-150
"Круг шлифовальный сетка DLT GrandFlex BLUE-NET CERAMIC, P80, 150 мм, 10шт, (керамика), арт.3032",Акции на строительный инструмент
"Круг шлифовальный сетка DLT GrandFlex BLUE-NET CERAMIC, P240, 225мм, 10шт, (керамика точной формы), арт.3014",Шлифовальные машины для стен/потолков /пола>Шлифовальные круги и сетки>P240-320
"Круг шлифовальный сетка DLT GrandFlex BLUE-NET CERAMIC, P180, 225мм, 10шт, (керамика точной формы), арт.3013",Шлифовальные машины для стен/потолков/пола>Шлифовальные круги и сетки>P180-220
"Круг шлифовальный сетка DLT GrandFlex BLUE-NET CERAMIC, P120, 225мм, 10шт, (керамика точной формы), арт.3012",Шлифовальные машины для стен/потолков/пола>Шлифовальные круги и сетки>P120-150
"Круг шлифовальный сетка DLT GrandFlex BLUE-NET CERAMIC, P80, 225мм, 10шт, (керамика точной формы), арт.3011",Шлифовальные машины для стен/потолков/пола>Шлифовальные круги и сетки>P80-100
"Круг шлифовальный сетка DLT GrandFlex RED-NET, P240, 225мм, 10шт, (оксид алюминия), арт.3018",Шлифовальные машины для стен/потолков/пола>Шлифовальные круги и сетки>P240-320
"Круг шлифовальный сетка DLT GrandFlex RED-NET, P180, 225мм, 10шт, (оксид алюминия), арт.3017",Шлифовальные машины для стен/потолков/пола>Шлифовальные круги и сетки>P180-220
"Круг шлифовальный сетка DLT GrandFlex RED-NET, P120, 225мм, 10шт, (оксид алюминия), арт.3016",Шлифовальные машины для стен/потолков/пола>Шлифовальные круги и сетки>P120-150
"Круг шлифовальный сетка DLT GrandFlex RED-NET, P80, 225мм, 10шт, (оксид алюминия), арт.3015",Шлифовальные машины для стен/потолков/пола>Шлифовальные круги и сетки>P80-100
"Шлифовальный лист в рулоне DLT GrandFlex PURO-ROLL, P240, 70мм*12м, (керамика точной формы), арт.3022",Малярный и штукатурный инструмент>Абразивные материалы
"Шлифовальный лист в рулоне DLT GrandFlex PURO-ROLL, P180, 70мм*12м, (керамика точной формы), арт.0898",Акции на строительный инструмент
"Шлифовальный лист в рулоне DLT GrandFlex PURO-ROLL, P120, 70мм*12м, (керамика точной формы), арт.3020",Малярный и штукатурный инструмент>Абразивные материалы
"Шлифовальный лист в рулоне DLT GrandFlex PURO-ROLL, P80, 70мм*12м, (керамика точной формы), арт.3019",Акции на строительный инструмент
"Шлифмашина Жираф MAX-XT R7233B-E, арт.3340",Шлифовальные машины для стен/потолков/пола>Шлифмашины Жираф
"Инструмент для очистки плиточных швов DLT, арт.2569",Инструмент для укладки плитки>Разное для укладки
"Шлифмашина Жираф MAX-XT R7233B-SG, арт.3341",Шлифовальные машины для стен/потолков/пола>Шлифмашины Жираф
"Ведро строительное гибкое, DLT, 10л (факт. 9,8л), тип ITALIANO, арт.2889",Гибкие ведра и гибкие ёмкости
"Ёмкость строительная гибкая, DLT,30л (факт. 30л), тип CARBONER, арт.2890",Гибкие ведра и гибкие ёмкости
"Кювета строительная гибкая, DLT, 30л, тип RUBTRAY, арт.2891",Гибкие ведра и гибкие ёмкости
"Кювета строительная гибкая, DLT, 16л, тип RUBTRAY, арт.2892",Гибкие ведра и гибкие ёмкости
"Кювета строительная гибкая, DLT, 40 л, тип RUBTRAY, арт.2893",Гибкие ведра и гибкие ёмкости
"Кювета строительная гибкая, DLT, 10л, тип RUBTRAY, арт.2899",Гибкие ведра и гибкие ёмкости
"Ёмкость строительная гибкая, DLT, 85л (факт. 78л), тип ESPUERTA, арт.2894",Гибкие ведра и гибкие ёмкости
"Ёмкость строительная гибкая, DLT, 35л (факт. 35л), ESPUERTA, арт.2896",Гибкие ведра и гибкие ёмкости
"Ёмкость строительная гибкая, DLT, 21л (факт. 20л), тип ESPUERTA, арт.2897",Гибкие ведра и гибкие ёмкости
"Таз строительный гибкий, DLT, 12л (факт. 12л), тип ESPUERTA, арт.2898",Гибкие ведра и гибкие ёмкости
"Ёмкость строительная гибкая, DLT, 50л (факт. 42л), тип RUBTUB, арт.2895",Гибкие ведра и гибкие ёмкости
"Мастерок BIHUI 180мм (узкий), арт.BTCHG6",Шпателя для механизированной шпатлевки>Кельмы/мастерки
"Ведро строительное гибкое, DLT, 6л (факт. 5,7л), тип RUBBERBUCK, арт.2900",Гибкие ведра и гибкие ёмкости
"Ведро строительное гибкое усиленное, DLT, 8л (факт. 7,6л), тип RUBBERBUCK, арт.2901",Гибкие ведра и гибкие ёмкости
"Ведро строительное гибкое с градуировкой, DLT, 8л (факт. 7,3л), тип RUBBERBUCK, арт.2902",Гибкие ведра и гибкие ёмкости
"Ведро строительное гибкое, широкое, DLT, 10л (факт. 9л), тип RUBBERBUCK, арт.2904",Гибкие ведра и гибкие ёмкости
"Ведро строительное гибкое с носиком, DLT, 12л (факт. 12л), тип RUBBERBUCK, арт.2905",Гибкие ведра и гибкие ёмкости
"Ведро строительное гибкое с плоским краем, DLT, 17л (факт. 15,5л), тип RUBBERBUCK, арт.2906",Гибкие ведра и гибкие ёмкости
"Ведро гибкое с крышкой, DLT, 70л (факт. 65л), тип RUBBERBUCK, арт.2912",Гибкие ведра и гибкие ёмкости
"Ведро строительное гибкое, DLT, 10л (факт. 8,8л), тип RUBBERBUCK, арт.2903",Гибкие ведра и гибкие ёмкости
"Ведро строительное гибкое, DLT, 14л (факт. 13л), тип AGRO, арт.2908",Гибкие ведра и гибкие ёмкости
"Кювета круглая строительная гибкая, DLT, 60л (факт. 57л), тип RUBTUB, арт.2907",Гибкие ведра и гибкие ёмкости
"Ведро строительное гибкое с носиком, DLT, 10л (факт. 10л), тип INDUSTRY, арт.2909",Гибкие ведра и гибкие ёмкости
"Ёмкость строительная гибкая для каменщиков, DLT, 55л (факт. 49л), тип BRICKLAY, арт.2910",Гибкие ведра и гибкие ёмкости
"Ёмкость строительная гибкая для каменщиков, DLT, 90л (факт. 81л), тип BRICKLAY, арт.2911",Гибкие ведра и гибкие ёмкости
"Тарелка для шлифмашины MAX-XT, ультражесткая, арт.3354",Шлифовальные машины для стен/потолков/пола
"Запасная кнопка переключения для гравера DLT G-100, арт.2162",Запчасти
"Запасной регулятор скорости для гравера DLT G-100, арт.2172",Запчасти
"Запасные щетки двигателя гравера DLT G-100, арт.2182",Запчасти
"Запасной ротор двигателя гравера DLT G-100, арт.3238 (в сборе)",Запчасти
"Запасная присоска плиткореза DLT MAXSLim для гладких, матовых и рельефных поверхностей, арт.2610",Запчасти>Системы резки крупноформата
"Разделитель (сепаратор) для плиткореза DLT MAXSLim, арт.2611",Плиткорезы ручные>Аксессуары для ручных плиткорезов>Разделители (сепараторы)
"Запасной электродвигатель для плиткореза DLT SlimTronic, 3200мм, арт.1269",Запчасти>Электрические плиткорезы для крупноформатной плитки>DLT SlimTronic
"Тарелка опорная Ø50мм для гравера DLT G-100, арт.3239",Инструмент для укладки плитки>Круг алмазный гибкий шлифовальный
"Быстрозажимная насадка-патрон для гравера и бормашинки DLT, арт.3226",Инструмент для укладки плитки>Круг алмазный гибкий шлифовальный
"Зажим для системы выравнивания плитки (СВП) BIHUI 1,5мм, 250шт, арт.BLS2250",Система выравнивания плитки (СВП)>СВП BIHUI
"Кусачки для плитки BIHUI, арт. TND8",Инструмент для укладки плитки>Щипцы и кусачки для плитки 
"Кювета для краски/крышка для ведра Rollingdog 9” (23-28см), серия Professional, арт.20077",Акции на строительный инструмент
"Запасная каретка на плиткорезов DLT MAXLINE (часть 1), арт.3290",Запчасти>Плиткорезы ручные
"Зажим для системы выравнивания плитки (СВП) BIHUI 1мм, 250шт, арт.BLS1250",Система выравнивания плитки (СВП)>СВП BIHUI
"Пылеотвод для запила плитки под 45° от SpeedQuality, арт.3262",Акции на строительный инструмент
"Зажим для системы выравнивания плитки (СВП) BIHUI 1мм, 500шт, арт.BLS1500",Система выравнивания плитки (СВП)>СВП BIHUI
"Зажим для системы выравнивания плитки (СВП) BIHUI 1,5мм, 500шт., арт.BLS2500",Система выравнивания плитки (СВП)>СВП BIHUI
"Клин для системы выравнивания плитки (СВП) BIHUI 250шт., арт.BLSE250",Система выравнивания плитки (СВП)>СВП BIHUI
"Зажим для системы выравнивания плитки (СВП) BIHUI 2мм, 250шт, арт.BLSN250",Система выравнивания плитки (СВП)>СВП BIHUI
"Зажим для системы выравнивания плитки (СВП) BIHUI 0,5мм, 100шт, арт.BLSS100",Система выравнивания плитки (СВП)>СВП BIHUI
Кейс для алмазных коронок №5,Уцененные товары
"Подстолье складное BIHUI 2,3м х 1,2м, арт.LFFT",Инструмент для укладки плитки>Строительные столы/верстаки/подстолья
"Коронка алмазная по керамограниту BIHUI, 15мм (вакуумная пайка), арт.DBDF15",Алмазная оснастка>Алмазные коронки для плитки>Алмазные коронки по керамограниту (вакуумная пайка)
"Коронка алмазная по керамограниту BIHUI, 16мм (вакуумная пайка), арт.DBDF16",Алмазная оснастка>Алмазные коронки для плитки>Алмазные коронки по керамограниту (вакуумная пайка)
"Коронка алмазная по керамограниту BIHUI, 18мм (вакуумная пайка), арт.DBDF18",Алмазная оснастка>Алмазные коронки для плитки>Алмазные коронки по керамограниту (вакуумная пайка)
"Коронка алмазная по керамограниту BIHUI, 22мм (вакуумная пайка), арт.DBDF22",Алмазная оснастка>Алмазные коронки для плитки>Алмазные коронки по керамограниту (вакуумная пайка)
"Коронка алмазная по керамограниту BIHUI, 25мм (вакуумная пайка), арт.DBDF25",Алмазная оснастка>Алмазные коронки для плитки>Алмазные коронки по керамограниту (вакуумная пайка)
"Коронка алмазная по керамограниту BIHUI, 43мм (вакуумная пайка), арт.DBDF43",Алмазная оснастка>Алмазные коронки для плитки>Алмазные коронки по керамограниту (вакуумная пайка)
"Охлаждающий гель для сухого сверления BIHUI, арт.DBCW30",Алмазная оснастка>Аксессуары для алмазных коронок
"Алмазный диск BIHUI B-SLIM, 115мм, арт.DCDS115",Алмазная оснастка>Алмазные диски>Алмазные диски по керамике/керамограниту/граниту/мрамору
"Диск алмазный BIHUI B-VELOCITY, 125мм, арт.DCDV125",Алмазная оснастка>Алмазные диски>Алмазные диски по керамике/керамограниту/граниту/мрамору
"Алмазный гибкий круг (черепашка) BIHUI Ø100мм, #100, арт.DPP410",Инструмент для укладки плитки>Круг алмазный гибкий шлифовальный>АГШК #100
"Фреза алмазная конусная (сверло шарошка алмазное коническое) BIHUI, 35-75мм, арт.DMF3575",Алмазная оснастка>Алмазные коронки для плитки>Конусные алмазные фрезы
"Система водяного охлаждения для плиткореза BIHUI, арт.LFEC5-CP",Плиткорезы электрические (камнерезы/мокрорезы)>Аксессуары для электрических плиткорезов
"Запасное основание чаши для присоски BIHUI, арт.LFTBA-RB",Запчасти>Присоски вибро>BIHUI
"Слайдер АК77 для шин (плиткорезов) DLT MAXSLim и Sigma, арт. 3852",Плиткорезы ручные>Плиткорезы для крупноформатной плитки
"Запасное основание чаши для присоски BIHUI, арт.LFTBV-RB",Запчасти>Присоски вибро>BIHUI
"Насадка для смесителя (миксера) BIHUI, арт.MPD760",Акции на строительный инструмент
"Инструмент для раскатки мембраны под плитку BIHUI 500 мм, арт.UMR500",Бренды>BIHUI Tools Инструмент для укладки плитки Бихуэй (бихуй)
"Алмазная коронка-фреза BIHUI, 20-40мм, арт.DMM20",Алмазная оснастка>Алмазные коронки для плитки
Ручка пластиковая для виброприсоски DLT SUABU/VIBRO Mini арт. 1193,Запчасти>Присоски вибро>DLT SUABU/VIBRO Mini
Запасная плата управления виброприсоски DLT SUABU/VIBRO Mini арт.3240 ,Запчасти>Присоски вибро>DLT SUABU/VIBRO Mini
"Набор алмазного инструемнта BIHUI (16 предметов), арт.DBDFS16",Алмазная оснастка>Алмазные диски>Алмазные диски по керамике/керамограниту/граниту/мрамору
"Губка двухсторонняя строительная для затирки BIHUI 180 * 110 * 65 мм, арт.CFHC180",Инструмент для укладки плитки>Губки 
"Ручной шлифовальный блок с пылеотводом DLT серия GrandFlex, 69*400мм, арт. 3038",Акции на строительный инструмент
"Ручной шлифовальный блок с пылеотводом DLT серия GrandFlex, 69*124мм, арт. 3036",Акции на строительный инструмент
"Губка строительная для затирки BIHUI 160 * 100 * 60 мм, арт.CFHB160",Инструмент для укладки плитки>Губки 
"Ручной шлифовальный блок с пылеотводом DLT серия GrandFlex, 69*197мм, арт. 3037",Малярный и штукатурный инструмент>Абразивные материалы>Шлифовальные блоки и шайбы/наборы
"Диск для скругления плитки BIHUI Ø75мм, толщина 10мм, #50/60, арт.DGV310",Алмазная оснастка>Алмазные диски>Алмазные диски для скругления и ступеней
"Диск для скругления плитки BIHUI Ø75мм, толщина 20мм, #50/60, арт.DGV320",Алмазная оснастка>Алмазные диски>Алмазные диски для скругления и ступеней
"Диск радиусный BIHUI Ø75мм, толщина 10мм, #50/60, арт.DGR310",Алмазная оснастка>Алмазные диски>Алмазные диски для скругления и ступеней
Диск алмазный DLT для ступеней тип №1 арт.1694,Алмазная оснастка>Алмазные диски>Алмазные диски для электрических плиткорезов
Диск алмазный DLT для ступеней тип №2 арт.1712,Алмазная оснастка>Алмазные диски>Алмазные диски для электрических плиткорезов
"Диск алмазный DLT для ступеней тип №3, арт.1713",Алмазная оснастка>Алмазные диски>Алмазные диски для электрических плиткорезов
"Диск алмазный DLT для ступеней тип №4, арт.1714",Алмазная оснастка>Алмазные диски>Алмазные диски для электрических плиткорезов
"Плиткорез DLT PROLINE, рез до 1000мм, арт.0960",Плиткорезы ручные>Плиткорезы DLT
"Набор алмазных иголок (фрез) для гравера DLT, 1мм, 20шт, арт.2936",Алмазная оснастка>Алмазные диски>Алмазные диски для гравера
"Набор алмазных иголок (фрез) для гравера DLT, 1,5мм, 20шт, арт.2937",Алмазная оснастка>Алмазные диски>Алмазные диски для гравера
"Набор алмазных иголок (фрез) для гравера DLT, 1,8мм, 20шт, арт.2938",Алмазная оснастка>Алмазные диски>Алмазные диски для гравера
"Тарелка опорная DLT для алмазных черепашек Ø50мм (полиуретановая ), для УШМ, арт.2939",Инструмент для укладки плитки>Круг алмазный гибкий шлифовальный
" Тарелка опорная DLT для алмазных черепашек Ø50мм (полиуретановая ), концевик 3,2мм, арт.2940",Инструмент для укладки плитки>Круг алмазный гибкий шлифовальный
"Набор алмазных дисков для гравера DLT, вакуумная пайка, 10шт, 40мм, концевик 6мм., арт.2637",Алмазная оснастка>Алмазные диски>Алмазные диски для гравера
"Набор алмазных дисков для гравера DLT, вакуумная пайка, 10шт, 50мм, концевик 6мм., арт.2638",Алмазная оснастка>Алмазные диски>Алмазные диски для гравера
"Алмазный гибкий шлифовальный круг DLT №20, #30, 100мм, арт.2921",Инструмент для укладки плитки>Круг алмазный гибкий шлифовальный>АГШК #30
"Алмазный гибкий шлифовальный круг DLT №21, #100, 100мм, арт.2928",Инструмент для укладки плитки>Круг алмазный гибкий шлифовальный>АГШК #100
"Алмазный гибкий шлифовальный круг DLT №22, #100, 100мм, арт.2933",Инструмент для укладки плитки>Круг алмазный гибкий шлифовальный>АГШК #100
"Алмазный гибкий шлифовальный круг DLT №20, #50, 100мм, арт.2922",Инструмент для укладки плитки>Круг алмазный гибкий шлифовальный>АГШК #50-60
"Алмазный гибкий шлифовальный круг DLT №20, #100, 100мм, арт.2923",Инструмент для укладки плитки>Круг алмазный гибкий шлифовальный>АГШК #100
"Алмазный гибкий шлифовальный круг DLT №20, #200, 100мм, арт.2924",Инструмент для укладки плитки>Круг алмазный гибкий шлифовальный>АГШК #200
"Алмазный гибкий шлифовальный круг DLT №20, #400, 100мм, арт.2925",Инструмент для укладки плитки>Круг алмазный гибкий шлифовальный>АГШК #400
"Алмазный гибкий шлифовальный круг DLT №21, #30, 100мм, арт.2926",Инструмент для укладки плитки>Круг алмазный гибкий шлифовальный>АГШК #30
"Алмазный гибкий шлифовальный круг DLT №21, #50, 100мм, арт.2927",Инструмент для укладки плитки>Круг алмазный гибкий шлифовальный>АГШК #50-60
"Алмазный гибкий шлифовальный круг DLT №21, #200, 100мм, арт.2929",Инструмент для укладки плитки>Круг алмазный гибкий шлифовальный>АГШК #200
"Алмазный гибкий шлифовальный круг DLT №21, #400, 100мм, арт.2930",Инструмент для укладки плитки>Круг алмазный гибкий шлифовальный>АГШК #400
"Алмазный гибкий шлифовальный круг DLT №22, #30, 100мм, арт.2931",Инструмент для укладки плитки>Круг алмазный гибкий шлифовальный>АГШК #30
"Алмазный гибкий шлифовальный круг DLT №22, #50, 100мм, арт.2932",Инструмент для укладки плитки>Круг алмазный гибкий шлифовальный>АГШК #50-60
"Алмазный гибкий шлифовальный круг DLT №22, #200, 100мм, арт.2934",Инструмент для укладки плитки>Круг алмазный гибкий шлифовальный>АГШК #200
"Алмазный гибкий шлифовальный круг DLT №22, #400, 100мм, арт.2935",Инструмент для укладки плитки>Круг алмазный гибкий шлифовальный>АГШК #400
"Плиткорез электрический DLT OptiTronic Auto-1200, версия MAX, арт.2829",Плиткорезы электрические (камнерезы/мокрорезы)>Плиткорезы DLT
"Ведро гибкое с крышкой, DLT, 70л (факт. 65л), тип RUBBERBUCK, арт.2912",Гибкие ведра и гибкие ёмкости
"Шлифмашина Жираф MAX-XT R7202-F, арт.3339",Шлифовальные машины для стен/потолков/пола
"Диск алмазный КАТАNА X-Type Elite 115мм, арт.3299",Алмазная оснастка>Алмазные диски>Алмазные диски по керамике/керамограниту/граниту/мрамору
"Диск алмазный КАТАNА X-Type Elite 125мм, арт.3297",Алмазная оснастка>Алмазные диски>Алмазные диски по керамике/керамограниту/граниту/мрамору
"Диск алмазный КАТАNА Tsunami 125мм, арт.3315",Алмазная оснастка>Алмазные диски>Алмазные диски по керамике/керамограниту/граниту/мрамору
"Переходник универсальный для пылесоса BIHUI, арт.VCB38-06",Шлифовальные машины для стен/потолков/пола
"Диск алмазный для заусовки КАТАNА SHURIKEN 115 мм, арт.3313",Алмазная оснастка>Алмазные диски>Алмазные диски для заусовки плитки под 45°
"Диск алмазный КАТАNА ESTA 125 мм, арт.3312",Алмазная оснастка>Алмазные диски>Алмазные диски по керамике/керамограниту/граниту/мрамору
"Диск алмазный КАТАNА LOTUS для шлифовки 125 мм, на фланце М14, арт.3305",Алмазная оснастка>Алмазные диски>Универсальные шлифовально-отрезные алмазные диски
"Алмазная коронка 6мм KATANA DIAMOND CORE BIT, арт.3303",Алмазная оснастка>Алмазные коронки для плитки
"Алмазная коронка 8мм KATANA DIAMOND CORE BIT, арт.3302",Алмазная оснастка>Алмазные коронки для плитки
"Алмазная коронка 10мм KATANA DIAMOND CORE BIT, арт.3301",Алмазная оснастка>Алмазные коронки для плитки
"Алмазная коронка 20мм KATANA DIAMOND CORE BIT, арт.3298",Алмазная оснастка>Алмазные коронки для плитки
"Алмазная коронка 68мм KATANA DIAMOND CORE BIT, арт.3306",Алмазная оснастка>Алмазные коронки для плитки>Алмазные коронки по керамограниту (вакуумная пайка)
"Алмазная коронка 55мм KATANA DIAMOND CORE BIT, арт.3311",Алмазная оснастка>Алмазные коронки для плитки>Алмазные коронки по керамограниту (вакуумная пайка)
"Алмазная коронка 40мм KATANA DIAMOND CORE BIT, арт.3310",Алмазная оснастка>Алмазные коронки для плитки>Алмазные коронки по керамограниту (вакуумная пайка)
"Алмазная коронка 38мм KATANA DIAMOND CORE BIT, арт.3309",Алмазная оснастка>Алмазные коронки для плитки>Алмазные коронки по керамограниту (вакуумная пайка)
"Алмазная коронка 25мм KATANA DIAMOND CORE BIT, арт.3308",Алмазная оснастка>Алмазные коронки для плитки>Алмазные коронки по керамограниту (вакуумная пайка)
"Фреза конусообразная 2-38мм КАТАNА , арт.3304",Алмазная оснастка>Алмазные коронки для плитки>Конусные алмазные фрезы
"Алмазная коронка 12мм KATANA DIAMOND CORE BIT, арт.3300",Алмазная оснастка>Алмазные коронки для плитки>Алмазные коронки по керамограниту (вакуумная пайка)
"Фреза конусообразная 3-75 мм КАТАNА , арт.3307",Акции на строительный инструмент
"Зажим (СВП) 1.5мм PLM NORMA 500 шт., арт.3293",Система выравнивания плитки (СВП)>СВП Profi Level Master 
"Зажим (СВП) 1.5мм PLM NORMA 100 шт., арт.3294",Система выравнивания плитки (СВП)>СВП Profi Level Master 
"Зажим (СВП) 1мм PLM PICO 500 шт., арт.3295",Система выравнивания плитки (СВП)>СВП Profi Level Master 
"Зажим (СВП) 1мм PLM PICO 100 шт., арт.3296",Система выравнивания плитки (СВП)>СВП Profi Level Master
"Плиткорез механический BIHUI серии INCISE рез до 750 мм, арт.TCA750",Плиткорезы ручные>Плиткорезы BIHUI
"Плиткорез механический BIHUI рез до 1200мм, арт.TCC1200",Плиткорезы ручные>Плиткорезы BIHUI
"Киянка резиновая BIHUI, арт.RMWO24",Плиткорезы ручные
"Перчатки антивибрационные BIHUI, размер 10(XL), арт.TGAVXL",Акции на строительный инструмент
"Гребенка BIHUI 480х120мм, зуб 12мм, арт.PTSM12",Шпателя для механизированной шпатлевки>Зубчатые шпатели (гребенки)
"Гребенка BIHUI 480х120мм, зуб 8мм, арт.PTSM08",Шпателя для механизированной шпатлевки>Зубчатые шпатели (гребенки)
"Гребенка BIHUI 480х120мм, зуб 10мм, арт.PTSM10",Шпателя для механизированной шпатлевки>Зубчатые шпатели (гребенки)
"Запасной ротор для шлифмашина по бетону BIHUI, арт.CG1900-50",Запчасти>Шлифмашина по бетону BIHUI
"Ручка сменная BIHUI 220х68 мм, арт.PTSGSH",Шпателя для механизированной шпатлевки>Зубчатые шпатели (гребенки)
"Гладилка для стяжки BIHUI 450х100мм, арт.FTPT450",Акции на строительный инструмент
"Гладилка для стяжки BIHUI 300х100мм, арт.FTPT300",Акции на строительный инструмент
"Диск алмазный шлифовальный универсальный BIHUI #200, арт.DPF200",Алмазная оснастка>Алмазные диски>Чашки алмазные шлифовальные (алмазные фрезы)
"Диск алмазный шлифовальный универсальный BIHUI #60, арт.DPF060",Алмазная оснастка>Алмазные диски>Чашки алмазные шлифовальные (алмазные фрезы)
"Алмазная коронка-фреза BIHUI, 35-55мм, арт.DMM35",Алмазная оснастка>Алмазные коронки для плитки
"Алмазная коронка-фреза BIHUI, 50-70мм, арт.DMM50",Алмазная оснастка>Алмазные коронки для плитки
"Алмазная коронка-фреза BIHUI, 68-88мм, арт.DMM68",Алмазная оснастка>Алмазные коронки для плитки
"Коронка алмазная по керамограниту BIHUI, 57мм (вакуумная пайка), арт.DBDF57",Алмазная оснастка>Алмазные коронки для плитки>Алмазные коронки по керамограниту (вакуумная пайка)
"Коронка алмазная по керамограниту BIHUI, 32мм (вакуумная пайка), арт.DBDF32",Алмазная оснастка>Алмазные коронки для плитки>Алмазные коронки по керамограниту (вакуумная пайка)
"Коронка алмазная для плитки и камня BIHUI, 6мм (вакуумная пайка точной формы), арт.DBDB06",Алмазная оснастка>Алмазные коронки для плитки>Алмазные коронки по керамограниту (вакуумная пайка)
"Коронка алмазная для плитки и камня BIHUI, 8мм (вакуумная пайка точной формы), арт.DBDB08",Алмазная оснастка>Алмазные коронки для плитки>Алмазные коронки по керамограниту (вакуумная пайка)
"Коронка алмазная для плитки и камня BIHUI, 10мм (вакуумная пайка точной формы), арт.DBDB10",Алмазная оснастка>Алмазные коронки для плитки
"Коронка алмазная для плитки и камня BIHUI, 12мм (вакуумная пайка точной формы), арт.DBDB12",Алмазная оснастка>Алмазные коронки для плитки>Алмазные коронки по керамограниту (вакуумная пайка)
"Коронка алмазная для плитки и камня BIHUI, 20мм (вакуумная пайка точной формы), арт.DBDB20",Алмазная оснастка>Алмазные коронки для плитки
"Коронка алмазная для плитки и камня BIHUI, 25мм (вакуумная пайка точной формы), арт.DBDB25",Алмазная оснастка>Алмазные коронки для плитки
"Коронка алмазная для плитки и камня BIHUI, 35мм (вакуумная пайка точной формы), арт.DBDB35",Алмазная оснастка>Алмазные коронки для плитки
"Электрическая присоска BIHUI с АВТО подкачкой, для гладкой и рельефной поверхности, Ø8 дюймов, арт.SCBC8 ",Инструмент для укладки плитки>Присоски для плитки и стекла>Электрические присоски и поршни
"Стойка рекламная BIHUI, арт.BDSP02",Стеллажи для инструментов
"Гребенка BIHUI 160х115мм, зуб 6мм, арт.PTMN06",Акции на строительный инструмент
"Насадка для смесителя (миксера) BIHUI, арт.MPGZ160",Малярный и штукатурный инструмент>Венчики и насадки строительные
"Насадка для смесителя (миксера) BIHUI, арт.MPSC160",Малярный и штукатурный инструмент>Венчики и насадки строительные
"Насадка для смесителя (миксера) BIHUI, арт.MPSC120",Малярный и штукатурный инструмент>Венчики и насадки строительные
"Запасной кабель питания гравера DLT G-100, арт.3241",Запчасти>Граверы
"Угловое соединение для стеллажа DLT, арт.3554",Стеллажи для инструментов
"Пылеотвод для прямого реза от SpeedQuality, арт.3359",Инструмент для укладки плитки>Кожухи для УШМ/Пылеуловители/Кондукторы
"Ведро строительное гибкое (фиолетовое), 40л, арт.88729",Бренды>RUBI Плиткорезы и оборудование для укладки Руби
"Ведро строительное гибкое (темно-зеленое), 40л, арт.88728",Бренды>RUBI Плиткорезы и оборудование для укладки Руби
"Ведро строительное гибкое (красное), 40л, арт.88726",Бренды>RUBI Плиткорезы и оборудование для укладки Руби
"Лазерный уровень SHIJING E801-4D, арт.2634",Лазерные нивелиры (лазерные уровни)>4D
"Запасной электродвигатель для присоски электрической DLT VST-22 , арт.3221",Запчасти>Присоски электрические>DLT VST-22
"Запасной клапан сброса вакуума для присоски электрической DLT VST-22, арт.3224",Запчасти>Присоски электрические>DLT VST-22
"Запасной клапан фиксации вакуума для присоски электрической DLT VST-22, арт.3225",Запчасти>Присоски электрические>DLT VST-22
"Плиткорез электрический DLT OptiTronic Auto-1600 (версия PRO) с АВТОМАТИКОЙ , арт.2625",Плиткорезы электрические (камнерезы/мокрорезы)>Плиткорезы DLT
"Запасная плата управления для присоски электрической DLT VST-22, арт.3222",Запчасти>Присоски электрические>DLT VST-22
"Запасная кнопка для присоски электрической DLT VST-22, арт.3223",Запчасти>Присоски электрические>DLT VST-22
"Плиткорез DLT MAXLINE, рез до 2400мм",Плиткорезы ручные>Плиткорезы DLT
"Набор алмазных фрез BIHUI (6 предметов), арт.DBDFS6",Акции на строительный инструмент
"Разделительная мембрана для плитки с теплым полом DLT, рулон 1*5 м (5 м²), арт.3599",Инструмент для укладки плитки>Разделительные гидроизоляционные мембраны
"Плиткорез DLT PROLINE, рез до 600мм, арт.2652",Инструмент для укладки плитки>Ручные плиткорезы>Плиткорезы DLT
"Плиткорез DLT PROLINE, рез до 800мм, арт.0598",Плиткорезы ручные>Плиткорезы DLT
"Плиткорез электрический SHIJING, арт.9320",Плиткорезы электрические (камнерезы/мокрорезы)>Плиткорезы SHIJING
"Сумка BIHUI, арт.BPG06",Ящики для инструмента/Модульные системы
"Пылесос строительный DLT PL PRO MAX с авто очисткой, арт. 3234",Пылесосы строительные>Пылесосы
"Стойка рекламная Rollingdog, арт. DP-05",Стеллажи для инструментов
"Прижим DLT для выравнивания плитки на электрические плиткорезы с резом 1000-1200мм NEW, арт.2259",Плиткорезы электрические (камнерезы/мокрорезы)>Плиткорезы DLT
"Запасная кнопка с регулировкой дрели алмазного сверления (бурения) KEN 6110B, арт.3534",Запчасти>Установки алмазного сверления
"Виброприсоска для укладки плитки DLT Vibro MAX версия PRO, арт.9395",Инструмент для укладки плитки>Вибрационные присоски
"Смеситель строительный MAX-XT MPM1600-2, арт.3337",Миксер строительный/дрель-миксер
"Коронка алмазная для плитки и камня BIHUI, 70мм (вакуумная пайка точной формы), арт.DBDB70",Алмазная оснастка>Алмазные коронки для плитки>Алмазные коронки по керамограниту (вакуумная пайка)
"Универсальный шлифовально-отрезной алмазный диск BIHUI, 125мм, арт.DPG125",Алмазная оснастка>Алмазные диски>Алмазные диски для мозаики и стекла
"Коронка алмазная по керамограниту BIHUI, 70мм (вакуумная пайка), арт.DBDF70",Алмазная оснастка>Алмазные коронки для плитки>Алмазные коронки по керамограниту (вакуумная пайка)
"Коронка алмазная для плитки и камня BIHUI, 68мм (вакуумная пайка точной формы), арт.DBDB68",Алмазная оснастка>Алмазные коронки для плитки>Алмазные коронки по керамограниту (вакуумная пайка)
"Диск для скругления плитки BIHUI Ø75мм, толщина 15мм, #50/60, арт.DGV315",Алмазная оснастка>Алмазные диски>Алмазные диски для скругления и ступеней
"Алмазный диск BIHUI MINI THIN TURBO, 60мм, арт.DCW60",Бренды>BIHUI Tools Инструмент для укладки плитки Бихуэй (бихуй)
"Запасные накладки для раскладного стола BIHUI 12шт, арт.LFWB-R",Запчасти
"Корзина на перфорацию L=480 K=300 H=200, арт.3557",Стеллажи для инструментов
"Корзина на перфорацию L=250 K=300 H=200, арт.3556",Стеллажи для инструментов
"Рулетка строительная BIHUI 5 м с автостопом, арт.TMR5M",Бренды>BIHUI Tools Инструмент для укладки плитки Бихуэй (бихуй)
"Стол раскладной BIHUI, арт.TWTMST",Инструмент для укладки плитки>Крупноформат 
"Крюк для присосок с ц/д на перфорацию D=5 K=250, арт.3555",Стеллажи для инструментов
"Запасной лазерный указатель для плиткореза BIHUI, арт.TCSA1200-01",Запчасти>Плиткорезы электрические 
"Плиткорез механический BIHUI, 1600мм, арт.TCS1600",Плиткорезы ручные>Плиткорезы BIHUI
"Диск радиусный BIHUI Ø75мм, толщина 15мм, #50/60, арт.DGR315",Алмазная оснастка>Алмазные диски>Алмазные диски для скругления и ступеней
"Диск радиусный BIHUI Ø75мм, толщина 20мм, #50/60, арт.DGR320",Алмазная оснастка>Алмазные диски>Алмазные диски для скругления и ступеней
"Плиткорез механический BIHUI серии C-Lion, рез до 1200мм, арт.TCB1200 ",Плиткорезы ручные>Плиткорезы BIHUI
"Разделитель плитки (сепаратор) BIHUI, арт.LFTBH",Акции на строительный инструмент
"Диск алмазный BIHUI,120мм, арт.DCBS120",Алмазная оснастка>Алмазные диски>Алмазные диски для электрических плиткорезов
"Коронка алмазная по керамограниту BIHUI, 14мм (вакуумная пайка), арт.DBDF14",Алмазная оснастка>Алмазные коронки для плитки
"Коронка алмазная для плитки и камня BIHUI, 60мм (вакуумная пайка точной формы), арт.DBDB60",Алмазная оснастка>Алмазные коронки для плитки>Алмазные коронки по керамограниту (вакуумная пайка)
"Коронка алмазная для плитки и камня BIHUI, 57мм (вакуумная пайка точной формы), арт.DBDB57",Алмазная оснастка>Алмазные коронки для плитки
"Коронка алмазная для плитки и камня BIHUI, 55мм (вакуумная пайка точной формы), арт.DBDB55",Алмазная оснастка>Алмазные коронки для плитки>Алмазные коронки по керамограниту (вакуумная пайка)
"Коронка алмазная для плитки и камня BIHUI, 50мм (вакуумная пайка точной формы), арт.DBDB50",Алмазная оснастка>Алмазные коронки для плитки>Алмазные коронки по керамограниту (вакуумная пайка)
"Коронка алмазная для плитки и камня BIHUI, 43мм (вакуумная пайка точной формы), арт.DBDB43",Алмазная оснастка>Алмазные коронки для плитки>Алмазные коронки по керамограниту (вакуумная пайка)
"Коронка алмазная для плитки и камня BIHUI, 45мм (вакуумная пайка точной формы), арт.DBDB45",Алмазная оснастка>Алмазные коронки для плитки
"Коронка алмазная для плитки и камня BIHUI, 38мм (вакуумная пайка точной формы), арт.DBDB38",Алмазная оснастка>Алмазные коронки для плитки>Алмазные коронки по керамограниту (вакуумная пайка)
"Коронка алмазная для плитки и камня BIHUI, 16мм (вакуумная пайка точной формы), арт.DBDB16",Алмазная оснастка>Алмазные коронки для плитки>Алмазные коронки по керамограниту (вакуумная пайка)
"Гидроизоляционная лента DLT (оранжевая), 300 г/см², рулон 30 см * 10 м, арт.3575",Новинки в нашем ассортименте 
"Запасной пластиковый кожух двигателя привода диска электрического плиткореза BIHUI, арт.HVTN-S01",Запчасти
"Роликовый резец BIHUI для плиткореза Ø22мм, посадка 6мм, арт.TCM-SW",Плиткорезы ручные
"Алмазная коронка-фреза BIHUI, 40-60мм, арт.DBDP40",Алмазная оснастка>Алмазные коронки для плитки
"Запасной шаговый мотор электрического плиткореза DLT OptiTronic Auto, версия MAX, арт.3283",Запчасти>Плиткорезы электрические>DLT OptiTronic Auto (версия Max)
"Ограничитель фронтальный H55 L1000, арт.3559",Стеллажи для инструментов
"Запасной кран подачи воды дрели алмазного сверления (бурения) KEN 6110B, арт.3536",Запчасти>Установки алмазного сверления
"Гравер DLT G-100, арт.1151 NEW",Инструмент для укладки плитки>Граверы и оснастка
"Коронка алмазная для плитки и камня BIHUI, 30мм (вакуумная пайка точной формы), арт.DBDB30",Алмазная оснастка>Алмазные коронки для плитки
"Ограничитель фронтальный H170 L1000, арт.3558",Стеллажи для инструментов
"Насадка для смесителя (миксера) BIHUI, арт.MPGZ120",Миксер строительный/дрель-миксер
"Гидроизоляционная лента DLT (оранжевая), 300 г/см², рулон 12.5 см * 10 м, арт.3574",Новинки в нашем ассортименте
"Тарелка для шлифмашины MAX-XT, жесткая, арт.3353",Шлифовальные машины для стен/потолков и пола
"Диск алмазный BIHUI 115мм, арт.DCBG115",Алмазная оснастка>Алмазные диски>Алмазные диски по керамике/керамограниту/граниту/мрамору
"Кнопочный механизм для инсталляции, арт.3886",Бренды>Оборудование и приспособления для укладки плитки DLT 
"Запасная насадка для пылесоса BIHUI, арт.VCH30-02",Запчасти>Пылесосы>BIHUI VCH30
"Электрическая присоска BIHUI с АВТО подкачкой, для гладкой и рельефной поверхности, арт.LFBSL ",Инструмент для укладки плитки>Присоски для плитки и стекла>Электрические присоски и поршни
" Набор гребенок BIHUI (8 предметов), арт.PTSJA8",Инструмент для укладки плитки>Гребенки>Наборы
"Диск алмазный шлифовальный универсальный BIHUI #120, арт.DPS120",Алмазная оснастка>Алмазные диски>Чашки алмазные шлифовальные (алмазные фрезы)
"Диск алмазный шлифовальный универсальный BIHUI #60, арт.DPS060",Алмазная оснастка>Алмазные диски>Чашки алмазные шлифовальные (алмазные фрезы)
"Диск алмазный шлифовальный универсальный BIHUI #200, арт.DPS200",Алмазная оснастка>Алмазные диски>Чашки алмазные шлифовальные (алмазные фрезы)
"Запасная деталь крепления направляющей плиткореза DLT MAXLINE для лазера, арт.3373",Запчасти
"Коронка алмазная по керамограниту BIHUI, 28мм (вакуумная пайка), арт.DBDF28",Алмазная оснастка>Алмазные коронки для плитки>Алмазные коронки по керамограниту (вакуумная пайка)
"Коронка алмазная по керамограниту BIHUI, 30мм (вакуумная пайка), арт.DBDF30",Алмазная оснастка>Алмазные коронки для плитки>Алмазные коронки по керамограниту (вакуумная пайка)
"Коронка алмазная по керамограниту BIHUI, 55мм (вакуумная пайка), арт.DBDF55",Алмазная оснастка>Алмазные коронки для плитки>Алмазные коронки по керамограниту (вакуумная пайка)
"Терка для эпоксидной затирки BIHUI, арт.CFSRS",Малярный и штукатурный инструмент>Тёрки для отделочных работ
"Многофункциональная присоска DLT для работы с плиткой, арт.3541",Инструмент для укладки плитки>Присоски для плитки и стекла>Обычные присоски
"Запасная каретка электрического плиткореза DLT Optitronic (версия PRO), арт.3654",Запчасти
"Угловой валик для нанесения шпатлёвки DLT, арт.3260",Шпателя для механизированной шпатлевки
"Баннер демонстрационный BIHUI, арт.BPG11 ",Бренды>BIHUI Tools Инструмент для укладки плитки Бихуэй (бихуй)
"Запасной ремкомплект муфты скольжения дрели алмазного сверления (бурения) KEN 6110B (5 шт в упак), арт.3848",Запчасти>Установки алмазного сверления
"Валик для нанесения шпатлёвки с бюгелем DLT 11,5см, ворс 15мм, арт.3261",Шпателя для механизированной шпатлевки
"Универсальный шлифовально-отрезной алмазный диск BIHUI, 250мм, арт.DPG250",Алмазная оснастка>Алмазные диски>Алмазные диски для мозаики и стекла
"Коронка алмазная по керамограниту BIHUI, 7мм (вакуумная пайка), арт.DBDF07",Алмазная оснастка>Алмазные коронки для плитки>Алмазные коронки по керамограниту (вакуумная пайка)
"Коронка алмазная для плитки и камня BIHUI, 22мм (вакуумная пайка точной формы), арт.DBDB22",Алмазная оснастка>Алмазные коронки для плитки>Алмазные коронки по керамограниту (вакуумная пайка)
"Универсальный шлифовально-отрезной алмазный диск BIHUI, 115мм, арт.DPG115",Алмазная оснастка>Алмазные диски>Алмазные диски для мозаики и стекла
"Коронка алмазная для плитки и камня BIHUI, 14мм (вакуумная пайка точной формы), арт.DBDB14",Алмазная оснастка>Алмазные коронки для плитки
"Кожух для гравера DLT от Speed Quality, (набор 2шт), арт. 3533 ",Инструмент для укладки плитки>Кожухи для УШМ/Пылеуловители/Кондукторы
"Пылеотвод для АГШК (от Speed Quality), арт. 3532",Инструмент для укладки плитки>Круг алмазный гибкий шлифовальный
"Угольник строительный многофункциональный 300мм DLT, арт.3329",Акции на строительный инструмент
"Запасная прокладка редуктора дрели алмазного сверления (бурения) KEN 6110B, арт.3537",Запчасти>Установки алмазного сверления
"Малярный шпатель Rollingdog 120см, сменное лезвие, серия Elite, арт.50532",Шпателя для механизированной шпатлевки
"Быстрозажимная насадка-патрон для гравера и бормашинки DLT, арт.3292",Инструмент для укладки плитки>Круг алмазный гибкий шлифовальный
"Коронка алмазная для плитки и камня BIHUI, 40мм (вакуумная пайка точной формы), арт.DBDB40",Алмазная оснастка>Алмазные коронки для плитки>Алмазные коронки по керамограниту (вакуумная пайка)
"Коронка алмазная для плитки и камня BIHUI, 32мм (вакуумная пайка точной формы), арт.DBDB32",Алмазная оснастка>Алмазные коронки для плитки
"Коронка алмазная для плитки и камня BIHUI, 28мм (вакуумная пайка точной формы), арт.DBDB28",Алмазная оснастка>Алмазные коронки для плитки>Алмазные коронки по керамограниту (вакуумная пайка)
"Смеситель строительный MAX-XT R6406C , арт.3338",Миксер строительный/дрель-миксер
"Резчик бетона (бетонорез) электрический MAX-XT MCS2600, арт.3347",Инструменты для резки и шлифовки
"Притир алмазный DLT, версия PRO plus, #100, арт.3324",Инструмент для укладки плитки>Алмазные притиры>Р100-120
"Притир алмазный DLT, версия PRO plus, #400, арт.3326",Инструмент для укладки плитки>Алмазные притиры>Р300-400
"Запасные насадки для шланга для шлифмашины DLT/MAX-XT R7303, арт.3355",Запчасти>Шлифмашины ручные/жираф>DLT R7303
"Запасной двигатель электрического плиткореза DLT OptiTronic Auto, версия MAX, арт.3278",Запчасти>Плиткорезы электрические>DLT OptiTronic Auto (версия Max)
"Притир алмазный DLT, версия PRO plus, #200, арт.3325",Инструмент для укладки плитки>Алмазные притиры>Р200 
"Запасная кнопка шлифмашинки по бетону BIHUI, арт.CG1900-12",Запчасти>Шлифмашина по бетону BIHUI
"Гелевые строительные наколенники BIHUI, арт.TKPF",Наколенники строительные
"Запасная главная плата управления электрического плиткореза DLT OptiTronic Auto, версия MAX, арт.3279",Запчасти>Плиткорезы электрические>DLT OptiTronic Auto (версия Max)
"Запасная плата регулировки оборотов шлифмашины по бетону BIHUI, арт.CG1900-11",Запчасти>Шлифмашина по бетону BIHUI
"Запасной лазер электрического плиткореза DLT OptiTronic Auto, версия MAX, арт.3284",Запчасти>Плиткорезы электрические>DLT OptiTronic Auto (версия Max)
"Запасная плата нагрузки шлифмашины по бетону BIHUI, арт.CG1900-62",Запчасти>Шлифмашина по бетону BIHUI
"Запасная плата управления электрического плиткореза DLT OptiTronic Auto, версия MAX, арт.3280",Запчасти>Плиткорезы электрические>DLT OptiTronic Auto (версия Max)
"Запасные щетки двигателя электрического плиткореза для крупноформатной плитки BIHUI, арт.LFECM-CB",Запчасти>Электрические плиткорезы для крупноформатной плитки>BIHUI
"Притир алмазный DLT, версия PRO plus, #50, арт.3323",Инструмент для укладки плитки>Алмазные притиры>Р50-60
"Запасной пыльник кнопки электрического плиткореза для крупноформатной плитки BIHUI, арт.LFECM-04",Запчасти>Электрические плиткорезы для крупноформатной плитки>BIHUI
"Запасной блок питания 24V электрического плиткореза DLT OptiTronic Auto, версия MAX, арт.3282",Запчасти>Плиткорезы электрические>DLT OptiTronic Auto (версия Max)
"Запасная зажимная ручка электрического плиткореза DLT OptiTronic Auto, версия MAX, арт.3275",Запчасти>Плиткорезы электрические>DLT OptiTronic Auto (версия Max)
"Запасная водяная помпа (12V) электрического плиткореза DLT OptiTronic Auto, версия MAX, арт.3277",Запчасти>Плиткорезы электрические>DLT OptiTronic Auto (версия Max)
"Запасная резиновая ручка электрического плиткореза DLT OptiTronic Auto, версия MAX, арт.3276",Запчасти>Плиткорезы электрические>DLT OptiTronic Auto (версия Max)
"Запасное центрующее перекрестие электрического плиткореза DLT OptiTronic Auto, версия MAX, арт.3274",Запчасти>Плиткорезы электрические>DLT OptiTronic Auto (версия Max)
"Электрический переключатель электрического плиткореза DLT OptiTronic Auto, версия MAX, арт.3273",Запчасти>Плиткорезы электрические>DLT OptiTronic Auto (версия Max)
"Запасная кнопка с фиксатором электрического плиткореза для крупноформатной плитки BIHUI, арт.LFECM-03",Запчасти>Электрические плиткорезы для крупноформатной плитки>BIHUI
"Запасная косая шестерня электрического плиткореза для крупноформатной плитки BIHUI, арт.LFECM-02",Запчасти>Электрические плиткорезы для крупноформатной плитки>BIHUI
"Запасной гофрированный шланг 4м для шлифмашины Жираф MAX-XT R7237A-CT, арт.3350",Запчасти>Шлифмашины ручные/жираф>DLT R7237/GrandFlex V37
"Запасное уплотнительное кольцо для присоски BIHUI, арт.LFEVL-SR",Запчасти>Присоски электрические
"Запасной блок питания 12V электрического плиткореза DLT OptiTronic Auto, версия MAX, арт.3281",Запчасти>Плиткорезы электрические>DLT OptiTronic Auto (версия Max)
"Запасной ротор двигателя электрического плиткореза для крупноформатной плитки BIHUI, арт.LFECM-01",Запчасти>Электрические плиткорезы для крупноформатной плитки>BIHUI
"Запасной краник для воды электрического плиткореза DLT OptiTronic Auto, версия MAX, арт.3272",Запчасти>Плиткорезы электрические>DLT OptiTronic Auto (версия Max)
"Смеситель MAX-XT MDM1050, арт.3334 ",Миксер строительный/дрель-миксер
"Смеситель строительный MAX-XT MPM1220, арт.3335",Миксер строительный/дрель-миксер
"Смеситель строительный MAX-XT R6212C, арт. 3336",Миксер строительный/дрель-миксер
"Шлифмашина по бетону MAX-XT R7507, арт.3346",Шлифовальные машины для стен/потолков/пола
"Пылесос-воздуходувка для инструмента MAX-XT R7701I, арт.3349",Пылесосы строительные>Пылесосы
"Плиткорез механический BIHUI STRONG рез до 1200 мм, арт.TCP1200",Плиткорезы ручные>Плиткорезы BIHUI
"Запасная боковая деталь крепления направляющей электрического плиткореза BIHUI, арт.HVTN-S02",Запчасти>Плиткорезы электрические
"Запасное основание каретки электрического плиткореза BIHUI, арт.HVTN-S03",Запчасти>Плиткорезы электрические
"Универсальный шлифовально-отрезной алмазный диск BIHUI, 230мм, арт.DPG230",Алмазная оснастка>Алмазные диски>Алмазные диски для мозаики и стекла
"Запасной гофрированный шланг для шлифмашины Жираф MAX-XT R7237A-CT, арт.3351",Запчасти>Шлифмашины ручные/жираф>DLT R7237/GrandFlex V37
"Запасной гофрированный шланг для шлифмашины Жираф MAX-XT R7233B-E, арт.3352",Запчасти>Шлифмашины ручные/жираф>DLT R7232/GrandFlex V32
"Запасные щётки двигателя для шлифмашины Жираф MAX-XT R7233B-SG, арт.3356",Запчасти>Шлифмашины ручные/жираф>DLT R7232/GrandFlex V32
"Электрический плиткорез BIHUI, (авто), рез до 1600мм, арт.TCSA1600",Плиткорезы электрические (камнерезы/мокрорезы)>Плиткорезы BIHUI
"Электрический плиткорез BIHUI, (авто), рез до 1800мм, арт.TCSA1800",Плиткорезы электрические (камнерезы/мокрорезы)>Плиткорезы BIHUI
"Запасной кожух для шлифмашины Жираф MAX-XT R7233B-SG, арт.3357",Запчасти
"Набор шпателей механизированного нанесения BIHUI (8 предметов), арт.PTKJK8",Бренды>BIHUI Tools Инструмент для укладки плитки Бихуэй (бихуй)
"Коронка алмазная для плитки и камня BIHUI, 100мм (вакуумная пайка точной формы), арт.DBDB100",Алмазная оснастка>Алмазные коронки для плитки
"Запасное уплотнительное кольцо для присоски BIHUI, арт.LFBSL-TXP",Плиткорезы ручные
"Штатив для лазерного уровня (нивелира) BIHUI до 1.5 м, арт.LLG-TRP",Аксессуары к нивелирам
"Коронка алмазная для плитки и камня BIHUI 115 мм (вакуумная пайка точной формы), арт.DBDB115",Алмазная оснастка>Алмазные коронки для плитки>Алмазные коронки по керамограниту (вакуумная пайка)
"Коронка алмазная для плитки и камня BIHUI 15 мм (вакуумная пайка точной формы), арт.DBDB15",Алмазная оснастка>Алмазные коронки для плитки
"Укрывное полотно BIHUI Carpet 70 см x 25 м, арт.FTCP700",Бренды>BIHUI Tools Инструмент для укладки плитки Бихуэй (бихуй)
"Укрывное полотно BIHUI Floor 70 см x 25 м, арт.FTFP700",Бренды>BIHUI Tools Инструмент для укладки плитки Бихуэй (бихуй)
"Запасные ролики для плиткореза BIHUI, арт.LFEC-LB",Запчасти
"Мерная лента (рулетка) BIHUI 30 м, арт.TMR30M",Бренды>BIHUI Tools Инструмент для укладки плитки Бихуэй (бихуй)
"Кожух для гравера DLT G-100, для запила 45 градусов, арт.3589",Инструмент для укладки плитки>Граверы и оснастка
"Гребенка BIHUI 280*115 мм, зуб 6 мм, арт.PTSS06",Плиткорезы ручные
"Запасные ролики для плиткореза BIHUI (экцентриковые), арт.LFEC-RB",Запчасти>Электрические плиткорезы для крупноформатной плитки>BIHUI
"Инструмент (ракля) для разглаживания наливных полов BIHUI, арт.FTSP600",Бренды>BIHUI Tools Инструмент для укладки плитки Бихуэй (бихуй)
"Лазерный уровень (нивелир) BIHUI, арт.LLG16",Бренды>BIHUI Tools Инструмент для укладки плитки Бихуэй (бихуй)
"Плиткорез механический BIHUI серии INCISE рез до 400 мм, арт.TCA400",Плиткорезы ручные>Плиткорезы BIHUI
"Плиткорез механический BIHUI серии C-Lion рез до 600 мм, арт.TCB600",Плиткорезы ручные>Плиткорезы BIHUI
"Торговая стойка для строительных уровней BIHUI, арт.TSL-DSP",Стеллажи для инструментов
"Алмазный диск BIHUI MINI THIN TURBO, 75мм, арт.DCW75",Алмазная оснастка>Алмазные диски>Алмазные диски под СВП (T-диски)
"Кружка BIHUI, арт.BPG02",Бренды>BIHUI Tools Инструмент для укладки плитки Бихуэй (бихуй)
"Бейсболка BIHUI, арт.BPG04",Бренды>BIHUI Tools Инструмент для укладки плитки Бихуэй (бихуй)
"Дорожный чемодан BIHUI, арт.BPG01",Бренды>BIHUI Tools Инструмент для укладки плитки Бихуэй (бихуй)
"Майка BIHUI, арт.BPG15L",Бренды>BIHUI Tools Инструмент для укладки плитки Бихуэй (бихуй)
"Виброприсоска для укладки плитки BIHUI, арт.LFTBS",Инструмент для укладки плитки>Вибрационные присоски
"Смеситель (миксер) BIHUI, арт.MMWT65",Миксер строительный/дрель-миксер
"Плиткорез механический BIHUI серии Deluxe рез до 1200 мм, арт.TCD1200",Плиткорезы ручные>Плиткорезы BIHUI
"Плиткорез механический BIHUI 700 мм, арт.TCF700",Плиткорезы ручные>Плиткорезы BIHUI
"Электрический плиткорез BIHUI (авто), рез до 1300 мм, арт.TCSG1300",Плиткорезы электрические (камнерезы/мокрорезы)>Плиткорезы BIHUI 
"Демонстрационный кейс BIHUI, арт.TTB-DEMO",Бренды>BIHUI Tools Инструмент для укладки плитки Бихуэй (бихуй)
"Набор шпателей для силиконовых герметиков BIHUI (комплект 10 насадок), арт.STAK10",Бренды>BIHUI Tools Инструмент для укладки плитки Бихуэй (бихуй)
"Зажим для системы выравнивания плитки (СВП многоразовая) BIHUI, арт.BLTF100-H",Система выравнивания плитки (СВП)
"Ручка сменная BIHUI 225*90 мм, арт.CFSSHDL",Бренды>BIHUI Tools Инструмент для укладки плитки Бихуэй (бихуй)
"Губка съемная строительная для затирки BIHUI 340*180*40 мм, полиуретан, арт.CFSSJ11",Бренды>BIHUI Tools Инструмент для укладки плитки Бихуэй (бихуй)
"Губка съемная строительная для затирки BIHUI 280*140*30 мм, полиуретан, арт.CFSSS11",Бренды>BIHUI Tools Инструмент для укладки плитки Бихуэй (бихуй)
"Насадка на присоску вибрационную для плитки BIHUI, арт.LFTBS-BB",Бренды>BIHUI Tools Инструмент для укладки плитки Бихуэй (бихуй)
"Набор для ремонта плитки BIHUI, арт.TRPK",Инструмент для укладки плитки>Разное для укладки
"Ролик прикаточный для напольных покрытий BIHUI, арт.FTFREX",Бренды>BIHUI Tools Инструмент для укладки плитки Бихуэй (бихуй)
"Флагшток BIHUI, арт.BPG09-01",Бренды>BIHUI Tools Инструмент для укладки плитки Бихуэй (бихуй)
"Термос BIHUI, арт.BPG19",Бренды>BIHUI Tools Инструмент для укладки плитки Бихуэй (бихуй)
"Силиконовый вкладыш для ведра BIHUI, 20 л, арт.MPBL20",Бренды>BIHUI Tools Инструмент для укладки плитки Бихуэй (бихуй)
"Гребенка BIHUI 280*115 мм, зуб ""Тигровый коготь"", арт.PTSSTG",Инструмент для укладки плитки>Гребенки
"Гладилка BIHUI 280*115 мм, арт.PTSSPL",Инструмент для укладки плитки>Гребенки
"Угловая шлифмашина (УШМ) BIHUI с регулировкой оборотов, арт.AGBL12",Бренды>BIHUI Tools Инструмент для укладки плитки Бихуэй (бихуй)
"Каталог товаров BIHUI, арт.BPG08",Бренды>BIHUI Tools Инструмент для укладки плитки Бихуэй (бихуй)
"Набор шпателей со сменными лезвиями BIHUI (6 предметов), арт.PTKSK6",Бренды>BIHUI Tools Инструмент для укладки плитки Бихуэй (бихуй)
"Скребок с длинной рукояткой BIHUI, арт.FTFR18",Бренды>BIHUI Tools Инструмент для укладки плитки Бихуэй (бихуй)
"Ножницы BIHUI для резки ПВХ профиля и багета, арт.FTC200",Инструмент для укладки плитки>Ножи малярные и лезвия к ним
"Скребок BIHUI, арт.FTFR12",Бренды>BIHUI Tools Инструмент для укладки плитки Бихуэй (бихуй)
"Шпатель зубчатый BIHUI со сменным лезвием A1, арт.FTSCA1",Бренды>BIHUI Tools Инструмент для укладки плитки Бихуэй (бихуй)
"Шпатель зубчатый BIHUI со сменным лезвием B3, арт.FTSCB3",Инструмент для укладки плитки>Гребенки>Фигурный зуб
"Шпатель зубчатый BIHUI со сменным лезвием B11, арт.FTSCB11 ",Инструмент для укладки плитки>Гребенки>Фигурный зуб
"Уровень строительный BIHUI 600 мм, цифровой, арт.TSLD60",Инструмент для укладки плитки>Уровни строительные
"Подарочный пакет, арт.BPG17",Рекламная продукция (мерч)
"Диск алмазный KATANA X-Type 125 мм ROUGH CUT, арт. 3861",Алмазная оснастка>Алмазные диски>Алмазные диски по керамике/керамограниту/граниту/мрамору
"Зажим (СВП) 2,0 мм PLM GRANDE 500 шт., арт.3863",Новинки в нашем ассортименте
"Присоска электрическая DLT VST-22 для гладкой и рельефной плитки с АВТО подкачкой, Ø9 дюймов, арт.2991",Инструмент для укладки плитки>Присоски для плитки и стекла>Электрические присоски и поршни
"Демонстрационный напольный стенд, арт. 1715",Стеллажи для инструментов
"Присоска электрическая DLT VST-80 для гладкой и рельефной плитки с АВТО подкачкой, Ø8 дюймов, арт.3531",Инструмент для укладки плитки>Присоски для плитки и стекла>Электрические присоски и поршни
"Присоска электрическая DLT VST-70 для гладкой и рельефной плитки с АВТО подкачкой, Ø6 дюймов, арт.3530",Инструмент для укладки плитки>Присоски для плитки и стекла>Электрические присоски и поршни
"Аккумулятор литий-ионный, для пистолета монтажного TOUA DCCN40A, арт. 3762",Другое
"Телескопический распор DLT, 115-290см, арт. 3538  ",Инструмент для крупноформатной плитки
"Линейка многофункциональная (рейсмус) DLT, 30см, арт.3543",Инструмент для укладки плитки>Инструмент для измерения и разметки
"Плиткорез для крупноформатной плитки RUBI SLIM CUTTER G2, арт.23999",Плиткорезы ручные>Плиткорезы RUBI
"Ствол для пистолета монтажного TOUA DCCN40A, арт.3544",Монтажные пистолеты>Аксессуары для монтажных пистолетов
"Валик игольчатый Rollingdog 230 мм, иглы 12 мм, для бюгеля 8мм, арт.00425",Бренды>Малярный инструмент ROLLINGDOG
"Валик для нанесения шпатлевки Rollingdog 230 мм, ворс 15 мм, для бюгеля 8 мм, серия Elite, арт.00427",Бренды>Малярный инструмент ROLLINGDOG
"Валик для нанесения шпатлевки Rollingdog 230 мм, ворс 16 мм, каркас 38 мм, серия Elite, арт.00426",Шпателя для механизированной шпатлевки
"Набор запасных лезвий для шпателя Rollingdog 120 см, 2 шт., серия Elite, арт.50533",Бренды>Малярный инструмент ROLLINGDOG
"Малярная лента Rollingdog WASHI-SHIELD 24мм x 50м, арт.81390",Бренды>Малярный инструмент ROLLINGDOG
"Распорная штанга (распор) Rollingdog 60-115 см, сталь, серия Professional, арт.81494",Инструмент для укладки плитки>Крупноформат
"Набор распорных штанг (распор) Rollingdog 231-600 см, 2 шт. алюминий, серия Professional, арт.81493",Инструмент для укладки плитки>Крупноформат
"Набор распорных штанг (распор) Rollingdog 198-500 см, 2шт. алюминий, серия Professional, арт.81492",Инструмент для укладки плитки>Крупноформат
"Аппликатор малярный регулируемый (пад) Rollingdog PRO-ANGLE 18 см, полиуретан, конус, арт.90188",Малярный и штукатурный инструмент>Аппликаторы малярные
"Аппликатор малярный (пад) регулируемый Rollingdog PRO-ANGLE 18 см, полиуретан, резьба, арт.90189",Малярный и штукатурный инструмент>Аппликаторы малярные
"Сменный блок к аппликатору (паду) Rollingdog PRO-ANGLE 18 см, полиуретан, арт.90193",Малярный и штукатурный инструмент>Аппликаторы малярные
"Набор малярный Rollingdog SUPER-MICRO (9 предметов) резьба, серия Professional, арт.70290",Бренды>Малярный инструмент ROLLINGDOG
"Набор малярный Rollingdog GLOSS-KING (8 предметов) резьба, серия Professional, арт.70291",Бренды>Малярный инструмент ROLLINGDOG
"Набор малярный Rollingdog THE MOLOSSUS (10 предметов), резьба, серия Elite, арт.70287",Бренды>Малярный инструмент ROLLINGDOG
"Набор распорных штанг (распор) Rollingdog 165-400 см, 2 шт., алюминий, серия Professional, арт.81491",Инструмент для укладки плитки>Крупноформат
"Валик для нанесения шпатлевки с регулируемым бюгелем DLT 406 мм, ворс 16 мм, нейлон, конус, арт.3406",Бренды>Оборудование и приспособления для укладки плитки DLT
"Набор запасных лезвий для шпателя DLT Finish SILVER 20 см, 2 шт., толщина 0.5 мм, арт.0754",Шпателя для механизированной шпатлевки>Шпателя для механизированного нанесения>Сменные лезвия и аксессуары>Лезвия для шпателя DLT Finish версия SILVER
"Регулируемый бюгель DLT 30-46 см, Ø10 мм, конус, арт.3405",Бренды>Малярный инструмент ROLLINGDOG
"Малярная лента Rollingdog WASHI-SHIELD 48мм x 50м, арт.81391",Бренды>Малярный инструмент ROLLINGDOG
"Набор запасных лезвий для шпателя DLT Finish SILVER 30 см, 2 шт., толщина 0.5 мм, арт.0755",Шпателя для механизированной шпатлевки>Шпателя для механизированного нанесения>Сменные лезвия и аксессуары
"Набор запасных лезвий для шпателя DLT Finish SILVER 55 см, 2 шт., толщина 0.5 мм, арт.0756",Шпателя для механизированной шпатлевки>Шпателя для механизированного нанесения>Сменные лезвия и аксессуары
Плата управления для пылесоса DLT PL PRO MAX,Запчасти>Пылесосы
"Набор запасных лезвий для шпателя DLT Finish SILVER 80 см, 2 шт., толщина 0.5 мм, арт.0757",Шпателя для механизированной шпатлевки>Шпателя для механизированного нанесения>Сменные лезвия и аксессуары
"Набор запасных лезвий для шпателя DLT Finish SILVER 120 см, 2 шт., толщина 0.5 мм, арт.0758",Шпателя для механизированной шпатлевки>Шпателя для механизированного нанесения>Сменные лезвия и аксессуары
"Набор запасных лезвий для шпателя DLT Finish SILVER 30 см, 2 шт., толщина 0.7 мм, арт.3384",Шпателя для механизированной шпатлевки>Шпателя для механизированного нанесения>Сменные лезвия и аксессуары
"Набор запасных лезвий для шпателя DLT Finish SILVER 55 см, 2 шт., толщина 0.7 мм, арт.3385",Шпателя для механизированной шпатлевки>Шпателя для механизированного нанесения>Сменные лезвия и аксессуары
"Набор запасных лезвий для шпателя DLT Finish SILVER 80 см, 2 шт., толщина 0.7 мм, арт. 3386",Шпателя для механизированной шпатлевки>Шпателя для механизированного нанесения>Сменные лезвия и аксессуары
"Набор запасных лезвий для шпателя DLT Finish версия PRO 15 см, 2 шт., толщина 0.3 мм, арт.1668",Шпателя для механизированной шпатлевки>Шпателя для механизированного нанесения>Сменные лезвия и аксессуары
"Набор запасных лезвий для шпателя DLT Finish версия PRO 20 см, 2 шт., толщина 0.3 мм, арт.1669",Шпателя для механизированной шпатлевки>Шпателя для механизированного нанесения>Сменные лезвия и аксессуары
"Набор запасных лезвий для шпателя DLT Finish версия PRO 25 см, 2 шт., толщина 0.3 мм, арт.1670",Шпателя для механизированной шпатлевки>Шпателя для механизированного нанесения>Сменные лезвия и аксессуары
"Набор запасных лезвий для шпателя DLT Finish версия PRO 30 см, 2 шт., толщина 0.3 мм, арт.1671",Шпателя для механизированной шпатлевки>Шпателя для механизированного нанесения>Сменные лезвия и аксессуары
"Набор запасных лезвий для шпателя DLT Finish версия PRO 35 см, 2 шт., толщина 0.3 мм, арт.1672",Шпателя для механизированной шпатлевки>Шпателя для механизированного нанесения>Сменные лезвия и аксессуары
"Набор запасных лезвий для шпателя DLT Finish версия PRO 40 см, 2 шт., толщина 0.3 мм, арт.1673",Шпателя для механизированной шпатлевки>Шпателя для механизированного нанесения>Сменные лезвия и аксессуары
"Набор запасных лезвий для шпателя DLT Finish версия PRO 45 см, 2 шт., толщина 0.3 мм, арт.1674",Шпателя для механизированной шпатлевки>Шпателя для механизированного нанесения>Сменные лезвия и аксессуары
"Набор запасных лезвий для шпателя DLT Finish версия PRO 50 см, 2 шт., толщина 0.3 мм, арт.1675",Шпателя для механизированной шпатлевки>Шпателя для механизированного нанесения>Сменные лезвия и аксессуары
"Набор запасных лезвий для шпателя DLT Finish версия PRO 60 см, 2 шт., толщина 0.3 мм, арт.1676",Шпателя для механизированной шпатлевки>Шпателя для механизированного нанесения>Сменные лезвия и аксессуары
"Набор запасных лезвий для шпателя DLT Finish версия PRO 80 см, 2 шт., толщина 0.3 мм, арт.1677",Шпателя для механизированной шпатлевки>Шпателя для механизированного нанесения>Сменные лезвия и аксессуары
"Набор запасных лезвий для шпателя DLT Finish версия PRO 100 см, 2 шт., толщина 0.3 мм, арт.1678",Шпателя для механизированной шпатлевки>Шпателя для механизированного нанесения>Сменные лезвия и аксессуары
"Набор запасных лезвий для шпателя DLT Finish версия PRO 120 см, 2 шт., толщина 0.3 мм, арт.1679",Шпателя для механизированной шпатлевки>Шпателя для механизированного нанесения>Сменные лезвия и аксессуары
"Набор запасных лезвий для шпателя DLT Finish версия PRO 15 см, 2 шт., толщина 0.5 мм, арт.1680",Шпателя для механизированной шпатлевки>Шпателя для механизированного нанесения>Сменные лезвия и аксессуары
"Набор запасных лезвий для шпателя DLT Finish версия PRO 20 см, 2 шт., толщина 0.5 мм, арт.1681",Шпателя для механизированной шпатлевки>Шпателя для механизированного нанесения>Сменные лезвия и аксессуары
"Набор запасных лезвий для шпателя DLT Finish версия PRO 25 см, 2 шт., толщина 0.5 мм, арт.1682",Шпателя для механизированной шпатлевки>Шпателя для механизированного нанесения>Сменные лезвия и аксессуары
"Набор запасных лезвий для шпателя DLT Finish версия PRO 30 см, 2 шт., толщина 0.5 мм, арт.1683",Шпателя для механизированной шпатлевки>Шпателя для механизированного нанесения>Сменные лезвия и аксессуары
"Набор запасных лезвий для шпателя DLT Finish версия PRO 35 см, 2 шт., толщина 0.5 мм, арт.1684",Шпателя для механизированной шпатлевки>Шпателя для механизированного нанесения>Сменные лезвия и аксессуары
"Набор запасных лезвий для шпателя DLT Finish версия PRO 40 см, 2 шт., толщина 0.5 мм, арт.1685",Шпателя для механизированной шпатлевки>Шпателя для механизированного нанесения>Сменные лезвия и аксессуары
"Набор запасных лезвий для шпателя DLT Finish версия PRO 45 см, 2 шт., толщина 0.5 мм, арт.1686",Шпателя для механизированной шпатлевки>Шпателя для механизированного нанесения>Сменные лезвия и аксессуары
"Набор запасных лезвий для шпателя DLT Finish версия PRO 50 см, 2 шт., толщина 0.5 мм, арт.1687",Шпателя для механизированной шпатлевки>Шпателя для механизированного нанесения>Сменные лезвия и аксессуары
"Набор запасных лезвий для шпателя DLT Finish версия PRO 60 см, 2 шт., толщина 0.5 мм, арт.1688",Шпателя для механизированной шпатлевки>Шпателя для механизированного нанесения>Сменные лезвия и аксессуары
"Набор запасных лезвий для шпателя DLT Finish версия PRO 80 см, 2 шт., толщина 0.5 мм, арт.1689",Шпателя для механизированной шпатлевки>Шпателя для механизированного нанесения>Сменные лезвия и аксессуары
"Набор запасных лезвий для шпателя DLT Finish версия PRO 100 см, 2 шт., толщина 0.5 мм, арт.1690",Шпателя для механизированной шпатлевки>Шпателя для механизированного нанесения>Сменные лезвия и аксессуары
"Набор запасных лезвий для шпателя DLT Finish версия PRO 120 см, 2 шт., толщина 0.5 мм, арт.1691",Шпателя для механизированной шпатлевки>Шпателя для механизированного нанесения>Сменные лезвия и аксессуары
"Набор запасных лезвий для шпателя DLT Finish версия PRO 120 см, 2 шт., толщина 0.7 мм, арт.3398",Шпателя для механизированной шпатлевки>Шпателя для механизированного нанесения>Сменные лезвия и аксессуары
"Набор запасных лезвий для шпателя DLT Finish версия PRO 15 см, 2 шт., толщина 0.7 мм, арт.3387",Шпателя для механизированной шпатлевки>Шпателя для механизированного нанесения>Сменные лезвия и аксессуары
"Набор запасных лезвий для шпателя DLT Finish версия PRO 20 см, 2 шт., толщина 0.7 мм, арт.3388",Шпателя для механизированной шпатлевки>Шпателя для механизированного нанесения>Сменные лезвия и аксессуары
"Набор запасных лезвий для шпателя DLT Finish версия PRO 25 см, 2 шт., толщина 0.7 мм, арт.3389",Шпателя для механизированной шпатлевки>Шпателя для механизированного нанесения>Сменные лезвия и аксессуары
"Набор запасных лезвий для шпателя DLT Finish версия PRO 30 см, 2 шт., толщина 0.7 мм, арт.3390",Шпателя для механизированной шпатлевки>Шпателя для механизированного нанесения>Сменные лезвия и аксессуары
"Набор запасных лезвий для шпателя DLT Finish версия PRO 35 см, 2 шт., толщина 0.7 мм, арт.3391",Шпателя для механизированной шпатлевки>Шпателя для механизированного нанесения>Сменные лезвия и аксессуары
"Набор запасных лезвий для шпателя DLT Finish версия PRO 40 см, 2 шт., толщина 0.7 мм, арт.3392",Шпателя для механизированной шпатлевки>Шпателя для механизированного нанесения>Сменные лезвия и аксессуары
"Набор запасных лезвий для шпателя DLT Finish версия PRO 45 см, 2 шт., толщина 0.7 мм, арт.3393",Шпателя для механизированной шпатлевки>Шпателя для механизированного нанесения>Сменные лезвия и аксессуары
"Набор запасных лезвий для шпателя DLT Finish версия PRO 50 см, 2 шт., толщина 0.7 мм, арт.3394",Шпателя для механизированной шпатлевки>Шпателя для механизированного нанесения>Сменные лезвия и аксессуары
"Набор запасных лезвий для шпателя DLT Finish версия PRO 60 см, 2 шт., толщина 0.7 мм, арт.3395",Шпателя для механизированной шпатлевки>Шпателя для механизированного нанесения>Сменные лезвия и аксессуары
"Набор запасных лезвий для шпателя DLT Finish версия PRO 80 см, 2 шт., толщина 0.7 мм, арт.3396",Шпателя для механизированной шпатлевки>Шпателя для механизированного нанесения>Сменные лезвия и аксессуары
"Набор запасных лезвий для шпателя DLT Finish версия PRO 100 см, 2 шт., толщина 0.7 мм, арт.3397",Шпателя для механизированной шпатлевки>Шпателя для механизированного нанесения>Сменные лезвия и аксессуары
"Валик для нанесения шпатлевки с бюгелем DLT 100 мм, ворс 16 мм, нейлон, конус, арт.3399",Бренды>Оборудование и приспособления для укладки плитки DLT
"Валик для нанесения шпатлевки с бюгелем DLT 180 мм, ворс 16 мм, нейлон, конус, арт.3400",Бренды>Оборудование и приспособления для укладки плитки DLT
"Валик для нанесения шпатлевки с бюгелем DLT 230 мм, ворс 16 мм, нейлон, конус, арт.3401",Бренды>Оборудование и приспособления для укладки плитки DLT
"Валик для нанесения шпатлевки DLT 100 мм, ворс 16 мм, для бюгеля 8 мм, нейлон, арт.3606",Бренды>Оборудование и приспособления для укладки плитки DLT
"Валик для нанесения шпатлевки DLT 180 мм, ворс 16 мм, для бюгеля 8 мм, нейлон, арт.3607",Бренды>Оборудование и приспособления для укладки плитки DLT
"Валик для нанесения шпатлевки DLT 230 мм, ворс 16 мм, для бюгеля 8 мм, нейлон, арт.3608",Бренды>Оборудование и приспособления для укладки плитки DLT
"Валик для нанесения шпатлевки DLT 350 мм, ворс 16 мм, для бюгеля 8 мм, нейлон, арт.3528",Бренды>Оборудование и приспособления для укладки плитки DLT
"Валик для нанесения шпатлевки DLT 355 мм, ворс 16 мм, для бюгеля 10 мм, нейлон, арт.3402",Бренды>Оборудование и приспособления для укладки плитки DLT
"Валик для нанесения шпатлевки DLT 406 мм, ворс 16 мм, для бюгеля 10 мм, нейлон, арт.3403",Бренды>Оборудование и приспособления для укладки плитки DLT
"Валик для нанесения шпатлевки DLT 450 мм, ворс 16 мм, для бюгеля 8 мм, нейлон, арт.3529",Бренды>Оборудование и приспособления для укладки плитки DLT
"Ванночка для шпатлевки DLT 350 мм, арт.3407",Бренды>Оборудование и приспособления для укладки плитки DLT
"Малярный шпатель DLT Finish версия PRO, h-образный, 15 см (лезвия 0.3, 0.5, 0.7 мм), арт.1656 NEW",Шпателя для механизированной шпатлевки
"Малярный шпатель DLT Finish версия PRO, h-образный, 20 см (лезвия 0.3, 0.5, 0.7 мм), арт.1657 NEW",Шпателя для механизированной шпатлевки
"Малярный шпатель DLT Finish версия PRO, h-образный, 25 см (лезвия 0.3, 0.5, 0.7 мм), арт.1658 NEW",Шпателя для механизированной шпатлевки
"Набор запасных лезвий для шпателя DLT Finish SILVER 55 см, 2 шт., толщина 0.35 мм, арт.0751",Шпателя для механизированной шпатлевки
"Малярный шпатель DLT Finish версия PRO, h-образный, 30 см (лезвия 0.3, 0.5, 0.7 мм), арт.1659 NEW",Шпателя для механизированной шпатлевки
"Пистолет-краскораспылитель для безвоздушного окрасочного аппарата HYVST, арт.OSG250-Z",Окрасочные аппараты и аксессуары
"Гидроизоляционная лента DLT (синяя), 180 г/см², рулон 12.5 см * 10 м, арт.3577",Новинки в нашем ассортименте
"Гидроизоляционная лента DLT (синяя), 180 г/см², рулон 30 см * 10 м, арт.3578",Новинки в нашем ассортименте
"Самоклеящаяся гидроизоляционная лента DLT, рулон 12 см * 10 м, арт.3579",Инструмент для укладки плитки>Разделительные гидроизоляционные мембраны
"Разделительная мембрана для плитки DLT, рулон 1*10 м (10 м²), арт.3571",Инструмент для укладки плитки>Разделительные гидроизоляционные мембраны
"Гидроизоляционная лента (внутренний угол) DLT 95*120 мм, арт.3580",Инструмент для укладки плитки>Разделительные гидроизоляционные мембраны
"Гидроизоляционная лента (внешний угол) DLT 85*115 мм, арт.3581",Инструмент для укладки плитки>Разделительные гидроизоляционные мембраны
"Гидроизоляционная манжета (гидроизоляционный пластырь) DLT 150*150 мм, Ø32-55 мм, арт.3582",Инструмент для укладки плитки>Разделительные гидроизоляционные мембраны
"Гидроизоляционная манжета (гидроизоляционный пластырь) DLT 200*200 мм, Ø70-110 мм, арт.3583",Инструмент для укладки плитки>Разделительные гидроизоляционные мембраны
"Разделительная мембрана для плитки DLT, рулон 1*5 м (5 м²), арт.3598",Инструмент для укладки плитки>Разделительные гидроизоляционные мембраны
"Шланг всасывающий антистатический DLT, арт.3235",Пылесосы строительные
"Кювета для краски Rollingdog 18"" (457мм), серия Elite, арт.20101",Малярный и штукатурный инструмент>Малярные ванночки и кюветы
"Круг шлифовальный DLT GrandFlex BLUE-CERAMIC, P150, 225мм, 10шт, (на бумаге, керамика и оксид алюминия), арт.3447",Шлифовальные машины для стен/потолков/пола
"Круг шлифовальный DLT GrandFlex BLUE-CERAMIC, P220, 225мм, 10шт, (на бумаге, керамика и оксид алюминия), арт.3448",Шлифовальные машины для стен/потолков/пола
"Круг шлифовальный DLT GrandFlex PURO-CERAMIC, P150, 225мм, 10шт, (на бумаге, керамика точной формы), арт.3449",Шлифовальные машины для стен/потолков/пола
"Круг шлифовальный DLT GrandFlex PURO-CERAMIC, P220, 225мм, 10шт, (на бумаге, керамика точной формы), арт.3450",Шлифовальные машины для стен/потолков/пола
"Круг шлифовальный DLT GrandFlex FILM-CERAMIC, P120, 225мм, 10шт, (на плёнке, керамика точной формы), арт.3008",Шлифовальные машины для стен/потолков/пола>Шлифовальные круги и сетки>P120-150
"Круг шлифовальный DLT GrandFlex FILM-CERAMIC, P220, 225мм, 10шт, (на плёнке, керамика точной формы), арт.3458",Шлифовальные машины для стен/потолков/пола
"Круг шлифовальный сетка DLT GrandFlex BLUE-NET CERAMIC, P150, 225мм, 10шт, (керамика точной формы), арт.3459",Шлифовальные машины для стен/потолков/пола
"Круг шлифовальный сетка DLT GrandFlex BLUE-NET CERAMIC, P220, 225мм, 10шт, (керамика точной формы), арт.3460",Шлифовальные машины для стен/потолков/пола
"Круг шлифовальный сетка DLT GrandFlex RED-NET, P150, 225мм, 10шт, (оксид алюминия), арт.3461",Шлифовальные машины для стен/потолков/пола
"Круг шлифовальный сетка DLT GrandFlex RED-NET, P220, 225мм, 10шт, (оксид алюминия), арт.3017",Шлифовальные машины для стен/потолков/пола
"Круг шлифовальный DLT GrandFlex BLUE-CERAMIC, P150, 150мм, 10шт, (на бумаге, керамика и оксид алюминия), арт.3472",Шлифовальные машины для стен/потолков/пола
"Круг шлифовальный DLT GrandFlex BLUE-CERAMIC, P220, 150мм, 10шт, (на бумаге, керамика и оксид алюминия), арт.3473",Шлифовальные машины для стен/потолков/пола
"Шлифовальный лист в рулоне DLT GrandFlex PURO-ROLL, P220, 70мм*12м, (керамика точной формы), арт.3463",Малярный и штукатурный инструмент>Абразивные материалы
"Шлифовальный лист в рулоне DLT GrandFlex PURO-ROLL, P220, 110мм*12м, (керамика точной формы), арт.3477",Малярный и штукатурный инструмент>Абразивные материалы>Шлифовальные листы
"Шлифовальный лист в рулоне DLT GrandFlex PURO-ROLL, P240, 110мм*12м, (керамика точной формы), арт.3478",Малярный и штукатурный инструмент>Абразивные материалы
"Шлифовальный лист в рулоне DLT GrandFlex PURO-ROLL, P180, 110мм*12м, (керамика точной формы), арт.3476",Малярный и штукатурный инструмент>Абразивные материалы
"Шлифовальный лист в рулоне DLT GrandFlex PURO-ROLL, P120, 110мм*12м, (керамика точной формы), арт.3475",Малярный и штукатурный инструмент>Абразивные материалы>Шлифовальные листы
"Шлифовальный лист в рулоне DLT GrandFlex PURO-ROLL, P80, 110мм*12м, (керамика точной формы), арт.3474",Малярный и штукатурный инструмент>Абразивные материалы>Шлифовальные листы
"Круг шлифовальный DLT GrandFlex FILM-CERAMIC, P150, 150мм, 10шт, (на плёнке, керамика точной формы), арт.3464",Шлифовальные машины для стен/потолков/пола
"Круг шлифовальный DLT GrandFlex FILM-CERAMIC, P180, 150мм, 10шт, (на плёнке, керамика точной формы), арт.3465",Шлифовальные машины для стен/потолков/пола
"Круг шлифовальный DLT GrandFlex FILM-CERAMIC PRO, P60, 225мм, 10шт, (на плёнке, керамика и оксид алюминия), арт.3483",Шлифовальные машины для стен/потолков/пола
"Круг шлифовальный DLT GrandFlex FILM-CERAMIC PRO, P80, 225мм, 10шт, (на плёнке, керамика и оксид алюминия), арт.3484",Шлифовальные машины для стен/потолков/пола
"Круг шлифовальный DLT GrandFlex FILM-CERAMIC PRO, P120, 225мм, 10шт, (на плёнке, керамика и оксид алюминия), арт.3485",Шлифовальные машины для стен/потолков/пола
"Круг шлифовальный DLT GrandFlex FILM-CERAMIC PRO, P150, 225мм, 10шт, (на плёнке, керамика и оксид алюминия), арт.3486",Шлифовальные машины для стен/потолков/пола
"Круг шлифовальный DLT GrandFlex FILM-CERAMIC PRO, P180, 225мм, 10шт, (на плёнке, керамика и оксид алюминия), арт.3487",Шлифовальные машины для стен/потолков/пола
"Шлифовальный лист в рулоне DLT GrandFlex FILM-ROLL PRO, P80, 110мм*12м, (на пленке, керамика и оксид алюминия), арт.3479",Малярный и штукатурный инструмент>Абразивные материалы>Шлифовальные листы
"Шлифовальный лист в рулоне DLT GrandFlex FILM-ROLL PRO, P150, 110мм*12м, (на пленке, керамика и оксид алюминия), арт.3480",Малярный и штукатурный инструмент>Абразивные материалы>Шлифовальные листы
"Шлифовальный лист в рулоне DLT GrandFlex FILM-ROLL PRO, P180, 110мм*12м, (на пленке, керамика и оксид алюминия), арт.3481",Малярный и штукатурный инструмент>Абразивные материалы>Шлифовальные листы
"Шлифовальный лист в рулоне DLT GrandFlex FILM-ROLL PRO, P220, 110мм*12м, (на пленке, керамика и оксид алюминия), арт.3482",Малярный и штукатурный инструмент>Абразивные материалы>Шлифовальные листы
"Треугольник шлифовальный DLT GrandFlex FILM-CERAMIC, P80, 285мм, 10шт, в упаковке (на плёнке, керамика точной формы), арт.3466",Шлифовальные машины для стен/потолков/пола>Шлифбумага треугольная>P80-100
"Треугольник шлифовальный DLT GrandFlex FILM-CERAMIC, P120, 285мм, 10шт, в упаковке (на плёнке, керамика точной формы), арт.3467",Шлифовальные машины для стен/потолков/пола>Шлифбумага треугольная>P120-150
"Треугольник шлифовальный DLT GrandFlex FILM-CERAMIC, P150, 285мм, 10шт, в упаковке (на плёнке, керамика точной формы), арт.3468",Шлифовальные машины для стен/потолков/пола>Шлифбумага треугольная>P120-150
"Треугольник шлифовальный DLT GrandFlex FILM-CERAMIC, P180, 285мм, 10шт, в упаковке (на плёнке, керамика точной формы), арт.3469",Шлифовальные машины для стен/потолков/пола>Шлифбумага треугольная >P180-220
"Треугольник шлифовальный DLT GrandFlex FILM-CERAMIC, P220, 285мм, 10шт, в упаковке (на плёнке, керамика точной формы), арт.3470",Шлифовальные машины для стен/потолков/пола>Шлифбумага треугольная>P180-220
"Треугольник шлифовальный DLT GrandFlex FILM-CERAMIC, P240, 285мм, 10шт, в упаковке (на плёнке, керамика точной формы), арт.3471",Шлифовальные машины для стен/потолков/пола>Шлифбумага треугольная>P240-320
"Треугольник шлифовальный DLT GrandFlex PURO-CERAMIC, P80, 285мм, 10шт, (на бумаге, керамика точной формы), арт.3451",Шлифовальные машины для стен/потолков/пола>Шлифбумага треугольная>P80-100
"Треугольник шлифовальный DLT GrandFlex PURO-CERAMIC, P120, 285мм, 10шт, (на бумаге, керамика точной формы), арт.3452",Шлифовальные машины для стен/потолков/пола>Шлифбумага треугольная>P120-150
"Треугольник шлифовальный DLT GrandFlex PURO-CERAMIC, P150, 285мм, 10шт, (на бумаге, керамика точной формы), арт.3453",Шлифовальные машины для стен/потолков/пола>Шлифбумага треугольная>P120-150
"Треугольник шлифовальный DLT GrandFlex PURO-CERAMIC, P180, 285мм, 10шт, (на бумаге, керамика точной формы), арт.3454",Шлифовальные машины для стен/потолков/пола>Шлифбумага треугольная>P180-220
"Треугольник шлифовальный DLT GrandFlex PURO-CERAMIC, P220, 285мм, 10шт, (на бумаге, керамика точной формы), арт.3455",Шлифовальные машины для стен/потолков/пола>Шлифбумага треугольная>P180-220
"Треугольник шлифовальный DLT GrandFlex PURO-CERAMIC, P240, 285мм, 10шт, (на бумаге, керамика точной формы), арт.3456",Шлифовальные машины для стен/потолков/пола>Шлифбумага треугольная>P240-320
"Треугольник шлифовальный DLT GrandFlex GOLD, P80, 285мм, 10шт, (на бумаге, оксид алюминия), арт.3489",Шлифовальные машины для стен/потолков/пола>Шлифбумага треугольная>P80-100
"Треугольник шлифовальный DLT GrandFlex GOLD, P120, 285мм, 10шт, (на бумаге, оксид алюминия), арт.3490",Шлифовальные машины для стен/потолков/пола>Шлифбумага треугольная>P120-150
"Треугольник шлифовальный DLT GrandFlex GOLD, P150, 285мм, 10шт, (на бумаге, оксид алюминия), арт.3491",Шлифовальные машины для стен/потолков/пола>Шлифбумага треугольная>P120-150
"Треугольник шлифовальный DLT GrandFlex GOLD, P180, 285мм, 10шт, (на бумаге, оксид алюминия), арт.3492",Шлифовальные машины для стен/потолков/пола>Шлифбумага треугольная>P180-220
"Треугольник шлифовальный DLT GrandFlex GOLD, P220, 285мм, 10шт, (на бумаге, оксид алюминия), арт.3493",Шлифовальные машины для стен/потолков/пола>Шлифбумага треугольная>P180-220
"Треугольник шлифовальный DLT GrandFlex GOLD, P240, 285мм, 10шт, (на бумаге, оксид алюминия), арт.3494",Шлифовальные машины для стен/потолков/пола>Шлифбумага треугольная>P240-320
"Безвоздушный покрасочный аппарат HYVST EPT 450TX, арт.3409",Окрасочные аппараты и аксессуары>Окрасочные аппараты 
"Безвоздушный покрасочный аппарат HYVST EPT 7300, арт.3410",Окрасочные аппараты и аксессуары>Окрасочные аппараты 
"Безвоздушный покрасочный аппарат HYVST SPT 1050L, арт.3412",Окрасочные аппараты и аксессуары>Окрасочные аппараты 
"Алмазный диск BIHUI B-MOSAIC, 115мм, арт.DCDC115",Алмазная оснастка>Алмазные диски>Алмазные диски по керамике/керамограниту/граниту/мрамору
"Алмазный диск BIHUI B-MASTER, 115мм, арт.DCDA115",Алмазная оснастка>Алмазные диски>Алмазные диски по керамике/керамограниту/граниту/мрамору
"Алмазный диск BIHUI THIN TURBO, 115мм, арт.DCBT5",Алмазная оснастка>Алмазные диски>Алмазные диски по керамике/керамограниту/граниту/мрамору
"Алмазная коронка по стеклу и керамике BIHUI (гальваническая алмазная коронка), 27мм, арт.DBW27",Алмазная оснасткаАлмазные коронки для плитки
"Алмазная коронка по стеклу и керамике BIHUI (гальваническая алмазная коронка), 30мм, арт.DBW30",Алмазная оснастка>Алмазные коронки для плитки>Алмазные коронки для плитки и стекла (гальваника)
"Коронка алмазная по керамограниту BIHUI на дрель, 7 мм (вакуумная пайка), арт.DBDQ07",Алмазная оснастка>Алмазные коронки для плитки
"Коронка алмазная по керамограниту BIHUI на дрель, 8 мм (вакуумная пайка), арт.DBDQ08",Алмазная оснастка>Алмазные коронки для плитки
"Коронка алмазная по керамограниту BIHUI на дрель, 10 мм (вакуумная пайка), арт.DBDQ10",Алмазная оснастка>Алмазные коронки для плитки
"Коронка алмазная по керамограниту BIHUI на дрель, 12 мм (вакуумная пайка), арт.DBDQ12",Алмазная оснастка>Алмазные коронки для плитки
"Разметочный шнур 30м BIHUI, арт.CTCKLNR",Бренды>BIHUI Tools Инструмент для укладки плитки Бихуэй (бихуй)
"Мел для разметочного шнура BIHUI 225 гр, синий, арт.CTCHALK",Бренды>BIHUI Tools Инструмент для укладки плитки Бихуэй (бихуй)
"Губка строительная для затирки BIHUI 280 * 140 * 30 мм, цельная, арт.CFHSW11",Плиткорезы ручные
"Губка строительная для затирки BIHUI 185 * 110 * 54 мм, целлюлозная, арт.CFCS180",Плиткорезы ручные
"Майка BIHUI, арт.BPG15XL",Бренды>BIHUI Tools Инструмент для укладки плитки Бихуэй (бихуй)
"Майка BIHUI, арт.BPG15M",Бренды>BIHUI Tools Инструмент для укладки плитки Бихуэй (бихуй)
"Инструмент для снятия СВП от BIHUI, арт.BLSRR",Бренды>BIHUI Tools Инструмент для укладки плитки Бихуэй (бихуй)
"Запасные трубки пылесоса BIHUI, арт.VCH30-08",Запчасти
"Запасная насадка пылесоса BIHUI, щелевая, арт.VCH30-06",Запчасти
"Запасная насадка пылесоса BIHUI, круглая с ворсом, арт.VCH30-05",Запчасти
"Запасная насадка пылесоса BIHUI, мебельная, арт.VCH30-04",Запчасти
"Запасная насадка пылесоса BIHUI, универсальная, арт.VCH30-03",Запчасти
"Запасной пластиковый штуцер для электрического плиткореза BIHUI, арт.TCSA1200-18",Запчасти
"Запасной крепеж кабель-канала для электрического плиткореза BIHUI, арт.TCSA1200-15",Запчасти>Плиткорезы электрические>BIHUI арт.TCSA
"Плиткорез механический BIHUI рез до 1650мм, арт.TCC1650",Плиткорезы ручные>Плиткорезы BIHUI
"Ручной поршень для помповой присоски BIHUI, арт.SCVU8-PG",Запчасти>Присоски ручные
"Гребенка BIHUI 280*115 мм, зуб 12 мм, арт.PTSS12",Плиткорезы ручные
"Гребенка BIHUI 280*115 мм, зуб 10 мм, арт.PTSS10",Плиткорезы ручные
"Гребенка BIHUI 280*115 мм, зуб 8 мм, арт.PTSS08",Плиткорезы ручные
"Запасное лезвие для набора гребенок BIHUI 280*115 мм, зуб ""Тигровый коготь"", арт.PTSJTG",Бренды>BIHUI Tools Инструмент для укладки плитки Бихуэй (бихуй)
"Запасное лезвие для набора гребенок BIHUI 480*130 мм, зуб ""Тигровый коготь"", арт.PTSJLTG",Бренды>BIHUI Tools Инструмент для укладки плитки Бихуэй (бихуй)
"Запасное лезвие для набора гребенок BIHUI 480*130 мм, зуб 6 мм, арт.PTSJL06",Бренды>BIHUI Tools Инструмент для укладки плитки Бихуэй (бихуй)
"Запасное лезвие для набора гребенок BIHUI 280*115 мм, наклонный зуб 12 мм, арт.PTSJDG",Бренды>BIHUI Tools Инструмент для укладки плитки Бихуэй (бихуй)
"Запасное лезвие для набора гребенок BIHUI 280*115 мм, зуб 3 мм, арт.PTSJ03",Бренды>BIHUI Tools Инструмент для укладки плитки Бихуэй (бихуй)
"Гребенка из нерж. стали BIHUI 280*120 мм, зуб 6 мм, арт.PTSB06",Плиткорезы ручные
"Гребенка из нерж. стали BIHUI 280*120 мм, зуб 6 мм, арт.PTSB04",Плиткорезы ручные
"Гребенка из нерж. стали BIHUI 280*120 мм, зуб 3 мм, арт.PTSB03",Плиткорезы ручные
"Шпатель малярный BIHUI 25 см, h-образный, сменное лезвие 0.3 мм, арт.PTKJ25",Бренды>BIHUI Tools Инструмент для укладки плитки Бихуэй (бихуй)
"Запасное основание чаши для присоски BIHUI, арт.LFTBS-RB",Запчасти>Присоски вибро>BIHUI
"Запасной кожух статора для УШМ BIHUI, арт.AG1200-37",Запчасти
"Запасной винт крепления угольных щеток для УШМ BIHUI, арт.AG1200-40",Запчасти
"Запасной кнопочный переключатель для УШМ BIHUI, арт.AG1200-43",Запчасти
"Запасная клавиша включения для УШМ BIHUI, арт.AG1200-44",Запчасти
"Запасной каркас (тяга) кнопки включения для УШМ BIHUI, арт.AG1200-45",Запчасти
"Запасной регулятор оборотов для УШМ BIHUI, арт.AG1200-48",Запчасти
"Запасная боковая рукоятка для УШМ BIHUI, арт.AG1200-55",Запчасти
"Губка двухсторонняя строительная для затирки BIHUI 190 * 120 * 50 мм, арт.CFHM190", Бренды>BIHUI Tools Инструмент для укладки плитки Бихуэй (бихуй)
"Запасная крышка корпуса статора для шлифмашины BIHUI, арт.CG1900-64",Запчасти>Шлифмашина по бетону BIHUI
"Запасные фиксаторы для системы выравнивания плитки (СВП) BIHUI 25шт, арт.SLC250",Система выравнивания плитки (СВП)>СВП BIHUI
"Кейс для инструментов Tactix, арт.320390",Уцененные товары