Название,Родительская категория>Подкатегория>Подподкатегория,Артикул,ЦенаRUB,
"Разделительная мембрана для плитки с теплым полом DLT, рулон 1*5 м (5 м²), арт.3599",Инструмент для укладки плитки>Разделительные гидроизоляционные мембраны,3599,0.00,"https://dlt.by/image/catalog/easyphoto/4321/razdelitelnaya-membrana-dlya-plitki-dlt-rulon-1-10-m-10-m-art-3571-1.png,,,,,,,,,,,,,,,,,,,,,,,,,,,,,,,,,,,,,,,,,,,,,"
"Плиткорез DLT PROLINE, рез до 600мм, арт.2652",Инструмент для укладки плитки>Ручные плиткорезы>Плиткорезы DLT,2652,12 188.16,"https://dlt.by/image/catalog/easyphoto/4125/plitkorez-dlt-proline-rez-do-600mm-1.jpg,,,,,,,,,,,,,,,,,,,,,,,,,,,,,,,,,,,,,,,,,,,,,"
"Плиткорез DLT PROLINE, рез до 800мм, арт.0598",Плиткорезы ручные>Плиткорезы DLT,0598,13 542.40,"https://dlt.by/image/catalog/easyphoto/4126/plitkorez-dlt-proline-rez-do-800mm-1.jpg,,,,,,,,,,,,,,,,,,,,,,,,,,,,,,,,,,,,,,,,,,,,,"
"Плиткорез электрический SHIJING, арт.9320",Плиткорезы электрические (камнерезы/мокрорезы)>Плиткорезы SHIJING,9320,6 921.67,"https://dlt.by/image/catalog/easyphoto/4128/plitkorez-elektricheskiy-shijing-art-9320-2.jpg,,,,,,,,,,,,,,,,,,,,,,,,,,,,,,,,,,,,,,,,,,,,,"
"Сумка BIHUI, арт.BPG06",Ящики для инструмента/Модульные системы,BPG06,3 731.68,"https://dlt.by/image/catalog/easyphoto/4352/sumka-bihui-art-bpg06-3.jpg,,,,,,,,,,,,,,,,,,,,,,,,,,,,,,,,,,,,,,,,,,,,,"
"Пылесос строительный DLT PL PRO MAX с авто очисткой, арт. 3234",Пылесосы строительные>Пылесосы,3234,23 323.03,"https://dlt.by/image/catalog/easyphoto/4225/pylesos-stroitelnyy-dlt-pl-pro-max-s-avto-ochistkoy-18.jpg,,,,,,,,,,,,,,,,,,,,,,,,,,,,,,,,,,,,,,,,,,,,,"
"Стойка рекламная Rollingdog, арт. DP-05",Стеллажи для инструментов,DP-05,30 395.17,"https://dlt.by/image/catalog/easyphoto/4140/stoyka-reklamnaya-rollingdog-art-dp-05-1.jpg,,,,,,,,,,,,,,,,,,,,,,,,,,,,,,,,,,,,,,,,,,,,,"
"Прижим DLT для выравнивания плитки на электрические плиткорезы с резом 1000-1200мм NEW, арт.2259",Плиткорезы электрические (камнерезы/мокрорезы)>Плиткорезы DLT,2259,5 567.43,"https://dlt.by/image/catalog/easyphoto/4146/prizhim-dlt-dlya-vyravnivaniya-plitki-na-elektricheskie-plitkorezy-s-rezom-1000-1200mm-new-4.jpg,,,,,,,,,,,,,,,,,,,,,,,,,,,,,,,,,,,,,,,,,,,,,"
"Запасная кнопка с регулировкой дрели алмазного сверления (бурения) KEN 6110B, арт.3534",Запчасти>Установки алмазного сверления,3534,631.98,"https://dlt.by/image/catalog/easyphoto/4314/zapasnaya-knopka-s-regulirovkoy-dreli-almaznogo-sverleniya-bureniya-ken-6110b-art-3534-2.jpg,,,,,,,,,,,,,,,,,,,,,,,,,,,,,,,,,,,,,,,,,,,,,"
"Виброприсоска для укладки плитки DLT Vibro MAX версия PRO, арт.9395",Инструмент для укладки плитки>Вибрационные присоски,9395,9 780.62,"https://dlt.by/image/catalog/easyphoto/4147/vibroprisoska-dlya-ukladki-plitki-dlt-vibro-max-versiya-pro-5.jpg,,,,,,,,,,,,,,,,,,,,,,,,,,,,,,,,,,,,,,,,,,,,,"
"Смеситель строительный MAX-XT MPM1600-2, арт.3337",Миксер строительный/дрель-миксер,3337,15 348.06,"https://dlt.by/image/catalog/easyphoto/4251/smesitel-stroitelnyy-max-xt-mpm1600-2-8.jpg,,,,,,,,,,,,,,,,,,,,,,,,,,,,,,,,,,,,,,,,,,,,,"
"Коронка алмазная для плитки и камня BIHUI, 70мм (вакуумная пайка точной формы), арт.DBDB70",Алмазная оснастка>Алмазные коронки для плитки>Алмазные коронки по керамограниту (вакуумная пайка),DBDB70,3 611.31,"https://dlt.by/image/catalog/easyphoto/4177/koronka-almaznaya-dlya-plitki-i-kamnya-bihui-70mm-vakuumnaya-payka-tochnoy-formy-art-dbdb70-2.jpg,,,,,,,,,,,,,,,,,,,,,,,,,,,,,,,,,,,,,,,,,,,,,"
"Универсальный шлифовально-отрезной алмазный диск BIHUI, 125мм, арт.DPG125",Алмазная оснастка>Алмазные диски>Алмазные диски для мозаики и стекла,DPG125,812.54,"https://dlt.by/image/catalog/easyphoto/4185/universalnyy-shlifovalno-otreznoy-almaznyy-disk-bihui-125mm-art-dpg125-2.jpg,,,,,,,,,,,,,,,,,,,,,,,,,,,,,,,,,,,,,,,,,,,,,"
"Коронка алмазная по керамограниту BIHUI, 70мм (вакуумная пайка), арт.DBDF70",Алмазная оснастка>Алмазные коронки для плитки>Алмазные коронки по керамограниту (вакуумная пайка),DBDF70,2 919.14,"https://dlt.by/image/catalog/easyphoto/4179/koronka-almaznaya-po-keramogranitu-bihui-70mm-vakuumnaya-payka-art-dbdf70-2.jpg,,,,,,,,,,,,,,,,,,,,,,,,,,,,,,,,,,,,,,,,,,,,,"
"Коронка алмазная для плитки и камня BIHUI, 68мм (вакуумная пайка точной формы), арт.DBDB68",Алмазная оснастка>Алмазные коронки для плитки>Алмазные коронки по керамограниту (вакуумная пайка),DBDB68,3 460.84,"https://dlt.by/image/catalog/easyphoto/4176/koronka-almaznaya-dlya-plitki-i-kamnya-bihui-68mm-vakuumnaya-payka-tochnoy-formy-art-dbdb68-2.jpg,,,,,,,,,,,,,,,,,,,,,,,,,,,,,,,,,,,,,,,,,,,,,"
"Диск для скругления плитки BIHUI Ø75мм, толщина 15мм, #50/60, арт.DGV315",Алмазная оснастка>Алмазные диски>Алмазные диски для скругления и ступеней,DGV315,1 263.96,"https://dlt.by/image/catalog/easyphoto/3997/disk-dlya-skrugleniya-plitki-bihui-75mm-tolshchina-10mm-50-60-art-dgv310-9.jpg,,,,,,,,,,,,,,,,,,,,,,,,,,,,,,,,,,,,,,,,,,,,,"
"Алмазный диск BIHUI MINI THIN TURBO, 60мм, арт.DCW60",Бренды>BIHUI Tools Инструмент для укладки плитки Бихуэй (бихуй),DCW60,1 203.77,"https://dlt.by/image/catalog/easyphoto/4181/almaznyy-disk-bihui-mini-thin-turbo-60mm-art-dcw60-3.jpg,,,,,,,,,,,,,,,,,,,,,,,,,,,,,,,,,,,,,,,,,,,,,"
"Запасные накладки для раскладного стола BIHUI 12шт, арт.LFWB-R",Запчасти,LFWB-R,1 865.84,"https://dlt.by/image/catalog/easyphoto/4193/zapasnye-nakladki-dlya-raskladnogo-stola-bihui-12sht-art-lfwb-r-4.jpg,,,,,,,,,,,,,,,,,,,,,,,,,,,,,,,,,,,,,,,,,,,,,"
"Корзина на перфорацию L=480 K=300 H=200, арт.3557",Стеллажи для инструментов,3557,932.92,"https://dlt.by/image/catalog/easyphoto/4199/korzina-na-perforatsiyu-l-480-k-300-h-200-2.jpg,,,,,,,,,,,,,,,,,,,,,,,,,,,,,,,,,,,,,,,,,,,,,"
"Корзина на перфорацию L=250 K=300 H=200, арт.3556",Стеллажи для инструментов,3556,752.36,"https://dlt.by/image/catalog/easyphoto/4198/korzina-na-perforatsiyu-l-250-k-300-h-200-2.jpg,,,,,,,,,,,,,,,,,,,,,,,,,,,,,,,,,,,,,,,,,,,,,"
"Рулетка строительная BIHUI 5 м с автостопом, арт.TMR5M",Бренды>BIHUI Tools Инструмент для укладки плитки Бихуэй (бихуй),TMR5M,963.02,"https://dlt.by/image/catalog/easyphoto/4292/ruletka-stroitelnaya-bihui-5-m-s-avtostopom-art-tmr5m-2.jpg,,,,,,,,,,,,,,,,,,,,,,,,,,,,,,,,,,,,,,,,,,,,,"
"Стол раскладной BIHUI, арт.TWTMST",Инструмент для укладки плитки>Крупноформат ,TWTMST,16 551.82,"https://dlt.by/image/catalog/easyphoto/4291/stol-raskladnoy-bihui-art-twtmst-1.jpg,,,,,,,,,,,,,,,,,,,,,,,,,,,,,,,,,,,,,,,,,,,,,"
"Крюк для присосок с ц/д на перфорацию D=5 K=250, арт.3555",Стеллажи для инструментов,3555,662.07,"https://dlt.by/image/catalog/easyphoto/4197/kryuk-dlya-prisosok-s-ts-d-na-perforatsiyu-d-5-k-250-2.jpg,,,,,,,,,,,,,,,,,,,,,,,,,,,,,,,,,,,,,,,,,,,,,"
"Запасной лазерный указатель для плиткореза BIHUI, арт.TCSA1200-01",Запчасти>Плиткорезы электрические ,TCSA1200-01,3 220.08,"https://dlt.by/image/catalog/easyphoto/4190/zapasnoy-lazernyy-ukazatel-dlya-plitkoreza-bihui-art-tcsa1200-01-2.jpg,,,,,,,,,,,,,,,,,,,,,,,,,,,,,,,,,,,,,,,,,,,,,"
"Плиткорез механический BIHUI, 1600мм, арт.TCS1600",Плиткорезы ручные>Плиткорезы BIHUI,TCS1600,34 006.48,"https://dlt.by/image/catalog/easyphoto/4189/plitkorez-mehanicheskiy-bihui-1600mm-art-tcs1600-1.jpg,,,,,,,,,,,,,,,,,,,,,,,,,,,,,,,,,,,,,,,,,,,,,"
"Диск радиусный BIHUI Ø75мм, толщина 15мм, #50/60, арт.DGR315",Алмазная оснастка>Алмазные диски>Алмазные диски для скругления и ступеней,DGR315,1 083.39,"https://dlt.by/image/catalog/easyphoto/3999/disk-radiusnyy-bihui-75mm-tolshchina-10mm-50-60-art-dgr310-8.jpg,,,,,,,,,,,,,,,,,,,,,,,,,,,,,,,,,,,,,,,,,,,,,"
"Диск радиусный BIHUI Ø75мм, толщина 20мм, #50/60, арт.DGR320",Алмазная оснастка>Алмазные диски>Алмазные диски для скругления и ступеней,DGR320,1 143.58,"https://dlt.by/image/catalog/easyphoto/3999/disk-radiusnyy-bihui-75mm-tolshchina-10mm-50-60-art-dgr310-8.jpg,,,,,,,,,,,,,,,,,,,,,,,,,,,,,,,,,,,,,,,,,,,,,"
"Плиткорез механический BIHUI серии C-Lion, рез до 1200мм, арт.TCB1200 ",Плиткорезы ручные>Плиткорезы BIHUI,TCB1200,30 696.11,"https://dlt.by/image/catalog/easyphoto/4188/plitkorez-mehanicheskiy-bihui-serii-c-lion-rez-do-1200mm-art-tcb1200-7.jpg,,,,,,,,,,,,,,,,,,,,,,,,,,,,,,,,,,,,,,,,,,,,,"
"Разделитель плитки (сепаратор) BIHUI, арт.LFTBH",Акции на строительный инструмент,LFTBH,5 116.02,"https://dlt.by/image/catalog/easyphoto/4187/razdelitel-plitki-separator-bihui-art-lftbh-5.jpg,,,,,,,,,,,,,,,,,,,,,,,,,,,,,,,,,,,,,,,,,,,,,"
"Диск алмазный BIHUI,120мм, арт.DCBS120",Алмазная оснастка>Алмазные диски>Алмазные диски для электрических плиткорезов,DCBS120,993.11,"https://dlt.by/image/catalog/easyphoto/4180/disk-almaznyy-bihui-120mm-art-dcbs120-2.jpg,,,,,,,,,,,,,,,,,,,,,,,,,,,,,,,,,,,,,,,,,,,,,"
"Коронка алмазная по керамограниту BIHUI, 14мм (вакуумная пайка), арт.DBDF14",Алмазная оснастка>Алмазные коронки для плитки,DBDF14,902.83,"https://dlt.by/image/catalog/easyphoto/4178/koronka-almaznaya-po-keramogranitu-bihui-14mm-vakuumnaya-payka-art-dbdf14-2.jpg,,,,,,,,,,,,,,,,,,,,,,,,,,,,,,,,,,,,,,,,,,,,,"
"Коронка алмазная для плитки и камня BIHUI, 60мм (вакуумная пайка точной формы), арт.DBDB60",Алмазная оснастка>Алмазные коронки для плитки>Алмазные коронки по керамограниту (вакуумная пайка),DBDB60,2 979.33,"https://dlt.by/image/catalog/easyphoto/4175/koronka-almaznaya-dlya-plitki-i-kamnya-bihui-60mm-vakuumnaya-payka-tochnoy-formy-art-dbdb60-2.jpg,,,,,,,,,,,,,,,,,,,,,,,,,,,,,,,,,,,,,,,,,,,,,"
"Коронка алмазная для плитки и камня BIHUI, 57мм (вакуумная пайка точной формы), арт.DBDB57",Алмазная оснастка>Алмазные коронки для плитки,DBDB57,2 919.14,"https://dlt.by/image/catalog/easyphoto/4174/koronka-almaznaya-dlya-plitki-i-kamnya-bihui-57mm-vakuumnaya-payka-tochnoy-formy-art-dbdb57-2.jpg,,,,,,,,,,,,,,,,,,,,,,,,,,,,,,,,,,,,,,,,,,,,,"
"Коронка алмазная для плитки и камня BIHUI, 55мм (вакуумная пайка точной формы), арт.DBDB55",Алмазная оснастка>Алмазные коронки для плитки>Алмазные коронки по керамограниту (вакуумная пайка),DBDB55,2 858.95,"https://dlt.by/image/catalog/easyphoto/4173/koronka-almaznaya-dlya-plitki-i-kamnya-bihui-55mm-vakuumnaya-payka-tochnoy-formy-art-dbdb55-2.jpg,,,,,,,,,,,,,,,,,,,,,,,,,,,,,,,,,,,,,,,,,,,,,"
"Коронка алмазная для плитки и камня BIHUI, 50мм (вакуумная пайка точной формы), арт.DBDB50",Алмазная оснастка>Алмазные коронки для плитки>Алмазные коронки по керамограниту (вакуумная пайка),DBDB50,2 678.39,"https://dlt.by/image/catalog/easyphoto/4172/koronka-almaznaya-dlya-plitki-i-kamnya-bihui-50mm-vakuumnaya-payka-tochnoy-formy-art-dbdb50-2.jpg,,,,,,,,,,,,,,,,,,,,,,,,,,,,,,,,,,,,,,,,,,,,,"
"Коронка алмазная для плитки и камня BIHUI, 43мм (вакуумная пайка точной формы), арт.DBDB43",Алмазная оснастка>Алмазные коронки для плитки>Алмазные коронки по керамограниту (вакуумная пайка),DBDB43,2 317.26,"https://dlt.by/image/catalog/easyphoto/4170/koronka-almaznaya-dlya-plitki-i-kamnya-bihui-43mm-vakuumnaya-payka-tochnoy-formy-art-dbdb43-2.jpg,,,,,,,,,,,,,,,,,,,,,,,,,,,,,,,,,,,,,,,,,,,,,"
"Коронка алмазная для плитки и камня BIHUI, 45мм (вакуумная пайка точной формы), арт.DBDB45",Алмазная оснастка>Алмазные коронки для плитки,DBDB45,2 437.63,"https://dlt.by/image/catalog/easyphoto/4171/koronka-almaznaya-dlya-plitki-i-kamnya-bihui-45mm-vakuumnaya-payka-tochnoy-formy-art-dbdb45-2.jpg,,,,,,,,,,,,,,,,,,,,,,,,,,,,,,,,,,,,,,,,,,,,,"
"Коронка алмазная для плитки и камня BIHUI, 38мм (вакуумная пайка точной формы), арт.DBDB38",Алмазная оснастка>Алмазные коронки для плитки>Алмазные коронки по керамограниту (вакуумная пайка),DBDB38,2 076.50,"https://dlt.by/image/catalog/easyphoto/4168/koronka-almaznaya-dlya-plitki-i-kamnya-bihui-38mm-vakuumnaya-payka-tochnoy-formy-art-dbdb38-2.jpg,,,,,,,,,,,,,,,,,,,,,,,,,,,,,,,,,,,,,,,,,,,,,"
"Коронка алмазная для плитки и камня BIHUI, 16мм (вакуумная пайка точной формы), арт.DBDB16",Алмазная оснастка>Алмазные коронки для плитки>Алмазные коронки по керамограниту (вакуумная пайка),DBDB16,1 324.15,"https://dlt.by/image/catalog/easyphoto/4164/koronka-almaznaya-dlya-plitki-i-kamnya-bihui-16mm-vakuumnaya-payka-tochnoy-formy-art-dbdb16-3.jpg,,,,,,,,,,,,,,,,,,,,,,,,,,,,,,,,,,,,,,,,,,,,,"
"Гидроизоляционная лента DLT (оранжевая), 300 г/см², рулон 30 см * 10 м, арт.3575",Новинки в нашем ассортименте ,3575,0.00,"https://dlt.by/image/catalog/easyphoto/4326/gidroizolyatsionnoe-polotno-dlt-oranzhevoe-300-g-sm-rulon-1-15-m-15-m-art-3573-1.png,,,,,,,,,,,,,,,,,,,,,,,,,,,,,,,,,,,,,,,,,,,,,"
"Запасной пластиковый кожух двигателя привода диска электрического плиткореза BIHUI, арт.HVTN-S01",Запчасти,HVTN-S01,2 136.69,"https://dlt.by/image/catalog/easyphoto/4226/zapasnoy-plastikovyy-kozhuh-dvigatelya-privoda-diska-elektricheskogo-plitkoreza-bihui-art-hvtn-s01-2.jpg,,,,,,,,,,,,,,,,,,,,,,,,,,,,,,,,,,,,,,,,,,,,,"
"Роликовый резец BIHUI для плиткореза Ø22мм, посадка 6мм, арт.TCM-SW",Плиткорезы ручные,TCM-SW,631.98,"https://dlt.by/image/catalog/easyphoto/4294/rolikovyy-rezets-bihui-dlya-plitkoreza-22mm-posadka-6mm-art-tcm-sw-1.jpg,,,,,,,,,,,,,,,,,,,,,,,,,,,,,,,,,,,,,,,,,,,,,"
"Алмазная коронка-фреза BIHUI, 40-60мм, арт.DBDP40",Алмазная оснастка>Алмазные коронки для плитки,DBDP40,2 407.54,"https://dlt.by/image/catalog/easyphoto/4286/almaznaya-koronka-freza-bihui-40-60mm-art-dbdp40-1.jpg,,,,,,,,,,,,,,,,,,,,,,,,,,,,,,,,,,,,,,,,,,,,,"
"Запасной шаговый мотор электрического плиткореза DLT OptiTronic Auto, версия MAX, арт.3283",Запчасти>Плиткорезы электрические>DLT OptiTronic Auto (версия Max),3283,8 727.33,"https://dlt.by/image/catalog/easyphoto/4241/zapasnoy-shagovyy-motor-elektricheskogo-plitkoreza-dlt-optitronic-auto-versiya-max-art-3283-2.jpg,,,,,,,,,,,,,,,,,,,,,,,,,,,,,,,,,,,,,,,,,,,,,"
"Ограничитель фронтальный H55 L1000, арт.3559",Стеллажи для инструментов,3559,276.87,"https://dlt.by/image/catalog/easyphoto/4215/ogranichitel-frontalnyy-h170-l1000-3.jpg,,,,,,,,,,,,,,,,,,,,,,,,,,,,,,,,,,,,,,,,,,,,,"
"Запасной кран подачи воды дрели алмазного сверления (бурения) KEN 6110B, арт.3536",Запчасти>Установки алмазного сверления,3536,391.22,"https://dlt.by/image/catalog/easyphoto/4313/zapasnoy-kran-podachi-vody-dreli-almaznogo-sverleniya-bureniya-ken-6110b-art-3536-2.jpg,,,,,,,,,,,,,,,,,,,,,,,,,,,,,,,,,,,,,,,,,,,,,"
"Гравер DLT G-100, арт.1151 NEW",Инструмент для укладки плитки>Граверы и оснастка,1151 NEW,9 389.40,"https://dlt.by/image/catalog/easyphoto/4303/graver-dlt-g-100-art-1151-new-11.jpg,,,,,,,,,,,,,,,,,,,,,,,,,,,,,,,,,,,,,,,,,,,,,"
"Коронка алмазная для плитки и камня BIHUI, 30мм (вакуумная пайка точной формы), арт.DBDB30",Алмазная оснастка>Алмазные коронки для плитки,DBDB30,1 685.28,"https://dlt.by/image/catalog/easyphoto/4218/koronka-almaznaya-dlya-plitki-i-kamnya-bihui-30mm-vakuumnaya-payka-tochnoy-formy-art-dbdb30-1.jpg,,,,,,,,,,,,,,,,,,,,,,,,,,,,,,,,,,,,,,,,,,,,,"
"Ограничитель фронтальный H170 L1000, арт.3558",Стеллажи для инструментов,3558,541.70,"https://dlt.by/image/catalog/easyphoto/4214/korzina-na-perforatsiyu-l-100-k-200-h-40-naklonnaya-4.jpg,,,,,,,,,,,,,,,,,,,,,,,,,,,,,,,,,,,,,,,,,,,,,"
"Насадка для смесителя (миксера) BIHUI, арт.MPGZ120",Миксер строительный/дрель-миксер,MPGZ120,1 143.58,"https://dlt.by/image/catalog/easyphoto/4304/nasadka-dlya-smesitelya-miksera-bihui-art-mpgz120-3.jpg,,,,,,,,,,,,,,,,,,,,,,,,,,,,,,,,,,,,,,,,,,,,,"
"Гидроизоляционная лента DLT (оранжевая), 300 г/см², рулон 12.5 см * 10 м, арт.3574",Новинки в нашем ассортименте,3574,0.00,"https://dlt.by/image/catalog/easyphoto/4326/gidroizolyatsionnaya-lenta-dlt-oranzhevaya-300-g-sm-rulon-12-5-sm-10-m-art-3574-3.png,,,,,,,,,,,,,,,,,,,,,,,,,,,,,,,,,,,,,,,,,,,,,"
"Тарелка для шлифмашины MAX-XT, жесткая, арт.3353",Шлифовальные машины для стен/потолков и пола,3353,1 504.71,"https://dlt.by/image/catalog/easyphoto/4257/tarelka-dlya-shlifmashiny-max-xt-srednyaya-zhestkost-4.jpg,,,,,,,,,,,,,,,,,,,,,,,,,,,,,,,,,,,,,,,,,,,,,"
"Диск алмазный BIHUI 115мм, арт.DCBG115",Алмазная оснастка>Алмазные диски>Алмазные диски по керамике/керамограниту/граниту/мрамору,DCBG115,511.60,"https://dlt.by/image/catalog/easyphoto/4287/disk-almaznyy-bihui-115-mm-art-dcbg115-5.jpg,,,,,,,,,,,,,,,,,,,,,,,,,,,,,,,,,,,,,,,,,,,,,"
"Кнопочный механизм для инсталляции, арт.3886",Бренды>Оборудование и приспособления для укладки плитки DLT ,3886,11 586.28,"https://dlt.by/image/catalog/easyphoto/4359/knopochnyy-mehanizm-dlya-installyatsii-art-3886-3.jpg,,,,,,,,,,,,,,,,,,,,,,,,,,,,,,,,,,,,,,,,,,,,,"
"Запасная насадка для пылесоса BIHUI, арт.VCH30-02",Запчасти>Пылесосы>BIHUI VCH30,VCH30-02,601.88,"https://dlt.by/image/catalog/easyphoto/4150/zapasnaya-nasadka-dlya-pylesosa-bihui-art-vch30-02-2.jpg,,,,,,,,,,,,,,,,,,,,,,,,,,,,,,,,,,,,,,,,,,,,,"
"Электрическая присоска BIHUI с АВТО подкачкой, для гладкой и рельефной поверхности, арт.LFBSL ",Инструмент для укладки плитки>Присоски для плитки и стекла>Электрические присоски и поршни,LFBSL,21 667.84,"https://dlt.by/image/catalog/easyphoto/4148/prisoska-elektricheskaya-bihui-s-avto-podkachkoy-art-lfbsl-11.jpg,,,,,,,,,,,,,,,,,,,,,,,,,,,,,,,,,,,,,,,,,,,,,"
" Набор гребенок BIHUI (8 предметов), арт.PTSJA8",Инструмент для укладки плитки>Гребенки>Наборы,PTSJA8,4 724.79,"https://dlt.by/image/catalog/easyphoto/4149/nabor-grebenok-bihui-8-predmetov-art-ptsja8-1.jpg,,,,,,,,,,,,,,,,,,,,,,,,,,,,,,,,,,,,,,,,,,,,,"
"Диск алмазный шлифовальный универсальный BIHUI #120, арт.DPS120",Алмазная оснастка>Алмазные диски>Чашки алмазные шлифовальные (алмазные фрезы),DPS120,6 018.85,"https://dlt.by/image/catalog/easyphoto/4151/disk-almaznyy-shlifovalnyy-universalnyy-bihui-art-dpf120-5.png,,,,,,,,,,,,,,,,,,,,,,,,,,,,,,,,,,,,,,,,,,,,,"
"Диск алмазный шлифовальный универсальный BIHUI #60, арт.DPS060",Алмазная оснастка>Алмазные диски>Чашки алмазные шлифовальные (алмазные фрезы),DPS060,6 470.26,"https://dlt.by/image/catalog/easyphoto/4152/disk-almaznyy-shlifovalnyy-universalnyy-bihui-60-art-dps060-7.jpg,,,,,,,,,,,,,,,,,,,,,,,,,,,,,,,,,,,,,,,,,,,,,"
"Диск алмазный шлифовальный универсальный BIHUI #200, арт.DPS200",Алмазная оснастка>Алмазные диски>Чашки алмазные шлифовальные (алмазные фрезы),DPS200,6 018.85,"https://dlt.by/image/catalog/easyphoto/4153/disk-almaznyy-shlifovalnyy-universalnyy-bihui-200-art-dps200-7.jpg,,,,,,,,,,,,,,,,,,,,,,,,,,,,,,,,,,,,,,,,,,,,,"
"Запасная деталь крепления направляющей плиткореза DLT MAXLINE для лазера, арт.3373",Запчасти,3373,1 655.18,"https://dlt.by/image/catalog/easyphoto/4320/zapasnaya-detal-krepleniya-napravlyayushchey-plitkoreza-dlt-maxline-dlya-lazera-art-3373-1.jpg,,,,,,,,,,,,,,,,,,,,,,,,,,,,,,,,,,,,,,,,,,,,,"
"Коронка алмазная по керамограниту BIHUI, 28мм (вакуумная пайка), арт.DBDF28",Алмазная оснастка>Алмазные коронки для плитки>Алмазные коронки по керамограниту (вакуумная пайка),DBDF28,1 324.15,"https://dlt.by/image/catalog/easyphoto/4154/koronka-almaznaya-po-keramogranitu-bihui-28mm-vakuumnaya-payka-art-dbdf28-11.jpg,,,,,,,,,,,,,,,,,,,,,,,,,,,,,,,,,,,,,,,,,,,,,"
"Коронка алмазная по керамограниту BIHUI, 30мм (вакуумная пайка), арт.DBDF30",Алмазная оснастка>Алмазные коронки для плитки>Алмазные коронки по керамограниту (вакуумная пайка),DBDF30,1 354.24,"https://dlt.by/image/catalog/easyphoto/4155/koronka-almaznaya-po-keramogranitu-bihui-30mm-vakuumnaya-payka-art-dbdf30-11.jpg,,,,,,,,,,,,,,,,,,,,,,,,,,,,,,,,,,,,,,,,,,,,,"
"Коронка алмазная по керамограниту BIHUI, 55мм (вакуумная пайка), арт.DBDF55",Алмазная оснастка>Алмазные коронки для плитки>Алмазные коронки по керамограниту (вакуумная пайка),DBDF55,2 407.54,"https://dlt.by/image/catalog/easyphoto/4156/koronka-almaznaya-po-keramogranitu-bihui-55mm-vakuumnaya-payka-art-dbdf55-10.jpg,,,,,,,,,,,,,,,,,,,,,,,,,,,,,,,,,,,,,,,,,,,,,"
"Терка для эпоксидной затирки BIHUI, арт.CFSRS",Малярный и штукатурный инструмент>Тёрки для отделочных работ,CFSRS,692.17,"https://dlt.by/image/catalog/easyphoto/4157/terka-dlya-epoksidnoy-zatirki-bihui-art-cfsrs-2.jpg,,,,,,,,,,,,,,,,,,,,,,,,,,,,,,,,,,,,,,,,,,,,,"
"Многофункциональная присоска DLT для работы с плиткой, арт.3541",Инструмент для укладки плитки>Присоски для плитки и стекла>Обычные присоски,3541,842.64,"https://dlt.by/image/catalog/easyphoto/4299/regulyator-plitochnogo-prostranstva-dlt-sistema-styagivaniya-p622-art-0599-1.jpg,,,,,,,,,,,,,,,,,,,,,,,,,,,,,,,,,,,,,,,,,,,,,"
"Запасная каретка электрического плиткореза DLT Optitronic (версия PRO), арт.3654",Запчасти,3654,5 567.43,"https://dlt.by/image/catalog/easyphoto/4354/zapasnaya-karetka-elektricheskogo-plitkoreza-dlt-optitronic-versiya-pro-art-3654-2.jpg,,,,,,,,,,,,,,,,,,,,,,,,,,,,,,,,,,,,,,,,,,,,,"
"Угловой валик для нанесения шпатлёвки DLT, арт.3260",Шпателя для механизированной шпатлевки,3260,529.66,"https://dlt.by/image/catalog/easyphoto/4211/uglovoy-valik-dlya-naneseniya-shpatlevki-dlt-art-3260-3.jpg,,,,,,,,,,,,,,,,,,,,,,,,,,,,,,,,,,,,,,,,,,,,,"
"Баннер демонстрационный BIHUI, арт.BPG11 ",Бренды>BIHUI Tools Инструмент для укладки плитки Бихуэй (бихуй),BPG11  ,6 620.73,"https://dlt.by/image/catalog/easyphoto/4350/banner-demonstratsionnyy-bihui-art-bpg11-1.jpg,,,,,,,,,,,,,,,,,,,,,,,,,,,,,,,,,,,,,,,,,,,,,"
"Запасной ремкомплект муфты скольжения дрели алмазного сверления (бурения) KEN 6110B (5 шт в упак), арт.3848",Запчасти>Установки алмазного сверления,3848,932.92,"https://dlt.by/image/catalog/easyphoto/4318/zapasnoy-remkomplekt-mufty-skolzheniya-dreli-almaznogo-sverleniya-bureniya-ken-6110b-5-sht-v-upak-art-3848-3.jpg,,,,,,,,,,,,,,,,,,,,,,,,,,,,,,,,,,,,,,,,,,,,,"
"Валик для нанесения шпатлёвки с бюгелем DLT 11,5см, ворс 15мм, арт.3261",Шпателя для механизированной шпатлевки,3261,523.64,"https://dlt.by/image/catalog/easyphoto/4212/valik-dlya-naneseniya-shpatlevki-s-byugelem-dlt-11-5sm-vors-15mm-art-3261-3.jpg,,,,,,,,,,,,,,,,,,,,,,,,,,,,,,,,,,,,,,,,,,,,,"
"Универсальный шлифовально-отрезной алмазный диск BIHUI, 250мм, арт.DPG250",Алмазная оснастка>Алмазные диски>Алмазные диски для мозаики и стекла,DPG250,2 828.86,"https://dlt.by/image/catalog/easyphoto/4284/universalnyy-shlifovalno-otreznoy-almaznyy-disk-bihui-250mm-art-dpg250-1.jpg,,,,,,,,,,,,,,,,,,,,,,,,,,,,,,,,,,,,,,,,,,,,,"
"Коронка алмазная по керамограниту BIHUI, 7мм (вакуумная пайка), арт.DBDF07",Алмазная оснастка>Алмазные коронки для плитки>Алмазные коронки по керамограниту (вакуумная пайка),DBDF07,932.92,"https://dlt.by/image/catalog/easyphoto/4192/koronka-almaznaya-po-keramogranitu-bihui-7mm-vakuumnaya-payka-art-dbdf07-2.jpg,,,,,,,,,,,,,,,,,,,,,,,,,,,,,,,,,,,,,,,,,,,,,"
"Коронка алмазная для плитки и камня BIHUI, 22мм (вакуумная пайка точной формы), арт.DBDB22",Алмазная оснастка>Алмазные коронки для плитки>Алмазные коронки по керамограниту (вакуумная пайка),DBDB22,1 414.43,"https://dlt.by/image/catalog/easyphoto/4165/koronka-almaznaya-dlya-plitki-i-kamnya-bihui-22mm-vakuumnaya-payka-tochnoy-formy-art-dbdb22-3.jpg,,,,,,,,,,,,,,,,,,,,,,,,,,,,,,,,,,,,,,,,,,,,,"
"Универсальный шлифовально-отрезной алмазный диск BIHUI, 115мм, арт.DPG115",Алмазная оснастка>Алмазные диски>Алмазные диски для мозаики и стекла,DPG115,722.26,"https://dlt.by/image/catalog/easyphoto/4186/universalnyy-shlifovalno-otreznoy-almaznyy-disk-bihui-115mm-art-dpg115-2.jpg,,,,,,,,,,,,,,,,,,,,,,,,,,,,,,,,,,,,,,,,,,,,,"
"Коронка алмазная для плитки и камня BIHUI, 14мм (вакуумная пайка точной формы), арт.DBDB14",Алмазная оснастка>Алмазные коронки для плитки,DBDB14,1 203.77,"https://dlt.by/image/catalog/easyphoto/4163/koronka-almaznaya-dlya-plitki-i-kamnya-bihui-14mm-vakuumnaya-payka-tochnoy-formy-art-dbdb14-3.jpg,,,,,,,,,,,,,,,,,,,,,,,,,,,,,,,,,,,,,,,,,,,,,"
"Кожух для гравера DLT от Speed Quality, (набор 2шт), арт. 3533 ",Инструмент для укладки плитки>Кожухи для УШМ/Пылеуловители/Кондукторы,3533,1 655.18,"https://dlt.by/image/catalog/easyphoto/4160/kozhuh-dlya-gravera-dlt-ot-speed-quality-nabor-2sht-art-3533-13.jpg,,,,,,,,,,,,,,,,,,,,,,,,,,,,,,,,,,,,,,,,,,,,,"
"Пылеотвод для АГШК (от Speed Quality), арт. 3532",Инструмент для укладки плитки>Круг алмазный гибкий шлифовальный,3532,4 664.61,"https://dlt.by/image/catalog/easyphoto/4161/pyleotvod-dlya-agshk-ot-speed-quality-art-3532-9.jpg,,,,,,,,,,,,,,,,,,,,,,,,,,,,,,,,,,,,,,,,,,,,,"
"Угольник строительный многофункциональный 300мм DLT, арт.3329",Акции на строительный инструмент,3329,1 655.18,"https://dlt.by/image/catalog/easyphoto/4162/ugolnik-stroitelnyy-mnogofunktsionalnyy-300mm-dlt-art-3329-2.jpg,,,,,,,,,,,,,,,,,,,,,,,,,,,,,,,,,,,,,,,,,,,,,"
"Запасная прокладка редуктора дрели алмазного сверления (бурения) KEN 6110B, арт.3537",Запчасти>Установки алмазного сверления,3537,246.77,"https://dlt.by/image/catalog/easyphoto/4312/zapasnaya-prokladka-reduktora-dreli-almaznogo-sverleniya-bureniya-ken-6110b-art-3537-2.jpg,,,,,,,,,,,,,,,,,,,,,,,,,,,,,,,,,,,,,,,,,,,,,"
"Малярный шпатель Rollingdog 120см, сменное лезвие, серия Elite, арт.50532",Шпателя для механизированной шпатлевки,50532,2 735.57,"https://dlt.by/image/catalog/easyphoto/3271/malyarnyy-shpatel-rollingdog-100sm-seriya-elite-art-50521-2.jpg,,,,,,,,,,,,,,,,,,,,,,,,,,,,,,,,,,,,,,,,,,,,,"
"Быстрозажимная насадка-патрон для гравера и бормашинки DLT, арт.3292",Инструмент для укладки плитки>Круг алмазный гибкий шлифовальный,3292,451.41,"https://dlt.by/image/catalog/easyphoto/4201/bystrozazhimnaya-nasadka-patron-dlya-gravera-i-bormashinki-dlt-art-3292-4.jpg,,,,,,,,,,,,,,,,,,,,,,,,,,,,,,,,,,,,,,,,,,,,,"
"Коронка алмазная для плитки и камня BIHUI, 40мм (вакуумная пайка точной формы), арт.DBDB40",Алмазная оснастка>Алмазные коронки для плитки>Алмазные коронки по керамограниту (вакуумная пайка),DBDB40,2 196.88,"https://dlt.by/image/catalog/easyphoto/4169/koronka-almaznaya-dlya-plitki-i-kamnya-bihui-40mm-vakuumnaya-payka-tochnoy-formy-art-dbdb40-2.jpg,,,,,,,,,,,,,,,,,,,,,,,,,,,,,,,,,,,,,,,,,,,,,"
"Коронка алмазная для плитки и камня BIHUI, 32мм (вакуумная пайка точной формы), арт.DBDB32",Алмазная оснастка>Алмазные коронки для плитки,DBDB32,1 775.56,"https://dlt.by/image/catalog/easyphoto/4167/koronka-almaznaya-dlya-plitki-i-kamnya-bihui-32mm-vakuumnaya-payka-tochnoy-formy-art-dbdb32-3.jpg,,,,,,,,,,,,,,,,,,,,,,,,,,,,,,,,,,,,,,,,,,,,,"
"Коронка алмазная для плитки и камня BIHUI, 28мм (вакуумная пайка точной формы), арт.DBDB28",Алмазная оснастка>Алмазные коронки для плитки>Алмазные коронки по керамограниту (вакуумная пайка),DBDB28,1 534.81,"https://dlt.by/image/catalog/easyphoto/4166/koronka-almaznaya-dlya-plitki-i-kamnya-bihui-28mm-vakuumnaya-payka-tochnoy-formy-art-dbdb28-3.jpg,,,,,,,,,,,,,,,,,,,,,,,,,,,,,,,,,,,,,,,,,,,,,"
"Смеситель строительный MAX-XT R6406C , арт.3338",Миксер строительный/дрель-миксер,3338,22 420.20,"https://dlt.by/image/catalog/easyphoto/4250/smesitel-stroitelnyy-max-xt-r6406c-7.jpg,,,,,,,,,,,,,,,,,,,,,,,,,,,,,,,,,,,,,,,,,,,,,"
"Резчик бетона (бетонорез) электрический MAX-XT MCS2600, арт.3347",Инструменты для резки и шлифовки,3347,34 307.42,"https://dlt.by/image/catalog/easyphoto/4248/rezchik-betona-betonorez-elektricheskiy-max-xt-mcs2600-art-3347-3.jpg,,,,,,,,,,,,,,,,,,,,,,,,,,,,,,,,,,,,,,,,,,,,,"
"Притир алмазный DLT, версия PRO plus, #100, арт.3324",Инструмент для укладки плитки>Алмазные притиры>Р100-120,3324,812.54,"https://dlt.by/image/catalog/easyphoto/4244/pritir-almaznyy-dlt-versiya-pro-plus-100-art-3324-2.jpg,,,,,,,,,,,,,,,,,,,,,,,,,,,,,,,,,,,,,,,,,,,,,"
"Притир алмазный DLT, версия PRO plus, #400, арт.3326",Инструмент для укладки плитки>Алмазные притиры>Р300-400,3326,812.54,"https://dlt.by/image/catalog/easyphoto/4246/pritir-almaznyy-dlt-versiya-pro-plus-400-art-3326-2.jpg,,,,,,,,,,,,,,,,,,,,,,,,,,,,,,,,,,,,,,,,,,,,,"
"Запасные насадки для шланга для шлифмашины DLT/MAX-XT R7303, арт.3355",Запчасти>Шлифмашины ручные/жираф>DLT R7303,3355,306.96,"https://dlt.by/image/catalog/easyphoto/4266/zapasnye-nasadki-dlya-shlanga-dlya-shlifmashiny-max-xt-1.jpg,,,,,,,,,,,,,,,,,,,,,,,,,,,,,,,,,,,,,,,,,,,,,"
"Запасной двигатель электрического плиткореза DLT OptiTronic Auto, версия MAX, арт.3278",Запчасти>Плиткорезы электрические>DLT OptiTronic Auto (версия Max),3278,18 658.42,"https://dlt.by/image/catalog/easyphoto/4236/zapasnoy-dvigatel-elektricheskogo-plitkoreza-dlt-optitronic-auto-versiya-max-art-3278-2.jpg,,,,,,,,,,,,,,,,,,,,,,,,,,,,,,,,,,,,,,,,,,,,,"
"Притир алмазный DLT, версия PRO plus, #200, арт.3325",Инструмент для укладки плитки>Алмазные притиры>Р200 ,3325,812.54,"https://dlt.by/image/catalog/easyphoto/4245/pritir-almaznyy-dlt-versiya-pro-plus-200-art-3325-2.jpg,,,,,,,,,,,,,,,,,,,,,,,,,,,,,,,,,,,,,,,,,,,,,"
"Запасная кнопка шлифмашинки по бетону BIHUI, арт.CG1900-12",Запчасти>Шлифмашина по бетону BIHUI,CG1900-12,246.77,"https://dlt.by/image/catalog/easyphoto/4276/zapasnaya-knopka-shlifmashinki-po-betonu-bihui-art-cg1900-12-5.jpg,,,,,,,,,,,,,,,,,,,,,,,,,,,,,,,,,,,,,,,,,,,,,"
"Гелевые строительные наколенники BIHUI, арт.TKPF",Наколенники строительные,TKPF,2 618.20,"https://dlt.by/image/catalog/easyphoto/4282/gelevye-stroitelnye-nakolenniki-bihui-art-tkpf-9.jpg,,,,,,,,,,,,,,,,,,,,,,,,,,,,,,,,,,,,,,,,,,,,,"
"Запасная главная плата управления электрического плиткореза DLT OptiTronic Auto, версия MAX, арт.3279",Запчасти>Плиткорезы электрические>DLT OptiTronic Auto (версия Max),3279,4 213.19,"https://dlt.by/image/catalog/easyphoto/4237/zapasnaya-glavnaya-plata-upravleniya-elektricheskogo-plitkoreza-dlt-optitronic-auto-versiya-max-art-3279-3.jpg,,,,,,,,,,,,,,,,,,,,,,,,,,,,,,,,,,,,,,,,,,,,,"
"Запасная плата регулировки оборотов шлифмашины по бетону BIHUI, арт.CG1900-11",Запчасти>Шлифмашина по бетону BIHUI,CG1900-11,451.41,"https://dlt.by/image/catalog/easyphoto/4277/zapasnaya-plata-regulirovki-oborotov-shlifmashiny-po-betonu-bihui-art-cg1900-11-2.jpg,,,,,,,,,,,,,,,,,,,,,,,,,,,,,,,,,,,,,,,,,,,,,"
"Запасной лазер электрического плиткореза DLT OptiTronic Auto, версия MAX, арт.3284",Запчасти>Плиткорезы электрические>DLT OptiTronic Auto (версия Max),3284,2 407.54,"https://dlt.by/image/catalog/easyphoto/4242/zapasnoy-lazer-elektricheskogo-plitkoreza-dlt-optitronic-auto-versiya-max-art-3284-3.jpg,,,,,,,,,,,,,,,,,,,,,,,,,,,,,,,,,,,,,,,,,,,,,"
"Запасная плата нагрузки шлифмашины по бетону BIHUI, арт.CG1900-62",Запчасти>Шлифмашина по бетону BIHUI,CG1900-62,3 310.36,"https://dlt.by/image/catalog/easyphoto/4274/zapasnaya-plata-nagruzki-shlifmashiny-po-betonu-bihui-art-cg1900-62-2.jpg,,,,,,,,,,,,,,,,,,,,,,,,,,,,,,,,,,,,,,,,,,,,,"
"Запасная плата управления электрического плиткореза DLT OptiTronic Auto, версия MAX, арт.3280",Запчасти>Плиткорезы электрические>DLT OptiTronic Auto (версия Max),3280,4 213.19,"https://dlt.by/image/catalog/easyphoto/4238/zapasnaya-plata-upravleniya-elektricheskogo-plitkoreza-dlt-optitronic-auto-versiya-max-art-3280-3.jpg,,,,,,,,,,,,,,,,,,,,,,,,,,,,,,,,,,,,,,,,,,,,,"
"Запасные щетки двигателя электрического плиткореза для крупноформатной плитки BIHUI, арт.LFECM-CB",Запчасти>Электрические плиткорезы для крупноформатной плитки>BIHUI,LFECM-CB,367.15,"https://dlt.by/image/catalog/easyphoto/4273/zapasnye-shchetki-dvigatelya-elektricheskogo-plitkoreza-dlya-krupnoformatnoy-plitki-bihui-art-lfecm-cb-2.jpg,,,,,,,,,,,,,,,,,,,,,,,,,,,,,,,,,,,,,,,,,,,,,"
"Притир алмазный DLT, версия PRO plus, #50, арт.3323",Инструмент для укладки плитки>Алмазные притиры>Р50-60,3323,812.54,"https://dlt.by/image/catalog/easyphoto/4243/pritir-almaznyy-dlt-versiya-pro-plus-50-art-3323-3.jpg,,,,,,,,,,,,,,,,,,,,,,,,,,,,,,,,,,,,,,,,,,,,,"
"Запасной пыльник кнопки электрического плиткореза для крупноформатной плитки BIHUI, арт.LFECM-04",Запчасти>Электрические плиткорезы для крупноформатной плитки>BIHUI,LFECM-04,156.49,"https://dlt.by/image/catalog/easyphoto/4271/zapasnoy-pylnik-knopki-elektricheskogo-plitkoreza-dlya-krupnoformatnoy-plitki-bihui-art-lfecm-04-2.jpg,,,,,,,,,,,,,,,,,,,,,,,,,,,,,,,,,,,,,,,,,,,,,"
"Запасной блок питания 24V электрического плиткореза DLT OptiTronic Auto, версия MAX, арт.3282",Запчасти>Плиткорезы электрические>DLT OptiTronic Auto (версия Max),3282,3 159.89,"https://dlt.by/image/catalog/easyphoto/4240/zapasnoy-blok-pitaniya-24v-elektricheskogo-plitkoreza-dlt-optitronic-auto-versiya-max-art-3282-2.jpg,,,,,,,,,,,,,,,,,,,,,,,,,,,,,,,,,,,,,,,,,,,,,"
"Запасная зажимная ручка электрического плиткореза DLT OptiTronic Auto, версия MAX, арт.3275",Запчасти>Плиткорезы электрические>DLT OptiTronic Auto (версия Max),3275,541.70,"https://dlt.by/image/catalog/easyphoto/4233/zapasnaya-zazhimnaya-ruchka-elektricheskogo-plitkoreza-dlt-optitronic-auto-versiya-max-art-3275-2.jpg,,,,,,,,,,,,,,,,,,,,,,,,,,,,,,,,,,,,,,,,,,,,,"
"Запасная водяная помпа (12V) электрического плиткореза DLT OptiTronic Auto, версия MAX, арт.3277",Запчасти>Плиткорезы электрические>DLT OptiTronic Auto (версия Max),3277,3 159.89,"https://dlt.by/image/catalog/easyphoto/4235/zapasnaya-vodyanaya-pompa-12v-elektricheskogo-plitkoreza-dlt-optitronic-auto-versiya-max-art-3277-2.jpg,,,,,,,,,,,,,,,,,,,,,,,,,,,,,,,,,,,,,,,,,,,,,"
"Запасная резиновая ручка электрического плиткореза DLT OptiTronic Auto, версия MAX, арт.3276",Запчасти>Плиткорезы электрические>DLT OptiTronic Auto (версия Max),3276,337.06,"https://dlt.by/image/catalog/easyphoto/4234/zapasnaya-rezinovaya-ruchka-elektricheskogo-plitkoreza-dlt-optitronic-auto-versiya-max-art-3276-3.jpg,,,,,,,,,,,,,,,,,,,,,,,,,,,,,,,,,,,,,,,,,,,,,"
"Запасное центрующее перекрестие электрического плиткореза DLT OptiTronic Auto, версия MAX, арт.3274",Запчасти>Плиткорезы электрические>DLT OptiTronic Auto (версия Max),3274,1 504.71,"https://dlt.by/image/catalog/easyphoto/4232/zapasnoe-tsentruyushchee-perekrestie-elektricheskogo-plitkoreza-dlt-optitronic-auto-versiya-max-art-3274-2.jpg,,,,,,,,,,,,,,,,,,,,,,,,,,,,,,,,,,,,,,,,,,,,,"
"Электрический переключатель электрического плиткореза DLT OptiTronic Auto, версия MAX, арт.3273",Запчасти>Плиткорезы электрические>DLT OptiTronic Auto (версия Max),3273,3 912.25,"https://dlt.by/image/catalog/easyphoto/4231/elektricheskiy-pereklyuchatel-elektricheskogo-plitkoreza-dlt-optitronic-auto-versiya-max-art-3273-3.jpg,,,,,,,,,,,,,,,,,,,,,,,,,,,,,,,,,,,,,,,,,,,,,"
"Запасная кнопка с фиксатором электрического плиткореза для крупноформатной плитки BIHUI, арт.LFECM-03",Запчасти>Электрические плиткорезы для крупноформатной плитки>BIHUI,LFECM-03,337.06,"https://dlt.by/image/catalog/easyphoto/4270/zapasnaya-knopka-s-fiksatorom-elektricheskogo-plitkoreza-dlya-krupnoformatnoy-plitki-bihui-art-lfecm-03-2.jpg,,,,,,,,,,,,,,,,,,,,,,,,,,,,,,,,,,,,,,,,,,,,,"
"Запасная косая шестерня электрического плиткореза для крупноформатной плитки BIHUI, арт.LFECM-02",Запчасти>Электрические плиткорезы для крупноформатной плитки>BIHUI,LFECM-02,306.96,"https://dlt.by/image/catalog/easyphoto/4269/zapasnaya-kosaya-shesternya-elektricheskogo-plitkoreza-dlya-krupnoformatnoy-plitki-bihui-art-lfecm-02-3.jpg,,,,,,,,,,,,,,,,,,,,,,,,,,,,,,,,,,,,,,,,,,,,,"
"Запасной гофрированный шланг 4м для шлифмашины Жираф MAX-XT R7237A-CT, арт.3350",Запчасти>Шлифмашины ручные/жираф>DLT R7237/GrandFlex V37,3350,1 805.65,"https://dlt.by/image/catalog/easyphoto/4260/zapasnoy-gofrirovannyy-shlang-4m-dlya-shlifmashiny-dlt-r7232-1.jpg,,,,,,,,,,,,,,,,,,,,,,,,,,,,,,,,,,,,,,,,,,,,,"
"Запасное уплотнительное кольцо для присоски BIHUI, арт.LFEVL-SR",Запчасти>Присоски электрические,LFEVL-SR,2 618.20,"https://dlt.by/image/catalog/easyphoto/4301/zapasnoe-uplotnitelnoe-koltso-dlya-prisoski-bihui-art-lfevl-sr-3.jpg,,,,,,,,,,,,,,,,,,,,,,,,,,,,,,,,,,,,,,,,,,,,,"
"Запасной блок питания 12V электрического плиткореза DLT OptiTronic Auto, версия MAX, арт.3281",Запчасти>Плиткорезы электрические>DLT OptiTronic Auto (версия Max),3281,4 213.19,"https://dlt.by/image/catalog/easyphoto/4239/zapasnoy-blok-pitaniya-12v-elektricheskogo-plitkoreza-dlt-optitronic-auto-versiya-max-art-3281-2.jpg,,,,,,,,,,,,,,,,,,,,,,,,,,,,,,,,,,,,,,,,,,,,,"
"Запасной ротор двигателя электрического плиткореза для крупноформатной плитки BIHUI, арт.LFECM-01",Запчасти>Электрические плиткорезы для крупноформатной плитки>BIHUI,LFECM-01,3 310.36,"https://dlt.by/image/catalog/easyphoto/4268/zapasnoy-rotor-dvigatelya-elektricheskogo-plitkoreza-dlya-krupnoformatnoy-plitki-bihui-art-lfecm-01-2.jpg,,,,,,,,,,,,,,,,,,,,,,,,,,,,,,,,,,,,,,,,,,,,,"
"Запасной краник для воды электрического плиткореза DLT OptiTronic Auto, версия MAX, арт.3272",Запчасти>Плиткорезы электрические>DLT OptiTronic Auto (версия Max),3272,306.96,",,,,,,,,,,,,,,,,,,,,,,,,,,,,,,,,,,,,,,,,,,,,,"
"Смеситель MAX-XT MDM1050, арт.3334 ",Миксер строительный/дрель-миксер,3334,9 931.09,"https://dlt.by/image/catalog/easyphoto/4220/smesitel-max-xt-mdm1050-art-3334-3.jpg,,,,,,,,,,,,,,,,,,,,,,,,,,,,,,,,,,,,,,,,,,,,,"
"Смеситель строительный MAX-XT MPM1220, арт.3335",Миксер строительный/дрель-миксер,3335,10 532.98,"https://dlt.by/image/catalog/easyphoto/4221/smesitel-stroitelnyy-max-xt-mpm1220-art-3335-4.jpg,,,,,,,,,,,,,,,,,,,,,,,,,,,,,,,,,,,,,,,,,,,,,"
"Смеситель строительный MAX-XT R6212C, арт. 3336",Миксер строительный/дрель-миксер,3336,12 037.69,"https://dlt.by/image/catalog/easyphoto/4222/smesitel-stroitelnyy-max-xt-r6212c-art-3336-4.jpg,,,,,,,,,,,,,,,,,,,,,,,,,,,,,,,,,,,,,,,,,,,,,"
"Шлифмашина по бетону MAX-XT R7507, арт.3346",Шлифовальные машины для стен/потолков/пола,3346,15 799.47,"https://dlt.by/image/catalog/easyphoto/4223/shlifmashina-po-betonu-max-xt-r7507-2.jpg,,,,,,,,,,,,,,,,,,,,,,,,,,,,,,,,,,,,,,,,,,,,,"
"Пылесос-воздуходувка для инструмента MAX-XT R7701I, арт.3349",Пылесосы строительные>Пылесосы,3349,5 868.37,"https://dlt.by/image/catalog/easyphoto/4224/pylesos-vozduhoduvka-dlya-instrumenta-max-xt-r7701-2.jpg,,,,,,,,,,,,,,,,,,,,,,,,,,,,,,,,,,,,,,,,,,,,,"
"Плиткорез механический BIHUI STRONG рез до 1200 мм, арт.TCP1200",Плиткорезы ручные>Плиткорезы BIHUI,TCP1200,35 360.72,"https://dlt.by/image/catalog/easyphoto/4310/plitkorez-mehanicheskiy-bihui-strong-rez-do-1200-mm-art-tcp1200-1.jpg,,,,,,,,,,,,,,,,,,,,,,,,,,,,,,,,,,,,,,,,,,,,,"
"Запасная боковая деталь крепления направляющей электрического плиткореза BIHUI, арт.HVTN-S02",Запчасти>Плиткорезы электрические,HVTN-S02,571.79,"https://dlt.by/image/catalog/easyphoto/4227/zapasnaya-bokovaya-detal-krepleniya-napravlyayushchey-elektricheskogo-plitkoreza-bihui-art-hvtn-s02-2.jpg,,,,,,,,,,,,,,,,,,,,,,,,,,,,,,,,,,,,,,,,,,,,,"
"Запасное основание каретки электрического плиткореза BIHUI, арт.HVTN-S03",Запчасти>Плиткорезы электрические,HVTN-S03,3 340.46,"https://dlt.by/image/catalog/easyphoto/4228/zapasnoe-osnovanie-karetki-elektricheskogo-plitkoreza-bihui-art-hvtn-s03-2.jpg,,,,,,,,,,,,,,,,,,,,,,,,,,,,,,,,,,,,,,,,,,,,,"
"Универсальный шлифовально-отрезной алмазный диск BIHUI, 230мм, арт.DPG230",Алмазная оснастка>Алмазные диски>Алмазные диски для мозаики и стекла,DPG230,2 377.44,"https://dlt.by/image/catalog/easyphoto/4283/universalnyy-shlifovalno-otreznoy-almaznyy-disk-bihui-230mm-art-dpg230-1.jpg,,,,,,,,,,,,,,,,,,,,,,,,,,,,,,,,,,,,,,,,,,,,,"
"Запасной гофрированный шланг для шлифмашины Жираф MAX-XT R7237A-CT, арт.3351",Запчасти>Шлифмашины ручные/жираф>DLT R7237/GrandFlex V37,3351,306.96,"https://dlt.by/image/catalog/easyphoto/4261/zapasnoy-gofrirovannyy-shlang-dlya-shlifmashiny-dlt-r7237-1.jpg,,,,,,,,,,,,,,,,,,,,,,,,,,,,,,,,,,,,,,,,,,,,,"
"Запасной гофрированный шланг для шлифмашины Жираф MAX-XT R7233B-E, арт.3352",Запчасти>Шлифмашины ручные/жираф>DLT R7232/GrandFlex V32,3352,306.96,"https://dlt.by/image/catalog/easyphoto/4262/zapasnoy-gofrirovannyy-shlang-dlya-shlifmashiny-dlt-r7232-1.jpg,,,,,,,,,,,,,,,,,,,,,,,,,,,,,,,,,,,,,,,,,,,,,"
"Запасные щётки двигателя для шлифмашины Жираф MAX-XT R7233B-SG, арт.3356",Запчасти>Шлифмашины ручные/жираф>DLT R7232/GrandFlex V32,3356,0.00,"https://dlt.by/image/catalog/easyphoto/4263/zapasnye-shchetki-dvigatelya-dlya-shlifmashiny-dlt-r7232-1.jpg,,,,,,,,,,,,,,,,,,,,,,,,,,,,,,,,,,,,,,,,,,,,,"
"Электрический плиткорез BIHUI, (авто), рез до 1600мм, арт.TCSA1600",Плиткорезы электрические (камнерезы/мокрорезы)>Плиткорезы BIHUI,TCSA1600,177 555.93,"https://dlt.by/image/catalog/easyphoto/4264/elektricheskiy-plitkorez-bihui-avto-rez-do-1200mm-art-tcsa1200-21.jpg,,,,,,,,,,,,,,,,,,,,,,,,,,,,,,,,,,,,,,,,,,,,,"
"Электрический плиткорез BIHUI, (авто), рез до 1800мм, арт.TCSA1800",Плиткорезы электрические (камнерезы/мокрорезы)>Плиткорезы BIHUI,TCSA1800,198 621.89,"https://dlt.by/image/catalog/easyphoto/4264/elektricheskiy-plitkorez-bihui-avto-rez-do-1200mm-art-tcsa1200-21.jpg,,,,,,,,,,,,,,,,,,,,,,,,,,,,,,,,,,,,,,,,,,,,,"
"Запасной кожух для шлифмашины Жираф MAX-XT R7233B-SG, арт.3357",Запчасти,3357,752.36,"https://dlt.by/image/catalog/easyphoto/4267/zapasnoy-kozhuh-dlya-shlifmashiny-zhiraf-max-xt-r7233b-e-1.jpg,,,,,,,,,,,,,,,,,,,,,,,,,,,,,,,,,,,,,,,,,,,,,"
"Набор шпателей механизированного нанесения BIHUI (8 предметов), арт.PTKJK8",Бренды>BIHUI Tools Инструмент для укладки плитки Бихуэй (бихуй),PTKJK8,16 250.88,"https://dlt.by/image/catalog/easyphoto/4295/nabor-shpateley-mehanizirovannogo-naneseniya-bihui-8-predmetov-art-ptkjk8-5.jpg,,,,,,,,,,,,,,,,,,,,,,,,,,,,,,,,,,,,,,,,,,,,,"
"Коронка алмазная для плитки и камня BIHUI, 100мм (вакуумная пайка точной формы), арт.DBDB100",Алмазная оснастка>Алмазные коронки для плитки,DBDB100,5 808.19,"https://dlt.by/image/catalog/easyphoto/4296/koronka-almaznaya-dlya-plitki-i-kamnya-bihui-100mm-vakuumnaya-payka-tochnoy-formy-art-dbdb100-2.jpg,,,,,,,,,,,,,,,,,,,,,,,,,,,,,,,,,,,,,,,,,,,,,"
"Запасное уплотнительное кольцо для присоски BIHUI, арт.LFBSL-TXP",Плиткорезы ручные,LFBSL-TXP,1 805.65,"https://dlt.by/image/catalog/easyphoto/4297/zapasnoe-uplotnitelnoe-koltso-dlya-prisoski-bihui-art-lfbsl-txp-2.jpg,,,,,,,,,,,,,,,,,,,,,,,,,,,,,,,,,,,,,,,,,,,,,"
"Штатив для лазерного уровня (нивелира) BIHUI до 1.5 м, арт.LLG-TRP",Аксессуары к нивелирам,LLG-TRP,2 618.20,"https://dlt.by/image/catalog/easyphoto/4298/shtativ-dlya-lazernogo-urovnya-nivelira-bihui-do-1-5-m-art-llg-trp-2.jpg,,,,,,,,,,,,,,,,,,,,,,,,,,,,,,,,,,,,,,,,,,,,,"
"Коронка алмазная для плитки и камня BIHUI 115 мм (вакуумная пайка точной формы), арт.DBDB115",Алмазная оснастка>Алмазные коронки для плитки>Алмазные коронки по керамограниту (вакуумная пайка),DBDB115,6 951.77,"https://dlt.by/image/catalog/easyphoto/4332/koronka-almaznaya-dlya-plitki-i-kamnya-bihui-115-mm-vakuumnaya-payka-tochnoy-formy-art-dbdb115-2.jpg,,,,,,,,,,,,,,,,,,,,,,,,,,,,,,,,,,,,,,,,,,,,,"
"Коронка алмазная для плитки и камня BIHUI 15 мм (вакуумная пайка точной формы), арт.DBDB15",Алмазная оснастка>Алмазные коронки для плитки,DBDB15,1 354.24,"https://dlt.by/image/catalog/easyphoto/4333/koronka-almaznaya-dlya-plitki-i-kamnya-bihui-15-mm-vakuumnaya-payka-tochnoy-formy-art-dbdb15-4.jpg,,,,,,,,,,,,,,,,,,,,,,,,,,,,,,,,,,,,,,,,,,,,,"
"Укрывное полотно BIHUI Carpet 70 см x 25 м, арт.FTCP700",Бренды>BIHUI Tools Инструмент для укладки плитки Бихуэй (бихуй),FTCP700,1 865.84,"https://dlt.by/image/catalog/easyphoto/4334/ukryvnoe-polotno-bihui-carpet-70-sm-x-25-m-art-ftcp700-8.jpg,,,,,,,,,,,,,,,,,,,,,,,,,,,,,,,,,,,,,,,,,,,,,"
"Укрывное полотно BIHUI Floor 70 см x 25 м, арт.FTFP700",Бренды>BIHUI Tools Инструмент для укладки плитки Бихуэй (бихуй),FTFP700,1 715.37,"https://dlt.by/image/catalog/easyphoto/4335/ukryvnoe-polotno-bihui-floor-70-sm-x-25-m-art-ftfp700-6.jpg,,,,,,,,,,,,,,,,,,,,,,,,,,,,,,,,,,,,,,,,,,,,,"
"Запасные ролики для плиткореза BIHUI, арт.LFEC-LB",Запчасти,LFEC-LB,1 263.96,"https://dlt.by/image/catalog/easyphoto/4341/zapasnye-roliki-dlya-plitkoreza-bihui-art-lfec-lb-2.jpg,,,,,,,,,,,,,,,,,,,,,,,,,,,,,,,,,,,,,,,,,,,,,"
"Мерная лента (рулетка) BIHUI 30 м, арт.TMR30M",Бренды>BIHUI Tools Инструмент для укладки плитки Бихуэй (бихуй),TMR30M,2 226.97,"https://dlt.by/image/catalog/easyphoto/4338/mernaya-lenta-ruletka-bihui-30-m-art-tmr30m-2.jpg,,,,,,,,,,,,,,,,,,,,,,,,,,,,,,,,,,,,,,,,,,,,,"
"Кожух для гравера DLT G-100, для запила 45 градусов, арт.3589",Инструмент для укладки плитки>Граверы и оснастка,3589,1 865.84,"https://dlt.by/image/catalog/easyphoto/4339/kozhuh-dlya-gravera-dlt-g-100-dlya-zapila-45-gradusov-art-3589-4.jpg,,,,,,,,,,,,,,,,,,,,,,,,,,,,,,,,,,,,,,,,,,,,,"
"Гребенка BIHUI 280*115 мм, зуб 6 мм, арт.PTSS06",Плиткорезы ручные,PTSS06,662.07,"https://dlt.by/image/catalog/easyphoto/4383/grebenka-bihui-280-115-mm-zub-6-mm-art-ptss06-2.jpg,,,,,,,,,,,,,,,,,,,,,,,,,,,,,,,,,,,,,,,,,,,,,"
"Запасные ролики для плиткореза BIHUI (экцентриковые), арт.LFEC-RB",Запчасти>Электрические плиткорезы для крупноформатной плитки>BIHUI,LFEC-RB,1 263.96,"https://dlt.by/image/catalog/easyphoto/4340/zapasnye-roliki-dlya-plitkoreza-bihui-ektsentrikovye-art-lfec-rb-3.jpg,,,,,,,,,,,,,,,,,,,,,,,,,,,,,,,,,,,,,,,,,,,,,"
"Инструмент (ракля) для разглаживания наливных полов BIHUI, арт.FTSP600",Бренды>BIHUI Tools Инструмент для укладки плитки Бихуэй (бихуй),FTSP600,4 784.98,"https://dlt.by/image/catalog/easyphoto/4342/instrument-raklya-dlya-razglazhivaniya-nalivnyh-polov-bihui-art-ftsp600-3.jpg,,,,,,,,,,,,,,,,,,,,,,,,,,,,,,,,,,,,,,,,,,,,,"
"Лазерный уровень (нивелир) BIHUI, арт.LLG16",Бренды>BIHUI Tools Инструмент для укладки плитки Бихуэй (бихуй),LLG16,32 592.05,"https://dlt.by/image/catalog/easyphoto/4345/lazernyy-uroven-nivelir-bihui-art-llg16-2.jpg,,,,,,,,,,,,,,,,,,,,,,,,,,,,,,,,,,,,,,,,,,,,,"
"Плиткорез механический BIHUI серии INCISE рез до 400 мм, арт.TCA400",Плиткорезы ручные>Плиткорезы BIHUI,TCA400,18 778.80,"https://dlt.by/image/catalog/easyphoto/4346/plitkorez-mehanicheskiy-bihui-serii-incise-rez-do-400-mm-art-tca400-17.jpg,,,,,,,,,,,,,,,,,,,,,,,,,,,,,,,,,,,,,,,,,,,,,"
"Плиткорез механический BIHUI серии C-Lion рез до 600 мм, арт.TCB600",Плиткорезы ручные>Плиткорезы BIHUI,TCB600,24 135.57,"https://dlt.by/image/catalog/easyphoto/4347/plitkorez-mehanicheskiy-bihui-serii-c-lion-rez-do-600-mm-art-tcb600-11.jpg,,,,,,,,,,,,,,,,,,,,,,,,,,,,,,,,,,,,,,,,,,,,,"
"Торговая стойка для строительных уровней BIHUI, арт.TSL-DSP",Стеллажи для инструментов,TSL-DSP,16 551.82,"https://dlt.by/image/catalog/easyphoto/4353/stoyka-reklamnaya-bihui-art-bdsp02-1.jpg,,,,,,,,,,,,,,,,,,,,,,,,,,,,,,,,,,,,,,,,,,,,,"
"Алмазный диск BIHUI MINI THIN TURBO, 75мм, арт.DCW75",Алмазная оснастка>Алмазные диски>Алмазные диски под СВП (T-диски),DCW75,1 444.52,"https://dlt.by/image/catalog/easyphoto/4349/almaznyy-disk-bihui-mini-thin-turbo-75mm-art-dcw75-6.jpg,,,,,,,,,,,,,,,,,,,,,,,,,,,,,,,,,,,,,,,,,,,,,"
"Кружка BIHUI, арт.BPG02",Бренды>BIHUI Tools Инструмент для укладки плитки Бихуэй (бихуй),BPG02,1 035.24,"https://dlt.by/image/catalog/easyphoto/4355/kruzhka-bihui-art-bpg02-2.jpg,,,,,,,,,,,,,,,,,,,,,,,,,,,,,,,,,,,,,,,,,,,,,"
"Бейсболка BIHUI, арт.BPG04",Бренды>BIHUI Tools Инструмент для укладки плитки Бихуэй (бихуй),BPG04,0.00,"https://dlt.by/image/catalog/easyphoto/4356/beysbolka-bihui-art-bpg04-2.jpg,,,,,,,,,,,,,,,,,,,,,,,,,,,,,,,,,,,,,,,,,,,,,"
"Дорожный чемодан BIHUI, арт.BPG01",Бренды>BIHUI Tools Инструмент для укладки плитки Бихуэй (бихуй),BPG01,9 539.87,"https://dlt.by/image/catalog/easyphoto/4357/dorozhnyy-chemodan-bihui-art-bpg01-2.jpg,,,,,,,,,,,,,,,,,,,,,,,,,,,,,,,,,,,,,,,,,,,,,"
"Майка BIHUI, арт.BPG15L",Бренды>BIHUI Tools Инструмент для укладки плитки Бихуэй (бихуй),BPG15L,0.00,"https://dlt.by/image/catalog/easyphoto/4358/dorozhnyy-chemodan-bihui-art-bpg01-1.jpg,,,,,,,,,,,,,,,,,,,,,,,,,,,,,,,,,,,,,,,,,,,,,"
"Виброприсоска для укладки плитки BIHUI, арт.LFTBS",Инструмент для укладки плитки>Вибрационные присоски,LFTBS,11 766.84,"https://dlt.by/image/catalog/easyphoto/4362/vibroprisoska-dlya-ukladki-plitki-bihui-art-lftbs-11.jpg,,,,,,,,,,,,,,,,,,,,,,,,,,,,,,,,,,,,,,,,,,,,,"
"Смеситель (миксер) BIHUI, арт.MMWT65",Миксер строительный/дрель-миксер,MMWT65,69 969.08,"https://dlt.by/image/catalog/easyphoto/4363/smesitel-mikser-bihui-art-mmwt65-9.jpg,,,,,,,,,,,,,,,,,,,,,,,,,,,,,,,,,,,,,,,,,,,,,"
"Плиткорез механический BIHUI серии Deluxe рез до 1200 мм, арт.TCD1200",Плиткорезы ручные>Плиткорезы BIHUI,TCD1200,37 858.54,"https://dlt.by/image/catalog/easyphoto/4364/plitkorez-mehanicheskiy-bihui-serii-deluxe-rez-do1200-mm-art-tcd1200-2.jpg,,,,,,,,,,,,,,,,,,,,,,,,,,,,,,,,,,,,,,,,,,,,,"
"Плиткорез механический BIHUI 700 мм, арт.TCF700",Плиткорезы ручные>Плиткорезы BIHUI,TCF700,23 804.53,"https://dlt.by/image/catalog/easyphoto/4365/plitkorez-mehanicheskiy-bihui-700-mm-art-tcf700-4.jpg,,,,,,,,,,,,,,,,,,,,,,,,,,,,,,,,,,,,,,,,,,,,,"
"Электрический плиткорез BIHUI (авто), рез до 1300 мм, арт.TCSG1300",Плиткорезы электрические (камнерезы/мокрорезы)>Плиткорезы BIHUI ,TCSG1300,315 989.37,"https://dlt.by/image/catalog/easyphoto/4366/elektricheskiy-plitkorez-bihui-avto-rez-do-1200mm-art-tcsa1200-4.jpg,,,,,,,,,,,,,,,,,,,,,,,,,,,,,,,,,,,,,,,,,,,,,"
"Демонстрационный кейс BIHUI, арт.TTB-DEMO",Бренды>BIHUI Tools Инструмент для укладки плитки Бихуэй (бихуй),TTB-DEMO,8 817.61,"https://dlt.by/image/catalog/easyphoto/4367/universalnyy-nabor-dlya-raboty-s-plitkoy-bihui-12-predmetov-art-ptsck12-2.jpg,,,,,,,,,,,,,,,,,,,,,,,,,,,,,,,,,,,,,,,,,,,,,"
"Набор шпателей для силиконовых герметиков BIHUI (комплект 10 насадок), арт.STAK10",Бренды>BIHUI Tools Инструмент для укладки плитки Бихуэй (бихуй),STAK10,306.96,"https://dlt.by/image/catalog/easyphoto/4371/nabor-shpateley-dlya-silikonovyh-germetikov-bihui-komplekt-10-nasadok-art-stak10-5.jpg,,,,,,,,,,,,,,,,,,,,,,,,,,,,,,,,,,,,,,,,,,,,,"
"Зажим для системы выравнивания плитки (СВП многоразовая) BIHUI, арт.BLTF100-H",Система выравнивания плитки (СВП),BLTF100-H,481.51,"https://dlt.by/image/catalog/easyphoto/4372/zazhim-dlya-sistemy-vyravnivaniya-plitki-svp-mnogorazovaya-bihui-art-bltf100-h-2.jpg,,,,,,,,,,,,,,,,,,,,,,,,,,,,,,,,,,,,,,,,,,,,,"
"Ручка сменная BIHUI 225*90 мм, арт.CFSSHDL",Бренды>BIHUI Tools Инструмент для укладки плитки Бихуэй (бихуй),CFSSHDL,481.51,"https://dlt.by/image/catalog/easyphoto/4373/ruchka-smennaya-bihui-225-90-mm-art-cfsshdl-3.jpg,,,,,,,,,,,,,,,,,,,,,,,,,,,,,,,,,,,,,,,,,,,,,"
"Губка съемная строительная для затирки BIHUI 340*180*40 мм, полиуретан, арт.CFSSJ11",Бренды>BIHUI Tools Инструмент для укладки плитки Бихуэй (бихуй),CFSSJ11,782.45,"https://dlt.by/image/catalog/easyphoto/4374/gubka-semnaya-stroitelnaya-dlya-zatirki-bihui-340-180-40-mm-poliuretan-art-cfssj11-3.jpg,,,,,,,,,,,,,,,,,,,,,,,,,,,,,,,,,,,,,,,,,,,,,"
"Губка съемная строительная для затирки BIHUI 280*140*30 мм, полиуретан, арт.CFSSS11",Бренды>BIHUI Tools Инструмент для укладки плитки Бихуэй (бихуй),CFSSS11,511.60,"https://dlt.by/image/catalog/easyphoto/4375/gubka-semnaya-stroitelnaya-dlya-zatirki-bihui-280-140-30-mm-poliuretan-art-cfsss11-2.jpg,,,,,,,,,,,,,,,,,,,,,,,,,,,,,,,,,,,,,,,,,,,,,"
"Насадка на присоску вибрационную для плитки BIHUI, арт.LFTBS-BB",Бренды>BIHUI Tools Инструмент для укладки плитки Бихуэй (бихуй),LFTBS-BB,1 745.47,"https://dlt.by/image/catalog/easyphoto/4376/nasadka-na-prisosku-vibratsionnuyu-dlya-plitki-bihui-art-lftbs-bb-7.jpg,,,,,,,,,,,,,,,,,,,,,,,,,,,,,,,,,,,,,,,,,,,,,"
"Набор для ремонта плитки BIHUI, арт.TRPK",Инструмент для укладки плитки>Разное для укладки,TRPK,3 821.97,"https://dlt.by/image/catalog/easyphoto/4377/nabor-dlya-remonta-plitki-bihui-art-trpk-2.jpg,,,,,,,,,,,,,,,,,,,,,,,,,,,,,,,,,,,,,,,,,,,,,"
"Ролик прикаточный для напольных покрытий BIHUI, арт.FTFREX",Бренды>BIHUI Tools Инструмент для укладки плитки Бихуэй (бихуй),FTFREX,3 009.42,"https://dlt.by/image/catalog/easyphoto/4378/rolik-prikatochnyy-dlya-napolnyh-pokrytiy-bihui-art-ftfrex-2.jpg,,,,,,,,,,,,,,,,,,,,,,,,,,,,,,,,,,,,,,,,,,,,,"
"Флагшток BIHUI, арт.BPG09-01",Бренды>BIHUI Tools Инструмент для укладки плитки Бихуэй (бихуй),BPG09,6 229.50,"https://dlt.by/image/catalog/easyphoto/4379/flagshtok-bihui-art-bpg09-01-1.jpg,,,,,,,,,,,,,,,,,,,,,,,,,,,,,,,,,,,,,,,,,,,,,"
"Термос BIHUI, арт.BPG19",Бренды>BIHUI Tools Инструмент для укладки плитки Бихуэй (бихуй),BPG19,932.92,"https://dlt.by/image/catalog/easyphoto/4381/termos-bihui-art-bpg19-3.jpg,,,,,,,,,,,,,,,,,,,,,,,,,,,,,,,,,,,,,,,,,,,,,"
"Силиконовый вкладыш для ведра BIHUI, 20 л, арт.MPBL20",Бренды>BIHUI Tools Инструмент для укладки плитки Бихуэй (бихуй),MPBL20,5 116.02,"https://dlt.by/image/catalog/easyphoto/4382/vedro-stroitelnoe-bihui-25l-art-mpbl20-2.jpg,,,,,,,,,,,,,,,,,,,,,,,,,,,,,,,,,,,,,,,,,,,,,"
"Гребенка BIHUI 280*115 мм, зуб ""Тигровый коготь"", арт.PTSSTG",Инструмент для укладки плитки>Гребенки,PTSSTG,662.07,"https://dlt.by/image/catalog/easyphoto/4384/grebenka-bihui-280-120-mm-zub-tigrovyy-kogot-art-ptsstg-2.jpg,,,,,,,,,,,,,,,,,,,,,,,,,,,,,,,,,,,,,,,,,,,,,"
"Гладилка BIHUI 280*115 мм, арт.PTSSPL",Инструмент для укладки плитки>Гребенки,PTSSPL,662.07,"https://dlt.by/image/catalog/easyphoto/4385/gladilka-bihui-280-120-mm-art-ptsspl-2.jpg,,,,,,,,,,,,,,,,,,,,,,,,,,,,,,,,,,,,,,,,,,,,,"
"Угловая шлифмашина (УШМ) BIHUI с регулировкой оборотов, арт.AGBL12",Бренды>BIHUI Tools Инструмент для укладки плитки Бихуэй (бихуй),AGBL12,18 387.57,"https://dlt.by/image/catalog/easyphoto/4386/shlifmashina-po-betonu-bihui-art-cg1900-2.jpg,,,,,,,,,,,,,,,,,,,,,,,,,,,,,,,,,,,,,,,,,,,,,"
"Каталог товаров BIHUI, арт.BPG08",Бренды>BIHUI Tools Инструмент для укладки плитки Бихуэй (бихуй),BPG08,812.54,"https://dlt.by/image/catalog/easyphoto/4387/beysbolka-bihui-art-bpg04-1.png,,,,,,,,,,,,,,,,,,,,,,,,,,,,,,,,,,,,,,,,,,,,,"
"Набор шпателей со сменными лезвиями BIHUI (6 предметов), арт.PTKSK6",Бренды>BIHUI Tools Инструмент для укладки плитки Бихуэй (бихуй),PTKSK6,2 193.87,"https://dlt.by/image/catalog/easyphoto/4388/nabor-shpateley-so-smennymi-lezviyami-bihui-6-predmetov-art-ptksk6-5.jpg,,,,,,,,,,,,,,,,,,,,,,,,,,,,,,,,,,,,,,,,,,,,,"
"Скребок с длинной рукояткой BIHUI, арт.FTFR18",Бренды>BIHUI Tools Инструмент для укладки плитки Бихуэй (бихуй),FTFR18,1 143.58,"https://dlt.by/image/catalog/easyphoto/4389/skrebok-s-dlinnoy-rukoyatkoy-bihui-art-ftfr18-3.jpg,,,,,,,,,,,,,,,,,,,,,,,,,,,,,,,,,,,,,,,,,,,,,"
"Ножницы BIHUI для резки ПВХ профиля и багета, арт.FTC200",Инструмент для укладки плитки>Ножи малярные и лезвия к ним,FTC200,2 702.46,"https://dlt.by/image/catalog/easyphoto/4390/nozhnitsy-bihui-dlya-rezki-pvh-profilya-i-bageta-art-ftc200-1.jpg,,,,,,,,,,,,,,,,,,,,,,,,,,,,,,,,,,,,,,,,,,,,,"
"Скребок BIHUI, арт.FTFR12",Бренды>BIHUI Tools Инструмент для укладки плитки Бихуэй (бихуй),FTFR12,1 095.43,"https://dlt.by/image/catalog/easyphoto/4391/skrebok-bihui-art-ftfr12-1.jpg,,,,,,,,,,,,,,,,,,,,,,,,,,,,,,,,,,,,,,,,,,,,,"
"Шпатель зубчатый BIHUI со сменным лезвием A1, арт.FTSCA1",Бренды>BIHUI Tools Инструмент для укладки плитки Бихуэй (бихуй),FTSCA1,261.82,"https://dlt.by/image/catalog/easyphoto/4392/shpatel-zubchatyy-bihui-so-smennym-lezviem-a1-art-ftsca1-7.jpg,,,,,,,,,,,,,,,,,,,,,,,,,,,,,,,,,,,,,,,,,,,,,"
"Шпатель зубчатый BIHUI со сменным лезвием B3, арт.FTSCB3",Инструмент для укладки плитки>Гребенки>Фигурный зуб,FTSCB3,264.83,"https://dlt.by/image/catalog/easyphoto/4393/shpatel-zubchatyy-bihui-so-smennym-lezviem-b3-art-ftscb3-6.jpg,,,,,,,,,,,,,,,,,,,,,,,,,,,,,,,,,,,,,,,,,,,,,"
"Шпатель зубчатый BIHUI со сменным лезвием B11, арт.FTSCB11 ",Инструмент для укладки плитки>Гребенки>Фигурный зуб,FTSCB11,264.83,"https://dlt.by/image/catalog/easyphoto/4394/shpatel-zubchatyy-bihui-so-smennym-lezviem-b11-art-ftscb11-8.jpg,,,,,,,,,,,,,,,,,,,,,,,,,,,,,,,,,,,,,,,,,,,,,"
"Уровень строительный BIHUI 600 мм, цифровой, арт.TSLD60",Инструмент для укладки плитки>Уровни строительные,TSLD60,13 783.16,"https://dlt.by/image/catalog/easyphoto/4395/uroven-stroitelnyy-bihui-600-mm-tsifrovoy-art-tsld60-6.jpg,,,,,,,,,,,,,,,,,,,,,,,,,,,,,,,,,,,,,,,,,,,,,"
"Подарочный пакет, арт.BPG17",Рекламная продукция (мерч),BPG17,0.00,"https://dlt.by/image/catalog/easyphoto/4396/podarochnyy-paket-art-bpg17-2.jpg,,,,,,,,,,,,,,,,,,,,,,,,,,,,,,,,,,,,,,,,,,,,,"
"Диск алмазный KATANA X-Type 125 мм ROUGH CUT, арт. 3861",Алмазная оснастка>Алмазные диски>Алмазные диски по керамике/керамограниту/граниту/мрамору,3861,1 083.39,"https://dlt.by/image/catalog/easyphoto/4397/disk-almaznyy-katana-x-type-125-mm-rough-cut-art-3861-1.jpg,,,,,,,,,,,,,,,,,,,,,,,,,,,,,,,,,,,,,,,,,,,,,"
"Зажим (СВП) 2,0 мм PLM GRANDE 500 шт., арт.3863",Новинки в нашем ассортименте,3863,1 053.30,"https://dlt.by/image/catalog/easyphoto/4398/zazhim-svp-2-0-mm-plm-grande-500-sht-art-3863-2.jpg,,,,,,,,,,,,,,,,,,,,,,,,,,,,,,,,,,,,,,,,,,,,,"
"Присоска электрическая DLT VST-22 для гладкой и рельефной плитки с АВТО подкачкой, Ø9 дюймов, арт.2991",Инструмент для укладки плитки>Присоски для плитки и стекла>Электрические присоски и поршни,2991,5 266.49,"https://dlt.by/image/catalog/easyphoto/4401/prisoska-elektricheskaya-dlt-vst-22-dlya-relefnoy-plitki-s-avto-podkachkoy-9-dyuymov-art-2991-4.jpg,,,,,,,,,,,,,,,,,,,,,,,,,,,,,,,,,,,,,,,,,,,,,"
"Демонстрационный напольный стенд, арт. 1715",Стеллажи для инструментов,1715,6 921.67,"https://dlt.by/image/catalog/easyphoto/4402/demonstratsionnyy-napolnyy-stend-art-1715-1.png,,,,,,,,,,,,,,,,,,,,,,,,,,,,,,,,,,,,,,,,,,,,,"
"Присоска электрическая DLT VST-80 для гладкой и рельефной плитки с АВТО подкачкой, Ø8 дюймов, арт.3531",Инструмент для укладки плитки>Присоски для плитки и стекла>Электрические присоски и поршни,3531,5 266.49,"https://dlt.by/image/catalog/easyphoto/4403/prisoska-elektricheskaya-dlt-vst-80-dlya-gladkoy-i-relefnoy-plitki-s-avto-podkachkoy-8-dyuymov-art-3531-2.jpg,,,,,,,,,,,,,,,,,,,,,,,,,,,,,,,,,,,,,,,,,,,,,"
"Присоска электрическая DLT VST-70 для гладкой и рельефной плитки с АВТО подкачкой, Ø6 дюймов, арт.3530",Инструмент для укладки плитки>Присоски для плитки и стекла>Электрические присоски и поршни,3530,4 363.66,"https://dlt.by/image/catalog/easyphoto/4404/prisoska-elektricheskaya-dlt-vst-70-dlya-gladkoy-i-relefnoy-plitki-s-avto-podkachkoy-6-dyuymov-art-3530-2.jpg,,,,,,,,,,,,,,,,,,,,,,,,,,,,,,,,,,,,,,,,,,,,,"
"Аккумулятор литий-ионный, для пистолета монтажного TOUA DCCN40A, арт. 3762",Другое,3762,5 266.49,"https://dlt.by/image/catalog/easyphoto/4405/akkumulyator-litiy-ionnyy-dlya-pistoleta-montazhnogo-toua-dccn40a-art-3762-2.jpg,,,,,,,,,,,,,,,,,,,,,,,,,,,,,,,,,,,,,,,,,,,,,"
"Телескопический распор DLT, 115-290см, арт. 3538  ",Инструмент для крупноформатной плитки,3538,2 558.01,"https://dlt.by/image/catalog/easyphoto/4406/teleskopicheskiy-raspor-dlt-115-290sm-art-3538-2.jpg,,,,,,,,,,,,,,,,,,,,,,,,,,,,,,,,,,,,,,,,,,,,,"
"Линейка многофункциональная (рейсмус) DLT, 30см, арт.3543",Инструмент для укладки плитки>Инструмент для измерения и разметки,3543,993.11,"https://dlt.by/image/catalog/easyphoto/4407/lineyka-mnogofunktsionalnaya-reysmus-dlt-30sm-art-3543-8.jpg,,,,,,,,,,,,,,,,,,,,,,,,,,,,,,,,,,,,,,,,,,,,,"
"Плиткорез для крупноформатной плитки RUBI SLIM CUTTER G2, арт.23999",Плиткорезы ручные>Плиткорезы RUBI,23999,63 799.76,"https://dlt.by/image/catalog/easyphoto/4408/plitkorez-dlya-keramogranita-bolshogo-formata-rubi-slim-system-cutter-plus-art-18959-5.png,,,,,,,,,,,,,,,,,,,,,,,,,,,,,,,,,,,,,,,,,,,,,"
"Ствол для пистолета монтажного TOUA DCCN40A, арт.3544",Монтажные пистолеты>Аксессуары для монтажных пистолетов,3544,902.83,"https://dlt.by/image/catalog/easyphoto/4409/stvol-dlya-pistoleta-montazhnogo-toua-dccn40a-art-3544-2.jpg,,,,,,,,,,,,,,,,,,,,,,,,,,,,,,,,,,,,,,,,,,,,,"
"Валик игольчатый Rollingdog 230 мм, иглы 12 мм, для бюгеля 8мм, арт.00425",Бренды>Малярный инструмент ROLLINGDOG,425,276.87,"https://dlt.by/image/catalog/easyphoto/4410/valik-igolchatyy-rollingdog-230-mm-igly-12-mm-dlya-byugelya-8mm-art-00425-6.png,,,,,,,,,,,,,,,,,,,,,,,,,,,,,,,,,,,,,,,,,,,,,"
"Валик для нанесения шпатлевки Rollingdog 230 мм, ворс 15 мм, для бюгеля 8 мм, серия Elite, арт.00427",Бренды>Малярный инструмент ROLLINGDOG,427,848.66,"https://dlt.by/image/catalog/easyphoto/4411/valik-dlya-naneseniya-shpatlevki-rollingdog-230-mm-vors-15-mm-dlya-byugelya-8-mm-seriya-elite-art-00427-2.png,,,,,,,,,,,,,,,,,,,,,,,,,,,,,,,,,,,,,,,,,,,,,"
"Валик для нанесения шпатлевки Rollingdog 230 мм, ворс 16 мм, каркас 38 мм, серия Elite, арт.00426",Шпателя для механизированной шпатлевки,426,764.39,"https://dlt.by/image/catalog/easyphoto/4412/valik-dlya-naneseniya-shpatlevki-rollingdog-230-mm-vors-15-mm-karkas-38-mm-seriya-elite-art-00426-1.png,,,,,,,,,,,,,,,,,,,,,,,,,,,,,,,,,,,,,,,,,,,,,"
"Набор запасных лезвий для шпателя Rollingdog 120 см, 2 шт., серия Elite, арт.50533",Бренды>Малярный инструмент ROLLINGDOG,50533,2 527.91,"https://dlt.by/image/catalog/easyphoto/3277/nabor-zapasnyh-lezviy-dlya-shpatelya-rollingdog-100sm-2sht-seriya-elite-art-50528-4.jpg,,,,,,,,,,,,,,,,,,,,,,,,,,,,,,,,,,,,,,,,,,,,,"
"Малярная лента Rollingdog WASHI-SHIELD 24мм x 50м, арт.81390",Бренды>Малярный инструмент ROLLINGDOG,81390,421.32,"https://dlt.by/image/catalog/easyphoto/4414/malyarnaya-lenta-rollingdog-washi-shield-24mm-x-50m-art-81390-3.jpg,,,,,,,,,,,,,,,,,,,,,,,,,,,,,,,,,,,,,,,,,,,,,"
"Распорная штанга (распор) Rollingdog 60-115 см, сталь, серия Professional, арт.81494",Инструмент для укладки плитки>Крупноформат,81494,3 009.42,"https://dlt.by/image/catalog/easyphoto/4416/raspornaya-shtanga-raspor-rollingdog-60-115-sm-stal-seriya-professional-art-81494-5.png,,,,,,,,,,,,,,,,,,,,,,,,,,,,,,,,,,,,,,,,,,,,,"
"Набор распорных штанг (распор) Rollingdog 231-600 см, 2 шт. алюминий, серия Professional, арт.81493",Инструмент для укладки плитки>Крупноформат,81493,15 348.06,"https://dlt.by/image/catalog/easyphoto/4417/nabor-raspornyh-shtang-raspor-rollingdog-231-600-sm-alyuminiy-seriya-professional-art-81493-2.png,,,,,,,,,,,,,,,,,,,,,,,,,,,,,,,,,,,,,,,,,,,,,"
"Набор распорных штанг (распор) Rollingdog 198-500 см, 2шт. алюминий, серия Professional, арт.81492",Инструмент для укладки плитки>Крупноформат,81492,13 903.53,"https://dlt.by/image/catalog/easyphoto/4418/nabor-raspornyh-shtang-raspor-rollingdog-198-500-sm-alyuminiy-seriya-professional-art-81492-2.png,,,,,,,,,,,,,,,,,,,,,,,,,,,,,,,,,,,,,,,,,,,,,"
"Аппликатор малярный регулируемый (пад) Rollingdog PRO-ANGLE 18 см, полиуретан, конус, арт.90188",Малярный и штукатурный инструмент>Аппликаторы малярные,90188,451.41,"https://dlt.by/image/catalog/easyphoto/4420/applikator-malyarnyy-reguliruemyy-pad-rollingdog-pro-angle-18-sm-poliuretan-konus-art-90188-4.png,,,,,,,,,,,,,,,,,,,,,,,,,,,,,,,,,,,,,,,,,,,,,"
"Аппликатор малярный (пад) регулируемый Rollingdog PRO-ANGLE 18 см, полиуретан, резьба, арт.90189",Малярный и штукатурный инструмент>Аппликаторы малярные,90189,511.60,"https://dlt.by/image/catalog/easyphoto/4421/applikator-malyarnyy-pad-reguliruemyy-rollingdog-pro-angle-18-sm-poliuretan-rezba-art-90189-6.png,,,,,,,,,,,,,,,,,,,,,,,,,,,,,,,,,,,,,,,,,,,,,"
"Сменный блок к аппликатору (паду) Rollingdog PRO-ANGLE 18 см, полиуретан, арт.90193",Малярный и штукатурный инструмент>Аппликаторы малярные,90193,216.68,"https://dlt.by/image/catalog/easyphoto/4422/smennyy-blok-k-applikatoru-padu-rollingdog-pro-angle-18-sm-poliuretan-art-90193-5.png,,,,,,,,,,,,,,,,,,,,,,,,,,,,,,,,,,,,,,,,,,,,,"
"Набор малярный Rollingdog SUPER-MICRO (9 предметов) резьба, серия Professional, арт.70290",Бренды>Малярный инструмент ROLLINGDOG,70290,752.36,"https://dlt.by/image/catalog/easyphoto/4423/nabor-malyarnyy-rollingdog-super-micro-9-predmetov-rezba-seriya-professional-art-70290-2.jpg,,,,,,,,,,,,,,,,,,,,,,,,,,,,,,,,,,,,,,,,,,,,,"
"Набор малярный Rollingdog GLOSS-KING (8 предметов) резьба, серия Professional, арт.70291",Бренды>Малярный инструмент ROLLINGDOG,70291,782.45,"https://dlt.by/image/catalog/easyphoto/4424/nabor-malyarnyy-rollingdog-super-micro-9-predmetov-rezba-seriya-professional-art-70290-1.jpg,,,,,,,,,,,,,,,,,,,,,,,,,,,,,,,,,,,,,,,,,,,,,"
"Набор малярный Rollingdog THE MOLOSSUS (10 предметов), резьба, серия Elite, арт.70287",Бренды>Малярный инструмент ROLLINGDOG,70287,7 282.80,"https://dlt.by/image/catalog/easyphoto/4425/nabor-malyarnyy-rollingdog-the-molossus-10-predmetov-rezba-seriya-elite-art-70287-5.jpg,,,,,,,,,,,,,,,,,,,,,,,,,,,,,,,,,,,,,,,,,,,,,"
"Набор распорных штанг (распор) Rollingdog 165-400 см, 2 шт., алюминий, серия Professional, арт.81491",Инструмент для укладки плитки>Крупноформат,81491,12 368.73,"https://dlt.by/image/catalog/easyphoto/4427/raspornaya-shtanga-raspor-rollingdog-60-115-sm-stal-seriya-professional-art-81494-1.png,,,,,,,,,,,,,,,,,,,,,,,,,,,,,,,,,,,,,,,,,,,,,"
"Валик для нанесения шпатлевки с регулируемым бюгелем DLT 406 мм, ворс 16 мм, нейлон, конус, арт.3406",Бренды>Оборудование и приспособления для укладки плитки DLT,3406,0.00,"https://dlt.by/image/catalog/easyphoto/4486/valik-dlya-naneseniya-shpatlevki-s-byugelem-dlt-100-mm-vors-16-mm-neylon-konus-art-3399-5.png,,,,,,,,,,,,,,,,,,,,,,,,,,,,,,,,,,,,,,,,,,,,,"
"Набор запасных лезвий для шпателя DLT Finish SILVER 20 см, 2 шт., толщина 0.5 мм, арт.0754",Шпателя для механизированной шпатлевки>Шпателя для механизированного нанесения>Сменные лезвия и аксессуары>Лезвия для шпателя DLT Finish версия SILVER,754,0.00,"https://dlt.by/image/catalog/easyphoto/4426/nabor-zapasnyh-lezviy-dlya-shpatelya-dlt-finish-silver-20-sm-2-sht-tolshchina-0-5-mm-art-0754-6.jpg,,,,,,,,,,,,,,,,,,,,,,,,,,,,,,,,,,,,,,,,,,,,,"
"Регулируемый бюгель DLT 30-46 см, Ø10 мм, конус, арт.3405",Бренды>Малярный инструмент ROLLINGDOG,3405,0.00,"https://dlt.by/image/catalog/easyphoto/4487/byugel-reguliruemyy-rollingdog-30-46sm-konus-seriya-elite-art-30105-3.png,,,,,,,,,,,,,,,,,,,,,,,,,,,,,,,,,,,,,,,,,,,,,"
"Малярная лента Rollingdog WASHI-SHIELD 48мм x 50м, арт.81391",Бренды>Малярный инструмент ROLLINGDOG,81391,752.36,"https://dlt.by/image/catalog/easyphoto/4428/malyarnaya-lenta-rollingdog-washi-shield-48mm-x-50m-art-81391-1.jpg,,,,,,,,,,,,,,,,,,,,,,,,,,,,,,,,,,,,,,,,,,,,,"
"Набор запасных лезвий для шпателя DLT Finish SILVER 30 см, 2 шт., толщина 0.5 мм, арт.0755",Шпателя для механизированной шпатлевки>Шпателя для механизированного нанесения>Сменные лезвия и аксессуары,755,0.00,"https://dlt.by/image/catalog/easyphoto/4430/nabor-zapasnyh-lezviy-dlya-shpatelya-dlt-finish-silver-30-sm-2-sht-tolshchina-0-5-mm-art-0755-5.jpg,,,,,,,,,,,,,,,,,,,,,,,,,,,,,,,,,,,,,,,,,,,,,"
"Набор запасных лезвий для шпателя DLT Finish SILVER 55 см, 2 шт., толщина 0.5 мм, арт.0756",Шпателя для механизированной шпатлевки>Шпателя для механизированного нанесения>Сменные лезвия и аксессуары,756,0.00,"https://dlt.by/image/catalog/easyphoto/4431/nabor-zapasnyh-lezviy-dlya-shpatelya-dlt-finish-silver-55-sm-2-sht-tolshchina-0-5-mm-art-0756-6.jpg,,,,,,,,,,,,,,,,,,,,,,,,,,,,,,,,,,,,,,,,,,,,,"
Плата управления для пылесоса DLT PL PRO MAX,Запчасти>Пылесосы,1845,0.00,"https://dlt.by/image/catalog/easyphoto/2165/plata-upravleniya-dlya-pylesosa-dlt-pl208-2.jpg,,,,,,,,,,,,,,,,,,,,,,,,,,,,,,,,,,,,,,,,,,,,,"
"Набор запасных лезвий для шпателя DLT Finish SILVER 80 см, 2 шт., толщина 0.5 мм, арт.0757",Шпателя для механизированной шпатлевки>Шпателя для механизированного нанесения>Сменные лезвия и аксессуары,757,0.00,"https://dlt.by/image/catalog/easyphoto/4433/lezvie-dlya-shpatelya-dlt-finish-silver-tolshchina-0-5mm-80sm-art-0757-1.jpg,,,,,,,,,,,,,,,,,,,,,,,,,,,,,,,,,,,,,,,,,,,,,"
"Набор запасных лезвий для шпателя DLT Finish SILVER 120 см, 2 шт., толщина 0.5 мм, арт.0758",Шпателя для механизированной шпатлевки>Шпателя для механизированного нанесения>Сменные лезвия и аксессуары,758,0.00,"https://dlt.by/image/catalog/easyphoto/4431/nabor-zapasnyh-lezviy-dlya-shpatelya-dlt-finish-silver-55-sm-2-sht-tolshchina-0-5-mm-art-0756-6.jpg,,,,,,,,,,,,,,,,,,,,,,,,,,,,,,,,,,,,,,,,,,,,,"
"Набор запасных лезвий для шпателя DLT Finish SILVER 30 см, 2 шт., толщина 0.7 мм, арт.3384",Шпателя для механизированной шпатлевки>Шпателя для механизированного нанесения>Сменные лезвия и аксессуары,3384,0.00,"https://dlt.by/image/catalog/easyphoto/4435/nabor-zapasnyh-lezviy-dlya-shpatelya-dlt-finish-silver-30-sm-2-sht-tolshchina-0-5-mm-art-0755-3.jpg,,,,,,,,,,,,,,,,,,,,,,,,,,,,,,,,,,,,,,,,,,,,,"
"Набор запасных лезвий для шпателя DLT Finish SILVER 55 см, 2 шт., толщина 0.7 мм, арт.3385",Шпателя для механизированной шпатлевки>Шпателя для механизированного нанесения>Сменные лезвия и аксессуары,3385,0.00,"https://dlt.by/image/catalog/easyphoto/4436/nabor-zapasnyh-lezviy-dlya-shpatelya-dlt-finish-silver-55-sm-2-sht-tolshchina-0-5-mm-art-0756-4.jpg,,,,,,,,,,,,,,,,,,,,,,,,,,,,,,,,,,,,,,,,,,,,,"
"Набор запасных лезвий для шпателя DLT Finish SILVER 80 см, 2 шт., толщина 0.7 мм, арт. 3386",Шпателя для механизированной шпатлевки>Шпателя для механизированного нанесения>Сменные лезвия и аксессуары,3386,0.00,"https://dlt.by/image/catalog/easyphoto/4433/lezvie-dlya-shpatelya-dlt-finish-silver-tolshchina-0-5mm-80sm-art-0757-1.jpg,,,,,,,,,,,,,,,,,,,,,,,,,,,,,,,,,,,,,,,,,,,,,"
"Набор запасных лезвий для шпателя DLT Finish версия PRO 15 см, 2 шт., толщина 0.3 мм, арт.1668",Шпателя для механизированной шпатлевки>Шпателя для механизированного нанесения>Сменные лезвия и аксессуары,1668,0.00,"https://dlt.by/image/catalog/easyphoto/4438/lezvie-dlya-shpatelya-dlt-finish-versiya-pro-tolshchina-0-3mm-15sm-art-1668-2.jpg,,,,,,,,,,,,,,,,,,,,,,,,,,,,,,,,,,,,,,,,,,,,,"
"Набор запасных лезвий для шпателя DLT Finish версия PRO 20 см, 2 шт., толщина 0.3 мм, арт.1669",Шпателя для механизированной шпатлевки>Шпателя для механизированного нанесения>Сменные лезвия и аксессуары,1669,0.00,"https://dlt.by/image/catalog/easyphoto/4438/lezvie-dlya-shpatelya-dlt-finish-versiya-pro-tolshchina-0-3mm-15sm-art-1668-2.jpg,,,,,,,,,,,,,,,,,,,,,,,,,,,,,,,,,,,,,,,,,,,,,"
"Набор запасных лезвий для шпателя DLT Finish версия PRO 25 см, 2 шт., толщина 0.3 мм, арт.1670",Шпателя для механизированной шпатлевки>Шпателя для механизированного нанесения>Сменные лезвия и аксессуары,1670,0.00,"https://dlt.by/image/catalog/easyphoto/4438/lezvie-dlya-shpatelya-dlt-finish-versiya-pro-tolshchina-0-3mm-15sm-art-1668-2.jpg,,,,,,,,,,,,,,,,,,,,,,,,,,,,,,,,,,,,,,,,,,,,,"
"Набор запасных лезвий для шпателя DLT Finish версия PRO 30 см, 2 шт., толщина 0.3 мм, арт.1671",Шпателя для механизированной шпатлевки>Шпателя для механизированного нанесения>Сменные лезвия и аксессуары,1671,0.00,"https://dlt.by/image/catalog/easyphoto/4442/nabor-zapasnyh-lezviy-dlya-shpatelya-dlt-finish-versiya-pro-25-sm-2-sht-tolshchina-0-3-mm-art-1670-1.jpg,,,,,,,,,,,,,,,,,,,,,,,,,,,,,,,,,,,,,,,,,,,,,"
"Набор запасных лезвий для шпателя DLT Finish версия PRO 35 см, 2 шт., толщина 0.3 мм, арт.1672",Шпателя для механизированной шпатлевки>Шпателя для механизированного нанесения>Сменные лезвия и аксессуары,1672,0.00,"https://dlt.by/image/catalog/easyphoto/4443/nabor-zapasnyh-lezviy-dlya-shpatelya-dlt-finish-versiya-pro-30-sm-2-sht-tolshchina-0-3-mm-art-1671-2.jpg,,,,,,,,,,,,,,,,,,,,,,,,,,,,,,,,,,,,,,,,,,,,,"
"Набор запасных лезвий для шпателя DLT Finish версия PRO 40 см, 2 шт., толщина 0.3 мм, арт.1673",Шпателя для механизированной шпатлевки>Шпателя для механизированного нанесения>Сменные лезвия и аксессуары,1673,0.00,"https://dlt.by/image/catalog/easyphoto/4444/nabor-zapasnyh-lezviy-dlya-shpatelya-dlt-finish-versiya-pro-35-sm-2-sht-tolshchina-0-3-mm-art-1672-2.jpg,,,,,,,,,,,,,,,,,,,,,,,,,,,,,,,,,,,,,,,,,,,,,"
"Набор запасных лезвий для шпателя DLT Finish версия PRO 45 см, 2 шт., толщина 0.3 мм, арт.1674",Шпателя для механизированной шпатлевки>Шпателя для механизированного нанесения>Сменные лезвия и аксессуары,1674,0.00,"https://dlt.by/image/catalog/easyphoto/4445/nabor-zapasnyh-lezviy-dlya-shpatelya-dlt-finish-versiya-pro-40-sm-2-sht-tolshchina-0-3-mm-art-1673-1.jpg,,,,,,,,,,,,,,,,,,,,,,,,,,,,,,,,,,,,,,,,,,,,,"
"Набор запасных лезвий для шпателя DLT Finish версия PRO 50 см, 2 шт., толщина 0.3 мм, арт.1675",Шпателя для механизированной шпатлевки>Шпателя для механизированного нанесения>Сменные лезвия и аксессуары,1675,0.00,"https://dlt.by/image/catalog/easyphoto/4446/nabor-zapasnyh-lezviy-dlya-shpatelya-dlt-finish-versiya-pro-45-sm-2-sht-tolshchina-0-3-mm-art-1674-1.jpg,,,,,,,,,,,,,,,,,,,,,,,,,,,,,,,,,,,,,,,,,,,,,"
"Набор запасных лезвий для шпателя DLT Finish версия PRO 60 см, 2 шт., толщина 0.3 мм, арт.1676",Шпателя для механизированной шпатлевки>Шпателя для механизированного нанесения>Сменные лезвия и аксессуары,1676,0.00,"https://dlt.by/image/catalog/easyphoto/4447/nabor-zapasnyh-lezviy-dlya-shpatelya-dlt-finish-versiya-pro-50-sm-2-sht-tolshchina-0-3-mm-art-1676-7.jpg,,,,,,,,,,,,,,,,,,,,,,,,,,,,,,,,,,,,,,,,,,,,,"
"Набор запасных лезвий для шпателя DLT Finish версия PRO 80 см, 2 шт., толщина 0.3 мм, арт.1677",Шпателя для механизированной шпатлевки>Шпателя для механизированного нанесения>Сменные лезвия и аксессуары,1677,0.00,"https://dlt.by/image/catalog/easyphoto/4448/nabor-zapasnyh-lezviy-dlya-shpatelya-dlt-finish-versiya-pro-50-sm-2-sht-tolshchina-0-3-mm-art-1676-1.jpg,,,,,,,,,,,,,,,,,,,,,,,,,,,,,,,,,,,,,,,,,,,,,"
"Набор запасных лезвий для шпателя DLT Finish версия PRO 100 см, 2 шт., толщина 0.3 мм, арт.1678",Шпателя для механизированной шпатлевки>Шпателя для механизированного нанесения>Сменные лезвия и аксессуары,1678,0.00,"https://dlt.by/image/catalog/easyphoto/4449/nabor-zapasnyh-lezviy-dlya-shpatelya-dlt-finish-versiya-pro-80-sm-2-sht-tolshchina-0-3-mm-art-1677-1.jpg,,,,,,,,,,,,,,,,,,,,,,,,,,,,,,,,,,,,,,,,,,,,,"
"Набор запасных лезвий для шпателя DLT Finish версия PRO 120 см, 2 шт., толщина 0.3 мм, арт.1679",Шпателя для механизированной шпатлевки>Шпателя для механизированного нанесения>Сменные лезвия и аксессуары,1679,0.00,"https://dlt.by/image/catalog/easyphoto/4450/nabor-zapasnyh-lezviy-dlya-shpatelya-dlt-finish-versiya-pro-100-sm-2-sht-tolshchina-0-3-mm-art-1678-1.jpg,,,,,,,,,,,,,,,,,,,,,,,,,,,,,,,,,,,,,,,,,,,,,"
"Набор запасных лезвий для шпателя DLT Finish версия PRO 15 см, 2 шт., толщина 0.5 мм, арт.1680",Шпателя для механизированной шпатлевки>Шпателя для механизированного нанесения>Сменные лезвия и аксессуары,1680,0.00,"https://dlt.by/image/catalog/easyphoto/4451/nabor-zapasnyh-lezviy-dlya-shpatelya-dlt-finish-versiya-pro-15-sm-2-sht-tolshchina-0-3-mm-art-1668-1.jpg,,,,,,,,,,,,,,,,,,,,,,,,,,,,,,,,,,,,,,,,,,,,,"
"Набор запасных лезвий для шпателя DLT Finish версия PRO 20 см, 2 шт., толщина 0.5 мм, арт.1681",Шпателя для механизированной шпатлевки>Шпателя для механизированного нанесения>Сменные лезвия и аксессуары,1681,0.00,"https://dlt.by/image/catalog/easyphoto/4452/nabor-zapasnyh-lezviy-dlya-shpatelya-dlt-finish-versiya-pro-15-sm-2-sht-tolshchina-0-5-mm-art-1680-6.jpg,,,,,,,,,,,,,,,,,,,,,,,,,,,,,,,,,,,,,,,,,,,,,"
"Набор запасных лезвий для шпателя DLT Finish версия PRO 25 см, 2 шт., толщина 0.5 мм, арт.1682",Шпателя для механизированной шпатлевки>Шпателя для механизированного нанесения>Сменные лезвия и аксессуары,1682,0.00,"https://dlt.by/image/catalog/easyphoto/4452/nabor-zapasnyh-lezviy-dlya-shpatelya-dlt-finish-versiya-pro-15-sm-2-sht-tolshchina-0-5-mm-art-1680-6.jpg,,,,,,,,,,,,,,,,,,,,,,,,,,,,,,,,,,,,,,,,,,,,,"
"Набор запасных лезвий для шпателя DLT Finish версия PRO 30 см, 2 шт., толщина 0.5 мм, арт.1683",Шпателя для механизированной шпатлевки>Шпателя для механизированного нанесения>Сменные лезвия и аксессуары,1683,0.00,"https://dlt.by/image/catalog/easyphoto/4454/nabor-zapasnyh-lezviy-dlya-shpatelya-dlt-finish-versiya-pro-25-sm-2-sht-tolshchina-0-5-mm-art-1682-5.jpg,,,,,,,,,,,,,,,,,,,,,,,,,,,,,,,,,,,,,,,,,,,,,"
"Набор запасных лезвий для шпателя DLT Finish версия PRO 35 см, 2 шт., толщина 0.5 мм, арт.1684",Шпателя для механизированной шпатлевки>Шпателя для механизированного нанесения>Сменные лезвия и аксессуары,1684,0.00,"https://dlt.by/image/catalog/easyphoto/4455/nabor-zapasnyh-lezviy-dlya-shpatelya-dlt-finish-versiya-pro-30-sm-2-sht-tolshchina-0-5-mm-art-1683-1.jpg,,,,,,,,,,,,,,,,,,,,,,,,,,,,,,,,,,,,,,,,,,,,,"
"Набор запасных лезвий для шпателя DLT Finish версия PRO 40 см, 2 шт., толщина 0.5 мм, арт.1685",Шпателя для механизированной шпатлевки>Шпателя для механизированного нанесения>Сменные лезвия и аксессуары,1685,0.00,"https://dlt.by/image/catalog/easyphoto/4456/nabor-zapasnyh-lezviy-dlya-shpatelya-dlt-finish-versiya-pro-35-sm-2-sht-tolshchina-0-5-mm-art-1684-1.jpg,,,,,,,,,,,,,,,,,,,,,,,,,,,,,,,,,,,,,,,,,,,,,"
"Набор запасных лезвий для шпателя DLT Finish версия PRO 45 см, 2 шт., толщина 0.5 мм, арт.1686",Шпателя для механизированной шпатлевки>Шпателя для механизированного нанесения>Сменные лезвия и аксессуары,1686,0.00,"https://dlt.by/image/catalog/easyphoto/4456/nabor-zapasnyh-lezviy-dlya-shpatelya-dlt-finish-versiya-pro-35-sm-2-sht-tolshchina-0-5-mm-art-1684-1.jpg,,,,,,,,,,,,,,,,,,,,,,,,,,,,,,,,,,,,,,,,,,,,,"
"Набор запасных лезвий для шпателя DLT Finish версия PRO 50 см, 2 шт., толщина 0.5 мм, арт.1687",Шпателя для механизированной шпатлевки>Шпателя для механизированного нанесения>Сменные лезвия и аксессуары,1687,0.00,"https://dlt.by/image/catalog/easyphoto/4458/nabor-zapasnyh-lezviy-dlya-shpatelya-dlt-finish-versiya-pro-45-sm-2-sht-tolshchina-0-5-mm-art-1686-1.jpg,,,,,,,,,,,,,,,,,,,,,,,,,,,,,,,,,,,,,,,,,,,,,"
"Набор запасных лезвий для шпателя DLT Finish версия PRO 60 см, 2 шт., толщина 0.5 мм, арт.1688",Шпателя для механизированной шпатлевки>Шпателя для механизированного нанесения>Сменные лезвия и аксессуары,1688,0.00,"https://dlt.by/image/catalog/easyphoto/4459/nabor-zapasnyh-lezviy-dlya-shpatelya-dlt-finish-versiya-pro-50-sm-2-sht-tolshchina-0-5-mm-art-1687-1.jpg,,,,,,,,,,,,,,,,,,,,,,,,,,,,,,,,,,,,,,,,,,,,,"
"Набор запасных лезвий для шпателя DLT Finish версия PRO 80 см, 2 шт., толщина 0.5 мм, арт.1689",Шпателя для механизированной шпатлевки>Шпателя для механизированного нанесения>Сменные лезвия и аксессуары,1689,0.00,"https://dlt.by/image/catalog/easyphoto/4460/nabor-zapasnyh-lezviy-dlya-shpatelya-dlt-finish-versiya-pro-60-sm-2-sht-tolshchina-0-5-mm-art-1688-1.jpg,,,,,,,,,,,,,,,,,,,,,,,,,,,,,,,,,,,,,,,,,,,,,"
"Набор запасных лезвий для шпателя DLT Finish версия PRO 100 см, 2 шт., толщина 0.5 мм, арт.1690",Шпателя для механизированной шпатлевки>Шпателя для механизированного нанесения>Сменные лезвия и аксессуары,1690,0.00,"https://dlt.by/image/catalog/easyphoto/4461/nabor-zapasnyh-lezviy-dlya-shpatelya-dlt-finish-versiya-pro-80-sm-2-sht-tolshchina-0-5-mm-art-1689-6.jpg,,,,,,,,,,,,,,,,,,,,,,,,,,,,,,,,,,,,,,,,,,,,,"
"Набор запасных лезвий для шпателя DLT Finish версия PRO 120 см, 2 шт., толщина 0.5 мм, арт.1691",Шпателя для механизированной шпатлевки>Шпателя для механизированного нанесения>Сменные лезвия и аксессуары,1691,0.00,"https://dlt.by/image/catalog/easyphoto/4462/nabor-zapasnyh-lezviy-dlya-shpatelya-dlt-finish-versiya-pro-100-sm-2-sht-tolshchina-0-5-mm-art-1690-1.jpg,,,,,,,,,,,,,,,,,,,,,,,,,,,,,,,,,,,,,,,,,,,,,"
"Набор запасных лезвий для шпателя DLT Finish версия PRO 120 см, 2 шт., толщина 0.7 мм, арт.3398",Шпателя для механизированной шпатлевки>Шпателя для механизированного нанесения>Сменные лезвия и аксессуары,3398,0.00,"https://dlt.by/image/catalog/easyphoto/4463/nabor-zapasnyh-lezviy-dlya-shpatelya-dlt-finish-versiya-pro-120-sm-2-sht-tolshchina-0-5-mm-art-1691-1.jpg,,,,,,,,,,,,,,,,,,,,,,,,,,,,,,,,,,,,,,,,,,,,,"
"Набор запасных лезвий для шпателя DLT Finish версия PRO 15 см, 2 шт., толщина 0.7 мм, арт.3387",Шпателя для механизированной шпатлевки>Шпателя для механизированного нанесения>Сменные лезвия и аксессуары,3387,0.00,"https://dlt.by/image/catalog/easyphoto/4464/nabor-zapasnyh-lezviy-dlya-shpatelya-dlt-finish-versiya-pro-120-sm-2-sht-tolshchina-0-7-mm-art-3398-1.jpg,,,,,,,,,,,,,,,,,,,,,,,,,,,,,,,,,,,,,,,,,,,,,"
"Набор запасных лезвий для шпателя DLT Finish версия PRO 20 см, 2 шт., толщина 0.7 мм, арт.3388",Шпателя для механизированной шпатлевки>Шпателя для механизированного нанесения>Сменные лезвия и аксессуары,3388,0.00,"https://dlt.by/image/catalog/easyphoto/4465/nabor-zapasnyh-lezviy-dlya-shpatelya-dlt-finish-versiya-pro-15-sm-2-sht-tolshchina-0-7-mm-art-3398-1.jpg,,,,,,,,,,,,,,,,,,,,,,,,,,,,,,,,,,,,,,,,,,,,,"
"Набор запасных лезвий для шпателя DLT Finish версия PRO 25 см, 2 шт., толщина 0.7 мм, арт.3389",Шпателя для механизированной шпатлевки>Шпателя для механизированного нанесения>Сменные лезвия и аксессуары,3389,0.00,"https://dlt.by/image/catalog/easyphoto/4466/nabor-zapasnyh-lezviy-dlya-shpatelya-dlt-finish-versiya-pro-20-sm-2-sht-tolshchina-0-7-mm-art-3388-2.jpg,,,,,,,,,,,,,,,,,,,,,,,,,,,,,,,,,,,,,,,,,,,,,"
"Набор запасных лезвий для шпателя DLT Finish версия PRO 30 см, 2 шт., толщина 0.7 мм, арт.3390",Шпателя для механизированной шпатлевки>Шпателя для механизированного нанесения>Сменные лезвия и аксессуары,3390,0.00,"https://dlt.by/image/catalog/easyphoto/4467/nabor-zapasnyh-lezviy-dlya-shpatelya-dlt-finish-versiya-pro-25-sm-2-sht-tolshchina-0-7-mm-art-3389-1.jpg,,,,,,,,,,,,,,,,,,,,,,,,,,,,,,,,,,,,,,,,,,,,,"
"Набор запасных лезвий для шпателя DLT Finish версия PRO 35 см, 2 шт., толщина 0.7 мм, арт.3391",Шпателя для механизированной шпатлевки>Шпателя для механизированного нанесения>Сменные лезвия и аксессуары,3391,0.00,"https://dlt.by/image/catalog/easyphoto/4468/nabor-zapasnyh-lezviy-dlya-shpatelya-dlt-finish-versiya-pro-25-sm-2-sht-tolshchina-0-7-mm-art-3390-1.jpg,,,,,,,,,,,,,,,,,,,,,,,,,,,,,,,,,,,,,,,,,,,,,"
"Набор запасных лезвий для шпателя DLT Finish версия PRO 40 см, 2 шт., толщина 0.7 мм, арт.3392",Шпателя для механизированной шпатлевки>Шпателя для механизированного нанесения>Сменные лезвия и аксессуары,3392,0.00,"https://dlt.by/image/catalog/easyphoto/4469/nabor-zapasnyh-lezviy-dlya-shpatelya-dlt-finish-versiya-pro-40-sm-2-sht-tolshchina-0-7-mm-art-3392-6.jpg,,,,,,,,,,,,,,,,,,,,,,,,,,,,,,,,,,,,,,,,,,,,,"
"Набор запасных лезвий для шпателя DLT Finish версия PRO 45 см, 2 шт., толщина 0.7 мм, арт.3393",Шпателя для механизированной шпатлевки>Шпателя для механизированного нанесения>Сменные лезвия и аксессуары,3393,0.00,"https://dlt.by/image/catalog/easyphoto/4470/nabor-zapasnyh-lezviy-dlya-shpatelya-dlt-finish-versiya-pro-40-sm-2-sht-tolshchina-0-7-mm-art-3392-1.jpg,,,,,,,,,,,,,,,,,,,,,,,,,,,,,,,,,,,,,,,,,,,,,"
"Набор запасных лезвий для шпателя DLT Finish версия PRO 50 см, 2 шт., толщина 0.7 мм, арт.3394",Шпателя для механизированной шпатлевки>Шпателя для механизированного нанесения>Сменные лезвия и аксессуары,3394,0.00,"https://dlt.by/image/catalog/easyphoto/4471/nabor-zapasnyh-lezviy-dlya-shpatelya-dlt-finish-versiya-pro-45-sm-2-sht-tolshchina-0-7-mm-art-3393-1.jpg,,,,,,,,,,,,,,,,,,,,,,,,,,,,,,,,,,,,,,,,,,,,,"
"Набор запасных лезвий для шпателя DLT Finish версия PRO 60 см, 2 шт., толщина 0.7 мм, арт.3395",Шпателя для механизированной шпатлевки>Шпателя для механизированного нанесения>Сменные лезвия и аксессуары,3395,0.00,"https://dlt.by/image/catalog/easyphoto/4472/nabor-zapasnyh-lezviy-dlya-shpatelya-dlt-finish-versiya-pro-50-sm-2-sht-tolshchina-0-7-mm-art-3394-1.jpg,,,,,,,,,,,,,,,,,,,,,,,,,,,,,,,,,,,,,,,,,,,,,"
"Набор запасных лезвий для шпателя DLT Finish версия PRO 80 см, 2 шт., толщина 0.7 мм, арт.3396",Шпателя для механизированной шпатлевки>Шпателя для механизированного нанесения>Сменные лезвия и аксессуары,3396,0.00,"https://dlt.by/image/catalog/easyphoto/4473/nabor-zapasnyh-lezviy-dlya-shpatelya-dlt-finish-versiya-pro-60-sm-2-sht-tolshchina-0-7-mm-art-3395-1.jpg,,,,,,,,,,,,,,,,,,,,,,,,,,,,,,,,,,,,,,,,,,,,,"
"Набор запасных лезвий для шпателя DLT Finish версия PRO 100 см, 2 шт., толщина 0.7 мм, арт.3397",Шпателя для механизированной шпатлевки>Шпателя для механизированного нанесения>Сменные лезвия и аксессуары,3397,0.00,"https://dlt.by/image/catalog/easyphoto/4474/nabor-zapasnyh-lezviy-dlya-shpatelya-dlt-finish-versiya-pro-80-sm-2-sht-tolshchina-0-7-mm-art-3397-1.jpg,,,,,,,,,,,,,,,,,,,,,,,,,,,,,,,,,,,,,,,,,,,,,"
"Валик для нанесения шпатлевки с бюгелем DLT 100 мм, ворс 16 мм, нейлон, конус, арт.3399",Бренды>Оборудование и приспособления для укладки плитки DLT,3399,0.00,"https://dlt.by/image/catalog/easyphoto/4475/valik-dlya-naneseniya-shpatlevki-s-byugelem-dlt-11-5sm-vors-15mm-art-3261-1.png,,,,,,,,,,,,,,,,,,,,,,,,,,,,,,,,,,,,,,,,,,,,,"
"Валик для нанесения шпатлевки с бюгелем DLT 180 мм, ворс 16 мм, нейлон, конус, арт.3400",Бренды>Оборудование и приспособления для укладки плитки DLT,3400,0.00,"https://dlt.by/image/catalog/easyphoto/4476/valik-dlya-naneseniya-shpatlevki-s-byugelem-dlt-100-mm-vors-16-mm-neylon-konus-art-3399-1.png,,,,,,,,,,,,,,,,,,,,,,,,,,,,,,,,,,,,,,,,,,,,,"
"Валик для нанесения шпатлевки с бюгелем DLT 230 мм, ворс 16 мм, нейлон, конус, арт.3401",Бренды>Оборудование и приспособления для укладки плитки DLT,3401,0.00,"https://dlt.by/image/catalog/easyphoto/4477/valik-dlya-naneseniya-shpatlevki-s-byugelem-dlt-180-mm-vors-16-mm-neylon-konus-art-3400-1.png,,,,,,,,,,,,,,,,,,,,,,,,,,,,,,,,,,,,,,,,,,,,,"
"Валик для нанесения шпатлевки DLT 100 мм, ворс 16 мм, для бюгеля 8 мм, нейлон, арт.3606",Бренды>Оборудование и приспособления для укладки плитки DLT,3606,0.00,"https://dlt.by/image/catalog/easyphoto/4478/valik-dlya-naneseniya-shpatlevki-dlt-18sm-vors-10mm-dlya-byugelya-8mm-art-1823-1.png,,,,,,,,,,,,,,,,,,,,,,,,,,,,,,,,,,,,,,,,,,,,,"
"Валик для нанесения шпатлевки DLT 180 мм, ворс 16 мм, для бюгеля 8 мм, нейлон, арт.3607",Бренды>Оборудование и приспособления для укладки плитки DLT,3607,0.00,"https://dlt.by/image/catalog/easyphoto/4478/valik-dlya-naneseniya-shpatlevki-dlt-18sm-vors-10mm-dlya-byugelya-8mm-art-1823-1.png,,,,,,,,,,,,,,,,,,,,,,,,,,,,,,,,,,,,,,,,,,,,,"
"Валик для нанесения шпатлевки DLT 230 мм, ворс 16 мм, для бюгеля 8 мм, нейлон, арт.3608",Бренды>Оборудование и приспособления для укладки плитки DLT,3608,0.00,"https://dlt.by/image/catalog/easyphoto/4478/valik-dlya-naneseniya-shpatlevki-dlt-18sm-vors-10mm-dlya-byugelya-8mm-art-1823-1.png,,,,,,,,,,,,,,,,,,,,,,,,,,,,,,,,,,,,,,,,,,,,,"
"Валик для нанесения шпатлевки DLT 350 мм, ворс 16 мм, для бюгеля 8 мм, нейлон, арт.3528",Бренды>Оборудование и приспособления для укладки плитки DLT,3528,0.00,"https://dlt.by/image/catalog/easyphoto/4481/valik-dlya-naneseniya-shpatlevki-dlt-180-mm-vors-16-mm-dlya-byugelya-8-mm-neylon-art-3607-1.png,,,,,,,,,,,,,,,,,,,,,,,,,,,,,,,,,,,,,,,,,,,,,"
"Валик для нанесения шпатлевки DLT 355 мм, ворс 16 мм, для бюгеля 10 мм, нейлон, арт.3402",Бренды>Оборудование и приспособления для укладки плитки DLT,3402,0.00,"https://dlt.by/image/catalog/easyphoto/4481/valik-dlya-naneseniya-shpatlevki-dlt-180-mm-vors-16-mm-dlya-byugelya-8-mm-neylon-art-3607-1.png,,,,,,,,,,,,,,,,,,,,,,,,,,,,,,,,,,,,,,,,,,,,,"
"Валик для нанесения шпатлевки DLT 406 мм, ворс 16 мм, для бюгеля 10 мм, нейлон, арт.3403",Бренды>Оборудование и приспособления для укладки плитки DLT,3403,0.00,"https://dlt.by/image/catalog/easyphoto/4481/valik-dlya-naneseniya-shpatlevki-dlt-180-mm-vors-16-mm-dlya-byugelya-8-mm-neylon-art-3607-1.png,,,,,,,,,,,,,,,,,,,,,,,,,,,,,,,,,,,,,,,,,,,,,"
"Валик для нанесения шпатлевки DLT 450 мм, ворс 16 мм, для бюгеля 8 мм, нейлон, арт.3529",Бренды>Оборудование и приспособления для укладки плитки DLT,3529,0.00,"https://dlt.by/image/catalog/easyphoto/4481/valik-dlya-naneseniya-shpatlevki-dlt-180-mm-vors-16-mm-dlya-byugelya-8-mm-neylon-art-3607-1.png,,,,,,,,,,,,,,,,,,,,,,,,,,,,,,,,,,,,,,,,,,,,,"
"Ванночка для шпатлевки DLT 350 мм, арт.3407",Бренды>Оборудование и приспособления для укладки плитки DLT,3407,0.00,"https://dlt.by/image/catalog/easyphoto/4488/kyuveta-dlya-kraski-rollingdog-1-3l-100mm-seriya-professional-art-20100-1.jpg,,,,,,,,,,,,,,,,,,,,,,,,,,,,,,,,,,,,,,,,,,,,,"
"Малярный шпатель DLT Finish версия PRO, h-образный, 15 см (лезвия 0.3, 0.5, 0.7 мм), арт.1656 NEW",Шпателя для механизированной шпатлевки,1656,0.00,"https://dlt.by/image/catalog/easyphoto/4490/malyarnyy-shpatel-dlt-finish-versiya-pro-h-obraznyy-15-sm-lezviya-0-3-0-5-0-7-mm-art-1656-new-5.jpg,,,,,,,,,,,,,,,,,,,,,,,,,,,,,,,,,,,,,,,,,,,,,"
"Малярный шпатель DLT Finish версия PRO, h-образный, 20 см (лезвия 0.3, 0.5, 0.7 мм), арт.1657 NEW",Шпателя для механизированной шпатлевки,1657,0.00,"https://dlt.by/image/catalog/easyphoto/4491/malyarnyy-shpatel-dlt-finish-versiya-pro-h-obraznyy-20-sm-lezviya-0-3-0-5-0-7-mm-art-1657-new-4.jpg,,,,,,,,,,,,,,,,,,,,,,,,,,,,,,,,,,,,,,,,,,,,,"
"Малярный шпатель DLT Finish версия PRO, h-образный, 25 см (лезвия 0.3, 0.5, 0.7 мм), арт.1658 NEW",Шпателя для механизированной шпатлевки,1658,0.00,"https://dlt.by/image/catalog/easyphoto/4492/malyarnyy-shpatel-dlt-finish-versiya-pro-h-obraznyy-25-sm-lezviya-0-3-0-5-0-7-mm-art-1658-new-5.jpg,,,,,,,,,,,,,,,,,,,,,,,,,,,,,,,,,,,,,,,,,,,,,"
"Набор запасных лезвий для шпателя DLT Finish SILVER 55 см, 2 шт., толщина 0.35 мм, арт.0751",Шпателя для механизированной шпатлевки,751,0.00,"https://dlt.by/image/catalog/easyphoto/4493/nabor-zapasnyh-lezviy-dlya-shpatelya-dlt-finish-silver-55-sm-2-sht-tolshchina-0-5-mm-art-0756-1.jpg,,,,,,,,,,,,,,,,,,,,,,,,,,,,,,,,,,,,,,,,,,,,,"
"Малярный шпатель DLT Finish версия PRO, h-образный, 30 см (лезвия 0.3, 0.5, 0.7 мм), арт.1659 NEW",Шпателя для механизированной шпатлевки,1659,0.00,"https://dlt.by/image/catalog/easyphoto/4494/malyarnyy-shpatel-dlt-finish-versiya-pro-h-obraznyy-25-sm-lezviya-0-3-0-5-0-7-mm-art-1658-new-1.jpg,,,,,,,,,,,,,,,,,,,,,,,,,,,,,,,,,,,,,,,,,,,,,"
"Пистолет-краскораспылитель для безвоздушного окрасочного аппарата HYVST, арт.OSG250-Z",Окрасочные аппараты и аксессуары,OSG250-Z,0.00,"https://dlt.by/image/catalog/easyphoto/4495/soplo-hyvst-tip-graco-frac-x-fflp-110-art-frac110-1.jpg,,,,,,,,,,,,,,,,,,,,,,,,,,,,,,,,,,,,,,,,,,,,,"
"Гидроизоляционная лента DLT (синяя), 180 г/см², рулон 12.5 см * 10 м, арт.3577",Новинки в нашем ассортименте,3575,0.00,"https://dlt.by/image/catalog/easyphoto/4496/gidroizolyatsionnaya-lenta-dlt-oranzhevaya-300-g-sm-rulon-30-sm-10-m-art-3575-1.jpg,,,,,,,,,,,,,,,,,,,,,,,,,,,,,,,,,,,,,,,,,,,,,"
"Гидроизоляционная лента DLT (синяя), 180 г/см², рулон 30 см * 10 м, арт.3578",Новинки в нашем ассортименте,3578,0.00,"https://dlt.by/image/catalog/easyphoto/4497/gidroizolyatsionnaya-lenta-dlt-sinyaya-180-g-sm-rulon-12-5-sm-10-m-art-3577-1.jpg,,,,,,,,,,,,,,,,,,,,,,,,,,,,,,,,,,,,,,,,,,,,,"
"Самоклеящаяся гидроизоляционная лента DLT, рулон 12 см * 10 м, арт.3579",Инструмент для укладки плитки>Разделительные гидроизоляционные мембраны,3579,0.00,"https://dlt.by/image/catalog/easyphoto/4500/gidroizolyatsionnaya-lenta-dlt-sinyaya-180-g-sm-rulon-30-sm-10-m-art-3578-1.jpg,,,,,,,,,,,,,,,,,,,,,,,,,,,,,,,,,,,,,,,,,,,,,"
"Разделительная мембрана для плитки DLT, рулон 1*10 м (10 м²), арт.3571",Инструмент для укладки плитки>Разделительные гидроизоляционные мембраны,3571,0.00,"https://dlt.by/image/catalog/easyphoto/4501/razdelitelnaya-membrana-dlya-plitki-s-teplym-polom-dlt-rulon-1-10-m-10-m-art-3572-1.jpg,,,,,,,,,,,,,,,,,,,,,,,,,,,,,,,,,,,,,,,,,,,,,"
"Гидроизоляционная лента (внутренний угол) DLT 95*120 мм, арт.3580",Инструмент для укладки плитки>Разделительные гидроизоляционные мембраны,3580,0.00,"https://dlt.by/image/catalog/easyphoto/4502/gidroizolyatsionnaya-lenta-dlt-oranzhevaya-300-g-sm-rulon-12-5-sm-10-m-art-3574-2.jpg,,,,,,,,,,,,,,,,,,,,,,,,,,,,,,,,,,,,,,,,,,,,,"
"Гидроизоляционная лента (внешний угол) DLT 85*115 мм, арт.3581",Инструмент для укладки плитки>Разделительные гидроизоляционные мембраны,3581,0.00,"https://dlt.by/image/catalog/easyphoto/4503/gidroizolyatsionnaya-lenta-vneshniy-ugol-dlt-85-115-mm-art-3581-2.jpg,,,,,,,,,,,,,,,,,,,,,,,,,,,,,,,,,,,,,,,,,,,,,"
"Гидроизоляционная манжета (гидроизоляционный пластырь) DLT 150*150 мм, Ø32-55 мм, арт.3582",Инструмент для укладки плитки>Разделительные гидроизоляционные мембраны,3582,0.00,"https://dlt.by/image/catalog/easyphoto/4504/gidroizolyatsionnaya-lenta-vnutrenniy-ugol-dlt-95-120-mm-art-3580-3.jpg,,,,,,,,,,,,,,,,,,,,,,,,,,,,,,,,,,,,,,,,,,,,,"
"Гидроизоляционная манжета (гидроизоляционный пластырь) DLT 200*200 мм, Ø70-110 мм, арт.3583",Инструмент для укладки плитки>Разделительные гидроизоляционные мембраны,3583,0.00,"https://dlt.by/image/catalog/easyphoto/4505/gidroizolyatsionnaya-manzheta-gidroizolyatsionnyy-plastyr-dlt-150-150-mm-32-55-mm-art-3582-2.jpg,,,,,,,,,,,,,,,,,,,,,,,,,,,,,,,,,,,,,,,,,,,,,"
"Разделительная мембрана для плитки DLT, рулон 1*5 м (5 м²), арт.3598",Инструмент для укладки плитки>Разделительные гидроизоляционные мембраны,3598,0.00,"https://dlt.by/image/catalog/easyphoto/4506/razdelitelnaya-membrana-dlya-plitki-dlt-rulon-1-10-m-10-m-art-3571-1.jpg,,,,,,,,,,,,,,,,,,,,,,,,,,,,,,,,,,,,,,,,,,,,,"
"Шланг всасывающий антистатический DLT, арт.3235",Пылесосы строительные,3235,4 514.13,"https://dlt.by/image/catalog/easyphoto/4508/perehodnik-universalnyy-dlya-pylesosa-bihui-art-vcb38-06-3.png,,,,,,,,,,,,,,,,,,,,,,,,,,,,,,,,,,,,,,,,,,,,,"
"Кювета для краски Rollingdog 18"" (457мм), серия Elite, арт.20101",Малярный и штукатурный инструмент>Малярные ванночки и кюветы,20101 (ycenka),2 407.54,"https://dlt.by/image/catalog/easyphoto/2323/kyuveta-dlya-kraski-rollingdog-18-450mm-seriya-elite-art-20101-8.jpg,,,,,,,,,,,,,,,,,,,,,,,,,,,,,,,,,,,,,,,,,,,,,"
"Круг шлифовальный DLT GrandFlex BLUE-CERAMIC, P150, 225мм, 10шт, (на бумаге, керамика и оксид алюминия), арт.3447",Шлифовальные машины для стен/потолков/пола,3447,631.98,"https://dlt.by/image/catalog/easyphoto/3871/krug-shlifovalnyy-dlt-grandflex-blue-ceramic-p120-225mm-10sht-na-bumage-keramika-i-oksid-alyuminiya-1.jpg,,,,,,,,,,,,,,,,,,,,,,,,,,,,,,,,,,,,,,,,,,,,,"
"Круг шлифовальный DLT GrandFlex BLUE-CERAMIC, P220, 225мм, 10шт, (на бумаге, керамика и оксид алюминия), арт.3448",Шлифовальные машины для стен/потолков/пола,3448,631.98,"https://dlt.by/image/catalog/easyphoto/3869/krug-shlifovalnyy-dlt-grandflex-blue-ceramic-p240-225mm-10sht-na-bumage-keramika-i-oksid-alyuminiya-1.jpg,,,,,,,,,,,,,,,,,,,,,,,,,,,,,,,,,,,,,,,,,,,,,"
"Круг шлифовальный DLT GrandFlex PURO-CERAMIC, P150, 225мм, 10шт, (на бумаге, керамика точной формы), арт.3449",Шлифовальные машины для стен/потолков/пола,3449,1 113.49,"https://dlt.by/image/catalog/easyphoto/3885/krug-shlifovalnyy-dlt-grandflex-puro-ceramic-p120-225mm-10sht-na-bumage-keramika-tochnoy-formy-1.jpg,,,,,,,,,,,,,,,,,,,,,,,,,,,,,,,,,,,,,,,,,,,,,"
"Круг шлифовальный DLT GrandFlex PURO-CERAMIC, P220, 225мм, 10шт, (на бумаге, керамика точной формы), арт.3450",Шлифовальные машины для стен/потолков/пола,3450,1 113.49,"https://dlt.by/image/catalog/easyphoto/3884/krug-shlifovalnyy-dlt-grandflex-puro-ceramic-p180-225mm-10sht-na-bumage-keramika-tochnoy-formy-1.jpg,,,,,,,,,,,,,,,,,,,,,,,,,,,,,,,,,,,,,,,,,,,,,"
"Круг шлифовальный DLT GrandFlex FILM-CERAMIC, P120, 225мм, 10шт, (на плёнке, керамика точной формы), арт.3008",Шлифовальные машины для стен/потолков/пола>Шлифовальные круги и сетки>P120-150,3457,1 023.20,"https://dlt.by/image/catalog/easyphoto/4515/krug-shlifovalnyy-dlt-grandflex-film-ceramic-p120-225mm-10sht-na-plenke-keramika-tochnoy-formy-art-3008-2.jpg,,,,,,,,,,,,,,,,,,,,,,,,,,,,,,,,,,,,,,,,,,,,,"
"Круг шлифовальный DLT GrandFlex FILM-CERAMIC, P220, 225мм, 10шт, (на плёнке, керамика точной формы), арт.3458",Шлифовальные машины для стен/потолков/пола,3458,1 023.20,"https://dlt.by/image/catalog/easyphoto/4516/krug-shlifovalnyy-dlt-grandflex-film-ceramic-p180-225mm-10sht-na-plenke-keramika-tochnoy-formy-art-3009-1.jpg,,,,,,,,,,,,,,,,,,,,,,,,,,,,,,,,,,,,,,,,,,,,,"
"Круг шлифовальный сетка DLT GrandFlex BLUE-NET CERAMIC, P150, 225мм, 10шт, (керамика точной формы), арт.3459",Шлифовальные машины для стен/потолков/пола,3459,1 655.18,"https://dlt.by/image/catalog/easyphoto/3893/krug-shlifovalnyy-setka-dlt-grandflex-blue-net-ceramic-p120-225mm-10sht-keramika-tochnoy-formy-1.jpg,,,,,,,,,,,,,,,,,,,,,,,,,,,,,,,,,,,,,,,,,,,,,"
"Круг шлифовальный сетка DLT GrandFlex BLUE-NET CERAMIC, P220, 225мм, 10шт, (керамика точной формы), арт.3460",Шлифовальные машины для стен/потолков/пола,3460,1 414.43,"https://dlt.by/image/catalog/easyphoto/3892/krug-shlifovalnyy-setka-dlt-grandflex-blue-net-ceramic-p180-225mm-10sht-keramika-tochnoy-formy-1.jpg,,,,,,,,,,,,,,,,,,,,,,,,,,,,,,,,,,,,,,,,,,,,,"
"Круг шлифовальный сетка DLT GrandFlex RED-NET, P150, 225мм, 10шт, (оксид алюминия), арт.3461",Шлифовальные машины для стен/потолков/пола,3461,1 354.24,"https://dlt.by/image/catalog/easyphoto/3897/krug-shlifovalnyy-setka-dlt-grandflex-red-net-p120-225mm-10sht-oksid-alyuminiya-1.jpg,,,,,,,,,,,,,,,,,,,,,,,,,,,,,,,,,,,,,,,,,,,,,"
"Круг шлифовальный сетка DLT GrandFlex RED-NET, P220, 225мм, 10шт, (оксид алюминия), арт.3017",Шлифовальные машины для стен/потолков/пола,3462,1 203.77,"https://dlt.by/image/catalog/easyphoto/3896/krug-shlifovalnyy-setka-dlt-grandflex-red-net-p180-225mm-10sht-oksid-alyuminiya-1.jpg,,,,,,,,,,,,,,,,,,,,,,,,,,,,,,,,,,,,,,,,,,,,,"
"Круг шлифовальный DLT GrandFlex BLUE-CERAMIC, P150, 150мм, 10шт, (на бумаге, керамика и оксид алюминия), арт.3472",Шлифовальные машины для стен/потолков/пола,3472,306.96,"https://dlt.by/image/catalog/easyphoto/3867/krug-shlifovalnyy-dlt-grandflex-blue-ceramic-p120-150mm-10sht-na-bumage-keramika-i-oksid-alyuminiya-1.jpg,,,,,,,,,,,,,,,,,,,,,,,,,,,,,,,,,,,,,,,,,,,,,"
"Круг шлифовальный DLT GrandFlex BLUE-CERAMIC, P220, 150мм, 10шт, (на бумаге, керамика и оксид алюминия), арт.3473",Шлифовальные машины для стен/потолков/пола,3473,306.96,"https://dlt.by/image/catalog/easyphoto/3866/krug-shlifovalnyy-dlt-grandflex-blue-ceramic-p180-150mm-10sht-na-bumage-keramika-i-oksid-alyuminiya-1.jpg,,,,,,,,,,,,,,,,,,,,,,,,,,,,,,,,,,,,,,,,,,,,,"
"Шлифовальный лист в рулоне DLT GrandFlex PURO-ROLL, P220, 70мм*12м, (керамика точной формы), арт.3463",Малярный и штукатурный инструмент>Абразивные материалы,3463,2 768.67,"https://dlt.by/image/catalog/easyphoto/4524/shlifovalnyy-list-v-rulone-dlt-grandflex-puro-roll-p220-70mm-12m-keramika-tochnoy-formy-art-3463-8.jpg,,,,,,,,,,,,,,,,,,,,,,,,,,,,,,,,,,,,,,,,,,,,,"
"Шлифовальный лист в рулоне DLT GrandFlex PURO-ROLL, P220, 110мм*12м, (керамика точной формы), арт.3477",Малярный и штукатурный инструмент>Абразивные материалы>Шлифовальные листы,3477,2 768.67,"https://dlt.by/image/catalog/easyphoto/4525/shlifovalnyy-list-v-rulone-dlt-grandflex-puro-roll-p220-110mm-12m-keramika-tochnoy-formy-art-3477-7.jpg,,,,,,,,,,,,,,,,,,,,,,,,,,,,,,,,,,,,,,,,,,,,,"
"Шлифовальный лист в рулоне DLT GrandFlex PURO-ROLL, P240, 110мм*12м, (керамика точной формы), арт.3478",Малярный и штукатурный инструмент>Абразивные материалы,3478,2 768.67,"https://dlt.by/image/catalog/easyphoto/4526/shlifovalnyy-list-v-rulone-dlt-grandflex-puro-roll-p220-110mm-12m-keramika-tochnoy-formy-art-3477-1.jpg,,,,,,,,,,,,,,,,,,,,,,,,,,,,,,,,,,,,,,,,,,,,,"
"Шлифовальный лист в рулоне DLT GrandFlex PURO-ROLL, P180, 110мм*12м, (керамика точной формы), арт.3476",Малярный и штукатурный инструмент>Абразивные материалы,3476,2 768.67,"https://dlt.by/image/catalog/easyphoto/4527/shlifovalnyy-list-v-rulone-dlt-grandflex-puro-roll-p220-110mm-12m-keramika-tochnoy-formy-art-3477-12.jpg,,,,,,,,,,,,,,,,,,,,,,,,,,,,,,,,,,,,,,,,,,,,,"
"Шлифовальный лист в рулоне DLT GrandFlex PURO-ROLL, P120, 110мм*12м, (керамика точной формы), арт.3475",Малярный и штукатурный инструмент>Абразивные материалы>Шлифовальные листы,3475,2 768.67,"https://dlt.by/image/catalog/easyphoto/4528/shlifovalnyy-list-v-rulone-dlt-grandflex-puro-roll-p180-110mm-12m-keramika-tochnoy-formy-art-3476-7.jpg,,,,,,,,,,,,,,,,,,,,,,,,,,,,,,,,,,,,,,,,,,,,,"
"Шлифовальный лист в рулоне DLT GrandFlex PURO-ROLL, P80, 110мм*12м, (керамика точной формы), арт.3474",Малярный и штукатурный инструмент>Абразивные материалы>Шлифовальные листы,3474,2 768.67,"https://dlt.by/image/catalog/easyphoto/4529/shlifovalnyy-list-v-rulone-dlt-grandflex-puro-roll-p120-110mm-12m-keramika-tochnoy-formy-art-3475-6.jpg,,,,,,,,,,,,,,,,,,,,,,,,,,,,,,,,,,,,,,,,,,,,,"
"Круг шлифовальный DLT GrandFlex FILM-CERAMIC, P150, 150мм, 10шт, (на плёнке, керамика точной формы), арт.3464",Шлифовальные машины для стен/потолков/пола,3464,601.88,"https://dlt.by/image/catalog/easyphoto/4530/krug-shlifovalnyy-dlt-grandflex-film-ceramic-p150-150mm-10sht-na-plenke-keramika-tochnoy-formy-art-3464-1.jpg,,,,,,,,,,,,,,,,,,,,,,,,,,,,,,,,,,,,,,,,,,,,,"
"Круг шлифовальный DLT GrandFlex FILM-CERAMIC, P180, 150мм, 10шт, (на плёнке, керамика точной формы), арт.3465",Шлифовальные машины для стен/потолков/пола,3025,601.88,"https://dlt.by/image/catalog/easyphoto/4531/krug-shlifovalnyy-dlt-grandflex-film-ceramic-p220-150mm-10sht-na-plenke-keramika-tochnoy-formy-art-3465-1.jpg,,,,,,,,,,,,,,,,,,,,,,,,,,,,,,,,,,,,,,,,,,,,,"
"Круг шлифовальный DLT GrandFlex FILM-CERAMIC PRO, P60, 225мм, 10шт, (на плёнке, керамика и оксид алюминия), арт.3483",Шлифовальные машины для стен/потолков/пола,3483,0.00,"https://dlt.by/image/catalog/easyphoto/4532/krug-shlifovalnyy-dlt-grandflex-film-ceramic-p80-225mm-10sht-na-plenke-keramika-tochnoy-formy-art-3007-1.png,,,,,,,,,,,,,,,,,,,,,,,,,,,,,,,,,,,,,,,,,,,,,"
"Круг шлифовальный DLT GrandFlex FILM-CERAMIC PRO, P80, 225мм, 10шт, (на плёнке, керамика и оксид алюминия), арт.3484",Шлифовальные машины для стен/потолков/пола,3484,0.00,"https://dlt.by/image/catalog/easyphoto/4532/krug-shlifovalnyy-dlt-grandflex-film-ceramic-p80-225mm-10sht-na-plenke-keramika-tochnoy-formy-art-3007-1.png,,,,,,,,,,,,,,,,,,,,,,,,,,,,,,,,,,,,,,,,,,,,,"
"Круг шлифовальный DLT GrandFlex FILM-CERAMIC PRO, P120, 225мм, 10шт, (на плёнке, керамика и оксид алюминия), арт.3485",Шлифовальные машины для стен/потолков/пола,3485,0.00,"https://dlt.by/image/catalog/easyphoto/4532/krug-shlifovalnyy-dlt-grandflex-film-ceramic-p80-225mm-10sht-na-plenke-keramika-tochnoy-formy-art-3007-1.png,,,,,,,,,,,,,,,,,,,,,,,,,,,,,,,,,,,,,,,,,,,,,"
"Круг шлифовальный DLT GrandFlex FILM-CERAMIC PRO, P150, 225мм, 10шт, (на плёнке, керамика и оксид алюминия), арт.3486",Шлифовальные машины для стен/потолков/пола,3486,0.00,"https://dlt.by/image/catalog/easyphoto/4532/krug-shlifovalnyy-dlt-grandflex-film-ceramic-p80-225mm-10sht-na-plenke-keramika-tochnoy-formy-art-3007-1.png,,,,,,,,,,,,,,,,,,,,,,,,,,,,,,,,,,,,,,,,,,,,,"
"Круг шлифовальный DLT GrandFlex FILM-CERAMIC PRO, P180, 225мм, 10шт, (на плёнке, керамика и оксид алюминия), арт.3487",Шлифовальные машины для стен/потолков/пола,3487,0.00,"https://dlt.by/image/catalog/easyphoto/4532/krug-shlifovalnyy-dlt-grandflex-film-ceramic-p80-225mm-10sht-na-plenke-keramika-tochnoy-formy-art-3007-1.png,,,,,,,,,,,,,,,,,,,,,,,,,,,,,,,,,,,,,,,,,,,,,"
"Шлифовальный лист в рулоне DLT GrandFlex FILM-ROLL PRO, P80, 110мм*12м, (на пленке, керамика и оксид алюминия), арт.3479",Малярный и штукатурный инструмент>Абразивные материалы>Шлифовальные листы,3479,0.00,"https://dlt.by/image/catalog/easyphoto/4538/shlifovalnyy-list-v-rulone-dlt-grandflex-film-roll-pro-p80-110mm-12m-na-plenke-keramika-i-oksid-alyuminiya-art-3479-1.jpg,,,,,,,,,,,,,,,,,,,,,,,,,,,,,,,,,,,,,,,,,,,,,"
"Шлифовальный лист в рулоне DLT GrandFlex FILM-ROLL PRO, P150, 110мм*12м, (на пленке, керамика и оксид алюминия), арт.3480",Малярный и штукатурный инструмент>Абразивные материалы>Шлифовальные листы,3480,0.00,"https://dlt.by/image/catalog/easyphoto/4538/shlifovalnyy-list-v-rulone-dlt-grandflex-film-roll-pro-p80-110mm-12m-na-plenke-keramika-i-oksid-alyuminiya-art-3479-1.jpg,,,,,,,,,,,,,,,,,,,,,,,,,,,,,,,,,,,,,,,,,,,,,"
"Шлифовальный лист в рулоне DLT GrandFlex FILM-ROLL PRO, P180, 110мм*12м, (на пленке, керамика и оксид алюминия), арт.3481",Малярный и штукатурный инструмент>Абразивные материалы>Шлифовальные листы,3481,0.00,"https://dlt.by/image/catalog/easyphoto/4538/shlifovalnyy-list-v-rulone-dlt-grandflex-film-roll-pro-p80-110mm-12m-na-plenke-keramika-i-oksid-alyuminiya-art-3479-1.jpg,,,,,,,,,,,,,,,,,,,,,,,,,,,,,,,,,,,,,,,,,,,,,"
"Шлифовальный лист в рулоне DLT GrandFlex FILM-ROLL PRO, P220, 110мм*12м, (на пленке, керамика и оксид алюминия), арт.3482",Малярный и штукатурный инструмент>Абразивные материалы>Шлифовальные листы,3482,0.00,"https://dlt.by/image/catalog/easyphoto/4538/shlifovalnyy-list-v-rulone-dlt-grandflex-film-roll-pro-p80-110mm-12m-na-plenke-keramika-i-oksid-alyuminiya-art-3479-1.jpg,,,,,,,,,,,,,,,,,,,,,,,,,,,,,,,,,,,,,,,,,,,,,"
"Треугольник шлифовальный DLT GrandFlex FILM-CERAMIC, P80, 285мм, 10шт, в упаковке (на плёнке, керамика точной формы), арт.3466",Шлифовальные машины для стен/потолков/пола>Шлифбумага треугольная>P80-100,3466,0.00,"https://dlt.by/image/catalog/easyphoto/4543/krug-shlifovalnyy-dlt-grandflex-film-ceramic-p120-225mm-10sht-na-plenke-keramika-tochnoy-formy-art-3008-1.png,,,,,,,,,,,,,,,,,,,,,,,,,,,,,,,,,,,,,,,,,,,,,"
"Треугольник шлифовальный DLT GrandFlex FILM-CERAMIC, P120, 285мм, 10шт, в упаковке (на плёнке, керамика точной формы), арт.3467",Шлифовальные машины для стен/потолков/пола>Шлифбумага треугольная>P120-150,3467,0.00,"https://dlt.by/image/catalog/easyphoto/4543/krug-shlifovalnyy-dlt-grandflex-film-ceramic-p120-225mm-10sht-na-plenke-keramika-tochnoy-formy-art-3008-1.png,,,,,,,,,,,,,,,,,,,,,,,,,,,,,,,,,,,,,,,,,,,,,"
"Треугольник шлифовальный DLT GrandFlex FILM-CERAMIC, P150, 285мм, 10шт, в упаковке (на плёнке, керамика точной формы), арт.3468",Шлифовальные машины для стен/потолков/пола>Шлифбумага треугольная>P120-150,3468,0.00,"https://dlt.by/image/catalog/easyphoto/4543/krug-shlifovalnyy-dlt-grandflex-film-ceramic-p120-225mm-10sht-na-plenke-keramika-tochnoy-formy-art-3008-1.png,,,,,,,,,,,,,,,,,,,,,,,,,,,,,,,,,,,,,,,,,,,,,"
"Треугольник шлифовальный DLT GrandFlex FILM-CERAMIC, P180, 285мм, 10шт, в упаковке (на плёнке, керамика точной формы), арт.3469",Шлифовальные машины для стен/потолков/пола>Шлифбумага треугольная >P180-220,3469,0.00,"https://dlt.by/image/catalog/easyphoto/4543/krug-shlifovalnyy-dlt-grandflex-film-ceramic-p120-225mm-10sht-na-plenke-keramika-tochnoy-formy-art-3008-1.png,,,,,,,,,,,,,,,,,,,,,,,,,,,,,,,,,,,,,,,,,,,,,"
"Треугольник шлифовальный DLT GrandFlex FILM-CERAMIC, P220, 285мм, 10шт, в упаковке (на плёнке, керамика точной формы), арт.3470",Шлифовальные машины для стен/потолков/пола>Шлифбумага треугольная>P180-220,3470,0.00,"https://dlt.by/image/catalog/easyphoto/4543/krug-shlifovalnyy-dlt-grandflex-film-ceramic-p120-225mm-10sht-na-plenke-keramika-tochnoy-formy-art-3008-1.png,,,,,,,,,,,,,,,,,,,,,,,,,,,,,,,,,,,,,,,,,,,,,"
"Треугольник шлифовальный DLT GrandFlex FILM-CERAMIC, P240, 285мм, 10шт, в упаковке (на плёнке, керамика точной формы), арт.3471",Шлифовальные машины для стен/потолков/пола>Шлифбумага треугольная>P240-320,3471,0.00,"https://dlt.by/image/catalog/easyphoto/4543/krug-shlifovalnyy-dlt-grandflex-film-ceramic-p120-225mm-10sht-na-plenke-keramika-tochnoy-formy-art-3008-1.png,,,,,,,,,,,,,,,,,,,,,,,,,,,,,,,,,,,,,,,,,,,,,"
"Треугольник шлифовальный DLT GrandFlex PURO-CERAMIC, P80, 285мм, 10шт, (на бумаге, керамика точной формы), арт.3451",Шлифовальные машины для стен/потолков/пола>Шлифбумага треугольная>P80-100,3451,0.00,"https://dlt.by/image/catalog/easyphoto/4549/krug-shlifovalnyy-dlt-grandflex-puro-ceramic-p120-225mm-10sht-na-bumage-keramika-tochnoy-formy-art-3004-1.png,,,,,,,,,,,,,,,,,,,,,,,,,,,,,,,,,,,,,,,,,,,,,"
"Треугольник шлифовальный DLT GrandFlex PURO-CERAMIC, P120, 285мм, 10шт, (на бумаге, керамика точной формы), арт.3452",Шлифовальные машины для стен/потолков/пола>Шлифбумага треугольная>P120-150,3452,0.00,"https://dlt.by/image/catalog/easyphoto/4549/krug-shlifovalnyy-dlt-grandflex-puro-ceramic-p120-225mm-10sht-na-bumage-keramika-tochnoy-formy-art-3004-1.png,,,,,,,,,,,,,,,,,,,,,,,,,,,,,,,,,,,,,,,,,,,,,"
"Треугольник шлифовальный DLT GrandFlex PURO-CERAMIC, P150, 285мм, 10шт, (на бумаге, керамика точной формы), арт.3453",Шлифовальные машины для стен/потолков/пола>Шлифбумага треугольная>P120-150,3453,0.00,"https://dlt.by/image/catalog/easyphoto/4549/krug-shlifovalnyy-dlt-grandflex-puro-ceramic-p120-225mm-10sht-na-bumage-keramika-tochnoy-formy-art-3004-1.png,,,,,,,,,,,,,,,,,,,,,,,,,,,,,,,,,,,,,,,,,,,,,"
"Треугольник шлифовальный DLT GrandFlex PURO-CERAMIC, P180, 285мм, 10шт, (на бумаге, керамика точной формы), арт.3454",Шлифовальные машины для стен/потолков/пола>Шлифбумага треугольная>P180-220,3454,0.00,"https://dlt.by/image/catalog/easyphoto/4549/krug-shlifovalnyy-dlt-grandflex-puro-ceramic-p120-225mm-10sht-na-bumage-keramika-tochnoy-formy-art-3004-1.png,,,,,,,,,,,,,,,,,,,,,,,,,,,,,,,,,,,,,,,,,,,,,"
"Треугольник шлифовальный DLT GrandFlex PURO-CERAMIC, P220, 285мм, 10шт, (на бумаге, керамика точной формы), арт.3455",Шлифовальные машины для стен/потолков/пола>Шлифбумага треугольная>P180-220,3455,0.00,"https://dlt.by/image/catalog/easyphoto/4549/krug-shlifovalnyy-dlt-grandflex-puro-ceramic-p120-225mm-10sht-na-bumage-keramika-tochnoy-formy-art-3004-1.png,,,,,,,,,,,,,,,,,,,,,,,,,,,,,,,,,,,,,,,,,,,,,"
"Треугольник шлифовальный DLT GrandFlex PURO-CERAMIC, P240, 285мм, 10шт, (на бумаге, керамика точной формы), арт.3456",Шлифовальные машины для стен/потолков/пола>Шлифбумага треугольная>P240-320,3456,0.00,"https://dlt.by/image/catalog/easyphoto/4549/krug-shlifovalnyy-dlt-grandflex-puro-ceramic-p120-225mm-10sht-na-bumage-keramika-tochnoy-formy-art-3004-1.png,,,,,,,,,,,,,,,,,,,,,,,,,,,,,,,,,,,,,,,,,,,,,"
"Треугольник шлифовальный DLT GrandFlex GOLD, P80, 285мм, 10шт, (на бумаге, оксид алюминия), арт.3489",Шлифовальные машины для стен/потолков/пола>Шлифбумага треугольная>P80-100,3489,0.00,"https://dlt.by/image/catalog/easyphoto/4555/treugolnik-shlifovalnyy-dlt-grandflex-puro-ceramic-p80-285mm-10sht-na-bumage-keramika-tochnoy-formy-art-3451-1.png,,,,,,,,,,,,,,,,,,,,,,,,,,,,,,,,,,,,,,,,,,,,,"
"Треугольник шлифовальный DLT GrandFlex GOLD, P120, 285мм, 10шт, (на бумаге, оксид алюминия), арт.3490",Шлифовальные машины для стен/потолков/пола>Шлифбумага треугольная>P120-150,3490,0.00,"https://dlt.by/image/catalog/easyphoto/4555/treugolnik-shlifovalnyy-dlt-grandflex-puro-ceramic-p80-285mm-10sht-na-bumage-keramika-tochnoy-formy-art-3451-1.png,,,,,,,,,,,,,,,,,,,,,,,,,,,,,,,,,,,,,,,,,,,,,"
"Треугольник шлифовальный DLT GrandFlex GOLD, P150, 285мм, 10шт, (на бумаге, оксид алюминия), арт.3491",Шлифовальные машины для стен/потолков/пола>Шлифбумага треугольная>P120-150,3491,0.00,"https://dlt.by/image/catalog/easyphoto/4555/treugolnik-shlifovalnyy-dlt-grandflex-puro-ceramic-p80-285mm-10sht-na-bumage-keramika-tochnoy-formy-art-3451-1.png,,,,,,,,,,,,,,,,,,,,,,,,,,,,,,,,,,,,,,,,,,,,,"
"Треугольник шлифовальный DLT GrandFlex GOLD, P180, 285мм, 10шт, (на бумаге, оксид алюминия), арт.3492",Шлифовальные машины для стен/потолков/пола>Шлифбумага треугольная>P180-220,3492,0.00,"https://dlt.by/image/catalog/easyphoto/4555/treugolnik-shlifovalnyy-dlt-grandflex-puro-ceramic-p80-285mm-10sht-na-bumage-keramika-tochnoy-formy-art-3451-1.png,,,,,,,,,,,,,,,,,,,,,,,,,,,,,,,,,,,,,,,,,,,,,"
"Треугольник шлифовальный DLT GrandFlex GOLD, P220, 285мм, 10шт, (на бумаге, оксид алюминия), арт.3493",Шлифовальные машины для стен/потолков/пола>Шлифбумага треугольная>P180-220,3493,0.00,"https://dlt.by/image/catalog/easyphoto/4555/treugolnik-shlifovalnyy-dlt-grandflex-puro-ceramic-p80-285mm-10sht-na-bumage-keramika-tochnoy-formy-art-3451-1.png,,,,,,,,,,,,,,,,,,,,,,,,,,,,,,,,,,,,,,,,,,,,,"
"Треугольник шлифовальный DLT GrandFlex GOLD, P240, 285мм, 10шт, (на бумаге, оксид алюминия), арт.3494",Шлифовальные машины для стен/потолков/пола>Шлифбумага треугольная>P240-320,3494,0.00,"https://dlt.by/image/catalog/easyphoto/4555/treugolnik-shlifovalnyy-dlt-grandflex-puro-ceramic-p80-285mm-10sht-na-bumage-keramika-tochnoy-formy-art-3451-1.png,,,,,,,,,,,,,,,,,,,,,,,,,,,,,,,,,,,,,,,,,,,,,"
"Безвоздушный покрасочный аппарат HYVST EPT 450TX, арт.3409",Окрасочные аппараты и аксессуары>Окрасочные аппараты ,3409,0.00,"https://dlt.by/image/catalog/easyphoto/4561/bezvozdushnyy-pokrasochnyy-apparat-hyvst-ept-450tx-art-3409-8.jpg,,,,,,,,,,,,,,,,,,,,,,,,,,,,,,,,,,,,,,,,,,,,,"
"Безвоздушный покрасочный аппарат HYVST EPT 7300, арт.3410",Окрасочные аппараты и аксессуары>Окрасочные аппараты ,3410,0.00,"https://dlt.by/image/catalog/easyphoto/4562/bezvozdushnyy-pokrasochnyy-apparat-hyvst-ept-450tx-art-3409-1.jpg,,,,,,,,,,,,,,,,,,,,,,,,,,,,,,,,,,,,,,,,,,,,,"
"Безвоздушный покрасочный аппарат HYVST SPT 1050L, арт.3412",Окрасочные аппараты и аксессуары>Окрасочные аппараты ,3412,0.00,"https://dlt.by/image/catalog/easyphoto/4563/bezvozdushnyy-pokrasochnyy-apparat-hyvst-spt-1050l-art-3412-12.jpg,,,,,,,,,,,,,,,,,,,,,,,,,,,,,,,,,,,,,,,,,,,,,"
"Алмазный диск BIHUI B-MOSAIC, 115мм, арт.DCDC115",Алмазная оснастка>Алмазные диски>Алмазные диски по керамике/керамограниту/граниту/мрамору,DCDC115,0.00,"https://dlt.by/image/catalog/easyphoto/4564/almaznyy-disk-bihui-b-mosaic-125mm-art-dcdc125-6.jpg,,,,,,,,,,,,,,,,,,,,,,,,,,,,,,,,,,,,,,,,,,,,,"
"Алмазный диск BIHUI B-MASTER, 115мм, арт.DCDA115",Алмазная оснастка>Алмазные диски>Алмазные диски по керамике/керамограниту/граниту/мрамору,DCDA115,0.00,"https://dlt.by/image/catalog/easyphoto/4565/almaznyy-disk-bihui-b-master-125mm-art-dcda125-2.jpg,,,,,,,,,,,,,,,,,,,,,,,,,,,,,,,,,,,,,,,,,,,,,"
"Алмазный диск BIHUI THIN TURBO, 115мм, арт.DCBT5",Алмазная оснастка>Алмазные диски>Алмазные диски по керамике/керамограниту/граниту/мрамору,DCBT115,0.00,"https://dlt.by/image/catalog/tovar/almdiskbihb/disk_wandeli_125/1.jpg,,,,,,,,,,,,,,,,,,,,,,,,,,,,,,,,,,,,,,,,,,,,,"
"Алмазная коронка по стеклу и керамике BIHUI (гальваническая алмазная коронка), 27мм, арт.DBW27",Алмазная оснасткаАлмазные коронки для плитки,DBW27,0.00,"https://dlt.by/image/catalog/easyphoto/4567/almaznaya-koronka-po-steklu-i-keramike-bihui-galvanicheskaya-almaznaya-koronka-25mm-art-dbw25-1.jpg,,,,,,,,,,,,,,,,,,,,,,,,,,,,,,,,,,,,,,,,,,,,,"
"Алмазная коронка по стеклу и керамике BIHUI (гальваническая алмазная коронка), 30мм, арт.DBW30",Алмазная оснастка>Алмазные коронки для плитки>Алмазные коронки для плитки и стекла (гальваника),DBW30,0.00,"https://dlt.by/image/catalog/easyphoto/4567/almaznaya-koronka-po-steklu-i-keramike-bihui-galvanicheskaya-almaznaya-koronka-25mm-art-dbw25-1.jpg,,,,,,,,,,,,,,,,,,,,,,,,,,,,,,,,,,,,,,,,,,,,,"
"Коронка алмазная по керамограниту BIHUI на дрель, 7 мм (вакуумная пайка), арт.DBDQ07",Алмазная оснастка>Алмазные коронки для плитки,DBDQ07,0.00,"https://dlt.by/image/catalog/easyphoto/4570/koronka-almaznaya-po-keramogranitu-bihui-7mm-vakuumnaya-payka-art-dbdf07-1.jpg,,,,,,,,,,,,,,,,,,,,,,,,,,,,,,,,,,,,,,,,,,,,,"
"Коронка алмазная по керамограниту BIHUI на дрель, 8 мм (вакуумная пайка), арт.DBDQ08",Алмазная оснастка>Алмазные коронки для плитки,DBDQ08,0.00,"https://dlt.by/image/catalog/easyphoto/4570/koronka-almaznaya-po-keramogranitu-bihui-7mm-vakuumnaya-payka-art-dbdf07-1.jpg,,,,,,,,,,,,,,,,,,,,,,,,,,,,,,,,,,,,,,,,,,,,,"
"Коронка алмазная по керамограниту BIHUI на дрель, 10 мм (вакуумная пайка), арт.DBDQ10",Алмазная оснастка>Алмазные коронки для плитки,DBDQ10,0.00,"https://dlt.by/image/catalog/easyphoto/4570/koronka-almaznaya-po-keramogranitu-bihui-7mm-vakuumnaya-payka-art-dbdf07-1.jpg,,,,,,,,,,,,,,,,,,,,,,,,,,,,,,,,,,,,,,,,,,,,,"
"Коронка алмазная по керамограниту BIHUI на дрель, 12 мм (вакуумная пайка), арт.DBDQ12",Алмазная оснастка>Алмазные коронки для плитки,DBDQ12,0.00,"https://dlt.by/image/catalog/easyphoto/4570/koronka-almaznaya-po-keramogranitu-bihui-7mm-vakuumnaya-payka-art-dbdf07-1.jpg,,,,,,,,,,,,,,,,,,,,,,,,,,,,,,,,,,,,,,,,,,,,,"
"Разметочный шнур 30м BIHUI, арт.CTCKLNR",Бренды>BIHUI Tools Инструмент для укладки плитки Бихуэй (бихуй),CTCKLNR,0.00,"https://dlt.by/image/catalog/easyphoto/4574/razmetochnyy-shnur-30m-s-melom-bihui-art-ctcakk2-1.jpg,,,,,,,,,,,,,,,,,,,,,,,,,,,,,,,,,,,,,,,,,,,,,"
"Мел для разметочного шнура BIHUI 225 гр, синий, арт.CTCHALK",Бренды>BIHUI Tools Инструмент для укладки плитки Бихуэй (бихуй),CTCHALK,0.00,"https://dlt.by/image/catalog/easyphoto/4575/razmetochnyy-shnur-30m-bihui-art-ctcklnr-1.jpg,,,,,,,,,,,,,,,,,,,,,,,,,,,,,,,,,,,,,,,,,,,,,"
"Губка строительная для затирки BIHUI 280 * 140 * 30 мм, цельная, арт.CFHSW11",Плиткорезы ручные,CFHSW11,0.00,"https://dlt.by/image/catalog/tovar/ubgubka/new/1.jpg,,,,,,,,,,,,,,,,,,,,,,,,,,,,,,,,,,,,,,,,,,,,,"
"Губка строительная для затирки BIHUI 185 * 110 * 54 мм, целлюлозная, арт.CFCS180",Плиткорезы ручные,CFCS180,0.00,"https://dlt.by/image/catalog/easyphoto/4577/gubka-stroitelnaya-dlya-zatirki-bihui-tsellyuloznaya-art-cfcs165-1.jpg,,,,,,,,,,,,,,,,,,,,,,,,,,,,,,,,,,,,,,,,,,,,,"
"Майка BIHUI, арт.BPG15XL",Бренды>BIHUI Tools Инструмент для укладки плитки Бихуэй (бихуй),BPG15XL,0.00,"https://dlt.by/image/catalog/easyphoto/4358/dorozhnyy-chemodan-bihui-art-bpg01-1.jpg,,,,,,,,,,,,,,,,,,,,,,,,,,,,,,,,,,,,,,,,,,,,,"
"Майка BIHUI, арт.BPG15M",Бренды>BIHUI Tools Инструмент для укладки плитки Бихуэй (бихуй),BPG15M,0.00,"https://dlt.by/image/catalog/easyphoto/4358/dorozhnyy-chemodan-bihui-art-bpg01-1.jpg,,,,,,,,,,,,,,,,,,,,,,,,,,,,,,,,,,,,,,,,,,,,,"
"Инструмент для снятия СВП от BIHUI, арт.BLSRR",Бренды>BIHUI Tools Инструмент для укладки плитки Бихуэй (бихуй),BLSRR,0.00,"https://dlt.by/image/catalog/easyphoto/4580/nabor-svp-bihui-klin-zazhim-shchiptsy-1-5mm-100sht-art-blsk2-2.jpg,,,,,,,,,,,,,,,,,,,,,,,,,,,,,,,,,,,,,,,,,,,,,"
"Запасные трубки пылесоса BIHUI, арт.VCH30-08",Запчасти,VCH30-08,0.00,"https://dlt.by/image/catalog/easyphoto/4581/zapasnoy-shlang-dlya-pylesosa-bihui-art-vch30-01-1.jpg,,,,,,,,,,,,,,,,,,,,,,,,,,,,,,,,,,,,,,,,,,,,,"
"Запасная насадка пылесоса BIHUI, щелевая, арт.VCH30-06",Запчасти,VCH30-06,0.00,"https://dlt.by/image/catalog/easyphoto/4582/zapasnye-trubki-pylesosa-bihui-art-vch30-08-1.jpg,,,,,,,,,,,,,,,,,,,,,,,,,,,,,,,,,,,,,,,,,,,,,"
"Запасная насадка пылесоса BIHUI, круглая с ворсом, арт.VCH30-05",Запчасти,VCH30-05,0.00,"https://dlt.by/image/catalog/easyphoto/4583/zapasnye-trubki-pylesosa-bihui-art-vch30-08-1.jpg,,,,,,,,,,,,,,,,,,,,,,,,,,,,,,,,,,,,,,,,,,,,,"
"Запасная насадка пылесоса BIHUI, мебельная, арт.VCH30-04",Запчасти,VCH30-04,0.00,"https://dlt.by/image/catalog/easyphoto/4584/zapasnye-trubki-pylesosa-bihui-art-vch30-08-1.jpg,,,,,,,,,,,,,,,,,,,,,,,,,,,,,,,,,,,,,,,,,,,,,"
"Запасная насадка пылесоса BIHUI, универсальная, арт.VCH30-03",Запчасти,VCH30-03,0.00,"https://dlt.by/image/catalog/easyphoto/4585/zapasnye-trubki-pylesosa-bihui-art-vch30-08-1.jpg,,,,,,,,,,,,,,,,,,,,,,,,,,,,,,,,,,,,,,,,,,,,,"
"Запасной пластиковый штуцер для электрического плиткореза BIHUI, арт.TCSA1200-18",Запчасти,TCSA1200-18,0.00,"https://dlt.by/image/catalog/easyphoto/3473/zapasnaya-vspomogatelnaya-plata-upravleniya-dlya-plitkoreza-bihui-art-tcsa1200-05-3.jpg,,,,,,,,,,,,,,,,,,,,,,,,,,,,,,,,,,,,,,,,,,,,,"
"Запасной крепеж кабель-канала для электрического плиткореза BIHUI, арт.TCSA1200-15",Запчасти>Плиткорезы электрические>BIHUI арт.TCSA,TCSA1200-15,0.00,",,,,,,,,,,,,,,,,,,,,,,,,,,,,,,,,,,,,,,,,,,,,,"
"Плиткорез механический BIHUI рез до 1650мм, арт.TCC1650",Плиткорезы ручные>Плиткорезы BIHUI,TCC1650 ,0.00,"https://dlt.by/image/catalog/easyphoto/4065/plitkorez-mehanicheskiy-bihui-1200mm-art-tcc1200-2.jpg,,,,,,,,,,,,,,,,,,,,,,,,,,,,,,,,,,,,,,,,,,,,,"
"Ручной поршень для помповой присоски BIHUI, арт.SCVU8-PG",Запчасти>Присоски ручные,SCVU8-PG,0.00,"https://dlt.by/image/catalog/easyphoto/3401/zapasnoy-porshen-prisoski-dlt-vst-60-dlya-relefnoy-plitki-6-dyuymov-2.jpg,,,,,,,,,,,,,,,,,,,,,,,,,,,,,,,,,,,,,,,,,,,,,"
"Гребенка BIHUI 280*115 мм, зуб 12 мм, арт.PTSS12",Плиткорезы ручные,PTSS12,0.00,"https://dlt.by/image/catalog/easyphoto/4383/grebenka-bihui-280-115-mm-zub-6-mm-art-ptss06-2.jpg,,,,,,,,,,,,,,,,,,,,,,,,,,,,,,,,,,,,,,,,,,,,,"
"Гребенка BIHUI 280*115 мм, зуб 10 мм, арт.PTSS10",Плиткорезы ручные,PTSS10,0.00,"https://dlt.by/image/catalog/easyphoto/4383/grebenka-bihui-280-115-mm-zub-6-mm-art-ptss06-2.jpg,,,,,,,,,,,,,,,,,,,,,,,,,,,,,,,,,,,,,,,,,,,,,"
"Гребенка BIHUI 280*115 мм, зуб 8 мм, арт.PTSS08",Плиткорезы ручные,PTSS08,0.00,"https://dlt.by/image/catalog/easyphoto/4383/grebenka-bihui-280-115-mm-zub-6-mm-art-ptss06-2.jpg,,,,,,,,,,,,,,,,,,,,,,,,,,,,,,,,,,,,,,,,,,,,,"
"Запасное лезвие для набора гребенок BIHUI 280*115 мм, зуб ""Тигровый коготь"", арт.PTSJTG",Бренды>BIHUI Tools Инструмент для укладки плитки Бихуэй (бихуй),PTSJTG,0.00,"https://dlt.by/image/catalog/easyphoto/4594/zapasnoe-lezvie-dlya-nabora-grebenok-bihui-280-115-mm-u-obraznyy-zub-20mm-art-ptsj20-2.jpg,,,,,,,,,,,,,,,,,,,,,,,,,,,,,,,,,,,,,,,,,,,,,"
"Запасное лезвие для набора гребенок BIHUI 480*130 мм, зуб ""Тигровый коготь"", арт.PTSJLTG",Бренды>BIHUI Tools Инструмент для укладки плитки Бихуэй (бихуй),PTSJLTG,0.00,"https://dlt.by/image/catalog/easyphoto/4595/zapasnoe-lezvie-dlya-nabora-grebenok-bihui-280-115-mm-zub-tigrovyy-kogot-art-ptsjtg-1.jpg,,,,,,,,,,,,,,,,,,,,,,,,,,,,,,,,,,,,,,,,,,,,,"
"Запасное лезвие для набора гребенок BIHUI 480*130 мм, зуб 6 мм, арт.PTSJL06",Бренды>BIHUI Tools Инструмент для укладки плитки Бихуэй (бихуй),PTSJL06,0.00,"https://dlt.by/image/catalog/easyphoto/4596/zapasnoe-lezvie-dlya-nabora-grebenok-bihui-480-130-mm-zub-tigrovyy-kogot-art-ptsjltg-1.jpg,,,,,,,,,,,,,,,,,,,,,,,,,,,,,,,,,,,,,,,,,,,,,"
"Запасное лезвие для набора гребенок BIHUI 280*115 мм, наклонный зуб 12 мм, арт.PTSJDG",Бренды>BIHUI Tools Инструмент для укладки плитки Бихуэй (бихуй),PTSJDG,0.00,"https://dlt.by/image/catalog/easyphoto/1833/zapasnoe-lezvie-dlya-nabora-grebenok-bihui-naklonnyy-zub-10mm-art-ptsjsn-5.jpg,,,,,,,,,,,,,,,,,,,,,,,,,,,,,,,,,,,,,,,,,,,,,"
"Запасное лезвие для набора гребенок BIHUI 280*115 мм, зуб 3 мм, арт.PTSJ03",Бренды>BIHUI Tools Инструмент для укладки плитки Бихуэй (бихуй),PTSJ03 ,0.00,"https://dlt.by/image/catalog/easyphoto/1829/zapasnoe-lezvie-dlya-nabora-grebenok-bihui-6mm-art-ptsj06-4.jpg,,,,,,,,,,,,,,,,,,,,,,,,,,,,,,,,,,,,,,,,,,,,,"
"Гребенка из нерж. стали BIHUI 280*120 мм, зуб 6 мм, арт.PTSB06",Плиткорезы ручные,PTSB06,0.00,"https://dlt.by/image/catalog/tovar/zubchshp/8_mm/new_8/1.jpg,,,,,,,,,,,,,,,,,,,,,,,,,,,,,,,,,,,,,,,,,,,,,"
"Гребенка из нерж. стали BIHUI 280*120 мм, зуб 6 мм, арт.PTSB04",Плиткорезы ручные,PTSB04,0.00,"https://dlt.by/image/catalog/tovar/zubchshp/8_mm/new_8/1.jpg,,,,,,,,,,,,,,,,,,,,,,,,,,,,,,,,,,,,,,,,,,,,,"
"Гребенка из нерж. стали BIHUI 280*120 мм, зуб 3 мм, арт.PTSB03",Плиткорезы ручные,PTSB03,0.00,"https://dlt.by/image/catalog/tovar/zubchshp/8_mm/new_8/1.jpg,,,,,,,,,,,,,,,,,,,,,,,,,,,,,,,,,,,,,,,,,,,,,"
"Шпатель малярный BIHUI 25 см, h-образный, сменное лезвие 0.3 мм, арт.PTKJ25",Бренды>BIHUI Tools Инструмент для укладки плитки Бихуэй (бихуй),PTKJ25,0.00,"https://dlt.by/image/catalog/easyphoto/4602/malyarnyy-shpatel-rollingdog-25sm-smennoe-lezvie-seriya-elite-art-50516-4.jpg,,,,,,,,,,,,,,,,,,,,,,,,,,,,,,,,,,,,,,,,,,,,,"
"Запасное основание чаши для присоски BIHUI, арт.LFTBS-RB",Запчасти>Присоски вибро>BIHUI,LFTBS-RB,0.00,"https://dlt.by/image/catalog/easyphoto/3985/zapasnoe-osnovanie-chashi-dlya-prisoski-bihui-art-lftba-rb-3.jpg,,,,,,,,,,,,,,,,,,,,,,,,,,,,,,,,,,,,,,,,,,,,,"
"Запасной кожух статора для УШМ BIHUI, арт.AG1200-37",Запчасти,AG1200-37,0.00,",,,,,,,,,,,,,,,,,,,,,,,,,,,,,,,,,,,,,,,,,,,,,"
"Запасной винт крепления угольных щеток для УШМ BIHUI, арт.AG1200-40",Запчасти,AG1200-40,0.00,",,,,,,,,,,,,,,,,,,,,,,,,,,,,,,,,,,,,,,,,,,,,,"
"Запасной кнопочный переключатель для УШМ BIHUI, арт.AG1200-43",Запчасти,AG1200-43,0.00,",,,,,,,,,,,,,,,,,,,,,,,,,,,,,,,,,,,,,,,,,,,,,"
"Запасная клавиша включения для УШМ BIHUI, арт.AG1200-44",Запчасти,AG1200-44,0.00,",,,,,,,,,,,,,,,,,,,,,,,,,,,,,,,,,,,,,,,,,,,,,"
"Запасной каркас (тяга) кнопки включения для УШМ BIHUI, арт.AG1200-45",Запчасти,AG1200-45,0.00,",,,,,,,,,,,,,,,,,,,,,,,,,,,,,,,,,,,,,,,,,,,,,"
"Запасной регулятор оборотов для УШМ BIHUI, арт.AG1200-48",Запчасти,AG1200-48,0.00,",,,,,,,,,,,,,,,,,,,,,,,,,,,,,,,,,,,,,,,,,,,,,"
"Запасная боковая рукоятка для УШМ BIHUI, арт.AG1200-55",Запчасти,,0.00,",,,,,,,,,,,,,,,,,,,,,,,,,,,,,,,,,,,,,,,,,,,,,"
"Губка двухсторонняя строительная для затирки BIHUI 190 * 120 * 50 мм, арт.CFHM190", Бренды>BIHUI Tools Инструмент для укладки плитки Бихуэй (бихуй),CFHM190,0.00,"https://dlt.by/image/catalog/easyphoto/4611/gubka-dvuhstoronnyaya-stroitelnaya-dlya-zatirki-bihui-180-110-65-mm-art-cfhc180-1.jpg,,,,,,,,,,,,,,,,,,,,,,,,,,,,,,,,,,,,,,,,,,,,,"
"Запасная крышка корпуса статора для шлифмашины BIHUI, арт.CG1900-64",Запчасти>Шлифмашина по бетону BIHUI,CG1900-64,0.00,",,,,,,,,,,,,,,,,,,,,,,,,,,,,,,,,,,,,,,,,,,,,,"
"Запасные фиксаторы для системы выравнивания плитки (СВП) BIHUI 25шт, арт.SLC250",Система выравнивания плитки (СВП)>СВП BIHUI,SLC250,0.00,"https://dlt.by/image/catalog/easyphoto/3201/zapasnye-fiksatory-dlya-sistemy-vyravnivaniya-plitki-svp-bihui-100sht-art-slc100-4.jpg,,,,,,,,,,,,,,,,,,,,,,,,,,,,,,,,,,,,,,,,,,,,,"
"Кейс для инструментов Tactix, арт.320390",Уцененные товары,320390 (Tactix)(ycenka),4 514.13,"https://dlt.by/image/catalog/tovar/320390/1.jpg,,,,,,,,,,,,,,,,,,,,,,,,,,,,,,,,,,,,,,,,,,,,,"