Артикул,Наименование,Описание,Родительская категория>Подкатегория>Подподкатегория,"Розничнаяцена₽
(ЦЕНАИЗТАБЛИЦ)",Остаток,Картинки
TDBM,Адаптер для отвода пыли (пылеуловитель) BIHUI,"Адаптер для отвода пыли при засыпке сухих смесей в емкость (пылеуловитель) BIHUI. Существенно сокращает пыление, чем не только сохраняет чистоту на объекте, но и бережет здоровье мастера. При использовании большой емкости рекомендуется использовать два таких адаптера, соединённых между собой тройником (тройник в комплект не входит). Пылеуловитель поставляется в комплекте с адаптером для пылесосов.

Данный адаптер полный аналог адаптера COLLOMIX DUST.EX который к слову стоит в 3,5 раза дороже.",Инструмент для укладки плитки>Кожухи для УШМ. Пылеуловители. Кондукторы.>Адаптеры и аксессуары,1450,2,https://stroitelnyiexpert.ru/wp-content/uploads/2025/04/Pyleulovitel_1-scaled.jpg
DBAMH,Адаптер-переходник BIHUI с гайки М14 на дрель,"Адаптер-переходник BIHUI для установки шлифовальных тарелок, алмазных коронок и фрез для УШМ на дрель. Изготовлен из углеродистой стали.

ВАЖНО! Имеет не трубчатую, а шестигранную форму, что предотвращает проворачивание переходника в патроне дрели.",Алмазная оснастка>Алмазные коронки для плитки>Аксессуары для алмазных коронок,650,,"https://stroitelnyiexpert.ru/wp-content/uploads/2025/04/Studio-Session-181-scaled.jpg,https://stroitelnyiexpert.ru/wp-content/uploads/2025/04/Studio-Session-179-scaled.jpg,https://stroitelnyiexpert.ru/wp-content/uploads/2025/04/Studio-Session-177.jpg"
287,Адаптер-переходник DLT с гайки М14 на дрель,"Адаптер-переходник для установки шлифовальных тарелок, алмазных коронок и фрез для УШМ на дрель. Изготовлен из углеродистой стали.

ВАЖНО! Имеет не трубчатую, а шестигранную форму, что предотвращает проворачивание переходника в патроне дрели.",Алмазная оснастка>Алмазные коронки для плитки,750,1,"https://stroitelnyiexpert.ru/wp-content/uploads/2025/04/Adapter_1-scaled.jpg,https://stroitelnyiexpert.ru/wp-content/uploads/2025/04/Adapter_2-scaled.jpg,https://stroitelnyiexpert.ru/wp-content/uploads/2025/04/Adapter_3-scaled.jpg,https://stroitelnyiexpert.ru/wp-content/uploads/2025/04/Seans-v-studii-167-scaled.jpg,https://stroitelnyiexpert.ru/wp-content/uploads/2025/04/Seans-v-studii-164-scaled.jpg,https://stroitelnyiexpert.ru/wp-content/uploads/2025/04/Seans-v-studii-165-scaled.jpg"
635,Алмаз гиб шлиф круг DLT №3 #100 сверхгиб,"АГШК DLT №3 - премиум черепашка, которая дает высокое качество полировки. Ультра-мягкая, достаточно небольших усилий, чтобы свернуть ее в трубочку, что делает ее идеальной для работы по неровным поверхностям, были разработаны специально для сухой полировки искусственного и натурального камня, в особенности керамогранита, мрамора и гранита. Эти сверхпрочные алмазные гибкие диски имеют высокий ресурс использования и гарантируют высокое качество финишной обработки. Специальный связующий компонент на основе термостойкой износоустойчивой керамики и алмазного порошка способен без труда полировать керамогранит, гранит, бетон, мрамор, искусственный камень и другие материалы.",Инструмент для укладки плитки>Круг алмазный гибкий шлифовальный>АГШК #100,950,5,"https://stroitelnyiexpert.ru/wp-content/uploads/2025/04/Studio-Session-214-1.jpg,https://stroitelnyiexpert.ru/wp-content/uploads/2025/04/Studio-Session-213-scaled.jpg,https://stroitelnyiexpert.ru/wp-content/uploads/2025/04/Studio-Session-214-scaled.jpg,https://stroitelnyiexpert.ru/wp-content/uploads/2025/04/Studio-Session-214-2-scaled.jpg"
634,Алмаз гиб шлиф круг DLT №3 #50 сверхгиб,"Сверхгибкие черепашки DLT №3 предназначены для сухого шлифования и полирования диаметром 100мм.

АГШК DLT №3 - премиум черепашка, которая дает высокое качество полировки. Ультра-мягкая, достаточно небольших усилий, чтобы свернуть ее в трубочку, что делает ее идеальной для работы по неровным поверхностям. Были разработаны специально для сухой полировки искусственного и натурального камня, в особенности керамогранита, мрамора и гранита. Эти сверхпрочные алмазные гибкие диски имеют высокий ресурс использования и гарантируют высокое качество финишной обработки. Специальный связующий компонент на основе термостойкой износоустойчивой керамики и алмазного порошка способен без труда полировать керамогранит, гранит, бетон, мрамор, искусственный камень и другие материалы.",Инструмент для укладки плитки>Круг алмазный гибкий шлифовальный>АГШК #50-60,950,5,"https://stroitelnyiexpert.ru/wp-content/uploads/2025/04/Studio-Session-211-scaled.jpg,https://stroitelnyiexpert.ru/wp-content/uploads/2025/04/Studio-Session-212-1.jpg,https://stroitelnyiexpert.ru/wp-content/uploads/2025/04/Studio-Session-212-2-scaled.jpg,https://stroitelnyiexpert.ru/wp-content/uploads/2025/04/Studio-Session-212-scaled.jpg"
1419,Алмаз чашка DLT 125мм,"     ВАЖНО!!! Шлифовальный диск DLT FAN Standard и DLT FAN TOP отличаются структурой алмазных сегментов в связи с этим ресурс фрезы DLT FAN TOP почти в два раза превосходит FAN Standard.
     Шлифовальный диск (алмазная фреза) DLT FAN TOP предназначена для шлифовки поверхностей из бетона, в частности используется для стен и полов. Фреза наиболее часто используется для удаления наплывов из бетона, выщерблин на бетонных поверхностях или для зачистки поверхности от битумных слоёв, эпоксидных смол, краски или просто для выравнивания рабочей поверхности. Применяется фреза, как для сухой, так и для мокрой шлифовки поверхности. Каждая фреза DLT проходит дополнительно ряд проверок на дисбаланс для комфортной и эффективной работы.
     За счет специально разработанной формы алмазного сегмента, выполненного в виде буквы L (бумеранг), позволяет максимально эффективно отводить шлам с рабочей площади и увеличивает степень охлаждения фрезы, за счет чего чашкой можно работать до 11500 об. /мин, что в свою очередь приводит к достаточно высокой скорости работы.
      Алмазная фреза DLT FAN предназначена для использования на УШМ со стандартным посадочным отверстием Ø22,2мм.
     Алмазные сегменты крепятся к стальной основе лазерной сваркой - наиболее эффективной и прочной техникой крепления.",Алмазная оснастка>Алмазные диски>Чашки алмазные шлифовальные (алмазные фрезы),2750,2,"https://stroitelnyiexpert.ru/wp-content/uploads/2025/04/10_3-scaled.jpg,https://stroitelnyiexpert.ru/wp-content/uploads/2025/04/10_2-scaled.jpg,https://stroitelnyiexpert.ru/wp-content/uploads/2025/04/10_1-scaled.jpg"
1484,"Алмазная конусная фреза DLT CЕRAMIC CONE PRO, 0-50мм","DLT CERAMIC CONE PRO – фреза алмазная конусная (сверло шарошка алмазное коническое) повышенной износостойкости способна растачивать отверстия от 0мм до 50мм. Используется для увеличения диаметра отверстий в керамограните, граните, мраморе, твердой керамике с подшлифовкой боковой рабочей поверхности. Благодаря конусовидной форме, легко снимает фаску на неровных краях отверстий. Снижает напряжение и риск растрескивания широкоформатной плитки после просверливания. Также используется для снятия фаски и сглаживания краёв отверстий. Благодаря ей, можно сделать практически идеальное отверстие без сколов. Внимание! Эта не фреза для бурения, она не делает отверстия в плитке, а только их обрабатывает и растачивает.

Фреза не требуют охлаждения водой, так как охлаждается воздухом, поток которого создает УШМ на высоких оборотах 10 000-14 000об/мин, и можно ими работать на максимальных оборотах с любыми материалами. Соединение М14. Фреза предназначена для использования с УШМ. Помните! – от того, на сколько правильно Вы используете алмазное оборудование, будет зависеть количество и качество отверстий, просверленных этими коронками.

Напайка толщиной 1мм, что позволяет легко растачивать отверстия в керамограните.

Высококачественные алмазные конусные фрезы DLT CERAMIC CONE PRO специально разработаны и предназначены для растачивания и обработки отверстий в керамограните и керамической плитке с помощью угловой шлифовальной машины. Также их можно применять по множеству других материалов: бетон, железобетон, кирпич, шифер, ЦСП, любой натуральный камень, сталь,  чугун, рельсовая сталь, любой твердосплав ВК и ТК (например – «победит»). Фрезой DLT CERAMIC CONE PRO можно расточить даже броню танка (это не шутка!).

Фреза предназначена для работы с УШМ (болгаркой) при максимальных оборотах, что обеспечивает охлаждение воздухом, а также через переходник с дрелью или шуроповертом, НО!, так как обороты у дрелей низкие и воздушный поток создается незначительный, - давайте фрезе остывать.

Алмазные конусные фрезы DLT CERAMIC CONE PRO производятся по технологии  ВЖС (Вакуумно-жидкостного спекания), что обеспечивает расположение алмазов вплотную друг к другу по всему объему алмазоносного слоя. Благодаря этому, фрезы DLT CERAMIC CONE PRO растачивают с высочайшей скоростью и имеют большой ресурс.

Технология ВЖС (Вакуумно-жидкостного спекания) обеспечивает адгезию зерен алмаза к металлической связке сравнимую с пайкой. По сути, зерна спаяны друг с другом нано-слоем металла. Зерна алмаза не могут выпасть из металлической связки до тех пор, пока сами не разрушатся. Каждое зерно алмаза припаяно вплотную, как минимум, к трем (до девяти) соседним и нижележащим зернам. Плюс к этому высота алмазоносного слоя в десятки и сотни раз больше диаметра зерна алмаза. Этих слоев в алмазоносном слое десятки и сотни. Отработал верхний слой алмазов – вскрывается следующий. Благодаря этому, конусные алмазные фрезы DLT CERAMIC CONE PRO обладают высочайшим ресурсом.",Алмазная оснастка>Алмазные коронки для плитки>Конусные алмазные фрезы,3350,1,"https://stroitelnyiexpert.ru/wp-content/uploads/2025/04/0-50_1-1-scaled.jpg,https://stroitelnyiexpert.ru/wp-content/uploads/2025/04/0-50_2-scaled.jpg,https://stroitelnyiexpert.ru/wp-content/uploads/2025/04/0-50_3.jpg"
514,"Алмазная конусная фреза DLT CЕRAMIC CONE PRO, 3-75мм","DLT CERAMIC CONE PRO – фреза алмазная конусная (сверло шарошка алмазное коническое) повышенной износостойкости способна растачивать отверстия от 3мм до 75мм. Используется для увеличения диаметра отверстий в керамограните, граните, мраморе, твердой керамике с подшлифовкой боковой рабочей поверхности. Благодаря конусовидной форме, легко снимает фаску на неровных краях отверстий. Снижает напряжение и риск растрескивания широкоформатной плитки после просверливания. Также используется для снятия фаски и сглаживания краёв отверстий. Благодаря ей, можно сделать практически идеальное отверстие без сколов. Внимание! Эта не фреза для бурения, она не делает отверстия в плитке, а только их обрабатывает и растачивает.

Фреза не требуют охлаждения водой, так как охлаждается воздухом, поток которого создает УШМ на высоких оборотах 10 000-14 000об/мин, и можно ими работать на максимальных оборотах с любыми материалами. Соединение М14. Фреза предназначена для использования с УШМ. Помните! – от того, на сколько правильно Вы используете алмазное оборудование, будет зависеть количество и качество отверстий, просверленных этими коронками.

Напайка толщиной 1мм, что позволяет легко растачивать отверстия в керамограните.

Высококачественные алмазные конусные фрезы DLT CERAMIC CONE PRO специально разработаны и предназначены для растачивания и обработки отверстий в керамограните и керамической плитке с помощью угловой шлифовальной машины. Также их можно применять по множеству других материалов: бетон, железобетон, кирпич, шифер, ЦСП, любой натуральный камень, сталь,  чугун, рельсовая сталь, любой твердосплав ВК и ТК (например – «победит»). Фрезой DLT CERAMIC CONE PRO можно расточить даже броню танка (это не шутка!).

Фреза предназначена для работы с УШМ (болгаркой) при максимальных оборотах, что обеспечивает охлаждение воздухом, а также через переходник с дрелью или шуроповертом, НО!, так как обороты у дрелей низкие и воздушный поток создается незначительный, - давайте фрезе остывать.

Алмазные конусные фрезы DLT CERAMIC CONE PRO производятся по технологии  ВЖС (Вакуумно-жидкостного спекания), что обеспечивает расположение алмазов вплотную друг к другу по всему объему алмазоносного слоя. Благодаря этому, фрезы DLT CERAMIC CONE PRO растачивают с высочайшей скоростью и имеют большой ресурс.

Технология ВЖС (Вакуумно-жидкостного спекания) обеспечивает адгезию зерен алмаза к металлической связке сравнимую с пайкой. По сути, зерна спаяны друг с другом нано-слоем металла. Зерна алмаза не могут выпасть из металлической связки до тех пор, пока сами не разрушатся. Каждое зерно алмаза припаяно вплотную, как минимум, к трем (до девяти) соседним и нижележащим зернам. Плюс к этому высота алмазоносного слоя в десятки и сотни раз больше диаметра зерна алмаза. Этих слоев в алмазоносном слое десятки и сотни. Отработал верхний слой алмазов – вскрывается следующий. Благодаря этому, конусные алмазные фрезы DLT CERAMIC CONE PRO обладают высочайшим ресурсом.


Преимущества технологии ВЖС (Вакуумно-жидкостного спекания):

1. Концентрация алмазных зерен в 3-100 раз выше, чем в любом другом алмазном оборудовании. Это позволяет увеличить скорость выполнения операций минимум в 3 раза.

2. Алмазные зерна плотно прижаты друг к другу и работают совместно. Это существенно увеличивает динамическую и термодинамическую стойкость алмазоносного слоя.

3. Алмазные зерна припаяны металлической связкой друг к другу. Благодаря этому ресурс оборудования выше в 3-100 раз по сравнению с любым другим алмазным устройтвом.

4. Геометрия при рабочем износе изменяется со скоростью в 3-100 раз медленнее в сравнении с любыми другими аналогами. Это позволяет сократить время на перенастройку оборудования и увеличить производительность.

5. Алмазные зерна в процессе укладки располагаются плотно друг с другом, ровно по поверхности формы. Благодаря этому точность, шероховатость и в целом качество обработанной поверхности  увеличиваются в разы по сравнению с технологией порошкового спекания, и в десятки раз по сравнению с технологией гальванического спекания при одинаковой зернистости алмазного порошка.

6. Благодаря сложению пяти указанных преимуществ Вы получаете синергетический эффект.


",Алмазная оснастка>Алмазные коронки для плитки>Конусные алмазные фрезы,7400,1,"https://stroitelnyiexpert.ru/wp-content/uploads/2025/04/3-75_krasnye_1-scaled.jpg,https://stroitelnyiexpert.ru/wp-content/uploads/2025/04/3-75_krasnye_2-scaled.jpg,https://stroitelnyiexpert.ru/wp-content/uploads/2025/04/3-75_krasnye_3-scaled.jpg"
DMM20,"Алмазная коронка-фреза BIHUI, 20-40мм","Алмазные коронки фрезы BIHUI Turbo-это профессиональные алмазные коронки премиум класса, изготовленные по технологии вакуумно-жидкостного спекания, обеспечивающей высокую скорость сверления и высокий ресурс даже без использования водяного охлаждения. Алмазная коронка-фреза Bihui Turbo позволяет проводить две операции за один раз сверления и фрезерования материала за один проход одной коронкой. Идеально подходят для изготовления отверстий под смесители, сифоны и тому подобное. Предназначены для работы с УШМ (болгаркой) при максимальных оборотах, что обеспечивает охлаждение воздухом, а также через переходник с дрелью или шуруповертом но!!! Так как обороты у дрелей низкие и воздушный поток образоваться незначительный, то давайте коронкам отдохнуть или используйте дополнительное охлаждение охлаждающей водой или воском.
Коронки-фрезы BIHUI Turbo изготавливаются по технологии ВЖС (Вакуумно-жидкостного спекания), обеспечивающей расположение алмазов вплотную друг к другу по всему объему алмазоносного слоя. Благодаря этому сверлят с высокой скоростью и имеют большой ресурс.",Алмазная оснастка>Алмазные коронки для плитки>Алмазные коронки по керамограниту (вакуумная пайка),3560,1,"https://stroitelnyiexpert.ru/wp-content/uploads/2025/04/Koronka-BIHUI-20-40_1-scaled.jpg,https://stroitelnyiexpert.ru/wp-content/uploads/2025/04/Koronka-BIHUI-20-40_2-scaled.jpg,https://stroitelnyiexpert.ru/wp-content/uploads/2025/04/Koronka-BIHUI-20-40_3.jpg"
DMM35,"Алмазная коронка-фреза BIHUI, 35-55мм","Алмазные коронки фрезы BIHUI Turbo-это профессиональные алмазные коронки премиум класса, изготовленные по технологии вакуумно-жидкостного спекания, обеспечивающей высокую скорость сверления и высокий ресурс даже без использования водяного охлаждения. Алмазная коронка-фреза Bihui Turbo позволяет проводить две операции за один раз сверления и фрезерования материала за один проход одной коронкой. Идеально подходят для изготовления отверстий под смесители, сифоны и тому подобное. Предназначены для работы с УШМ (болгаркой) при максимальных оборотах, что обеспечивает охлаждение воздухом, а также через переходник с дрелью или шуруповертом но!!! Так как обороты у дрелей низкие и воздушный поток образоваться незначительный, то давайте коронкам отдохнуть или используйте дополнительное охлаждение охлаждающей водой или воском.
Коронки-фрезы BIHUI Turbo изготавливаются по технологии ВЖС (Вакуумно-жидкостного спекания), обеспечивающей расположение алмазов вплотную друг к другу по всему объему алмазоносного слоя. Благодаря этому сверлят с высокой скоростью и имеют большой ресурс.",Алмазная оснастка>Алмазные коронки для плитки>Алмазные коронки по керамограниту (вакуумная пайка),3720,,"https://stroitelnyiexpert.ru/wp-content/uploads/2025/04/Koronka-BIHUI-35-55_1-scaled.jpg,https://stroitelnyiexpert.ru/wp-content/uploads/2025/04/Koronka-BIHUI-35-55_2-scaled.jpg,https://stroitelnyiexpert.ru/wp-content/uploads/2025/04/Koronka-BIHUI-35-55_3.jpg"
DMM50,"Алмазная коронка-фреза BIHUI, 50мм","Алмазные коронки фрезы BIHUI Turbo-это профессиональные алмазные коронки премиум класса, изготовленные по технологии вакуумно-жидкостного спекания, обеспечивающей высокую скорость сверления и высокий ресурс даже без использования водяного охлаждения. Алмазная коронка-фреза Bihui Turbo позволяет проводить две операции за один раз сверления и фрезерования материала за один проход одной коронкой. Идеально подходят для изготовления отверстий под смесители, сифоны и тому подобное. Предназначены для работы с УШМ (болгаркой) при максимальных оборотах, что обеспечивает охлаждение воздухом, а также через переходник с дрелью или шуруповертом но!!! Так как обороты у дрелей низкие и воздушный поток образоваться незначительный, то давайте коронкам отдохнуть или используйте дополнительное охлаждение охлаждающей водой или воском.
Коронки-фрезы BIHUI Turbo изготавливаются по технологии ВЖС (Вакуумно-жидкостного спекания), обеспечивающей расположение алмазов вплотную друг к другу по всему объему алмазоносного слоя. Благодаря этому сверлят с высокой скоростью и имеют большой ресурс.",Алмазная оснастка>Алмазные коронки для плитки>Алмазные коронки по керамограниту (вакуумная пайка),4350,1,"https://stroitelnyiexpert.ru/wp-content/uploads/2025/04/Koronka-BIHUI-50-70_2-scaled.jpg,https://stroitelnyiexpert.ru/wp-content/uploads/2025/04/Koronka-BIHUI-50-70_1-scaled.jpg,https://stroitelnyiexpert.ru/wp-content/uploads/2025/04/Koronka-BIHUI-50-70_3.jpg"
2131,"Алмазный гибкий шлифовальный круг для гравера DLT №51, #100, 50мм","Алмазный гибкий шлифовальный круг DLT №51 применяется для сухой и мокрой шлифовки и полировки изделий из искусственного и натурального камня, керамики, стекла. Круг изготовлен на гибкой основе, имеет алмазное напыление толщиной 1.5мм  в форме ""сот"" что позволяет своевременно выводить образуемый шлак из зоны полировки тем самым не перегреваясь эффективно работать на сухую, крепится при помощи липучки. Круги отлично подходят для снятия фаски и шлифовки торцов керамогранита и керамической плитки. За счет специальной формы и диаметра 50мм  позволит использовать в труднодоступных местах. Круги обладают большим ресурсом работы, могут применяться для влажной и сухой полировки.",Алмазная оснастка>Алмазные диски>Алмазные диски для гравера,450,,https://stroitelnyiexpert.ru/wp-content/uploads/2025/04/DLT_51_100_3-scaled.jpg
2133,"Алмазный гибкий шлифовальный круг для гравера DLT №51, #400, 50мм","Алмазный гибкий шлифовальный круг DLT №51 применяется для сухой и мокрой шлифовки и полировки изделий из искусственного и натурального камня, керамики, стекла. Круг изготовлен на гибкой основе, имеет алмазное напыление толщиной 1.5мм  в форме ""сот"" что позволяет своевременно выводить образуемый шлак из зоны полировки тем самым не перегреваясь эффективно работать на сухую, крепится при помощи липучки. Круги отлично подходят для снятия фаски и шлифовки торцов керамогранита и керамической плитки. За счет специальной формы и диаметра 50мм  позволит использовать в труднодоступных местах. Круги обладают большим ресурсом работы, могут применяться для влажной и сухой полировки.",Алмазная оснастка>Алмазные диски>Алмазные диски для гравера,450,,https://stroitelnyiexpert.ru/wp-content/uploads/2025/04/DLT_51_400_3-scaled.jpg
2136,"Алмазный гибкий шлифовальный круг для гравера DLT №52, #200, 50мм","Алмазный гибкий шлифовальный круг DLT №52 применяется для сухой и мокрой шлифовки и полировки изделий из искусственного и натурального камня, керамики, стекла. Круг изготовлен на гибкой основе, имеет алмазное напыление толщиной 3мм и крепится при помощи липучки. Круги отлично подходят для снятия фаски и шлифовки торцов керамогранита и керамической плитки. За счет специальной формы и диаметра 50мм  позволит использовать в труднодоступных местах. Круги обладают большим ресурсом работы, могут применяться для влажной и сухой полировки.",Алмазная оснастка>Алмазные диски>Алмазные диски для гравера,550,,https://stroitelnyiexpert.ru/wp-content/uploads/2025/04/DLT_52_200_3-1-scaled.jpg
2137,"Алмазный гибкий шлифовальный круг для гравера DLT №52, #400, 50мм","Алмазный гибкий шлифовальный круг DLT №52 применяется для сухой и мокрой шлифовки и полировки изделий из искусственного и натурального камня, керамики, стекла. Круг изготовлен на гибкой основе, имеет алмазное напыление толщиной 3мм и крепится при помощи липучки. Круги отлично подходят для снятия фаски и шлифовки торцов керамогранита и керамической плитки. За счет специальной формы и диаметра 50мм  позволит использовать в труднодоступных местах. Круги обладают большим ресурсом работы, могут применяться для влажной и сухой полировки. ",Алмазная оснастка>Алмазные диски>Алмазные диски для гравера,450,2,https://stroitelnyiexpert.ru/wp-content/uploads/2025/04/DLT_52_400_3-scaled.jpg
1164,"Алмазный гибкий шлифовальный круг DLT №1, #400, 100мм","Черепашки DLT №1 предназначены для сухого и мокрого шлифования и полирования. Диаметр 100мм. Имеет толщину алмазного слоя 2,5мм - связка на основе алмазного порошка высшего качества и термостойкого полимерного связующего компонента. Важной особенностью данной черепашки является наличие 4 разных вида и размера рисунка на одной плоскости, что увеличивает производительности за счет снижения количества используемых переходов. Круги обладают большим ресурсом работы, могут применяться для влажной и сухой полировки. Применяется для полировки натурального и искусственного камня. Не меняет цвет самого камня.",Инструмент для укладки плитки>Круг алмазный гибкий шлифовальный>АГШК #400,950,,"https://stroitelnyiexpert.ru/wp-content/uploads/2025/04/400_2_1.jpg,https://stroitelnyiexpert.ru/wp-content/uploads/2025/04/400_2_2.jpg"
1169,"Алмазный гибкий шлифовальный круг DLT №15, #200, 100мм","Алмазные гибкие шлифовальные диски DLT №15, для сухого шлифования и полирования диаметром 100мм. Были разработаны специально для сухой полировки искусственного и натурального камня, в особенности керамогранита, мрамора и гранита.
АГШК используются на шлифовальных машинах с регулировкой оборотов до 3000 об./мин. Избыточное давление на черепашку приводит к повышенному износу. Ресурс и производительность зависят от обрабатываемого материала. Перед использованием убедитесь, что круг хорошо закреплен на липучке и не смещен относительно оси вращения. При смене АГШК отключайте электрооборудование от сети. При работе используйте средства индивидуальной защиты.

Черепашки имеют разную зернистость и соответственно используются для разных задач. Выбор гибкого шлифовального круга зависит от того, какой необходим результат. Зерно 50, 100, 200 и 400 - это именно те номера, которые нужны для работы с плиткой и камнем. Зерно 50 - для доработки керамогранита и жёсткой керамики. Зерно 100 - может заменять 50, но лучше всего подходит для мягкой керамики, так как 50 слишком грубая для мягкой глины. Зерно 200 и 400 - позволяет делать кромку как у «заводского края»,  снимать и полировать фаску на видных местах. Категорически нельзя ""перепрыгивать"" через переход или использовать их в обратной последовательности. У вас просто не получится качественно отшлифовать материал. При работе с черепашками мастер всегда должен двигаться от меньшего номера с более крупной зернистостью рабочей поверхности самого камня.",Инструмент для укладки плитки>Круг алмазный гибкий шлифовальный>АГШК #200,950,,"https://stroitelnyiexpert.ru/wp-content/uploads/2025/04/200_1_1.jpg,https://stroitelnyiexpert.ru/wp-content/uploads/2025/04/200_1_2.jpg"
1551,"Алмазный диск для гравировальной машинки DLT Slim-CERAMIK,55мм","Алмазный диск  для гравера  DLT Slim-CERAMIC используются для резки металла, стекла, керамики, бетона, дерева и других материалов. Круги изготовлены из высокоуглеродистой стали с алмазным напылением. В комплекте с диском идет оправка 6мм.",Алмазная оснастка>Алмазные диски>Алмазные диски для гравера,500,,"https://stroitelnyiexpert.ru/wp-content/uploads/2025/04/IMG_1518-scaled.jpg,https://stroitelnyiexpert.ru/wp-content/uploads/2025/04/IMG_1521-scaled.jpg,https://stroitelnyiexpert.ru/wp-content/uploads/2025/04/IMG_1520-scaled.jpg,https://stroitelnyiexpert.ru/wp-content/uploads/2025/04/IMG_1519-scaled.jpg"
1171,"Алмазный диск для штробления в бетоне,DLT №1","Алмазный круг для штробления в бетоне, DLT №1 представляет собой 2 спаянных сваркой диска диаметром 125мм и имеют посадочное место 22,2 мм. Диск позволяет делать штрабу шириной 10мм. Предназначенных для работы с УШМ с водяным охлаждением так и для сухого реза (использование водяного охлаждения ускоряет процесс резки и увеличивает срок службы диска). Макс. число оборотов 12200 /мин.

Диск существенно облегчает работу благодаря разумной системе расположения сегментов в шахматном порядке, что избавляет от выдалбливания перегородки. Экономия времени за счет фрезерования за один проход. Быстрое и удобное штробление стен из различных материалов

Высота алмазного слоя 10мм. Алмазные сегменты с оптимальным сочетанием качества, размера и концентрации алмаза, а также состава связующего вещества обеспечивают отличные режущие характеристики при максимальном сроке службы. Сегменты соединяются с корпусом лезвия с помощью сверхпрочного спекания лазером, что позволяет выполнять самые сложные работы.","Алмазная оснастка>Алмазные диски>Алмазные диски по бетону, железобетону",2850,4,"https://stroitelnyiexpert.ru/wp-content/uploads/2025/04/Disk_1_1.jpg,https://stroitelnyiexpert.ru/wp-content/uploads/2025/04/Disk_1_2.jpg,https://stroitelnyiexpert.ru/wp-content/uploads/2025/04/Disk_1_3.jpg"
1501,"Алмазный диск по бетону DLT T №21 (Turbo), 125 мм","Турбо-сегментный диск DLT №21 это универсальный диск по бетону, армированному бетону, камню, песчанику, тротуарной плитке. Помимо этого, применяется к кирпичу и граниту.
     Благодаря турбо-сегментной форме диска с увеличенной высотой алмазного слоя который составляет 16мм и плотному алмазному напылению обеспечивает быстрое, качественное выполнение работ и высокий ресурс. Диск эффективно охлаждается в закрытых кожухах и отлично подходит как диск для выполнения работ по штроблению.
      Может применяться на угловых шлифмашинах (болгарках), камнерезных станках. Эффективен как при сухой так и при резки с охлаждающей жидкостью (использование водяного охлаждения ускоряет процесс резки и увеличивает срок службы диска).","Алмазная оснастка>Алмазные диски>Алмазные диски по бетону, железобетону",680,,"https://stroitelnyiexpert.ru/wp-content/uploads/2025/04/Disk_2_1-scaled.jpg,https://stroitelnyiexpert.ru/wp-content/uploads/2025/04/Disk_2_2-scaled.jpg,https://stroitelnyiexpert.ru/wp-content/uploads/2025/04/Disk_2_3-scaled.jpg"
1483,"Алмазный диск DLT №43 (Turbo-Black), 125мм","Высококачественный алмазный диск DLT Turbo-X Black, это диск с турбированной режущей кромкой Х-типа. Х-образная режущая кромка позволяет резать без применения воды, с минимальными сколами которые легко дорабатываются черепашками или алмазными притирами. Обеспечивает точный, качественный и моментальный рез. Диск предназначен для угловых шлифовальных машин и ручных резчиков. Корпус диска, усиленный фланцем, что позволяет выдерживать нагрузку даже на твёрдом материале, придает ему повышенную прочность на изгиб, позволяет использовать его на высоких оборотах и для резки под углом 45°.

Данный диск можно описать как универсальный - любая плитка. Диск предназначен для чистовой сухой и мокрой резки твердой керамики, керамогранита, гранитной и мраморной плитки. Так же часто используется для расшивки швов. 

Диск имеет толщину кромки всего 1,3 мм. Высота алмазного слоя – 10 мм. Технология производства: горячее прессование

      ВАЖНО!!! Для уменьшения количества сколов и получения максимальной производительности рекомендуем использовать УШМ с рабочей скоростью вращения от 10000 об/мин.","Алмазная оснастка>Алмазные диски>Алмазные диски по керамике, керамограниту, граниту, мрамору",1350,8,https://stroitelnyiexpert.ru/wp-content/uploads/2025/04/Disk_4_1-scaled.jpg
1897,"Алмазный диск DLT №9 (КОРОЛЬ дисков), 115мм","Алмазный диск DLT №9 изготовлен специально для обработки утолщенного керамогранита толщиной до 25 мм. Имеет большой ресурс и высокую скорость резки. При этом создает относительно небольшие сколы, которые легко дорабатываются черепашками или алмазными притирами.
      Алмазный диск DLT №9 — это один из лучших дисков для резки керамогранита УШМ, а также на электрических высокооборотистых станках. Его уменьшенная толщина и диаметр позволяет осуществлять прямую резку на высокой скорости. Этот диск не рекомендуется для резки под углом с большой скоростью – уменьшайте скорость при заусовке!
     Этот алмазный диск сочетает в себе все хорошее в турбо-диске с преимуществами алмазной полосы, специально разработанной для снижения внутреннего напряжения обрабатываемого материала и уменьшение сколов.
     Корпус диска, усиленный фланцем, что позволяет выдерживать нагрузку даже на твёрдом материале, придает ему повышенную прочность на изгиб, позволяет использовать его на высоких оборотах под прямым углом. Также можно использовать для резки под углом 45° при большой скорости резки. Для заусовки уменьшайте скорость подачи диска по материалу.
     Технология производства: горячее прессование.","Алмазная оснастка>Алмазные диски>Алмазные диски по керамике, керамограниту, граниту, мрамору",1550,4,https://stroitelnyiexpert.ru/wp-content/uploads/2025/04/Disk_1_1-1-scaled.jpg
1176,Алмазный ручной брусок DLT #300,"Алмазные ручные бруски предназначены для шлифовки и полировки краёв и срезов на керамической плитке, керамограните, искусственном и натуральном камне, стекле. По сути это те же «черепашки» только для ручной деликатной шлифовки. Алмазные бруски предназначены для работ в зонах, где доступ работ с электроустройтвом затруднён, таких как внутренние углы и другие, где необходимо обработать заусеницы и сгладить края срезов или сколов, а также когда нужна минимальная доработка и сделать это бруском намного быстрее, чем черепашкой.

Алмазные ручные бруски предназначены для сухого и мокрого шлифования. Обработка материала со смачиванием водой позволяет получить лучшее качество поверхности и значительно увеличит ресурс бруска.

Алмазные шлифовальные бруски имеют разную зернистость и соответственно используются для разных задач.",Инструмент для укладки плитки>Алмазные притиры>Р300-400 ,580,2,"https://stroitelnyiexpert.ru/wp-content/uploads/2025/04/Krasnyj_1_2-scaled.jpg,https://stroitelnyiexpert.ru/wp-content/uploads/2025/04/Krasnyj_1_3.jpg,https://stroitelnyiexpert.ru/wp-content/uploads/2025/04/Seans-v-studii-591-scaled.jpg"
1177,Алмазный ручной брусок DLT #400,"Алмазные ручные бруски предназначены для шлифовки и полировки краёв и срезов на керамической плитке, керамограните, искусственном и натуральном камне, стекле. По сути это те же «черепашки» только для ручной деликатной шлифовки. Алмазные бруски предназначены для работ в зонах, где доступ работ с электроустройтвом затруднён, таких как внутренние углы и другие, где необходимо обработать заусеницы и сгладить края срезов или сколов, а также когда нужна минимальная доработка и сделать это бруском намного быстрее, чем черепашкой.

Алмазные ручные бруски предназначены для сухого и мокрого шлифования. Обработка материала со смачиванием водой позволяет получить лучшее качество поверхности и значительно увеличит ресурс бруска.

Алмазные шлифовальные бруски имеют разную зернистость и соответственно используются для разных задач.",Инструмент для укладки плитки>Алмазные притиры>Р300-400 ,530,2,"https://stroitelnyiexpert.ru/wp-content/uploads/2025/03/Seans-v-studii-588-scaled.jpg,https://stroitelnyiexpert.ru/wp-content/uploads/2025/03/Sinij_1_2-scaled.jpg,https://stroitelnyiexpert.ru/wp-content/uploads/2025/03/Sinij_1_3.jpg"
3226,Быстрозажимная насадка-патрон для гравера и бормашинки DLT,"Быстрозажимная насадка-патрон для гравера и бормашинки DLT. Универсальный, быстросменный мини патрон для бормашинки применяется на электрическом гравёре и электродрели для крепления различных мини-насадок на рабочем валу с посадочной.",Запчасти,650,2,https://stroitelnyiexpert.ru/wp-content/uploads/2025/04/bystrozazhimnaya-nasadka-patron-dlya-gravera-i-bormashinki.webp
3292,Быстрозажимная насадка-патрон для гравера и бормашинки DLT,"Быстрозажимная насадка-патрон для гравера DLT. Универсальный, быстросменный применяется на электрическом гравёре для крепления различных мини-насадок.",Запчасти,510,,"https://stroitelnyiexpert.ru/wp-content/uploads/2025/04/Seans-v-studii-147.jpg,https://stroitelnyiexpert.ru/wp-content/uploads/2025/04/Seans-v-studii-148.jpg,https://stroitelnyiexpert.ru/wp-content/uploads/2025/04/Seans-v-studii-149.jpg,https://stroitelnyiexpert.ru/wp-content/uploads/2025/04/Seans-v-studii-150.jpg,https://stroitelnyiexpert.ru/wp-content/uploads/2025/04/Seans-v-studii-151.jpg"
30103,"Бюгель Rollingdog 230мм, Ø 38мм, серия Elite","Эргономичная мягкая ручка делает работу максимально комфортной, снимает нагрузку на суставы рук. Гибкое размещение большого пальца обеспечивает лучший контроль нанесения. Бюгель выполнен из высококачественной стали диаметром 8 мм с коррозионностойким оцинкованным покрытием. Сверхмощная стальная рама обеспечивает прокатку с минимальным изгибом. Соединяется с удлинителем через резьбовое соединение.",Малярный и штукатурный инструмент>Валики малярные>Бюгельные ручки,374,,https://stroitelnyiexpert.ru/wp-content/uploads/2025/04/30103_1-scaled.jpg
30027,"Бюгель Rollingdog American Style 76мм, Ø8мм","Малярный бюгель Rollingdog выполнен из высококачественной стали диаметром 8 мм. с коррозионностойким оцинкованным покрытием и каркасом диаметром 38мм. Одним из главных достоинств ручек для малярного валика является комфорт при работе, данный бюгель имеет эргономичный дизайн и удобную форму, благодаря этому позволяет снизить усталость рук, снимает нагрузку на суставы, гибкое размещение большого пальца обеспечивает более точное и контролируемое нанесение краски. Сверхмощная стальная рама обеспечивает прокатку с минимальным изгибом. Соединяется с удлинителем через резьбовое соединение. Предназначен для работы с малярными валиками шириной 76 мм и посадочным диаметром каркаса 38мм.",Малярный и штукатурный инструмент>Валики малярные>Бюгельные ручки,350,4,https://stroitelnyiexpert.ru/wp-content/uploads/2025/04/30027_3-scaled.jpg
30016,"Бюгель Rollingdog EU Style 100мм, Ø6мм, серия Professional","Малярный бюгель Rollingdog выполнен из высококачественной стали диаметром 6 мм. с коррозионностойким оцинкованным покрытием. Одним из главных достоинств ручек для малярного валика является комфорт при работе, данный бюгель имеет эргономичный дизайн и удобную форму, благодаря этому позволяет снизить усталость рук, снимает нагрузку на суставы, гибкое размещение большого пальца обеспечивает более точное и контролируемое нанесение краски. Соединяется с удлинителем через конусное соединение. Предназначен для работы с малярными валиками шириной 100 мм и посадочным диаметром 6мм.
",Малярный и штукатурный инструмент>Валики малярные>Бюгельные ручки,300,43,"https://stroitelnyiexpert.ru/wp-content/uploads/2025/03/30016_1-scaled.jpg,https://stroitelnyiexpert.ru/wp-content/uploads/2025/03/30016_2-1.jpg,https://stroitelnyiexpert.ru/wp-content/uploads/2025/03/30016_3-1.jpg,https://stroitelnyiexpert.ru/wp-content/uploads/2025/03/podvesnaya-kyuveta-dlya-kraski-rollingdog-270mm-seriya-elite-art-20120-2-800x800-1.png,https://stroitelnyiexpert.ru/wp-content/uploads/2025/03/podvesnaya-kyuveta-dlya-kraski-rollingdog-270mm-seriya-elite-art-20120-3-800x800-1.jpg"
30019,"Бюгель Rollingdog EU Style 230мм, Ø8мм, серия Professional","Малярный бюгель Rollingdog выполнен из высококачественной стали диаметром 8 мм. с коррозионностойким оцинкованным покрытием. Одним из главных достоинств ручек для малярного валика является комфорт при работе, данный бюгель имеет эргономичный дизайн и удобную форму, благодаря этому позволяет снизить усталость рук, снимает нагрузку на суставы, гибкое размещение большого пальца обеспечивает более точное и контролируемое нанесение краски. Соединяется с удлинителем через конусное соединение. Предназначен для работы с малярными валиками шириной 230 см и посадочным диаметром 8мм.",Малярный и штукатурный инструмент>Валики малярные>Бюгельные ручки,400,24,"https://stroitelnyiexpert.ru/wp-content/uploads/2025/03/30016_2.jpg,https://stroitelnyiexpert.ru/wp-content/uploads/2025/03/30016_3.jpg,https://stroitelnyiexpert.ru/wp-content/uploads/2025/03/30019_1-scaled.jpg,https://stroitelnyiexpert.ru/wp-content/uploads/2025/03/podvesnaya-kyuveta-dlya-kraski-rollingdog-270mm-seriya-elite-art-20120-1-800x800-1.jpg"
30113,"Бюгель Rollingdog X-FRAME 230мм, Ø38мм, серия Professional","Малярный бюгель Rollingdog выполнен из высококачественной стали диаметром 8 мм. с коррозионностойким оцинкованным покрытием и каркасом диаметром 38мм. Одним из главных достоинств ручек для малярного валика является комфорт при работе, данный бюгель имеет эргономичный дизайн и удобную форму, благодаря этому позволяет снизить усталость рук, снимает нагрузку на суставы, гибкое размещение большого пальца обеспечивает более точное и контролируемое нанесение краски. Сверхмощная стальная рама обеспечивает прокатку с минимальным изгибом. Соединяется с удлинителем через резьбовое соединение. Предназначен для работы с малярными валиками шириной 230 мм и посадочным диаметром каркаса 38мм.
",Малярный и штукатурный инструмент>Валики малярные>Бюгельные ручки,450,10,"https://stroitelnyiexpert.ru/wp-content/uploads/2025/04/30016_2.jpg,https://stroitelnyiexpert.ru/wp-content/uploads/2025/04/30113_1-scaled.jpg,https://stroitelnyiexpert.ru/wp-content/uploads/2025/04/30113_2.jpg,https://stroitelnyiexpert.ru/wp-content/uploads/2025/04/30113_3.jpg,https://stroitelnyiexpert.ru/wp-content/uploads/2025/04/30113_4-scaled.jpg,https://stroitelnyiexpert.ru/wp-content/uploads/2025/04/byugel-rollingdog-230mm-8mm-karkas-38mm-seriya-elite-art-30103-1-800x800-1.jpg,https://stroitelnyiexpert.ru/wp-content/uploads/2025/04/byugel-rollingdog-230mm-8mm-karkas-38mm-seriya-elite-art-30103-2-800x800-1.jpg,https://stroitelnyiexpert.ru/wp-content/uploads/2025/04/byugel-rollingdog-230mm-8mm-karkas-38mm-seriya-elite-art-30103-4-800x800-1.jpg"
3400,"Валик для нанес шпатл с бюгDLT 180мм,ворс 16мм,нейлон,конус","Валик для нанесения шпатлевки DLT 180 см, с удобной пластиковой прорезиненной ручкой используется для нанесения выравнивающих смесей, штукатурки и шпатлевки, а также для нанесения декоративных фактур из штукатурки и шпатлёвки в труднодоступных местах. Отлично подойдет для отделочных и выравнивающих работ. Удобен в работе. Ускоряет время нанесения шпатлевки более чем в 3 раза.  Соединяется с удлинителем через конусное соединение.

Используется на завершающих этапах работы. Валик имеет жесткую структуру, которая способствует меньшему налипанию материала. Материал, из которого изготовлен валик для шпатлевки, достаточно плотный и помогает уменьшить разбрызгивание во время работы, не крошится и не оставляет лишних следов на покрытии.

Рекомендация: Перед первичным использованием рекомендуется прокатать валик на сухую, также с добавлением воды. Можно обмотать малярной лентой по всей шубе и снять, так частички ворса, которые плохо держатся, налипнут на ленту и уйдут. Минимальное количество ворса может оставаться при нанесении до 50 м2, однако при черновой накате первого слоя это не доставит проблем. При последующем использовании ворс выпадать будет незначительно, и можно работать при финишном нанесении. Небольшое осыпание ворса валика присуще и у более именитых производителей данной продукции, и это нормальное явление.",Шпателя для механизированной шпатлевки>Валики для нанесения шпатлевки,1150,5,"https://stroitelnyiexpert.ru/wp-content/uploads/2025/04/3400_1-scaled.jpg,https://stroitelnyiexpert.ru/wp-content/uploads/2025/04/3400_2-scaled.jpg,https://stroitelnyiexpert.ru/wp-content/uploads/2025/04/obshhij_1-scaled.jpg,https://stroitelnyiexpert.ru/wp-content/uploads/2025/04/obshhij_2.jpg,https://stroitelnyiexpert.ru/wp-content/uploads/2025/04/obshhij_3-scaled.jpg"
3261,"Валик для нанесения шпатлевки с бюгелем DLT, 11.5см, ворс 15мм","Валик для нанесения шпатлевки DLT 11,5 см, с удобной пластиковой прорезиненной ручкой используется для нанесения выравнивающих смесей, штукатурки и шпатлевки, а также для нанесения декоративных фактур из штукатурки и шпатлёвки в труднодоступных местах. Отлично подойдет для отделочных и выравнивающих работ. Удобен в работе. Ускоряет время нанесения шпатлевки более чем в 3 раза.

Используется на завершающих этапах работы. Валик имеет жесткую структуру, которая способствуют меньшему налипанию материала. Материал, из которого изготовлен валик для шпатлевки достаточно плотный и помогает уменьшить разбрызгивание во время работы, не крошится и не оставляет лишних следов на покрытии.

Рекомендация: Перед первичным использованием рекомендуется прокатать валик на сухую, также с добавлением воды. Можно обмотать малярной лентой по всей шубе и снять, так частички ворса которые плохо держатся налипнут на ленту и уйдут. Минимальное количество ворса может оставаться при нанесении до 50м2, однако при черновой накате первого слоя это не доставит проблем. При последующем использовании ворс выпадать будет незначительно и можно работать при финишном нанесении. Небольшое осыпание ворса валика присуще и у более именитых производителей данной продукции и это нормальное явление.",Шпателя для механизированной шпатлевки>Валики для нанесения шпатлевки,755,,"https://stroitelnyiexpert.ru/wp-content/uploads/2025/04/Seans-v-studii-439-scaled.jpg,https://stroitelnyiexpert.ru/wp-content/uploads/2025/04/Seans-v-studii-441-scaled.jpg,https://stroitelnyiexpert.ru/wp-content/uploads/2025/04/Seans-v-studii-442-scaled.jpg,https://stroitelnyiexpert.ru/wp-content/uploads/2025/04/Seans-v-studii-445-scaled.jpg,https://stroitelnyiexpert.ru/wp-content/uploads/2025/04/Seans-v-studii-446-scaled.jpg"
1824,"Валик для нанесения шпатлевки DLT 23см, ворс 10мм, для бюгеля 8мм","Валик для нанесения шпатлевки DLT 23см без ручки (подходит под ручку с диаметром стержня 8 мм), предназначен для нанесения выравнивающих смесей, штукатурки и шпатлевки, а также для нанесения декоративных фактур из штукатурки и шпатлёвки в труднодоступных местах. Отлично подойдет для отделочных и выравнивающих работ. Удобен в работе. Ускоряет время нанесения шпатлевки более чем в 3 раза.

Используется на завершающих этапах работы. Валик имеет жесткую структуру, которая способствуют меньшему налипанию материала. Материал, из которого изготовлен валик для шпатлевки достаточно плотный и помогает уменьшить разбрызгивание во время работы, не крошится и не оставляет лишних следов на покрытии.

Рекомендация: Перед первичным использованием рекомендуется прокатать валик на сухую, также с добавлением воды. Можно обмотать малярной лентой по всей шубе и снять, так частички ворса которые плохо держатся налипнут на ленту и уйдут. Минимальное количество ворса может оставаться при нанесении до 50м2, однако при черновой накате первого слоя это не доставит проблем. При последующем использовании ворс выпадать будет не значительно и можно работать при финишном нанесении. Небольшое осыпание ворса валика присуще и у более именитых производителей данной продукции и это нормальное явление.",Шпателя для механизированной шпатлевки>Валики для нанесения шпатлевки,950,5,"https://stroitelnyiexpert.ru/wp-content/uploads/2025/04/IMG_4141-scaled.jpg,https://stroitelnyiexpert.ru/wp-content/uploads/2025/04/IMG_4143-scaled.jpg,https://stroitelnyiexpert.ru/wp-content/uploads/2025/04/IMG_4144-scaled.jpg"
60250,"Валик с поворотным бюгелем Rollingdog CORNER MASTER 33мм,ворс 8мм,микрофибра,конус,серия Professiona","Узкий валик с бюгелем ROLLINGDOG выполнен из микрофибры высокой плотности, обеспечивает более гладкое нанесение с еще меньшим количеством брызг, чем обычная микрофибра. Валик предназначен для окраски внутренних углов в помещениях для всех видов краски, также будет эффективен при работе в труднодоступных местах за счет длинного бюгеля. Волокна обеспечивают качественное нанесение окрасочного состава на поверхности с любой фактурой. Ворс 8 мм позволяет использовать его на поверхностях от полу гладких до полугрубых. Эргономичная ручка делает работу максимально комфортной, снимает нагрузку на суставы рук. Бюгель выполнен из высококачественной стали диаметром 6 мм. Соединяется с удлинителем через конусное соединение.",Малярный и штукатурный инструмент>Валики малярные>Валики с ручкой,650,5,"https://stroitelnyiexpert.ru/wp-content/uploads/2025/04/30016_2-1.jpg,https://stroitelnyiexpert.ru/wp-content/uploads/2025/04/30016_3.jpg,https://stroitelnyiexpert.ru/wp-content/uploads/2025/04/70211_5-scaled.jpg,https://stroitelnyiexpert.ru/wp-content/uploads/2025/04/Seans-v-studii-931-scaled.jpg,https://stroitelnyiexpert.ru/wp-content/uploads/2025/04/Seans-v-studii-935-scaled.jpg,https://stroitelnyiexpert.ru/wp-content/uploads/2025/04/Seans-v-studii-937-scaled.jpg,https://stroitelnyiexpert.ru/wp-content/uploads/2025/04/Seans-v-studii-939-scaled.jpg,https://stroitelnyiexpert.ru/wp-content/uploads/2025/04/Seans-v-studii-942-scaled.jpg"
3261,Валик DLT для нанесения шпаклевки с бюгелем 11.5 см,"Валик для нанесения шпатлевки DLT 11,5 см, с удобной пластиковой прорезиненной ручкой используется для нанесения выравнивающих смесей, штукатурки и шпатлевки, а также для нанесения декоративных фактур из штукатурки и шпатлёвки в труднодоступных местах. Отлично подойдет для отделочных и выравнивающих работ. Удобен в работе. Ускоряет время нанесения шпатлевки более чем в 3 раза.

Используется на завершающих этапах работы. Валик имеет жесткую структуру, которая способствуют меньшему налипанию материала. Материал, из которого изготовлен валик для шпатлевки достаточно плотный и помогает уменьшить разбрызгивание во время работы, не крошится и не оставляет лишних следов на покрытии.

Рекомендация: Перед первичным использованием рекомендуется прокатать валик на сухую, также с добавлением воды. Можно обмотать малярной лентой по всей шубе и снять, так частички ворса которые плохо держатся налипнут на ленту и уйдут. Минимальное количество ворса может оставаться при нанесении до 50м2, однако при черновой накате первого слоя это не доставит проблем. При последующем использовании ворс выпадать будет незначительно и можно работать при финишном нанесении. Небольшое осыпание ворса валика присуще и у более именитых производителей данной продукции и это нормальное явление.",Шпателя для механизированной шпатлевки>Валики для нанесения шпатлевки,850,7,"https://stroitelnyiexpert.ru/wp-content/uploads/2025/04/Seans-v-studii-439-1-scaled.jpg,https://stroitelnyiexpert.ru/wp-content/uploads/2025/04/Seans-v-studii-441-1-scaled.jpg,https://stroitelnyiexpert.ru/wp-content/uploads/2025/04/Seans-v-studii-442-1-scaled.jpg,https://stroitelnyiexpert.ru/wp-content/uploads/2025/04/Seans-v-studii-445-1-scaled.jpg,https://stroitelnyiexpert.ru/wp-content/uploads/2025/04/Seans-v-studii-446-1-scaled.jpg"
1822,Валик DLT для нанесения шпаклевки с бюгелем 18 см,"Валик для нанесения шпатлевки DLT 18 см, с удобной пластиковой прорезиненной ручкой используется для нанесения выравнивающих смесей, штукатурки и шпатлевки, а также для нанесения декоративных фактур из штукатурки и шпатлёвки в труднодоступных местах. Отлично подойдет для отделочных и выравнивающих работ. Удобен в работе. Ускоряет время нанесения шпатлевки более чем в 3 раза.

Используется на завершающих этапах работы. Валик имеет жесткую структуру, которая способствуют меньшему налипанию материала. Материал, из которого изготовлен валик для шпатлевки достаточно плотный и помогает уменьшить разбрызгивание во время работы, не крошится и не оставляет лишних следов на покрытии.

Рекомендация: Перед первичным использованием рекомендуется прокатать валик на сухую, также с добавлением воды. Можно обмотать малярной лентой по всей шубе и снять, так частички ворса которые плохо держатся налипнут на ленту и уйдут. Минимальное количество ворса может оставаться при нанесении до 50м2, однако при черновой накате первого слоя это не доставит проблем. При последующем использовании ворс выпадать будет незначительно и можно работать при финишном нанесении. Небольшое осыпание ворса валика присуще и у более именитых производителей данной продукции и это нормальное явление.",Шпателя для механизированной шпатлевки>Валики для нанесения шпатлевки,1050,,"https://stroitelnyiexpert.ru/wp-content/uploads/2025/04/IMG_4140-scaled.jpg,https://stroitelnyiexpert.ru/wp-content/uploads/2025/04/IMG_4142-scaled.jpg,https://stroitelnyiexpert.ru/wp-content/uploads/2025/04/Seans-v-studii-048-scaled.jpg,https://stroitelnyiexpert.ru/wp-content/uploads/2025/04/Seans-v-studii-052-scaled.jpg,https://stroitelnyiexpert.ru/wp-content/uploads/2025/04/IMG_4143-2-scaled.jpg,https://stroitelnyiexpert.ru/wp-content/uploads/2025/04/IMG_4144-2-scaled.jpg,https://stroitelnyiexpert.ru/wp-content/uploads/2025/04/Seans-v-studii-045-scaled.jpg"
1824,Валик DLT для нанесения шпаклевки с бюгелем 23 см,"Валик для нанесения шпатлевки DLT 23см без ручки (подходит под ручку с диаметром стержня 8 мм), предназначен для нанесения выравнивающих смесей, штукатурки и шпатлевки, а также для нанесения декоративных фактур из штукатурки и шпатлёвки в труднодоступных местах. Отлично подойдет для отделочных и выравнивающих работ. Удобен в работе. Ускоряет время нанесения шпатлевки более чем в 3 раза.

Используется на завершающих этапах работы. Валик имеет жесткую структуру, которая способствуют меньшему налипанию материала. Материал, из которого изготовлен валик для шпатлевки достаточно плотный и помогает уменьшить разбрызгивание во время работы, не крошится и не оставляет лишних следов на покрытии.

Рекомендация: Перед первичным использованием рекомендуется прокатать валик на сухую, также с добавлением воды. Можно обмотать малярной лентой по всей шубе и снять, так частички ворса которые плохо держатся налипнут на ленту и уйдут. Минимальное количество ворса может оставаться при нанесении до 50м2, однако при черновой накате первого слоя это не доставит проблем. При последующем использовании ворс выпадать будет не значительно и можно работать при финишном нанесении. Небольшое осыпание ворса валика присуще и у более именитых производителей данной продукции и это нормальное явление.",Шпателя для механизированной шпатлевки>Валики для нанесения шпатлевки,1300,5,"https://stroitelnyiexpert.ru/wp-content/uploads/2025/04/IMG_4141-1-scaled.jpg,https://stroitelnyiexpert.ru/wp-content/uploads/2025/04/IMG_4143-1-scaled.jpg,https://stroitelnyiexpert.ru/wp-content/uploads/2025/04/IMG_4144-1-scaled.jpg"
3260,Валик DLT угловой для нанесения шпаклевки с бюгелем 9см,"Валик угловой для нанесения шпаклёвки DLT шириной 40 мм и диаметром ролика 80 мм, с удобной пластиковой прорезиненной ручкой предназначенный для качественного и удобного нанесения шпаклёвки в угловых и труднодоступных местах. Валик оснащён ворсом длиной 15 мм, что обеспечивает равномерное распределение материала и отличное покрытие. Угловая форма валика позволяет легко работать в углах и других сложных для доступа местах, валик изготовлен из высококачественных материалов, что гарантирует его долгий срок службы даже при интенсивном использовании. Эргономичная ручка валика обеспечивает комфортный захват и уменьшает усталость рук во время работы. Ускоряет время нанесения шпатлевки более чем в 3 раза.

Рекомендация: перед первичным использованием рекомендуется прокатать валик на сухую, также с добавлением воды. Можно обмотать малярной лентой по всей шубе и снять, так частички ворса которые плохо держатся налипнут на ленту и уйдут. Минимальное количество ворса может оставаться при нанесении до 50 м2, однако при черновой накате первого слоя это не доставит проблем. При последующем использовании ворс выпадать будет незначительно и можно работать при финишном нанесении. Небольшое осыпание ворса валика присуще и у более именитых производителей данной продукции и это нормальное явление.",Шпателя для механизированной шпатлевки>Валики для нанесения шпатлевки,850,7,"https://stroitelnyiexpert.ru/wp-content/uploads/2025/04/Seans-v-studii-440-scaled.jpg,https://stroitelnyiexpert.ru/wp-content/uploads/2025/04/Seans-v-studii-443-scaled.jpg,https://stroitelnyiexpert.ru/wp-content/uploads/2025/04/Seans-v-studii-444-scaled.jpg,https://stroitelnyiexpert.ru/wp-content/uploads/2025/04/Seans-v-studii-449-scaled.jpg"
371,"Валик Rollingdog 100мм, ворс 12мм, для бюгеля 6мм, полиэстер","Набор валиков Rollingdog Standard состоит из 10 валиков длиной 100 мм и ворсом 12 мм. Они предназначены для работы с бюгелями диаметром 6 мм и изготовлены из полиэстера. Этот набор подойдет для выполнения малярных и покрасочных работ различной сложности, обеспечивая качественное и равномерное покрытие. Для поверхностей от полугладких до полушероховатых. Подходит для всех типов краски. Не ворсит.",Малярный и штукатурный инструмент>Валики малярные>Наборы,150,12,https://stroitelnyiexpert.ru/wp-content/uploads/2025/04/00371_1-scaled.jpg
362,"Валик Rollingdog 180мм, ворс 9.5мм, для бюгеля 8мм, микрофибра","Быстросъемный валик Super-Micro из изготовлен из крошечных волокон микрофибры размером примерно 1/5 человеческого волоса. Это позволяет валику максимально удерживать краску на поверхности, а также обеспечивает гладкое и равномерное нанесение. По сравнению с малярными валиками из полиэстера, полиамида и других составов, микрофибра Super-Micro сводит к минимуму пенообразование во время раскатывания.

Повышенная износостойкость, можно мыть и использовать повторно. Не ворсит. Низкий уровень брызг. Предназначен для работ с потолками и стенами. Подходит для всех видов краски. Валики серии Super-Micro созданы для работы с современными красками, с низким содержанием летучих органических соединений. Подходят для всех видов краски, а также отлично работают с ГГП (грунтовки глубокого проникновения). Валики Super-Micro предназначены для профессиональной покраски стен, потолков, для грунтовки. Для использования с бюгелем QUICKFIRE!™.",Малярный и штукатурный инструмент>Валики малярные>Шубки (ролики),750,,"https://stroitelnyiexpert.ru/wp-content/uploads/2025/04/00362_1-scaled.jpg,https://stroitelnyiexpert.ru/wp-content/uploads/2025/04/00362_2-scaled.jpg,https://stroitelnyiexpert.ru/wp-content/uploads/2025/04/00362_3-scaled.jpg,https://stroitelnyiexpert.ru/wp-content/uploads/2025/04/00362_4-scaled.jpg,https://stroitelnyiexpert.ru/wp-content/uploads/2025/04/00362_5.jpg,https://stroitelnyiexpert.ru/wp-content/uploads/2025/04/00362_6.jpg"
367,"Валик Rollingdog 230мм, ворс 12мм, для каркаса 38мм, полиэстер/полиамид","Малярный валик Rollingdog NYPOLY из премиум полиэстер/полиамид 230мм, ворс 12мм.

Полиэстер/полиамид подходит для всех видов красок. Технология термосклеивания соединяет волокна с сердцевиной валика с максимальной прочностью, обеспечивая устойчивость к растворителям. Полиамидный валик подходит для полугладких и полушероховатых поверхностей. Эргономичная ручка делает работу максимально комфортной, снимает нагрузку на суставы рук. Бюгель выполнен из высококачественной стали с коррозионностойким хромированным покрытием.",Малярный и штукатурный инструмент>Валики малярные>Шубки (ролики),550,5,"https://stroitelnyiexpert.ru/wp-content/uploads/2025/04/00367_1-scaled.jpg,https://stroitelnyiexpert.ru/wp-content/uploads/2025/04/00367_2-kopiya.jpg,https://stroitelnyiexpert.ru/wp-content/uploads/2025/04/00367_2-scaled.jpg,https://stroitelnyiexpert.ru/wp-content/uploads/2025/04/00367_3.jpg"
349,Валик Rollingdog 50мм,"Набор малярных валиков Rollingdog GLOSS-KING 100мм, поролон.

Мини-валики из поролона высокой плотности отлично работают с глянцевыми покрытиями на гладких поверхностях. Наносят безворсовое покрытие, похожее на спрей. Для использования как с красками на масляной, так и на водной основе. Работают с декоративными материалами, лаками. Мини-валики из поролона премиального качества! (это совсем не тоже самое, что дешевый поролон).
",Малярный и штукатурный инструмент>Валики малярные>Наборы,150,5,"https://stroitelnyiexpert.ru/wp-content/uploads/2025/04/00349_1-scaled.jpg,https://stroitelnyiexpert.ru/wp-content/uploads/2025/04/00349_2-scaled.jpg,https://stroitelnyiexpert.ru/wp-content/uploads/2025/04/00349_3-kopiya.jpg,https://stroitelnyiexpert.ru/wp-content/uploads/2025/04/00349_3-scaled.jpg,https://stroitelnyiexpert.ru/wp-content/uploads/2025/04/00349_4-scaled.jpg"
300,"Валик Rollingdog Exterion 230мм, ворс 19мм, для бюгеля 8мм, полиамид","Малярный валик Rollingdog Exterion 230мм, премиум полиамид, ворс 19мм.

Изготовлен из прочного и долговечного полиамида. Благодаря своей длине и размеру ворса, валик обеспечивает равномерное и гладкое нанесение краски, скрывая неровности и дефекты поверхности.

Профессиональный валик из полиамида высокой плотности способен впитывать и удерживать большое количество краски. Безворсовый полиамид крепится к пластиковому сердечнику с помощью технологии термосклеивания для обеспечения длительного срока службы. Можно использовать на поверхностях от полугладких до полугрубых.",Малярный и штукатурный инструмент>Валики малярные>Шубки (ролики),650,12,"https://stroitelnyiexpert.ru/wp-content/uploads/2025/03/00300_1-scaled.jpg,https://stroitelnyiexpert.ru/wp-content/uploads/2025/03/00300_2-kopiya.jpg,https://stroitelnyiexpert.ru/wp-content/uploads/2025/03/00300_2-scaled.jpg,https://stroitelnyiexpert.ru/wp-content/uploads/2025/03/00300_3-scaled.jpg"
127,"Валик Rollingdog HI-SHEEN 230мм, ворс 5мм, для бюгеля 8мм, синтетика","Валик Rollingdog Hi-Sheen длиной 230 мм, с ворсом 5 мм, предназначен для использования с бюгелем диаметром 8 мм, изготовлен из велюра.

Особенности данного валика: высокая плотность, равномерное распределение краски по поверхности, сокрытие незначительных неровностей и дефектов, равномерное и гладкое покрытие благодаря длине и размеру ворса. Велюровая основа гарантирует превосходную адгезию, долговечность и устойчивость к химическим воздействиям, что позволяет применять валик для различных задач: от малярных до отделочных. Бюгель диаметром 8 мм обеспечивает легкую замену валиков, делая процесс работы гибким и удобным.

Лучше всего подходит для окрашивания гладких поверхностей глянцевой краской. Работает с красками на водной и масляной основе. Не ворсит. Для гладкого и качественного финишного покрытия.",Малярный и штукатурный инструмент>Валики малярные>Шубки (ролики),450,24,"https://stroitelnyiexpert.ru/wp-content/uploads/2025/03/00127_1-scaled.jpg,https://stroitelnyiexpert.ru/wp-content/uploads/2025/03/00127_2-kopiya.jpg,https://stroitelnyiexpert.ru/wp-content/uploads/2025/03/00127_2-scaled.jpg,https://stroitelnyiexpert.ru/wp-content/uploads/2025/03/00127_3.jpg"
292,"Валик Rollingdog Micro-Max 230мм, ворс 12мм, для бюгеля 8мм, микрофибра","Особенности данного валика включают в себя его высокую плотность, которая обеспечивает равномерное распределение краски и лака по поверхности, скрывая незначительные неровности и дефекты. Благодаря длине и размеру ворса валика, достигается равномерное и гладкое покрытие. Микрофибровая основа обеспечивает превосходную адгезию и долговечность, что позволяет использовать валик для широкого спектра задач, от малярных работ до декора. Ворс 12,7 мм. позволяет использовать его на поверхностях от полугладких до полугрубых. Очень прочный валик, не ворсит.",Малярный и штукатурный инструмент>Валики малярные>Шубки (ролики),500,28,"https://stroitelnyiexpert.ru/wp-content/uploads/2025/03/00292_1-scaled.jpg,https://stroitelnyiexpert.ru/wp-content/uploads/2025/03/00292_2-scaled.jpg,https://stroitelnyiexpert.ru/wp-content/uploads/2025/03/00292_3.jpg"
302,"Валик Rollingdog Micro-Max 230мм, ворс 12мм, для каркаса 38мм, микрофибра","Малярный валик из высококачественной микрофибры, отлично подходит для внутренних и наружных работ. Микрофибра высокой плотности обеспечивает более гладкое нанесение с еще меньшим количеством брызг, чем обычная микрофибра. Ворс 12,7 мм. позволяет использовать его на поверхностях от полугладких до полугрубых. Очень прочный валик, не ворсит.

Данный валик широко используется в малярных работах, таких как покраска стен, потолков, мебели и других предметов интерьера. Благодаря своей структуре, он обеспечивает равномерное нанесение лакокрасочного материала на поверхность, скрывая мелкие неровности и дефекты.",Малярный и штукатурный инструмент>Валики малярные>Шубки (ролики),550,5,"https://stroitelnyiexpert.ru/wp-content/uploads/2025/04/00302_1-scaled.jpg,https://stroitelnyiexpert.ru/wp-content/uploads/2025/04/00302_2-scaled.jpg,https://stroitelnyiexpert.ru/wp-content/uploads/2025/04/00302_3.jpg"
278,"Валик Rollingdog SUPER-MICRO 100мм, ворс 10мм","Набор валиков Rollingdog Super-Micro состоит из 10 штук валиков длиной 100 мм и ворсом 9,5мм. Они предназначены для использования с бюгелем диаметром 6 мм. Изготовлен из крошечных волокон микрофибры размером примерно 1/5 человеческого волоса. Это позволяет валику максимально удерживать краску на поверхности, а также обеспечивает гладкое и равномерное нанесение. По сравнению с малярными валиками из полиэстера, полиамида и других составов, микрофибра Super-Micro сводит к минимуму пенообразование во время раскатывания.

Повышенная износостойкость, можно мыть и использовать повторно. Не ворсит. Низкий уровень брызг. Предназначен для работ с потолками и стенами. Подходит для всех видов краски. Валики серии Super-Micro созданы для работы с современными красками, с низким содержанием летучих органических соединений. Подходят для всех видов краски, а также отлично работают с ГГП (грунтовки глубокого проникновения). Валики Super-Micro предназначены для профессиональной покраски стен, потолков, для грунтовки. Набор подходит для выполнения различных малярных работ, от простой покраски до сложных декоративных проектов.",Малярный и штукатурный инструмент>Валики малярные>Наборы,150,23,"https://stroitelnyiexpert.ru/wp-content/uploads/2025/04/00278_2-scaled.jpg,https://stroitelnyiexpert.ru/wp-content/uploads/2025/04/00278_1-scaled.jpg,https://stroitelnyiexpert.ru/wp-content/uploads/2025/04/00278_3-scaled.jpg,https://stroitelnyiexpert.ru/wp-content/uploads/2025/04/00278_4.jpg"
202,"Валик Rollingdog SUPER-MICRO 230мм, ворс 19мм, для каркаса 38мм, микрофибра","Super-Micro микрофибра изготовлена из крошечных волокон размером примерно 1/5 человеческого волоса. Это позволяет максимально удерживать краску на поверхности, а также обеспечивает гладкое и равномерное нанесение. Повышенная износостойкость, можно мыть и использовать повторно. Не ворсит. Низкий уровень брызг.

Предназначен для работ с потолками и стенами. Подходит для всех видов краски.",Малярный и штукатурный инструмент>Валики малярные>Шубки (ролики),350,5,"https://stroitelnyiexpert.ru/wp-content/uploads/2025/04/00202_1-scaled.jpg,https://stroitelnyiexpert.ru/wp-content/uploads/2025/04/00202_2-kopiya.jpg,https://stroitelnyiexpert.ru/wp-content/uploads/2025/04/00202_2-scaled.jpg,https://stroitelnyiexpert.ru/wp-content/uploads/2025/04/00202_3-scaled.jpg"
200,"Валик Rollingdog SUPER-MICRO 230мм, ворс 6мм, для каркаса 38мм, микрофибра","Super-Micro микрофибра изготовлена из крошечных волокон размером примерно 1/5 человеческого волоса. Это позволяет максимально удерживать краску на поверхности, а также обеспечивает гладкое и равномерное нанесение. Повышенная износостойкость, можно мыть и использовать повторно. Не ворсит. Низкий уровень брызг. Предназначен для работ с потолками и стенами. Подходит для всех видов краски.",Малярный и штукатурный инструмент>Валики малярные>Шубки (ролики),400,,"https://stroitelnyiexpert.ru/wp-content/uploads/2025/04/00200_1-scaled.jpg,https://stroitelnyiexpert.ru/wp-content/uploads/2025/04/00200_2-scaled.jpg,https://stroitelnyiexpert.ru/wp-content/uploads/2025/04/00200_3.jpg"
252,"Валик Rollingdog SUPER-MICRO 230мм, ворс 9,5мм, для каркаса 38мм, микрофибра","Super-Micro микрофибра изготовлена из крошечных волокон размером примерно 1/5 человеческого волоса. Это позволяет максимально удерживать краску на поверхности, а также обеспечивает гладкое и равномерное нанесение. Повышенная износостойкость, можно мыть и использовать повторно. Не ворсит. Низкий уровень брызг. Предназначен для работ с потолками и стенами. Подходит для всех видов краски.",Малярный и штукатурный инструмент>Валики малярные>Шубки (ролики),350,5,"https://stroitelnyiexpert.ru/wp-content/uploads/2025/04/00252_1-scaled.jpg,https://stroitelnyiexpert.ru/wp-content/uploads/2025/04/00252_2-scaled.jpg,https://stroitelnyiexpert.ru/wp-content/uploads/2025/04/00252_3.jpg"
368,"Валик Rollingdog SUPER-MICRO 2шт. 100мм, ворс 9,5мм, для каркаса 18мм, микрофибра","Набор валиков Rollingdog Super-Micro включает в себя два валика длиной 100 мм и ворсом 9.5 мм, предназначенные для работы с каркасом диаметром 18 мм. Изготовлен из крошечных волокон микрофибры размером примерно 1/5 человеческого волоса. Это позволяет валику максимально удерживать краску на поверхности, а также обеспечивает гладкое и равномерное нанесение. По сравнению с малярными валиками из полиэстера, полиамида и других составов, микрофибра Super-Micro сводит к минимуму пенообразование во время раскатывания.

Повышенная износостойкость, можно мыть и использовать повторно. Не ворсит. Низкий уровень брызг. Предназначен для работ с потолками и стенами. Подходит для всех видов краски. Валики серии Super-Micro созданы для работы с современными красками, с низким содержанием летучих органических соединений. Подходят для всех видов краски, а также отлично работают с ГГП (грунтовки глубокого проникновения). Валики Super-Micro предназначены для профессиональной покраски стен, потолков, для грунтовки. Набор подходит для выполнения различных малярных работ, от простой покраски до сложных декоративных проектов.",Малярный и штукатурный инструмент>Валики малярные>Наборы,350,5,"https://stroitelnyiexpert.ru/wp-content/uploads/2025/04/00368_1-scaled.jpg,https://stroitelnyiexpert.ru/wp-content/uploads/2025/04/00368_2-scaled.jpg,https://stroitelnyiexpert.ru/wp-content/uploads/2025/04/00368_3-scaled.jpg,https://stroitelnyiexpert.ru/wp-content/uploads/2025/04/00368_4.jpg"
406,"Валик Rollingdog TEXTURALL 230мм,для бюгеля 8мм, поролон","Валик Rollingdog Texturall 230 мм для бюгеля 8 мм – текстурный малярный валик высокого качества от проверенного производителя. Используйте его для создания разнообразных декоративных эффектов на стенах, потолках и других поверхностях. Используется для создания грубой текстуры при нанесении краски или работе со свежей смесью. Отлично подходит для скрытия дефектов на поверхности.",Малярный и штукатурный инструмент>Валики малярные>Шубки (ролики),1088,,"https://stroitelnyiexpert.ru/wp-content/uploads/2025/04/00406_1-scaled.jpg,https://stroitelnyiexpert.ru/wp-content/uploads/2025/04/00406_2-kopiya.jpg,https://stroitelnyiexpert.ru/wp-content/uploads/2025/04/00406_2-scaled.jpg,https://stroitelnyiexpert.ru/wp-content/uploads/2025/04/00406_3-scaled.jpg"
296,"Валик Rollingdog THE-BOXER 230мм, ворс 12мм, для бюгеля 8мм, полиамид","Малярный валик Rollingdog THE-BOXER 230мм, премиум полиамид, ворс 12мм. Изготовлен из прочного и долговечного полиамида. Благодаря своей длине и размеру ворса, валик обеспечивает равномерное и гладкое нанесение краски, скрывая неровности и дефекты поверхности. Профессиональный валик из полиамида высокой плотности способен впитывать и удерживать большое количество краски. Безворсовый полиамид крепится к пластиковому сердечнику с помощью технологии термосклеивания для обеспечения длительного срока службы. Можно использовать на поверхностях от полугладких до полугрубых.
",Малярный и штукатурный инструмент>Валики малярные>Шубки (ролики),550,6,"https://stroitelnyiexpert.ru/wp-content/uploads/2025/04/00296_1-scaled.jpg,https://stroitelnyiexpert.ru/wp-content/uploads/2025/04/00296_2-scaled.jpg,https://stroitelnyiexpert.ru/wp-content/uploads/2025/04/00296_3.jpg"
60257,"Валикс бюгелем Rollingdog Super-Micro 180мм, ворс 9,5мм, микрофибра","Валик с бюгелем имеет инновационную систему QUICKFIRE!™ которая позволяет одним движением снять валик с бюгеля не испачкав руки. Шубка Super-Micro максимально удерживает краску, обеспечивая гладкое и равномерное нанесение. Не ворсит. Эргономичная ручка делает работу максимально комфортной, снимает нагрузку на суставы рук. Бюгель выполнен из высококачественной стали диаметром 8 мм. Соединяется с удлинителем через конусное соединение.",Малярный и штукатурный инструмент>Валики малярные>Валики с ручкой,750,3,"https://stroitelnyiexpert.ru/wp-content/uploads/2025/04/30016_2-2.jpg,https://stroitelnyiexpert.ru/wp-content/uploads/2025/04/30016_3-1.jpg,https://stroitelnyiexpert.ru/wp-content/uploads/2025/04/60256_2.jpg,https://stroitelnyiexpert.ru/wp-content/uploads/2025/04/60256_3.jpg,https://stroitelnyiexpert.ru/wp-content/uploads/2025/04/60257_1.jpg,https://stroitelnyiexpert.ru/wp-content/uploads/2025/04/60257_1.jpg,https://stroitelnyiexpert.ru/wp-content/uploads/2025/04/60257_2.jpg"
3407,Ванночка для шпатлевки DLT 350 мм,"Ванночка для шпатлевки DLT 350 мм, применяется для переноски небольшого количества материала в процессе ручного шпатлевания поверхностей. Экономит время выполнения работ, удобен для хвата одной рукой. Шпаклёвочный лоток изготовлен из нержавеющей стали, что гарантирует долговечность и коррозионную стойкость. Острые края ёмкости для шпаклёвки  при необходимости могут быть использованы для очистки об них шпателей.",Малярный и штукатурный инструмент>Малярные ванночки и кюветы,1750,3,https://stroitelnyiexpert.ru/wp-content/uploads/2025/04/Seans-v-studii-144-scaled.jpg
TWS19,Ведро для плиточника с роликами BIHUI (кювета) 19л,"Кювета BIHUI - система для затирки плитки. Кювета BIHUI предназначена для работ по очистке любого типа поверхностей. Особенно рекомендуется для очистки поверхности после укладки керамической плитки (затирка и перед сдачей объекта).

Ведро плиточника BIHUI изготавливается из инъектированного полипропилена (РР) - лёгкого и прочного материала. Оснащено тремя спиральными отжимными роликами из полиамида (РА), которые обеспечивают качественный отжим, оставляя губки оптимально увлажнёнными. Держатели роликов усилены и изготовлены из полиацеталя (РОМ) - прочного материала способного выдерживать высокое давление при отжиме. Отжимная решётка изготовлена из полипропилена и оснащена точками усиления чтобы обеспечить большую устойчивость к деформации. Полипропиленовая рукоятка расположена продольно, что обеспечивает удобство и надёжность перемещения и манипуляций с кюветой. Отжимные ролики и решетка, съемные, что очень удобно для очистки. Набор для мойки плитки BIHUI оснащен двумя полипропиленовыми колесиками, оснащены тормозным механизмом для предотвращения случайного перемещения кюветы. Максимальный объём кюветы BIHUI составляет 19л, полезный объём (до уровня отжимной решётки) составляет 8 литров. Размер кюветы: 50см х 25см х 35см.",Инструмент для укладки плитки>Ведро плиточника,5950,1,"https://stroitelnyiexpert.ru/wp-content/uploads/2025/04/Imya-fotosessii-362-scaled.jpg,https://stroitelnyiexpert.ru/wp-content/uploads/2025/04/Imya-fotosessii-359-scaled.jpg,https://stroitelnyiexpert.ru/wp-content/uploads/2025/04/Imya-fotosessii-358-scaled.jpg,https://stroitelnyiexpert.ru/wp-content/uploads/2025/04/Imya-fotosessii-356-scaled.jpg,https://stroitelnyiexpert.ru/wp-content/uploads/2025/04/Imya-fotosessii-355-scaled.jpg,https://stroitelnyiexpert.ru/wp-content/uploads/2025/04/Imya-fotosessii-354-scaled.jpg,https://stroitelnyiexpert.ru/wp-content/uploads/2025/04/Imya-fotosessii-353-scaled.jpg,https://stroitelnyiexpert.ru/wp-content/uploads/2025/04/Imya-fotosessii-352-scaled.jpg,https://stroitelnyiexpert.ru/wp-content/uploads/2025/04/Imya-fotosessii-350-scaled.jpg,https://stroitelnyiexpert.ru/wp-content/uploads/2025/04/Imya-fotosessii-348-scaled.jpg,https://stroitelnyiexpert.ru/wp-content/uploads/2025/04/Imya-fotosessii-347-scaled.jpg,https://stroitelnyiexpert.ru/wp-content/uploads/2025/04/Imya-fotosessii-344-scaled.jpg"
88721,Ведро строит гиб в ассор 40л RUBI,"Благодаря высокой плотности пластика, из которых изготавливаются ёмкости RUBI FLEXTUB (RUBI-KANGURO), обеспечивает их высокую прочность, что позволяет использовать все ёмкости гаммы FLEXTUB как в строительстве, так и в других областях.
Одним из основных преимуществ пластиковых ёмкостей «FLEXTUB» RUBI-KANGURO является многопрофильность их использования. Это лёгкие, гибкие и прочные ёмкости.
Пластиковые ёмкости RUBI FLEXTUB выгодно отличаются от конкурентных аналогов прочностью и лёгкостью.
Гибкие ведра RUBI отличаются многопрофильностью своего использования в различных секторах. Они оптимально сочетают в себе лёгкость (1,3 кг), гибкость и прочность.
Геометрия пластиковых ёмкостей RUBI, толщина их стенок и конструкция их рукояток позволяют пользователю переносить эту модель одной рукой без риска поломки или разрыва пластика.
Объём гибких ведер RUBI составляет 40 литров, что превращает их в идеальные для транспортировки строительного мусора или замеса растворов с помощью электромиксеров.",Гибкие ведра и гибкие ёмкости ,1900,14,"https://stroitelnyiexpert.ru/wp-content/uploads/2025/04/Vedro-gibkoe-sinij_1-scaled.jpg,https://stroitelnyiexpert.ru/wp-content/uploads/2025/04/Vedro-gibkoe-sinij_2-scaled.jpg,https://stroitelnyiexpert.ru/wp-content/uploads/2025/04/Vedro-gibkoe-sinij_3-scaled.jpg,https://stroitelnyiexpert.ru/wp-content/uploads/2025/04/Vedro-gibkoe-sinij_4-scaled.jpg"
50490,"Веницианская кельма Rollingdog DOBERMAN 200x105x84 мм, трапецевидная, серия Elite","Венецианская кельма Rollingdog DOBERMAN трапециевидная используется в отделочных и строительных работах для нанесения и разравнивания раствора декоративной штукатурки на поверхность, позволяя создать покрытие с эффектной текстурой. Рабочая поверхность кельмы изготовлена из высококачественной стали с зеркальной полировкой и имеет скругленные углы, благодаря чему инструмент прослужит долгое время. Благодаря трапециевидной форме идеальна для нанесения и уплотнения материалов при работе на объемах и на труднодоступных участках. Деревянная рукоятка не скользит в руке при работе.","Шпателя для механизированной шпатлевки>Кельмы, мастерки",1850,2,"https://stroitelnyiexpert.ru/wp-content/uploads/2025/04/6974444953-scaled.jpg,https://stroitelnyiexpert.ru/wp-content/uploads/2025/04/6974444962.jpg,https://stroitelnyiexpert.ru/wp-content/uploads/2025/04/6974444974-scaled.jpg,https://stroitelnyiexpert.ru/wp-content/uploads/2025/04/6974444978-scaled.jpg,https://stroitelnyiexpert.ru/wp-content/uploads/2025/04/6974444986-scaled.jpg,https://stroitelnyiexpert.ru/wp-content/uploads/2025/04/venetsianskaya-kelma-rollingdog-doberman-200h105h84mm-trapetsievidnaya-seriya-elite-art-50490-1-800x800-1.jpg,https://stroitelnyiexpert.ru/wp-content/uploads/2025/04/venetsianskaya-kelma-rollingdog-doberman-200h105h84mm-trapetsievidnaya-seriya-elite-art-50490-2-800x800-1.jpg"
50489,Веницианская кельма Rollingdog DOBERMAN 200x75 мм,"Венецианская кельма Rollingdog DOBERMAN используется в отделочных и строительных работах для нанесения и разравнивания раствора декоративной штукатурки на поверхность, позволяя создать покрытие с эффектной текстурой. Рабочая поверхность кельмы изготовлена из высококачественной стали с зеркальной полировкой и имеет скругленные углы, благодаря чему инструмент прослужит долгое время. Деревянная рукоятка не скользит в руке при работе.","Шпателя для механизированной шпатлевки>Кельмы, мастерки",1850,2,"https://stroitelnyiexpert.ru/wp-content/uploads/2025/04/6974440864-scaled.jpg,https://stroitelnyiexpert.ru/wp-content/uploads/2025/04/6974440868-scaled.jpg,https://stroitelnyiexpert.ru/wp-content/uploads/2025/04/6974440884-scaled.jpg,https://stroitelnyiexpert.ru/wp-content/uploads/2025/04/6974440893-scaled.jpg,https://stroitelnyiexpert.ru/wp-content/uploads/2025/04/6974441083.jpg,https://stroitelnyiexpert.ru/wp-content/uploads/2025/04/venetsianskaya-kelma-rollingdog-doberman-200h75mm-seriya-elite-art-50489-1-800x800-1.jpg,https://stroitelnyiexpert.ru/wp-content/uploads/2025/04/venetsianskaya-kelma-rollingdog-doberman-200h75mm-seriya-elite-art-50489-2-800x800-1.jpg"
50513,Веницианская кельма Rollingdog DOBERMAN 240x130x100 мм,"Венецианская кельма Rollingdog DOBERMAN трапециевидная используется в отделочных и строительных работах для нанесения и разравнивания раствора декоративной штукатурки на поверхность, позволяя создать покрытие с эффектной текстурой. Рабочая поверхность кельмы изготовлена из высококачественной стали с зеркальной полировкой и имеет скругленные углы, благодаря чему инструмент прослужит долгое время. Благодаря трапециевидной форме идеальна для нанесения и уплотнения материалов при работе на объемах и на труднодоступных участках. Деревянная рукоятка не скользит в руке при работе.","Шпателя для механизированной шпатлевки>Кельмы, мастерки",1980,2,"https://stroitelnyiexpert.ru/wp-content/uploads/2025/04/Seans-v-studii-049-scaled.jpg,https://stroitelnyiexpert.ru/wp-content/uploads/2025/04/Seans-v-studii-050-scaled.jpg,https://stroitelnyiexpert.ru/wp-content/uploads/2025/04/Seans-v-studii-051-scaled.jpg,https://stroitelnyiexpert.ru/wp-content/uploads/2025/04/Seans-v-studii-054-scaled.jpg,https://stroitelnyiexpert.ru/wp-content/uploads/2025/04/Seans-v-studii-056-scaled.jpg"
50512,Веницианская кельма Rollingdog DOBERMAN 240x90 мм,"Венецианская кельма Rollingdog DOBERMAN используется в отделочных и строительных работах для нанесения и разравнивания раствора декоративной штукатурки на поверхность, позволяя создать покрытие с эффектной текстурой. Рабочая поверхность кельмы изготовлена из высококачественной стали с зеркальной полировкой и имеет скругленные углы, благодаря чему инструмент прослужит долгое время. Деревянная рукоятка не скользит в руке при работе.","Шпателя для механизированной шпатлевки>Кельмы, мастерки",1980,2,"https://stroitelnyiexpert.ru/wp-content/uploads/2025/04/Seans-v-studii-047-scaled.jpg,https://stroitelnyiexpert.ru/wp-content/uploads/2025/04/Seans-v-studii-048-1-scaled.jpg,https://stroitelnyiexpert.ru/wp-content/uploads/2025/04/Seans-v-studii-052-1-scaled.jpg,https://stroitelnyiexpert.ru/wp-content/uploads/2025/04/Seans-v-studii-053-scaled.jpg,https://stroitelnyiexpert.ru/wp-content/uploads/2025/04/Seans-v-studii-055-scaled.jpg"
LFTBU,Виброприсоска для укладки плитки BIHUI,"Вибрационная присоска (виброприсоска) BIHUI – это многофункциональная машинка для укладки, выравнивания с вибрацией и переноски плитки. Специально разработана для манипуляций и подъёма плитки с шероховатой поверхностью или с небольшим рельефом, не оставляет пятен на плитке. Используется для переноски и установки напольной и настенной плитки, что значительно повышает эффективность работы. Это устройство 2 в 1: присоcка и  минивибратор. Предназначена для уплотнения основания и удаления воздуха из-под плитки во время укладки. Это обеспечивает идеальную адгезию плитки к полу или стене. Небольшой размер и легкий вес  делает данное оборудование очень удобным в использовании. Постоянная и равномерно распределенная вибрация позволяет не повредить плиту, даже если в ней были выполнены отверстия или разрезы больших размеров. 
 

Присоска представляет собой чашу из прочного пластика, внутри которой помещена прочная резиновая нескользящая мембрана, обеспечивающая разряжение необходимое для надежного удержания изделий весом до 40кг. Диаметр чаши 130мм. Разряжение в ней (вакуум) создается и снимается одним нажатием рычажка. Изготавливается из прочного технического полимера. Эргономичная рукоятка разработана для большего удобства и безопасности работ.

Работает виброприсоска от встроенного литий-ионного аккумулятора (Li-ion) 16,8V, 2000mAh. На корпусе есть индикатор уровня заряда.",Инструмент для укладки плитки>Вибрационные присоски ,16860,,"https://stroitelnyiexpert.ru/wp-content/uploads/2025/04/Imya-fotosessii-042-1-scaled.jpg,https://stroitelnyiexpert.ru/wp-content/uploads/2025/04/Imya-fotosessii-043-scaled.jpg,https://stroitelnyiexpert.ru/wp-content/uploads/2025/04/Imya-fotosessii-044-scaled.jpg,https://stroitelnyiexpert.ru/wp-content/uploads/2025/04/Imya-fotosessii-046-scaled.jpg,https://stroitelnyiexpert.ru/wp-content/uploads/2025/04/Imya-fotosessii-048-scaled.jpg,https://stroitelnyiexpert.ru/wp-content/uploads/2025/04/Imya-fotosessii-049.jpg,https://stroitelnyiexpert.ru/wp-content/uploads/2025/04/Imya-fotosessii-050-scaled.jpg,https://stroitelnyiexpert.ru/wp-content/uploads/2025/04/Imya-fotosessii-055-scaled.jpg,https://stroitelnyiexpert.ru/wp-content/uploads/2025/04/Imya-fotosessii-056-scaled.jpg,https://stroitelnyiexpert.ru/wp-content/uploads/2025/04/Imya-fotosessii-057-scaled.jpg,https://stroitelnyiexpert.ru/wp-content/uploads/2025/04/Imya-fotosessii-062-scaled.jpg,https://stroitelnyiexpert.ru/wp-content/uploads/2025/04/Imya-fotosessii-063-scaled.jpg"
9395,Виброприсоска для укладки плитки DLT Vibro MAX версия PRO,"Вибрационная присоска (виброприсоска) DLT Vibro MAX версия PRO – является достаточно мощной и универсальной, предназначена для плитки с максимальным размером 120x120см для укладки, выравнивания с вибрацией и переноски плитки. Специально разработана для манипуляций и подъёма плитки с гладкой и шероховатой поверхностью, а также с небольшим рельефом. Используется для переноски и установки напольной и настенной плитки, что значительно повышает эффективность работы. Это устройство 2 в 1: присоска и минивибратор. Предназначена для уплотнения основания и удаления воздуха из-под плитки во время укладки.

Это обеспечивает идеальную адгезию плитки к полу или стене. Небольшой размер и легкий вес делает данное оборудование очень удобным в использовании. Постоянная и равномерно распределенная вибрация позволяет не повредить плиту, даже если в ней были выполнены отверстия или разрезы больших размеров. Частота вибрации регулируется, в соответствии с размером плитки и имеет 6 режимов , что значительно повышает эффективность работ. Также в DLT Vibro MAX версия PRO стоит мощный бесщёточный двигатель 775 Вт.

Присоска представляет собой чашу из метала, внутри которой помещена прочная резиновая нескользящая мембрана выполненная в белом цвете, что предотвращает возможное появление черных пятен на используемой поверхности, позволяя удерживать изделий весом до 50кг. 
 

Максимальная сила вибрации равна нагрузке в 110кг. Диаметр чаши 140мм. Разряжение в ней (вакуум) создается и снимается одним нажатием рукояти. Изготавливается из прочного технического полимера. Эргономичная рукоятка разработана для большего удобства и безопасности работ.

Работает виброприсоска от сменного литий-ионного аккумулятора (Li-ion) 21V, 2000mAh. На корпусе есть индикатор уровня заряда. В комплекте 1 аккумулятор


ВАЖНО!!! Виброприсоску необходимо использовать для переноса либо для уплотнения основания и удаления воздуха вибрацией. 

ЗАПРЕЩАЕТСЯ присасывание к плитке путем нажатия на рукоять и одновременное включение вибрации. Несоблюдение правил эксплуатации может привести к порче оборудования.

",Инструмент для укладки плитки>Вибрационные присоски,11050,,https://stroitelnyiexpert.ru/wp-content/uploads/2025/04/Seans-v-studii-1432-scaled.jpg
1549,Виброприсоска для укладки плитки DLT Vibro PRO-MAX,"Вибрационная присоска (виброприсоска) DLT Vibro PRO-MAX – является самой мощной из нашего ассортимента и может применяться при работе с плиткой размером более 160см, выравнивания с вибрацией и переноски плитки, хорошо подойдет при работе с крупноформатом. Специально разработана для манипуляций и подъёма плитки с гладкой и шероховатой поверхностью, а также с небольшим рельефом. Используется для переноски и установки напольной и настенной плитки, что значительно повышает эффективность работы. Это устройство 2 в 1: присоска и минивибратор. Предназначена для уплотнения основания и удаления воздуха из-под плитки во время укладки. Это обеспечивает идеальную адгезию плитки к полу или стене. Небольшой размер и легкий вес делает данное оборудование очень удобным в использовании.

Постоянная и равномерно распределенная вибрация по силе сопоставимая с вибромашинами (виброутюгами) позволяет не повредить плиту, даже если в ней были выполнены отверстия или разрезы больших размеров. Частота вибрации регулируется, в соответствии с размером плитки и имеет 6 режимов , что значительно повышает эффективность работ. Также в DLT Vibro PRO-MAX стоит мощный бесщёточный двигатель.

Присоска представляет собой чашу, внутри которой помещена прочная резиновая нескользящая мембрана, обеспечивающая разряжение необходимое для надежного удержания изделий весом до 60кг., так как грузоподъемность у неё 60кг.

Чаша изготовлена из высококачественного полиуретана и не оставляет следов на плитке, имеет диаметр 166мм. Разряжение в ней (вакуум) создается и снимается одним нажатием рукояти. Изготавливается из металла. Эргономичная рукоятка разработана для большего удобства и безопасности работ.

Работает виброприсоска от сменного литий-ионного аккумулятора (Li-ion) 21V, 2000mAh. На корпусе есть индикатор уровня заряда. В комплекте 2 аккумулятора, что обеспечивает бесперебойность работы.


ВАЖНО!!! Виброприсоску необходимо использовать для переноса либо для уплотнения основания и удаления воздуха вибрацией. 

ЗАПРЕЩАЕТСЯ присасывание к плитке путем нажатия на рукоять и одновременно включение вибрации. Не соблюдение правил эксплуатации может привести к порче оборудования.",Инструмент для укладки плитки>Вибрационные присоски,14800,1,https://stroitelnyiexpert.ru/wp-content/uploads/2025/04/IMG_2362-scaled.jpg
50086,"Выдвижной универсальный строительный нож Rollingdog лезвие 19мм, серия Professional","Выдвижной универсальный строительный нож Rollingdog с лезвием лезвие 19мм, серия Professional, обладает прочным лезвием из высококачественной стали, которое легко справляется с различными материалами. Сменные трапециевидные лезвия с двойной заточкой делают работу с инструментом легкой, без необходимости заточки, полотно просто нужно повернуть другой стороной. Для безопасного хранения и транспортировки лезвие убирается в корпус. Смена лезвий производится нажатием одной кнопки.  Специальная форма рельефной рукоятки позволят ножу удобно лежать в руке, а металлический корпус обеспечивает высокую надежность.
",Малярный и штукатурный инструмент>Ножи малярные и лезвия к ним,1250,6,https://stroitelnyiexpert.ru/wp-content/uploads/2025/04/Seans-v-studii-1005-kopiya.jpg
1227,Газовый баллон Toua для строительного монтажного пистолета,"Газовый баллон для монтажных пистолетов Toua. Основной топливный элемент для газовых гвоздезабивных оборудований Toua, также подходит на другие модели газовых монтажных пистолетов.

Позволяет забить до 1500 гвоздей с одного баллона в зависимости от типа клапана, установленного на баллон.

Специальная смесь сжиженного газа и лубрикантов позволяет продолжительно использовать баллон без смазки основных узлов.",Монтажные пистолеты>Гвозди для монтажных пистолетов,1050,10,"https://stroitelnyiexpert.ru/wp-content/uploads/2025/04/img_2568_1-800x800-1.jpg,https://stroitelnyiexpert.ru/wp-content/uploads/2025/04/Imya-fotosessii-333-scaled.jpg,https://stroitelnyiexpert.ru/wp-content/uploads/2025/04/Imya-fotosessii-336.jpg"
139,Газовый гвоздезабивной монтажный пистолет TOUA GSN,"В нашей стране многие люди имеют лишь смутное представление о том, что такое строительный пистолет, хотя на западе этот прибор есть практически у каждого мастера. Газовый монтажный гвоздезабивной пистолет (более известный как нейлер) предназначен для забивания в различные поверхности металлических гвоздей длиной до 40 мм к поверхности из бетона, металла, кирпича. Монтаж направляющих, пластиковых клипс, кабельканалов, распаячных коробок, монтаж направляющих для гипсокартона и натяжных потолков, штукатурной сетки, гидроизоляционных мембран и т.д.

К сожалению, ещё лет 5 назад высокая стоимость не позволяла приобрести нейлер для большинства мастеров, однако с развитием технологий себестоимость данного оборудования значительно снизилась и сейчас во время высокой конкуренции любой уважающий себя и  ценящий своё здоровье мастер просто обязан его иметь так как во-первых данный пистолет увеличивает скорость выполнения работ в разы и помогает зарабатывать больше давая лучшую ставку для заказчика на работу, а с другой бережет ваше здоровье так как от перфоратора идет постоянная вибрация на суставы, пыль которой вы дышите и которая разрушает ваши легкие и разуметься высокий шум который с годами просто убивает слух.

Нейлером, можно выполнить работу более аккуратно, не опасаясь повредить чистовую заготовку. Вероятность травматизма очень маленькая, а вместо целой бригады, один человек сможет за день забить несколько тысяч гвоздей. Используя строительно монтажный пистолет, можно без засверливания загонять дюбеля в сталь, кирпичную кладку, бетон, металл, керамику, натуральный камень и другой материал.

Газовый строительный пистолет – это модель, имеющая ударный поршневой механизм, который приводится в действие взрывом небольшой порции газа, подаваемого из специального подключённого баллона. Сила взрыва передаётся на гвоздь и этой энергии хватает для практически моментального вбивания.


",Монтажные пистолеты>Монтажные гвоздезабивные пистолеты,48960,,"https://stroitelnyiexpert.ru/wp-content/uploads/2025/04/IMG_8677-scaled.jpg,https://stroitelnyiexpert.ru/wp-content/uploads/2025/04/IMG_8680-scaled.jpg,https://stroitelnyiexpert.ru/wp-content/uploads/2025/04/IMG_8683-kopiya-scaled.jpg,https://stroitelnyiexpert.ru/wp-content/uploads/2025/04/Imya-fotosessii-476-scaled.jpg,https://stroitelnyiexpert.ru/wp-content/uploads/2025/04/Imya-fotosessii-477-scaled.jpg,https://stroitelnyiexpert.ru/wp-content/uploads/2025/04/Imya-fotosessii-481-scaled.jpg,https://stroitelnyiexpert.ru/wp-content/uploads/2025/04/Imya-fotosessii-496-scaled.jpg,https://stroitelnyiexpert.ru/wp-content/uploads/2025/04/Imya-fotosessii-497-scaled.jpg,https://stroitelnyiexpert.ru/wp-content/uploads/2025/04/Imya-fotosessii-506-scaled.jpg,https://stroitelnyiexpert.ru/wp-content/uploads/2025/04/Imya-fotosessii-508-scaled.jpg,https://stroitelnyiexpert.ru/wp-content/uploads/2025/04/Imya-fotosessii-512-scaled.jpg,https://stroitelnyiexpert.ru/wp-content/uploads/2025/04/Imya-fotosessii-513-scaled.jpg,https://stroitelnyiexpert.ru/wp-content/uploads/2025/04/Imya-fotosessii-517-scaled.jpg,https://stroitelnyiexpert.ru/wp-content/uploads/2025/04/Imya-fotosessii-518-scaled.jpg"
FTP100,Гвоздодер BIHUI 100мм,"Гвоздодер BIHUI шириной 100мм поможет справиться с разными задачами в строительстве и ремонтных работах. Помогает выдернуть гвозди, шурупы и саморезы из деревянных, кирпичных и пластиковых изделий. Оснащен прочным полотном обеспечивая устойчивость на протяжении всего срока эксплуатации и удобной ручкой с прорезиненными вставками предотвращая скольжение и обеспечивая удобный захват.",Шпателя для механизированной шпатлевки>Многофункц. шпатели (скребки),1750,,https://stroitelnyiexpert.ru/wp-content/uploads/2025/04/FTP100_1-scaled.jpg
TKPF,Гелевые строительные наколенники BIHUI,"Профессиональные гелиевые наколенники BIHUI изготовлены из твёрдых материалов, защищающих от ударов и неровностей и мягких внутренних материалов, принимающих анатомические формы пользователя. Использование силиконового геля-наполнителя способствует высокой устойчивости и облегчает нагрузку на связки и сухожилия.

Эргономичные профессиональные гелиевые наколенники BIHUI удобны в использовании и эргономичны. В своей конструкции гелиевые строительные наколенники BIHUI сочетают жёсткие материалы, которые защищают от ударов и неровностей поверхностей и мягкие материалы во внутренней своей части, которые адаптируются к анатомии любого мастера.

Внешний каркас гелиевых наколенников BIHUI адаптируется как к неровностям поверхности, смягчая их воздействие, так и постоянным движениям пользователя абсолютно не препятствуя им.

Помимо защиты коленей пользователя наколенников BIHUI, использование в конструкции наколенников геля и их эргономика обеспечивает высокую устойчивость и снимает перенапряжения связок и суставов.

Наколенники BIHUI крепятся двумя широкими лентами, которые обеспечивают надёжное и комфортное крепление на ноге, а также имеют систему быстрого замка.
",Наколенники строительные,3500,2,https://stroitelnyiexpert.ru/wp-content/uploads/2025/04/Seans-v-studii-380-scaled.jpg
3581,Гидроиз лента(внеш угол)DLT 85*115мм,"Эластичная полимерная лента (внешний угол) для гидроизоляции угловых примыканий в гидроизоляционных системах, представляет собой эластичную паро- и водонепроницаемую резиновую ленту, помещенную между щелочестойким нетканым полипропиленовым полотном.

Лента гибкая и повторяет различные контуры основания. Может наноситься непосредственно на тонкослойный раствор, керамическую и каменную плитку, обеспечивает гидроизоляцию и изоляцию трещин/ перекрытие швов при укладке тонкослойной керамической и каменной плитки. Это идеальная мембрана для защиты основания от проникновения влаги.
",Инструмент для укладки плитки>Разделительные гидроизоляционные мембраны,850,5,"https://stroitelnyiexpert.ru/wp-content/uploads/2025/04/Seans-v-studii-232-scaled.jpg,https://stroitelnyiexpert.ru/wp-content/uploads/2025/04/Seans-v-studii-236-scaled.jpg,https://stroitelnyiexpert.ru/wp-content/uploads/2025/04/Seans-v-studii-244-scaled.jpg,https://stroitelnyiexpert.ru/wp-content/uploads/2025/04/Seans-v-studii-245.jpg"
3580,Гидроизол лента(внутр угол)DLT 95*120мм,"Эластичная полимерная лента (внутренний угол) для гидроизоляции угловых примыканий в гидроизоляционных системах, представляет собой эластичную паро- и водонепроницаемую резиновую ленту, помещенную между щелочестойким нетканым полипропиленовым полотном.

Лента гибкая и повторяет различные контуры основания. Может наноситься непосредственно на тонкослойный раствор, керамическую и каменную плитку, обеспечивает гидроизоляцию и изоляцию трещин/ перекрытие швов при укладке тонкослойной керамической и каменной плитки. Это идеальная мембрана для защиты основания от проникновения влаги.",Инструмент для укладки плитки>Разделительные гидроизоляционные мембраны,750,9,"https://stroitelnyiexpert.ru/wp-content/uploads/2025/04/Seans-v-studii-233-scaled.jpg,https://stroitelnyiexpert.ru/wp-content/uploads/2025/04/Seans-v-studii-237.jpg,https://stroitelnyiexpert.ru/wp-content/uploads/2025/04/Seans-v-studii-240-scaled.jpg,https://stroitelnyiexpert.ru/wp-content/uploads/2025/04/Seans-v-studii-241.jpg"
3574,"Гидроизол лента(оранж)DLT 12,5см*10м","Эластичная полимерная лента для гидроизоляции примыканий и швов в гидроизоляционных системах, обеспечивает рабочую эластичную зону по всей ширине за счет равномерного покрытия нетканым полипропиленовым полотном. Нетканый материал обеспечивает хорошую прочность сцепления клея между мембраной и основанием, а также между мембраной и покрытием из керамической плитки, камня. Мембрана специально разработана для обеспечения водонепроницаемости душевых кабин и других влажных помещений. Применяется для герметизации стыков, а также соединения «пол – стена», внутренние и наружные углы.

Лента гибкая и повторяет различные контуры основания, загибаясь вверх у стен и складываясь в углах. Может наноситься непосредственно на тонкослойный раствор, керамическую и каменную плитку, обеспечивает гидроизоляцию и изоляцию трещин/ перекрытие швов при укладке тонкослойной керамической и каменной плитки. Это идеальная мембрана для защиты основания от проникновения влаги.",Инструмент для укладки плитки>Разделительные гидроизоляционные мембраны,1350,8,"https://stroitelnyiexpert.ru/wp-content/uploads/2025/04/3574_1-scaled.jpg,https://stroitelnyiexpert.ru/wp-content/uploads/2025/04/3574_2-scaled.jpg,https://stroitelnyiexpert.ru/wp-content/uploads/2025/04/obshhij_2-1-scaled.jpg"
3583,Гидроизол манжета*(гидроиз пластырь)DLT 200*200мм Ø70-110мм,"Гидроизоляционная манжета (гидроизоляционный пластырь) DLT применяется для надежного уплотнения всех стандартных каналов и проходов для труб под облицовками из керамических плит, плиток, натурального камня. С обеих сторон покрыт специальной флизелиновой оболочкой. Например: душевых, санузлах, ванных комнатах и т.д.",Инструмент для укладки плитки>Разделительные гидроизоляционные мембраны,986,,"https://stroitelnyiexpert.ru/wp-content/uploads/2025/04/Seans-v-studii-230-scaled.jpg,https://stroitelnyiexpert.ru/wp-content/uploads/2025/04/Seans-v-studii-234-scaled.jpg,https://stroitelnyiexpert.ru/wp-content/uploads/2025/04/Seans-v-studii-243.jpg"
3576,Гидроизол полотно DLT(синее) 1*15м(15м2),"Мембрана на основе эластичного тонкого гидроизоляционного листа из полиэтилена, покрытого с обеих сторон нетканым материалом. Нетканый материал обеспечивает хорошую прочность сцепления клея между мембраной и основанием, а также между мембраной и покрытием из керамической плитки, камня. Мембрана специально разработана для обеспечения водонепроницаемости душевых кабин и других влажных помещений.

Мембрана гибкая и повторяет различные контуры основания, загибаясь вверх у стен и складываясь в углах. Может наноситься непосредственно на тонкослойный раствор, керамическую и каменную плитку, обеспечивает гидроизоляцию и изоляцию трещин (шириной до 1 мм без предварительного заделывания), перекрытие швов при укладке тонкослойной керамической и каменной плитки. Это идеальная мембрана для защиты основания от проникновения влаги.

Особенностью данной полотна в сравнении с аналогами является простота в монтаже за счет плотности и хорошо зафиксированного ворса.",Инструмент для укладки плитки>Разделительные гидроизоляционные мембраны,5300,3,"https://stroitelnyiexpert.ru/wp-content/uploads/2025/04/IMG_7560-scaled.jpg,https://stroitelnyiexpert.ru/wp-content/uploads/2025/04/IMG_7559-scaled.jpg,https://stroitelnyiexpert.ru/wp-content/uploads/2025/04/IMG_7552-scaled.jpg"
282061,"Гладилка угловая (кромкогиб), 150х75мм, TACTIX","Гладилка угловая (кромкогиб) TACTIX предназначена для закругления кромки в месте примыкания бетона к опалубке, что позволяет после распаковки получить аккуратный завальцованный край бетона который гораздо меньше будет подвержен скалыванию. Широко используется при работах по технологиям: декоративный,  печатный бетон, брашированный бетон(бетон под щетку). Также гладилку можно использовать для выравнивания наружных углов при строительстве или отделке помещений. Инструмент изготовлен из нержавеющей стали толщиной 1.2мм , что значительно повышает срок службы инструмента,а рукоятка выполнена из двухкомпонентного материала и позволяет использовать изделие в течении продолжительного времени. 
 
Длина полотна -150мм
Ширина полотна - 75мм;
Толщина 1,2 мм;
Мягкая двухкомпонентная рукоятка.",Шпателя для механизированной шпатлевки>Гладилки ,690,,"https://stroitelnyiexpert.ru/wp-content/uploads/2025/04/Seans-v-studii-283-scaled.jpg,https://stroitelnyiexpert.ru/wp-content/uploads/2025/04/Seans-v-studii-286-scaled.jpg,https://stroitelnyiexpert.ru/wp-content/uploads/2025/04/Seans-v-studii-287-scaled.jpg"
281040,"Гладилка угловая TACTIX, 405х115мм","Гладилка угловая TACTIX универсальный инструмент для работ по свежему бетону и разным видам штукатурки устраняет неровности, швы и прочие дефекты, также может быть использована для выравнивания наливных полов. Гладилка имеет заостренный край который поможет добиться хорошего результата даже в труднодоступных местах.
Двухкомпонентная рукоятка с нескользящим покрытием удобно лежит в руке обеспечивая максимальное удобство и лёгкость при эксплуатации. 
Гладилка изготовлена из высококачественных и прочных материалов, что придаёт ей устойчивость к механическим воздействиям и позволяет служить длительный срок в условиях интенсивной работы. Полотно изделия изготовлено из стали толщиной 0.7 мм, которая не подвергается коррозии.
Длина полотна -405мм
Ширина полотна - 115мм;
Толщина 0,7мм;
Мягкая двухкомпонентная рукоятка.",Шпателя для механизированной шпатлевки>Гладилки,1280,,"https://stroitelnyiexpert.ru/wp-content/uploads/2025/04/Seans-v-studii-282-scaled.jpg,https://stroitelnyiexpert.ru/wp-content/uploads/2025/04/Seans-v-studii-289-scaled.jpg,https://stroitelnyiexpert.ru/wp-content/uploads/2025/04/Seans-v-studii-290.jpg,https://stroitelnyiexpert.ru/wp-content/uploads/2025/04/Seans-v-studii-291.jpg"
PTSBPL,Гладилка BIHUI 280х120мм,"Профессиональный шпатель BIHUI премиум качества, из нержавеющей стали толщиной 0,7 мм и широким алюминиевым ребром жесткости. Идеально ровное и прочное лезвие.

Эргономичная рукоятка гребёнки изготовлена из прочного и лёгкого алюминия. Рабочая пластина гребёнок изготавливается из высокоустойчивой к истиранию нержавеющей стали. Гребёнки с открытой рукояткой облегчают контроль за движением во время нанесения материала. Профессиональные строители ценят оборудование с открытым типом рукоятки за его удобство.

Одна из особенностей всех гребёнок BIHUI — идеально ровная и гладкая поверхность рабочей пластины.",Шпателя для механизированной шпатлевки>Зубчатые шпатели (гребенки),950,3,https://stroitelnyiexpert.ru/wp-content/uploads/2025/04/IMG_2787-scaled.jpg
50148,Гладилка Rollingdog 400х100мм серия Professional,"Гладилка Rollingdog 400×100мм с острым концом - ручной инструмент, который можно использовать для нанесения на горизонтальные и вертикальные поверхности различных строительных смесей также применяется при работе со шпатлевкой, штукатуркой и другими смесями. Позволяет быстро и эффективно покрывать составами поверхности большой площади посредством нанесения тонких, ровных слоев, также может применятся для разглаживания наличного пола. Конструкция представляет собой плоское полотно с ручкой. Использование гладилки значительно упрощает штукатурные работы и по своим свойствам может легко заменить шпатель или гребенку. Обладает оптимальными размерами и относительно лёгким весом, что позволяет производить длительные работы без особых усилий. Двухкомпонентная рукоятка с нескользящим покрытием удобно лежит в руке обеспечивая максимальное удобство и лёгкость при эксплуатации. Гладилка изготовлена из высококачественных и прочных материалов, что придаёт ей устойчивость к механическим воздействиям и позволяет служить длительный срок в условиях интенсивной работы. Полотно изделия изготовлено из нержавеющей стали толщиной 0.8 мм, которая не подвергается коррозии.",Шпателя для механизированной шпатлевки>Гладилки,1450,,"https://stroitelnyiexpert.ru/wp-content/uploads/2025/04/50148_1-scaled.jpg,https://stroitelnyiexpert.ru/wp-content/uploads/2025/04/50148_2.jpg,https://stroitelnyiexpert.ru/wp-content/uploads/2025/04/50148_3-scaled.jpg,https://stroitelnyiexpert.ru/wp-content/uploads/2025/04/50148_4-scaled.jpg"
1153,"Гравер для шлиф,аккум DLT G-300","Угловой аккумуляторный гравер для резки и шлифовки DLT G-300 — это профессиональный инструмент, который станет незаменимым помощником при выполнении точных работ по резке керамогранита и шлифовке торцов. Особенностью данного гравера является его аккумуляторное питание. Это обеспечивает свободу действий и отсутствие необходимости в подключении к сети, что особенно актуально при работе на высоте или в труднодоступных местах. Мощность гравера составляет 80 Вт, что гарантирует высокую производительность и эффективность работы.

Гравер оснащен функцией регулировки скорости вращения с плавным пуском, обеспечивая безопасность и удобство использования и позволяя выбрать оптимальный режим работы для каждого конкретного материала и задачи. Диски крепятся винтом, что обеспечивает надежное крепление и стабильную работу.

Таким образом, угловой аккумуляторный гравер станет отличным выбором для профессионалов и любителей, которые ценят качество, эффективность и удобство в работе.



ВНИМАНИЕ!!! Не перегружайте электроинструмент, выбирайте нужный режим учитывая условия работы и выполняемую задачу. Перегрев и неправильная эксплуатация может привести к выходу из строя оборудования. Не предназначен для промышленного (беспрерывный процесс) использования.",Инструмент для укладки плитки>Граверы и оснастка,14960,,"https://stroitelnyiexpert.ru/wp-content/uploads/2025/04/Seans-v-studii-147-1-scaled.jpg,https://stroitelnyiexpert.ru/wp-content/uploads/2025/04/Seans-v-studii-272-scaled.jpg,https://stroitelnyiexpert.ru/wp-content/uploads/2025/04/Seans-v-studii-273-scaled.jpg,https://stroitelnyiexpert.ru/wp-content/uploads/2025/04/Seans-v-studii-274-scaled.jpg,https://stroitelnyiexpert.ru/wp-content/uploads/2025/04/Seans-v-studii-275.jpg,https://stroitelnyiexpert.ru/wp-content/uploads/2025/04/Seans-v-studii-276-scaled.jpg,https://stroitelnyiexpert.ru/wp-content/uploads/2025/04/Seans-v-studii-277-scaled.jpg,https://stroitelnyiexpert.ru/wp-content/uploads/2025/04/Seans-v-studii-278-scaled.jpg,https://stroitelnyiexpert.ru/wp-content/uploads/2025/04/Seans-v-studii-279-scaled.jpg,https://stroitelnyiexpert.ru/wp-content/uploads/2025/04/Seans-v-studii-280-scaled.jpg,https://stroitelnyiexpert.ru/wp-content/uploads/2025/04/Seans-v-studii-281-scaled.jpg,https://stroitelnyiexpert.ru/wp-content/uploads/2025/04/Seans-v-studii-282-1-scaled.jpg"
1151,Гравер DLT G-100,"Гравер представляет собой высококачественную компактную машину, которая подходит для сверления, резки, шлифовки и чистки благодаря установке соответствующих насадок в труднодоступных местах. Используйте инструменты и аксессуары только для тех работ, для которых они предназначены. Любое другое применение недопустимо. 

ВНИМАНИЕ!!! Не перегружайте электроинструмент, выбирайте нужный режим учитывая условия работы и выполняемую задачу. Перегрев и неправильная эксплуатация может привести к выходу из строя оборудования. Не предназначен для промышленного (беспрерывный процесс) использования.

И ещё один важный момент – реальная мощность машинки – 90Вт, однако у некоторых схожих моделей продавцы заявляют 350Вт, что является враньем, и попыткой таким образом «улучшить» характеристики. К примеру бормашина угловая, PROXXON № 28 492 имеет 100Вт мощности.",Инструмент для укладки плитки>Граверы и оснастка,10610,4,"https://stroitelnyiexpert.ru/wp-content/uploads/2025/04/Seans-v-studii-029-scaled.jpg,https://stroitelnyiexpert.ru/wp-content/uploads/2025/04/Seans-v-studii-031-scaled.jpg,https://stroitelnyiexpert.ru/wp-content/uploads/2025/04/Seans-v-studii-032.jpg,https://stroitelnyiexpert.ru/wp-content/uploads/2025/04/Seans-v-studii-033-scaled.jpg,https://stroitelnyiexpert.ru/wp-content/uploads/2025/04/Seans-v-studii-035-scaled.jpg,https://stroitelnyiexpert.ru/wp-content/uploads/2025/04/Seans-v-studii-150-1.jpg,https://stroitelnyiexpert.ru/wp-content/uploads/2025/04/Seans-v-studii-151-1.jpg,https://stroitelnyiexpert.ru/wp-content/uploads/2025/04/Seans-v-studii-428-scaled.jpg,https://stroitelnyiexpert.ru/wp-content/uploads/2025/04/Seans-v-studii-429-scaled.jpg,https://stroitelnyiexpert.ru/wp-content/uploads/2025/04/Seans-v-studii-430-scaled.jpg,https://stroitelnyiexpert.ru/wp-content/uploads/2025/04/Seans-v-studii-431-scaled.jpg"
PTSB10,Гребенка из нерж. стали BIHUI 280*120 мм,"Профессиональный зубчатый шпатель BIHUI премиум качества, из нержавеющей стали толщиной 0,7 мм и широким алюминиевым ребром жесткости с зубом 10 мм. Идеально ровное и прочное лезвие.

Эргономичная рукоятка гребёнки изготовлена из прочного и лёгкого алюминия. Рабочая пластина гребёнок изготавливается из высокоустойчивой к истиранию нержавеющей стали. Гребёнки с открытой рукояткой облегчают контроль за движением оборудования во время нанесения материала. Профессиональные строители ценят оборудование с открытым типом рукоятки за его удобство.

Одна из особенностей всех гребёнок BIHUI — идеально ровная и гладкая поверхность рабочей пластины.",Шпателя для механизированной шпатлевки>Зубчатые шпатели (гребенки),1250,4,https://stroitelnyiexpert.ru/wp-content/uploads/2025/04/Imya-fotosessii-323-scaled.jpg
PTSВ12,"Гребенка из нерж. стали BIHUY 280*115 мм, зуб 12 мм","Профессиональный зубчатый шпатель BIHUI премиум качества, из нержавеющей стали толщиной 0,7 мм и широким алюминиевым ребром жесткости с зубом 12 мм. Идеально ровное и прочное лезвие.

Эргономичная рукоятка гребёнки изготовлена из прочного и лёгкого алюминия. Рабочая пластина гребёнок изготавливается из высокоустойчивой к истиранию нержавеющей стали. Гребёнки с открытой рукояткой облегчают контроль за движением оборудования во время нанесения материала. Профессиональные строители ценят оборудование с открытым типом рукоятки за его удобство.

Одна из особенностей всех гребёнок BIHUI — идеально ровная и гладкая поверхность рабочей пластины.",Шпателя для механизированной шпатлевки>Зубчатые шпатели (гребенки),980,,https://stroitelnyiexpert.ru/wp-content/uploads/2025/04/Imya-fotosessii-324-scaled.jpg
PTSВ08,"Гребенка из нерж. стали BIHUY 280*115 мм, зуб 8 мм","Профессиональный зубчатый шпатель BIHUI премиум качества используется для нанесения и распределения по поверхности различных строительных смесей. Позволяет быстро и эффективно покрывать составами поверхности большой площади посредством нанесения тонких, ровных слоев. Рабочая часть гладилки изготавливается из высококачественной нержавеющей стали, с широким ребром жесткости, что существенно увеличивает жесткость и продлевает срок её службы. Эргономичная рукоять с нескользящим покрытием имеет удобный захват и крепится к лезвию с помощью заклепок, а зеркально отполированная рабочая часть снижает риск прилипания материала к полотну и обеспечивает гладкое покрытие без неровностей.",Шпателя для механизированной шпатлевки>Зубчатые шпатели (гребенки),1150,4,"https://stroitelnyiexpert.ru/wp-content/uploads/2025/03/PTSS08_1-scaled.jpg,https://stroitelnyiexpert.ru/wp-content/uploads/2025/03/PTSS08_2-scaled.jpg,https://stroitelnyiexpert.ru/wp-content/uploads/2025/03/PTSS08_3-scaled.jpg,https://stroitelnyiexpert.ru/wp-content/uploads/2025/03/PTSS08_4-scaled.jpg"
PTСВ10,"Гребенка из пружинной стали BIHUI 280*115 мм, зуб 8мм","Профессиональный зубчатый шпатель BIHUI премиум качества, из пружинной стали толщиной 0,6 мм и широким алюминиевым ребром жесткости. Идеально ровное и прочное лезвие с зубом 8 мм.

Эргономичная рукоятка гребёнки изготовлена из прочного и лёгкого алюминия. Рабочая пластина гребёнок изготавливается из высокоустойчивой к истиранию пружинной стали. Гребёнки с открытой рукояткой облегчают контроль за движением оборудования во время нанесения материала. Профессиональные строители ценят оборудование с открытым типом рукоятки за его удобство.

Одна из особенностей всех гребёнок BIHUI — идеально ровная и гладкая поверхность рабочей пластины.",Шпателя для механизированной шпатлевки>Зубчатые шпатели (гребенки) ,980,,https://stroitelnyiexpert.ru/wp-content/uploads/2025/04/Grebenka_2_1-scaled.jpg
PTMN06,"Гребенка BIHUY 160*115 мм, зуб 8 мм","Профессиональный зубчатый шпатель BIHUI премиум качества используется для нанесения и распределения по поверхности различных строительных смесей. Позволяет быстро и эффективно покрывать составами поверхности посредством нанесения тонких, ровных слоев. Рабочая часть гладилки изготавливается из высококачественной нержавеющей стали, с широким алюминиевым ребром жесткости, что существенно увеличивает жесткость и продлевает срок её службы. Эргономичная рукоять с нескользящим покрытием имеет удобный захват и крепится к лезвию с помощью заклепок, а зеркально отполированная рабочая часть снижает риск прилипания материала к полотну и обеспечивает гладкое покрытие без неровностей, а небольшие размеры будут удобны при работе в труднодоступных местах.
",Шпателя для механизированной шпатлевки>Зубчатые шпатели (гребенки),800,,"https://stroitelnyiexpert.ru/wp-content/uploads/2025/04/PTMN06_4.jpg,https://stroitelnyiexpert.ru/wp-content/uploads/2025/04/PTMN06_3-scaled.jpg,https://stroitelnyiexpert.ru/wp-content/uploads/2025/04/PTMN06_2-scaled.jpg,https://stroitelnyiexpert.ru/wp-content/uploads/2025/04/PTMN06_1-scaled.jpg"
PTSL10,"Гребенка BIHUY 320*120 мм, зуб 10мм","Профессиональный зубчатый шпатель BIHUI премиум качества, из нержавеющей стали толщиной 0,7 мм и широким алюминиевым ребром жесткости с зубом 10 мм. Идеально ровное и прочное лезвие.

Эргономичная рукоятка гребёнки изготовлена из прочного и лёгкого алюминия. Рабочая пластина гребёнок изготавливается из высокоустойчивой к истиранию нержавеющей стали. Гребёнки с открытой рукояткой облегчают контроль за движением оборудования во время нанесения материала. Профессиональные строители ценят оборудование с открытым типом рукоятки за его удобство.

Одна из особенностей всех гребёнок BIHUI — идеально ровная и гладкая поверхность рабочей пластины.",Шпателя для механизированной шпатлевки>Зубчатые шпатели (гребенки),1150,,"https://stroitelnyiexpert.ru/wp-content/uploads/2025/04/PTSL10_1-scaled.jpg,https://stroitelnyiexpert.ru/wp-content/uploads/2025/04/PTSL10_2.jpg,https://stroitelnyiexpert.ru/wp-content/uploads/2025/04/PTSL10_3-scaled.jpg,https://stroitelnyiexpert.ru/wp-content/uploads/2025/04/PTSL10_4-scaled.jpg"
PTSL06,"Гребенка BIHUY 320*120 мм, зуб 6 мм","Профессиональный зубчатый шпатель BIHUI премиум качества используется для нанесения и распределения по поверхности различных строительных смесей. Позволяет быстро и эффективно покрывать составами поверхности большой площади посредством нанесения тонких, ровных слоев. Рабочая часть гладилки изготавливается из высококачественной нержавеющей стали, с широким алюминиевым ребром жесткости, что существенно увеличивает жесткость и продлевает срок её службы. Эргономичная рукоять с нескользящим покрытием имеет удобный захват и крепится к лезвию с помощью 13 заклепок, а зеркально отполированная рабочая часть снижает риск прилипания материала к полотну и обеспечивает гладкое покрытие без неровностей.",Шпателя для механизированной шпатлевки>Зубчатые шпатели (гребенки) ,1280,,"https://stroitelnyiexpert.ru/wp-content/uploads/2025/04/PTSL06_1-scaled.jpg,https://stroitelnyiexpert.ru/wp-content/uploads/2025/04/PTSL06_2.jpg,https://stroitelnyiexpert.ru/wp-content/uploads/2025/04/PTSL06_3-scaled.jpg,https://stroitelnyiexpert.ru/wp-content/uploads/2025/04/PTSL06_4-scaled.jpg"
PTSM10,"Гребенка BIHUY 480*120 мм, зуб 10 мм","Профессиональный зубчатый шпатель BIHUI премиум качества используется для нанесения и распределения по поверхности различных строительных смесей. Позволяет быстро и эффективно покрывать составами поверхности большой площади посредством нанесения тонких, ровных слоев. Рабочая часть шпателя изготавливается из высококачественной нержавеющей стали, а благодаря большому лезвию клей можно наносить в два раза быстрее, что делает его незаменимым инструментом для любого плиточника. Длинная металлическая ручка позволяет держать шпатель двумя руками, что особенно полезно, если клей для плитки более густой, чем обычно, зеркально отполированная рабочая часть снижает риск прилипания материала к полотну и обеспечивает гладкое покрытие без неровностей.",Шпателя для механизированной шпатлевки>Зубчатые шпатели (гребенки),1570,1,"https://stroitelnyiexpert.ru/wp-content/uploads/2025/03/PTSM10_1-scaled.jpg,https://stroitelnyiexpert.ru/wp-content/uploads/2025/03/PTSM10_2-scaled.jpg,https://stroitelnyiexpert.ru/wp-content/uploads/2025/03/PTSM10_3-scaled.jpg,https://stroitelnyiexpert.ru/wp-content/uploads/2025/03/PTSM10_4-scaled.jpg"
PTSM12,"Гребенка BIHUY 480*120 мм, зуб 12 мм","Профессиональный зубчатый шпатель BIHUI премиум качества используется для нанесения и распределения по поверхности различных строительных смесей. Позволяет быстро и эффективно покрывать составами поверхности большой площади посредством нанесения тонких, ровных слоев. Рабочая часть шпателя изготавливается из высококачественной нержавеющей стали, а благодаря большому лезвию клей можно наносить в два раза быстрее, что делает его незаменимым инструментом для любого плиточника. Длинная металлическая ручка позволяет держать шпатель двумя руками, что особенно полезно, если клей для плитки более густой, чем обычно, зеркально отполированная рабочая часть снижает риск прилипания материала к полотну и обеспечивает гладкое покрытие без неровностей.",Шпателя для механизированной шпатлевки>Зубчатые шпатели (гребенки),1850,1,"https://stroitelnyiexpert.ru/wp-content/uploads/2025/03/PTSM12_1-scaled.jpg,https://stroitelnyiexpert.ru/wp-content/uploads/2025/03/PTSM12_2-scaled.jpg,https://stroitelnyiexpert.ru/wp-content/uploads/2025/03/PTSM12_3-scaled.jpg,https://stroitelnyiexpert.ru/wp-content/uploads/2025/03/PTSM12_4-scaled.jpg"
PTSM08,"Гребенка BIHUY 480*120 мм, зуб 8 мм","Профессиональный зубчатый шпатель BIHUI премиум качества используется для нанесения и распределения по поверхности различных строительных смесей. Позволяет быстро и эффективно покрывать составами поверхности большой площади посредством нанесения тонких, ровных слоев. Рабочая часть шпателя изготавливается из высококачественной нержавеющей стали, а благодаря большому лезвию клей можно наносить в два раза быстрее, что делает его незаменимым инструментом для любого плиточника. Длинная металлическая ручка позволяет держать шпатель двумя руками, что особенно полезно, если клей для плитки более густой, чем обычно, зеркально отполированная рабочая часть снижает риск прилипания материала к полотну и обеспечивает гладкое покрытие без неровностей.",Шпателя для механизированной шпатлевки>Зубчатые шпатели (гребенки),1570,1,"https://stroitelnyiexpert.ru/wp-content/uploads/2025/03/PTSM08_1-scaled.jpg,https://stroitelnyiexpert.ru/wp-content/uploads/2025/03/PTSM08_2-scaled.jpg,https://stroitelnyiexpert.ru/wp-content/uploads/2025/03/PTSM08_3-scaled.jpg,https://stroitelnyiexpert.ru/wp-content/uploads/2025/03/PTSM08_4-scaled.jpg"
50146,"Гребенка Rollingdog T1000 280x115 мм, зуб 10 мм, серия Professional","Профессиональный зубчатый шпатель Rollingdog (гладилка) используется для нанесения и распределения по поверхности различных строительных смесей. Позволяет быстро и эффективно покрывать составами поверхности большой площади посредством нанесения тонких, ровных слоев. Рабочая часть гладилки изготавливается из высококачественной нержавеющей стали, с широким алюминиевым ребром жесткости, что существенно увеличивает жесткость и продлевает срок её службы. Эргономичная рукоять с нескользящим покрытием обеспечивает удобный захват и комфорт во время работы, а зеркально отполированная рабочая часть снижает риск прилипания материала к полотну и обеспечивает гладкое покрытие без неровностей.",Шпателя для механизированной шпатлевки>Зубчатые шпатели (гребенки),1150,3,"https://stroitelnyiexpert.ru/wp-content/uploads/2025/04/50146_1-scaled.jpg,https://stroitelnyiexpert.ru/wp-content/uploads/2025/04/50146_2.jpg,https://stroitelnyiexpert.ru/wp-content/uploads/2025/04/50146_3-scaled.jpg,https://stroitelnyiexpert.ru/wp-content/uploads/2025/04/50146_4-scaled.jpg"
50101,"Гребенка Rollingdog T1000 280x115 мм, зуб 4 мм, серия Professional","Профессиональный зубчатый шпатель Rollingdog (гладилка) используется для нанесения и распределения по поверхности различных строительных смесей. Позволяет быстро и эффективно покрывать составами поверхности большой площади посредством нанесения тонких, ровных слоев. Рабочая часть гладилки изготавливается из высококачественной нержавеющей стали, с широким алюминиевым ребром жесткости, что существенно увеличивает жесткость и продлевает срок её службы. Эргономичная рукоять с нескользящим покрытием обеспечивает удобный захват и комфорт во время работы, а зеркально отполированная рабочая часть снижает риск прилипания материала к полотну и обеспечивает гладкое покрытие без неровностей.",Шпателя для механизированной шпатлевки>Зубчатые шпатели (гребенки),1150,5,"https://stroitelnyiexpert.ru/wp-content/uploads/2025/04/50101_1-scaled.jpg,https://stroitelnyiexpert.ru/wp-content/uploads/2025/04/50101_2.jpg,https://stroitelnyiexpert.ru/wp-content/uploads/2025/04/50101_3-scaled.jpg,https://stroitelnyiexpert.ru/wp-content/uploads/2025/04/50101_4-scaled.jpg"
CFHB160,Губка 2х стор для затир BIHUI 160*100*60мм,"Губка строительная для затирки BIHUI, полиуретан, универсальная и предназначена для мытья различных поверхностей, в том числе любых видов плитки, натурального камня и стеклянной мозаики. Она имеет крупнопористую структуру, не теряет форму и быстро восстанавливается, ее пористая структура обеспечивает обильную пену, что делает очистку поверхностей легкой и эффективной. Также за счет своей структуры она отлично формирует и разглаживает швы.",Инструмент для укладки плитки>Губки,272,,"https://stroitelnyiexpert.ru/wp-content/uploads/2025/04/Seans-v-studii-254-scaled.jpg,https://stroitelnyiexpert.ru/wp-content/uploads/2025/04/Seans-v-studii-255-scaled.jpg,https://stroitelnyiexpert.ru/wp-content/uploads/2025/04/Seans-v-studii-259.jpg"
CFHM190,Губка 2х стор для затир BIHUI 190*120*50мм,"Губка строительная для затирки BIHUI, полиуретан, комбинированная. Губка универсальная и предназначена для мытья различных поверхностей, в том числе любых видов плитки, натурального камня и стеклянной мозаики. Она имеет двухслойную структуру: слой из ретикулированного поролона используется для первичной очистки, а мягкий — для финишной обработки поверхности и удаления воды. Двухслойная структура позволяет проводить грубую очистку и мытье гораздо быстрее. Уникальные гидрофильные свойства, отлично впитывает и отдает воду, обеспечивающие долговечность и высокую водоудерживающую способность.
",Инструмент для укладки плитки>Губки,374,,"https://stroitelnyiexpert.ru/wp-content/uploads/2025/04/Seans-v-studii-197-scaled.jpg,https://stroitelnyiexpert.ru/wp-content/uploads/2025/04/Seans-v-studii-199-scaled.jpg,https://stroitelnyiexpert.ru/wp-content/uploads/2025/04/Seans-v-studii-200-scaled.jpg,https://stroitelnyiexpert.ru/wp-content/uploads/2025/04/Seans-v-studii-201.jpg,https://stroitelnyiexpert.ru/wp-content/uploads/2025/04/Seans-v-studii-202.jpg"
CFHSW11,Губка 2х стор для затир BIHUI 280*140*30мм,"Губка премиум качества. Имеет высокую «впитываемость». Размер губки 280x140x30 мм, позволяют охватывать большую площадь поверхности. Губками BIHUI профессиональные плиточники могут выполнять широчайший спектр работ с любыми типами поверхностей, но особенно работы по очистке после укладки плитки.

Губка BIHUI имеет высокий уровень «впитываемости». Производится из мягкого полиуретана на полиэфирной основе. Высокая поглощаемость и устойчивость к истиранию превращают её в идеальный инструмент для работ с любыми типами поверхностей и в особенности шероховатых. Не рекомендуется использовать с чистящими средствами на кислотной основе.

Эргономичная пластиковая рукоятка имеет круглое сечение и очень удобна для пользователя. Рукоятка и пластина составляют единое целое, что обеспечивает их прочность, надёжность и долговечность.",Инструмент для укладки плитки>Губки,850,1,"https://stroitelnyiexpert.ru/wp-content/uploads/2025/04/Seans-v-studii-436-scaled.jpg,https://stroitelnyiexpert.ru/wp-content/uploads/2025/04/Seans-v-studii-438-scaled.jpg,https://stroitelnyiexpert.ru/wp-content/uploads/2025/04/Seans-v-studii-439-2.jpg"
CFHB160,"Губка строительная для затирки BIHUI, полиуретан","Губка строительная для затирки BIHUI, полиуретан, универсальная и предназначена для мытья различных поверхностей, в том числе любых видов плитки, натурального камня и стеклянной мозаики. Она имеет крупнопористую структуру, не теряет форму и быстро восстанавливается, ее пористая структура обеспечивает обильную пену, что делает очистку поверхностей легкой и эффективной. Также за счет своей структуры она отлично формирует и разглаживает швы.",Инструмент для укладки плитки>Губки,400,4,"https://stroitelnyiexpert.ru/wp-content/uploads/2025/04/Seans-v-studii-254-1-scaled.jpg,https://stroitelnyiexpert.ru/wp-content/uploads/2025/04/Seans-v-studii-255-1-scaled.jpg,https://stroitelnyiexpert.ru/wp-content/uploads/2025/04/Seans-v-studii-259-1.jpg"
8127,"Губка универсальная DLT, 190x130x50мм","Губка универсальная DLT, предназначена для мытья различных поверхностей, в том числе для очистки керамической плитки и стеклянной мозаики после эпоксидной затирки. Размер губки 190x130x50мм., что позволяет охватывать большую площадь поверхности.

Губками DLT профессиональные плиточники могут выполнять широчайший спектр работ с любыми типами поверхностей, но особенно работы по очистки после укладки плитки.",Инструмент для укладки плитки>Губки,250,,"https://stroitelnyiexpert.ru/wp-content/uploads/2025/04/IMG_5901-scaled.jpg,https://stroitelnyiexpert.ru/wp-content/uploads/2025/04/IMG_5903-scaled.jpg,https://stroitelnyiexpert.ru/wp-content/uploads/2025/04/IMG_5905-scaled.jpg"
TDZD,Дверь защитная многоразовая на молнии против пыли BIHUI,"Временная защитная дверь BIHUI используется во время строительных работ для защиты от попадания грязи, пыли, краски и следов других строительных материалов. В случае если ремонт выполняется только в одной комнате временная дверь эффективно предотвратит распространение строительного мусора по всей квартире. ",Малярный и штукатурный инструмент>Двери временные для малярных работ,1450,3,"https://stroitelnyiexpert.ru/wp-content/uploads/2025/04/IMG_2798-scaled.jpg,https://stroitelnyiexpert.ru/wp-content/uploads/2025/04/IMG_2797-scaled.jpg,https://stroitelnyiexpert.ru/wp-content/uploads/2025/04/IMG_2812-scaled.jpg,https://stroitelnyiexpert.ru/wp-content/uploads/2025/04/IMG_2815-scaled.jpg"
SCDB4,Двой присоска для шерох поверх BIHUI 85кг,"Двойная присоска BIHUI специально разработана для манипуляций и подъёма  плитки с шероховатой поверхностью или с небольшим рельефом, не оставляет пятен на плитки. Устройство представляет собой две чашки, соединенные рукоятью, выполненные из литого алюминия. Грузоподъемность 85кг. Диаметр чашек 115 мм. Разряжение в них (вакуум) создается и снимается одним поворотом пластиковых рычажков, индивидуально для каждой.

Структура двойной присоски BIHUI изготавливается из прочного алюминия. Эргономичная рукоятка разработана для большего удобства и безопасности работ с тяжёлой керамикой и позволяет снизить затрачиваемые усилия и усталость.

С каждым годом объём укладываемой керамики большого формата увеличивается, и использование в процессе укладки присосок также растёт и становится более важным. Также увеличивается количество плитки с шероховатой и рельефной поверхностью, что заставляет профессионалов выбирать необходимые приспособления.

Благодаря концентрической форме и специальной резиновой основы, присоски BIHUI идеально подходят для манипуляций с шероховатой или слегка структурной поверхностью (неглубокий рельеф).",Инструмент для укладки плитки>Присоски для плитки и стекла>Обычные присоски,2400,2,"https://stroitelnyiexpert.ru/wp-content/uploads/2025/04/IMG_2021-scaled.jpg,https://stroitelnyiexpert.ru/wp-content/uploads/2025/04/IMG_2022-scaled.jpg,https://stroitelnyiexpert.ru/wp-content/uploads/2025/04/IMG_2023-scaled.jpg,https://stroitelnyiexpert.ru/wp-content/uploads/2025/04/IMG_2027-scaled.jpg,https://stroitelnyiexpert.ru/wp-content/uploads/2025/04/IMG_2028-scaled.jpg,https://stroitelnyiexpert.ru/wp-content/uploads/2025/04/IMG_2029-scaled.jpg,https://stroitelnyiexpert.ru/wp-content/uploads/2025/04/IMG_2030-scaled.jpg"