Название,Родительская категория>Подкатегория>Подподкатегория,Артикул,ЦенаRUB,
"Плиткорез электрический DLT OptiTronic Auto-1200 (версия PRO) с АВТОМАТИКОЙ (SHIJING 9033), арт.1838",Плиткорезы электрические (камнерезы/мокрорезы)>Плиткорезы DLT,1838,138 433.44,"https://dlt.by/image/catalog/easyphoto/2999/plitkorez-elektricheskiy-dlt-optitronic-auto-1200-versiya-pro-s-avtomatikoy-shijing-9033-1.jpg,https://dlt.by/image/catalog/easyphoto/2999/plitkorez-elektricheskiy-dlt-optitronic-auto-1200-versiya-pro-s-avtomatikoy-shijing-9033-2.png,https://dlt.by/image/catalog/easyphoto/2999/plitkorez-elektricheskiy-dlt-optitronic-auto-1200-versiya-pro-s-avtomatikoy-shijing-9033-3.png,https://dlt.by/image/catalog/easyphoto/2999/plitkorez-elektricheskiy-dlt-optitronic-auto-1200-versiya-pro-s-avtomatikoy-shijing-9033-5.png,https://dlt.by/image/catalog/easyphoto/2999/plitkorez-elektricheskiy-dlt-optitronic-auto-1200-versiya-pro-s-avtomatikoy-shijing-9033-6.png,https://dlt.by/image/catalog/easyphoto/2999/plitkorez-elektricheskiy-dlt-optitronic-auto-1200-versiya-pro-s-avtomatikoy-shijing-9033-7.png,https://dlt.by/image/catalog/easyphoto/2999/plitkorez-elektricheskiy-dlt-optitronic-auto-1200-versiya-pro-s-avtomatikoy-shijing-9033-8.png,https://dlt.by/image/catalog/easyphoto/2999/plitkorez-elektricheskiy-dlt-optitronic-auto-1200-versiya-pro-s-avtomatikoy-shijing-9033-9.png,https://dlt.by/image/catalog/easyphoto/2999/plitkorez-elektricheskiy-dlt-optitronic-auto-1200-versiya-pro-s-avtomatikoy-shijing-9033-10.png,https://dlt.by/image/catalog/easyphoto/2999/plitkorez-elektricheskiy-dlt-optitronic-auto-1200-versiya-pro-s-avtomatikoy-shijing-9033-11.png,https://dlt.by/image/catalog/easyphoto/2999/plitkorez-elektricheskiy-dlt-optitronic-auto-1200-versiya-pro-s-avtomatikoy-shijing-9033-12.png,https://dlt.by/image/catalog/easyphoto/2999/plitkorez-elektricheskiy-dlt-optitronic-auto-1200-versiya-pro-s-avtomatikoy-shijing-9033-13.png,https://dlt.by/image/catalog/easyphoto/2999/plitkorez-elektricheskiy-dlt-optitronic-auto-1200-versiya-pro-s-avtomatikoy-shijing-9033-14.png,https://dlt.by/image/catalog/easyphoto/2999/plitkorez-elektricheskiy-dlt-optitronic-auto-1200-versiya-pro-s-avtomatikoy-shijing-9033-15.png,https://dlt.by/image/catalog/easyphoto/2999/plitkorez-elektricheskiy-dlt-optitronic-auto-1200-versiya-pro-s-avtomatikoy-shijing-9033-16.png,https://dlt.by/image/catalog/easyphoto/2999/plitkorez-elektricheskiy-dlt-optitronic-auto-1200-versiya-pro-s-avtomatikoy-shijing-9033-17.jpg,https://dlt.by/image/catalog/easyphoto/2999/plitkorez-elektricheskiy-dlt-optitronic-auto-1200-versiya-pro-s-avtomatikoy-shijing-9033-18.jpg,https://dlt.by/image/catalog/easyphoto/2999/plitkorez-elektricheskiy-dlt-optitronic-auto-1200-versiya-pro-s-avtomatikoy-shijing-9033-19.jpg,https://dlt.by/image/catalog/easyphoto/2999/plitkorez-elektricheskiy-dlt-optitronic-auto-1200-versiya-pro-s-avtomatikoy-shijing-9033-20.jpg,https://dlt.by/image/catalog/easyphoto/2999/plitkorez-elektricheskiy-dlt-optitronic-auto-1200-versiya-pro-s-avtomatikoy-shijing-9033-21.jpg,https://dlt.by/image/catalog/easyphoto/2999/plitkorez-elektricheskiy-dlt-optitronic-auto-1200-versiya-pro-s-avtomatikoy-shijing-9033-22.jpg,https://dlt.by/image/catalog/easyphoto/2999/plitkorez-elektricheskiy-dlt-optitronic-auto-1200-versiya-pro-s-avtomatikoy-shijing-9033-23.jpg,https://dlt.by/image/catalog/easyphoto/2999/plitkorez-elektricheskiy-dlt-optitronic-auto-1200-versiya-pro-s-avtomatikoy-shijing-9033-24.png,https://dlt.by/image/catalog/easyphoto/2999/plitkorez-elektricheskiy-dlt-optitronic-auto-1200-versiya-pro-s-avtomatikoy-shijing-9033-25.png,https://dlt.by/image/catalog/easyphoto/2999/plitkorez-elektricheskiy-dlt-optitronic-auto-1200-versiya-pro-s-avtomatikoy-shijing-9033-26.png,https://dlt.by/image/catalog/easyphoto/2999/plitkorez-elektricheskiy-dlt-optitronic-auto-1200-versiya-pro-s-avtomatikoy-shijing-9033-27.png,https://dlt.by/image/catalog/easyphoto/2999/plitkorez-elektricheskiy-dlt-optitronic-auto-1200-versiya-pro-s-avtomatikoy-shijing-9033-28.png,https://dlt.by/image/catalog/easyphoto/2999/plitkorez-elektricheskiy-dlt-optitronic-auto-1200-versiya-pro-s-avtomatikoy-shijing-9033-29.png,https://dlt.by/image/catalog/easyphoto/2999/plitkorez-elektricheskiy-dlt-optitronic-auto-1200-versiya-pro-s-avtomatikoy-shijing-9033-30.png,https://dlt.by/image/catalog/easyphoto/2999/plitkorez-elektricheskiy-dlt-optitronic-auto-1200-versiya-pro-s-avtomatikoy-shijing-9033-31.png,https://dlt.by/image/catalog/easyphoto/2999/plitkorez-elektricheskiy-dlt-optitronic-auto-1200-versiya-pro-s-avtomatikoy-shijing-9033-32.png,https://dlt.by/image/catalog/easyphoto/2999/plitkorez-elektricheskiy-dlt-optitronic-auto-1200-versiya-pro-s-avtomatikoy-shijing-9033-33.png,https://dlt.by/image/catalog/easyphoto/2999/plitkorez-elektricheskiy-dlt-optitronic-auto-1200-versiya-pro-s-avtomatikoy-shijing-9033-34.png,https://dlt.by/image/catalog/easyphoto/2999/plitkorez-elektricheskiy-dlt-optitronic-auto-1200-versiya-pro-s-avtomatikoy-shijing-9033-35.png,https://dlt.by/image/catalog/easyphoto/2999/plitkorez-elektricheskiy-dlt-optitronic-auto-1200-versiya-pro-s-avtomatikoy-shijing-9033-36.png,https://dlt.by/image/catalog/easyphoto/2999/plitkorez-elektricheskiy-dlt-optitronic-auto-1200-versiya-pro-s-avtomatikoy-shijing-9033-37.png,https://dlt.by/image/catalog/easyphoto/2999/plitkorez-elektricheskiy-dlt-optitronic-auto-1200-versiya-pro-s-avtomatikoy-shijing-9033-38.png,https://dlt.by/image/catalog/easyphoto/2999/plitkorez-elektricheskiy-dlt-optitronic-auto-1200-versiya-pro-s-avtomatikoy-shijing-9033-39.png,https://dlt.by/image/catalog/easyphoto/2999/plitkorez-elektricheskiy-dlt-optitronic-auto-1200-versiya-pro-s-avtomatikoy-shijing-9033-40.png,https://dlt.by/image/catalog/easyphoto/2999/plitkorez-elektricheskiy-dlt-optitronic-auto-1200-versiya-pro-s-avtomatikoy-shijing-9033-41.png,https://dlt.by/image/catalog/easyphoto/2999/plitkorez-elektricheskiy-dlt-optitronic-auto-1200-versiya-pro-s-avtomatikoy-shijing-9033-42.png,https://dlt.by/image/catalog/easyphoto/2999/plitkorez-elektricheskiy-dlt-optitronic-auto-1200-versiya-pro-s-avtomatikoy-shijing-9033-43.jpg,https://dlt.by/image/catalog/easyphoto/2999/plitkorez-elektricheskiy-dlt-optitronic-auto-1200-versiya-pro-s-avtomatikoy-shijing-9033-44.jpg,https://dlt.by/image/catalog/easyphoto/2999/plitkorez-elektricheskiy-dlt-optitronic-auto-1200-versiya-pro-s-avtomatikoy-shijing-9033-45.jpg,https://dlt.by/image/catalog/easyphoto/2999/plitkorez-elektricheskiy-dlt-optitronic-auto-1200-versiya-pro-s-avtomatikoy-shijing-9033-46.jpg,https://dlt.by/image/catalog/easyphoto/2999/plitkorez-elektricheskiy-dlt-optitronic-auto-1200-versiya-pro-s-avtomatikoy-shijing-9033-47.jpg"
"Зажим для выравнивания плитки (СВП) Profi Level Master 1,4 мм 300 шт, арт.2675",Система выравнивания плитки (СВП)>СВП Profi Level Master,2675,571.79,"https://dlt.by/image/catalog/easyphoto/3001/zazhim-dlya-vyravnivaniya-plitki-profi-level-master-1-4-mm-300-sht-5.jpg,https://dlt.by/image/catalog/easyphoto/3001/zazhim-dlya-vyravnivaniya-plitki-profi-level-master-1-4-mm-300-sht-3.jpg,https://dlt.by/image/catalog/easyphoto/3001/zazhim-dlya-vyravnivaniya-plitki-profi-level-master-1-4-mm-300-sht-4.jpg,https://dlt.by/image/catalog/easyphoto/3001/zazhim-dlya-vyravnivaniya-plitki-profi-level-master-1-4-mm-300-sht-6.jpg,https://dlt.by/image/catalog/easyphoto/3001/zazhim-dlya-vyravnivaniya-plitki-profi-level-master-1-4-mm-300-sht-7.jpg,,,,,,,,,,,,,,,,,,,,,,,,,,,,,,,,,,,,,,,,,"
"Кожух для гравера DLT G-100 (под быстрозажимной патрон), арт. 3590",Инструмент для укладки плитки>Кожухи для УШМ/Пылеуловители/Кондукторы,3590,1 203.77,"https://dlt.by/image/catalog/easyphoto/4319/kozhuh-dlya-gravera-dlt-g-100-pod-bystrozazhimnoy-patron-art-3590-2.jpg,https://dlt.by/image/catalog/easyphoto/4319/kozhuh-dlya-gravera-dlt-g-100-pod-bystrozazhimnoy-patron-art-3590-3.jpg,,,,,,,,,,,,,,,,,,,,,,,,,,,,,,,,,,,,,,,,,,,,"
"Маяк для наливного пола 70 мм 3D KRESTIKI (50 шт.), арт.2717",Система выравнивания плитки (СВП),2717,722.26,"https://dlt.by/image/catalog/tovar/svp_new/mayak/1_1_1.jpg,,,,,,,,,,,,,,,,,,,,,,,,,,,,,,,,,,,,,,,,,,,,,"
"Гребенка для плитки DLT, 10мм, арт.1585",Инструмент для укладки плитки>Гребенки>Зуб 10мм,1585,782.45,"https://dlt.by/image/catalog/easyphoto/3005/grebenka-dlya-plitki-dlt-10mm-art-1585-1.jpg,https://dlt.by/image/catalog/easyphoto/3005/grebenka-dlya-plitki-dlt-10mm-art-1585-3.jpg,https://dlt.by/image/catalog/easyphoto/3005/grebenka-dlya-plitki-dlt-10mm-art-1585-2.jpg,,,,,,,,,,,,,,,,,,,,,,,,,,,,,,,,,,,,,,,,,,,"
"Запасная ручка для плиткорезов DLT OPTIMA, арт.2438",Запчасти>Плиткорезы ручные,2438,7 523.56,"https://dlt.by/image/catalog/easyphoto/3006/zapasnaya-ruchka-dlya-plitkorezov-dlt-optima-2.jpg,https://dlt.by/image/catalog/easyphoto/3006/zapasnaya-ruchka-dlya-plitkorezov-dlt-optima-3.jpg,https://dlt.by/image/catalog/easyphoto/3006/zapasnaya-ruchka-dlya-plitkorezov-dlt-optima-4.jpg,https://dlt.by/image/catalog/easyphoto/3006/zapasnaya-ruchka-dlya-plitkorezov-dlt-optima-5.jpg,https://dlt.by/image/catalog/easyphoto/3006/zapasnaya-ruchka-dlya-plitkorezov-dlt-optima-6.jpg,,,,,,,,,,,,,,,,,,,,,,,,,,,,,,,,,,,,,,,,,"
Набор алмазных коронок №12/TOP,Алмазная оснастка>Алмазные коронки для плитки>Наборы алмазных коронок,0001,13 993.82,"https://dlt.by/image/catalog/easyphoto/3111/nabor-almaznyh-koronok-12-top-2.jpg,https://dlt.by/image/catalog/easyphoto/3111/nabor-almaznyh-koronok-12-top-3.jpg,https://dlt.by/image/catalog/easyphoto/3111/nabor-almaznyh-koronok-12-top-4.jpg,https://dlt.by/image/catalog/easyphoto/3111/nabor-almaznyh-koronok-12-top-5.jpg,https://dlt.by/image/catalog/easyphoto/3111/nabor-almaznyh-koronok-12-top-6.jpg,https://dlt.by/image/catalog/easyphoto/3111/nabor-almaznyh-koronok-12-top-7.jpg,https://dlt.by/image/catalog/easyphoto/3111/nabor-almaznyh-koronok-12-top-8.jpg,,,,,,,,,,,,,,,,,,,,,,,,,,,,,,,,,,,,,,,"
Набор алмазных коронок №14/TOP,Алмазная оснастка>Алмазные коронки для плитки>Наборы алмазных коронок,1,15 197.58,"https://dlt.by/image/catalog/easyphoto/3113/nabor-almaznyh-koronok-14-top-2.jpg,https://dlt.by/image/catalog/easyphoto/3113/nabor-almaznyh-koronok-14-top-3.jpg,https://dlt.by/image/catalog/easyphoto/3113/nabor-almaznyh-koronok-14-top-4.jpg,https://dlt.by/image/catalog/easyphoto/3113/nabor-almaznyh-koronok-14-top-5.jpg,https://dlt.by/image/catalog/easyphoto/3113/nabor-almaznyh-koronok-14-top-6.jpg,https://dlt.by/image/catalog/easyphoto/3113/nabor-almaznyh-koronok-14-top-7.jpg,https://dlt.by/image/catalog/easyphoto/3113/nabor-almaznyh-koronok-14-top-8.jpg,https://dlt.by/image/catalog/easyphoto/3113/nabor-almaznyh-koronok-14-top-9.jpg,https://dlt.by/image/catalog/easyphoto/3113/nabor-almaznyh-koronok-14-top-10.jpg,https://dlt.by/image/catalog/easyphoto/3113/nabor-almaznyh-koronok-14-top-11.jpg,,,,,,,,,,,,,,,,,,,,,,,,,,,,,,,,,,,,"
"Набор алмазных коронок №16/TOP, арт.2888",Алмазная оснастка>Алмазные коронки для плитки>Наборы алмазных коронок,2888,32 892.99,"https://dlt.by/image/catalog/easyphoto/3109/nabor-almaznyh-koronok-16-top-4.jpg,https://dlt.by/image/catalog/easyphoto/3109/nabor-almaznyh-koronok-16-top-5.jpg,https://dlt.by/image/catalog/easyphoto/3109/nabor-almaznyh-koronok-16-top-6.jpg,https://dlt.by/image/catalog/easyphoto/3109/nabor-almaznyh-koronok-16-top-7.jpg,https://dlt.by/image/catalog/easyphoto/3109/nabor-almaznyh-koronok-16-top-8.jpg,https://dlt.by/image/catalog/easyphoto/3109/nabor-almaznyh-koronok-16-top-9.jpg,https://dlt.by/image/catalog/easyphoto/3109/nabor-almaznyh-koronok-16-top-10.jpg,https://dlt.by/image/catalog/easyphoto/3109/nabor-almaznyh-koronok-16-top-11.jpg,https://dlt.by/image/catalog/easyphoto/3109/nabor-almaznyh-koronok-16-top-12.jpg,https://dlt.by/image/catalog/easyphoto/3109/nabor-almaznyh-koronok-16-top-13.jpg,https://dlt.by/image/catalog/easyphoto/3109/nabor-almaznyh-koronok-16-top-14.jpg,https://dlt.by/image/catalog/easyphoto/3109/nabor-almaznyh-koronok-16-top-15.jpg,https://dlt.by/image/catalog/easyphoto/3109/nabor-almaznyh-koronok-16-top-16.jpg,https://dlt.by/image/catalog/easyphoto/3109/nabor-almaznyh-koronok-16-top-17.jpg,,,,,,,,,,,,,,,,,,,,,,,,,,,,,,,,"
Набор алмазных коронок №21/TOP,Алмазная оснастка>Алмазные коронки для плитки>Наборы алмазных коронок,1,9 238.93,"https://dlt.by/image/catalog/easyphoto/3116/nabor-almaznyh-koronok-21-top-2.jpg,https://dlt.by/image/catalog/easyphoto/3116/nabor-almaznyh-koronok-21-top-3.jpg,https://dlt.by/image/catalog/easyphoto/3116/nabor-almaznyh-koronok-21-top-4.jpg,https://dlt.by/image/catalog/easyphoto/3116/nabor-almaznyh-koronok-21-top-5.jpg,https://dlt.by/image/catalog/easyphoto/3116/nabor-almaznyh-koronok-21-top-6.jpg,,,,,,,,,,,,,,,,,,,,,,,,,,,,,,,,,,,,,,,,,"
Набор алмазных коронок №10/TOP,Алмазная оснастка>Алмазные коронки для плитки>Наборы алмазных коронок,1,11 796.94,"https://dlt.by/image/catalog/easyphoto/3110/nabor-almaznyh-koronok-10-top-2.jpg,https://dlt.by/image/catalog/easyphoto/3110/nabor-almaznyh-koronok-10-top-3.jpg,https://dlt.by/image/catalog/easyphoto/3110/nabor-almaznyh-koronok-10-top-4.jpg,https://dlt.by/image/catalog/easyphoto/3110/nabor-almaznyh-koronok-10-top-5.jpg,https://dlt.by/image/catalog/easyphoto/3110/nabor-almaznyh-koronok-10-top-6.jpg,https://dlt.by/image/catalog/easyphoto/3110/nabor-almaznyh-koronok-10-top-7.jpg,,,,,,,,,,,,,,,,,,,,,,,,,,,,,,,,,,,,,,,,"
"Запасной упор-держатель гильотины для резки ламината Magnusson 220, арт.3214",Запчасти>Гильотины,3214,306.96,"https://dlt.by/image/catalog/easyphoto/4143/zapasnoy-upor-derzhatel-gilotiny-dlya-rezki-laminata-magnusson-220-2.jpg,https://dlt.by/image/catalog/easyphoto/4143/zapasnoy-upor-derzhatel-gilotiny-dlya-rezki-laminata-magnusson-220-3.jpg,https://dlt.by/image/catalog/easyphoto/4143/zapasnoy-upor-derzhatel-gilotiny-dlya-rezki-laminata-magnusson-220-4.jpg,,,,,,,,,,,,,,,,,,,,,,,,,,,,,,,,,,,,,,,,,,,"
"Запасной ротор дрели алмазного сверления (бурения) KEN 6110B, арт.3535",Запчасти>Установки алмазного сверления,3535,2 407.54,"https://dlt.by/image/catalog/easyphoto/4311/zapasnoy-rotor-dreli-almaznogo-sverleniya-bureniya-ken-6110b-art-3535-2.jpg,https://dlt.by/image/catalog/easyphoto/4311/zapasnoy-rotor-dreli-almaznogo-sverleniya-bureniya-ken-6110b-art-3535-3.jpg,https://dlt.by/image/catalog/easyphoto/4311/zapasnoy-rotor-dreli-almaznogo-sverleniya-bureniya-ken-6110b-art-3535-4.jpg,,,,,,,,,,,,,,,,,,,,,,,,,,,,,,,,,,,,,,,,,,,"
Набор алмазных коронок №20/TOP,Алмазная оснастка>Алмазные коронки для плитки>Наборы алмазных коронок,1,3 370.55,"https://dlt.by/image/catalog/easyphoto/3114/nabor-almaznyh-koronok-20-top-2.jpg,https://dlt.by/image/catalog/easyphoto/3114/nabor-almaznyh-koronok-20-top-3.jpg,https://dlt.by/image/catalog/easyphoto/3114/nabor-almaznyh-koronok-20-top-4.jpg,https://dlt.by/image/catalog/easyphoto/3114/nabor-almaznyh-koronok-20-top-5.jpg,https://dlt.by/image/catalog/easyphoto/3114/nabor-almaznyh-koronok-20-top-6.jpg,,,,,,,,,,,,,,,,,,,,,,,,,,,,,,,,,,,,,,,,,"
"Электрический плиткорез для крупноформатной плитки BIHUI — БЕЗ направляющей, арт.LFEC5, 5 поколение ",Плиткорезы электрические (камнерезы/мокрорезы)>Электрические плиткорезы для крупноформатной плитки,LFEC5,49 053.59,"https://dlt.by/image/catalog/easyphoto/3451/elektricheskiy-plitkorez-dlya-krupnoformatnoy-plitki-bihui-bez-napravlyayushchey-art-lfec5-5-pokolenie-1.jpg,https://dlt.by/image/catalog/easyphoto/3451/elektricheskiy-plitkorez-dlya-krupnoformatnoy-plitki-bihui-bez-napravlyayushchey-art-lfec5-5-pokolenie-2.jpg,https://dlt.by/image/catalog/easyphoto/3451/elektricheskiy-plitkorez-dlya-krupnoformatnoy-plitki-bihui-bez-napravlyayushchey-art-lfec5-5-pokolenie-3.jpg,https://dlt.by/image/catalog/easyphoto/3451/elektricheskiy-plitkorez-dlya-krupnoformatnoy-plitki-bihui-bez-napravlyayushchey-art-lfec5-5-pokolenie-4.jpg,https://dlt.by/image/catalog/easyphoto/3451/elektricheskiy-plitkorez-dlya-krupnoformatnoy-plitki-bihui-bez-napravlyayushchey-art-lfec5-5-pokolenie-5.jpg,https://dlt.by/image/catalog/easyphoto/3451/elektricheskiy-plitkorez-dlya-krupnoformatnoy-plitki-bihui-bez-napravlyayushchey-art-lfec5-5-pokolenie-6.jpg,https://dlt.by/image/catalog/easyphoto/3451/elektricheskiy-plitkorez-dlya-krupnoformatnoy-plitki-bihui-bez-napravlyayushchey-art-lfec5-5-pokolenie-7.jpg,https://dlt.by/image/catalog/easyphoto/3451/elektricheskiy-plitkorez-dlya-krupnoformatnoy-plitki-bihui-bez-napravlyayushchey-art-lfec5-5-pokolenie-8.jpg,https://dlt.by/image/catalog/easyphoto/3451/elektricheskiy-plitkorez-dlya-krupnoformatnoy-plitki-bihui-bez-napravlyayushchey-art-lfec5-5-pokolenie-9.jpg,,,,,,,,,,,,,,,,,,,,,,,,,,,,,,,,,,,,,"
"Мешок-пылесборник для пылесоса DLT PL PRO/ PL208, многоразовый, арт.2352",Пылесосы строительные>Фильтры и мешки-пылесборники,2352,451.41,"https://dlt.by/image/catalog/tovar/pl501meshok/1.jpg,,,,,,,,,,,,,,,,,,,,,,,,,,,,,,,,,,,,,,,,,,,,,"
"Пылесос строительный DLT PL PRO с авто очисткой (обновленная модель PL 208), арт. 0792",Пылесосы строительные>Пылесосы,792,22 871.61,"https://dlt.by/image/catalog/easyphoto/3118/pylesos-stroitelnyy-dlt-pl-pro-s-avto-ochistkoy-obnovlennaya-model-pl-208-22.jpg,https://dlt.by/image/catalog/easyphoto/3118/pylesos-stroitelnyy-dlt-pl-pro-s-avto-ochistkoy-obnovlennaya-model-pl-208-11.jpg,https://dlt.by/image/catalog/easyphoto/3118/pylesos-stroitelnyy-dlt-pl-pro-s-avto-ochistkoy-obnovlennaya-model-pl-208-18.jpg,https://dlt.by/image/catalog/easyphoto/3118/pylesos-stroitelnyy-dlt-pl-pro-s-avto-ochistkoy-obnovlennaya-model-pl-208-17.jpg,https://dlt.by/image/catalog/easyphoto/3118/pylesos-stroitelnyy-dlt-pl-pro-s-avto-ochistkoy-obnovlennaya-model-pl-208-15.jpg,https://dlt.by/image/catalog/easyphoto/3118/pylesos-stroitelnyy-dlt-pl-pro-s-avto-ochistkoy-obnovlennaya-model-pl-208-16.jpg,https://dlt.by/image/catalog/easyphoto/3118/pylesos-stroitelnyy-dlt-pl-pro-s-avto-ochistkoy-obnovlennaya-model-pl-208-14.jpg,https://dlt.by/image/catalog/easyphoto/3118/pylesos-stroitelnyy-dlt-pl-pro-s-avto-ochistkoy-obnovlennaya-model-pl-208-13.jpg,https://dlt.by/image/catalog/easyphoto/3118/pylesos-stroitelnyy-dlt-pl-pro-s-avto-ochistkoy-obnovlennaya-model-pl-208-12.jpg,https://dlt.by/image/catalog/easyphoto/3118/pylesos-stroitelnyy-dlt-pl-pro-s-avto-ochistkoy-obnovlennaya-model-pl-208-10.jpg,https://dlt.by/image/catalog/easyphoto/3118/pylesos-stroitelnyy-dlt-pl-pro-s-avto-ochistkoy-obnovlennaya-model-pl-208-19.jpg,https://dlt.by/image/catalog/easyphoto/3118/pylesos-stroitelnyy-dlt-pl-pro-s-avto-ochistkoy-obnovlennaya-model-pl-208-21.jpg,https://dlt.by/image/catalog/easyphoto/3118/pylesos-stroitelnyy-dlt-pl-pro-s-avto-ochistkoy-obnovlennaya-model-pl-208-20.jpg,,,,,,,,,,,,,,,,,,,,,,,,,,,,,,,,,"
"Наколенники строительные BIHUI, арт.BLKP",Наколенники строительные,BLKP,2 407.54,"https://dlt.by/image/catalog/easyphoto/3120/nakolenniki-stroitelnye-bihui-art-blkp-2.jpg,https://dlt.by/image/catalog/easyphoto/3120/nakolenniki-stroitelnye-bihui-art-blkp-3.jpg,https://dlt.by/image/catalog/easyphoto/3120/nakolenniki-stroitelnye-bihui-art-blkp-4.jpg,https://dlt.by/image/catalog/easyphoto/3120/nakolenniki-stroitelnye-bihui-art-blkp-5.jpg,https://dlt.by/image/catalog/easyphoto/3120/nakolenniki-stroitelnye-bihui-art-blkp-6.jpg,,,,,,,,,,,,,,,,,,,,,,,,,,,,,,,,,,,,,,,,,"
"Коронка алмазная для керамогранита и камня DLT TOP, 6мм, арт.2087",Алмазная оснастка>Алмазные коронки для плитки>Алмазные коронки по керамограниту (вакуумная пайка),2087,782.45,"https://dlt.by/image/catalog/easyphoto/3008/koronka-almaznaya-dlya-keramogranita-i-kamnya-dlt-top-6mm-1.jpg,https://dlt.by/image/catalog/easyphoto/3008/koronka-almaznaya-dlya-keramogranita-i-kamnya-dlt-top-6mm-2.jpg,https://dlt.by/image/catalog/easyphoto/3008/koronka-almaznaya-dlya-keramogranita-i-kamnya-dlt-top-6mm-3.jpg,,,,,,,,,,,,,,,,,,,,,,,,,,,,,,,,,,,,,,,,,,,"
"Коронка алмазная для керамогранита и камня DLT TOP, 70мм, арт.2107",Алмазная оснастка>Алмазные коронки для плитки>Алмазные коронки по керамограниту (вакуумная пайка),2107,3 220.08,"https://dlt.by/image/catalog/easyphoto/3009/koronka-almaznaya-dlya-keramogranita-i-kamnya-dlt-top-70mm-1.jpg,https://dlt.by/image/catalog/easyphoto/3009/koronka-almaznaya-dlya-keramogranita-i-kamnya-dlt-top-70mm-3.jpg,https://dlt.by/image/catalog/easyphoto/3009/koronka-almaznaya-dlya-keramogranita-i-kamnya-dlt-top-70mm-2.jpg,,,,,,,,,,,,,,,,,,,,,,,,,,,,,,,,,,,,,,,,,,,"
"Коронка алмазная для керамогранита и камня DLT TOP, 68мм, арт.2106",Алмазная оснастка>Алмазные коронки для плитки>Алмазные коронки по керамограниту (вакуумная пайка),2106,3 159.89,"https://dlt.by/image/catalog/easyphoto/3010/koronka-almaznaya-dlya-keramogranita-i-kamnya-dlt-top-68mm-1.jpg,https://dlt.by/image/catalog/easyphoto/3010/koronka-almaznaya-dlya-keramogranita-i-kamnya-dlt-top-68mm-2.jpg,https://dlt.by/image/catalog/easyphoto/3010/koronka-almaznaya-dlya-keramogranita-i-kamnya-dlt-top-68mm-3.jpg,,,,,,,,,,,,,,,,,,,,,,,,,,,,,,,,,,,,,,,,,,,"
"Коронка алмазная для керамогранита и камня DLT TOP, 60мм, арт.2105",Алмазная оснастка>Алмазные коронки для плитки>Алмазные коронки по керамограниту (вакуумная пайка),2105,2 768.67,"https://dlt.by/image/catalog/easyphoto/3011/koronka-almaznaya-dlya-keramogranita-i-kamnya-dlt-top-60mm-1.jpg,https://dlt.by/image/catalog/easyphoto/3011/koronka-almaznaya-dlya-keramogranita-i-kamnya-dlt-top-60mm-2.jpg,https://dlt.by/image/catalog/easyphoto/3011/koronka-almaznaya-dlya-keramogranita-i-kamnya-dlt-top-60mm-3.jpg,,,,,,,,,,,,,,,,,,,,,,,,,,,,,,,,,,,,,,,,,,,"
"Коронка алмазная для керамогранита и камня DLT TOP, 55мм, арт.2104",Алмазная оснастка>Алмазные коронки для плитки>Алмазные коронки по керамограниту (вакуумная пайка),2104,2 558.01,"https://dlt.by/image/catalog/easyphoto/3012/koronka-almaznaya-dlya-keramogranita-i-kamnya-dlt-top-55mm-1.jpg,https://dlt.by/image/catalog/easyphoto/3012/koronka-almaznaya-dlya-keramogranita-i-kamnya-dlt-top-55mm-2.jpg,https://dlt.by/image/catalog/easyphoto/3012/koronka-almaznaya-dlya-keramogranita-i-kamnya-dlt-top-55mm-3.jpg,,,,,,,,,,,,,,,,,,,,,,,,,,,,,,,,,,,,,,,,,,,"
"Коронка алмазная для керамогранита и камня DLT TOP, 50мм, арт.2103",Алмазная оснастка>Алмазные коронки для плитки>Алмазные коронки по керамограниту (вакуумная пайка),2103,2 437.63,"https://dlt.by/image/catalog/easyphoto/3013/koronka-almaznaya-dlya-keramogranita-i-kamnya-dlt-top-50mm-1.jpg,https://dlt.by/image/catalog/easyphoto/3013/koronka-almaznaya-dlya-keramogranita-i-kamnya-dlt-top-50mm-2.jpg,https://dlt.by/image/catalog/easyphoto/3013/koronka-almaznaya-dlya-keramogranita-i-kamnya-dlt-top-50mm-3.jpg,,,,,,,,,,,,,,,,,,,,,,,,,,,,,,,,,,,,,,,,,,,"
"Коронка алмазная для керамогранита и камня DLT TOP, 45мм, арт.2102",Алмазная оснастка>Алмазные коронки для плитки>Алмазные коронки по керамограниту (вакуумная пайка),2102,2 106.60,"https://dlt.by/image/catalog/easyphoto/3014/koronka-almaznaya-dlya-keramogranita-i-kamnya-dlt-top-45mm-1.jpg,https://dlt.by/image/catalog/easyphoto/3014/koronka-almaznaya-dlya-keramogranita-i-kamnya-dlt-top-45mm-2.jpg,https://dlt.by/image/catalog/easyphoto/3014/koronka-almaznaya-dlya-keramogranita-i-kamnya-dlt-top-45mm-3.jpg,,,,,,,,,,,,,,,,,,,,,,,,,,,,,,,,,,,,,,,,,,,"
"Коронка алмазная для керамогранита и камня DLT TOP, 40мм, арт.2101",Алмазная оснастка>Алмазные коронки для плитки>Алмазные коронки по керамограниту (вакуумная пайка),2101,1 926.03,"https://dlt.by/image/catalog/easyphoto/3015/koronka-almaznaya-dlya-keramogranita-i-kamnya-dlt-top-40mm-1.jpg,https://dlt.by/image/catalog/easyphoto/3015/koronka-almaznaya-dlya-keramogranita-i-kamnya-dlt-top-40mm-2.jpg,https://dlt.by/image/catalog/easyphoto/3015/koronka-almaznaya-dlya-keramogranita-i-kamnya-dlt-top-40mm-3.jpg,,,,,,,,,,,,,,,,,,,,,,,,,,,,,,,,,,,,,,,,,,,"
"Коронка алмазная для керамогранита и камня DLT TOP, 38мм, арт.2100",Алмазная оснастка>Алмазные коронки для плитки>Алмазные коронки по керамограниту (вакуумная пайка),2100,1 835.75,"https://dlt.by/image/catalog/easyphoto/3016/koronka-almaznaya-dlya-keramogranita-i-kamnya-dlt-top-38mm-1.jpg,https://dlt.by/image/catalog/easyphoto/3016/koronka-almaznaya-dlya-keramogranita-i-kamnya-dlt-top-38mm-2.jpg,https://dlt.by/image/catalog/easyphoto/3016/koronka-almaznaya-dlya-keramogranita-i-kamnya-dlt-top-38mm-3.jpg,,,,,,,,,,,,,,,,,,,,,,,,,,,,,,,,,,,,,,,,,,,"
"Коронка алмазная для керамогранита и камня DLT TOP, 18мм, арт.2094",Алмазная оснастка>Алмазные коронки для плитки>Алмазные коронки по керамограниту (вакуумная пайка),2094,872.73,"https://dlt.by/image/catalog/easyphoto/3017/koronka-almaznaya-dlya-keramogranita-i-kamnya-dlt-top-18mm-2.jpg,https://dlt.by/image/catalog/easyphoto/3017/koronka-almaznaya-dlya-keramogranita-i-kamnya-dlt-top-18mm-3.jpg,https://dlt.by/image/catalog/easyphoto/3017/koronka-almaznaya-dlya-keramogranita-i-kamnya-dlt-top-18mm-1.jpg,,,,,,,,,,,,,,,,,,,,,,,,,,,,,,,,,,,,,,,,,,,"
"Коронка алмазная для керамогранита и камня DLT TOP, 8мм, арт.2088",Алмазная оснастка>Алмазные коронки для плитки>Алмазные коронки по керамограниту (вакуумная пайка),2088,812.54,"https://dlt.by/image/catalog/easyphoto/3018/koronka-almaznaya-dlya-keramogranita-i-kamnya-dlt-top-8mm-3.jpg,https://dlt.by/image/catalog/easyphoto/3018/koronka-almaznaya-dlya-keramogranita-i-kamnya-dlt-top-8mm-1.jpg,https://dlt.by/image/catalog/easyphoto/3018/koronka-almaznaya-dlya-keramogranita-i-kamnya-dlt-top-8mm-2.jpg,,,,,,,,,,,,,,,,,,,,,,,,,,,,,,,,,,,,,,,,,,,"
"Коронка алмазная для керамогранита и камня DLT TOP, 35мм, арт.2099",Алмазная оснастка>Алмазные коронки для плитки>Алмазные коронки по керамограниту (вакуумная пайка),2099,1 685.28,"https://dlt.by/image/catalog/easyphoto/3019/koronka-almaznaya-dlya-keramogranita-i-kamnya-dlt-top-35mm-1.jpg,https://dlt.by/image/catalog/easyphoto/3019/koronka-almaznaya-dlya-keramogranita-i-kamnya-dlt-top-35mm-3.jpg,https://dlt.by/image/catalog/easyphoto/3019/koronka-almaznaya-dlya-keramogranita-i-kamnya-dlt-top-35mm-2.jpg,,,,,,,,,,,,,,,,,,,,,,,,,,,,,,,,,,,,,,,,,,,"
"Коронка алмазная для керамогранита и камня DLT TOP, 32мм, арт.2098",Алмазная оснастка>Алмазные коронки для плитки>Алмазные коронки по керамограниту (вакуумная пайка),2098,1 564.90,"https://dlt.by/image/catalog/easyphoto/3020/koronka-almaznaya-dlya-keramogranita-i-kamnya-dlt-top-32mm-1.jpg,https://dlt.by/image/catalog/easyphoto/3020/koronka-almaznaya-dlya-keramogranita-i-kamnya-dlt-top-32mm-2.jpg,https://dlt.by/image/catalog/easyphoto/3020/koronka-almaznaya-dlya-keramogranita-i-kamnya-dlt-top-32mm-3.jpg,,,,,,,,,,,,,,,,,,,,,,,,,,,,,,,,,,,,,,,,,,,"
"Коронка алмазная для керамогранита и камня DLT TOP, 28мм, арт.2097",Алмазная оснастка>Алмазные коронки для плитки>Алмазные коронки по керамограниту (вакуумная пайка),2097,1 414.43,"https://dlt.by/image/catalog/easyphoto/3021/koronka-almaznaya-dlya-keramogranita-i-kamnya-dlt-top-28mm-1.jpg,https://dlt.by/image/catalog/easyphoto/3021/koronka-almaznaya-dlya-keramogranita-i-kamnya-dlt-top-28mm-2.jpg,https://dlt.by/image/catalog/easyphoto/3021/koronka-almaznaya-dlya-keramogranita-i-kamnya-dlt-top-28mm-3.jpg,,,,,,,,,,,,,,,,,,,,,,,,,,,,,,,,,,,,,,,,,,,"
"Коронка алмазная для керамогранита и камня DLT TOP, 25мм, арт.2096",Алмазная оснастка>Алмазные коронки для плитки>Алмазные коронки по керамограниту (вакуумная пайка),2096,1 233.86,"https://dlt.by/image/catalog/easyphoto/3022/koronka-almaznaya-dlya-keramogranita-i-kamnya-dlt-top-25mm-1.jpg,https://dlt.by/image/catalog/easyphoto/3022/koronka-almaznaya-dlya-keramogranita-i-kamnya-dlt-top-25mm-2.jpg,https://dlt.by/image/catalog/easyphoto/3022/koronka-almaznaya-dlya-keramogranita-i-kamnya-dlt-top-25mm-3.jpg,,,,,,,,,,,,,,,,,,,,,,,,,,,,,,,,,,,,,,,,,,,"
"Коронка алмазная для керамогранита и камня DLT TOP, 20мм, арт.2095",Алмазная оснастка>Алмазные коронки для плитки>Алмазные коронки по керамограниту (вакуумная пайка),2095,993.11,"https://dlt.by/image/catalog/easyphoto/3023/koronka-almaznaya-dlya-keramogranita-i-kamnya-dlt-top-20mm-1.jpg,https://dlt.by/image/catalog/easyphoto/3023/koronka-almaznaya-dlya-keramogranita-i-kamnya-dlt-top-20mm-3.jpg,https://dlt.by/image/catalog/easyphoto/3023/koronka-almaznaya-dlya-keramogranita-i-kamnya-dlt-top-20mm-2.jpg,,,,,,,,,,,,,,,,,,,,,,,,,,,,,,,,,,,,,,,,,,,"
"Коронка алмазная для керамогранита и камня DLT TOP, 16мм, арт.2093",Алмазная оснастка>Алмазные коронки для плитки>Алмазные коронки по керамограниту (вакуумная пайка),2093,812.54,"https://dlt.by/image/catalog/easyphoto/3024/koronka-almaznaya-dlya-keramogranita-i-kamnya-dlt-top-16mm-1.jpg,https://dlt.by/image/catalog/easyphoto/3024/koronka-almaznaya-dlya-keramogranita-i-kamnya-dlt-top-16mm-3.jpg,https://dlt.by/image/catalog/easyphoto/3024/koronka-almaznaya-dlya-keramogranita-i-kamnya-dlt-top-16mm-2.jpg,,,,,,,,,,,,,,,,,,,,,,,,,,,,,,,,,,,,,,,,,,,"
"Коронка алмазная для керамогранита и камня DLT TOP, 15мм, арт.2092",Алмазная оснастка>Алмазные коронки для плитки>Алмазные коронки по керамограниту (вакуумная пайка),2092,812.54,"https://dlt.by/image/catalog/easyphoto/3025/koronka-almaznaya-dlya-keramogranita-i-kamnya-dlt-top-15mm-1.jpg,https://dlt.by/image/catalog/easyphoto/3025/koronka-almaznaya-dlya-keramogranita-i-kamnya-dlt-top-15mm-2.jpg,https://dlt.by/image/catalog/easyphoto/3025/koronka-almaznaya-dlya-keramogranita-i-kamnya-dlt-top-15mm-3.jpg,,,,,,,,,,,,,,,,,,,,,,,,,,,,,,,,,,,,,,,,,,,"
"Коронка алмазная для керамогранита и камня DLT TOP, 14мм, арт.2091",Алмазная оснастка>Алмазные коронки для плитки>Алмазные коронки по керамограниту (вакуумная пайка),2091,812.54,"https://dlt.by/image/catalog/easyphoto/3026/koronka-almaznaya-dlya-keramogranita-i-kamnya-dlt-top-14mm-1.jpg,https://dlt.by/image/catalog/easyphoto/3026/koronka-almaznaya-dlya-keramogranita-i-kamnya-dlt-top-14mm-2.jpg,https://dlt.by/image/catalog/easyphoto/3026/koronka-almaznaya-dlya-keramogranita-i-kamnya-dlt-top-14mm-3.jpg,,,,,,,,,,,,,,,,,,,,,,,,,,,,,,,,,,,,,,,,,,,"
"Коронка алмазная для керамогранита и камня DLT TOP, 12мм, арт.2090",Алмазная оснастка>Алмазные коронки для плитки>Алмазные коронки по керамограниту (вакуумная пайка),2090,812.54,"https://dlt.by/image/catalog/easyphoto/3027/koronka-almaznaya-dlya-keramogranita-i-kamnya-dlt-top-12mm-1.jpg,https://dlt.by/image/catalog/easyphoto/3027/koronka-almaznaya-dlya-keramogranita-i-kamnya-dlt-top-12mm-2.jpg,https://dlt.by/image/catalog/easyphoto/3027/koronka-almaznaya-dlya-keramogranita-i-kamnya-dlt-top-12mm-3.jpg,,,,,,,,,,,,,,,,,,,,,,,,,,,,,,,,,,,,,,,,,,,"
"Коронка алмазная для керамогранита и камня DLT TOP,10мм, арт.2089",Алмазная оснастка>Алмазные коронки для плитки>Алмазные коронки по керамограниту (вакуумная пайка),2089,782.45,"https://dlt.by/image/catalog/easyphoto/3028/koronka-almaznaya-dlya-keramogranita-i-kamnya-dlt-top-10mm-1.jpg,https://dlt.by/image/catalog/easyphoto/3028/koronka-almaznaya-dlya-keramogranita-i-kamnya-dlt-top-10mm-2.jpg,https://dlt.by/image/catalog/easyphoto/3028/koronka-almaznaya-dlya-keramogranita-i-kamnya-dlt-top-10mm-3.jpg,,,,,,,,,,,,,,,,,,,,,,,,,,,,,,,,,,,,,,,,,,,"
"Коронка алмазная для керамогранита и камня DLT TOP, 100мм, арт.2108",Алмазная оснастка>Алмазные коронки для плитки>Алмазные коронки по керамограниту (вакуумная пайка),2108,4 784.98,"https://dlt.by/image/catalog/easyphoto/3029/koronka-almaznaya-dlya-keramogranita-i-kamnya-dlt-top-100mm-3.jpg,https://dlt.by/image/catalog/easyphoto/3029/koronka-almaznaya-dlya-keramogranita-i-kamnya-dlt-top-100mm-1.jpg,https://dlt.by/image/catalog/easyphoto/3029/koronka-almaznaya-dlya-keramogranita-i-kamnya-dlt-top-100mm-2.jpg,,,,,,,,,,,,,,,,,,,,,,,,,,,,,,,,,,,,,,,,,,,"
"Коронка алмазная для керамогранита и камня DLT TOP, 105мм, арт.2109",Алмазная оснастка>Алмазные коронки для плитки>Алмазные коронки по керамограниту (вакуумная пайка),2109,5 025.74,"https://dlt.by/image/catalog/easyphoto/3030/koronka-almaznaya-dlya-keramogranita-i-kamnya-dlt-top-105mm-1.jpg,https://dlt.by/image/catalog/easyphoto/3030/koronka-almaznaya-dlya-keramogranita-i-kamnya-dlt-top-105mm-2.jpg,https://dlt.by/image/catalog/easyphoto/3030/koronka-almaznaya-dlya-keramogranita-i-kamnya-dlt-top-105mm-3.jpg,,,,,,,,,,,,,,,,,,,,,,,,,,,,,,,,,,,,,,,,,,,"
"Коронка алмазная для керамогранита и камня DLT TOP, 110мм, арт.2110",Алмазная оснастка>Алмазные коронки для плитки>Алмазные коронки по керамограниту (вакуумная пайка),2110,5 236.40,"https://dlt.by/image/catalog/easyphoto/3031/koronka-almaznaya-dlya-keramogranita-i-kamnya-dlt-top-110mm-1.jpg,https://dlt.by/image/catalog/easyphoto/3031/koronka-almaznaya-dlya-keramogranita-i-kamnya-dlt-top-110mm-2.jpg,https://dlt.by/image/catalog/easyphoto/3031/koronka-almaznaya-dlya-keramogranita-i-kamnya-dlt-top-110mm-3.jpg,,,,,,,,,,,,,,,,,,,,,,,,,,,,,,,,,,,,,,,,,,,"
"Коронка алмазная для керамогранита и камня DLT TOP, 115мм, арт.2111",Алмазная оснастка>Алмазные коронки для плитки>Алмазные коронки по керамограниту (вакуумная пайка),2111,5 236.40,"https://dlt.by/image/catalog/easyphoto/3032/koronka-almaznaya-dlya-keramogranita-i-kamnya-dlt-top-115mm-1.jpg,https://dlt.by/image/catalog/easyphoto/3032/koronka-almaznaya-dlya-keramogranita-i-kamnya-dlt-top-115mm-2.jpg,https://dlt.by/image/catalog/easyphoto/3032/koronka-almaznaya-dlya-keramogranita-i-kamnya-dlt-top-115mm-3.jpg,,,,,,,,,,,,,,,,,,,,,,,,,,,,,,,,,,,,,,,,,,,"
"Коронка алмазная для керамогранита и камня DLT TOP, 120мм, арт.2112",Алмазная оснастка>Алмазные коронки для плитки>Алмазные коронки по керамограниту (вакуумная пайка),2112,5 416.96,"https://dlt.by/image/catalog/easyphoto/3033/koronka-almaznaya-dlya-keramogranita-i-kamnya-dlt-top-120mm-1.jpg,https://dlt.by/image/catalog/easyphoto/3033/koronka-almaznaya-dlya-keramogranita-i-kamnya-dlt-top-120mm-2.jpg,https://dlt.by/image/catalog/easyphoto/3033/koronka-almaznaya-dlya-keramogranita-i-kamnya-dlt-top-120mm-3.jpg,,,,,,,,,,,,,,,,,,,,,,,,,,,,,,,,,,,,,,,,,,,"
"Коронка алмазная для керамогранита и камня DLT TOP, 125мм, арт.2113",Алмазная оснастка>Алмазные коронки для плитки>Алмазные коронки по керамограниту (вакуумная пайка),2113,5 717.90,"https://dlt.by/image/catalog/easyphoto/3034/koronka-almaznaya-dlya-keramogranita-i-kamnya-dlt-top-125mm-1.jpg,https://dlt.by/image/catalog/easyphoto/3034/koronka-almaznaya-dlya-keramogranita-i-kamnya-dlt-top-125mm-3.jpg,https://dlt.by/image/catalog/easyphoto/3034/koronka-almaznaya-dlya-keramogranita-i-kamnya-dlt-top-125mm-2.jpg,,,,,,,,,,,,,,,,,,,,,,,,,,,,,,,,,,,,,,,,,,,"
"Притир алмазный DLT, версия Standard, #100, арт.2119",Инструмент для укладки плитки>Алмазные притиры>Р100-120,2119,367.15,"https://dlt.by/image/catalog/easyphoto/3069/pritir-almaznyy-dlt-versiya-standard-100-2.jpg,https://dlt.by/image/catalog/easyphoto/3069/pritir-almaznyy-dlt-versiya-standard-100-3.jpg,https://dlt.by/image/catalog/easyphoto/3069/pritir-almaznyy-dlt-versiya-standard-100-4.jpg,https://dlt.by/image/catalog/easyphoto/3069/pritir-almaznyy-dlt-versiya-standard-100-5.jpg,,,,,,,,,,,,,,,,,,,,,,,,,,,,,,,,,,,,,,,,,,"
"Диск алмазный DLT MINI VACUUM, 50мм, арт.2140",Алмазная оснастка>Алмазные диски>Универсальные шлифовально - отрезные алмазные диски,2140,722.26,"https://dlt.by/image/catalog/easyphoto/3036/disk-almaznyy-dlt-mini-vacuum-50mm-2.jpg,https://dlt.by/image/catalog/easyphoto/3036/disk-almaznyy-dlt-mini-vacuum-50mm-3.jpg,https://dlt.by/image/catalog/easyphoto/3036/disk-almaznyy-dlt-mini-vacuum-50mm-4.jpg,,,,,,,,,,,,,,,,,,,,,,,,,,,,,,,,,,,,,,,,,,,"
"Тарелка опорная DLT для алмазных черепашек Ø50мм (полиуретановая), ВАЖНО - концевик 6мм, арт.2139",Алмазная оснастка>Алмазные диски>Алмазные диски для гравера,2139,276.87,"https://dlt.by/image/catalog/easyphoto/3038/tarelka-opornaya-dlt-dlya-almaznyh-cherepashek-50mm-poliuretanovaya-vazhno-kontsevik-6mm-3.jpg,https://dlt.by/image/catalog/easyphoto/3038/tarelka-opornaya-dlt-dlya-almaznyh-cherepashek-50mm-poliuretanovaya-vazhno-kontsevik-6mm-4.jpg,https://dlt.by/image/catalog/easyphoto/3038/tarelka-opornaya-dlt-dlya-almaznyh-cherepashek-50mm-poliuretanovaya-vazhno-kontsevik-6mm-5.jpg,https://dlt.by/image/catalog/easyphoto/3038/tarelka-opornaya-dlt-dlya-almaznyh-cherepashek-50mm-poliuretanovaya-vazhno-kontsevik-6mm-6.jpg,,,,,,,,,,,,,,,,,,,,,,,,,,,,,,,,,,,,,,,,,,"
"Алмазный барабанный диск DLT, #50 (только для мокрой шлифовки), арт.2122",Инструмент для укладки плитки>Круг алмазный гибкий шлифовальный>АГШК #50-60,2122,2 196.88,"https://dlt.by/image/catalog/easyphoto/3040/almaznyy-barabannyy-disk-dlt-50-tolko-dlya-mokroy-shlifovki-1.jpg,https://dlt.by/image/catalog/easyphoto/3040/almaznyy-barabannyy-disk-dlt-50-tolko-dlya-mokroy-shlifovki-2.jpg,https://dlt.by/image/catalog/easyphoto/3040/almaznyy-barabannyy-disk-dlt-50-tolko-dlya-mokroy-shlifovki-3.jpg,,,,,,,,,,,,,,,,,,,,,,,,,,,,,,,,,,,,,,,,,,,"
"Алмазный гибкий шлифовальный круг для гравера DLT №50, #60, 50мм, арт.2126",Алмазная оснастка>Алмазные диски>Алмазные диски для гравера,2126,481.51,"https://dlt.by/image/catalog/easyphoto/3042/almaznyy-gibkiy-shlifovalnyy-krug-dlya-gravera-dlt-50-60-50mm-3.jpg,https://dlt.by/image/catalog/easyphoto/3042/almaznyy-gibkiy-shlifovalnyy-krug-dlya-gravera-dlt-50-60-50mm-4.jpg,https://dlt.by/image/catalog/easyphoto/3042/almaznyy-gibkiy-shlifovalnyy-krug-dlya-gravera-dlt-50-60-50mm-5.jpg,https://dlt.by/image/catalog/easyphoto/3042/almaznyy-gibkiy-shlifovalnyy-krug-dlya-gravera-dlt-50-60-50mm-6.jpg,,,,,,,,,,,,,,,,,,,,,,,,,,,,,,,,,,,,,,,,,,"
"Венчик (миксер) строительный лепестковый D110xL440xВ8мм, арт.2260",Миксер строительный/дрель-миксер,2260,1 414.43,"https://dlt.by/image/catalog/easyphoto/3043/venchik-mikser-stroitelnyy-lepestkovyy-d110xl440xv8mm-5.jpg,https://dlt.by/image/catalog/easyphoto/3043/venchik-mikser-stroitelnyy-lepestkovyy-d110xl440xv8mm-6.jpg,https://dlt.by/image/catalog/easyphoto/3043/venchik-mikser-stroitelnyy-lepestkovyy-d110xl440xv8mm-7.jpg,,,,,,,,,,,,,,,,,,,,,,,,,,,,,,,,,,,,,,,,,,,"
"Алмазный барабанный диск DLT, #100 (только для мокрой шлифовки), арт.2123",Инструмент для укладки плитки>Круг алмазный гибкий шлифовальный>АГШК #100,2123,2 196.88,"https://dlt.by/image/catalog/easyphoto/3044/almaznyy-barabannyy-disk-dlt-100-tolko-dlya-mokroy-shlifovki-3.jpg,https://dlt.by/image/catalog/easyphoto/3044/almaznyy-barabannyy-disk-dlt-100-tolko-dlya-mokroy-shlifovki-1.jpg,https://dlt.by/image/catalog/easyphoto/3044/almaznyy-barabannyy-disk-dlt-100-tolko-dlya-mokroy-shlifovki-2.jpg,,,,,,,,,,,,,,,,,,,,,,,,,,,,,,,,,,,,,,,,,,,"
"Алмазный барабанный диск DLT, #200 (только для мокрой шлифовки), арт.2124",Инструмент для укладки плитки>Круг алмазный гибкий шлифовальный>АГШК #200,2124,2 196.88,"https://dlt.by/image/catalog/easyphoto/3045/almaznyy-barabannyy-disk-dlt-200-tolko-dlya-mokroy-shlifovki-1.jpg,https://dlt.by/image/catalog/easyphoto/3045/almaznyy-barabannyy-disk-dlt-200-tolko-dlya-mokroy-shlifovki-2.jpg,https://dlt.by/image/catalog/easyphoto/3045/almaznyy-barabannyy-disk-dlt-200-tolko-dlya-mokroy-shlifovki-3.jpg,,,,,,,,,,,,,,,,,,,,,,,,,,,,,,,,,,,,,,,,,,,"
"Алмазный барабанный диск DLT, #400 (только для мокрой шлифовки), арт.2125",Инструмент для укладки плитки>Круг алмазный гибкий шлифовальный>АГШК #400,2125,2 196.88,"https://dlt.by/image/catalog/easyphoto/3046/almaznyy-barabannyy-disk-dlt-400-tolko-dlya-mokroy-shlifovki-1.jpg,https://dlt.by/image/catalog/easyphoto/3046/almaznyy-barabannyy-disk-dlt-400-tolko-dlya-mokroy-shlifovki-2.jpg,https://dlt.by/image/catalog/easyphoto/3046/almaznyy-barabannyy-disk-dlt-400-tolko-dlya-mokroy-shlifovki-3.jpg,,,,,,,,,,,,,,,,,,,,,,,,,,,,,,,,,,,,,,,,,,,"
"Алмазный гибкий шлифовальный круг для гравера, DLT №52, #200, 50мм, арт.2136",Алмазная оснастка>Алмазные диски>Алмазные диски для гравера,2136,367.15,"https://dlt.by/image/catalog/easyphoto/3047/almaznyy-gibkiy-shlifovalnyy-krug-dlya-gravera-dlt-52-200-50mm-2.jpg,https://dlt.by/image/catalog/easyphoto/3047/almaznyy-gibkiy-shlifovalnyy-krug-dlya-gravera-dlt-52-200-50mm-5.jpg,https://dlt.by/image/catalog/easyphoto/3047/almaznyy-gibkiy-shlifovalnyy-krug-dlya-gravera-dlt-52-200-50mm-3.jpg,https://dlt.by/image/catalog/easyphoto/3047/almaznyy-gibkiy-shlifovalnyy-krug-dlya-gravera-dlt-52-200-50mm-4.jpg,,,,,,,,,,,,,,,,,,,,,,,,,,,,,,,,,,,,,,,,,,"
"Пылесос промышленный BIHUI, арт.VCM35",Пылесосы строительные>Пылесосы,VCM35,84 263.83,"https://dlt.by/image/catalog/easyphoto/3947/pylesos-promyshlennyy-bihui-art-vcm35-9.jpg,https://dlt.by/image/catalog/easyphoto/3947/pylesos-promyshlennyy-bihui-art-vcm35-10.jpg,https://dlt.by/image/catalog/easyphoto/3947/pylesos-promyshlennyy-bihui-art-vcm35-11.jpg,https://dlt.by/image/catalog/easyphoto/3947/pylesos-promyshlennyy-bihui-art-vcm35-12.jpg,https://dlt.by/image/catalog/easyphoto/3947/pylesos-promyshlennyy-bihui-art-vcm35-13.jpg,https://dlt.by/image/catalog/easyphoto/3947/pylesos-promyshlennyy-bihui-art-vcm35-14.jpg,https://dlt.by/image/catalog/easyphoto/3947/pylesos-promyshlennyy-bihui-art-vcm35-15.jpg,https://dlt.by/image/catalog/easyphoto/3947/pylesos-promyshlennyy-bihui-art-vcm35-16.jpg,https://dlt.by/image/catalog/easyphoto/3947/pylesos-promyshlennyy-bihui-art-vcm35-17.jpg,https://dlt.by/image/catalog/easyphoto/3947/pylesos-promyshlennyy-bihui-art-vcm35-18.jpg,https://dlt.by/image/catalog/easyphoto/3947/pylesos-promyshlennyy-bihui-art-vcm35-19.jpg,https://dlt.by/image/catalog/easyphoto/3947/pylesos-promyshlennyy-bihui-art-vcm35-20.jpg,,,,,,,,,,,,,,,,,,,,,,,,,,,,,,,,,,"
"Запасной фиксатор крепления боковой линейки для электрического плиткореза DLT, SHIJING, арт.1616",Запчасти>Плиткорезы электрические,1616,306.96,"https://dlt.by/image/catalog/easyphoto/3946/zapasnoy-fiksator-krepleniya-bokovoy-lineyki-dlya-elektricheskogo-plitkoreza-dlt-shijing-2.jpg,https://dlt.by/image/catalog/easyphoto/3946/zapasnoy-fiksator-krepleniya-bokovoy-lineyki-dlya-elektricheskogo-plitkoreza-dlt-shijing-3.jpg,https://dlt.by/image/catalog/easyphoto/3946/zapasnoy-fiksator-krepleniya-bokovoy-lineyki-dlya-elektricheskogo-plitkoreza-dlt-shijing-4.jpg,,,,,,,,,,,,,,,,,,,,,,,,,,,,,,,,,,,,,,,,,,,"
"Запасная боковая деталь крепления и регулировки наклона электрического плиткореза DLT, SHIJING, арт.2659",Запчасти>Плиткорезы электрические,2659,1 504.71,"https://dlt.by/image/catalog/easyphoto/3945/zapasnaya-bokovaya-detal-krepleniya-i-regulirovki-naklona-elektricheskogo-plitkoreza-dlt-shijing-2.jpg,https://dlt.by/image/catalog/easyphoto/3945/zapasnaya-bokovaya-detal-krepleniya-i-regulirovki-naklona-elektricheskogo-plitkoreza-dlt-shijing-3.jpg,https://dlt.by/image/catalog/easyphoto/3945/zapasnaya-bokovaya-detal-krepleniya-i-regulirovki-naklona-elektricheskogo-plitkoreza-dlt-shijing-4.jpg,https://dlt.by/image/catalog/easyphoto/3945/zapasnaya-bokovaya-detal-krepleniya-i-regulirovki-naklona-elektricheskogo-plitkoreza-dlt-shijing-5.jpg,,,,,,,,,,,,,,,,,,,,,,,,,,,,,,,,,,,,,,,,,,"
"Запасная боковая деталь крепления направляющих электрического плиткореза DLT OptiTronic Auto (версия PRO), ЛЕВАЯ, арт. 3604L",Запчасти>Плиткорезы электрические>DLT OptiTronic Auto (версия PRO),3604L,2 106.60,"https://dlt.by/image/catalog/easyphoto/4317/zapasnaya-bokovaya-detal-krepleniya-napravlyayushchih-elektricheskogo-plitkoreza-dlt-optitronic-auto-versiya-pro-levaya-art-3604l-2.jpg,https://dlt.by/image/catalog/easyphoto/4317/zapasnaya-bokovaya-detal-krepleniya-napravlyayushchih-elektricheskogo-plitkoreza-dlt-optitronic-auto-versiya-pro-levaya-art-3604l-3.jpg,,,,,,,,,,,,,,,,,,,,,,,,,,,,,,,,,,,,,,,,,,,,"
"Притир алмазный DLT, версия PRO, #400, арт.2117",Инструмент для укладки плитки>Алмазные притиры>Р300-400,2117,571.79,"https://dlt.by/image/catalog/easyphoto/3068/pritir-almaznyy-dlt-versiya-pro-400-2.jpg,https://dlt.by/image/catalog/easyphoto/3068/pritir-almaznyy-dlt-versiya-pro-400-4.jpg,https://dlt.by/image/catalog/easyphoto/3068/pritir-almaznyy-dlt-versiya-pro-400-1.jpg,https://dlt.by/image/catalog/easyphoto/3068/pritir-almaznyy-dlt-versiya-pro-400-3.jpg,,,,,,,,,,,,,,,,,,,,,,,,,,,,,,,,,,,,,,,,,,"
"Притир алмазный DLT, версия PRO, #100, арт.2115",Инструмент для укладки плитки>Алмазные притиры>Р100-120,2115,571.79,"https://dlt.by/image/catalog/easyphoto/3065/pritir-almaznyy-dlt-versiya-pro-100-5.jpg,https://dlt.by/image/catalog/easyphoto/3065/pritir-almaznyy-dlt-versiya-pro-100-8.jpg,https://dlt.by/image/catalog/easyphoto/3065/pritir-almaznyy-dlt-versiya-pro-100-7.jpg,https://dlt.by/image/catalog/easyphoto/3065/pritir-almaznyy-dlt-versiya-pro-100-6.jpg,,,,,,,,,,,,,,,,,,,,,,,,,,,,,,,,,,,,,,,,,,"
"Притир алмазный DLT, версия PRO, #200, арт.2116",Инструмент для укладки плитки>Алмазные притиры>Р200,2116,601.88,"https://dlt.by/image/catalog/easyphoto/3066/pritir-almaznyy-dlt-versiya-pro-200-5.jpg,https://dlt.by/image/catalog/easyphoto/3066/pritir-almaznyy-dlt-versiya-pro-200-8.jpg,https://dlt.by/image/catalog/easyphoto/3066/pritir-almaznyy-dlt-versiya-pro-200-6.jpg,https://dlt.by/image/catalog/easyphoto/3066/pritir-almaznyy-dlt-versiya-pro-200-7.jpg,,,,,,,,,,,,,,,,,,,,,,,,,,,,,,,,,,,,,,,,,,"
"Притир алмазный DLT, версия PRO, #50, арт.2114",Инструмент для укладки плитки>Алмазные притиры>Р50-60,2114,571.79,"https://dlt.by/image/catalog/easyphoto/3067/pritir-almaznyy-dlt-versiya-pro-50-5.jpg,https://dlt.by/image/catalog/easyphoto/3067/pritir-almaznyy-dlt-versiya-pro-50-7.jpg,https://dlt.by/image/catalog/easyphoto/3067/pritir-almaznyy-dlt-versiya-pro-50-6.jpg,https://dlt.by/image/catalog/easyphoto/3067/pritir-almaznyy-dlt-versiya-pro-50-8.jpg,,,,,,,,,,,,,,,,,,,,,,,,,,,,,,,,,,,,,,,,,,"
"Алмазный гибкий шлифовальный круг для гравёра DLT №52, #400, 50мм, арт.2137",Алмазная оснастка>Алмазные диски>Алмазные диски для гравера,2137,367.15,"https://dlt.by/image/catalog/easyphoto/3055/almaznyy-gibkiy-shlifovalnyy-krug-dlya-gravera-dlt-52-400-50mm-2.jpg,https://dlt.by/image/catalog/easyphoto/3055/almaznyy-gibkiy-shlifovalnyy-krug-dlya-gravera-dlt-52-400-50mm-3.jpg,https://dlt.by/image/catalog/easyphoto/3055/almaznyy-gibkiy-shlifovalnyy-krug-dlya-gravera-dlt-52-400-50mm-4.jpg,https://dlt.by/image/catalog/easyphoto/3055/almaznyy-gibkiy-shlifovalnyy-krug-dlya-gravera-dlt-52-400-50mm-5.jpg,,,,,,,,,,,,,,,,,,,,,,,,,,,,,,,,,,,,,,,,,,"
"Алмазный гибкий шлифовальный круг для гравера DLT №50, #100, 50мм, арт.2127",Алмазная оснастка>Алмазные диски>Алмазные диски для гравера,2127,481.51,"https://dlt.by/image/catalog/easyphoto/3056/almaznyy-gibkiy-shlifovalnyy-krug-dlya-gravera-dlt-50-100-50mm-2.jpg,https://dlt.by/image/catalog/easyphoto/3056/almaznyy-gibkiy-shlifovalnyy-krug-dlya-gravera-dlt-50-100-50mm-3.jpg,https://dlt.by/image/catalog/easyphoto/3056/almaznyy-gibkiy-shlifovalnyy-krug-dlya-gravera-dlt-50-100-50mm-5.jpg,https://dlt.by/image/catalog/easyphoto/3056/almaznyy-gibkiy-shlifovalnyy-krug-dlya-gravera-dlt-50-100-50mm-4.jpg,,,,,,,,,,,,,,,,,,,,,,,,,,,,,,,,,,,,,,,,,,"
"Алмазный гибкий шлифовальный круг для гравера DLT №52, #100, 50мм, арт.2135",Алмазная оснастка>Алмазные диски>Алмазные диски для гравера,2135,367.15,"https://dlt.by/image/catalog/easyphoto/3057/almaznyy-gibkiy-shlifovalnyy-krug-dlya-gravera-dlt-52-100-50mm-3.jpg,https://dlt.by/image/catalog/easyphoto/3057/almaznyy-gibkiy-shlifovalnyy-krug-dlya-gravera-dlt-52-100-50mm-4.jpg,https://dlt.by/image/catalog/easyphoto/3057/almaznyy-gibkiy-shlifovalnyy-krug-dlya-gravera-dlt-52-100-50mm-5.jpg,https://dlt.by/image/catalog/easyphoto/3057/almaznyy-gibkiy-shlifovalnyy-krug-dlya-gravera-dlt-52-100-50mm-6.jpg,,,,,,,,,,,,,,,,,,,,,,,,,,,,,,,,,,,,,,,,,,"
"Алмазный гибкий шлифовальный круг для гравера DLT №52, #50, 50мм, арт.2134",Алмазная оснастка>Алмазные диски>Алмазные диски для гравера,2134,367.15,"https://dlt.by/image/catalog/easyphoto/3058/almaznyy-gibkiy-shlifovalnyy-krug-dlya-gravera-dlt-52-50-50mm-2.jpg,https://dlt.by/image/catalog/easyphoto/3058/almaznyy-gibkiy-shlifovalnyy-krug-dlya-gravera-dlt-52-50-50mm-3.jpg,https://dlt.by/image/catalog/easyphoto/3058/almaznyy-gibkiy-shlifovalnyy-krug-dlya-gravera-dlt-52-50-50mm-4.jpg,https://dlt.by/image/catalog/easyphoto/3058/almaznyy-gibkiy-shlifovalnyy-krug-dlya-gravera-dlt-52-50-50mm-5.jpg,,,,,,,,,,,,,,,,,,,,,,,,,,,,,,,,,,,,,,,,,,"
"Алмазный гибкий шлифовальный круг для гравера DLT №51, #400, 50мм, арт.2133",Алмазная оснастка>Алмазные диски>Алмазные диски для гравера,2133,337.06,"https://dlt.by/image/catalog/easyphoto/3059/almaznyy-gibkiy-shlifovalnyy-krug-dlya-gravera-dlt-51-400-50mm-2.jpg,https://dlt.by/image/catalog/easyphoto/3059/almaznyy-gibkiy-shlifovalnyy-krug-dlya-gravera-dlt-51-400-50mm-3.jpg,https://dlt.by/image/catalog/easyphoto/3059/almaznyy-gibkiy-shlifovalnyy-krug-dlya-gravera-dlt-51-400-50mm-4.jpg,https://dlt.by/image/catalog/easyphoto/3059/almaznyy-gibkiy-shlifovalnyy-krug-dlya-gravera-dlt-51-400-50mm-5.jpg,,,,,,,,,,,,,,,,,,,,,,,,,,,,,,,,,,,,,,,,,,"
"Алмазный гибкий шлифовальный круг для гравера DLT №51, #200, 50мм, арт.2132",Алмазная оснастка>Алмазные диски>Алмазные диски для гравера,2132,337.06,"https://dlt.by/image/catalog/easyphoto/3060/almaznyy-gibkiy-shlifovalnyy-krug-dlya-gravera-dlt-51-200-50mm-3.jpg,https://dlt.by/image/catalog/easyphoto/3060/almaznyy-gibkiy-shlifovalnyy-krug-dlya-gravera-dlt-51-200-50mm-4.jpg,https://dlt.by/image/catalog/easyphoto/3060/almaznyy-gibkiy-shlifovalnyy-krug-dlya-gravera-dlt-51-200-50mm-5.jpg,https://dlt.by/image/catalog/easyphoto/3060/almaznyy-gibkiy-shlifovalnyy-krug-dlya-gravera-dlt-51-200-50mm-6.jpg,,,,,,,,,,,,,,,,,,,,,,,,,,,,,,,,,,,,,,,,,,"
"Алмазный гибкий шлифовальный круг для гравера DLT №51, #100, 50мм, арт.2131",Алмазная оснастка>Алмазные диски>Алмазные диски для гравера,2131,337.06,"https://dlt.by/image/catalog/easyphoto/3061/almaznyy-gibkiy-shlifovalnyy-krug-dlya-gravera-dlt-51-100-50mm-3.jpg,https://dlt.by/image/catalog/easyphoto/3061/almaznyy-gibkiy-shlifovalnyy-krug-dlya-gravera-dlt-51-100-50mm-4.jpg,https://dlt.by/image/catalog/easyphoto/3061/almaznyy-gibkiy-shlifovalnyy-krug-dlya-gravera-dlt-51-100-50mm-5.jpg,https://dlt.by/image/catalog/easyphoto/3061/almaznyy-gibkiy-shlifovalnyy-krug-dlya-gravera-dlt-51-100-50mm-6.jpg,,,,,,,,,,,,,,,,,,,,,,,,,,,,,,,,,,,,,,,,,,"
"Алмазный гибкий шлифовальный круг для гравера DLT №51, #50, 50мм, арт.2130",Алмазная оснастка>Алмазные диски>Алмазные диски для гравера,2130,337.06,"https://dlt.by/image/catalog/easyphoto/3062/almaznyy-gibkiy-shlifovalnyy-krug-dlya-gravera-dlt-51-50-50mm-2.jpg,https://dlt.by/image/catalog/easyphoto/3062/almaznyy-gibkiy-shlifovalnyy-krug-dlya-gravera-dlt-51-50-50mm-4.jpg,https://dlt.by/image/catalog/easyphoto/3062/almaznyy-gibkiy-shlifovalnyy-krug-dlya-gravera-dlt-51-50-50mm-3.jpg,https://dlt.by/image/catalog/easyphoto/3062/almaznyy-gibkiy-shlifovalnyy-krug-dlya-gravera-dlt-51-50-50mm-5.jpg,,,,,,,,,,,,,,,,,,,,,,,,,,,,,,,,,,,,,,,,,,"
"Алмазный гибкий шлифовальный круг для гравера DLT №50, #400, 50мм, арт.2129",Алмазная оснастка>Алмазные диски>Алмазные диски для гравера,2129,481.51,"https://dlt.by/image/catalog/easyphoto/3063/almaznyy-gibkiy-shlifovalnyy-krug-dlya-gravera-dlt-50-400-50mm-2.jpg,https://dlt.by/image/catalog/easyphoto/3063/almaznyy-gibkiy-shlifovalnyy-krug-dlya-gravera-dlt-50-400-50mm-3.jpg,https://dlt.by/image/catalog/easyphoto/3063/almaznyy-gibkiy-shlifovalnyy-krug-dlya-gravera-dlt-50-400-50mm-4.jpg,https://dlt.by/image/catalog/easyphoto/3063/almaznyy-gibkiy-shlifovalnyy-krug-dlya-gravera-dlt-50-400-50mm-5.jpg,,,,,,,,,,,,,,,,,,,,,,,,,,,,,,,,,,,,,,,,,,"
"Алмазный гибкий шлифовальный круг для гравера DLT №50, #200, 50мм, арт.2128",Алмазная оснастка>Алмазные диски>Алмазные диски для гравера,2128,481.51,"https://dlt.by/image/catalog/easyphoto/3064/almaznyy-gibkiy-shlifovalnyy-krug-dlya-gravera-dlt-50-200-50mm-2.jpg,https://dlt.by/image/catalog/easyphoto/3064/almaznyy-gibkiy-shlifovalnyy-krug-dlya-gravera-dlt-50-200-50mm-4.jpg,https://dlt.by/image/catalog/easyphoto/3064/almaznyy-gibkiy-shlifovalnyy-krug-dlya-gravera-dlt-50-200-50mm-3.jpg,https://dlt.by/image/catalog/easyphoto/3064/almaznyy-gibkiy-shlifovalnyy-krug-dlya-gravera-dlt-50-200-50mm-5.jpg,,,,,,,,,,,,,,,,,,,,,,,,,,,,,,,,,,,,,,,,,,"
"Притир алмазный DLT, версия Standard, #50, арт.2118",Инструмент для укладки плитки>Алмазные притиры>Р50-60,2118,367.15,"https://dlt.by/image/catalog/easyphoto/3070/pritir-almaznyy-dlt-versiya-standard-50-1.jpg,https://dlt.by/image/catalog/easyphoto/3070/pritir-almaznyy-dlt-versiya-standard-50-2.jpg,https://dlt.by/image/catalog/easyphoto/3070/pritir-almaznyy-dlt-versiya-standard-50-3.jpg,https://dlt.by/image/catalog/easyphoto/3070/pritir-almaznyy-dlt-versiya-standard-50-4.jpg,,,,,,,,,,,,,,,,,,,,,,,,,,,,,,,,,,,,,,,,,,"
"Притир алмазный DLT, версия Standard, #200, арт.2120",Инструмент для укладки плитки>Алмазные притиры>Р200,2120,391.22,"https://dlt.by/image/catalog/easyphoto/3071/pritir-almaznyy-dlt-versiya-standard-200-1.jpg,https://dlt.by/image/catalog/easyphoto/3071/pritir-almaznyy-dlt-versiya-standard-200-2.jpg,https://dlt.by/image/catalog/easyphoto/3071/pritir-almaznyy-dlt-versiya-standard-200-3.jpg,https://dlt.by/image/catalog/easyphoto/3071/pritir-almaznyy-dlt-versiya-standard-200-4.jpg,,,,,,,,,,,,,,,,,,,,,,,,,,,,,,,,,,,,,,,,,,"
"Притир алмазный DLT, версия Standard, #400, арт.2121",Инструмент для укладки плитки>Алмазные притиры>Р300-400,2121,367.15,"https://dlt.by/image/catalog/easyphoto/3072/pritir-almaznyy-dlt-versiya-standard-400-1.jpg,https://dlt.by/image/catalog/easyphoto/3072/pritir-almaznyy-dlt-versiya-standard-400-2.jpg,https://dlt.by/image/catalog/easyphoto/3072/pritir-almaznyy-dlt-versiya-standard-400-3.jpg,https://dlt.by/image/catalog/easyphoto/3072/pritir-almaznyy-dlt-versiya-standard-400-4.jpg,,,,,,,,,,,,,,,,,,,,,,,,,,,,,,,,,,,,,,,,,,"
"Разделительная мембрана для плитки с теплым полом DLT, рулон 1*10 м (10 м²), арт.3572",Инструмент для укладки плитки>Разделительные гидроизоляционные мембраны,3572,0.00,"https://dlt.by/image/catalog/easyphoto/4321/razdelitelnaya-membrana-dlya-plitki-dlt-rulon-1-10-m-10-m-art-3571-1.png,,,,,,,,,,,,,,,,,,,,,,,,,,,,,,,,,,,,,,,,,,,,,"
"Кожух для Proxxon, арт.1372",Акции на строительный инструмент,1372,1 775.56,"https://dlt.by/image/catalog/easyphoto/3123/kozhuh-dlya-proxxon-art-1372-3.jpg,https://dlt.by/image/catalog/easyphoto/3123/kozhuh-dlya-proxxon-art-1372-4.jpg,https://dlt.by/image/catalog/easyphoto/3123/kozhuh-dlya-proxxon-art-1372-5.jpg,https://dlt.by/image/catalog/easyphoto/3123/kozhuh-dlya-proxxon-art-1372-6.jpg,,,,,,,,,,,,,,,,,,,,,,,,,,,,,,,,,,,,,,,,,,"
Набор алмазных коронок №22/TOP,Инструмент для укладки плитки>Алмазные коронки для плитки>Наборы алмазных коронок,1,13 361.84,"https://dlt.by/image/catalog/easyphoto/3115/nabor-almaznyh-koronok-22-top-2.jpg,https://dlt.by/image/catalog/easyphoto/3115/nabor-almaznyh-koronok-22-top-3.jpg,https://dlt.by/image/catalog/easyphoto/3115/nabor-almaznyh-koronok-22-top-4.jpg,https://dlt.by/image/catalog/easyphoto/3115/nabor-almaznyh-koronok-22-top-5.jpg,https://dlt.by/image/catalog/easyphoto/3115/nabor-almaznyh-koronok-22-top-6.jpg,https://dlt.by/image/catalog/easyphoto/3115/nabor-almaznyh-koronok-22-top-7.jpg,https://dlt.by/image/catalog/easyphoto/3115/nabor-almaznyh-koronok-22-top-8.jpg,,,,,,,,,,,,,,,,,,,,,,,,,,,,,,,,,,,,,,,"
"Кисть Rollingdog PT-1000 квадратная, полиэстер, серия Professional, арт.10246",Малярный и штукатурный инструмент>Кисти малярные>Фигурные кисти,10246,451.41,"https://dlt.by/image/catalog/easyphoto/3075/kist-rollingdog-pt-1000-kvadratnaya-poliester-seriya-professional-art-10246-4.jpg,https://dlt.by/image/catalog/easyphoto/3075/kist-rollingdog-pt-1000-kvadratnaya-poliester-seriya-professional-art-10246-1.jpg,https://dlt.by/image/catalog/easyphoto/3075/kist-rollingdog-pt-1000-kvadratnaya-poliester-seriya-professional-art-10246-2.jpg,https://dlt.by/image/catalog/easyphoto/3075/kist-rollingdog-pt-1000-kvadratnaya-poliester-seriya-professional-art-10246-3.jpg,,,,,,,,,,,,,,,,,,,,,,,,,,,,,,,,,,,,,,,,,,"
"Кисть Rollingdog W1000 50мм, угловой срез, полиэстер, серия Standard, арт.10286",Малярный и штукатурный инструмент>Кисти малярные>Плоские кисти>Угловой срез,10286,337.06,"https://dlt.by/image/catalog/easyphoto/3076/kist-rollingdog-w1000-50mm-uglovoy-srez-poliester-seriya-standard-art-10189-1.jpg,https://dlt.by/image/catalog/easyphoto/3076/kist-rollingdog-w1000-50mm-uglovoy-srez-poliester-seriya-standard-art-10189-3.jpg,https://dlt.by/image/catalog/easyphoto/3076/kist-rollingdog-w1000-50mm-uglovoy-srez-poliester-seriya-standard-art-10189-2.jpg,,,,,,,,,,,,,,,,,,,,,,,,,,,,,,,,,,,,,,,,,,,"
"Набор опор столешниц для подстолья DLT Сороконожка 1,5м старой версии (9шт), арт.2602",Инструмент для укладки плитки>Строительные столы/верстаки/подстолья,2602,5 567.43,"https://dlt.by/image/catalog/easyphoto/3077/nabor-opor-stoleshnits-dlya-podstolya-dlt-sorokonozhka-1-5m-9sht-art-2602-6.png,https://dlt.by/image/catalog/easyphoto/3077/nabor-opor-stoleshnits-dlya-podstolya-dlt-sorokonozhka-1-5m-9sht-art-2602-1.jpg,https://dlt.by/image/catalog/easyphoto/3077/nabor-opor-stoleshnits-dlya-podstolya-dlt-sorokonozhka-1-5m-9sht-art-2602-2.jpg,https://dlt.by/image/catalog/easyphoto/3077/nabor-opor-stoleshnits-dlya-podstolya-dlt-sorokonozhka-1-5m-9sht-art-2602-3.jpg,https://dlt.by/image/catalog/easyphoto/3077/nabor-opor-stoleshnits-dlya-podstolya-dlt-sorokonozhka-1-5m-9sht-art-2602-5.jpg,https://dlt.by/image/catalog/easyphoto/3077/nabor-opor-stoleshnits-dlya-podstolya-dlt-sorokonozhka-1-5m-9sht-art-2602-4.jpg,,,,,,,,,,,,,,,,,,,,,,,,,,,,,,,,,,,,,,,,"
"Инструмент для формирования внешнего угла из эпоксидной затирки УД-2 (уголок Дикого), арт. 2839",Инструмент для укладки плитки>Разное для укладки,2839,1 474.62,"https://dlt.by/image/catalog/easyphoto/3146/instrument-dlya-formirovaniya-vneshnego-ugla-iz-epoksidnoy-zatirki-ud-2-ugolok-dikogo-art-2839-8.jpg,https://dlt.by/image/catalog/easyphoto/3146/instrument-dlya-formirovaniya-vneshnego-ugla-iz-epoksidnoy-zatirki-ud-2-ugolok-dikogo-art-2839-3.jpg,https://dlt.by/image/catalog/easyphoto/3146/instrument-dlya-formirovaniya-vneshnego-ugla-iz-epoksidnoy-zatirki-ud-2-ugolok-dikogo-art-2839-9.png,,,,,,,,,,,,,,,,,,,,,,,,,,,,,,,,,,,,,,,,,,,"
"Кисть макловица Rollingdog ST1000 30x70мм, синтетика, серия Elite, арт.10321",Акции на строительный инструмент,10321,451.41,"https://dlt.by/image/catalog/easyphoto/3078/kist-maklovitsa-rollingdog-st1000-30x70mm-sintetika-seriya-elite-art-10321-4.jpg,https://dlt.by/image/catalog/easyphoto/3078/kist-maklovitsa-rollingdog-st1000-30x70mm-sintetika-seriya-elite-art-10321-5.jpg,https://dlt.by/image/catalog/easyphoto/3078/kist-maklovitsa-rollingdog-st1000-30x70mm-sintetika-seriya-elite-art-10321-6.jpg,https://dlt.by/image/catalog/easyphoto/3078/kist-maklovitsa-rollingdog-st1000-30x70mm-sintetika-seriya-elite-art-10321-7.jpg,https://dlt.by/image/catalog/easyphoto/3078/kist-maklovitsa-rollingdog-st1000-30x70mm-sintetika-seriya-elite-art-10321-8.jpg,https://dlt.by/image/catalog/easyphoto/3078/kist-maklovitsa-rollingdog-st1000-30x70mm-sintetika-seriya-elite-art-10321-9.jpg,https://dlt.by/image/catalog/easyphoto/3078/kist-maklovitsa-rollingdog-st1000-30x70mm-sintetika-seriya-elite-art-10321-1.jpg,https://dlt.by/image/catalog/easyphoto/3078/kist-maklovitsa-rollingdog-st1000-30x70mm-sintetika-seriya-elite-art-10321-3.png,https://dlt.by/image/catalog/easyphoto/3078/kist-maklovitsa-rollingdog-st1000-30x70mm-sintetika-seriya-elite-art-10321-2.jpg,,,,,,,,,,,,,,,,,,,,,,,,,,,,,,,,,,,,,"
"Кисть макловица Rollingdog ST1000 30x100мм, синтетика, серия Elite, арт.10322",Акции на строительный инструмент,10322,571.79,"https://dlt.by/image/catalog/easyphoto/3079/kist-maklovitsa-rollingdog-st1000-30x100mm-sintetika-seriya-elite-art-10322-3.jpg,https://dlt.by/image/catalog/easyphoto/3079/kist-maklovitsa-rollingdog-st1000-30x100mm-sintetika-seriya-elite-art-10322-4.jpg,https://dlt.by/image/catalog/easyphoto/3079/kist-maklovitsa-rollingdog-st1000-30x100mm-sintetika-seriya-elite-art-10322-5.jpg,https://dlt.by/image/catalog/easyphoto/3079/kist-maklovitsa-rollingdog-st1000-30x100mm-sintetika-seriya-elite-art-10322-6.jpg,https://dlt.by/image/catalog/easyphoto/3079/kist-maklovitsa-rollingdog-st1000-30x100mm-sintetika-seriya-elite-art-10322-7.jpg,https://dlt.by/image/catalog/easyphoto/3079/kist-maklovitsa-rollingdog-st1000-30x100mm-sintetika-seriya-elite-art-10322-8.jpg,https://dlt.by/image/catalog/easyphoto/3079/kist-maklovitsa-rollingdog-st1000-30x100mm-sintetika-seriya-elite-art-10322-1.jpg,https://dlt.by/image/catalog/easyphoto/3079/kist-maklovitsa-rollingdog-st1000-30x100mm-sintetika-seriya-elite-art-10322-2.jpg,,,,,,,,,,,,,,,,,,,,,,,,,,,,,,,,,,,,,,"
"Кисть макловица Rollingdog ST1000 30x120мм, синтетика, серия Elite, арт.10323",Акции на строительный инструмент,10323,722.26,"https://dlt.by/image/catalog/easyphoto/3080/kist-maklovitsa-rollingdog-st1000-30x120mm-sintetika-seriya-elite-art-10323-3.jpg,https://dlt.by/image/catalog/easyphoto/3080/kist-maklovitsa-rollingdog-st1000-30x120mm-sintetika-seriya-elite-art-10323-4.jpg,https://dlt.by/image/catalog/easyphoto/3080/kist-maklovitsa-rollingdog-st1000-30x120mm-sintetika-seriya-elite-art-10323-5.jpg,https://dlt.by/image/catalog/easyphoto/3080/kist-maklovitsa-rollingdog-st1000-30x120mm-sintetika-seriya-elite-art-10323-6.jpg,https://dlt.by/image/catalog/easyphoto/3080/kist-maklovitsa-rollingdog-st1000-30x120mm-sintetika-seriya-elite-art-10323-7.jpg,https://dlt.by/image/catalog/easyphoto/3080/kist-maklovitsa-rollingdog-st1000-30x120mm-sintetika-seriya-elite-art-10323-8.jpg,https://dlt.by/image/catalog/easyphoto/3080/kist-maklovitsa-rollingdog-st1000-30x120mm-sintetika-seriya-elite-art-10323-1.jpg,https://dlt.by/image/catalog/easyphoto/3080/kist-maklovitsa-rollingdog-st1000-30x120mm-sintetika-seriya-elite-art-10323-2.jpg,,,,,,,,,,,,,,,,,,,,,,,,,,,,,,,,,,,,,,"
"Кисть макловица Rollingdog ST1000 50x150мм, синтетика, серия Elite, арт.10325",Акции на строительный инструмент,10325,1 083.39,"https://dlt.by/image/catalog/easyphoto/3081/kist-maklovitsa-rollingdog-st1000-50x150mm-sintetika-seriya-elite-art-10325-9.jpg,https://dlt.by/image/catalog/easyphoto/3081/kist-maklovitsa-rollingdog-st1000-50x150mm-sintetika-seriya-elite-art-10325-11.jpg,https://dlt.by/image/catalog/easyphoto/3081/kist-maklovitsa-rollingdog-st1000-50x150mm-sintetika-seriya-elite-art-10325-8.jpg,https://dlt.by/image/catalog/easyphoto/3081/kist-maklovitsa-rollingdog-st1000-50x150mm-sintetika-seriya-elite-art-10325-10.jpg,https://dlt.by/image/catalog/easyphoto/3081/kist-maklovitsa-rollingdog-st1000-50x150mm-sintetika-seriya-elite-art-10325-12.jpg,https://dlt.by/image/catalog/easyphoto/3081/kist-maklovitsa-rollingdog-st1000-50x150mm-sintetika-seriya-elite-art-10325-13.jpg,https://dlt.by/image/catalog/easyphoto/3081/kist-maklovitsa-rollingdog-st1000-50x150mm-sintetika-seriya-elite-art-10325-1.jpg,https://dlt.by/image/catalog/easyphoto/3081/kist-maklovitsa-rollingdog-st1000-50x150mm-sintetika-seriya-elite-art-10325-3.png,https://dlt.by/image/catalog/easyphoto/3081/kist-maklovitsa-rollingdog-st1000-50x150mm-sintetika-seriya-elite-art-10325-4.png,https://dlt.by/image/catalog/easyphoto/3081/kist-maklovitsa-rollingdog-st1000-50x150mm-sintetika-seriya-elite-art-10325-6.png,https://dlt.by/image/catalog/easyphoto/3081/kist-maklovitsa-rollingdog-st1000-50x150mm-sintetika-seriya-elite-art-10325-5.png,https://dlt.by/image/catalog/easyphoto/3081/kist-maklovitsa-rollingdog-st1000-50x150mm-sintetika-seriya-elite-art-10325-7.png,https://dlt.by/image/catalog/easyphoto/3081/kist-maklovitsa-rollingdog-st1000-50x150mm-sintetika-seriya-elite-art-10325-2.jpg,,,,,,,,,,,,,,,,,,,,,,,,,,,,,,,,,"
"Кисть Rollingdog W1000 38мм, угловой срез, полиэстер, серия Standard, арт.10540",Малярный и штукатурный инструмент>Кисти малярные>Плоские кисти>Угловой срез,10540,246.77,"https://dlt.by/image/catalog/easyphoto/3082/kist-rollingdog-w1000-38mm-uglovoy-srez-poliester-seriya-standard-art-10540-1.jpg,https://dlt.by/image/catalog/easyphoto/3082/kist-rollingdog-w1000-38mm-uglovoy-srez-poliester-seriya-standard-art-10540-2.jpg,,,,,,,,,,,,,,,,,,,,,,,,,,,,,,,,,,,,,,,,,,,,"
"Кисть макловица поворотная Rollingdog PRO-ANGLE 30х120мм, синтетика, серия Professional, арт.10569",Малярный и штукатурный инструмент>Кисти малярные>Кисти макловицы,10569,481.51,"https://dlt.by/image/catalog/easyphoto/3083/kist-maklovitsa-povorotnaya-rollingdog-pro-angle-30h120mm-sintetika-seriya-professional-art-10569-8.jpg,https://dlt.by/image/catalog/easyphoto/3083/kist-maklovitsa-povorotnaya-rollingdog-pro-angle-30h120mm-sintetika-seriya-professional-art-10569-9.jpg,https://dlt.by/image/catalog/easyphoto/3083/kist-maklovitsa-povorotnaya-rollingdog-pro-angle-30h120mm-sintetika-seriya-professional-art-10569-10.jpg,https://dlt.by/image/catalog/easyphoto/3083/kist-maklovitsa-povorotnaya-rollingdog-pro-angle-30h120mm-sintetika-seriya-professional-art-10569-11.jpg,https://dlt.by/image/catalog/easyphoto/3083/kist-maklovitsa-povorotnaya-rollingdog-pro-angle-30h120mm-sintetika-seriya-professional-art-10569-12.jpg,https://dlt.by/image/catalog/easyphoto/3083/kist-maklovitsa-povorotnaya-rollingdog-pro-angle-30h120mm-sintetika-seriya-professional-art-10569-13.jpg,https://dlt.by/image/catalog/easyphoto/3083/kist-maklovitsa-povorotnaya-rollingdog-pro-angle-30h120mm-sintetika-seriya-professional-art-10569-14.jpg,https://dlt.by/image/catalog/easyphoto/3083/kist-maklovitsa-povorotnaya-rollingdog-pro-angle-30h120mm-sintetika-seriya-professional-art-10569-1.jpg,https://dlt.by/image/catalog/easyphoto/3083/kist-maklovitsa-povorotnaya-rollingdog-pro-angle-30h120mm-sintetika-seriya-professional-art-10569-2.jpg,https://dlt.by/image/catalog/easyphoto/3083/kist-maklovitsa-povorotnaya-rollingdog-pro-angle-30h120mm-sintetika-seriya-professional-art-10569-4.jpg,https://dlt.by/image/catalog/easyphoto/3083/kist-maklovitsa-povorotnaya-rollingdog-pro-angle-30h120mm-sintetika-seriya-professional-art-10569-5.jpg,https://dlt.by/image/catalog/easyphoto/3083/kist-maklovitsa-povorotnaya-rollingdog-pro-angle-30h120mm-sintetika-seriya-professional-art-10569-6.jpg,https://dlt.by/image/catalog/easyphoto/3083/kist-maklovitsa-povorotnaya-rollingdog-pro-angle-30h120mm-sintetika-seriya-professional-art-10569-7.jpg,,,,,,,,,,,,,,,,,,,,,,,,,,,,,,,,,"
"Кисть макловица поворотная Rollingdog PRO-ANGLE 30х120мм, синтетика, серия Professional, арт.10574",Малярный и штукатурный инструмент>Кисти малярные>Кисти макловицы,10574,571.79,"https://dlt.by/image/catalog/easyphoto/3084/kist-maklovitsa-povorotnaya-rollingdog-pro-angle-30h120mm-sintetika-seriya-professional-art-10574-7.jpg,https://dlt.by/image/catalog/easyphoto/3084/kist-maklovitsa-povorotnaya-rollingdog-pro-angle-30h120mm-sintetika-seriya-professional-art-10574-8.jpg,https://dlt.by/image/catalog/easyphoto/3084/kist-maklovitsa-povorotnaya-rollingdog-pro-angle-30h120mm-sintetika-seriya-professional-art-10574-9.jpg,https://dlt.by/image/catalog/easyphoto/3084/kist-maklovitsa-povorotnaya-rollingdog-pro-angle-30h120mm-sintetika-seriya-professional-art-10574-10.jpg,https://dlt.by/image/catalog/easyphoto/3084/kist-maklovitsa-povorotnaya-rollingdog-pro-angle-30h120mm-sintetika-seriya-professional-art-10574-11.jpg,https://dlt.by/image/catalog/easyphoto/3084/kist-maklovitsa-povorotnaya-rollingdog-pro-angle-30h120mm-sintetika-seriya-professional-art-10574-12.jpg,,,,,,,,,,,,,,,,,,,,,,,,,,,,,,,,,,,,,,,,"
"Кисть макловица Rollingdog L100 40х140мм, синтетика, серия Standard, арт.10645",Малярный и штукатурный инструмент>Кисти малярные>Кисти макловицы,10645,451.41,"https://dlt.by/image/catalog/easyphoto/3085/kist-maklovitsa-rollingdog-l100-40h140mm-sintetika-seriya-standard-art-10645-3.jpg,https://dlt.by/image/catalog/easyphoto/3085/kist-maklovitsa-rollingdog-l100-40h140mm-sintetika-seriya-standard-art-10645-4.jpg,https://dlt.by/image/catalog/easyphoto/3085/kist-maklovitsa-rollingdog-l100-40h140mm-sintetika-seriya-standard-art-10645-5.jpg,https://dlt.by/image/catalog/easyphoto/3085/kist-maklovitsa-rollingdog-l100-40h140mm-sintetika-seriya-standard-art-10645-6.jpg,https://dlt.by/image/catalog/easyphoto/3085/kist-maklovitsa-rollingdog-l100-40h140mm-sintetika-seriya-standard-art-10645-7.jpg,https://dlt.by/image/catalog/easyphoto/3085/kist-maklovitsa-rollingdog-l100-40h140mm-sintetika-seriya-standard-art-10645-1.jpg,https://dlt.by/image/catalog/easyphoto/3085/kist-maklovitsa-rollingdog-l100-40h140mm-sintetika-seriya-standard-art-10645-2.jpg,,,,,,,,,,,,,,,,,,,,,,,,,,,,,,,,,,,,,,,"
"Кисть макловица Rollingdog L100 50х150мм, синтетика, серия Standard, арт.10646",Малярный и штукатурный инструмент>Кисти малярные>Кисти макловицы,10646,481.51,"https://dlt.by/image/catalog/easyphoto/3086/kist-maklovitsa-rollingdog-l100-50h150mm-sintetika-seriya-standard-art-10646-3.jpg,https://dlt.by/image/catalog/easyphoto/3086/kist-maklovitsa-rollingdog-l100-50h150mm-sintetika-seriya-standard-art-10646-4.jpg,https://dlt.by/image/catalog/easyphoto/3086/kist-maklovitsa-rollingdog-l100-50h150mm-sintetika-seriya-standard-art-10646-5.jpg,https://dlt.by/image/catalog/easyphoto/3086/kist-maklovitsa-rollingdog-l100-50h150mm-sintetika-seriya-standard-art-10646-6.jpg,https://dlt.by/image/catalog/easyphoto/3086/kist-maklovitsa-rollingdog-l100-50h150mm-sintetika-seriya-standard-art-10646-7.jpg,https://dlt.by/image/catalog/easyphoto/3086/kist-maklovitsa-rollingdog-l100-50h150mm-sintetika-seriya-standard-art-10646-2.jpg,https://dlt.by/image/catalog/easyphoto/3086/kist-maklovitsa-rollingdog-l100-50h150mm-sintetika-seriya-standard-art-10646-1.jpg,,,,,,,,,,,,,,,,,,,,,,,,,,,,,,,,,,,,,,,"
"Кисть Rollingdog BTX500 20мм, прямой срез, смешанная щетина, серия Elite, арт.10658",Малярный и штукатурный инструмент>Кисти малярные>Плоские кисти>Прямой срез,10658,276.87,"https://dlt.by/image/catalog/easyphoto/3087/kist-rollingdog-btx500-20mm-pryamoy-srez-smeshannaya-shchetina-seriya-elite-art-10658-2.jpg,https://dlt.by/image/catalog/easyphoto/3087/kist-rollingdog-btx500-20mm-pryamoy-srez-smeshannaya-shchetina-seriya-elite-art-10658-1.jpg,,,,,,,,,,,,,,,,,,,,,,,,,,,,,,,,,,,,,,,,,,,,"
"Кисть Rollingdog BTX500 30мм, прямой срез, смешанная щетина, серия Elite, арт.10659",Малярный и штукатурный инструмент>Кисти малярные>Плоские кисти>Прямой срез,10659,367.15,"https://dlt.by/image/catalog/easyphoto/3088/kist-rollingdog-btx500-30mm-pryamoy-srez-smeshannaya-shchetina-seriya-elite-art-10659-1.jpg,https://dlt.by/image/catalog/easyphoto/3088/kist-rollingdog-btx500-30mm-pryamoy-srez-smeshannaya-shchetina-seriya-elite-art-10659-2.jpg,,,,,,,,,,,,,,,,,,,,,,,,,,,,,,,,,,,,,,,,,,,,"
"Кисть Rollingdog BTX500 40мм, прямой срез, смешанная щетина, серия Elite, арт.10660",Малярный и штукатурный инструмент>Кисти малярные>Плоские кисти>Прямой срез,10660,511.60,"https://dlt.by/image/catalog/easyphoto/3089/kist-rollingdog-btx500-40mm-pryamoy-srez-smeshannaya-shchetina-seriya-elite-art-10660-2.jpg,https://dlt.by/image/catalog/easyphoto/3089/kist-rollingdog-btx500-40mm-pryamoy-srez-smeshannaya-shchetina-seriya-elite-art-10660-1.jpg,,,,,,,,,,,,,,,,,,,,,,,,,,,,,,,,,,,,,,,,,,,,"
"Кисть Rollingdog BTX500 100мм, прямой срез, смешанная щетина, серия Elite, арт.10663",Малярный и штукатурный инструмент>Кисти малярные>Плоские кисти>Прямой срез,10663,2 166.78,"https://dlt.by/image/catalog/easyphoto/3090/kist-rollingdog-btx500-100mm-pryamoy-srez-smeshannaya-shchetina-seriya-elite-art-10663-1.jpg,https://dlt.by/image/catalog/easyphoto/3090/kist-rollingdog-btx500-100mm-pryamoy-srez-smeshannaya-shchetina-seriya-elite-art-10663-2.jpg,,,,,,,,,,,,,,,,,,,,,,,,,,,,,,,,,,,,,,,,,,,,"
"Кисть Rollingdog Design 20мм, прямой срез, натуральная щетина, серия Professional, арт.10675",Малярный и штукатурный инструмент>Кисти малярные>Плоские кисти>Прямой срез,10675,337.06,"https://dlt.by/image/catalog/easyphoto/3091/kist-rollingdog-design-20mm-pryamoy-srez-naturalnaya-shchetina-seriya-professional-art-10675-1.jpg,https://dlt.by/image/catalog/easyphoto/3091/kist-rollingdog-design-20mm-pryamoy-srez-naturalnaya-shchetina-seriya-professional-art-10675-2.jpg,,,,,,,,,,,,,,,,,,,,,,,,,,,,,,,,,,,,,,,,,,,,"
"Кисть Rollingdog Design 30мм, прямой срез, натуральная щетина, серия Professional, арт.10676",Малярный и штукатурный инструмент>Кисти малярные>Плоские кисти>Прямой срез,10676,367.15,"https://dlt.by/image/catalog/easyphoto/3092/kist-rollingdog-design-30mm-pryamoy-srez-naturalnaya-shchetina-seriya-professional-art-10676-1.jpg,https://dlt.by/image/catalog/easyphoto/3092/kist-rollingdog-design-30mm-pryamoy-srez-naturalnaya-shchetina-seriya-professional-art-10676-2.jpg,,,,,,,,,,,,,,,,,,,,,,,,,,,,,,,,,,,,,,,,,,,,"
"Кисть Rollingdog Design 40мм, прямой срез, натуральная щетина, серия Professional, арт.10677",Малярный и штукатурный инструмент>Кисти малярные>Плоские кисти>Прямой срез,10677,451.41,"https://dlt.by/image/catalog/easyphoto/3093/kist-rollingdog-design-40mm-pryamoy-srez-naturalnaya-shchetina-seriya-professional-art-10677-1.jpg,https://dlt.by/image/catalog/easyphoto/3093/kist-rollingdog-design-40mm-pryamoy-srez-naturalnaya-shchetina-seriya-professional-art-10677-2.jpg,,,,,,,,,,,,,,,,,,,,,,,,,,,,,,,,,,,,,,,,,,,,"
"Кисть Rollingdog Design 50мм, прямой срез, натуральная щетина, серия Professional, арт.10678",Малярный и штукатурный инструмент>Кисти малярные>Плоские кисти>Прямой срез,10678,541.70,"https://dlt.by/image/catalog/easyphoto/3094/kist-rollingdog-design-50mm-pryamoy-srez-naturalnaya-shchetina-seriya-professional-art-10678-1.jpg,https://dlt.by/image/catalog/easyphoto/3094/kist-rollingdog-design-50mm-pryamoy-srez-naturalnaya-shchetina-seriya-professional-art-10678-2.jpg,,,,,,,,,,,,,,,,,,,,,,,,,,,,,,,,,,,,,,,,,,,,"
"Кисть Rollingdog Design 100мм, прямой срез, натуральная щетина, серия Professional, арт.10679",Малярный и штукатурный инструмент>Кисти малярные>Плоские кисти>Прямой срез,10679,1 023.20,"https://dlt.by/image/catalog/easyphoto/3095/kist-rollingdog-design-100mm-pryamoy-srez-naturalnaya-shchetina-seriya-professional-art-10679-1.jpg,https://dlt.by/image/catalog/easyphoto/3095/kist-rollingdog-design-100mm-pryamoy-srez-naturalnaya-shchetina-seriya-professional-art-10679-2.jpg,,,,,,,,,,,,,,,,,,,,,,,,,,,,,,,,,,,,,,,,,,,,"
"Кисть Rollingdog Design 35мм, овальная, смешанная щетина, серия Professional, арт.10685",Акции на строительный инструмент,10685,391.22,"https://dlt.by/image/catalog/easyphoto/3096/kist-rollingdog-design-35mm-ovalnaya-smeshannaya-shchetina-seriya-professional-art-10685-3.jpg,https://dlt.by/image/catalog/easyphoto/3096/kist-rollingdog-design-35mm-ovalnaya-smeshannaya-shchetina-seriya-professional-art-10685-4.jpg,https://dlt.by/image/catalog/easyphoto/3096/kist-rollingdog-design-35mm-ovalnaya-smeshannaya-shchetina-seriya-professional-art-10685-5.jpg,https://dlt.by/image/catalog/easyphoto/3096/kist-rollingdog-design-35mm-ovalnaya-smeshannaya-shchetina-seriya-professional-art-10685-1.jpg,https://dlt.by/image/catalog/easyphoto/3096/kist-rollingdog-design-35mm-ovalnaya-smeshannaya-shchetina-seriya-professional-art-10685-2.jpg,,,,,,,,,,,,,,,,,,,,,,,,,,,,,,,,,,,,,,,,,"
"Кисть Rollingdog Design 40мм, овальная, смешанная щетина, серия Professional, арт.10686",Акции на строительный инструмент,10686,571.79,"https://dlt.by/image/catalog/easyphoto/3097/kist-rollingdog-design-40mm-ovalnaya-smeshannaya-shchetina-seriya-professional-art-10686-3.jpg,https://dlt.by/image/catalog/easyphoto/3097/kist-rollingdog-design-40mm-ovalnaya-smeshannaya-shchetina-seriya-professional-art-10686-5.jpg,https://dlt.by/image/catalog/easyphoto/3097/kist-rollingdog-design-40mm-ovalnaya-smeshannaya-shchetina-seriya-professional-art-10686-4.jpg,https://dlt.by/image/catalog/easyphoto/3097/kist-rollingdog-design-40mm-ovalnaya-smeshannaya-shchetina-seriya-professional-art-10686-2.jpg,https://dlt.by/image/catalog/easyphoto/3097/kist-rollingdog-design-40mm-ovalnaya-smeshannaya-shchetina-seriya-professional-art-10686-1.jpg,,,,,,,,,,,,,,,,,,,,,,,,,,,,,,,,,,,,,,,,,"
"Кисть Rollingdog Design 45мм, овальная, смешанная щетина, серия Professional, арт.10687",Акции на строительный инструмент,10687,692.17,"https://dlt.by/image/catalog/easyphoto/3098/kist-rollingdog-design-45mm-ovalnaya-smeshannaya-shchetina-seriya-professional-art-10687-3.jpg,https://dlt.by/image/catalog/easyphoto/3098/kist-rollingdog-design-45mm-ovalnaya-smeshannaya-shchetina-seriya-professional-art-10687-4.jpg,https://dlt.by/image/catalog/easyphoto/3098/kist-rollingdog-design-45mm-ovalnaya-smeshannaya-shchetina-seriya-professional-art-10687-5.jpg,https://dlt.by/image/catalog/easyphoto/3098/kist-rollingdog-design-45mm-ovalnaya-smeshannaya-shchetina-seriya-professional-art-10687-2.jpg,https://dlt.by/image/catalog/easyphoto/3098/kist-rollingdog-design-45mm-ovalnaya-smeshannaya-shchetina-seriya-professional-art-10687-1.jpg,,,,,,,,,,,,,,,,,,,,,,,,,,,,,,,,,,,,,,,,,"
"Кисть с короткой ручкой Rollingdog Design 38мм, круглая, смешанная щетина, серия Professional, арт.10688",Бренды>Малярный инструмент ROLLINGDOG,10688,662.07,"https://dlt.by/image/catalog/easyphoto/3099/kist-s-korotkoy-ruchkoy-rollingdog-design-38mm-kruglaya-smeshannaya-shchetina-seriya-professional-art-10688-5.jpg,https://dlt.by/image/catalog/easyphoto/3099/kist-s-korotkoy-ruchkoy-rollingdog-design-38mm-kruglaya-smeshannaya-shchetina-seriya-professional-art-10688-3.jpg,https://dlt.by/image/catalog/easyphoto/3099/kist-s-korotkoy-ruchkoy-rollingdog-design-38mm-kruglaya-smeshannaya-shchetina-seriya-professional-art-10688-4.jpg,https://dlt.by/image/catalog/easyphoto/3099/kist-s-korotkoy-ruchkoy-rollingdog-design-38mm-kruglaya-smeshannaya-shchetina-seriya-professional-art-10688-6.jpg,https://dlt.by/image/catalog/easyphoto/3099/kist-s-korotkoy-ruchkoy-rollingdog-design-38mm-kruglaya-smeshannaya-shchetina-seriya-professional-art-10688-7.jpg,https://dlt.by/image/catalog/easyphoto/3099/kist-s-korotkoy-ruchkoy-rollingdog-design-38mm-kruglaya-smeshannaya-shchetina-seriya-professional-art-10688-1.jpg,https://dlt.by/image/catalog/easyphoto/3099/kist-s-korotkoy-ruchkoy-rollingdog-design-38mm-kruglaya-smeshannaya-shchetina-seriya-professional-art-10688-2.jpg,,,,,,,,,,,,,,,,,,,,,,,,,,,,,,,,,,,,,,,"
"Набор филеночных кистей Rollingdog Design 6/12/18/25мм, синтетика, серия Professional, арт.10689",Малярный и штукатурный инструмент>Кисти малярные>Наборы кистей,10689,722.26,"https://dlt.by/image/catalog/easyphoto/3100/nabor-filenochnyh-kistey-rollingdog-design-6-12-18-25mm-sintetika-seriya-professional-art-10689-3.jpg,https://dlt.by/image/catalog/easyphoto/3100/nabor-filenochnyh-kistey-rollingdog-design-6-12-18-25mm-sintetika-seriya-professional-art-10689-5.jpg,https://dlt.by/image/catalog/easyphoto/3100/nabor-filenochnyh-kistey-rollingdog-design-6-12-18-25mm-sintetika-seriya-professional-art-10689-4.jpg,https://dlt.by/image/catalog/easyphoto/3100/nabor-filenochnyh-kistey-rollingdog-design-6-12-18-25mm-sintetika-seriya-professional-art-10689-1.jpg,https://dlt.by/image/catalog/easyphoto/3100/nabor-filenochnyh-kistey-rollingdog-design-6-12-18-25mm-sintetika-seriya-professional-art-10689-2.jpg,,,,,,,,,,,,,,,,,,,,,,,,,,,,,,,,,,,,,,,,,"
"Кисть радиаторная Rollingdog Design 63мм, угловая, смешанная щетина, серия Professional, арт.10693",Акции на строительный инструмент,10693,451.41,"https://dlt.by/image/catalog/easyphoto/3101/kist-radiatornaya-rollingdog-design-63mm-uglovaya-smeshannaya-shchetina-seriya-professional-art-10693-3.jpg,https://dlt.by/image/catalog/easyphoto/3101/kist-radiatornaya-rollingdog-design-63mm-uglovaya-smeshannaya-shchetina-seriya-professional-art-10693-4.jpg,https://dlt.by/image/catalog/easyphoto/3101/kist-radiatornaya-rollingdog-design-63mm-uglovaya-smeshannaya-shchetina-seriya-professional-art-10693-5.jpg,https://dlt.by/image/catalog/easyphoto/3101/kist-radiatornaya-rollingdog-design-63mm-uglovaya-smeshannaya-shchetina-seriya-professional-art-10693-2.jpg,https://dlt.by/image/catalog/easyphoto/3101/kist-radiatornaya-rollingdog-design-63mm-uglovaya-smeshannaya-shchetina-seriya-professional-art-10693-1.jpg,,,,,,,,,,,,,,,,,,,,,,,,,,,,,,,,,,,,,,,,,"
"Кисть радиаторная Rollingdog Design 75мм, угловая, смешанная щетина, серия Professional, арт.10694",Акции на строительный инструмент,10694,601.88,"https://dlt.by/image/catalog/easyphoto/3102/kist-radiatornaya-rollingdog-design-75mm-uglovaya-smeshannaya-shchetina-seriya-professional-art-10694-3.jpg,https://dlt.by/image/catalog/easyphoto/3102/kist-radiatornaya-rollingdog-design-75mm-uglovaya-smeshannaya-shchetina-seriya-professional-art-10694-5.jpg,https://dlt.by/image/catalog/easyphoto/3102/kist-radiatornaya-rollingdog-design-75mm-uglovaya-smeshannaya-shchetina-seriya-professional-art-10694-4.jpg,https://dlt.by/image/catalog/easyphoto/3102/kist-radiatornaya-rollingdog-design-75mm-uglovaya-smeshannaya-shchetina-seriya-professional-art-10694-1.jpg,https://dlt.by/image/catalog/easyphoto/3102/kist-radiatornaya-rollingdog-design-75mm-uglovaya-smeshannaya-shchetina-seriya-professional-art-10694-2.jpg,,,,,,,,,,,,,,,,,,,,,,,,,,,,,,,,,,,,,,,,,"
"Кисть с короткой ручкой Rollingdog Design 75мм, прямой срез, смешанная щетина, серия Professional, арт.10695",Акции на строительный инструмент,10695,391.22,"https://dlt.by/image/catalog/easyphoto/3103/kist-s-korotkoy-ruchkoy-rollingdog-design-75mm-pryamoy-srez-smeshannaya-shchetina-seriya-professional-art-10695-3.jpg,https://dlt.by/image/catalog/easyphoto/3103/kist-s-korotkoy-ruchkoy-rollingdog-design-75mm-pryamoy-srez-smeshannaya-shchetina-seriya-professional-art-10695-4.jpg,https://dlt.by/image/catalog/easyphoto/3103/kist-s-korotkoy-ruchkoy-rollingdog-design-75mm-pryamoy-srez-smeshannaya-shchetina-seriya-professional-art-10695-5.jpg,https://dlt.by/image/catalog/easyphoto/3103/kist-s-korotkoy-ruchkoy-rollingdog-design-75mm-pryamoy-srez-smeshannaya-shchetina-seriya-professional-art-10695-1.jpg,https://dlt.by/image/catalog/easyphoto/3103/kist-s-korotkoy-ruchkoy-rollingdog-design-75mm-pryamoy-srez-smeshannaya-shchetina-seriya-professional-art-10695-2.jpg,,,,,,,,,,,,,,,,,,,,,,,,,,,,,,,,,,,,,,,,,"
"Кисть с короткой ручкой Rollingdog Design 100мм, прямой срез, смешанная щетина, серия Professional, арт.10696",Малярный и штукатурный инструмент>Кисти малярные>Плоские кисти>Прямой срез,10696,451.41,"https://dlt.by/image/catalog/easyphoto/3104/kist-s-korotkoy-ruchkoy-rollingdog-design-100mm-pryamoy-srez-smeshannaya-shchetina-seriya-professional-art-10696-3.jpg,https://dlt.by/image/catalog/easyphoto/3104/kist-s-korotkoy-ruchkoy-rollingdog-design-100mm-pryamoy-srez-smeshannaya-shchetina-seriya-professional-art-10696-4.jpg,https://dlt.by/image/catalog/easyphoto/3104/kist-s-korotkoy-ruchkoy-rollingdog-design-100mm-pryamoy-srez-smeshannaya-shchetina-seriya-professional-art-10696-5.jpg,https://dlt.by/image/catalog/easyphoto/3104/kist-s-korotkoy-ruchkoy-rollingdog-design-100mm-pryamoy-srez-smeshannaya-shchetina-seriya-professional-art-10696-2.jpg,https://dlt.by/image/catalog/easyphoto/3104/kist-s-korotkoy-ruchkoy-rollingdog-design-100mm-pryamoy-srez-smeshannaya-shchetina-seriya-professional-art-10696-1.jpg,,,,,,,,,,,,,,,,,,,,,,,,,,,,,,,,,,,,,,,,,"
"Набор кистей Rollingdog X1000 25/38/50/50/63мм, полиэстер, серия Professional, арт.10714",Бренды>Малярный инструмент ROLLINGDOG,10714,1 504.71,"https://dlt.by/image/catalog/easyphoto/3105/nabor-kistey-rollingdog-x1000-25-38-50-50-63mm-poliester-seriya-professional-art-10714-4.jpg,https://dlt.by/image/catalog/easyphoto/3105/nabor-kistey-rollingdog-x1000-25-38-50-50-63mm-poliester-seriya-professional-art-10714-5.jpg,https://dlt.by/image/catalog/easyphoto/3105/nabor-kistey-rollingdog-x1000-25-38-50-50-63mm-poliester-seriya-professional-art-10714-6.jpg,https://dlt.by/image/catalog/easyphoto/3105/nabor-kistey-rollingdog-x1000-25-38-50-50-63mm-poliester-seriya-professional-art-10714-1.jpg,https://dlt.by/image/catalog/easyphoto/3105/nabor-kistey-rollingdog-x1000-25-38-50-50-63mm-poliester-seriya-professional-art-10714-2.jpg,https://dlt.by/image/catalog/easyphoto/3105/nabor-kistey-rollingdog-x1000-25-38-50-50-63mm-poliester-seriya-professional-art-10714-3.jpg,,,,,,,,,,,,,,,,,,,,,,,,,,,,,,,,,,,,,,,,"
"Запасные винты крепления кожуха для шлифмашины DLT, арт.1111",Запчасти>Шлифмашины ручные/жираф,1111,306.96,"https://dlt.by/image/catalog/easyphoto/3107/zapasnye-shchetki-dvigatelya-dlya-shlifmashiny-dlt-r7232-2.jpg,https://dlt.by/image/catalog/easyphoto/3107/zapasnye-shchetki-dvigatelya-dlya-shlifmashiny-dlt-r7232-1.jpg,,,,,,,,,,,,,,,,,,,,,,,,,,,,,,,,,,,,,,,,,,,,"
"Запасная плата управления шлифмашины DLT KS-01-150-50, арт.1117",Запчасти>Шлифмашины ручные/жираф>DLT KS-01-150-50,1117,4 514.13,"https://dlt.by/image/catalog/easyphoto/3108/zapasnoy-modul-upravleniya-shlifmashiny-dlt-ks-01-150-50-2.jpg,https://dlt.by/image/catalog/easyphoto/3108/zapasnoy-modul-upravleniya-shlifmashiny-dlt-ks-01-150-50-1.jpg,,,,,,,,,,,,,,,,,,,,,,,,,,,,,,,,,,,,,,,,,,,,"
"Гидроизоляционное полотно DLT (оранжевое), 300 г/см², рулон 1*15 м (15 м²), арт.3573",Инструмент для укладки плитки>Разделительные гидроизоляционные мембраны,3573,0.00,"https://dlt.by/image/catalog/easyphoto/4322/gidroizolyatsionnoe-polotno-dlt-oranzhevoe-300-g-sm-rulon-1-15-m-15-m-art-3573-2.png,https://dlt.by/image/catalog/easyphoto/4322/razdelitelnaya-membrana-dlya-plitki-dlt-rulon-1-10-m-10-m-art-3571-1.png,,,,,,,,,,,,,,,,,,,,,,,,,,,,,,,,,,,,,,,,,,,,"
"Запасной упор-держатель гильотины для резки ламината Magnusson 320, арт.3215",Запчасти>Гильотины,3215,451.41,"https://dlt.by/image/catalog/easyphoto/4144/zapasnoy-upor-derzhatel-gilotiny-dlya-rezki-laminata-magnusson-320-2.jpg,https://dlt.by/image/catalog/easyphoto/4144/zapasnoy-upor-derzhatel-gilotiny-dlya-rezki-laminata-magnusson-320-3.jpg,https://dlt.by/image/catalog/easyphoto/4144/zapasnoy-upor-derzhatel-gilotiny-dlya-rezki-laminata-magnusson-320-4.jpg,,,,,,,,,,,,,,,,,,,,,,,,,,,,,,,,,,,,,,,,,,,"
"Набор направляющих для стяжки BIHUI, арт.TASES6",Акции на строительный инструмент,TASES6,11 134.86,"https://dlt.by/image/catalog/easyphoto/3119/nabor-napravlyayushchih-dlya-styazhki-bihui-art-tases6-5.jpg,https://dlt.by/image/catalog/easyphoto/3119/nabor-napravlyayushchih-dlya-styazhki-bihui-art-tases6-6.jpg,https://dlt.by/image/catalog/easyphoto/3119/nabor-napravlyayushchih-dlya-styazhki-bihui-art-tases6-8.jpg,https://dlt.by/image/catalog/easyphoto/3119/nabor-napravlyayushchih-dlya-styazhki-bihui-art-tases6-7.jpg,https://dlt.by/image/catalog/easyphoto/3119/nabor-napravlyayushchih-dlya-styazhki-bihui-art-tases6-9.jpg,,,,,,,,,,,,,,,,,,,,,,,,,,,,,,,,,,,,,,,,,"
"Запасной электродвигатель для плиткореза DLT OptiTronic (версия PRO), SHIJING (9033, 9063), арт.1224",Запчасти>Плиткорезы электрические>DLT OptiTronic Auto (версия PRO),1224,11 736.75,"https://dlt.by/image/catalog/easyphoto/3944/zapasnoy-elektrodvigatel-dlya-plitkoreza-dlt-optitronic-versiya-pro-shijing-9033-9063-2.jpg,https://dlt.by/image/catalog/easyphoto/3944/zapasnoy-elektrodvigatel-dlya-plitkoreza-dlt-optitronic-versiya-pro-shijing-9033-9063-5.jpg,https://dlt.by/image/catalog/easyphoto/3944/zapasnoy-elektrodvigatel-dlya-plitkoreza-dlt-optitronic-versiya-pro-shijing-9033-9063-3.jpg,https://dlt.by/image/catalog/easyphoto/3944/zapasnoy-elektrodvigatel-dlya-plitkoreza-dlt-optitronic-versiya-pro-shijing-9033-9063-4.jpg,https://dlt.by/image/catalog/easyphoto/3944/zapasnoy-elektrodvigatel-dlya-plitkoreza-dlt-optitronic-versiya-pro-shijing-9033-9063-6.jpg,,,,,,,,,,,,,,,,,,,,,,,,,,,,,,,,,,,,,,,,,"
"Зажим для системы выравнивания плитки (СВП) BIHUI 1мм, 100шт, арт.BLS1100",Система выравнивания плитки (СВП)>СВП BIHUI,BLS1100,391.22,"https://dlt.by/image/catalog/easyphoto/3121/zazhim-dlya-vyravnivaniya-plitki-svp-bihui-1mm-100sht-art-bls1100-6.jpg,https://dlt.by/image/catalog/easyphoto/3121/zazhim-dlya-vyravnivaniya-plitki-svp-bihui-1mm-100sht-art-bls1100-7.jpg,https://dlt.by/image/catalog/easyphoto/3121/zazhim-dlya-vyravnivaniya-plitki-svp-bihui-1mm-100sht-art-bls1100-8.jpg,https://dlt.by/image/catalog/easyphoto/3121/zazhim-dlya-vyravnivaniya-plitki-svp-bihui-1mm-100sht-art-bls1100-9.jpg,,,,,,,,,,,,,,,,,,,,,,,,,,,,,,,,,,,,,,,,,,"
" Универсальный набор для работы с плиткой BIHUI (12 предметов), арт.PTSCK12 ",Плиткорезы ручные,PTSCK12,9 028.27,"https://dlt.by/image/catalog/easyphoto/4300/universalnyy-nabor-dlya-raboty-s-plitkoy-bihui-12-predmetov-art-ptsck12-7.jpg,https://dlt.by/image/catalog/easyphoto/4300/universalnyy-nabor-dlya-raboty-s-plitkoy-bihui-12-predmetov-art-ptsck12-8.jpg,https://dlt.by/image/catalog/easyphoto/4300/universalnyy-nabor-dlya-raboty-s-plitkoy-bihui-12-predmetov-art-ptsck12-9.jpg,https://dlt.by/image/catalog/easyphoto/4300/universalnyy-nabor-dlya-raboty-s-plitkoy-bihui-12-predmetov-art-ptsck12-10.jpg,https://dlt.by/image/catalog/easyphoto/4300/universalnyy-nabor-dlya-raboty-s-plitkoy-bihui-12-predmetov-art-ptsck12-11.jpg,https://dlt.by/image/catalog/easyphoto/4300/universalnyy-nabor-dlya-raboty-s-plitkoy-bihui-12-predmetov-art-ptsck12-12.jpg,https://dlt.by/image/catalog/easyphoto/4300/universalnyy-nabor-dlya-raboty-s-plitkoy-bihui-12-predmetov-art-ptsck12-13.jpg,https://dlt.by/image/catalog/easyphoto/4300/universalnyy-nabor-dlya-raboty-s-plitkoy-bihui-12-predmetov-art-ptsck12-14.jpg,https://dlt.by/image/catalog/easyphoto/4300/universalnyy-nabor-dlya-raboty-s-plitkoy-bihui-12-predmetov-art-ptsck12-15.jpg,https://dlt.by/image/catalog/easyphoto/4300/universalnyy-nabor-dlya-raboty-s-plitkoy-bihui-12-predmetov-art-ptsck12-16.jpg,https://dlt.by/image/catalog/easyphoto/4300/universalnyy-nabor-dlya-raboty-s-plitkoy-bihui-12-predmetov-art-ptsck12-17.jpg,https://dlt.by/image/catalog/easyphoto/4300/universalnyy-nabor-dlya-raboty-s-plitkoy-bihui-12-predmetov-art-ptsck12-18.jpg,https://dlt.by/image/catalog/easyphoto/4300/universalnyy-nabor-dlya-raboty-s-plitkoy-bihui-12-predmetov-art-ptsck12-19.jpg,https://dlt.by/image/catalog/easyphoto/4300/universalnyy-nabor-dlya-raboty-s-plitkoy-bihui-12-predmetov-art-ptsck12-20.jpg,,,,,,,,,,,,,,,,,,,,,,,,,,,,,,,,"
"Расшивка каменщика BIHUI 8мм, арт.BTCHT08",Инструмент для укладки плитки>Расшивки каменщика,BTCHT08,306.96,"https://dlt.by/image/catalog/easyphoto/3124/rasshivka-kamenshchika-bihui-8mm-art-btcht08-4.jpg,https://dlt.by/image/catalog/easyphoto/3124/rasshivka-kamenshchika-bihui-8mm-art-btcht08-2.jpg,https://dlt.by/image/catalog/easyphoto/3124/rasshivka-kamenshchika-bihui-8mm-art-btcht08-3.jpg,https://dlt.by/image/catalog/easyphoto/3124/rasshivka-kamenshchika-bihui-8mm-art-btcht08-5.jpg,https://dlt.by/image/catalog/easyphoto/3124/rasshivka-kamenshchika-bihui-8mm-art-btcht08-6.jpg,,,,,,,,,,,,,,,,,,,,,,,,,,,,,,,,,,,,,,,,,"
"Расшивка каменщика BIHUI 10мм, арт.BTCHT10",Инструмент для укладки плитки>Расшивки каменщика,BTCHT10,306.96,"https://dlt.by/image/catalog/easyphoto/3125/rasshivka-kamenshchika-bihui-10mm-art-btcht10-1.jpg,https://dlt.by/image/catalog/easyphoto/3125/rasshivka-kamenshchika-bihui-10mm-art-btcht10-2.jpg,https://dlt.by/image/catalog/easyphoto/3125/rasshivka-kamenshchika-bihui-10mm-art-btcht10-3.jpg,https://dlt.by/image/catalog/easyphoto/3125/rasshivka-kamenshchika-bihui-10mm-art-btcht10-4.jpg,https://dlt.by/image/catalog/easyphoto/3125/rasshivka-kamenshchika-bihui-10mm-art-btcht10-5.jpg,,,,,,,,,,,,,,,,,,,,,,,,,,,,,,,,,,,,,,,,,"
"Расшивка каменщика BIHUI 12мм, арт.BTCHT12",Инструмент для укладки плитки>Расшивки каменщика,BTCHT12,306.96,"https://dlt.by/image/catalog/easyphoto/3126/rasshivka-kamenshchika-bihui-12mm-art-btcht12-3.jpg,https://dlt.by/image/catalog/easyphoto/3126/rasshivka-kamenshchika-bihui-12mm-art-btcht12-4.jpg,https://dlt.by/image/catalog/easyphoto/3126/rasshivka-kamenshchika-bihui-12mm-art-btcht12-1.jpg,https://dlt.by/image/catalog/easyphoto/3126/rasshivka-kamenshchika-bihui-12mm-art-btcht12-2.jpg,https://dlt.by/image/catalog/easyphoto/3126/rasshivka-kamenshchika-bihui-12mm-art-btcht12-5.jpg,,,,,,,,,,,,,,,,,,,,,,,,,,,,,,,,,,,,,,,,,"
"Коронка-фреза алмазная для плитки BIHUI 10-25мм, #50/60, арт.DM4N1",Алмазная оснастка>Алмазные коронки для плитки>Пальчиковые алмазные фрезы (шарошки),DM4N1,2 497.82,"https://dlt.by/image/catalog/easyphoto/3127/koronka-freza-almaznaya-dlya-plitki-bihui-10-25mm-50-60-art-dm4n1-3.jpg,https://dlt.by/image/catalog/easyphoto/3127/koronka-freza-almaznaya-dlya-plitki-bihui-10-25mm-50-60-art-dm4n1-4.jpg,https://dlt.by/image/catalog/easyphoto/3127/koronka-freza-almaznaya-dlya-plitki-bihui-10-25mm-50-60-art-dm4n1-5.jpg,,,,,,,,,,,,,,,,,,,,,,,,,,,,,,,,,,,,,,,,,,,"
"Набор присосок для направляющей системы резки широкоформатной плитки BIHUI 4шт., арт.LFRS-SC",Запчасти>Системы резки крупноформата,LFRS-SC,4 213.19,"https://dlt.by/image/catalog/easyphoto/3128/nabor-prisosok-dlya-napravlyayushchey-sistemy-rezki-shirokoformatnoy-plitki-bihui-4sht-art-lfrs-sc-2.jpg,https://dlt.by/image/catalog/easyphoto/3128/nabor-prisosok-dlya-napravlyayushchey-sistemy-rezki-shirokoformatnoy-plitki-bihui-4sht-art-lfrs-sc-3.jpg,https://dlt.by/image/catalog/easyphoto/3128/nabor-prisosok-dlya-napravlyayushchey-sistemy-rezki-shirokoformatnoy-plitki-bihui-4sht-art-lfrs-sc-4.jpg,https://dlt.by/image/catalog/easyphoto/3128/nabor-prisosok-dlya-napravlyayushchey-sistemy-rezki-shirokoformatnoy-plitki-bihui-4sht-art-lfrs-sc-5.jpg,https://dlt.by/image/catalog/easyphoto/3128/nabor-prisosok-dlya-napravlyayushchey-sistemy-rezki-shirokoformatnoy-plitki-bihui-4sht-art-lfrs-sc-6.jpg,,,,,,,,,,,,,,,,,,,,,,,,,,,,,,,,,,,,,,,,,"
"Аккумулятор BIHUI, 2000 мА·ч, 21 В, для виброприсоски для укладки плитки, арт.LFTBA-BAT",Запчасти>Присоски вибро>BIHUI,LFTBA-BAT,3 310.36,"https://dlt.by/image/catalog/easyphoto/3129/akkumulyator-bihui-2000-ma-ch-21-v-dlya-vibroprisoski-dlya-ukladki-plitki-art-lftba-bat-6.jpg,https://dlt.by/image/catalog/easyphoto/3129/akkumulyator-bihui-2000-ma-ch-21-v-dlya-vibroprisoski-dlya-ukladki-plitki-art-lftba-bat-7.jpg,https://dlt.by/image/catalog/easyphoto/3129/akkumulyator-bihui-2000-ma-ch-21-v-dlya-vibroprisoski-dlya-ukladki-plitki-art-lftba-bat-8.jpg,,,,,,,,,,,,,,,,,,,,,,,,,,,,,,,,,,,,,,,,,,,"
"Насадка для смесителя (миксера) BIHUI, арт.MPPS400",Малярный и штукатурный инструмент>Венчики и насадки строительные,MPPS400,306.96,"https://dlt.by/image/catalog/easyphoto/3130/nasadka-dlya-smesitelya-miksera-bihui-art-mpps400-2.jpg,https://dlt.by/image/catalog/easyphoto/3130/nasadka-dlya-smesitelya-miksera-bihui-art-mpps400-3.jpg,https://dlt.by/image/catalog/easyphoto/3130/nasadka-dlya-smesitelya-miksera-bihui-art-mpps400-4.jpg,,,,,,,,,,,,,,,,,,,,,,,,,,,,,,,,,,,,,,,,,,,"
"Запасная верхняя часть корпуса гравера DLT G-100, арт.1182",Запчасти>Граверы,1182,902.83,"https://dlt.by/image/catalog/easyphoto/3462/zapasnaya-verhnyaya-chast-korpusa-gravera-dlt-g-100-art-1182-2.jpg,https://dlt.by/image/catalog/easyphoto/3462/zapasnaya-verhnyaya-chast-korpusa-gravera-dlt-g-100-art-1182-3.jpg,https://dlt.by/image/catalog/easyphoto/3462/zapasnaya-verhnyaya-chast-korpusa-gravera-dlt-g-100-art-1182-4.jpg,,,,,,,,,,,,,,,,,,,,,,,,,,,,,,,,,,,,,,,,,,,"
"Запасная соединительная планка плиткореза для керамогранита большого формата Rubi Slim System Cutter PLUS, арт.2919",Запчасти>Системы резки крупноформата,2919,2 738.57,"https://dlt.by/image/catalog/easyphoto/3466/zapasnaya-soedinitelnaya-planka-plitkoreza-dlya-keramogranita-bolshogo-formata-rubi-slim-system-cutter-plus-2.jpg,https://dlt.by/image/catalog/easyphoto/3466/zapasnaya-soedinitelnaya-planka-plitkoreza-dlya-keramogranita-bolshogo-formata-rubi-slim-system-cutter-plus-3.jpg,https://dlt.by/image/catalog/easyphoto/3466/zapasnaya-soedinitelnaya-planka-plitkoreza-dlya-keramogranita-bolshogo-formata-rubi-slim-system-cutter-plus-4.jpg,https://dlt.by/image/catalog/easyphoto/3466/zapasnaya-soedinitelnaya-planka-plitkoreza-dlya-keramogranita-bolshogo-formata-rubi-slim-system-cutter-plus-5.jpg,,,,,,,,,,,,,,,,,,,,,,,,,,,,,,,,,,,,,,,,,,"
"Запасной ротор двигателя гравера DLT G-100, арт.1402",Запчасти>Граверы,1402,1 053.30,"https://dlt.by/image/catalog/easyphoto/3461/zapasnoy-rotor-dvigatelya-gravera-dlt-g-100-art-1402-2.jpg,https://dlt.by/image/catalog/easyphoto/3461/zapasnoy-rotor-dvigatelya-gravera-dlt-g-100-art-1402-3.jpg,https://dlt.by/image/catalog/easyphoto/3461/zapasnoy-rotor-dvigatelya-gravera-dlt-g-100-art-1402-4.jpg,,,,,,,,,,,,,,,,,,,,,,,,,,,,,,,,,,,,,,,,,,,"
"Гребенка BIHUI 320*120мм, зуб 6мм, арт.PTSL06",Инструмент для укладки плитки>Гребенки>Зуб 3-6мм,PTSL06,1 143.58,"https://dlt.by/image/catalog/easyphoto/3131/grebenka-bihui-320-120mm-zub-6mm-art-ptsl06-2.jpg,https://dlt.by/image/catalog/easyphoto/3131/grebenka-bihui-320-120mm-zub-6mm-art-ptsl06-3.jpg,https://dlt.by/image/catalog/easyphoto/3131/grebenka-bihui-320-120mm-zub-6mm-art-ptsl06-4.jpg,https://dlt.by/image/catalog/easyphoto/3131/grebenka-bihui-320-120mm-zub-6mm-art-ptsl06-5.jpg,,,,,,,,,,,,,,,,,,,,,,,,,,,,,,,,,,,,,,,,,,"
"Сопло HYVST (тип Graco RAC-V) №515, арт.GVTIP515",Окрасочные аппараты и аксессуары,GVTIP515,541.70,"https://dlt.by/image/catalog/easyphoto/3669/soplo-hyvst-tip-graco-rac-v-515-art-gvtip515-2.jpg,https://dlt.by/image/catalog/easyphoto/3669/soplo-hyvst-tip-graco-rac-v-515-art-gvtip515-3.jpg,https://dlt.by/image/catalog/easyphoto/3669/soplo-hyvst-tip-graco-rac-v-515-art-gvtip515-4.jpg,https://dlt.by/image/catalog/easyphoto/3669/soplo-hyvst-tip-graco-rac-v-515-art-gvtip515-5.jpg,,,,,,,,,,,,,,,,,,,,,,,,,,,,,,,,,,,,,,,,,,"
"Гребенка BIHUI 320*120мм, зуб 8мм, арт.PTSL08",Инструмент для укладки плитки>Гребенки>Зуб 8мм,PTSL08,1 143.58,"https://dlt.by/image/catalog/easyphoto/3132/grebenka-bihui-320-120mm-zub-8mm-art-ptsl08-1.jpg,https://dlt.by/image/catalog/easyphoto/3132/grebenka-bihui-320-120mm-zub-8mm-art-ptsl08-2.jpg,https://dlt.by/image/catalog/easyphoto/3132/grebenka-bihui-320-120mm-zub-8mm-art-ptsl08-3.jpg,https://dlt.by/image/catalog/easyphoto/3132/grebenka-bihui-320-120mm-zub-8mm-art-ptsl08-4.jpg,,,,,,,,,,,,,,,,,,,,,,,,,,,,,,,,,,,,,,,,,,"
"Гребенка BIHUI 320*120мм, зуб 10мм, арт.PTSL10",Инструмент для укладки плитки>Гребенки>Зуб 10мм,PTSL10,993.11,"https://dlt.by/image/catalog/easyphoto/3133/grebenka-bihui-320-120mm-zub-10mm-art-ptsl10-1.jpg,https://dlt.by/image/catalog/easyphoto/3133/grebenka-bihui-320-120mm-zub-10mm-art-ptsl10-2.jpg,https://dlt.by/image/catalog/easyphoto/3133/grebenka-bihui-320-120mm-zub-10mm-art-ptsl10-3.jpg,https://dlt.by/image/catalog/easyphoto/3133/grebenka-bihui-320-120mm-zub-10mm-art-ptsl10-4.jpg,,,,,,,,,,,,,,,,,,,,,,,,,,,,,,,,,,,,,,,,,,"
"Гребенка BIHUI 320*120мм, зуб 12мм, арт.PTSL12",Инструмент для укладки плитки>Гребенки>Зуб 12мм,PTSL12,993.11,"https://dlt.by/image/catalog/easyphoto/3134/grebenka-bihui-320-120mm-zub-12mm-art-ptsl12-1.jpg,https://dlt.by/image/catalog/easyphoto/3134/grebenka-bihui-320-120mm-zub-12mm-art-ptsl12-2.jpg,https://dlt.by/image/catalog/easyphoto/3134/grebenka-bihui-320-120mm-zub-12mm-art-ptsl12-3.jpg,https://dlt.by/image/catalog/easyphoto/3134/grebenka-bihui-320-120mm-zub-12mm-art-ptsl12-4.jpg,,,,,,,,,,,,,,,,,,,,,,,,,,,,,,,,,,,,,,,,,,"
"Гребенка BIHUI 320*120мм, зуб «Тигровый коготь», арт.PTSLTG",Акции на строительный инструмент,PTSLTG,1 113.49,"https://dlt.by/image/catalog/easyphoto/3135/grebenka-bihui-320-120mm-zub-tigrovyy-kogot-art-ptsltg-1.jpg,https://dlt.by/image/catalog/easyphoto/3135/grebenka-bihui-320-120mm-zub-tigrovyy-kogot-art-ptsltg-2.jpg,https://dlt.by/image/catalog/easyphoto/3135/grebenka-bihui-320-120mm-zub-tigrovyy-kogot-art-ptsltg-3.jpg,https://dlt.by/image/catalog/easyphoto/3135/grebenka-bihui-320-120mm-zub-tigrovyy-kogot-art-ptsltg-4.jpg,,,,,,,,,,,,,,,,,,,,,,,,,,,,,,,,,,,,,,,,,,"
"Кондуктор (шаблон) BIHUI для алмазных коронок, арт.DBGV",Алмазная оснастка>Алмазные коронки для плитки>Аксессуары для алмазных коронок,DBGV,963.02,"https://dlt.by/image/catalog/easyphoto/3136/konduktor-bihui-dlya-almaznyh-koronok-art-dbgv-4.jpg,https://dlt.by/image/catalog/easyphoto/3136/konduktor-bihui-dlya-almaznyh-koronok-art-dbgv-5.jpg,https://dlt.by/image/catalog/easyphoto/3136/konduktor-bihui-dlya-almaznyh-koronok-art-dbgv-6.jpg,https://dlt.by/image/catalog/easyphoto/3136/konduktor-bihui-dlya-almaznyh-koronok-art-dbgv-7.jpg,,,,,,,,,,,,,,,,,,,,,,,,,,,,,,,,,,,,,,,,,,"
"Запасной вал привода электрического плиткореза DLT, SHIJING, арт.2660",Запчасти>Плиткорезы электрические,2660,451.41,"https://dlt.by/image/catalog/easyphoto/3156/zapasnoy-val-privoda-elektricheskogo-plitkoreza-dlt-shijing-1.jpg,https://dlt.by/image/catalog/easyphoto/3156/zapasnoy-val-privoda-elektricheskogo-plitkoreza-dlt-shijing-2.jpg,https://dlt.by/image/catalog/easyphoto/3156/zapasnoy-val-privoda-elektricheskogo-plitkoreza-dlt-shijing-3.jpg,,,,,,,,,,,,,,,,,,,,,,,,,,,,,,,,,,,,,,,,,,,"
"Инструмент для раскатки мембраны под плитку BIHUI, арт.UMR330",Бренды>BIHUI Tools Инструмент для укладки плитки Бихуэй (бихуй),UMR330,10 532.98,"https://dlt.by/image/catalog/easyphoto/3137/instrument-dlya-raskatki-membrany-pod-plitku-bihui-art-umr330-2.jpg,https://dlt.by/image/catalog/easyphoto/3137/instrument-dlya-raskatki-membrany-pod-plitku-bihui-art-umr330-3.jpg,https://dlt.by/image/catalog/easyphoto/3137/instrument-dlya-raskatki-membrany-pod-plitku-bihui-art-umr330-4.jpg,https://dlt.by/image/catalog/easyphoto/3137/instrument-dlya-raskatki-membrany-pod-plitku-bihui-art-umr330-6.jpg,https://dlt.by/image/catalog/easyphoto/3137/instrument-dlya-raskatki-membrany-pod-plitku-bihui-art-umr330-5.jpg,https://dlt.by/image/catalog/easyphoto/3137/instrument-dlya-raskatki-membrany-pod-plitku-bihui-art-umr330-7.jpg,https://dlt.by/image/catalog/easyphoto/3137/instrument-dlya-raskatki-membrany-pod-plitku-bihui-art-umr330-8.jpg,,,,,,,,,,,,,,,,,,,,,,,,,,,,,,,,,,,,,,,"
"Запасная пластиковая решетка для кюветы BIHUI, арт.TWS19G",Малярный и штукатурный инструмент>Ведра и кюветы,TWS19G,752.36,"https://dlt.by/image/catalog/easyphoto/3138/zapasnaya-plastikovaya-reshetka-dlya-kyuvety-bihui-art-tws19g-4.jpg,https://dlt.by/image/catalog/easyphoto/3138/zapasnaya-plastikovaya-reshetka-dlya-kyuvety-bihui-art-tws19g-5.jpg,https://dlt.by/image/catalog/easyphoto/3138/zapasnaya-plastikovaya-reshetka-dlya-kyuvety-bihui-art-tws19g-6.jpg,,,,,,,,,,,,,,,,,,,,,,,,,,,,,,,,,,,,,,,,,,,"
"Кронштейн 3Н К470, арт.3209",Стеллажи для инструментов,3209,391.22,"https://dlt.by/image/catalog/easyphoto/3904/kronshteyn-3n-k470-3.jpg,https://dlt.by/image/catalog/easyphoto/3904/kronshteyn-3n-k470-2.jpg,,,,,,,,,,,,,,,,,,,,,,,,,,,,,,,,,,,,,,,,,,,,"
"Запасные пластиковые ролики для кюветы BIHUI, арт.TWS19R",Малярный и штукатурный инструмент>Ведра и кюветы,TWS19R,842.64,"https://dlt.by/image/catalog/easyphoto/3139/zapasnaya-plastikovaya-reshetka-dlya-kyuvety-bihui-art-tws19g-4.jpg,https://dlt.by/image/catalog/easyphoto/3139/zapasnaya-plastikovaya-reshetka-dlya-kyuvety-bihui-art-tws19g-1.jpg,https://dlt.by/image/catalog/easyphoto/3139/zapasnaya-plastikovaya-reshetka-dlya-kyuvety-bihui-art-tws19g-2.jpg,https://dlt.by/image/catalog/easyphoto/3139/zapasnaya-plastikovaya-reshetka-dlya-kyuvety-bihui-art-tws19g-3.jpg,,,,,,,,,,,,,,,,,,,,,,,,,,,,,,,,,,,,,,,,,,"
"Складной деревянный метр BIHUI, арт.TFR20",Плиткорезы ручные,TFR20,541.70,"https://dlt.by/image/catalog/easyphoto/3140/skladnoy-derevyannyy-metr-bihui-art-tfr20-3.jpg,https://dlt.by/image/catalog/easyphoto/3140/skladnoy-derevyannyy-metr-bihui-art-tfr20-4.jpg,https://dlt.by/image/catalog/easyphoto/3140/skladnoy-derevyannyy-metr-bihui-art-tfr20-5.jpg,https://dlt.by/image/catalog/easyphoto/3140/skladnoy-derevyannyy-metr-bihui-art-tfr20-6.jpg,https://dlt.by/image/catalog/easyphoto/3140/skladnoy-derevyannyy-metr-bihui-art-tfr20-7.jpg,,,,,,,,,,,,,,,,,,,,,,,,,,,,,,,,,,,,,,,,,"
"Направляющая для систем резки широкоформатной плиты BIHUI, арт.LFRS5, 5 поколение",Плиткорезы ручные>Плиткорезы BIHUI,LFRS5,39 724.38,"https://dlt.by/image/catalog/easyphoto/3196/napravlyayushchaya-dlya-sistem-rezki-shirokoformatnoy-plity-bihui-art-lfrs5-5-pokolenie-5.jpg,https://dlt.by/image/catalog/easyphoto/3196/napravlyayushchaya-dlya-sistem-rezki-shirokoformatnoy-plity-bihui-art-lfrs5-5-pokolenie-6.jpg,https://dlt.by/image/catalog/easyphoto/3196/napravlyayushchaya-dlya-sistem-rezki-shirokoformatnoy-plity-bihui-art-lfrs5-5-pokolenie-8.jpg,https://dlt.by/image/catalog/easyphoto/3196/napravlyayushchaya-dlya-sistem-rezki-shirokoformatnoy-plity-bihui-art-lfrs5-5-pokolenie-7.jpg,https://dlt.by/image/catalog/easyphoto/3196/napravlyayushchaya-dlya-sistem-rezki-shirokoformatnoy-plity-bihui-art-lfrs5-5-pokolenie-10.jpg,https://dlt.by/image/catalog/easyphoto/3196/napravlyayushchaya-dlya-sistem-rezki-shirokoformatnoy-plity-bihui-art-lfrs5-5-pokolenie-9.jpg,https://dlt.by/image/catalog/easyphoto/3196/napravlyayushchaya-dlya-sistem-rezki-shirokoformatnoy-plity-bihui-art-lfrs5-5-pokolenie-11.jpg,https://dlt.by/image/catalog/easyphoto/3196/napravlyayushchaya-dlya-sistem-rezki-shirokoformatnoy-plity-bihui-art-lfrs5-5-pokolenie-12.jpg,,,,,,,,,,,,,,,,,,,,,,,,,,,,,,,,,,,,,,"
"Запасной редуктор гравера DLT G-100, арт.0741",Акции на строительный инструмент,741,5 116.02,"https://dlt.by/image/catalog/easyphoto/3459/zapasnoy-reduktor-gravera-dlt-g-100-art-0741-2.jpg,https://dlt.by/image/catalog/easyphoto/3459/zapasnoy-reduktor-gravera-dlt-g-100-art-0741-3.jpg,https://dlt.by/image/catalog/easyphoto/3459/zapasnoy-reduktor-gravera-dlt-g-100-art-0741-4.jpg,https://dlt.by/image/catalog/easyphoto/3459/zapasnoy-reduktor-gravera-dlt-g-100-art-0741-5.jpg,,,,,,,,,,,,,,,,,,,,,,,,,,,,,,,,,,,,,,,,,,"
"Электрический плиткорез для крупноформатной плитки BIHUI (рез до 3.2м), 5 поколение, арт.LFEC5MR ",Плиткорезы электрические (камнерезы/мокрорезы)>Электрические плиткорезы для крупноформатной плитки,LFEC5MR,88 777.97,"https://dlt.by/image/catalog/easyphoto/3458/elektricheskiy-plitkorez-dlya-krupnoformatnoy-plitki-bihui-rez-do-3-2m-5-pokolenie-art-lfec5mr-8.jpg,https://dlt.by/image/catalog/easyphoto/3458/elektricheskiy-plitkorez-dlya-krupnoformatnoy-plitki-bihui-rez-do-3-2m-5-pokolenie-art-lfec5mr-9.jpg,https://dlt.by/image/catalog/easyphoto/3458/elektricheskiy-plitkorez-dlya-krupnoformatnoy-plitki-bihui-rez-do-3-2m-5-pokolenie-art-lfec5mr-10.jpg,https://dlt.by/image/catalog/easyphoto/3458/elektricheskiy-plitkorez-dlya-krupnoformatnoy-plitki-bihui-rez-do-3-2m-5-pokolenie-art-lfec5mr-11.jpg,https://dlt.by/image/catalog/easyphoto/3458/elektricheskiy-plitkorez-dlya-krupnoformatnoy-plitki-bihui-rez-do-3-2m-5-pokolenie-art-lfec5mr-12.jpg,https://dlt.by/image/catalog/easyphoto/3458/elektricheskiy-plitkorez-dlya-krupnoformatnoy-plitki-bihui-rez-do-3-2m-5-pokolenie-art-lfec5mr-13.jpg,https://dlt.by/image/catalog/easyphoto/3458/elektricheskiy-plitkorez-dlya-krupnoformatnoy-plitki-bihui-rez-do-3-2m-5-pokolenie-art-lfec5mr-14.jpg,https://dlt.by/image/catalog/easyphoto/3458/elektricheskiy-plitkorez-dlya-krupnoformatnoy-plitki-bihui-rez-do-3-2m-5-pokolenie-art-lfec5mr-15.jpg,https://dlt.by/image/catalog/easyphoto/3458/elektricheskiy-plitkorez-dlya-krupnoformatnoy-plitki-bihui-rez-do-3-2m-5-pokolenie-art-lfec5mr-16.jpg,https://dlt.by/image/catalog/easyphoto/3458/elektricheskiy-plitkorez-dlya-krupnoformatnoy-plitki-bihui-rez-do-3-2m-5-pokolenie-art-lfec5mr-17.jpg,https://dlt.by/image/catalog/easyphoto/3458/elektricheskiy-plitkorez-dlya-krupnoformatnoy-plitki-bihui-rez-do-3-2m-5-pokolenie-art-lfec5mr-18.jpg,https://dlt.by/image/catalog/easyphoto/3458/elektricheskiy-plitkorez-dlya-krupnoformatnoy-plitki-bihui-rez-do-3-2m-5-pokolenie-art-lfec5mr-19.jpg,https://dlt.by/image/catalog/easyphoto/3458/elektricheskiy-plitkorez-dlya-krupnoformatnoy-plitki-bihui-rez-do-3-2m-5-pokolenie-art-lfec5mr-20.jpg,https://dlt.by/image/catalog/easyphoto/3458/elektricheskiy-plitkorez-dlya-krupnoformatnoy-plitki-bihui-rez-do-3-2m-5-pokolenie-art-lfec5mr-21.jpg,https://dlt.by/image/catalog/easyphoto/3458/elektricheskiy-plitkorez-dlya-krupnoformatnoy-plitki-bihui-rez-do-3-2m-5-pokolenie-art-lfec5mr-22.jpg,https://dlt.by/image/catalog/easyphoto/3458/elektricheskiy-plitkorez-dlya-krupnoformatnoy-plitki-bihui-rez-do-3-2m-5-pokolenie-art-lfec5mr-23.jpg,https://dlt.by/image/catalog/easyphoto/3458/elektricheskiy-plitkorez-dlya-krupnoformatnoy-plitki-bihui-rez-do-3-2m-5-pokolenie-art-lfec5mr-24.jpg,,,,,,,,,,,,,,,,,,,,,,,,,,,,,"
"Резиновая киянка RUBI, арт.66945",Инструмент для укладки плитки>Киянки резиновые,66945,722.26,"https://dlt.by/image/catalog/easyphoto/3441/rezinovaya-kiyanka-rubi-art-66945-2.jpg,https://dlt.by/image/catalog/easyphoto/3441/rezinovaya-kiyanka-rubi-art-66945-3.jpg,https://dlt.by/image/catalog/easyphoto/3441/rezinovaya-kiyanka-rubi-art-66945-4.jpg,,,,,,,,,,,,,,,,,,,,,,,,,,,,,,,,,,,,,,,,,,,"
"Запасные щетки электродвигателя для плиткореза BIHUI, арт.TCSA1200-14 ",Плиткорезы ручные,TCSA1200-14,993.11,"https://dlt.by/image/catalog/easyphoto/1934/shchetki-dlya-elektricheskogo-plitkoreza-bihui-lfecmr-art-lfecmr-b-3.jpg,,,,,,,,,,,,,,,,,,,,,,,,,,,,,,,,,,,,,,,,,,,,,"
"Плиткорез ручной RUBI CHEETAH-1200 (Гепард), рез до 1200мм, арт.27906",Плиткорезы ручные>Плиткорезы RUBI,27906,49 053.59,"https://dlt.by/image/catalog/easyphoto/3449/plitkorez-ruchnoy-rubi-cheetah-1200-gepard-rez-do-1200mm-art-27906-16.jpg,https://dlt.by/image/catalog/easyphoto/3449/plitkorez-ruchnoy-rubi-cheetah-1200-gepard-rez-do-1200mm-art-27906-3.jpg,https://dlt.by/image/catalog/easyphoto/3449/plitkorez-ruchnoy-rubi-cheetah-1200-gepard-rez-do-1200mm-art-27906-4.jpg,https://dlt.by/image/catalog/easyphoto/3449/plitkorez-ruchnoy-rubi-cheetah-1200-gepard-rez-do-1200mm-art-27906-5.jpg,https://dlt.by/image/catalog/easyphoto/3449/plitkorez-ruchnoy-rubi-cheetah-1200-gepard-rez-do-1200mm-art-27906-6.jpg,https://dlt.by/image/catalog/easyphoto/3449/plitkorez-ruchnoy-rubi-cheetah-1200-gepard-rez-do-1200mm-art-27906-7.jpg,https://dlt.by/image/catalog/easyphoto/3449/plitkorez-ruchnoy-rubi-cheetah-1200-gepard-rez-do-1200mm-art-27906-8.jpg,https://dlt.by/image/catalog/easyphoto/3449/plitkorez-ruchnoy-rubi-cheetah-1200-gepard-rez-do-1200mm-art-27906-9.jpg,https://dlt.by/image/catalog/easyphoto/3449/plitkorez-ruchnoy-rubi-cheetah-1200-gepard-rez-do-1200mm-art-27906-10.jpg,https://dlt.by/image/catalog/easyphoto/3449/plitkorez-ruchnoy-rubi-cheetah-1200-gepard-rez-do-1200mm-art-27906-11.jpg,https://dlt.by/image/catalog/easyphoto/3449/plitkorez-ruchnoy-rubi-cheetah-1200-gepard-rez-do-1200mm-art-27906-12.jpg,https://dlt.by/image/catalog/easyphoto/3449/plitkorez-ruchnoy-rubi-cheetah-1200-gepard-rez-do-1200mm-art-27906-13.jpg,https://dlt.by/image/catalog/easyphoto/3449/plitkorez-ruchnoy-rubi-cheetah-1200-gepard-rez-do-1200mm-art-27906-14.jpg,https://dlt.by/image/catalog/easyphoto/3449/plitkorez-ruchnoy-rubi-cheetah-1200-gepard-rez-do-1200mm-art-27906-15.jpg,,,,,,,,,,,,,,,,,,,,,,,,,,,,,,,,"
"Гвоздодер BIHUI 100мм, арт.FTP100",Шпателя для механизированной шпатлевки>Многофункц. шпатели (скребки),FTP100,1 444.52,"https://dlt.by/image/catalog/easyphoto/3142/gvozdoder-bihui-100mm-art-ftp100-2.jpg,https://dlt.by/image/catalog/easyphoto/3142/gvozdoder-bihui-100mm-art-ftp100-3.jpg,https://dlt.by/image/catalog/easyphoto/3142/gvozdoder-bihui-100mm-art-ftp100-4.jpg,https://dlt.by/image/catalog/easyphoto/3142/gvozdoder-bihui-100mm-art-ftp100-5.jpg,,,,,,,,,,,,,,,,,,,,,,,,,,,,,,,,,,,,,,,,,,"
"Регулируемые щипцы для системы выравнивания плитки (СВП) BIHUI, арт.BLSFP ",Система выравнивания плитки (СВП)>СВП BIHUI,BLSFP,764.39,"https://dlt.by/image/catalog/easyphoto/3193/reguliruemye-shchiptsy-dlya-sistemy-vyravnivaniya-plitki-svp-bihui-art-blsfp-2.jpg,https://dlt.by/image/catalog/easyphoto/3193/reguliruemye-shchiptsy-dlya-sistemy-vyravnivaniya-plitki-svp-bihui-art-blsfp-3.jpg,https://dlt.by/image/catalog/easyphoto/3193/reguliruemye-shchiptsy-dlya-sistemy-vyravnivaniya-plitki-svp-bihui-art-blsfp-4.jpg,,,,,,,,,,,,,,,,,,,,,,,,,,,,,,,,,,,,,,,,,,,"
"Клин для системы выравнивания плитки (СВП) BIHUI 100шт, арт.BLSE100 ",Система выравнивания плитки (СВП)>СВП BIHUI,BLSE100,692.17,"https://dlt.by/image/catalog/easyphoto/3192/klin-dlya-sistemy-vyravnivaniya-plitki-svp-bihui-100sht-art-blse100-6.jpg,https://dlt.by/image/catalog/easyphoto/3192/klin-dlya-sistemy-vyravnivaniya-plitki-svp-bihui-100sht-art-blse100-7.jpg,https://dlt.by/image/catalog/easyphoto/3192/klin-dlya-sistemy-vyravnivaniya-plitki-svp-bihui-100sht-art-blse100-8.jpg,https://dlt.by/image/catalog/easyphoto/3192/klin-dlya-sistemy-vyravnivaniya-plitki-svp-bihui-100sht-art-blse100-9.jpg,https://dlt.by/image/catalog/easyphoto/3192/klin-dlya-sistemy-vyravnivaniya-plitki-svp-bihui-100sht-art-blse100-10.jpg,https://dlt.by/image/catalog/easyphoto/3192/klin-dlya-sistemy-vyravnivaniya-plitki-svp-bihui-100sht-art-blse100-11.jpg,,,,,,,,,,,,,,,,,,,,,,,,,,,,,,,,,,,,,,,,"
"Запасной насос (помпа) для плиткореза BIHUI, арт.TCSA1200-08 ",Бренды>BIHUI Tools Инструмент для укладки плитки Бихуэй (бихуй),TCSA1200-08,2 919.14,"https://dlt.by/image/catalog/easyphoto/3456/zapasnoy-nasos-pompa-dlya-plitkoreza-bihui-art-tcsa1200-08-2.jpg,https://dlt.by/image/catalog/easyphoto/3456/zapasnoy-nasos-pompa-dlya-plitkoreza-bihui-art-tcsa1200-08-3.jpg,https://dlt.by/image/catalog/easyphoto/3456/zapasnoy-nasos-pompa-dlya-plitkoreza-bihui-art-tcsa1200-08-4.jpg,https://dlt.by/image/catalog/easyphoto/3456/zapasnoy-nasos-pompa-dlya-plitkoreza-bihui-art-tcsa1200-08-5.jpg,,,,,,,,,,,,,,,,,,,,,,,,,,,,,,,,,,,,,,,,,,"
"База с ножкой Н160 К470, арт.2084",Стеллажи для инструментов,2084,1 324.15,"https://dlt.by/image/catalog/easyphoto/3141/baza-s-nozhkoy-n160-k470-1.jpg,,,,,,,,,,,,,,,,,,,,,,,,,,,,,,,,,,,,,,,,,,,,,"
"Набор: строительный карандаш DLT + 6 сменных стержней, (ЗЕЛЕНЫЙ), арт.2429",Бренды>Оборудование и приспособления для укладки плитки DLT,2429,842.64,"https://dlt.by/image/catalog/easyphoto/3150/nabor-stroitelnyy-karandash-dlt-6-smennyh-sterzhney-zelenyy-3.jpg,https://dlt.by/image/catalog/easyphoto/3150/nabor-stroitelnyy-karandash-dlt-6-smennyh-sterzhney-zelenyy-4.jpg,https://dlt.by/image/catalog/easyphoto/3150/nabor-stroitelnyy-karandash-dlt-6-smennyh-sterzhney-zelenyy-5.jpg,https://dlt.by/image/catalog/easyphoto/3150/nabor-stroitelnyy-karandash-dlt-6-smennyh-sterzhney-zelenyy-6.jpg,https://dlt.by/image/catalog/easyphoto/3150/nabor-stroitelnyy-karandash-dlt-6-smennyh-sterzhney-zelenyy-7.jpg,https://dlt.by/image/catalog/easyphoto/3150/nabor-stroitelnyy-karandash-dlt-6-smennyh-sterzhney-zelenyy-8.jpg,https://dlt.by/image/catalog/easyphoto/3150/nabor-stroitelnyy-karandash-dlt-6-smennyh-sterzhney-zelenyy-9.jpg,https://dlt.by/image/catalog/easyphoto/3150/nabor-stroitelnyy-karandash-dlt-6-smennyh-sterzhney-zelenyy-10.jpg,,,,,,,,,,,,,,,,,,,,,,,,,,,,,,,,,,,,,,"
"Кювета для краски/крышка для ведра Rollingdog THE MOLOSSUS 18” (457мм), серия Elite, арт.20082 ",Малярный и штукатурный инструмент>Малярные ванночки и кюветы,20082,631.98,"https://dlt.by/image/catalog/easyphoto/3151/kyuveta-dlya-kraski-kryshka-dlya-vedra-rollingdog-the-molossus-18-457mm-seriya-elite-art-20082-4.jpg,https://dlt.by/image/catalog/easyphoto/3151/kyuveta-dlya-kraski-kryshka-dlya-vedra-rollingdog-the-molossus-18-457mm-seriya-elite-art-20082-5.jpg,https://dlt.by/image/catalog/easyphoto/3151/kyuveta-dlya-kraski-kryshka-dlya-vedra-rollingdog-the-molossus-18-457mm-seriya-elite-art-20082-6.jpg,https://dlt.by/image/catalog/easyphoto/3151/kyuveta-dlya-kraski-kryshka-dlya-vedra-rollingdog-the-molossus-18-457mm-seriya-elite-art-20082-7.jpg,https://dlt.by/image/catalog/easyphoto/3151/kryshka-dlya-kyuvety-rollingdog-the-molossus-18-455mm-seriya-elite-art-20082-1.jpg,https://dlt.by/image/catalog/easyphoto/3151/kryshka-dlya-kyuvety-rollingdog-the-molossus-18-455mm-seriya-elite-art-20082-2.jpg,https://dlt.by/image/catalog/easyphoto/3151/kryshka-dlya-kyuvety-rollingdog-the-molossus-18-455mm-seriya-elite-art-20082-3.jpg,,,,,,,,,,,,,,,,,,,,,,,,,,,,,,,,,,,,,,,"
"Телескопический удлинитель Rollingdog K-9 70-120 см, резьба, алюминий, серия Elite, арт.40078",Малярный и штукатурный инструмент>Шпатели/адаптеры/удлинители,40078,1 655.18,"https://dlt.by/image/catalog/easyphoto/3152/teleskopicheskiy-udlinitel-rollingdog-k-9-70-120-sm-rezba-alyuminiy-seriya-elite-art-40078-3.jpg,https://dlt.by/image/catalog/easyphoto/3152/teleskopicheskiy-udlinitel-rollingdog-k-9-70-120-sm-rezba-alyuminiy-seriya-elite-art-40078-4.jpg,https://dlt.by/image/catalog/easyphoto/3152/teleskopicheskiy-udlinitel-rollingdog-k-9-70-120-sm-rezba-alyuminiy-seriya-elite-art-40078-5.jpg,,,,,,,,,,,,,,,,,,,,,,,,,,,,,,,,,,,,,,,,,,,"
"Телескопический удлинитель Rollingdog K-9 110-200 см, резьба, алюминий, серия Elite, арт.40079",Малярный и штукатурный инструмент>Шпатели/адаптеры/удлинители,40079,2 076.50,"https://dlt.by/image/catalog/easyphoto/3153/teleskopicheskiy-udlinitel-rollingdog-k-9-110-200-sm-alyuminiy-seriya-elite-art-40079-3.jpg,https://dlt.by/image/catalog/easyphoto/3153/teleskopicheskiy-udlinitel-rollingdog-k-9-110-200-sm-alyuminiy-seriya-elite-art-40079-4.jpg,,,,,,,,,,,,,,,,,,,,,,,,,,,,,,,,,,,,,,,,,,,,"
"Набор: строительный карандаш DLT + 6 сменных стержней, (КРАСНЫЙ), арт.2430",Акции на строительный инструмент,2430,947.97,"https://dlt.by/image/catalog/easyphoto/3155/nabor-stroitelnyy-karandash-dlt-6-smennyh-sterzhney-krasnyy-2.jpg,https://dlt.by/image/catalog/easyphoto/3155/nabor-stroitelnyy-karandash-dlt-6-smennyh-sterzhney-krasnyy-3.jpg,https://dlt.by/image/catalog/easyphoto/3155/nabor-stroitelnyy-karandash-dlt-6-smennyh-sterzhney-krasnyy-4.jpg,https://dlt.by/image/catalog/easyphoto/3155/nabor-stroitelnyy-karandash-dlt-6-smennyh-sterzhney-krasnyy-5.jpg,https://dlt.by/image/catalog/easyphoto/3155/nabor-stroitelnyy-karandash-dlt-6-smennyh-sterzhney-krasnyy-9.jpg,https://dlt.by/image/catalog/easyphoto/3155/nabor-stroitelnyy-karandash-dlt-6-smennyh-sterzhney-krasnyy-6.jpg,https://dlt.by/image/catalog/easyphoto/3155/nabor-stroitelnyy-karandash-dlt-6-smennyh-sterzhney-krasnyy-7.jpg,https://dlt.by/image/catalog/easyphoto/3155/nabor-stroitelnyy-karandash-dlt-6-smennyh-sterzhney-krasnyy-8.jpg,,,,,,,,,,,,,,,,,,,,,,,,,,,,,,,,,,,,,,"
"Запасная боковая деталь крепления направляющей электрического плиткореза DLT, SHIJING, арт.2661",Запчасти>Плиткорезы электрические>DLT OptiTronic,2661,601.88,"https://dlt.by/image/catalog/easyphoto/3157/zapasnaya-bokovaya-detal-krepleniya-napravlyayushchey-elektricheskogo-plitkoreza-dlt-shijing-2.jpg,https://dlt.by/image/catalog/easyphoto/3157/zapasnaya-bokovaya-detal-krepleniya-napravlyayushchey-elektricheskogo-plitkoreza-dlt-shijing-3.jpg,https://dlt.by/image/catalog/easyphoto/3157/zapasnaya-bokovaya-detal-krepleniya-napravlyayushchey-elektricheskogo-plitkoreza-dlt-shijing-4.jpg,https://dlt.by/image/catalog/easyphoto/3157/zapasnaya-bokovaya-detal-krepleniya-napravlyayushchey-elektricheskogo-plitkoreza-dlt-shijing-5.jpg,,,,,,,,,,,,,,,,,,,,,,,,,,,,,,,,,,,,,,,,,,"
"Запасная зубчатая направляющая для электрического плиткореза DLT, SHIJING, арт.2662",Запчасти>Плиткорезы электрические>DLT OptiTronic,2662,3 611.31,"https://dlt.by/image/catalog/easyphoto/3158/zapasnaya-zubchataya-napravlyayushchaya-dlya-elektricheskogo-plitkoreza-dlt-shijing-2.jpg,https://dlt.by/image/catalog/easyphoto/3158/zapasnaya-zubchataya-napravlyayushchaya-dlya-elektricheskogo-plitkoreza-dlt-shijing-3.jpg,,,,,,,,,,,,,,,,,,,,,,,,,,,,,,,,,,,,,,,,,,,,"
"Запасная деталь крепления направляющей плиткореза DLT MAXLINE, арт.2657",Запчасти>Плиткорезы ручные,2657,1 655.18,"https://dlt.by/image/catalog/easyphoto/3159/zapasnaya-detal-krepleniya-napravlyayushchey-plitkoreza-dlt-maxline-2.jpg,https://dlt.by/image/catalog/easyphoto/3159/zapasnaya-detal-krepleniya-napravlyayushchey-plitkoreza-dlt-maxline-3.jpg,https://dlt.by/image/catalog/easyphoto/3159/zapasnaya-detal-krepleniya-napravlyayushchey-plitkoreza-dlt-maxline-4.jpg,https://dlt.by/image/catalog/easyphoto/3159/zapasnaya-detal-krepleniya-napravlyayushchey-plitkoreza-dlt-maxline-5.jpg,,,,,,,,,,,,,,,,,,,,,,,,,,,,,,,,,,,,,,,,,,"
"Выдвижной универсальный строительный нож Rollingdog лезвие 18мм, серия Professional, арт.50087",Малярный и штукатурный инструмент>Ножи малярные и лезвия к ним,50087,421.32,"https://dlt.by/image/catalog/easyphoto/3161/vydvizhnoy-universalnyy-stroitelnyy-nozh-rollingdog-lezvie-18mm-seriya-professional-art-50087-3.jpg,https://dlt.by/image/catalog/easyphoto/3161/vydvizhnoy-universalnyy-stroitelnyy-nozh-rollingdog-lezvie-18mm-seriya-professional-art-50087-4.jpg,https://dlt.by/image/catalog/easyphoto/3161/vydvizhnoy-universalnyy-stroitelnyy-nozh-rollingdog-lezvie-18mm-seriya-professional-art-50087-5.jpg,https://dlt.by/image/catalog/easyphoto/3161/vydvizhnoy-universalnyy-stroitelnyy-nozh-rollingdog-lezvie-18mm-seriya-professional-art-50087-6.jpg,,,,,,,,,,,,,,,,,,,,,,,,,,,,,,,,,,,,,,,,,,"
"Выдвижной универсальный строительный нож Rollingdog лезвие 19мм, серия Professional, арт.50086",Акции на строительный инструмент,50086,993.11,"https://dlt.by/image/catalog/easyphoto/3160/vydvizhnoy-universalnyy-stroitelnyy-nozh-rollingdog-lezvie-19mm-seriya-professional-art-50086-13.jpg,https://dlt.by/image/catalog/easyphoto/3160/vydvizhnoy-universalnyy-stroitelnyy-nozh-rollingdog-lezvie-19mm-seriya-professional-art-50086-14.jpg,https://dlt.by/image/catalog/easyphoto/3160/vydvizhnoy-universalnyy-stroitelnyy-nozh-rollingdog-lezvie-19mm-seriya-professional-art-50086-15.jpg,https://dlt.by/image/catalog/easyphoto/3160/vydvizhnoy-universalnyy-stroitelnyy-nozh-rollingdog-lezvie-19mm-seriya-professional-art-50086-16.jpg,https://dlt.by/image/catalog/easyphoto/3160/vydvizhnoy-universalnyy-stroitelnyy-nozh-rollingdog-lezvie-19mm-seriya-professional-art-50086-17.jpg,https://dlt.by/image/catalog/easyphoto/3160/vydvizhnoy-universalnyy-stroitelnyy-nozh-rollingdog-lezvie-19mm-seriya-professional-art-50086-18.jpg,https://dlt.by/image/catalog/easyphoto/3160/vydvizhnoy-universalnyy-stroitelnyy-nozh-rollingdog-lezvie-19mm-seriya-professional-art-50086-19.jpg,,,,,,,,,,,,,,,,,,,,,,,,,,,,,,,,,,,,,,,"
"Система ручной резки для широкоформатной плиты BIHUI (рез до 3.2м), 5 поколение, арт.LFMC5S",Плиткорезы ручные>Плиткорезы BIHUI,LFMC5S,55 674.32,"https://dlt.by/image/catalog/easyphoto/3457/sistema-ruchnoy-rezki-dlya-shirokoformatnoy-plity-bihui-rez-do-3-2m-5-pokolenie-art-lfmc5s-8.jpg,https://dlt.by/image/catalog/easyphoto/3457/sistema-ruchnoy-rezki-dlya-shirokoformatnoy-plity-bihui-rez-do-3-2m-5-pokolenie-art-lfmc5s-9.jpg,https://dlt.by/image/catalog/easyphoto/3457/sistema-ruchnoy-rezki-dlya-shirokoformatnoy-plity-bihui-rez-do-3-2m-5-pokolenie-art-lfmc5s-10.jpg,https://dlt.by/image/catalog/easyphoto/3457/sistema-ruchnoy-rezki-dlya-shirokoformatnoy-plity-bihui-rez-do-3-2m-5-pokolenie-art-lfmc5s-11.jpg,https://dlt.by/image/catalog/easyphoto/3457/sistema-ruchnoy-rezki-dlya-shirokoformatnoy-plity-bihui-rez-do-3-2m-5-pokolenie-art-lfmc5s-12.jpg,https://dlt.by/image/catalog/easyphoto/3457/sistema-ruchnoy-rezki-dlya-shirokoformatnoy-plity-bihui-rez-do-3-2m-5-pokolenie-art-lfmc5s-13.jpg,https://dlt.by/image/catalog/easyphoto/3457/sistema-ruchnoy-rezki-dlya-shirokoformatnoy-plity-bihui-rez-do-3-2m-5-pokolenie-art-lfmc5s-14.jpg,https://dlt.by/image/catalog/easyphoto/3457/sistema-ruchnoy-rezki-dlya-shirokoformatnoy-plity-bihui-rez-do-3-2m-5-pokolenie-art-lfmc5s-15.jpg,https://dlt.by/image/catalog/easyphoto/3457/sistema-ruchnoy-rezki-dlya-shirokoformatnoy-plity-bihui-rez-do-3-2m-5-pokolenie-art-lfmc5s-16.jpg,https://dlt.by/image/catalog/easyphoto/3457/sistema-ruchnoy-rezki-dlya-shirokoformatnoy-plity-bihui-rez-do-3-2m-5-pokolenie-art-lfmc5s-17.jpg,https://dlt.by/image/catalog/easyphoto/3457/sistema-ruchnoy-rezki-dlya-shirokoformatnoy-plity-bihui-rez-do-3-2m-5-pokolenie-art-lfmc5s-18.jpg,https://dlt.by/image/catalog/easyphoto/3457/sistema-ruchnoy-rezki-dlya-shirokoformatnoy-plity-bihui-rez-do-3-2m-5-pokolenie-art-lfmc5s-19.jpg,https://dlt.by/image/catalog/easyphoto/3457/sistema-ruchnoy-rezki-dlya-shirokoformatnoy-plity-bihui-rez-do-3-2m-5-pokolenie-art-lfmc5s-20.jpg,https://dlt.by/image/catalog/easyphoto/3457/sistema-ruchnoy-rezki-dlya-shirokoformatnoy-plity-bihui-rez-do-3-2m-5-pokolenie-art-lfmc5s-21.jpg,https://dlt.by/image/catalog/easyphoto/3457/sistema-ruchnoy-rezki-dlya-shirokoformatnoy-plity-bihui-rez-do-3-2m-5-pokolenie-art-lfmc5s-22.jpg,https://dlt.by/image/catalog/easyphoto/3457/sistema-ruchnoy-rezki-dlya-shirokoformatnoy-plity-bihui-rez-do-3-2m-5-pokolenie-art-lfmc5s-24.jpg,https://dlt.by/image/catalog/easyphoto/3457/sistema-ruchnoy-rezki-dlya-shirokoformatnoy-plity-bihui-rez-do-3-2m-5-pokolenie-art-lfmc5s-23.jpg,https://dlt.by/image/catalog/easyphoto/3457/sistema-ruchnoy-rezki-dlya-shirokoformatnoy-plity-bihui-rez-do-3-2m-5-pokolenie-art-lfmc5s-25.jpg,,,,,,,,,,,,,,,,,,,,,,,,,,,,"
"Гребенка Rollingdog 280х115мм, зуб 4мм, серия Professional, арт.50101",Шпателя для механизированной шпатлевки>Зубчатые шпатели (гребенки),50101,872.73,"https://dlt.by/image/catalog/easyphoto/3162/grebenka-rollingdog-280h115mm-zub-4mm-seriya-professional-art-50101-4.jpg,https://dlt.by/image/catalog/easyphoto/3162/grebenka-rollingdog-280h115mm-zub-4mm-seriya-professional-art-50101-5.jpg,https://dlt.by/image/catalog/easyphoto/3162/grebenka-rollingdog-280h115mm-zub-4mm-seriya-professional-art-50101-6.jpg,https://dlt.by/image/catalog/easyphoto/3162/grebenka-rollingdog-280h115mm-zub-4mm-seriya-professional-art-50101-7.jpg,,,,,,,,,,,,,,,,,,,,,,,,,,,,,,,,,,,,,,,,,,"
"Гребенка Rollingdog 280х115мм, зуб тигровый коготь, серия Professional, арт.50144",Акции на строительный инструмент,50144,872.73,"https://dlt.by/image/catalog/easyphoto/3163/grebenka-rollingdog-280h115mm-zub-tigrovyy-kogot-seriya-professional-art-50144-3.jpg,https://dlt.by/image/catalog/easyphoto/3163/grebenka-rollingdog-280h115mm-zub-tigrovyy-kogot-seriya-professional-art-50144-4.jpg,https://dlt.by/image/catalog/easyphoto/3163/grebenka-rollingdog-280h115mm-zub-tigrovyy-kogot-seriya-professional-art-50144-6.jpg,https://dlt.by/image/catalog/easyphoto/3163/grebenka-rollingdog-280h115mm-zub-tigrovyy-kogot-seriya-professional-art-50144-5.jpg,,,,,,,,,,,,,,,,,,,,,,,,,,,,,,,,,,,,,,,,,,"
"Гребенка Rollingdog 280х115мм, зуб полукруг, серия Professional, арт.50145",Шпателя для механизированной шпатлевки>Зубчатые шпатели (гребенки),50145,902.83,"https://dlt.by/image/catalog/easyphoto/3164/grebenka-rollingdog-280h115mm-zub-polukrug-seriya-professional-art-50145-3.jpg,https://dlt.by/image/catalog/easyphoto/3164/grebenka-rollingdog-280h115mm-zub-polukrug-seriya-professional-art-50145-4.jpg,https://dlt.by/image/catalog/easyphoto/3164/grebenka-rollingdog-280h115mm-zub-polukrug-seriya-professional-art-50145-5.jpg,https://dlt.by/image/catalog/easyphoto/3164/grebenka-rollingdog-280h115mm-zub-polukrug-seriya-professional-art-50145-6.jpg,,,,,,,,,,,,,,,,,,,,,,,,,,,,,,,,,,,,,,,,,,"
"Гребенка Rollingdog 280x115мм, зуб 10мм, серия Professional, арт.50146",Шпателя для механизированной шпатлевки>Зубчатые шпатели (гребенки),50146,872.73,"https://dlt.by/image/catalog/easyphoto/3165/grebenka-rollingdog-280x115mm-zub-10mm-seriya-professional-art-50146-3.jpg,https://dlt.by/image/catalog/easyphoto/3165/grebenka-rollingdog-280x115mm-zub-10mm-seriya-professional-art-50146-4.jpg,https://dlt.by/image/catalog/easyphoto/3165/grebenka-rollingdog-280x115mm-zub-10mm-seriya-professional-art-50146-5.jpg,https://dlt.by/image/catalog/easyphoto/3165/grebenka-rollingdog-280x115mm-zub-10mm-seriya-professional-art-50146-6.jpg,,,,,,,,,,,,,,,,,,,,,,,,,,,,,,,,,,,,,,,,,,"
"Терка строительная для снятия штукатурки Rollingdog 250х145мм, серия Professional, арт.50295",Малярный и штукатурный инструмент>Тёрки для отделочных работ,50295,662.07,"https://dlt.by/image/catalog/easyphoto/3166/terka-stroitelnaya-dlya-snyatiya-shtukaturki-rollingdog-250h145mm-seriya-professional-art-50295-9.jpg,https://dlt.by/image/catalog/easyphoto/3166/terka-stroitelnaya-dlya-snyatiya-shtukaturki-rollingdog-250h145mm-seriya-professional-art-50295-10.jpg,https://dlt.by/image/catalog/easyphoto/3166/terka-stroitelnaya-dlya-snyatiya-shtukaturki-rollingdog-250h145mm-seriya-professional-art-50295-11.jpg,,,,,,,,,,,,,,,,,,,,,,,,,,,,,,,,,,,,,,,,,,,"
"Набор скребков Rollingdog (14 предметов), серия Professional, арт.50419",Акции на строительный инструмент,50419,662.07,"https://dlt.by/image/catalog/easyphoto/3167/nabor-skrebkov-rollingdog-14-predmetov-seriya-professional-art-50419-11.jpg,https://dlt.by/image/catalog/easyphoto/3167/nabor-skrebkov-rollingdog-14-predmetov-seriya-professional-art-50419-12.jpg,https://dlt.by/image/catalog/easyphoto/3167/nabor-skrebkov-rollingdog-14-predmetov-seriya-professional-art-50419-13.jpg,https://dlt.by/image/catalog/easyphoto/3167/nabor-skrebkov-rollingdog-14-predmetov-seriya-professional-art-50419-14.jpg,https://dlt.by/image/catalog/easyphoto/3167/nabor-skrebkov-rollingdog-14-predmetov-seriya-professional-art-50419-15.jpg,,,,,,,,,,,,,,,,,,,,,,,,,,,,,,,,,,,,,,,,,"
"Скребок с 10 сменными лезвиями Rollingdog, серия Professional, арт.50485",Бренды>Малярный инструмент ROLLINGDOG,50485,165.52,"https://dlt.by/image/catalog/easyphoto/3168/skrebok-s-10-smennymi-lezviyami-rollingdog-seriya-professional-art-50485-2.jpg,https://dlt.by/image/catalog/easyphoto/3168/skrebok-s-10-smennymi-lezviyami-rollingdog-seriya-professional-art-50485-3.jpg,https://dlt.by/image/catalog/easyphoto/3168/skrebok-s-10-smennymi-lezviyami-rollingdog-seriya-professional-art-50485-4.jpg,https://dlt.by/image/catalog/easyphoto/3168/skrebok-s-10-smennymi-lezviyami-rollingdog-seriya-professional-art-50485-5.jpg,https://dlt.by/image/catalog/easyphoto/3168/skrebok-s-10-smennymi-lezviyami-rollingdog-seriya-professional-art-50485-6.jpg,https://dlt.by/image/catalog/easyphoto/3168/skrebok-s-10-smennymi-lezviyami-rollingdog-seriya-professional-art-50485-7.jpg,,,,,,,,,,,,,,,,,,,,,,,,,,,,,,,,,,,,,,,,"
"Венецианская кельма Rollingdog DOBERMAN 200х75мм, серия Elite, арт.50489",Малярный и штукатурный инструмент>Кельмы для декоративной отделки,50489,1 014.18,"https://dlt.by/image/catalog/easyphoto/3169/venetsianskaya-kelma-rollingdog-doberman-200h75mm-seriya-elite-art-50489-3.jpg,https://dlt.by/image/catalog/easyphoto/3169/venetsianskaya-kelma-rollingdog-doberman-200h75mm-seriya-elite-art-50489-4.jpg,https://dlt.by/image/catalog/easyphoto/3169/venetsianskaya-kelma-rollingdog-doberman-200h75mm-seriya-elite-art-50489-5.jpg,https://dlt.by/image/catalog/easyphoto/3169/venetsianskaya-kelma-rollingdog-doberman-200h75mm-seriya-elite-art-50489-6.jpg,https://dlt.by/image/catalog/easyphoto/3169/venetsianskaya-kelma-rollingdog-doberman-200h75mm-seriya-elite-art-50489-7.jpg,,,,,,,,,,,,,,,,,,,,,,,,,,,,,,,,,,,,,,,,,"
"Венецианская кельма Rollingdog DOBERMAN 200х105х84мм, трапециевидная, серия Elite, арт.50490",Малярный и штукатурный инструмент>Кельмы для декоративной отделки,50490,1 014.18,"https://dlt.by/image/catalog/easyphoto/3170/venetsianskaya-kelma-rollingdog-doberman-200h105h84mm-trapetsievidnaya-seriya-elite-art-50490-3.jpg,https://dlt.by/image/catalog/easyphoto/3170/venetsianskaya-kelma-rollingdog-doberman-200h105h84mm-trapetsievidnaya-seriya-elite-art-50490-4.jpg,https://dlt.by/image/catalog/easyphoto/3170/venetsianskaya-kelma-rollingdog-doberman-200h105h84mm-trapetsievidnaya-seriya-elite-art-50490-5.jpg,https://dlt.by/image/catalog/easyphoto/3170/venetsianskaya-kelma-rollingdog-doberman-200h105h84mm-trapetsievidnaya-seriya-elite-art-50490-6.jpg,https://dlt.by/image/catalog/easyphoto/3170/venetsianskaya-kelma-rollingdog-doberman-200h105h84mm-trapetsievidnaya-seriya-elite-art-50490-7.jpg,,,,,,,,,,,,,,,,,,,,,,,,,,,,,,,,,,,,,,,,,"
"Фасадный шпатель Rollingdog 250мм, серия Standard, арт.50510",Шпателя для механизированной шпатлевки>Фасадные шпателя,50510,267.84,"https://dlt.by/image/catalog/easyphoto/3171/fasadnyy-shpatel-rollingdog-25cm-seriya-standard-art-50510-3.jpg,https://dlt.by/image/catalog/easyphoto/3171/fasadnyy-shpatel-rollingdog-25cm-seriya-standard-art-50510-4.jpg,https://dlt.by/image/catalog/easyphoto/3171/fasadnyy-shpatel-rollingdog-25cm-seriya-standard-art-50510-5.jpg,,,,,,,,,,,,,,,,,,,,,,,,,,,,,,,,,,,,,,,,,,,"
"Малярный шпатель Rollingdog 35см, сменное лезвие, серия Elite, арт.50517",Акции на строительный инструмент,50517,752.36,"https://dlt.by/image/catalog/easyphoto/3172/malyarnyy-shpatel-rollingdog-35sm-smennoe-lezvie-seriya-elite-art-50517-9.jpg,https://dlt.by/image/catalog/easyphoto/3172/malyarnyy-shpatel-rollingdog-35sm-smennoe-lezvie-seriya-elite-art-50517-10.jpg,https://dlt.by/image/catalog/easyphoto/3172/malyarnyy-shpatel-rollingdog-35sm-smennoe-lezvie-seriya-elite-art-50517-11.jpg,https://dlt.by/image/catalog/easyphoto/3172/malyarnyy-shpatel-rollingdog-35sm-smennoe-lezvie-seriya-elite-art-50517-12.jpg,https://dlt.by/image/catalog/easyphoto/3172/malyarnyy-shpatel-rollingdog-35sm-smennoe-lezvie-seriya-elite-art-50517-13.jpg,https://dlt.by/image/catalog/easyphoto/3172/malyarnyy-shpatel-rollingdog-35sm-smennoe-lezvie-seriya-elite-art-50517-2.png,https://dlt.by/image/catalog/easyphoto/3172/malyarnyy-shpatel-rollingdog-35sm-smennoe-lezvie-seriya-elite-art-50517-3.jpg,https://dlt.by/image/catalog/easyphoto/3172/malyarnyy-shpatel-rollingdog-35sm-smennoe-lezvie-seriya-elite-art-50517-1.jpg,,,,,,,,,,,,,,,,,,,,,,,,,,,,,,,,,,,,,,"
"Малярный шпатель Rollingdog 45см, сменное лезвие, серия Elite, арт.50518",Шпателя для механизированной шпатлевки>Шпателя для механизированного нанесения,50518,923.89,"https://dlt.by/image/catalog/easyphoto/3173/malyarnyy-shpatel-rollingdog-45sm-smennoe-lezvie-seriya-elite-art-50518-4.jpg,https://dlt.by/image/catalog/easyphoto/3173/malyarnyy-shpatel-rollingdog-45sm-smennoe-lezvie-seriya-elite-art-50518-5.jpg,https://dlt.by/image/catalog/easyphoto/3173/malyarnyy-shpatel-rollingdog-45sm-smennoe-lezvie-seriya-elite-art-50518-6.jpg,https://dlt.by/image/catalog/easyphoto/3173/malyarnyy-shpatel-rollingdog-45sm-smennoe-lezvie-seriya-elite-art-50518-7.jpg,https://dlt.by/image/catalog/easyphoto/3173/malyarnyy-shpatel-rollingdog-45sm-smennoe-lezvie-seriya-elite-art-50518-8.jpg,,,,,,,,,,,,,,,,,,,,,,,,,,,,,,,,,,,,,,,,,"
"Складной выдвижной строительный нож Rollingdog лезвие 19мм, серия Professional, арт.50522",Акции на строительный инструмент,50522,932.92,"https://dlt.by/image/catalog/easyphoto/3174/skladnoy-vydvizhnoy-stroitelnyy-nozh-rollingdog-lezvie-19mm-seriya-professional-art-50522-6.jpg,https://dlt.by/image/catalog/easyphoto/3174/skladnoy-vydvizhnoy-stroitelnyy-nozh-rollingdog-lezvie-19mm-seriya-professional-art-50522-7.jpg,https://dlt.by/image/catalog/easyphoto/3174/skladnoy-vydvizhnoy-stroitelnyy-nozh-rollingdog-lezvie-19mm-seriya-professional-art-50522-8.jpg,https://dlt.by/image/catalog/easyphoto/3174/skladnoy-vydvizhnoy-stroitelnyy-nozh-rollingdog-lezvie-19mm-seriya-professional-art-50522-9.jpg,https://dlt.by/image/catalog/easyphoto/3174/skladnoy-vydvizhnoy-stroitelnyy-nozh-rollingdog-lezvie-19mm-seriya-professional-art-50522-10.jpg,https://dlt.by/image/catalog/easyphoto/3174/skladnoy-vydvizhnoy-stroitelnyy-nozh-rollingdog-lezvie-19mm-seriya-professional-art-50522-11.jpg,https://dlt.by/image/catalog/easyphoto/3174/skladnoy-vydvizhnoy-stroitelnyy-nozh-rollingdog-lezvie-19mm-seriya-professional-art-50522-12.jpg,https://dlt.by/image/catalog/easyphoto/3174/skladnoy-vydvizhnoy-stroitelnyy-nozh-rollingdog-lezvie-19mm-seriya-professional-art-50522-13.jpg,https://dlt.by/image/catalog/easyphoto/3174/skladnoy-vydvizhnoy-stroitelnyy-nozh-rollingdog-lezvie-19mm-seriya-professional-art-50522-14.jpg,https://dlt.by/image/catalog/easyphoto/3174/skladnoy-vydvizhnoy-stroitelnyy-nozh-rollingdog-lezvie-19mm-seriya-professional-art-50522-15.jpg,,,,,,,,,,,,,,,,,,,,,,,,,,,,,,,,,,,,"
"Набор малярный Rollingdog (10 предметов), серия Standard, арт.70286",Малярный и штукатурный инструмент>Малярные наборы,70286,1 324.15,"https://dlt.by/image/catalog/easyphoto/3175/nabor-malyarnyy-rollingdog-10-predmetov-seriya-standard-art-70286-15.jpg,https://dlt.by/image/catalog/easyphoto/3175/nabor-malyarnyy-rollingdog-10-predmetov-seriya-standard-art-70286-16.jpg,https://dlt.by/image/catalog/easyphoto/3175/nabor-malyarnyy-rollingdog-10-predmetov-seriya-standard-art-70286-17.jpg,https://dlt.by/image/catalog/easyphoto/3175/nabor-malyarnyy-rollingdog-10-predmetov-seriya-standard-art-70286-18.jpg,https://dlt.by/image/catalog/easyphoto/3175/nabor-malyarnyy-rollingdog-10-predmetov-seriya-standard-art-70286-19.jpg,https://dlt.by/image/catalog/easyphoto/3175/nabor-malyarnyy-rollingdog-10-predmetov-seriya-standard-art-70286-20.jpg,,,,,,,,,,,,,,,,,,,,,,,,,,,,,,,,,,,,,,,,"
"Укрывное полотно на малярной ленте Rollingdog WASHI-SHIELD 8 мкм, 55см x 30м, арт.81449",Малярный и штукатурный инструмент>Пленки укрывные,81449,421.32,"https://dlt.by/image/catalog/easyphoto/3176/ukryvnoe-polotno-na-malyarnoy-lente-rollingdog-washi-shield-30m-x-55sm-art-81449-4.jpg,https://dlt.by/image/catalog/easyphoto/3176/ukryvnoe-polotno-na-malyarnoy-lente-rollingdog-washi-shield-30m-x-55sm-art-81449-5.jpg,https://dlt.by/image/catalog/easyphoto/3176/ukryvnoe-polotno-na-malyarnoy-lente-rollingdog-washi-shield-30m-x-55sm-art-81449-6.jpg,,,,,,,,,,,,,,,,,,,,,,,,,,,,,,,,,,,,,,,,,,,"
" Укрывное полотно на малярной ленте Rollingdog WASHI-SHIELD 8мкм, 150см x 30м, арт.81450",Малярный и штукатурный инструмент>Пленки укрывные,81450,601.88,"https://dlt.by/image/catalog/easyphoto/3177/ukryvnoe-polotno-na-malyarnoy-lente-rollingdog-washi-shield-30m-x-150sm-art-81450-5.jpg,https://dlt.by/image/catalog/easyphoto/3177/ukryvnoe-polotno-na-malyarnoy-lente-rollingdog-washi-shield-30m-x-150sm-art-81450-6.jpg,https://dlt.by/image/catalog/easyphoto/3177/ukryvnoe-polotno-na-malyarnoy-lente-rollingdog-washi-shield-30m-x-150sm-art-81450-7.jpg,,,,,,,,,,,,,,,,,,,,,,,,,,,,,,,,,,,,,,,,,,,"
"Самоклеящееся укрывное полотно Rollingdog 76 мкм, 50см х 30м, арт.81458",Бренды>Малярный инструмент ROLLINGDOG,81458,1 233.86,"https://dlt.by/image/catalog/easyphoto/3178/samokleyashcheesya-ukryvnoe-polotno-rollingdog-30m-x-50sm-art-81458-4.jpg,https://dlt.by/image/catalog/easyphoto/3178/samokleyashcheesya-ukryvnoe-polotno-rollingdog-30m-x-50sm-art-81458-5.jpg,https://dlt.by/image/catalog/easyphoto/3178/samokleyashcheesya-ukryvnoe-polotno-rollingdog-30m-x-50sm-art-81458-6.jpg,,,,,,,,,,,,,,,,,,,,,,,,,,,,,,,,,,,,,,,,,,,"
"Набор для шлифовки внутренних углов Rollingdog №3 (9 предметов), соединение защелка/конус, серия Elite, арт.90152",Малярный и штукатурный инструмент>Абразивные материалы>Шлифовальные блоки и шайбы/наборы,90152,1 444.52,"https://dlt.by/image/catalog/easyphoto/3179/nabor-dlya-shlifovki-vnutrennih-uglov-rollingdog-3-9-predmetov-soedinenie-zashchelka-konus-seriya-elite-art-90152-6.jpg,https://dlt.by/image/catalog/easyphoto/3179/nabor-dlya-shlifovki-vnutrennih-uglov-rollingdog-3-9-predmetov-soedinenie-zashchelka-konus-seriya-elite-art-90152-7.jpg,https://dlt.by/image/catalog/easyphoto/3179/nabor-dlya-shlifovki-vnutrennih-uglov-rollingdog-3-9-predmetov-soedinenie-zashchelka-konus-seriya-elite-art-90152-8.jpg,https://dlt.by/image/catalog/easyphoto/3179/nabor-dlya-shlifovki-vnutrennih-uglov-rollingdog-3-9-predmetov-soedinenie-zashchelka-konus-seriya-elite-art-90152-9.jpg,https://dlt.by/image/catalog/easyphoto/3179/nabor-dlya-shlifovki-vnutrennih-uglov-rollingdog-3-9-predmetov-soedinenie-zashchelka-konus-seriya-elite-art-90152-10.jpg,https://dlt.by/image/catalog/easyphoto/3179/nabor-dlya-shlifovki-vnutrennih-uglov-rollingdog-3-9-predmetov-soedinenie-zashchelka-konus-seriya-elite-art-90152-11.jpg,https://dlt.by/image/catalog/easyphoto/3179/nabor-dlya-shlifovki-vnutrennih-uglov-rollingdog-3-9-predmetov-soedinenie-zashchelka-konus-seriya-elite-art-90152-12.jpg,,,,,,,,,,,,,,,,,,,,,,,,,,,,,,,,,,,,,,,"
"Набор для ручной шлифовки Rollingdog SURFEX №1 (9 предметов), соединение защелка/конус, серия Elite, арт.90154",Малярный и штукатурный инструмент>Абразивные материалы>Шлифовальные блоки и шайбы/наборы,90154,1 504.71,"https://dlt.by/image/catalog/easyphoto/3180/nabor-dlya-ruchnoy-shlifovki-rollingdog-surfex-1-9-predmetov-soedinenie-zashchelka-konus-seriya-elite-art-90154-5.jpg,https://dlt.by/image/catalog/easyphoto/3180/nabor-dlya-ruchnoy-shlifovki-rollingdog-surfex-1-9-predmetov-soedinenie-zashchelka-konus-seriya-elite-art-90154-6.jpg,https://dlt.by/image/catalog/easyphoto/3180/nabor-dlya-ruchnoy-shlifovki-rollingdog-surfex-1-9-predmetov-soedinenie-zashchelka-konus-seriya-elite-art-90154-7.jpg,https://dlt.by/image/catalog/easyphoto/3180/nabor-dlya-ruchnoy-shlifovki-rollingdog-surfex-1-9-predmetov-soedinenie-zashchelka-konus-seriya-elite-art-90154-8.jpg,https://dlt.by/image/catalog/easyphoto/3180/nabor-dlya-ruchnoy-shlifovki-rollingdog-surfex-1-9-predmetov-soedinenie-zashchelka-konus-seriya-elite-art-90154-9.jpg,https://dlt.by/image/catalog/easyphoto/3180/nabor-dlya-ruchnoy-shlifovki-rollingdog-surfex-1-9-predmetov-soedinenie-zashchelka-konus-seriya-elite-art-90154-10.jpg,,,,,,,,,,,,,,,,,,,,,,,,,,,,,,,,,,,,,,,,"
"Набор для ручной шлифовки Rollingdog SURFEX №2 (9 предметов), соединение защелка/конус, серия Elite, арт.90156",Малярный и штукатурный инструмент>Абразивные материалы>Шлифовальные блоки и шайбы/наборы,90156,963.02,"https://dlt.by/image/catalog/easyphoto/3181/nabor-dlya-ruchnoy-shlifovki-rollingdog-surfex-2-9-predmetov-soedinenie-zashchelka-konus-seriya-elite-art-90156-4.jpg,https://dlt.by/image/catalog/easyphoto/3181/nabor-dlya-ruchnoy-shlifovki-rollingdog-surfex-2-9-predmetov-soedinenie-zashchelka-konus-seriya-elite-art-90156-5.jpg,https://dlt.by/image/catalog/easyphoto/3181/nabor-dlya-ruchnoy-shlifovki-rollingdog-surfex-2-9-predmetov-soedinenie-zashchelka-konus-seriya-elite-art-90156-9.jpg,https://dlt.by/image/catalog/easyphoto/3181/nabor-dlya-ruchnoy-shlifovki-rollingdog-surfex-2-9-predmetov-soedinenie-zashchelka-konus-seriya-elite-art-90156-6.jpg,https://dlt.by/image/catalog/easyphoto/3181/nabor-dlya-ruchnoy-shlifovki-rollingdog-surfex-2-9-predmetov-soedinenie-zashchelka-konus-seriya-elite-art-90156-7.jpg,https://dlt.by/image/catalog/easyphoto/3181/nabor-dlya-ruchnoy-shlifovki-rollingdog-surfex-2-9-predmetov-soedinenie-zashchelka-konus-seriya-elite-art-90156-8.jpg,,,,,,,,,,,,,,,,,,,,,,,,,,,,,,,,,,,,,,,,"
"Аппликатор малярный с регулируемым углом наклона ручки Rollingdog PRO-ANGLE, арт.90180",Малярный и штукатурный инструмент>Аппликаторы малярные,90180,451.41,"https://dlt.by/image/catalog/easyphoto/3184/applikator-malyarnyy-s-reguliruemym-uglom-naklona-ruchki-rollingdog-pro-angle-art-90180-12.jpg,https://dlt.by/image/catalog/easyphoto/3184/applikator-malyarnyy-s-reguliruemym-uglom-naklona-ruchki-rollingdog-pro-angle-art-90180-13.jpg,https://dlt.by/image/catalog/easyphoto/3184/applikator-malyarnyy-s-reguliruemym-uglom-naklona-ruchki-rollingdog-pro-angle-art-90180-14.jpg,https://dlt.by/image/catalog/easyphoto/3184/applikator-malyarnyy-s-reguliruemym-uglom-naklona-ruchki-rollingdog-pro-angle-art-90180-15.jpg,https://dlt.by/image/catalog/easyphoto/3184/applikator-malyarnyy-s-reguliruemym-uglom-naklona-ruchki-rollingdog-pro-angle-art-90180-16.jpg,https://dlt.by/image/catalog/easyphoto/3184/applikator-malyarnyy-s-reguliruemym-uglom-naklona-ruchki-rollingdog-pro-angle-art-90180-17.jpg,https://dlt.by/image/catalog/easyphoto/3184/applikator-malyarnyy-s-reguliruemym-uglom-naklona-ruchki-rollingdog-pro-angle-art-90180-18.jpg,,,,,,,,,,,,,,,,,,,,,,,,,,,,,,,,,,,,,,,"
"Валик с бюгелем Rollingdog HI-SHEEN 100мм, ворс 5мм, синтетика, арт.60070",Малярный и штукатурный инструмент>Валики малярные,60070,391.22,"https://dlt.by/image/catalog/easyphoto/3185/valik-s-byugelem-rollingdog-hi-sheen-100mm-vors-5mm-sintetika-art-60070-1.jpg,https://dlt.by/image/catalog/easyphoto/3185/valik-s-byugelem-rollingdog-hi-sheen-100mm-vors-5mm-sintetika-art-60070-2.jpg,,,,,,,,,,,,,,,,,,,,,,,,,,,,,,,,,,,,,,,,,,,,"
"Валик Rollingdog TEXTURALL 230мм, для бюгеля 8мм, текстурный, арт.00405",Малярный и штукатурный инструмент>Валики малярные>Шубки (ролики),405,628.97,"https://dlt.by/image/catalog/easyphoto/3186/valik-rollingdog-texturall-230mm-dlya-byugelya-8mm-teksturnyy-art-00405-7.jpg,https://dlt.by/image/catalog/easyphoto/3186/valik-rollingdog-texturall-230mm-dlya-byugelya-8mm-teksturnyy-art-00405-8.jpg,https://dlt.by/image/catalog/easyphoto/3186/valik-rollingdog-texturall-230mm-dlya-byugelya-8mm-teksturnyy-art-00405-9.jpg,https://dlt.by/image/catalog/easyphoto/3186/valik-rollingdog-texturall-230mm-dlya-byugelya-8mm-teksturnyy-art-00405-3.jpg,https://dlt.by/image/catalog/easyphoto/3186/valik-rollingdog-texturall-230mm-dlya-byugelya-8mm-teksturnyy-art-00405-4.jpg,https://dlt.by/image/catalog/easyphoto/3186/valik-rollingdog-texturall-230mm-dlya-byugelya-8mm-teksturnyy-art-00405-5.jpg,https://dlt.by/image/catalog/easyphoto/3186/valik-rollingdog-texturall-230mm-dlya-byugelya-8mm-teksturnyy-art-00405-6.jpg,,,,,,,,,,,,,,,,,,,,,,,,,,,,,,,,,,,,,,,"
"Валик Rollingdog TEXTURALL 230мм, для бюгеля 8мм, текстурный, арт.00406",Малярный и штукатурный инструмент>Валики малярные>Шубки (ролики),406,653.04,"https://dlt.by/image/catalog/easyphoto/3187/valik-rollingdog-texturall-230mm-dlya-byugelya-8mm-teksturnyy-art-00406-4.jpg,https://dlt.by/image/catalog/easyphoto/3187/valik-rollingdog-texturall-230mm-dlya-byugelya-8mm-teksturnyy-art-00406-5.jpg,https://dlt.by/image/catalog/easyphoto/3187/valik-rollingdog-texturall-230mm-dlya-byugelya-8mm-teksturnyy-art-00406-6.jpg,https://dlt.by/image/catalog/easyphoto/3187/valik-rollingdog-texturall-230mm-dlya-byugelya-8mm-teksturnyy-art-00406-2.jpg,https://dlt.by/image/catalog/easyphoto/3187/valik-rollingdog-texturall-230mm-dlya-byugelya-8mm-teksturnyy-art-00406-3.jpg,,,,,,,,,,,,,,,,,,,,,,,,,,,,,,,,,,,,,,,,,"
"Стойка рекламная Rollingdog, нижняя часть, арт.DP-05T",Бренды>Малярный инструмент ROLLINGDOG,DP-05T,24 075.38,"https://dlt.by/image/catalog/easyphoto/3188/stoyka-stanina-dlya-dreli-almaznogo-sverleniya-1.jpeg,,,,,,,,,,,,,,,,,,,,,,,,,,,,,,,,,,,,,,,,,,,,,"
"Стойка рекламная Rollingdog, верхнаяя часть, арт.DP-05TT",Бренды>Малярный инструмент ROLLINGDOG,DP-05TT,6 319.79,"https://dlt.by/image/catalog/easyphoto/3188/stoyka-stanina-dlya-dreli-almaznogo-sverleniya-1.jpeg,,,,,,,,,,,,,,,,,,,,,,,,,,,,,,,,,,,,,,,,,,,,,"
"Зажим для системы выравнивания плитки (СВП) BIHUI 1,5мм, 100шт, арт.BLS2100 ",Система выравнивания плитки (СВП)>СВП BIHUI,BLS2100,367.15,"https://dlt.by/image/catalog/easyphoto/3191/zazhim-dlya-sistemy-vyravnivaniya-plitki-svp-bihui-1-5mm-100sht-art-bls2100-6.jpg,https://dlt.by/image/catalog/easyphoto/3191/zazhim-dlya-sistemy-vyravnivaniya-plitki-svp-bihui-1-5mm-100sht-art-bls2100-7.jpg,https://dlt.by/image/catalog/easyphoto/3191/zazhim-dlya-sistemy-vyravnivaniya-plitki-svp-bihui-1-5mm-100sht-art-bls2100-8.jpg,https://dlt.by/image/catalog/easyphoto/3191/zazhim-dlya-sistemy-vyravnivaniya-plitki-svp-bihui-1-5mm-100sht-art-bls2100-9.jpg,,,,,,,,,,,,,,,,,,,,,,,,,,,,,,,,,,,,,,,,,,"
"Набор СВП BIHUI (клин+зажим+щипцы) 1,5мм, 100шт, арт.BLSK2 ",Система выравнивания плитки (СВП)>СВП BIHUI,BLSK2,2 317.26,"https://dlt.by/image/catalog/easyphoto/3194/nabor-svp-bihui-klin-zazhim-shchiptsy-1-5mm-100sht-art-blsk2-2.jpg,https://dlt.by/image/catalog/easyphoto/3194/nabor-svp-bihui-klin-zazhim-shchiptsy-1-5mm-100sht-art-blsk2-3.jpg,https://dlt.by/image/catalog/easyphoto/3194/nabor-svp-bihui-klin-zazhim-shchiptsy-1-5mm-100sht-art-blsk2-4.jpg,https://dlt.by/image/catalog/easyphoto/3194/nabor-svp-bihui-klin-zazhim-shchiptsy-1-5mm-100sht-art-blsk2-7.jpg,https://dlt.by/image/catalog/easyphoto/3194/nabor-svp-bihui-klin-zazhim-shchiptsy-1-5mm-100sht-art-blsk2-5.jpg,https://dlt.by/image/catalog/easyphoto/3194/nabor-svp-bihui-klin-zazhim-shchiptsy-1-5mm-100sht-art-blsk2-6.jpg,https://dlt.by/image/catalog/easyphoto/3194/nabor-svp-bihui-klin-zazhim-shchiptsy-1-5mm-100sht-art-blsk2-8.jpg,,,,,,,,,,,,,,,,,,,,,,,,,,,,,,,,,,,,,,,"
"Диск для скругления плитки BIHUI Ø75мм, толщина 15мм, #50, арт.DGW315",Алмазная оснастка>Алмазные диски>Алмазные диски для скругления и ступеней,DGW315,1 263.96,"https://dlt.by/image/catalog/easyphoto/3195/disk-dlya-skrugleniya-plitki-bihui-75mm-tolshchina-15mm-50-3.jpg,https://dlt.by/image/catalog/easyphoto/3195/disk-dlya-skrugleniya-plitki-bihui-75mm-tolshchina-15mm-50-4.jpg,https://dlt.by/image/catalog/easyphoto/3195/disk-dlya-skrugleniya-plitki-bihui-75mm-tolshchina-15mm-50-5.jpg,https://dlt.by/image/catalog/easyphoto/3195/disk-dlya-skrugleniya-plitki-bihui-75mm-tolshchina-15mm-50-6.jpg,,,,,,,,,,,,,,,,,,,,,,,,,,,,,,,,,,,,,,,,,,"
"Система ручной резки для широкоформатной плиты BIHUI - БЕЗ направляющей, арт.LFMC5, 5 поколение ",Плиткорезы ручные>Плиткорезы для крупноформатной плитки,LFMC5,15 949.94,"https://dlt.by/image/catalog/easyphoto/3452/sistema-ruchnoy-rezki-dlya-shirokoformatnoy-plity-bihui-bez-napravlyayushchey-art-lfmc5-5-pokolenie-36.jpg,https://dlt.by/image/catalog/easyphoto/3452/sistema-ruchnoy-rezki-dlya-shirokoformatnoy-plity-bihui-bez-napravlyayushchey-art-lfmc5-5-pokolenie-37.jpg,https://dlt.by/image/catalog/easyphoto/3452/sistema-ruchnoy-rezki-dlya-shirokoformatnoy-plity-bihui-bez-napravlyayushchey-art-lfmc5-5-pokolenie-35.jpg,https://dlt.by/image/catalog/easyphoto/3452/sistema-ruchnoy-rezki-dlya-shirokoformatnoy-plity-bihui-bez-napravlyayushchey-art-lfmc5-5-pokolenie-34.jpg,https://dlt.by/image/catalog/easyphoto/3452/sistema-ruchnoy-rezki-dlya-shirokoformatnoy-plity-bihui-bez-napravlyayushchey-art-lfmc5-5-pokolenie-32.jpg,https://dlt.by/image/catalog/easyphoto/3452/sistema-ruchnoy-rezki-dlya-shirokoformatnoy-plity-bihui-bez-napravlyayushchey-art-lfmc5-5-pokolenie-33.jpg,https://dlt.by/image/catalog/easyphoto/3452/sistema-ruchnoy-rezki-dlya-shirokoformatnoy-plity-bihui-bez-napravlyayushchey-art-lfmc5-5-pokolenie-29.jpg,https://dlt.by/image/catalog/easyphoto/3452/sistema-ruchnoy-rezki-dlya-shirokoformatnoy-plity-bihui-bez-napravlyayushchey-art-lfmc5-5-pokolenie-30.jpg,https://dlt.by/image/catalog/easyphoto/3452/sistema-ruchnoy-rezki-dlya-shirokoformatnoy-plity-bihui-bez-napravlyayushchey-art-lfmc5-5-pokolenie-31.jpg,,,,,,,,,,,,,,,,,,,,,,,,,,,,,,,,,,,,,"
"Ручной плиткорез RUBI X-ONE 65 (рез до 650мм), арт.14926",Плиткорезы ручные>Плиткорезы RUBI,14926,19 260.30,"https://dlt.by/image/catalog/easyphoto/3448/ruchnoy-plitkorez-rubi-x-one-65-rez-do-650mm-art-14926-1.jpg,https://dlt.by/image/catalog/easyphoto/3448/ruchnoy-plitkorez-rubi-x-one-65-rez-do-650mm-art-14926-5.jpg,https://dlt.by/image/catalog/easyphoto/3448/ruchnoy-plitkorez-rubi-x-one-65-rez-do-650mm-art-14926-2.jpg,https://dlt.by/image/catalog/easyphoto/3448/ruchnoy-plitkorez-rubi-x-one-65-rez-do-650mm-art-14926-3.jpg,https://dlt.by/image/catalog/easyphoto/3448/ruchnoy-plitkorez-rubi-x-one-65-rez-do-650mm-art-14926-4.jpg,,,,,,,,,,,,,,,,,,,,,,,,,,,,,,,,,,,,,,,,,"
"Насадка для смесителя (миксера) BIHUI, арт.MS1900-MP",Малярный и штукатурный инструмент>Венчики и насадки строительные,MS1900-MP,2 708.48,"https://dlt.by/image/catalog/easyphoto/3197/nasadka-dlya-smesitelya-miksera-bihui-art-ms1900-mp-3.jpg,https://dlt.by/image/catalog/easyphoto/3197/nasadka-dlya-smesitelya-miksera-bihui-art-ms1900-mp-4.jpg,https://dlt.by/image/catalog/easyphoto/3197/nasadka-dlya-smesitelya-miksera-bihui-art-ms1900-mp-5.jpg,https://dlt.by/image/catalog/easyphoto/3197/nasadka-dlya-smesitelya-miksera-bihui-art-ms1900-mp-6.jpg,,,,,,,,,,,,,,,,,,,,,,,,,,,,,,,,,,,,,,,,,,"
"Зажим для системы выравнивания плитки (СВП) BIHUI 2мм, 100шт, арт.BLSN100",Система выравнивания плитки (СВП)>СВП BIHUI,BLSN100,391.22,"https://dlt.by/image/catalog/easyphoto/3198/zazhim-dlya-sistemy-vyravnivaniya-plitki-svp-bihui-2mm-100sht-art-blsn100-2.jpg,https://dlt.by/image/catalog/easyphoto/3198/zazhim-dlya-sistemy-vyravnivaniya-plitki-svp-bihui-2mm-100sht-art-blsn100-3.jpg,https://dlt.by/image/catalog/easyphoto/3198/zazhim-dlya-sistemy-vyravnivaniya-plitki-svp-bihui-2mm-100sht-art-blsn100-4.jpg,https://dlt.by/image/catalog/easyphoto/3198/zazhim-dlya-sistemy-vyravnivaniya-plitki-svp-bihui-2mm-100sht-art-blsn100-5.jpg,,,,,,,,,,,,,,,,,,,,,,,,,,,,,,,,,,,,,,,,,,"
"Зажим для системы выравнивания плитки (СВП) BIHUI 1мм, 100шт, арт.SL1100",Система выравнивания плитки (СВП)>СВП BIHUI,SL1100,571.79,"https://dlt.by/image/catalog/easyphoto/3199/zazhim-dlya-sistemy-vyravnivaniya-plitki-svp-bihui-1mm-100sht-art-sl1100-3.jpg,https://dlt.by/image/catalog/easyphoto/3199/zazhim-dlya-sistemy-vyravnivaniya-plitki-svp-bihui-1mm-100sht-art-sl1100-4.jpg,https://dlt.by/image/catalog/easyphoto/3199/zazhim-dlya-sistemy-vyravnivaniya-plitki-svp-bihui-1mm-100sht-art-sl1100-5.jpg,https://dlt.by/image/catalog/easyphoto/3199/zazhim-dlya-sistemy-vyravnivaniya-plitki-svp-bihui-1mm-100sht-art-sl1100-6.jpg,,,,,,,,,,,,,,,,,,,,,,,,,,,,,,,,,,,,,,,,,,"
"Зажим для системы выравнивания плитки (СВП) BIHUI 1,5мм, 100шт, арт.SL2100",Система выравнивания плитки (СВП)>СВП BIHUI,SL2100,571.79,"https://dlt.by/image/catalog/easyphoto/3200/zazhim-dlya-sistemy-vyravnivaniya-plitki-svp-bihui-1-5mm-100sht-art-sl2100-3.jpg,https://dlt.by/image/catalog/easyphoto/3200/zazhim-dlya-sistemy-vyravnivaniya-plitki-svp-bihui-1-5mm-100sht-art-sl2100-4.jpg,https://dlt.by/image/catalog/easyphoto/3200/zazhim-dlya-sistemy-vyravnivaniya-plitki-svp-bihui-1-5mm-100sht-art-sl2100-5.jpg,https://dlt.by/image/catalog/easyphoto/3200/zazhim-dlya-sistemy-vyravnivaniya-plitki-svp-bihui-1-5mm-100sht-art-sl2100-6.jpg,,,,,,,,,,,,,,,,,,,,,,,,,,,,,,,,,,,,,,,,,,"
"Запасные фиксаторы для системы выравнивания плитки (СВП) BIHUI 100шт, арт.SLC100",Система выравнивания плитки (СВП)>СВП BIHUI,SLC100,1 324.15,"https://dlt.by/image/catalog/easyphoto/3201/zapasnye-fiksatory-dlya-sistemy-vyravnivaniya-plitki-svp-bihui-100sht-art-slc100-4.jpg,https://dlt.by/image/catalog/easyphoto/3201/zapasnye-fiksatory-dlya-sistemy-vyravnivaniya-plitki-svp-bihui-100sht-art-slc100-5.jpg,https://dlt.by/image/catalog/easyphoto/3201/zapasnye-fiksatory-dlya-sistemy-vyravnivaniya-plitki-svp-bihui-100sht-art-slc100-6.jpg,,,,,,,,,,,,,,,,,,,,,,,,,,,,,,,,,,,,,,,,,,,"
"Защитная пластина для системы выравнивания плитки (СВП) BIHUI 100шт, арт.SLW100",Система выравнивания плитки (СВП)>СВП BIHUI,SLW100,1 354.24,"https://dlt.by/image/catalog/easyphoto/3202/zashchitnaya-plastina-dlya-sistemy-vyravnivaniya-plitki-svp-bihui-100sht-art-slw100-3.jpg,https://dlt.by/image/catalog/easyphoto/3202/zashchitnaya-plastina-dlya-sistemy-vyravnivaniya-plitki-svp-bihui-100sht-art-slw100-4.jpg,https://dlt.by/image/catalog/easyphoto/3202/zashchitnaya-plastina-dlya-sistemy-vyravnivaniya-plitki-svp-bihui-100sht-art-slw100-5.jpg,,,,,,,,,,,,,,,,,,,,,,,,,,,,,,,,,,,,,,,,,,,"
"Кейс для инструментов DLT, арт.320392",Ящики для инструмента/Модульные системы,320392,6 470.26,"https://dlt.by/image/catalog/easyphoto/4306/keys-dlya-instrumentov-dlt-art-320392-6.jpg,https://dlt.by/image/catalog/easyphoto/4306/keys-dlya-instrumentov-dlt-art-320392-7.jpg,https://dlt.by/image/catalog/easyphoto/4306/keys-dlya-instrumentov-dlt-art-320392-8.jpg,https://dlt.by/image/catalog/easyphoto/4306/keys-dlya-instrumentov-dlt-art-320392-9.jpg,https://dlt.by/image/catalog/easyphoto/4306/keys-dlya-instrumentov-dlt-art-320392-10.jpg,https://dlt.by/image/catalog/easyphoto/4306/keys-dlya-instrumentov-dlt-art-320392-11.jpg,,,,,,,,,,,,,,,,,,,,,,,,,,,,,,,,,,,,,,,,"
"Кисть Rollingdog 15мм, круглая, синтетика, серия Standard, арт.10717",Малярный и штукатурный инструмент>Кисти малярные>Фигурные кисти,10717,0.00,"https://dlt.by/image/catalog/easyphoto/3204/kist-rollingdog-15mm-kruglaya-sintetika-seriya-standard-art-10717-1.jpg,https://dlt.by/image/catalog/easyphoto/3204/kist-rollingdog-15mm-kruglaya-sintetika-seriya-standard-art-10717-2.jpg,,,,,,,,,,,,,,,,,,,,,,,,,,,,,,,,,,,,,,,,,,,,"
"Кисть Rollingdog BX1000 12мм, прямой срез, полиэстер, серия Professional, арт.10730",Малярный и штукатурный инструмент>Кисти малярные,10730,216.68,"https://dlt.by/image/catalog/easyphoto/3205/kist-rollingdog-bx1000-12mm-pryamoy-srez-poliester-seriya-professional-art-10730-1.jpg,https://dlt.by/image/catalog/easyphoto/3205/kist-rollingdog-bx1000-12mm-pryamoy-srez-poliester-seriya-professional-art-10730-2.jpg,,,,,,,,,,,,,,,,,,,,,,,,,,,,,,,,,,,,,,,,,,,,"
"Кисть макловица Rollingdog K9 50х175мм, синтетика, серия Elite, арт.10732",Бренды>Малярный инструмент ROLLINGDOG,10732,2 136.69,"https://dlt.by/image/catalog/easyphoto/3206/kist-maklovitsa-rollingdog-k9-50h175mm-sintetika-seriya-elite-art-10732-3.jpg,https://dlt.by/image/catalog/easyphoto/3206/kist-maklovitsa-rollingdog-k9-50h175mm-sintetika-seriya-elite-art-10732-4.jpg,https://dlt.by/image/catalog/easyphoto/3206/kist-maklovitsa-rollingdog-k9-50h175mm-sintetika-seriya-elite-art-10732-5.jpg,https://dlt.by/image/catalog/easyphoto/3206/kist-maklovitsa-rollingdog-k9-50h175mm-sintetika-seriya-elite-art-10732-6.jpg,https://dlt.by/image/catalog/easyphoto/3206/kist-maklovitsa-rollingdog-k9-50h175mm-sintetika-seriya-elite-art-10732-7.jpg,,,,,,,,,,,,,,,,,,,,,,,,,,,,,,,,,,,,,,,,,"
"Кисть Rollingdog SE1000 75мм, угловой срез, полиэстер, серия Standard, арт.10733",Малярный и штукатурный инструмент>Кисти малярные,10733,216.68,"https://dlt.by/image/catalog/easyphoto/3207/kist-rollingdog-se1000-75mm-uglovoy-srez-poliester-seriya-standard-art-10733-1.jpg,https://dlt.by/image/catalog/easyphoto/3207/kist-rollingdog-se1000-75mm-uglovoy-srez-poliester-seriya-standard-art-10733-2.jpg,,,,,,,,,,,,,,,,,,,,,,,,,,,,,,,,,,,,,,,,,,,,"
"Кисть Rollingdog PT-1000 25мм, круглая, полиэстер, серия Professional, арт.10734",Малярный и штукатурный инструмент>Кисти малярные,10734,216.68,"https://dlt.by/image/catalog/easyphoto/3208/kist-rollingdog-pt-1000-25mm-kruglaya-poliester-seriya-professional-art-10734-1.jpg,,,,,,,,,,,,,,,,,,,,,,,,,,,,,,,,,,,,,,,,,,,,,"
"Кисть Rollingdog PT-1000 25мм, круглая, полиэстер, серия Professional, арт.10735",Малярный и штукатурный инструмент>Кисти малярные,10735,216.68,"https://dlt.by/image/catalog/easyphoto/3209/kist-rollingdog-pt-1000-25mm-kruglaya-poliester-seriya-professional-art-10735-2.jpg,https://dlt.by/image/catalog/easyphoto/3209/kist-rollingdog-pt-1000-25mm-kruglaya-poliester-seriya-professional-art-10735-1.jpg,https://dlt.by/image/catalog/easyphoto/3209/kist-rollingdog-pt-1000-25mm-kruglaya-poliester-seriya-professional-art-10735-3.jpg,https://dlt.by/image/catalog/easyphoto/3209/kist-rollingdog-pt-1000-25mm-kruglaya-poliester-seriya-professional-art-10735-4.jpg,https://dlt.by/image/catalog/easyphoto/3209/kist-rollingdog-pt-1000-25mm-kruglaya-poliester-seriya-professional-art-10735-5.jpg,https://dlt.by/image/catalog/easyphoto/3209/kist-rollingdog-pt-1000-25mm-kruglaya-poliester-seriya-professional-art-10735-6.jpg,https://dlt.by/image/catalog/easyphoto/3209/kist-rollingdog-pt-1000-25mm-kruglaya-poliester-seriya-professional-art-10735-7.jpg,,,,,,,,,,,,,,,,,,,,,,,,,,,,,,,,,,,,,,,"
"Кювета для краски Rollingdog 4” (100мм), серия Professional, арт.20009",Акции на строительный инструмент,20009,246.77,"https://dlt.by/image/catalog/easyphoto/3210/kyuveta-dlya-kraski-rollingdog-4-100mm-seriya-professional-art-20009-4.jpg,https://dlt.by/image/catalog/easyphoto/3210/kyuveta-dlya-kraski-rollingdog-4-100mm-seriya-professional-art-20009-5.jpg,https://dlt.by/image/catalog/easyphoto/3210/kyuveta-dlya-kraski-rollingdog-4-100mm-seriya-professional-art-20009-6.jpg,https://dlt.by/image/catalog/easyphoto/3210/kyuveta-dlya-kraski-rollingdog-4-100mm-seriya-professional-art-20009-7.jpg,https://dlt.by/image/catalog/easyphoto/3210/kyuveta-dlya-kraski-rollingdog-4-100mm-seriya-professional-art-20009-8.jpg,https://dlt.by/image/catalog/easyphoto/3210/mernyy-stakan-rollingdog-1000ml-art-20090-1.jpg,https://dlt.by/image/catalog/easyphoto/3210/mernyy-stakan-rollingdog-1000ml-art-20090-2.jpg,https://dlt.by/image/catalog/easyphoto/3210/mernyy-stakan-rollingdog-1000ml-art-20090-3.jpg,,,,,,,,,,,,,,,,,,,,,,,,,,,,,,,,,,,,,,"
"Кювета для краски Rollingdog Sturdy King 12” (300мм), серия Professional, арт.20014",Акции на строительный инструмент,20014,511.60,"https://dlt.by/image/catalog/easyphoto/3211/kyuveta-dlya-kraski-rollingdog-sturdy-king-12-300mm-seriya-professional-art-20014-2.jpg,https://dlt.by/image/catalog/easyphoto/3211/kyuveta-dlya-kraski-rollingdog-sturdy-king-12-300mm-seriya-professional-art-20014-3.jpg,https://dlt.by/image/catalog/easyphoto/3211/kyuveta-dlya-kraski-rollingdog-sturdy-king-12-300mm-seriya-professional-art-20014-4.jpg,https://dlt.by/image/catalog/easyphoto/3211/kyuveta-dlya-kraski-rollingdog-sturdy-king-12-300mm-seriya-professional-art-20014-5.jpg,https://dlt.by/image/catalog/easyphoto/3211/kyuveta-dlya-kraski-rollingdog-sturdy-king-12-300mm-seriya-professional-art-20014-6.jpg,https://dlt.by/image/catalog/easyphoto/3211/kyuveta-dlya-kraski-rollingdog-sturdy-king-12-300mm-seriya-professional-art-20014-7.jpg,https://dlt.by/image/catalog/easyphoto/3211/kyuveta-dlya-kraski-rollingdog-sturdy-king-12-300mm-seriya-professional-art-20014-8.jpg,https://dlt.by/image/catalog/easyphoto/3211/kyuveta-dlya-kraski-rollingdog-sturdy-king-12-300mm-seriya-professional-art-20014-1.jpg,,,,,,,,,,,,,,,,,,,,,,,,,,,,,,,,,,,,,,"
"Кювета для краски Rollingdog Paint Pal 4” (100мм), серия Professional, арт.20036",Акции на строительный инструмент,20036,391.22,"https://dlt.by/image/catalog/easyphoto/3212/kyuveta-dlya-kraski-rollingdog-paint-pal-4-100mm-seriya-professional-art-20036-6.jpg,https://dlt.by/image/catalog/easyphoto/3212/kyuveta-dlya-kraski-rollingdog-paint-pal-4-100mm-seriya-professional-art-20036-7.jpg,https://dlt.by/image/catalog/easyphoto/3212/kyuveta-dlya-kraski-rollingdog-paint-pal-4-100mm-seriya-professional-art-20036-8.jpg,https://dlt.by/image/catalog/easyphoto/3212/kyuveta-dlya-kraski-rollingdog-paint-pal-4-100mm-seriya-professional-art-20036-9.jpg,https://dlt.by/image/catalog/easyphoto/3212/kyuveta-dlya-kraski-rollingdog-paint-pal-4-100mm-seriya-professional-art-20036-10.jpg,https://dlt.by/image/catalog/easyphoto/3212/kyuveta-dlya-kraski-rollingdog-paint-pal-4-100mm-seriya-professional-art-20036-1.jpg,https://dlt.by/image/catalog/easyphoto/3212/kyuveta-dlya-kraski-rollingdog-paint-pal-4-100mm-seriya-professional-art-20036-5.jpg,https://dlt.by/image/catalog/easyphoto/3212/kyuveta-dlya-kraski-rollingdog-paint-pal-4-100mm-seriya-professional-art-20036-2.jpg,https://dlt.by/image/catalog/easyphoto/3212/kyuveta-dlya-kraski-rollingdog-paint-pal-4-100mm-seriya-professional-art-20036-3.jpg,https://dlt.by/image/catalog/easyphoto/3212/kyuveta-dlya-kraski-rollingdog-paint-pal-4-100mm-seriya-professional-art-20036-4.jpg,,,,,,,,,,,,,,,,,,,,,,,,,,,,,,,,,,,,"
"Кювета для краски Rollingdog Tray King 12” (300мм), серия Professional, арт.20039",Акции на строительный инструмент,20039,451.41,"https://dlt.by/image/catalog/easyphoto/3213/kyuveta-dlya-kraski-rollingdog-tray-king-12-300mm-seriya-professional-art-20039-6.jpg,https://dlt.by/image/catalog/easyphoto/3213/kyuveta-dlya-kraski-rollingdog-tray-king-12-300mm-seriya-professional-art-20039-7.jpg,https://dlt.by/image/catalog/easyphoto/3213/kyuveta-dlya-kraski-rollingdog-tray-king-12-300mm-seriya-professional-art-20039-8.jpg,https://dlt.by/image/catalog/easyphoto/3213/kyuveta-dlya-kraski-rollingdog-tray-king-12-300mm-seriya-professional-art-20039-9.jpg,https://dlt.by/image/catalog/easyphoto/3213/kyuveta-dlya-kraski-rollingdog-tray-king-12-300mm-seriya-professional-art-20039-10.jpg,https://dlt.by/image/catalog/easyphoto/3213/kyuveta-dlya-kraski-rollingdog-tray-king-12-300mm-seriya-professional-art-20039-11.jpg,https://dlt.by/image/catalog/easyphoto/3213/kyuveta-dlya-kraski-rollingdog-tray-king-12-300mm-seriya-professional-art-20039-12.jpg,https://dlt.by/image/catalog/easyphoto/3213/kyuveta-dlya-kraski-rollingdog-tray-king-12-300mm-seriya-professional-art-20039-13.jpg,https://dlt.by/image/catalog/easyphoto/3213/kyuveta-dlya-kraski-rollingdog-tray-king-12-300mm-seriya-professional-art-20039-1.jpg,https://dlt.by/image/catalog/easyphoto/3213/kyuveta-dlya-kraski-rollingdog-tray-king-12-300mm-seriya-professional-art-20039-2.jpg,https://dlt.by/image/catalog/easyphoto/3213/kyuveta-dlya-kraski-rollingdog-tray-king-12-300mm-seriya-professional-art-20039-3.jpg,https://dlt.by/image/catalog/easyphoto/3213/kyuveta-dlya-kraski-rollingdog-tray-king-12-300mm-seriya-professional-art-20039-4.jpg,https://dlt.by/image/catalog/easyphoto/3213/kyuveta-dlya-kraski-rollingdog-tray-king-12-300mm-seriya-professional-art-20039-5.jpg,,,,,,,,,,,,,,,,,,,,,,,,,,,,,,,,,"
"Многоразовый чехол для валиков Rollingdog Paint Pal 110мм, серия Professional, арт.20078",Малярный и штукатурный инструмент>Валики малярные>Аксессуары,20078,186.58,"https://dlt.by/image/catalog/easyphoto/3214/mnogorazovyy-chehol-dlya-valikov-rollingdog-paint-pal-110mm-seriya-professional-art-20078-1.jpg,https://dlt.by/image/catalog/easyphoto/3214/mnogorazovyy-chehol-dlya-valikov-rollingdog-paint-pal-110mm-seriya-professional-art-20078-2.jpg,,,,,,,,,,,,,,,,,,,,,,,,,,,,,,,,,,,,,,,,,,,,"
"Мешалка для краски Rollingdog 26см, серия Elite, арт.20119",Малярный и штукатурный инструмент>Ведра и кюветы,20119,186.58,"https://dlt.by/image/catalog/easyphoto/3215/mnogorazovyy-chehol-dlya-valikov-rollingdog-paint-pal-110mm-seriya-professional-art-20078-1.jpg,https://dlt.by/image/catalog/easyphoto/3215/mnogorazovyy-chehol-dlya-valikov-rollingdog-paint-pal-110mm-seriya-professional-art-20078-2.jpg,,,,,,,,,,,,,,,,,,,,,,,,,,,,,,,,,,,,,,,,,,,,"
"Набор вкладышей для малярной кюветы Rollingdog 18” (457мм), 5 шт, серия Elite, арт.20127",Акции на строительный инструмент,20127,601.88,"https://dlt.by/image/catalog/easyphoto/3216/nabor-vkladyshey-dlya-malyarnoy-kyuvety-rollingdog-18-457mm-5-sht-seriya-elite-art-20127-4.jpg,https://dlt.by/image/catalog/easyphoto/3216/nabor-vkladyshey-dlya-malyarnoy-kyuvety-rollingdog-18-457mm-5-sht-seriya-elite-art-20127-5.jpg,https://dlt.by/image/catalog/easyphoto/3216/nabor-vkladyshey-dlya-malyarnoy-kyuvety-rollingdog-18-457mm-5-sht-seriya-elite-art-20127-6.jpg,https://dlt.by/image/catalog/easyphoto/3216/nabor-vkladyshey-dlya-malyarnoy-kyuvety-rollingdog-18-457mm-5-sht-seriya-elite-art-20127-9.jpg,https://dlt.by/image/catalog/easyphoto/3216/nabor-vkladyshey-dlya-malyarnoy-kyuvety-rollingdog-18-457mm-5-sht-seriya-elite-art-20127-8.jpg,https://dlt.by/image/catalog/easyphoto/3216/nabor-vkladyshey-dlya-malyarnoy-kyuvety-rollingdog-18-457mm-5-sht-seriya-elite-art-20127-7.jpg,https://dlt.by/image/catalog/easyphoto/3216/meshalka-dlya-kraski-rollingdog-26sm-seriya-elite-art-20119-1.jpg,https://dlt.by/image/catalog/easyphoto/3216/meshalka-dlya-kraski-rollingdog-26sm-seriya-elite-art-20119-2.jpg,https://dlt.by/image/catalog/easyphoto/3216/meshalka-dlya-kraski-rollingdog-26sm-seriya-elite-art-20119-3.jpg,,,,,,,,,,,,,,,,,,,,,,,,,,,,,,,,,,,,,"
"Бюгель регулируемый Rollingdog 30-46см, конус, серия Elite, арт.30105",Малярный и штукатурный инструмент>Валики малярные>Бюгельные ручки,30105,1 534.81,"https://dlt.by/image/catalog/easyphoto/3217/byugel-reguliruemyy-rollingdog-30-46sm-konus-seriya-elite-art-30105-3.jpg,https://dlt.by/image/catalog/easyphoto/3217/byugel-reguliruemyy-rollingdog-30-46sm-konus-seriya-elite-art-30105-4.jpg,https://dlt.by/image/catalog/easyphoto/3217/byugel-reguliruemyy-rollingdog-30-46sm-konus-seriya-elite-art-30105-5.jpg,https://dlt.by/image/catalog/easyphoto/3217/byugel-reguliruemyy-rollingdog-30-46sm-konus-seriya-elite-art-30105-6.jpg,https://dlt.by/image/catalog/easyphoto/3217/byugel-reguliruemyy-rollingdog-30-46sm-konus-seriya-elite-art-30105-7.jpg,https://dlt.by/image/catalog/easyphoto/3217/byugel-reguliruemyy-rollingdog-30-46sm-konus-seriya-elite-art-30105-8.jpg,https://dlt.by/image/catalog/easyphoto/3217/byugel-reguliruemyy-rollingdog-dlya-valikov-30-45sm-seriya-elite-art-30106-2.jpg,https://dlt.by/image/catalog/easyphoto/3217/byugel-reguliruemyy-rollingdog-dlya-valikov-30-45sm-seriya-elite-art-30106-1.jpg,,,,,,,,,,,,,,,,,,,,,,,,,,,,,,,,,,,,,,"
"Бюгель регулируемый Rollingdog 23-31 см, конус, серия Professional, арт.30107",Малярный и штукатурный инструмент>Валики малярные>Бюгельные ручки,30107,1 504.71,"https://dlt.by/image/catalog/easyphoto/3218/byugel-reguliruemyy-rollingdog-23-31-sm-konus-seriya-professional-art-30107-3.jpg,https://dlt.by/image/catalog/easyphoto/3218/byugel-reguliruemyy-rollingdog-23-31-sm-konus-seriya-professional-art-30107-4.jpg,https://dlt.by/image/catalog/easyphoto/3218/byugel-reguliruemyy-rollingdog-23-31-sm-konus-seriya-professional-art-30107-5.jpg,https://dlt.by/image/catalog/easyphoto/3218/byugel-reguliruemyy-rollingdog-23-31-sm-konus-seriya-professional-art-30107-6.jpg,https://dlt.by/image/catalog/easyphoto/3218/byugel-reguliruemyy-rollingdog-23-31-sm-konus-seriya-professional-art-30107-7.jpg,https://dlt.by/image/catalog/easyphoto/3218/byugel-reguliruemyy-rollingdog-23-31-sm-konus-seriya-professional-art-30107-8.jpg,https://dlt.by/image/catalog/easyphoto/3218/byugel-reguliruemyy-rollingdog-30-46sm-seriya-elite-art-30105-2.jpg,https://dlt.by/image/catalog/easyphoto/3218/byugel-reguliruemyy-rollingdog-30-46sm-seriya-elite-art-30105-1.jpg,,,,,,,,,,,,,,,,,,,,,,,,,,,,,,,,,,,,,,"
"Бюгель регулируемый Rollingdog 23-31 см, резьба, серия Professional, арт.30108",Малярный и штукатурный инструмент>Валики малярные>Бюгельные ручки,30108,1 534.81,"https://dlt.by/image/catalog/easyphoto/3219/byugel-reguliruemyy-rollingdog-23-31-sm-rezba-seriya-professional-art-30108-2.jpg,https://dlt.by/image/catalog/easyphoto/3219/byugel-reguliruemyy-rollingdog-23-31-sm-rezba-seriya-professional-art-30108-3.jpg,https://dlt.by/image/catalog/easyphoto/3219/byugel-reguliruemyy-rollingdog-23-31-sm-rezba-seriya-professional-art-30108-4.jpg,https://dlt.by/image/catalog/easyphoto/3219/byugel-reguliruemyy-rollingdog-23-31-sm-rezba-seriya-professional-art-30108-5.jpg,https://dlt.by/image/catalog/easyphoto/3219/byugel-reguliruemyy-rollingdog-23-31-sm-rezba-seriya-professional-art-30108-6.jpg,https://dlt.by/image/catalog/easyphoto/3219/byugel-reguliruemyy-rollingdog-23-31-sm-rezba-seriya-professional-art-30108-7.jpg,https://dlt.by/image/catalog/easyphoto/3219/byugel-reguliruemyy-rollingdog-30-46sm-seriya-elite-art-30105-1.jpg,,,,,,,,,,,,,,,,,,,,,,,,,,,,,,,,,,,,,,,"
"Бюгель регулируемый Rollingdog K-9 30-46см, резьба, серия Elite, арт.30116",Малярный и штукатурный инструмент>Валики малярные>Бюгельные ручки,30116,1 504.71,"https://dlt.by/image/catalog/easyphoto/3220/byugel-reguliruemyy-rollingdog-30-46sm-seriya-elite-art-30105-2.jpg,https://dlt.by/image/catalog/easyphoto/3220/byugel-reguliruemyy-rollingdog-30-46sm-seriya-elite-art-30105-1.jpg,,,,,,,,,,,,,,,,,,,,,,,,,,,,,,,,,,,,,,,,,,,,"
"Бюгель Rollingdog K-9 230мм, Ø38мм, серия Elite, арт.30117",Малярный и штукатурный инструмент>Валики малярные>Бюгельные ручки,30117,1 504.71,"https://dlt.by/image/catalog/easyphoto/3221/byugel-reguliruemyy-rollingdog-30-46sm-seriya-elite-art-30105-2.jpg,https://dlt.by/image/catalog/easyphoto/3221/byugel-reguliruemyy-rollingdog-30-46sm-seriya-elite-art-30105-1.jpg,,,,,,,,,,,,,,,,,,,,,,,,,,,,,,,,,,,,,,,,,,,,"
"Бюгель Rollingdog 457мм, резьба, серия Elite, арт.30124",Малярный и штукатурный инструмент>Валики малярные>Бюгельные ручки,30124,752.36,"https://dlt.by/image/catalog/easyphoto/3222/byugel-rollingdog-457mm-rezba-seriya-elite-art-30124-8.jpg,https://dlt.by/image/catalog/easyphoto/3222/byugel-rollingdog-457mm-rezba-seriya-elite-art-30124-9.jpg,https://dlt.by/image/catalog/easyphoto/3222/byugel-reguliruemyy-rollingdog-dlya-valikov-30-45sm-seriya-elite-art-30106-1.jpg,https://dlt.by/image/catalog/easyphoto/3222/byugel-reguliruemyy-rollingdog-dlya-valikov-30-45sm-seriya-elite-art-30106-2.jpg,https://dlt.by/image/catalog/easyphoto/3222/byugel-reguliruemyy-rollingdog-dlya-valikov-30-45sm-seriya-elite-art-30106-3.jpg,https://dlt.by/image/catalog/easyphoto/3222/byugel-reguliruemyy-rollingdog-dlya-valikov-30-45sm-seriya-elite-art-30106-4.jpg,https://dlt.by/image/catalog/easyphoto/3222/byugel-reguliruemyy-rollingdog-dlya-valikov-30-45sm-seriya-elite-art-30106-6.jpg,https://dlt.by/image/catalog/easyphoto/3222/byugel-reguliruemyy-rollingdog-dlya-valikov-30-45sm-seriya-elite-art-30106-5.jpg,https://dlt.by/image/catalog/easyphoto/3222/byugel-reguliruemyy-rollingdog-dlya-valikov-30-45sm-seriya-elite-art-30106-7.jpg,,,,,,,,,,,,,,,,,,,,,,,,,,,,,,,,,,,,,"
"Удлинитель Rollingdog ELITE XTENDER 78-135 см, карбоновый, серия Elite, арт.40032",Шпателя для механизированной шпатлевки>Шпателя для механизированного нанесения,40032,7 222.61,"https://dlt.by/image/catalog/easyphoto/3223/udlinitel-rollingdog-elite-xtender-78-135-sm-karbonovyy-seriya-elite-art-40032-4.jpg,https://dlt.by/image/catalog/easyphoto/3223/udlinitel-rollingdog-elite-xtender-78-135-sm-karbonovyy-seriya-elite-art-40032-5.jpg,https://dlt.by/image/catalog/easyphoto/3223/udlinitel-rollingdog-elite-xtender-78-135-sm-karbonovyy-seriya-elite-art-40032-6.jpg,https://dlt.by/image/catalog/easyphoto/3223/udlinitel-rollingdog-elite-xtender-78-135-sm-karbonovyy-seriya-elite-art-40032-7.jpg,https://dlt.by/image/catalog/easyphoto/3223/udlinitel-rollingdog-elite-xtender-78-135-sm-karbonovyy-seriya-elite-art-40032-8.jpg,,,,,,,,,,,,,,,,,,,,,,,,,,,,,,,,,,,,,,,,,"
"Удлинитель Rollingdog ELITE XTENDER 123-400 см, карбоновый, серия Elite, арт.40054",Шпателя для механизированной шпатлевки>Шпателя для механизированного нанесения,40054,28 288.57,"https://dlt.by/image/catalog/easyphoto/3224/udlinitel-rollingdog-elite-xtender-123-400-sm-karbonovyy-seriya-elite-art-40054-2.jpg,https://dlt.by/image/catalog/easyphoto/3224/udlinitel-rollingdog-elite-xtender-123-400-sm-karbonovyy-seriya-elite-art-40054-3.jpg,https://dlt.by/image/catalog/easyphoto/3224/udlinitel-rollingdog-elite-xtender-123-400-sm-karbonovyy-seriya-elite-art-40054-4.jpg,https://dlt.by/image/catalog/easyphoto/3224/udlinitel-rollingdog-elite-xtender-123-400-sm-karbonovyy-seriya-elite-art-40054-5.jpg,https://dlt.by/image/catalog/easyphoto/3224/udlinitel-rollingdog-elite-xtender-123-400-sm-karbonovyy-seriya-elite-art-40054-6.jpg,,,,,,,,,,,,,,,,,,,,,,,,,,,,,,,,,,,,,,,,,"
"Удлинитель Rollingdog XTENDER 100-400 см, карбоновый, конус, серия Elite, арт.40055",Акции на строительный инструмент,40055,24 075.38,"https://dlt.by/image/catalog/easyphoto/3225/udlinitel-rollingdog-xtender-100-400-sm-karbonovyy-konus-seriya-elite-art-40055-3.jpg,https://dlt.by/image/catalog/easyphoto/3225/udlinitel-rollingdog-xtender-100-400-sm-karbonovyy-konus-seriya-elite-art-40055-4.jpg,https://dlt.by/image/catalog/easyphoto/3225/udlinitel-rollingdog-xtender-100-400-sm-karbonovyy-konus-seriya-elite-art-40055-5.jpg,https://dlt.by/image/catalog/easyphoto/3225/udlinitel-rollingdog-xtender-100-400-sm-karbonovyy-konus-seriya-elite-art-40055-6.jpg,https://dlt.by/image/catalog/easyphoto/3225/udlinitel-rollingdog-xtender-100-400-sm-karbonovyy-konus-seriya-elite-art-40055-7.jpg,https://dlt.by/image/catalog/easyphoto/3225/udlinitel-rollingdog-elite-xtender-123-400-sm-karbonovyy-seriya-elite-art-40054-1.jpg,https://dlt.by/image/catalog/easyphoto/3225/udlinitel-rollingdog-elite-xtender-123-400-sm-karbonovyy-seriya-elite-art-40054-2.jpg,,,,,,,,,,,,,,,,,,,,,,,,,,,,,,,,,,,,,,,"
"Удлинитель Rollingdog XTENDER 167-300 см, карбоновый, конус, серия Elite, арт.40056",Акции на строительный инструмент,40056,13 542.40,"https://dlt.by/image/catalog/easyphoto/3226/udlinitel-rollingdog-xtender-167-300-sm-karbonovyy-konus-seriya-elite-art-40056-3.jpg,https://dlt.by/image/catalog/easyphoto/3226/udlinitel-rollingdog-xtender-167-300-sm-karbonovyy-konus-seriya-elite-art-40056-4.jpg,https://dlt.by/image/catalog/easyphoto/3226/udlinitel-rollingdog-xtender-167-300-sm-karbonovyy-konus-seriya-elite-art-40056-5.jpg,https://dlt.by/image/catalog/easyphoto/3226/udlinitel-rollingdog-xtender-167-300-sm-karbonovyy-konus-seriya-elite-art-40056-6.jpg,https://dlt.by/image/catalog/easyphoto/3226/udlinitel-rollingdog-xtender-167-300-sm-karbonovyy-konus-seriya-elite-art-40056-7.jpg,https://dlt.by/image/catalog/easyphoto/3226/udlinitel-rollingdog-elite-xtender-100-400-sm-karbonovyy-seriya-elite-art-40055-1.jpg,https://dlt.by/image/catalog/easyphoto/3226/udlinitel-rollingdog-elite-xtender-100-400-sm-karbonovyy-seriya-elite-art-40055-2.jpg,,,,,,,,,,,,,,,,,,,,,,,,,,,,,,,,,,,,,,,"
"Набор распорных штанг для пылезащитного барьера Rollingdog 140-330см, 2шт, серия Professional, арт.40084",Инструмент для укладки плитки>Распорные штанги,40084,3 972.44,"https://dlt.by/image/catalog/easyphoto/3227/nabor-raspornyh-shtang-dlya-pylezashchitnogo-barera-rollingdog-140-330sm-2sht-seriya-professional-art-40084-3.jpg,https://dlt.by/image/catalog/easyphoto/3227/nabor-raspornyh-shtang-dlya-pylezashchitnogo-barera-rollingdog-140-330sm-2sht-seriya-professional-art-40084-4.jpg,https://dlt.by/image/catalog/easyphoto/3227/nabor-raspornyh-shtang-dlya-pylezashchitnogo-barera-rollingdog-140-330sm-2sht-seriya-professional-art-40084-5.jpg,https://dlt.by/image/catalog/easyphoto/3227/nabor-raspornyh-shtang-dlya-pylezashchitnogo-barera-rollingdog-140-330sm-2sht-seriya-professional-art-40084-6.jpg,https://dlt.by/image/catalog/easyphoto/3227/nabor-raspornyh-shtang-dlya-pylezashchitnogo-barera-rollingdog-140-330sm-2sht-seriya-professional-art-40084-10.jpg,https://dlt.by/image/catalog/easyphoto/3227/nabor-raspornyh-shtang-dlya-pylezashchitnogo-barera-rollingdog-140-330sm-2sht-seriya-professional-art-40084-7.jpg,https://dlt.by/image/catalog/easyphoto/3227/nabor-raspornyh-shtang-dlya-pylezashchitnogo-barera-rollingdog-140-330sm-2sht-seriya-professional-art-40084-8.jpg,https://dlt.by/image/catalog/easyphoto/3227/nabor-raspornyh-shtang-dlya-pylezashchitnogo-barera-rollingdog-140-330sm-2sht-seriya-professional-art-40084-9.jpg,https://dlt.by/image/catalog/easyphoto/3227/nabor-raspornyh-shtang-dlya-pylezashchitnogo-barera-rollingdog-140-330sm-2sht-seriya-professional-art-40084-11.jpg,https://dlt.by/image/catalog/easyphoto/3227/nabor-raspornyh-shtang-dlya-pylezashchitnogo-barera-rollingdog-140-330sm-2sht-seriya-professional-art-40084-12.jpg,https://dlt.by/image/catalog/easyphoto/3227/nabor-raspornyh-shtang-dlya-pylezashchitnogo-barera-rollingdog-140-330sm-2sht-seriya-professional-art-40084-13.jpg,https://dlt.by/image/catalog/easyphoto/3227/nabor-raspornyh-shtang-dlya-pylezashchitnogo-barera-rollingdog-140-330sm-2sht-seriya-professional-art-40084-14.jpg,https://dlt.by/image/catalog/easyphoto/3227/nabor-raspornyh-shtang-dlya-pylezashchitnogo-barera-rollingdog-140-330sm-2sht-seriya-professional-art-40084-15.jpg,https://dlt.by/image/catalog/easyphoto/3227/nabor-raspornyh-shtang-dlya-pylezashchitnogo-barera-rollingdog-140-330sm-2sht-seriya-professional-art-40084-2.jpg,https://dlt.by/image/catalog/easyphoto/3227/nabor-raspornyh-shtang-dlya-pylezashchitnogo-barera-rollingdog-140-330sm-2sht-seriya-professional-art-40084-1.jpg,,,,,,,,,,,,,,,,,,,,,,,,,,,,,,,"
"Набор сменных трапециевидных лезвий для ножа Rollingdog 19мм, 10шт, арт.50065",Акции на строительный инструмент,50065,246.77,"https://dlt.by/image/catalog/easyphoto/3229/nabor-smennyh-trapetsievidnyh-lezviy-dlya-nozha-rollingdog-19mm-10sht-art-50065-2.jpg,https://dlt.by/image/catalog/easyphoto/3229/nabor-smennyh-trapetsievidnyh-lezviy-dlya-nozha-rollingdog-19mm-10sht-art-50065-3.jpg,https://dlt.by/image/catalog/easyphoto/3229/nabor-smennyh-trapetsievidnyh-lezviy-dlya-nozha-rollingdog-19mm-10sht-art-50065-4.jpg,https://dlt.by/image/catalog/easyphoto/3229/vydvizhnoy-universalnyy-stroitelnyy-nozh-rollingdog-lezvie-19mm-seriya-professional-art-50086-1.jpg,,,,,,,,,,,,,,,,,,,,,,,,,,,,,,,,,,,,,,,,,,"
"Скребок треугольный Rollingdog, серия Professional, арт.50234",Малярный и штукатурный инструмент>Скребки малярные,50234,273.86,"https://dlt.by/image/catalog/easyphoto/3230/skrebok-treugolnyy-rollingdog-seriya-professional-art-50234-5.jpg,https://dlt.by/image/catalog/easyphoto/3230/skrebok-treugolnyy-rollingdog-seriya-professional-art-50234-6.jpg,https://dlt.by/image/catalog/easyphoto/3230/skrebok-treugolnyy-rollingdog-seriya-professional-art-50234-7.jpg,,,,,,,,,,,,,,,,,,,,,,,,,,,,,,,,,,,,,,,,,,,"
"Скребок комбинированный Rollingdog, серия Professional, арт.50235",Инструмент для укладки плитки>Многофункц. шпатели (скребки),50235,282.89,"https://dlt.by/image/catalog/easyphoto/3231/skrebok-kombinirovannyy-rollingdog-seriya-professional-art-50235-4.jpg,https://dlt.by/image/catalog/easyphoto/3231/skrebok-kombinirovannyy-rollingdog-seriya-professional-art-50235-5.jpg,https://dlt.by/image/catalog/easyphoto/3231/skrebok-kombinirovannyy-rollingdog-seriya-professional-art-50235-6.jpg,,,,,,,,,,,,,,,,,,,,,,,,,,,,,,,,,,,,,,,,,,,"
"Скребок многофункциональный 3 в 1 Rollingdog, серия Professional, арт.50343",Акции на строительный инструмент,50343,126.40,"https://dlt.by/image/catalog/easyphoto/3232/skrebok-mnogofunktsionalnyy-3-v-1-rollingdog-seriya-professional-art-50343-4.jpg,https://dlt.by/image/catalog/easyphoto/3232/skrebok-mnogofunktsionalnyy-3-v-1-rollingdog-seriya-professional-art-50343-5.jpg,https://dlt.by/image/catalog/easyphoto/3232/skrebok-mnogofunktsionalnyy-3-v-1-rollingdog-seriya-professional-art-50343-6.jpg,https://dlt.by/image/catalog/easyphoto/3232/skrebok-mnogofunktsionalnyy-3-v-1-rollingdog-seriya-professional-art-50343-7.jpg,https://dlt.by/image/catalog/easyphoto/3232/skrebok-mnogofunktsionalnyy-3-v-1-rollingdog-seriya-professional-art-50343-8.jpg,https://dlt.by/image/catalog/easyphoto/3232/skrebok-mnogofunktsionalnyy-3-v-1-rollingdog-seriya-professional-art-50343-2.jpg,https://dlt.by/image/catalog/easyphoto/3232/skrebok-mnogofunktsionalnyy-3-v-1-rollingdog-seriya-professional-art-50343-1.jpg,https://dlt.by/image/catalog/easyphoto/3232/skrebok-mnogofunktsionalnyy-3-v-1-rollingdog-seriya-professional-art-50343-3.jpg,,,,,,,,,,,,,,,,,,,,,,,,,,,,,,,,,,,,,,"
"Малярный шпатель Rollingdog Greyhound Ultra-Flex 1"" (25мм), серия Elite, арт.50378",Шпателя для механизированной шпатлевки>Малярные шпателя,50378,376.18,"https://dlt.by/image/catalog/easyphoto/3233/malyarnyy-shpatel-rollingdog-greyhound-ultra-flex-1-25mm-seriya-elite-art-50378-1.jpg,https://dlt.by/image/catalog/easyphoto/3233/malyarnyy-shpatel-rollingdog-greyhound-ultra-flex-1-25mm-seriya-elite-art-50378-2.jpg,https://dlt.by/image/catalog/easyphoto/3233/malyarnyy-shpatel-rollingdog-greyhound-ultra-flex-1-25mm-seriya-elite-art-50378-3.jpg,https://dlt.by/image/catalog/easyphoto/3233/malyarnyy-shpatel-rollingdog-greyhound-ultra-flex-1-25mm-seriya-elite-art-50378-4.jpg,https://dlt.by/image/catalog/easyphoto/3233/malyarnyy-shpatel-rollingdog-greyhound-ultra-flex-1-25mm-seriya-elite-art-50378-5.jpg,https://dlt.by/image/catalog/easyphoto/3233/malyarnyy-shpatel-rollingdog-greyhound-ultra-flex-1-25mm-seriya-elite-art-50378-6.jpg,https://dlt.by/image/catalog/easyphoto/3233/malyarnyy-shpatel-rollingdog-greyhound-ultra-flex-1-25mm-seriya-elite-art-50378-7.jpg,,,,,,,,,,,,,,,,,,,,,,,,,,,,,,,,,,,,,,,"
"Малярный шпатель Rollingdog Greyhound Ultra-Flex 1.5"" (38мм), серия Elite, арт.50379",Шпателя для механизированной шпатлевки>Малярные шпателя,50379,376.18,"https://dlt.by/image/catalog/easyphoto/3234/malyarnyy-shpatel-rollingdog-greyhound-ultra-flex-1-5-38mm-seriya-elite-art-50379-1.jpg,https://dlt.by/image/catalog/easyphoto/3234/malyarnyy-shpatel-rollingdog-greyhound-ultra-flex-1-5-38mm-seriya-elite-art-50379-2.jpg,https://dlt.by/image/catalog/easyphoto/3234/malyarnyy-shpatel-rollingdog-greyhound-ultra-flex-1-5-38mm-seriya-elite-art-50379-3.jpg,https://dlt.by/image/catalog/easyphoto/3234/malyarnyy-shpatel-rollingdog-greyhound-ultra-flex-1-5-38mm-seriya-elite-art-50379-4.jpg,https://dlt.by/image/catalog/easyphoto/3234/malyarnyy-shpatel-rollingdog-greyhound-ultra-flex-1-5-38mm-seriya-elite-art-50379-5.jpg,https://dlt.by/image/catalog/easyphoto/3234/malyarnyy-shpatel-rollingdog-greyhound-ultra-flex-1-5-38mm-seriya-elite-art-50379-6.jpg,https://dlt.by/image/catalog/easyphoto/3234/malyarnyy-shpatel-rollingdog-greyhound-ultra-flex-1-5-38mm-seriya-elite-art-50379-7.jpg,,,,,,,,,,,,,,,,,,,,,,,,,,,,,,,,,,,,,,,"
"Малярный шпатель Rollingdog Greyhound Ultra-Flex 2"" (50мм), серия Elite, арт.50380",Шпателя для механизированной шпатлевки>Малярные шпателя,50380,376.18,"https://dlt.by/image/catalog/easyphoto/3235/malyarnyy-shpatel-rollingdog-greyhound-ultra-flex-1-5-38mm-seriya-elite-art-50379-1.jpg,https://dlt.by/image/catalog/easyphoto/3235/malyarnyy-shpatel-rollingdog-greyhound-ultra-flex-1-5-38mm-seriya-elite-art-50379-2.jpg,https://dlt.by/image/catalog/easyphoto/3235/malyarnyy-shpatel-rollingdog-greyhound-ultra-flex-1-5-38mm-seriya-elite-art-50379-3.jpg,https://dlt.by/image/catalog/easyphoto/3235/malyarnyy-shpatel-rollingdog-greyhound-ultra-flex-1-5-38mm-seriya-elite-art-50379-4.jpg,https://dlt.by/image/catalog/easyphoto/3235/malyarnyy-shpatel-rollingdog-greyhound-ultra-flex-1-5-38mm-seriya-elite-art-50379-5.jpg,https://dlt.by/image/catalog/easyphoto/3235/malyarnyy-shpatel-rollingdog-greyhound-ultra-flex-1-5-38mm-seriya-elite-art-50379-6.jpg,https://dlt.by/image/catalog/easyphoto/3235/malyarnyy-shpatel-rollingdog-greyhound-ultra-flex-1-5-38mm-seriya-elite-art-50379-7.jpg,,,,,,,,,,,,,,,,,,,,,,,,,,,,,,,,,,,,,,,"
"Малярный шпатель Rollingdog Greyhound 1"" (25мм), серия Elite, арт.50387",Шпателя для механизированной шпатлевки>Малярные шпателя,50387,376.18,"https://dlt.by/image/catalog/easyphoto/3236/malyarnyy-shpatel-rollingdog-greyhound-ultra-flex-2-50mm-seriya-elite-art-50380-1.jpg,https://dlt.by/image/catalog/easyphoto/3236/malyarnyy-shpatel-rollingdog-greyhound-ultra-flex-2-50mm-seriya-elite-art-50380-2.jpg,https://dlt.by/image/catalog/easyphoto/3236/malyarnyy-shpatel-rollingdog-greyhound-ultra-flex-2-50mm-seriya-elite-art-50380-3.jpg,https://dlt.by/image/catalog/easyphoto/3236/malyarnyy-shpatel-rollingdog-greyhound-ultra-flex-2-50mm-seriya-elite-art-50380-4.jpg,https://dlt.by/image/catalog/easyphoto/3236/malyarnyy-shpatel-rollingdog-greyhound-ultra-flex-2-50mm-seriya-elite-art-50380-5.jpg,https://dlt.by/image/catalog/easyphoto/3236/malyarnyy-shpatel-rollingdog-greyhound-ultra-flex-2-50mm-seriya-elite-art-50380-6.jpg,https://dlt.by/image/catalog/easyphoto/3236/malyarnyy-shpatel-rollingdog-greyhound-ultra-flex-2-50mm-seriya-elite-art-50380-7.jpg,,,,,,,,,,,,,,,,,,,,,,,,,,,,,,,,,,,,,,,"
"Малярный шпатель Rollingdog Greyhound 1,5"" (38мм), серия Elite, арт.50388",Шпателя для механизированной шпатлевки>Малярные шпателя,50388,376.18,"https://dlt.by/image/catalog/easyphoto/3237/malyarnyy-shpatel-rollingdog-greyhound-1-25mm-seriya-elite-art-50387-1.jpg,https://dlt.by/image/catalog/easyphoto/3237/malyarnyy-shpatel-rollingdog-greyhound-1-25mm-seriya-elite-art-50387-2.jpg,,,,,,,,,,,,,,,,,,,,,,,,,,,,,,,,,,,,,,,,,,,,"
"Малярный шпатель Rollingdog Greyhound 2"" (50мм), серия Elite, арт.50389",Шпателя для механизированной шпатлевки>Малярные шпателя,50389,376.18,"https://dlt.by/image/catalog/easyphoto/3238/malyarnyy-shpatel-rollingdog-greyhound-1-5-38mm-seriya-elite-art-50388-1.jpg,https://dlt.by/image/catalog/easyphoto/3238/malyarnyy-shpatel-rollingdog-greyhound-1-5-38mm-seriya-elite-art-50388-2.jpg,,,,,,,,,,,,,,,,,,,,,,,,,,,,,,,,,,,,,,,,,,,,"
"Малярный шпатель Rollingdog Titanium 1"" (25мм), серия Elite, арт.50405",Шпателя для механизированной шпатлевки>Малярные шпателя,50405,376.18,"https://dlt.by/image/catalog/easyphoto/3239/malyarnyy-shpatel-rollingdog-greyhound-2-50mm-seriya-elite-art-50389-1.jpg,,,,,,,,,,,,,,,,,,,,,,,,,,,,,,,,,,,,,,,,,,,,,"
"Малярный шпатель Rollingdog Titanium 1,5"" (38мм), серия Elite, арт.50406",Шпателя для механизированной шпатлевки>Малярные шпателя,50406,376.18,"https://dlt.by/image/catalog/easyphoto/3240/malyarnyy-shpatel-rollingdog-titanium-1-25mm-seriya-elite-art-50405-1.jpg,https://dlt.by/image/catalog/easyphoto/3240/malyarnyy-shpatel-rollingdog-titanium-1-25mm-seriya-elite-art-50405-2.jpg,,,,,,,,,,,,,,,,,,,,,,,,,,,,,,,,,,,,,,,,,,,,"
"Универсальный шпатель Rollingdog 3"" (75мм), соединение защелка/конус, серия Elite, арт.50445",Шпателя для механизированной шпатлевки>Малярные шпателя,50445,343.07,"https://dlt.by/image/catalog/easyphoto/3241/universalnyy-shpatel-rollingdog-1-5-38mm-seriya-elite-art-50414-1.jpg,https://dlt.by/image/catalog/easyphoto/3241/universalnyy-shpatel-rollingdog-1-5-38mm-seriya-elite-art-50414-2.jpg,https://dlt.by/image/catalog/easyphoto/3241/universalnyy-shpatel-rollingdog-1-5-38mm-seriya-elite-art-50414-3.jpg,,,,,,,,,,,,,,,,,,,,,,,,,,,,,,,,,,,,,,,,,,,"
"Скребок изогнутый Rollingdog 3"" (75мм), соединение защелка/конус, серия Elite, арт.50446",Шпателя для механизированной шпатлевки>Многофункц. шпатели (скребки),50446,427.34,"https://dlt.by/image/catalog/easyphoto/3243/skrebok-izognutyy-rollingdog-3-75mm-soedinenie-zashchelka-konus-seriya-elite-art-50446-1.jpg,https://dlt.by/image/catalog/easyphoto/3243/skrebok-izognutyy-rollingdog-3-75mm-soedinenie-zashchelka-konus-seriya-elite-art-50446-2.jpg,https://dlt.by/image/catalog/easyphoto/3243/skrebok-izognutyy-rollingdog-3-75mm-soedinenie-zashchelka-konus-seriya-elite-art-50446-3.jpg,,,,,,,,,,,,,,,,,,,,,,,,,,,,,,,,,,,,,,,,,,,"
"Малярный шпатель Rollingdog Beauceron 1,5"" (38мм), серия Elite, арт.50470",Шпателя для механизированной шпатлевки>Малярные шпателя,50470,722.26,"https://dlt.by/image/catalog/easyphoto/3244/malyarnyy-shpatel-rollingdog-5-125mm-seriya-elite-art-50474-1.jpg,https://dlt.by/image/catalog/easyphoto/3244/malyarnyy-shpatel-rollingdog-5-125mm-seriya-elite-art-50474-2.jpg,,,,,,,,,,,,,,,,,,,,,,,,,,,,,,,,,,,,,,,,,,,,"
"Малярный шпатель Rollingdog Beauceron 3"" (76мм), серия Elite, арт.50472",Шпателя для механизированной шпатлевки>Малярные шпателя,50472,722.26,"https://dlt.by/image/catalog/easyphoto/3245/malyarnyy-shpatel-rollingdog-beauceron-1-5-38mm-seriya-elite-art-50470-1.jpg,https://dlt.by/image/catalog/easyphoto/3245/malyarnyy-shpatel-rollingdog-beauceron-1-5-38mm-seriya-elite-art-50470-2.jpg,,,,,,,,,,,,,,,,,,,,,,,,,,,,,,,,,,,,,,,,,,,,"
"Нож для для укладки линолеума Rollingdog WOLF'S CLAW, серия Elite, арт.50494",Малярный и штукатурный инструмент>Ножи малярные и лезвия к ним,50494,1 053.30,"https://dlt.by/image/catalog/easyphoto/3246/nozh-dlya-dlya-ukladki-linoleuma-rollingdog-wolf-s-claw-seriya-elite-art-50494-2.jpg,https://dlt.by/image/catalog/easyphoto/3246/nozh-dlya-dlya-ukladki-linoleuma-rollingdog-wolf-s-claw-seriya-elite-art-50494-1.jpg,,,,,,,,,,,,,,,,,,,,,,,,,,,,,,,,,,,,,,,,,,,,"
"Малярный шпатель Rollingdog 200мм, соединение защелка/конус, серия Elite, арт.50495",Шпателя для механизированной шпатлевки,50495,722.26,"https://dlt.by/image/catalog/easyphoto/3247/malyarnyy-shpatel-rollingdog-beauceron-1-5-38mm-seriya-elite-art-50470-2.jpg,https://dlt.by/image/catalog/easyphoto/3247/malyarnyy-shpatel-rollingdog-beauceron-1-5-38mm-seriya-elite-art-50470-1.jpg,,,,,,,,,,,,,,,,,,,,,,,,,,,,,,,,,,,,,,,,,,,,"
"Малярный шпатель Rollingdog 250мм, соединение защелка/конус, серия Elite, арт.50496",Шпателя для механизированной шпатлевки,50496,722.26,"https://dlt.by/image/catalog/easyphoto/3248/malyarnyy-shpatel-rollingdog-200mm-soedinenie-zashchelka-konus-seriya-elite-art-50495-2.jpg,https://dlt.by/image/catalog/easyphoto/3248/malyarnyy-shpatel-rollingdog-200mm-soedinenie-zashchelka-konus-seriya-elite-art-50495-1.jpg,,,,,,,,,,,,,,,,,,,,,,,,,,,,,,,,,,,,,,,,,,,,"
"Малярный шпатель Rollingdog 350мм, соединение защелка/конус, серия Elite, арт.50497",Шпателя для механизированной шпатлевки,50497,722.26,"https://dlt.by/image/catalog/easyphoto/3249/malyarnyy-shpatel-rollingdog-350mm-soedinenie-zashchelka-konus-seriya-elite-art-50497-2.jpg,https://dlt.by/image/catalog/easyphoto/3249/malyarnyy-shpatel-rollingdog-350mm-soedinenie-zashchelka-konus-seriya-elite-art-50497-1.jpg,,,,,,,,,,,,,,,,,,,,,,,,,,,,,,,,,,,,,,,,,,,,"
"Малярный шпатель Rollingdog 457мм, соединение защелка/конус, серия Elite, арт.50498",Шпателя для механизированной шпатлевки,50498,722.26,"https://dlt.by/image/catalog/easyphoto/3250/malyarnyy-shpatel-rollingdog-450mm-soedinenie-zashchelka-konus-seriya-elite-art-50498-2.jpg,https://dlt.by/image/catalog/easyphoto/3250/malyarnyy-shpatel-rollingdog-450mm-soedinenie-zashchelka-konus-seriya-elite-art-50498-1.jpg,,,,,,,,,,,,,,,,,,,,,,,,,,,,,,,,,,,,,,,,,,,,"
"Малярный шпатель Rollingdog 600мм, соединение защелка/конус, серия Elite, арт.50499",Шпателя для механизированной шпатлевки,50499,722.26,"https://dlt.by/image/catalog/easyphoto/3251/malyarnyy-shpatel-rollingdog-600mm-soedinenie-zashchelka-konus-seriya-elite-art-50499-2.jpg,https://dlt.by/image/catalog/easyphoto/3251/malyarnyy-shpatel-rollingdog-600mm-soedinenie-zashchelka-konus-seriya-elite-art-50499-1.jpg,,,,,,,,,,,,,,,,,,,,,,,,,,,,,,,,,,,,,,,,,,,,"
"Фасадный шпатель Rollingdog 200мм, серия Standard, арт.50509 ",Акции на строительный инструмент,50509,246.77,"https://dlt.by/image/catalog/easyphoto/3252/fasadnyy-shpatel-rollingdog-200mm-seriya-standard-art-50509-3.jpg,https://dlt.by/image/catalog/easyphoto/3252/fasadnyy-shpatel-rollingdog-200mm-seriya-standard-art-50509-5.jpg,https://dlt.by/image/catalog/easyphoto/3252/fasadnyy-shpatel-rollingdog-200mm-seriya-standard-art-50509-4.jpg,https://dlt.by/image/catalog/easyphoto/3252/fasadnyy-shpatel-rollingdog-25cm-seriya-standard-art-50510-1.jpg,https://dlt.by/image/catalog/easyphoto/3252/fasadnyy-shpatel-rollingdog-25cm-seriya-standard-art-50510-2.jpg,,,,,,,,,,,,,,,,,,,,,,,,,,,,,,,,,,,,,,,,,"
"Фасадный шпатель Rollingdog 30cм, серия Standard, арт.50511",Бренды>Малярный инструмент ROLLINGDOG,50511,297.93,"https://dlt.by/image/catalog/easyphoto/3254/fasadnyy-shpatel-rollingdog-30cm-seriya-standard-art-50511-3.jpg,https://dlt.by/image/catalog/easyphoto/3254/fasadnyy-shpatel-rollingdog-30cm-seriya-standard-art-50511-4.jpg,https://dlt.by/image/catalog/easyphoto/3254/fasadnyy-shpatel-rollingdog-30cm-seriya-standard-art-50511-5.jpg,,,,,,,,,,,,,,,,,,,,,,,,,,,,,,,,,,,,,,,,,,,"
"Венецианская кельма Rollingdog DOBERMAN 240х90мм, серия Elite, арт.50512",Шпателя для механизированной шпатлевки>Гладилки,50512,1 053.30,"https://dlt.by/image/catalog/easyphoto/3255/venetsianskaya-kelma-rollingdog-doberman-240h90mm-seriya-elite-art-50512-3.jpg,https://dlt.by/image/catalog/easyphoto/3255/venetsianskaya-kelma-rollingdog-doberman-240h90mm-seriya-elite-art-50512-4.jpg,https://dlt.by/image/catalog/easyphoto/3255/venetsianskaya-kelma-rollingdog-doberman-240h90mm-seriya-elite-art-50512-5.jpg,https://dlt.by/image/catalog/easyphoto/3255/venetsianskaya-kelma-rollingdog-doberman-240h90mm-seriya-elite-art-50512-6.jpg,https://dlt.by/image/catalog/easyphoto/3255/venetsianskaya-kelma-rollingdog-doberman-240h90mm-seriya-elite-art-50512-7.jpg,,,,,,,,,,,,,,,,,,,,,,,,,,,,,,,,,,,,,,,,,"
"Валик Rollingdog 457мм, ворс 19мм, для каркаса 44мм, полиамид, арт.00326",Малярный и штукатурный инструмент>Валики малярные>Шубки (ролики),326,836.62,"https://dlt.by/image/catalog/easyphoto/3256/valik-rollingdog-450mm-vors-19mm-dlya-karkasa-44mm-poliamid-art-00326-4.jpg,https://dlt.by/image/catalog/easyphoto/3256/valik-rollingdog-450mm-vors-19mm-dlya-karkasa-44mm-poliamid-art-00326-5.jpg,https://dlt.by/image/catalog/easyphoto/3256/valik-rollingdog-450mm-vors-19mm-dlya-karkasa-44mm-poliamid-art-00326-6.jpg,https://dlt.by/image/catalog/easyphoto/3256/valik-rollingdog-450mm-vors-19mm-dlya-karkasa-44mm-poliamid-art-00326-1.jpg,https://dlt.by/image/catalog/easyphoto/3256/valik-rollingdog-450mm-vors-19mm-dlya-karkasa-44mm-poliamid-art-00326-2.jpg,https://dlt.by/image/catalog/easyphoto/3256/valik-rollingdog-450mm-vors-19mm-dlya-karkasa-44mm-poliamid-art-00326-3.jpg,,,,,,,,,,,,,,,,,,,,,,,,,,,,,,,,,,,,,,,,"
"Малярная лента Rollingdog WASHI-SHIELD 48мм x 50м, арт.80855",Бренды>Малярный инструмент ROLLINGDOG,80855,481.51,"https://dlt.by/image/catalog/easyphoto/3323/malyarnaya-lenta-rollingdog-washi-shield-48mm-x-50m-art-80855-4.jpg,https://dlt.by/image/catalog/easyphoto/3323/malyarnaya-lenta-rollingdog-washi-shield-48mm-x-50m-art-80855-5.jpg,https://dlt.by/image/catalog/easyphoto/3323/malyarnaya-lenta-rollingdog-washi-shield-48mm-x-50m-art-80855-6.jpg,https://dlt.by/image/catalog/easyphoto/3323/malyarnaya-lenta-rollingdog-washi-shield-48mm-x-50m-art-80855-2.jpg,https://dlt.by/image/catalog/easyphoto/3323/malyarnaya-lenta-rollingdog-washi-shield-48mm-x-50m-art-80855-1.jpg,https://dlt.by/image/catalog/easyphoto/3323/malyarnaya-lenta-rollingdog-washi-shield-48mm-x-50m-art-80855-3.jpg,,,,,,,,,,,,,,,,,,,,,,,,,,,,,,,,,,,,,,,,"
"Бюгель Rollingdog 76мм, Ø38мм, серия Standard, арт.30111",Малярный и штукатурный инструмент>Валики малярные>Бюгельные ручки,30111,306.96,"https://dlt.by/image/catalog/easyphoto/2693/shpatel-skrebok-mnogofunktsionalnyy-12-v-1-rollingdog-art-50019-1.jpeg,,,,,,,,,,,,,,,,,,,,,,,,,,,,,,,,,,,,,,,,,,,,,"
"Запасная плата управления присоски DLT VST-200 для рельефной плитки с АВТО подкачкой, арт.2693",Запчасти>Присоски электрические>DLT VST-200,2693,571.79,"https://dlt.by/image/catalog/easyphoto/3393/zapasnaya-plata-upravleniya-prisoski-dlt-vst-200-dlya-relefnoy-plitki-s-avto-podkachkoy-art-2693-3.jpg,https://dlt.by/image/catalog/easyphoto/3393/zapasnaya-plata-upravleniya-prisoski-dlt-vst-200-dlya-relefnoy-plitki-s-avto-podkachkoy-art-2693-4.jpg,https://dlt.by/image/catalog/easyphoto/3393/zapasnaya-plata-upravleniya-prisoski-dlt-vst-200-dlya-relefnoy-plitki-s-avto-podkachkoy-art-2693-5.jpg,,,,,,,,,,,,,,,,,,,,,,,,,,,,,,,,,,,,,,,,,,,"
"Запасной аккумулятор присоски DLT VST-65 для рельефной плитки с АВТО подкачкой, арт.2704",Запчасти>Присоски электрические>DLT VST-65,2704,306.96,"https://dlt.by/image/catalog/easyphoto/3394/akkumulyator-prisoski-dlt-vst-65-dlya-relefnoy-plitki-s-avto-podkachkoy-1.jpg,,,,,,,,,,,,,,,,,,,,,,,,,,,,,,,,,,,,,,,,,,,,,"
"Венецианская кельма Rollingdog DOBERMAN 240х130х100мм, трапециевидная, серия Elite, арт.50513",Шпателя для механизированной шпатлевки>Гладилки,50513,1 053.30,"https://dlt.by/image/catalog/easyphoto/3265/venetsianskaya-kelma-rollingdog-doberman-240h130h100mm-trapetsievidnaya-seriya-elite-art-50513-3.jpg,https://dlt.by/image/catalog/easyphoto/3265/venetsianskaya-kelma-rollingdog-doberman-240h130h100mm-trapetsievidnaya-seriya-elite-art-50513-4.jpg,https://dlt.by/image/catalog/easyphoto/3265/venetsianskaya-kelma-rollingdog-doberman-240h130h100mm-trapetsievidnaya-seriya-elite-art-50513-5.jpg,https://dlt.by/image/catalog/easyphoto/3265/venetsianskaya-kelma-rollingdog-doberman-240h130h100mm-trapetsievidnaya-seriya-elite-art-50513-6.jpg,https://dlt.by/image/catalog/easyphoto/3265/venetsianskaya-kelma-rollingdog-doberman-240h130h100mm-trapetsievidnaya-seriya-elite-art-50513-7.jpg,,,,,,,,,,,,,,,,,,,,,,,,,,,,,,,,,,,,,,,,,"
"Пластиковый шпатель Rollingdog 30см, соединение защелка/конус, серия Elite, арт.50514",Шпателя для механизированной шпатлевки>Малярные шпателя,50514,752.36,"https://dlt.by/image/catalog/easyphoto/3266/plastikovyy-shpatel-rollingdog-30sm-soedinenie-zashchelka-konus-seriya-elite-art-50514-1.jpg,https://dlt.by/image/catalog/easyphoto/3266/plastikovyy-shpatel-rollingdog-30sm-soedinenie-zashchelka-konus-seriya-elite-art-50514-2.jpg,,,,,,,,,,,,,,,,,,,,,,,,,,,,,,,,,,,,,,,,,,,,"
"Пластиковый шпатель Rollingdog 30см, резьбовое соединение, серия Elite, арт.50515",Шпателя для механизированной шпатлевки>Малярные шпателя,50515,752.36,"https://dlt.by/image/catalog/easyphoto/3267/plastikovyy-shpatel-rollingdog-30sm-rezbovoe-soedinenie-seriya-elite-art-50515-1.jpg,https://dlt.by/image/catalog/easyphoto/3267/plastikovyy-shpatel-rollingdog-30sm-rezbovoe-soedinenie-seriya-elite-art-50515-2.jpg,,,,,,,,,,,,,,,,,,,,,,,,,,,,,,,,,,,,,,,,,,,,"
"Малярный шпатель Rollingdog 25см, сменное лезвие, серия Elite, арт.50516",Акции на строительный инструмент,50516,571.79,"https://dlt.by/image/catalog/easyphoto/3268/malyarnyy-shpatel-rollingdog-25sm-smennoe-lezvie-seriya-elite-art-50516-4.jpg,https://dlt.by/image/catalog/easyphoto/3268/malyarnyy-shpatel-rollingdog-25sm-smennoe-lezvie-seriya-elite-art-50516-5.jpg,https://dlt.by/image/catalog/easyphoto/3268/malyarnyy-shpatel-rollingdog-25sm-smennoe-lezvie-seriya-elite-art-50516-6.jpg,https://dlt.by/image/catalog/easyphoto/3268/malyarnyy-shpatel-rollingdog-25sm-smennoe-lezvie-seriya-elite-art-50516-7.jpg,https://dlt.by/image/catalog/easyphoto/3268/malyarnyy-shpatel-rollingdog-25sm-smennoe-lezvie-seriya-elite-art-50516-8.jpg,https://dlt.by/image/catalog/easyphoto/3268/malyarnyy-shpatel-rollingdog-25sm-seriya-elite-art-50516-1.jpg,https://dlt.by/image/catalog/easyphoto/3268/malyarnyy-shpatel-rollingdog-25sm-seriya-elite-art-50516-2.jpg,https://dlt.by/image/catalog/easyphoto/3268/malyarnyy-shpatel-rollingdog-25sm-seriya-elite-art-50516-3.png,,,,,,,,,,,,,,,,,,,,,,,,,,,,,,,,,,,,,,"
"Малярный шпатель Rollingdog 60см, сменное лезвие, серия Elite, арт.50519",Шпателя для механизированной шпатлевки>Шпателя для механизированного нанесения,50519,1 191.73,"https://dlt.by/image/catalog/easyphoto/3269/malyarnyy-shpatel-rollingdog-60sm-smennoe-lezvie-seriya-elite-art-50519-3.jpg,https://dlt.by/image/catalog/easyphoto/3269/malyarnyy-shpatel-rollingdog-60sm-smennoe-lezvie-seriya-elite-art-50519-4.jpg,https://dlt.by/image/catalog/easyphoto/3269/malyarnyy-shpatel-rollingdog-60sm-smennoe-lezvie-seriya-elite-art-50519-5.jpg,https://dlt.by/image/catalog/easyphoto/3269/malyarnyy-shpatel-rollingdog-60sm-smennoe-lezvie-seriya-elite-art-50519-7.jpg,https://dlt.by/image/catalog/easyphoto/3269/malyarnyy-shpatel-rollingdog-60sm-smennoe-lezvie-seriya-elite-art-50519-6.jpg,https://dlt.by/image/catalog/easyphoto/3269/malyarnyy-shpatel-rollingdog-60sm-seriya-elite-art-50519-1.jpg,https://dlt.by/image/catalog/easyphoto/3269/malyarnyy-shpatel-rollingdog-60sm-seriya-elite-art-50519-2.jpg,,,,,,,,,,,,,,,,,,,,,,,,,,,,,,,,,,,,,,,"
"Малярный шпатель Rollingdog 80см, сменное лезвие, серия Elite, арт.50520",Шпателя для механизированной шпатлевки>Шпателя для механизированного нанесения,50520,1 628.10,"https://dlt.by/image/catalog/easyphoto/3270/malyarnyy-shpatel-rollingdog-80sm-smennoe-lezvie-seriya-elite-art-50520-3.jpg,https://dlt.by/image/catalog/easyphoto/3270/malyarnyy-shpatel-rollingdog-80sm-smennoe-lezvie-seriya-elite-art-50520-4.jpg,https://dlt.by/image/catalog/easyphoto/3270/malyarnyy-shpatel-rollingdog-80sm-smennoe-lezvie-seriya-elite-art-50520-5.jpg,https://dlt.by/image/catalog/easyphoto/3270/malyarnyy-shpatel-rollingdog-80sm-smennoe-lezvie-seriya-elite-art-50520-6.jpg,https://dlt.by/image/catalog/easyphoto/3270/malyarnyy-shpatel-rollingdog-80sm-smennoe-lezvie-seriya-elite-art-50520-7.jpg,https://dlt.by/image/catalog/easyphoto/3270/malyarnyy-shpatel-rollingdog-80sm-seriya-elite-art-50520-1.jpg,https://dlt.by/image/catalog/easyphoto/3270/malyarnyy-shpatel-rollingdog-80sm-seriya-elite-art-50520-2.jpg,,,,,,,,,,,,,,,,,,,,,,,,,,,,,,,,,,,,,,,"
"Малярный шпатель Rollingdog 100см, сменное лезвие, серия Elite, арт.50521",Шпателя для механизированной шпатлевки>Шпателя для механизированного нанесения,50521,1 968.16,"https://dlt.by/image/catalog/easyphoto/3271/malyarnyy-shpatel-rollingdog-100sm-smennoe-lezvie-seriya-elite-art-50521-4.jpg,https://dlt.by/image/catalog/easyphoto/3271/malyarnyy-shpatel-rollingdog-100sm-smennoe-lezvie-seriya-elite-art-50521-5.jpg,https://dlt.by/image/catalog/easyphoto/3271/malyarnyy-shpatel-rollingdog-100sm-smennoe-lezvie-seriya-elite-art-50521-6.jpg,https://dlt.by/image/catalog/easyphoto/3271/malyarnyy-shpatel-rollingdog-100sm-smennoe-lezvie-seriya-elite-art-50521-7.jpg,https://dlt.by/image/catalog/easyphoto/3271/malyarnyy-shpatel-rollingdog-100sm-smennoe-lezvie-seriya-elite-art-50521-8.jpg,https://dlt.by/image/catalog/easyphoto/3271/malyarnyy-shpatel-rollingdog-100sm-seriya-elite-art-50521-2.jpg,https://dlt.by/image/catalog/easyphoto/3271/malyarnyy-shpatel-rollingdog-100sm-seriya-elite-art-50521-1.jpg,https://dlt.by/image/catalog/easyphoto/3271/malyarnyy-shpatel-rollingdog-100sm-seriya-elite-art-50521-3.png,,,,,,,,,,,,,,,,,,,,,,,,,,,,,,,,,,,,,,"
"Набор запасных лезвий для шпателя Rollingdog 25см, 2шт, серия Elite, арт.50523",Шпателя для механизированной шпатлевки>Шпателя для механизированного нанесения>Сменные лезвия и аксессуары,50523,541.70,"https://dlt.by/image/catalog/easyphoto/3272/nabor-zapasnyh-lezviy-dlya-shpatelya-rollingdog-25sm-2sht-seriya-elite-art-50523-4.jpg,https://dlt.by/image/catalog/easyphoto/3272/nabor-zapasnyh-lezviy-dlya-shpatelya-rollingdog-25sm-2sht-seriya-elite-art-50523-5.jpg,https://dlt.by/image/catalog/easyphoto/3272/nabor-zapasnyh-lezviy-dlya-shpatelya-rollingdog-25sm-2sht-seriya-elite-art-50523-1.jpg,https://dlt.by/image/catalog/easyphoto/3272/nabor-zapasnyh-lezviy-dlya-shpatelya-rollingdog-25sm-2sht-seriya-elite-art-50523-3.jpg,https://dlt.by/image/catalog/easyphoto/3272/nabor-zapasnyh-lezviy-dlya-shpatelya-rollingdog-25sm-2sht-seriya-elite-art-50523-2.jpg,,,,,,,,,,,,,,,,,,,,,,,,,,,,,,,,,,,,,,,,,"
"Набор запасных лезвий для шпателя Rollingdog 35см, 2шт, серия Elite, арт.50524",Шпателя для механизированной шпатлевки>Шпателя для механизированного нанесения>Сменные лезвия и аксессуары,50524,662.07,"https://dlt.by/image/catalog/easyphoto/3273/nabor-zapasnyh-lezviy-dlya-shpatelya-rollingdog-35sm-2sht-seriya-elite-art-50524-4.jpg,https://dlt.by/image/catalog/easyphoto/3273/nabor-zapasnyh-lezviy-dlya-shpatelya-rollingdog-35sm-2sht-seriya-elite-art-50524-5.jpg,https://dlt.by/image/catalog/easyphoto/3273/nabor-zapasnyh-lezviy-dlya-shpatelya-rollingdog-35sm-2sht-seriya-elite-art-50524-1.jpg,https://dlt.by/image/catalog/easyphoto/3273/nabor-zapasnyh-lezviy-dlya-shpatelya-rollingdog-35sm-2sht-seriya-elite-art-50524-3.jpg,https://dlt.by/image/catalog/easyphoto/3273/nabor-zapasnyh-lezviy-dlya-shpatelya-rollingdog-35sm-2sht-seriya-elite-art-50524-2.jpg,,,,,,,,,,,,,,,,,,,,,,,,,,,,,,,,,,,,,,,,,"
"Набор запасных лезвий для шпателя Rollingdog 45см, 2шт, серия Elite, арт.50525",Шпателя для механизированной шпатлевки>Шпателя для механизированного нанесения>Сменные лезвия и аксессуары,50525,872.73,"https://dlt.by/image/catalog/easyphoto/3274/nabor-zapasnyh-lezviy-dlya-shpatelya-rollingdog-45sm-2sht-seriya-elite-art-50525-4.jpg,https://dlt.by/image/catalog/easyphoto/3274/nabor-zapasnyh-lezviy-dlya-shpatelya-rollingdog-45sm-2sht-seriya-elite-art-50525-5.jpg,https://dlt.by/image/catalog/easyphoto/3274/nabor-zapasnyh-lezviy-dlya-shpatelya-rollingdog-45sm-2sht-seriya-elite-art-50525-1.jpg,https://dlt.by/image/catalog/easyphoto/3274/nabor-zapasnyh-lezviy-dlya-shpatelya-rollingdog-45sm-2sht-seriya-elite-art-50525-3.jpg,https://dlt.by/image/catalog/easyphoto/3274/nabor-zapasnyh-lezviy-dlya-shpatelya-rollingdog-45sm-2sht-seriya-elite-art-50525-2.jpg,,,,,,,,,,,,,,,,,,,,,,,,,,,,,,,,,,,,,,,,,"
"Набор запасных лезвий для шпателя Rollingdog 60см, 2шт, серия Elite, арт.50526",Шпателя для механизированной шпатлевки>Шпателя для механизированного нанесения>Сменные лезвия и аксессуары,50526,1 083.39,"https://dlt.by/image/catalog/easyphoto/3275/nabor-zapasnyh-lezviy-dlya-shpatelya-rollingdog-60sm-2sht-seriya-elite-art-50526-4.jpg,https://dlt.by/image/catalog/easyphoto/3275/nabor-zapasnyh-lezviy-dlya-shpatelya-rollingdog-60sm-2sht-seriya-elite-art-50526-5.jpg,https://dlt.by/image/catalog/easyphoto/3275/nabor-zapasnyh-lezviy-dlya-shpatelya-rollingdog-60sm-2sht-seriya-elite-art-50526-1.jpg,https://dlt.by/image/catalog/easyphoto/3275/nabor-zapasnyh-lezviy-dlya-shpatelya-rollingdog-60sm-2sht-seriya-elite-art-50526-3.jpg,https://dlt.by/image/catalog/easyphoto/3275/nabor-zapasnyh-lezviy-dlya-shpatelya-rollingdog-60sm-2sht-seriya-elite-art-50526-2.jpg,,,,,,,,,,,,,,,,,,,,,,,,,,,,,,,,,,,,,,,,,"
"Набор запасных лезвий для шпателя Rollingdog 80см, 2шт, серия Elite, арт.50527",Шпателя для механизированной шпатлевки>Шпателя для механизированного нанесения>Сменные лезвия и аксессуары,50527,1 414.43,"https://dlt.by/image/catalog/easyphoto/3276/nabor-zapasnyh-lezviy-dlya-shpatelya-rollingdog-80sm-2sht-seriya-elite-art-50527-4.jpg,https://dlt.by/image/catalog/easyphoto/3276/nabor-zapasnyh-lezviy-dlya-shpatelya-rollingdog-80sm-2sht-seriya-elite-art-50527-5.jpg,https://dlt.by/image/catalog/easyphoto/3276/nabor-zapasnyh-lezviy-dlya-shpatelya-rollingdog-80sm-2sht-seriya-elite-art-50527-1.jpg,https://dlt.by/image/catalog/easyphoto/3276/nabor-zapasnyh-lezviy-dlya-shpatelya-rollingdog-80sm-2sht-seriya-elite-art-50527-3.jpg,https://dlt.by/image/catalog/easyphoto/3276/nabor-zapasnyh-lezviy-dlya-shpatelya-rollingdog-80sm-2sht-seriya-elite-art-50527-2.jpg,,,,,,,,,,,,,,,,,,,,,,,,,,,,,,,,,,,,,,,,,"
"Набор запасных лезвий для шпателя Rollingdog 100см, 2шт, серия Elite, арт.50528",Шпателя для механизированной шпатлевки>Шпателя для механизированного нанесения>Сменные лезвия и аксессуары,50528,1 805.65,"https://dlt.by/image/catalog/easyphoto/3277/nabor-zapasnyh-lezviy-dlya-shpatelya-rollingdog-100sm-2sht-seriya-elite-art-50528-4.jpg,https://dlt.by/image/catalog/easyphoto/3277/nabor-zapasnyh-lezviy-dlya-shpatelya-rollingdog-100sm-2sht-seriya-elite-art-50528-5.jpg,https://dlt.by/image/catalog/easyphoto/3277/nabor-zapasnyh-lezviy-dlya-shpatelya-rollingdog-100sm-2sht-seriya-elite-art-50528-1.jpg,https://dlt.by/image/catalog/easyphoto/3277/nabor-zapasnyh-lezviy-dlya-shpatelya-rollingdog-100sm-2sht-seriya-elite-art-50528-2.jpg,https://dlt.by/image/catalog/easyphoto/3277/nabor-zapasnyh-lezviy-dlya-shpatelya-rollingdog-100sm-2sht-seriya-elite-art-50528-3.jpg,,,,,,,,,,,,,,,,,,,,,,,,,,,,,,,,,,,,,,,,,"
"Набор для механизированного нанесения шпаклевки №1 Rollingdog, серия Elite, арт.50529",Шпателя для механизированной шпатлевки>Шпателя для механизированного нанесения>Наборы шпателей,50529,20 313.60,"https://dlt.by/image/catalog/easyphoto/3278/nabor-dlya-mehanizirovannogo-naneseniya-shpaklevki-1-rollingdog-seriya-elite-art-50529-5.jpg,https://dlt.by/image/catalog/easyphoto/3278/nabor-dlya-mehanizirovannogo-naneseniya-shpaklevki-1-rollingdog-seriya-elite-art-50529-6.jpg,https://dlt.by/image/catalog/easyphoto/3278/nabor-dlya-mehanizirovannogo-naneseniya-shpaklevki-1-rollingdog-seriya-elite-art-50529-7.jpg,https://dlt.by/image/catalog/easyphoto/3278/nabor-dlya-mehanizirovannogo-naneseniya-shpaklevki-1-rollingdog-seriya-elite-art-50529-1.jpg,https://dlt.by/image/catalog/easyphoto/3278/nabor-dlya-mehanizirovannogo-naneseniya-shpaklevki-1-rollingdog-seriya-elite-art-50529-2.jpg,https://dlt.by/image/catalog/easyphoto/3278/nabor-dlya-mehanizirovannogo-naneseniya-shpaklevki-1-rollingdog-seriya-elite-art-50529-3.jpg,https://dlt.by/image/catalog/easyphoto/3278/nabor-dlya-mehanizirovannogo-naneseniya-shpaklevki-1-rollingdog-seriya-elite-art-50529-4.jpg,,,,,,,,,,,,,,,,,,,,,,,,,,,,,,,,,,,,,,,"
"Набор для механизированного нанесения шпаклевки №2 Rollingdog, серия Elite, арт.50530",Шпателя для механизированной шпатлевки>Шпателя для механизированного нанесения>Наборы шпателей,50530,23 593.87,"https://dlt.by/image/catalog/easyphoto/3279/nabor-dlya-mehanizirovannogo-naneseniya-shpaklevki-2-rollingdog-seriya-elite-art-50530-7.jpg,https://dlt.by/image/catalog/easyphoto/3279/nabor-dlya-mehanizirovannogo-naneseniya-shpaklevki-2-rollingdog-seriya-elite-art-50530-8.jpg,https://dlt.by/image/catalog/easyphoto/3279/nabor-dlya-mehanizirovannogo-naneseniya-shpaklevki-2-rollingdog-seriya-elite-art-50530-9.jpg,,,,,,,,,,,,,,,,,,,,,,,,,,,,,,,,,,,,,,,,,,,"
"Валик с бюгелем Rollingdog GLOSS-KING 100мм, поролон, арт.60071",Малярный и штукатурный инструмент>Валики малярные>Валики с ручкой,60071,391.22,"https://dlt.by/image/catalog/easyphoto/3280/valik-s-byugelem-rollingdog-gloss-king-100mm-porolon-art-60071-1.jpg,https://dlt.by/image/catalog/easyphoto/3280/valik-s-byugelem-rollingdog-gloss-king-100mm-porolon-art-60071-3.jpg,https://dlt.by/image/catalog/easyphoto/3280/valik-s-byugelem-rollingdog-gloss-king-100mm-porolon-art-60071-4.jpg,https://dlt.by/image/catalog/easyphoto/3280/valik-s-byugelem-rollingdog-gloss-king-100mm-porolon-art-60071-5.png,https://dlt.by/image/catalog/easyphoto/3280/valik-s-byugelem-rollingdog-gloss-king-100mm-porolon-art-60071-6.jpg,,,,,,,,,,,,,,,,,,,,,,,,,,,,,,,,,,,,,,,,,"
"Валик с бюгелем Rollingdog GLOSS-KING 230мм, поролон, арт.60157",Малярный и штукатурный инструмент>Валики малярные>Валики с ручкой,60157,391.22,"https://dlt.by/image/catalog/easyphoto/3281/valik-s-byugelem-rollingdog-gloss-king-230mm-porolon-art-60157-1.jpg,https://dlt.by/image/catalog/easyphoto/3281/valik-s-byugelem-rollingdog-gloss-king-230mm-porolon-art-60157-2.jpg,,,,,,,,,,,,,,,,,,,,,,,,,,,,,,,,,,,,,,,,,,,,"
"Валик с поворотным бюгелем Rollingdog PRO-ANGLE 230мм, ворс 9,5мм, микрофибра, арт.60174",Малярный и штукатурный инструмент>Валики малярные>Валики с ручкой,60174,391.22,"https://dlt.by/image/catalog/easyphoto/3282/valik-s-povorotnym-byugelem-rollingdog-pro-angle-230mm-vors-9-5mm-mikrofibra-art-60174-3.jpg,https://dlt.by/image/catalog/easyphoto/3282/valik-s-povorotnym-byugelem-rollingdog-pro-angle-230mm-vors-9-5mm-mikrofibra-art-60174-2.jpg,https://dlt.by/image/catalog/easyphoto/3282/valik-s-povorotnym-byugelem-rollingdog-pro-angle-230mm-vors-9-5mm-mikrofibra-art-60174-1.jpg,,,,,,,,,,,,,,,,,,,,,,,,,,,,,,,,,,,,,,,,,,,"
"Валик с поворотным бюгелем Rollingdog PRO-ANGLE 230мм, ворс 9,5мм, микрофибра, арт.60175",Малярный и штукатурный инструмент>Валики малярные>Валики с ручкой,60175,391.22,"https://dlt.by/image/catalog/easyphoto/3283/valik-s-povorotnym-byugelem-rollingdog-pro-angle-230mm-vors-9-5mm-mikrofibra-art-60175-1.jpg,https://dlt.by/image/catalog/easyphoto/3283/valik-s-povorotnym-byugelem-rollingdog-pro-angle-230mm-vors-9-5mm-mikrofibra-art-60175-2.jpg,,,,,,,,,,,,,,,,,,,,,,,,,,,,,,,,,,,,,,,,,,,,"
"Валик с бюгелем для углов Rollingdog CORNER MASTER 33мм, ворс 8мм, микрофибра, арт.60250",Малярный и штукатурный инструмент>Валики малярные>Валики с ручкой,60250,303.95,"https://dlt.by/image/catalog/easyphoto/3284/valik-s-byugelem-dlya-uglov-rollingdog-corner-master-33mm-vors-8mm-mikrofibra-art-60250-9.jpg,https://dlt.by/image/catalog/easyphoto/3284/valik-s-byugelem-dlya-uglov-rollingdog-corner-master-33mm-vors-8mm-mikrofibra-art-60250-10.jpg,https://dlt.by/image/catalog/easyphoto/3284/valik-s-byugelem-dlya-uglov-rollingdog-corner-master-33mm-vors-8mm-mikrofibra-art-60250-11.jpg,https://dlt.by/image/catalog/easyphoto/3284/valik-s-byugelem-dlya-uglov-rollingdog-corner-master-33mm-vors-8mm-mikrofibra-art-60250-12.jpg,https://dlt.by/image/catalog/easyphoto/3284/valik-s-byugelem-dlya-uglov-rollingdog-corner-master-33mm-vors-8mm-mikrofibra-art-60250-13.jpg,https://dlt.by/image/catalog/easyphoto/3284/valik-s-byugelem-dlya-uglov-rollingdog-corner-master-33mm-vors-8mm-mikrofibra-art-60250-14.jpg,https://dlt.by/image/catalog/easyphoto/3284/valik-s-byugelem-dlya-uglov-rollingdog-corner-master-33mm-vors-8mm-mikrofibra-art-60250-15.jpg,https://dlt.by/image/catalog/easyphoto/3284/valik-s-byugelem-dlya-uglov-rollingdog-corner-master-33mm-vors-8mm-mikrofibra-art-60250-16.jpg,https://dlt.by/image/catalog/easyphoto/3284/valik-s-povorotnym-byugelem-rollingdog-corner-master-33mm-vors-8mm-mikrofibra-art-60250-8.jpg,https://dlt.by/image/catalog/easyphoto/3284/valik-s-povorotnym-byugelem-rollingdog-corner-master-33mm-vors-8mm-mikrofibra-art-60250-1.jpg,https://dlt.by/image/catalog/easyphoto/3284/valik-s-povorotnym-byugelem-rollingdog-corner-master-33mm-vors-8mm-mikrofibra-art-60250-7.jpg,https://dlt.by/image/catalog/easyphoto/3284/valik-s-povorotnym-byugelem-rollingdog-corner-master-33mm-vors-8mm-mikrofibra-art-60250-3.jpg,https://dlt.by/image/catalog/easyphoto/3284/valik-s-povorotnym-byugelem-rollingdog-corner-master-33mm-vors-8mm-mikrofibra-art-60250-4.jpg,https://dlt.by/image/catalog/easyphoto/3284/valik-s-povorotnym-byugelem-rollingdog-corner-master-33mm-vors-8mm-mikrofibra-art-60250-5.jpg,https://dlt.by/image/catalog/easyphoto/3284/valik-s-povorotnym-byugelem-rollingdog-corner-master-33mm-vors-8mm-mikrofibra-art-60250-6.jpg,https://dlt.by/image/catalog/easyphoto/3284/valik-s-povorotnym-byugelem-rollingdog-corner-master-33mm-vors-8mm-mikrofibra-art-60250-2.jpg,,,,,,,,,,,,,,,,,,,,,,,,,,,,,,"
"Набор валиков с бюгелем Rollingdog 230мм, ворс 12мм, полиэстер, арт.60274",Малярный и штукатурный инструмент>Валики малярные>Наборы,60274,216.68,"https://dlt.by/image/catalog/easyphoto/3285/nabor-valikov-s-byugelem-rollingdog-230mm-vors-12mm-poliester-art-60274-2.jpg,https://dlt.by/image/catalog/easyphoto/3285/nabor-valikov-s-byugelem-rollingdog-230mm-vors-12mm-poliester-art-60274-3.jpg,,,,,,,,,,,,,,,,,,,,,,,,,,,,,,,,,,,,,,,,,,,,"
"Валик с бюгелем Rollingdog 63мм, ворс 12мм, полиэстер, арт.60288",Малярный и штукатурный инструмент>Валики малярные>Валики с ручкой,60288,391.22,"https://dlt.by/image/catalog/easyphoto/3286/valik-s-byugelem-rollingdog-63mm-vors-12mm-poliester-art-60288-1.jpg,https://dlt.by/image/catalog/easyphoto/3286/valik-s-byugelem-rollingdog-63mm-vors-12mm-poliester-art-60288-2.jpg,,,,,,,,,,,,,,,,,,,,,,,,,,,,,,,,,,,,,,,,,,,,"
"Валик с бюгелем Rollingdog BULL-TERRIER 100мм, ворс 4мм, полиамид, арт.60295",Малярный и штукатурный инструмент>Валики малярные>Валики с ручкой,60295,391.22,"https://dlt.by/image/catalog/easyphoto/3287/valik-s-byugelem-rollingdog-bull-terrier-100mm-vors-4mm-poliamid-art-60295-2.jpg,https://dlt.by/image/catalog/easyphoto/3287/valik-s-byugelem-rollingdog-bull-terrier-100mm-vors-4mm-poliamid-art-60295-1.jpg,,,,,,,,,,,,,,,,,,,,,,,,,,,,,,,,,,,,,,,,,,,,"
"Валик с бюгелем Rollingdog BULL-TERRIER 230мм, ворс 4мм, полиамид, арт.60297",Малярный и штукатурный инструмент>Валики малярные>Валики с ручкой,60297,391.22,"https://dlt.by/image/catalog/easyphoto/3288/valik-s-byugelem-rollingdog-bull-terrier-230mm-vors-4mm-poliamid-art-60297-1.jpg,https://dlt.by/image/catalog/easyphoto/3288/valik-s-byugelem-rollingdog-bull-terrier-230mm-vors-4mm-poliamid-art-60297-2.jpg,,,,,,,,,,,,,,,,,,,,,,,,,,,,,,,,,,,,,,,,,,,,"
"Набор валиков с бюгелем Rollingdog SUPER-MICRO 100мм, соединение защелка/конус, микрофибра, арт.60301",Малярный и штукатурный инструмент>Валики малярные>Наборы,60301,216.68,"https://dlt.by/image/catalog/easyphoto/3289/nabor-valikov-s-byugelem-rollingdog-super-micro-100mm-soedinenie-zashchelka-konus-mikrofibra-art-60301-3.jpg,https://dlt.by/image/catalog/easyphoto/3289/nabor-valikov-s-byugelem-rollingdog-super-micro-100mm-soedinenie-zashchelka-konus-mikrofibra-art-60301-2.jpg,https://dlt.by/image/catalog/easyphoto/3289/nabor-valikov-s-byugelem-rollingdog-super-micro-100mm-soedinenie-zashchelka-konus-mikrofibra-art-60301-1.jpg,,,,,,,,,,,,,,,,,,,,,,,,,,,,,,,,,,,,,,,,,,,"
"Набор валиков с бюгелем Rollingdog SUPER-MICRO 100мм, резьбовое соединение, микрофибра, арт.60302",Малярный и штукатурный инструмент>Валики малярные>Наборы,60302,216.68,"https://dlt.by/image/catalog/easyphoto/3290/nabor-valikov-s-byugelem-rollingdog-super-micro-100mm-rezbovoe-soedinenie-mikrofibra-art-60302-1.jpg,https://dlt.by/image/catalog/easyphoto/3290/nabor-valikov-s-byugelem-rollingdog-super-micro-100mm-rezbovoe-soedinenie-mikrofibra-art-60302-2.jpg,,,,,,,,,,,,,,,,,,,,,,,,,,,,,,,,,,,,,,,,,,,,"
"Набор валиков с бюгелем Rollingdog GLOSS-KING 100мм, соединение защелка/конус, поролон, арт.60303",Малярный и штукатурный инструмент>Валики малярные>Наборы,60303,421.32,"https://dlt.by/image/catalog/easyphoto/3291/nabor-valikov-s-byugelem-rollingdog-gloss-king-100mm-soedinenie-zashchelka-konus-porolon-art-60303-3.jpg,https://dlt.by/image/catalog/easyphoto/3291/nabor-valikov-s-byugelem-rollingdog-gloss-king-100mm-soedinenie-zashchelka-konus-porolon-art-60303-4.jpg,https://dlt.by/image/catalog/easyphoto/3291/nabor-valikov-s-byugelem-rollingdog-gloss-king-100mm-soedinenie-zashchelka-konus-porolon-art-60303-5.jpg,,,,,,,,,,,,,,,,,,,,,,,,,,,,,,,,,,,,,,,,,,,"
"Набор валиков с бюгелем Rollingdog GLOSS-KING 100мм, резьбовое соединение, поролон, арт.60304",Малярный и штукатурный инструмент>Валики малярные>Наборы,60304,216.68,"https://dlt.by/image/catalog/easyphoto/3292/nabor-valikov-s-byugelem-rollingdog-gloss-king-100mm-rezbovoe-soedinenie-porolon-art-60304-1.jpg,https://dlt.by/image/catalog/easyphoto/3292/nabor-valikov-s-byugelem-rollingdog-gloss-king-100mm-rezbovoe-soedinenie-porolon-art-60304-2.jpg,,,,,,,,,,,,,,,,,,,,,,,,,,,,,,,,,,,,,,,,,,,,"
"Набор малярный Rollingdog LINK-UP (13 предметов), серия Professional, арт.70231",Малярный и штукатурный инструмент>Малярные наборы,70231,1 745.47,"https://dlt.by/image/catalog/easyphoto/3293/nabor-malyarnyy-rollingdog-link-up-13-predmetov-seriya-professional-art-70231-2.jpg,https://dlt.by/image/catalog/easyphoto/3293/nabor-malyarnyy-rollingdog-link-up-13-predmetov-seriya-professional-art-70231-4.jpg,https://dlt.by/image/catalog/easyphoto/3293/nabor-malyarnyy-rollingdog-link-up-13-predmetov-seriya-professional-art-70231-5.jpg,https://dlt.by/image/catalog/easyphoto/3293/nabor-malyarnyy-rollingdog-link-up-13-predmetov-seriya-professional-art-70231-6.jpg,https://dlt.by/image/catalog/easyphoto/3293/nabor-malyarnyy-rollingdog-link-up-13-predmetov-seriya-professional-art-70231-7.jpg,https://dlt.by/image/catalog/easyphoto/3293/nabor-malyarnyy-rollingdog-link-up-13-predmetov-seriya-professional-art-70231-3.jpg,https://dlt.by/image/catalog/easyphoto/3293/nabor-malyarnyy-rollingdog-link-up-13-predmetov-seriya-professional-art-70231-1.jpg,,,,,,,,,,,,,,,,,,,,,,,,,,,,,,,,,,,,,,,"
"Набор малярный Rollingdog THE MOLOSSUS (4 предметов), резьбовое соединение, серия Elite, арт.70250",Малярный и штукатурный инструмент>Малярные наборы,70250,1 745.47,"https://dlt.by/image/catalog/easyphoto/3294/nabor-malyarnyy-rollingdog-the-molossus-4-predmetov-rezbovoe-soedinenie-seriya-elite-art-70250-1.jpg,https://dlt.by/image/catalog/easyphoto/3294/nabor-malyarnyy-rollingdog-the-molossus-4-predmetov-rezbovoe-soedinenie-seriya-elite-art-70250-2.jpg,https://dlt.by/image/catalog/easyphoto/3294/nabor-malyarnyy-rollingdog-the-molossus-4-predmetov-rezbovoe-soedinenie-seriya-elite-art-70250-3.jpg,https://dlt.by/image/catalog/easyphoto/3294/nabor-malyarnyy-rollingdog-the-molossus-4-predmetov-rezbovoe-soedinenie-seriya-elite-art-70250-4.png,,,,,,,,,,,,,,,,,,,,,,,,,,,,,,,,,,,,,,,,,,"
"Набор малярный Rollingdog THE MOLOSSUS (4 предметов), соединение защелка/конус, серия Elite, арт.70253",Малярный и штукатурный инструмент>Малярные наборы,70253,2 889.05,"https://dlt.by/image/catalog/easyphoto/3295/nabor-malyarnyy-rollingdog-the-molossus-4-predmetov-soedinenie-zashchelka-konus-seriya-elite-art-70253-5.jpg,https://dlt.by/image/catalog/easyphoto/3295/nabor-malyarnyy-rollingdog-the-molossus-4-predmetov-soedinenie-zashchelka-konus-seriya-elite-art-70253-6.jpg,,,,,,,,,,,,,,,,,,,,,,,,,,,,,,,,,,,,,,,,,,,,"
"Набор малярный Rollingdog THE MOLOSSUS (5 предметов), защелка/конус, серия Elite, арт.70254",Малярный и штукатурный инструмент>Малярные наборы,70254,3 972.44,"https://dlt.by/image/catalog/easyphoto/3296/nabor-malyarnyy-rollingdog-the-molossus-5-predmetov-zashchelka-konus-seriya-elite-art-70254-4.jpg,https://dlt.by/image/catalog/easyphoto/3296/nabor-malyarnyy-rollingdog-the-molossus-5-predmetov-zashchelka-konus-seriya-elite-art-70254-5.jpg,https://dlt.by/image/catalog/easyphoto/3296/nabor-malyarnyy-rollingdog-the-molossus-5-predmetov-zashchelka-konus-seriya-elite-art-70254-6.jpg,https://dlt.by/image/catalog/easyphoto/3296/nabor-malyarnyy-rollingdog-the-molossus-5-predmetov-zashchelka-konus-seriya-elite-art-70254-7.jpg,https://dlt.by/image/catalog/easyphoto/3296/nabor-malyarnyy-rollingdog-the-molossus-5-predmetov-zashchelka-konus-seriya-elite-art-70254-8.jpg,https://dlt.by/image/catalog/easyphoto/3296/nabor-malyarnyy-rollingdog-the-molossus-5-predmetov-zashchelka-konus-seriya-elite-art-70254-9.jpg,https://dlt.by/image/catalog/easyphoto/3296/nabor-malyarnyy-rollingdog-the-molossus-5-predmetov-zashchelka-konus-seriya-elite-art-70254-10.jpg,https://dlt.by/image/catalog/easyphoto/3296/nabor-malyarnyy-rollingdog-the-molossus-5-predmetov-zashchelka-konus-seriya-elite-art-70254-11.jpg,https://dlt.by/image/catalog/easyphoto/3296/nabor-malyarnyy-rollingdog-the-molossus-5-predmetov-zashchelka-konus-seriya-elite-art-70254-12.jpg,https://dlt.by/image/catalog/easyphoto/3296/nabor-malyarnyy-rollingdog-the-molossus-5-predmetov-zashchelka-konus-seriya-elite-art-70254-13.jpg,https://dlt.by/image/catalog/easyphoto/3296/nabor-malyarnyy-rollingdog-the-molossus-5-predmetov-zashchelka-konus-seriya-elite-art-70254-14.jpg,https://dlt.by/image/catalog/easyphoto/3296/nabor-malyarnyy-rollingdog-the-molossus-5-predmetov-zashchelka-konus-seriya-elite-art-70254-15.jpg,https://dlt.by/image/catalog/easyphoto/3296/nabor-malyarnyy-rollingdog-the-molossus-5-predmetov-soedinenie-zashchelka-konus-seriya-elite-art-70254-1.jpg,https://dlt.by/image/catalog/easyphoto/3296/nabor-malyarnyy-rollingdog-the-molossus-5-predmetov-soedinenie-zashchelka-konus-seriya-elite-art-70254-2.jpg,https://dlt.by/image/catalog/easyphoto/3296/nabor-malyarnyy-rollingdog-the-molossus-5-predmetov-soedinenie-zashchelka-konus-seriya-elite-art-70254-3.jpg,,,,,,,,,,,,,,,,,,,,,,,,,,,,,,,"
"Набор малярный Rollingdog THE MOLOSSUS (7 предметов), соединение защелка/конус, серия Elite, арт.70255",Малярный и штукатурный инструмент>Малярные наборы,70255,7 162.43,"https://dlt.by/image/catalog/easyphoto/3297/nabor-malyarnyy-rollingdog-the-molossus-7-predmetov-soedinenie-zashchelka-konus-seriya-elite-art-70255-3.jpg,https://dlt.by/image/catalog/easyphoto/3297/nabor-malyarnyy-rollingdog-the-molossus-7-predmetov-soedinenie-zashchelka-konus-seriya-elite-art-70255-4.jpg,,,,,,,,,,,,,,,,,,,,,,,,,,,,,,,,,,,,,,,,,,,,"
"Набор малярный Rollingdog (10 предмета), серия Standard, арт.70259",Малярный и штукатурный инструмент>Малярные наборы,70259,1 655.18,"https://dlt.by/image/catalog/easyphoto/3298/nabor-malyarnyy-rollingdog-10-predmeta-seriya-standard-art-70259-3.jpg,https://dlt.by/image/catalog/easyphoto/3298/nabor-malyarnyy-rollingdog-10-predmeta-seriya-standard-art-70259-4.jpg,https://dlt.by/image/catalog/easyphoto/3298/nabor-malyarnyy-rollingdog-10-predmeta-seriya-standard-art-70259-5.jpg,https://dlt.by/image/catalog/easyphoto/3298/nabor-malyarnyy-rollingdog-10-predmeta-seriya-standard-art-70259-6.jpg,https://dlt.by/image/catalog/easyphoto/3298/nabor-malyarnyy-rollingdog-10-predmeta-seriya-standard-art-70259-7.jpg,,,,,,,,,,,,,,,,,,,,,,,,,,,,,,,,,,,,,,,,,"
"Набор малярный Rollingdog (4 предмета), серия Standard, арт.70262",Малярный и штукатурный инструмент>Малярные наборы,70262,481.51,"https://dlt.by/image/catalog/easyphoto/3299/nabor-malyarnyy-rollingdog-4-predmeta-seriya-standard-art-70262-3.jpg,https://dlt.by/image/catalog/easyphoto/3299/nabor-malyarnyy-rollingdog-4-predmeta-seriya-standard-art-70262-4.jpg,https://dlt.by/image/catalog/easyphoto/3299/nabor-malyarnyy-rollingdog-4-predmeta-seriya-standard-art-70262-5.jpg,https://dlt.by/image/catalog/easyphoto/3299/nabor-malyarnyy-rollingdog-4-predmeta-seriya-standard-art-70262-6.jpg,https://dlt.by/image/catalog/easyphoto/3299/nabor-malyarnyy-rollingdog-4-predmeta-seriya-standard-art-70262-7.jpg,https://dlt.by/image/catalog/easyphoto/3299/nabor-malyarnyy-rollingdog-4-predmeta-seriya-standard-art-70262-8.jpg,https://dlt.by/image/catalog/easyphoto/3299/nabor-malyarnyy-rollingdog-4-predmeta-seriya-standard-art-70262-9.jpg,https://dlt.by/image/catalog/easyphoto/3299/nabor-malyarnyy-rollingdog-4-predmeta-seriya-standard-art-70262-10.jpg,,,,,,,,,,,,,,,,,,,,,,,,,,,,,,,,,,,,,,"
"Набор малярный Rollingdog THE MOLOSSUS (6 предметов), резьба, серия Elite, арт.70276",Малярный и штукатурный инструмент>Малярные наборы,70276,2 497.82,"https://dlt.by/image/catalog/easyphoto/3300/nabor-malyarnyy-rollingdog-the-molossus-6-predmetov-rezba-seriya-elite-art-70276-11.jpg,https://dlt.by/image/catalog/easyphoto/3300/nabor-malyarnyy-rollingdog-the-molossus-6-predmetov-rezba-seriya-elite-art-70276-12.jpg,https://dlt.by/image/catalog/easyphoto/3300/nabor-malyarnyy-rollingdog-the-molossus-6-predmetov-rezba-seriya-elite-art-70276-13.jpg,https://dlt.by/image/catalog/easyphoto/3300/nabor-malyarnyy-rollingdog-the-molossus-6-predmetov-rezba-seriya-elite-art-70276-14.jpg,https://dlt.by/image/catalog/easyphoto/3300/nabor-malyarnyy-rollingdog-the-molossus-6-predmetov-rezba-seriya-elite-art-70276-15.jpg,https://dlt.by/image/catalog/easyphoto/3300/nabor-malyarnyy-rollingdog-the-molossus-6-predmetov-rezba-seriya-elite-art-70276-16.jpg,https://dlt.by/image/catalog/easyphoto/3300/nabor-malyarnyy-rollingdog-the-molossus-6-predmetov-rezba-seriya-elite-art-70276-17.jpg,https://dlt.by/image/catalog/easyphoto/3300/nabor-malyarnyy-rollingdog-the-molossus-6-predmetov-rezba-seriya-elite-art-70276-18.jpg,https://dlt.by/image/catalog/easyphoto/3300/nabor-malyarnyy-rollingdog-the-molossus-6-predmetov-rezba-seriya-elite-art-70276-19.jpg,https://dlt.by/image/catalog/easyphoto/3300/nabor-malyarnyy-rollingdog-the-molossus-6-predmetov-rezba-seriya-elite-art-70276-20.jpg,https://dlt.by/image/catalog/easyphoto/3300/nabor-malyarnyy-rollingdog-the-molossus-6-predmetov-rezba-seriya-elite-art-70276-21.jpg,https://dlt.by/image/catalog/easyphoto/3300/nabor-malyarnyy-rollingdog-the-molossus-6-predmetov-rezba-seriya-elite-art-70276-22.jpg,https://dlt.by/image/catalog/easyphoto/3300/nabor-malyarnyy-rollingdog-the-molossus-6-predmetov-rezba-seriya-elite-art-70276-23.jpg,https://dlt.by/image/catalog/easyphoto/3300/nabor-malyarnyy-rollingdog-the-molossus-6-predmetov-rezba-seriya-elite-art-70276-24.jpg,https://dlt.by/image/catalog/easyphoto/3300/nabor-malyarnyy-rollingdog-6-predmetov-seriya-elite-art-70276-1.jpg,https://dlt.by/image/catalog/easyphoto/3300/nabor-malyarnyy-rollingdog-6-predmetov-seriya-elite-art-70276-2.jpg,https://dlt.by/image/catalog/easyphoto/3300/nabor-malyarnyy-rollingdog-6-predmetov-seriya-elite-art-70276-5.jpg,https://dlt.by/image/catalog/easyphoto/3300/nabor-malyarnyy-rollingdog-6-predmetov-seriya-elite-art-70276-6.jpg,https://dlt.by/image/catalog/easyphoto/3300/nabor-malyarnyy-rollingdog-6-predmetov-seriya-elite-art-70276-7.jpg,https://dlt.by/image/catalog/easyphoto/3300/nabor-malyarnyy-rollingdog-6-predmetov-seriya-elite-art-70276-3.jpg,https://dlt.by/image/catalog/easyphoto/3300/nabor-malyarnyy-rollingdog-6-predmetov-seriya-elite-art-70276-8.jpg,https://dlt.by/image/catalog/easyphoto/3300/nabor-malyarnyy-rollingdog-6-predmetov-seriya-elite-art-70276-9.jpg,https://dlt.by/image/catalog/easyphoto/3300/nabor-malyarnyy-rollingdog-6-predmetov-seriya-elite-art-70276-10.jpg,,,,,,,,,,,,,,,,,,,,,,,"
"Набор валиков с бюгелем Rollingdog GLOSS-KING 100мм, соединение защелка/конус, поролон, арт.70277",Малярный и штукатурный инструмент>Валики малярные>Наборы,70277,216.68,"https://dlt.by/image/catalog/easyphoto/3301/nabor-valikov-s-byugelem-rollingdog-gloss-king-100mm-soedinenie-zashchelka-konus-porolon-art-70277-1.jpg,https://dlt.by/image/catalog/easyphoto/3301/nabor-valikov-s-byugelem-rollingdog-gloss-king-100mm-soedinenie-zashchelka-konus-porolon-art-70277-2.jpg,,,,,,,,,,,,,,,,,,,,,,,,,,,,,,,,,,,,,,,,,,,,"
"Набор валиков с бюгелем Rollingdog GLOSS-KING 100 мм, 4 шт, поролон, резьба, арт.70278",Малярный и штукатурный инструмент>Валики малярные>Наборы,70278,631.98,"https://dlt.by/image/catalog/easyphoto/3302/nabor-valikov-s-byugelem-rollingdog-gloss-king-100-mm-4-sht-porolon-rezba-art-70278-9.jpg,https://dlt.by/image/catalog/easyphoto/3302/nabor-valikov-s-byugelem-rollingdog-gloss-king-100-mm-4-sht-porolon-rezba-art-70278-10.jpg,https://dlt.by/image/catalog/easyphoto/3302/nabor-valikov-s-byugelem-rollingdog-gloss-king-100-mm-4-sht-porolon-rezba-art-70278-11.jpg,https://dlt.by/image/catalog/easyphoto/3302/nabor-valikov-s-byugelem-rollingdog-gloss-king-100-mm-4-sht-porolon-rezba-art-70278-12.jpg,https://dlt.by/image/catalog/easyphoto/3302/nabor-valikov-s-byugelem-rollingdog-gloss-king-100-mm-4-sht-porolon-rezba-art-70278-13.jpg,https://dlt.by/image/catalog/easyphoto/3302/nabor-valikov-s-byugelem-rollingdog-gloss-king-100mm-rezbovoe-soedinenie-porolon-art-70278-1.jpg,https://dlt.by/image/catalog/easyphoto/3302/nabor-valikov-s-byugelem-rollingdog-gloss-king-100mm-rezbovoe-soedinenie-porolon-art-70278-2.jpg,https://dlt.by/image/catalog/easyphoto/3302/nabor-valikov-s-byugelem-rollingdog-gloss-king-100mm-rezbovoe-soedinenie-porolon-art-70278-3.jpg,https://dlt.by/image/catalog/easyphoto/3302/nabor-valikov-s-byugelem-rollingdog-gloss-king-100mm-rezbovoe-soedinenie-porolon-art-70278-4.jpg,https://dlt.by/image/catalog/easyphoto/3302/nabor-valikov-s-byugelem-rollingdog-gloss-king-100mm-rezbovoe-soedinenie-porolon-art-70278-5.jpg,https://dlt.by/image/catalog/easyphoto/3302/nabor-valikov-s-byugelem-rollingdog-gloss-king-100mm-rezbovoe-soedinenie-porolon-art-70278-6.jpg,https://dlt.by/image/catalog/easyphoto/3302/nabor-valikov-s-byugelem-rollingdog-gloss-king-100mm-rezbovoe-soedinenie-porolon-art-70278-7.jpg,https://dlt.by/image/catalog/easyphoto/3302/nabor-valikov-s-byugelem-rollingdog-gloss-king-100mm-rezbovoe-soedinenie-porolon-art-70278-8.jpg,,,,,,,,,,,,,,,,,,,,,,,,,,,,,,,,,"
"Укрывное полотно Rollingdog SURE-GUARD 55 г/м², 152x305 см, арт.80001",Малярный и штукатурный инструмент>Пленки укрывные,80001,367.15,"https://dlt.by/image/catalog/easyphoto/3303/ukryvnoe-polotno-rollingdog-sure-guard-55-g-m-152x305-sm-art-80001-5.jpg,https://dlt.by/image/catalog/easyphoto/3303/ukryvnoe-polotno-rollingdog-sure-guard-55-g-m-152x305-sm-art-80001-6.jpg,https://dlt.by/image/catalog/easyphoto/3303/ukryvnoe-polotno-rollingdog-sure-guard-55-g-m-152x305-sm-art-80001-7.jpg,https://dlt.by/image/catalog/easyphoto/3303/ukryvnoe-polotno-rollingdog-sure-guard-305x152sm-art-80001-2.jpg,https://dlt.by/image/catalog/easyphoto/3303/ukryvnoe-polotno-rollingdog-sure-guard-305x152sm-art-80001-4.jpg,https://dlt.by/image/catalog/easyphoto/3303/ukryvnoe-polotno-rollingdog-sure-guard-305x152sm-art-80001-1.jpg,https://dlt.by/image/catalog/easyphoto/3303/ukryvnoe-polotno-rollingdog-sure-guard-305x152sm-art-80001-3.jpg,,,,,,,,,,,,,,,,,,,,,,,,,,,,,,,,,,,,,,,"
"Укрывное полотно на малярной ленте PAINTERS-SHIELD 8 мкм, 110см х 33м, арт.80349",Малярный и штукатурный инструмент>Пленки укрывные,80349,367.15,"https://dlt.by/image/catalog/easyphoto/3312/ukryvnoe-polotno-na-malyarnoy-lente-painters-shield-8-mkm-110sm-h-33m-art-80349-3.jpg,https://dlt.by/image/catalog/easyphoto/3312/ukryvnoe-polotno-na-malyarnoy-lente-painters-shield-8-mkm-110sm-h-33m-art-80349-4.jpg,https://dlt.by/image/catalog/easyphoto/3312/ukryvnoe-polotno-na-malyarnoy-lente-painters-shield-8-mkm-110sm-h-33m-art-80349-5.jpg,https://dlt.by/image/catalog/easyphoto/3312/ukryvnoe-polotno-na-malyarnoy-lente-rollingdog-painters-shield-33m-h-110sm-art-80349-1.jpg,https://dlt.by/image/catalog/easyphoto/3312/ukryvnoe-polotno-na-malyarnoy-lente-rollingdog-painters-shield-33m-h-110sm-art-80349-2.jpg,,,,,,,,,,,,,,,,,,,,,,,,,,,,,,,,,,,,,,,,,"
"Набор наждачной бумаги Rollingdog, 6шт, 230х280мм, Р360, арт.80035",Бренды>Малярный инструмент ROLLINGDOG,80035,306.96,"https://dlt.by/image/catalog/easyphoto/3304/nabor-nazhdachnoy-bumagi-rollingdog-6sht-230h280mm-r360-art-80035-1.jpg,,,,,,,,,,,,,,,,,,,,,,,,,,,,,,,,,,,,,,,,,,,,,"
"Набор наждачной бумаги Rollingdog, 6шт, 230х280мм, Р80, арт.80075",Бренды>Малярный инструмент ROLLINGDOG,80075,306.96,"https://dlt.by/image/catalog/easyphoto/3305/nabor-nazhdachnoy-bumagi-rollingdog-6sht-230h280mm-r80-art-80075-1.jpg,,,,,,,,,,,,,,,,,,,,,,,,,,,,,,,,,,,,,,,,,,,,,"
"Набор наждачной бумаги Rollingdog, 6шт, 230х280мм, Р120, арт.80076",Бренды>Малярный инструмент ROLLINGDOG,80076,306.96,"https://dlt.by/image/catalog/easyphoto/3306/nabor-nazhdachnoy-bumagi-rollingdog-6sht-230h280mm-r120-art-80076-1.jpg,,,,,,,,,,,,,,,,,,,,,,,,,,,,,,,,,,,,,,,,,,,,,"
"Набор наждачной бумаги Rollingdog, 6шт, 230х280мм, Р180, арт.80077",Малярный и штукатурный инструмент>Абразивные материалы>Шлифовальные листы,80077,306.96,"https://dlt.by/image/catalog/easyphoto/3307/nabor-nazhdachnoy-bumagi-rollingdog-6sht-230h280mm-r180-art-80077-1.jpg,,,,,,,,,,,,,,,,,,,,,,,,,,,,,,,,,,,,,,,,,,,,,"
"Набор наждачной бумаги Rollingdog, 6шт, 230х280мм, Р240, арт.80078",Бренды>Малярный инструмент ROLLINGDOG,80078,306.96,"https://dlt.by/image/catalog/easyphoto/3308/nabor-nazhdachnoy-bumagi-rollingdog-6sht-230h280mm-r240-art-80078-1.jpg,,,,,,,,,,,,,,,,,,,,,,,,,,,,,,,,,,,,,,,,,,,,,"
"Набор наждачной бумаги Rollingdog, 6шт, 230х280мм, Р80-P360, арт.80079",Бренды>Малярный инструмент ROLLINGDOG,80079,306.96,"https://dlt.by/image/catalog/easyphoto/3309/nabor-nazhdachnoy-bumagi-rollingdog-6sht-230h280mm-r80-p360-art-80079-1.jpg,,,,,,,,,,,,,,,,,,,,,,,,,,,,,,,,,,,,,,,,,,,,,"
"Защитный кейс для малярных кистей Rollingdog 100мм, арт.80343",Малярный и штукатурный инструмент>Кисти малярные>Аксессуары,80343,216.68,"https://dlt.by/image/catalog/easyphoto/3310/zashchitnyy-keys-dlya-malyarnyh-kistey-rollingdog-100mm-art-80343-1.jpg,,,,,,,,,,,,,,,,,,,,,,,,,,,,,,,,,,,,,,,,,,,,,"
"Укрывное полотно на малярной ленте с диспенсером Rollingdog 8мкм, 110см х 30м, арт.80500 ",Малярный и штукатурный инструмент>Пленки укрывные,80500,541.70,"https://dlt.by/image/catalog/easyphoto/3313/ukryvnoe-polotno-na-malyarnoy-lente-s-dispenserom-rollingdog-8mkm-110sm-h-30m-art-80500-3.jpg,https://dlt.by/image/catalog/easyphoto/3313/ukryvnoe-polotno-na-malyarnoy-lente-s-dispenserom-rollingdog-8mkm-110sm-h-30m-art-80500-4.jpg,https://dlt.by/image/catalog/easyphoto/3313/ukryvnoe-polotno-na-malyarnoy-lente-s-dispenserom-rollingdog-8mkm-110sm-h-30m-art-80500-5.jpg,https://dlt.by/image/catalog/easyphoto/3313/ukryvnoe-polotno-na-malyarnoy-lente-s-dispenserom-rollingdog-8mkm-110sm-h-30m-art-80500-6.jpg,https://dlt.by/image/catalog/easyphoto/3313/ukryvnoe-polotno-na-malyarnoy-lente-s-dispenserom-rollingdog-30m-x-110sm-art-80500-1.jpg,https://dlt.by/image/catalog/easyphoto/3313/ukryvnoe-polotno-na-malyarnoy-lente-s-dispenserom-rollingdog-30m-x-110sm-art-80500-2.jpg,,,,,,,,,,,,,,,,,,,,,,,,,,,,,,,,,,,,,,,,"
"Укрывное полотно на малярной ленте Rollingdog DUCT-SHIELD 8мкм, 240см х 15м, арт.80505",Малярный и штукатурный инструмент>Пленки укрывные,80505,481.51,"https://dlt.by/image/catalog/easyphoto/3314/ukryvnoe-polotno-na-malyarnoy-lente-rollingdog-duct-shield-8mkm-240sm-h-15m-art-80505-3.jpg,https://dlt.by/image/catalog/easyphoto/3314/ukryvnoe-polotno-na-malyarnoy-lente-rollingdog-duct-shield-8mkm-240sm-h-15m-art-80505-4.jpg,https://dlt.by/image/catalog/easyphoto/3314/ukryvnoe-polotno-na-malyarnoy-lente-rollingdog-duct-shield-8mkm-240sm-h-15m-art-80505-5.jpg,https://dlt.by/image/catalog/easyphoto/3314/ukryvnoe-polotno-na-malyarnoy-lente-rollingdog-duct-shield-15m-x-240sm-art-80505-2.jpg,https://dlt.by/image/catalog/easyphoto/3314/ukryvnoe-polotno-na-malyarnoy-lente-rollingdog-duct-shield-15m-x-240sm-art-80505-1.jpg,,,,,,,,,,,,,,,,,,,,,,,,,,,,,,,,,,,,,,,,,"
"Укрывное полотно на малярной ленте Rollingdog DUCT-SHIELD 8мкм, 110см x 15м, арт.80507",Малярный и штукатурный инструмент>Пленки укрывные,80507,337.06,"https://dlt.by/image/catalog/easyphoto/3315/ukryvnoe-polotno-na-malyarnoy-lente-rollingdog-duct-shield-8mkm-110sm-x-15m-art-80507-3.jpg,https://dlt.by/image/catalog/easyphoto/3315/ukryvnoe-polotno-na-malyarnoy-lente-rollingdog-duct-shield-8mkm-110sm-x-15m-art-80507-4.jpg,https://dlt.by/image/catalog/easyphoto/3315/ukryvnoe-polotno-na-malyarnoy-lente-rollingdog-duct-shield-8mkm-110sm-x-15m-art-80507-5.jpg,https://dlt.by/image/catalog/easyphoto/3315/ukryvnoe-polotno-na-malyarnoy-lente-rollingdog-duct-shield-15m-x-110sm-art-80507-2.jpg,https://dlt.by/image/catalog/easyphoto/3315/ukryvnoe-polotno-na-malyarnoy-lente-rollingdog-duct-shield-15m-x-110sm-art-80507-1.jpg,,,,,,,,,,,,,,,,,,,,,,,,,,,,,,,,,,,,,,,,,"
"Укрывное полотно на малярной ленте Rollingdog WASHI-SHIELD 8мкм, 55см х 30м, арт.80510 ",Малярный и штукатурный инструмент>Пленки укрывные,80510,276.87,"https://dlt.by/image/catalog/easyphoto/3316/ukryvnoe-polotno-na-malyarnoy-lente-rollingdog-washi-shield-8mkm-55sm-h-30m-art-80510-3.jpg,https://dlt.by/image/catalog/easyphoto/3316/ukryvnoe-polotno-na-malyarnoy-lente-rollingdog-washi-shield-8mkm-55sm-h-30m-art-80510-5.jpg,https://dlt.by/image/catalog/easyphoto/3316/ukryvnoe-polotno-na-malyarnoy-lente-rollingdog-washi-shield-8mkm-55sm-h-30m-art-80510-4.jpg,https://dlt.by/image/catalog/easyphoto/3316/ukryvnoe-polotno-na-malyarnoy-lente-rollingdog-washi-shield-30m-x-55sm-art-80510-2.jpg,https://dlt.by/image/catalog/easyphoto/3316/ukryvnoe-polotno-na-malyarnoy-lente-rollingdog-washi-shield-30m-x-55sm-art-80510-1.jpg,,,,,,,,,,,,,,,,,,,,,,,,,,,,,,,,,,,,,,,,,"
"Застежка-молния для защитной двери против пыли Rollingdog 400 см, серия Professional, арт.80561",Малярный и штукатурный инструмент>Двери временные для малярных работ,80561,662.07,"https://dlt.by/image/catalog/easyphoto/3317/zastezhka-molniya-dlya-zashchitnoy-dveri-protiv-pyli-rollingdog-400-sm-seriya-professional-art-80561-3.jpg,https://dlt.by/image/catalog/easyphoto/3317/zastezhka-molniya-dlya-zashchitnoy-dveri-protiv-pyli-rollingdog-400-sm-seriya-professional-art-80561-4.jpg,https://dlt.by/image/catalog/easyphoto/3317/zastezhka-molniya-dlya-zashchitnoy-dveri-protiv-pyli-rollingdog-400-sm-seriya-professional-art-80561-5.jpg,https://dlt.by/image/catalog/easyphoto/3317/zastezhka-molniya-dlya-zashchitnoy-dveri-protiv-pyli-rollingdog-400-sm-seriya-professional-art-80561-6.jpg,https://dlt.by/image/catalog/easyphoto/3317/dver-zashchitnaya-mnogorazovaya-na-molnii-protiv-pyli-rollingdog-400sm-art-80561-2.jpg,https://dlt.by/image/catalog/easyphoto/3317/dver-zashchitnaya-mnogorazovaya-na-molnii-protiv-pyli-rollingdog-400sm-art-80561-1.jpg,,,,,,,,,,,,,,,,,,,,,,,,,,,,,,,,,,,,,,,,"
"Застежка-молния для защитной двери против пыли Rollingdog 215 см, серия Professional, арт.80562",Малярный и штукатурный инструмент>Двери временные для малярных работ,80562,421.32,"https://dlt.by/image/catalog/easyphoto/3318/zastezhka-molniya-dlya-zashchitnoy-dveri-protiv-pyli-rollingdog-215-sm-seriya-professional-art-80562-3.jpg,https://dlt.by/image/catalog/easyphoto/3318/zastezhka-molniya-dlya-zashchitnoy-dveri-protiv-pyli-rollingdog-215-sm-seriya-professional-art-80562-4.jpg,https://dlt.by/image/catalog/easyphoto/3318/zastezhka-molniya-dlya-zashchitnoy-dveri-protiv-pyli-rollingdog-215-sm-seriya-professional-art-80562-5.jpg,https://dlt.by/image/catalog/easyphoto/3318/zastezhka-molniya-dlya-zashchitnoy-dveri-protiv-pyli-rollingdog-215-sm-seriya-professional-art-80562-6.jpg,https://dlt.by/image/catalog/easyphoto/3318/dver-zashchitnaya-mnogorazovaya-na-molnii-protiv-pyli-rollingdog-215sm-art-80562-2.jpg,https://dlt.by/image/catalog/easyphoto/3318/dver-zashchitnaya-mnogorazovaya-na-molnii-protiv-pyli-rollingdog-215sm-art-80562-1.jpg,,,,,,,,,,,,,,,,,,,,,,,,,,,,,,,,,,,,,,,,"
"Скребок Rollingdog 100мм, серия Professional, арт.80780",Малярный и штукатурный инструмент>Скребки малярные,80780,355.11,"https://dlt.by/image/catalog/easyphoto/3319/skrebok-rollingdog-100mm-seriya-professional-art-80780-3.jpg,https://dlt.by/image/catalog/easyphoto/3319/skrebok-rollingdog-100mm-seriya-professional-art-80780-4.jpg,https://dlt.by/image/catalog/easyphoto/3319/skrebok-rollingdog-100mm-seriya-professional-art-80780-5.jpg,https://dlt.by/image/catalog/easyphoto/3319/skrebok-rollingdog-100mm-seriya-professional-art-80780-6.jpg,https://dlt.by/image/catalog/easyphoto/3319/skrebok-rollingdog-100mm-seriya-professional-art-80780-7.jpg,https://dlt.by/image/catalog/easyphoto/3319/skrebok-rollingdog-100mm-seriya-professional-art-80780-8.jpg,https://dlt.by/image/catalog/easyphoto/3319/skrebok-rollingdog-100mm-seriya-professional-art-80780-9.jpg,https://dlt.by/image/catalog/easyphoto/3319/skrebok-rollingdog-100mm-seriya-professional-art-80780-10.jpg,https://dlt.by/image/catalog/easyphoto/3319/skrebok-rollingdog-seriya-professional-art-80780-2.jpg,https://dlt.by/image/catalog/easyphoto/3319/skrebok-rollingdog-seriya-professional-art-80780-1.jpg,,,,,,,,,,,,,,,,,,,,,,,,,,,,,,,,,,,,"
"Скребок с длинной рукояткой Rollingdog 100мм, серия Professional, арт.80781",Малярный и штукатурный инструмент>Скребки малярные,80781,394.23,"https://dlt.by/image/catalog/easyphoto/3320/skrebok-s-dlinnoy-rukoyatkoy-rollingdog-100mm-seriya-professional-art-80781-7.jpg,https://dlt.by/image/catalog/easyphoto/3320/skrebok-s-dlinnoy-rukoyatkoy-rollingdog-100mm-seriya-professional-art-80781-8.jpg,https://dlt.by/image/catalog/easyphoto/3320/skrebok-s-dlinnoy-rukoyatkoy-rollingdog-100mm-seriya-professional-art-80781-9.jpg,https://dlt.by/image/catalog/easyphoto/3320/skrebok-s-dlinnoy-rukoyatkoy-rollingdog-100mm-seriya-professional-art-80781-10.jpg,https://dlt.by/image/catalog/easyphoto/3320/skrebok-s-dlinnoy-rukoyatkoy-rollingdog-100mm-seriya-professional-art-80781-11.jpg,https://dlt.by/image/catalog/easyphoto/3320/skrebok-s-dlinnoy-rukoyatkoy-rollingdog-100mm-seriya-professional-art-80781-12.jpg,https://dlt.by/image/catalog/easyphoto/3320/skrebok-s-dlinnoy-rukoyatkoy-rollingdog-100mm-seriya-professional-art-80781-13.jpg,https://dlt.by/image/catalog/easyphoto/3320/skrebok-s-dlinnoy-rukoyatkoy-rollingdog-100mm-seriya-professional-art-80781-14.jpg,https://dlt.by/image/catalog/easyphoto/3320/skrebok-s-dlinnoy-rukoyatkoy-rollingdog-seriya-professional-art-80781-6.jpg,https://dlt.by/image/catalog/easyphoto/3320/skrebok-s-dlinnoy-rukoyatkoy-rollingdog-seriya-professional-art-80781-2.jpg,https://dlt.by/image/catalog/easyphoto/3320/skrebok-s-dlinnoy-rukoyatkoy-rollingdog-seriya-professional-art-80781-3.jpg,https://dlt.by/image/catalog/easyphoto/3320/skrebok-s-dlinnoy-rukoyatkoy-rollingdog-seriya-professional-art-80781-4.jpg,,,,,,,,,,,,,,,,,,,,,,,,,,,,,,,,,,"
"Диспенсер для малярной ленты шириной 48мм Rollingdog SAFE-GUARD, арт.80783",Бренды>Малярный инструмент ROLLINGDOG,80783,391.22,"https://dlt.by/image/catalog/easyphoto/3322/dispenser-dlya-malyarnoy-lenty-shirinoy-48mm-rollingdog-safe-guard-art-80783-4.jpg,https://dlt.by/image/catalog/easyphoto/3322/dispenser-dlya-malyarnoy-lenty-shirinoy-48mm-rollingdog-safe-guard-art-80783-5.jpg,https://dlt.by/image/catalog/easyphoto/3322/dispenser-dlya-malyarnoy-lenty-shirinoy-48mm-rollingdog-safe-guard-art-80783-8.jpg,https://dlt.by/image/catalog/easyphoto/3322/dispenser-dlya-malyarnoy-lenty-shirinoy-48mm-rollingdog-safe-guard-art-80783-6.jpg,https://dlt.by/image/catalog/easyphoto/3322/dispenser-dlya-malyarnoy-lenty-shirinoy-48mm-rollingdog-safe-guard-art-80783-7.jpg,https://dlt.by/image/catalog/easyphoto/3322/dispenser-malyarnoy-lenty-rollingdog-safe-guard-48mm-h-50m-art-80783-1.jpg,https://dlt.by/image/catalog/easyphoto/3322/dispenser-malyarnoy-lenty-rollingdog-safe-guard-48mm-h-50m-art-80783-2.jpg,https://dlt.by/image/catalog/easyphoto/3322/dispenser-malyarnoy-lenty-rollingdog-safe-guard-48mm-h-50m-art-80783-3.jpg,,,,,,,,,,,,,,,,,,,,,,,,,,,,,,,,,,,,,,"
"Малярная лента Rollingdog WASHI-SHIELD 24мм x 18м (набор 6шт.), арт.80860",Бренды>Малярный инструмент ROLLINGDOG,80860,541.70,"https://dlt.by/image/catalog/easyphoto/3324/malyarnaya-lenta-rollingdog-washi-shield-24mm-x-18m-nabor-6sht-art-80860-2.jpg,https://dlt.by/image/catalog/easyphoto/3324/malyarnaya-lenta-rollingdog-washi-shield-24mm-x-18m-nabor-6sht-art-80860-3.jpg,https://dlt.by/image/catalog/easyphoto/3324/malyarnaya-lenta-rollingdog-washi-shield-24mm-x-18m-nabor-6sht-art-80860-4.jpg,https://dlt.by/image/catalog/easyphoto/3324/nabor-malyarnyh-lent-rollingdog-washi-shield-24mm-x-18m-6sht-art-80860-1.jpg,,,,,,,,,,,,,,,,,,,,,,,,,,,,,,,,,,,,,,,,,,"
"Укрывное полотно Rollingdog CANVAS GUARD 183см x 274см, арт.80874",Малярный и штукатурный инструмент>Пленки укрывные,80874,601.88,"https://dlt.by/image/catalog/easyphoto/3325/ukryvnoe-polotno-rollingdog-canvas-guard-183sm-x-274sm-art-80874-1.jpg,https://dlt.by/image/catalog/easyphoto/3325/ukryvnoe-polotno-rollingdog-canvas-guard-183sm-x-274sm-art-80874-2.jpg,https://dlt.by/image/catalog/easyphoto/3325/ukryvnoe-polotno-rollingdog-canvas-guard-183sm-x-274sm-art-80874-3.jpg,https://dlt.by/image/catalog/easyphoto/3325/ukryvnoe-polotno-rollingdog-canvas-guard-183sm-x-274sm-art-80874-4.jpg,,,,,,,,,,,,,,,,,,,,,,,,,,,,,,,,,,,,,,,,,,"
"Диспенсер для малярной ленты шириной 24мм Rollingdog SAFE-GUARD, арт.80937",Бренды>Малярный инструмент ROLLINGDOG,80937,337.06,"https://dlt.by/image/catalog/easyphoto/3326/dispenser-dlya-malyarnoy-lenty-shirinoy-24mm-rollingdog-safe-guard-art-80937-4.jpg,https://dlt.by/image/catalog/easyphoto/3326/dispenser-dlya-malyarnoy-lenty-shirinoy-24mm-rollingdog-safe-guard-art-80937-5.jpg,https://dlt.by/image/catalog/easyphoto/3326/dispenser-dlya-malyarnoy-lenty-shirinoy-24mm-rollingdog-safe-guard-art-80937-6.jpg,https://dlt.by/image/catalog/easyphoto/3326/dispenser-dlya-malyarnoy-lenty-shirinoy-24mm-rollingdog-safe-guard-art-80937-7.jpg,https://dlt.by/image/catalog/easyphoto/3326/dispenser-dlya-malyarnoy-lenty-shirinoy-24mm-rollingdog-safe-guard-art-80937-8.jpg,https://dlt.by/image/catalog/easyphoto/3326/dispenser-malyarnoy-lenty-rollingdog-safe-guard-24mm-h-50m-art-80937-2.jpg,https://dlt.by/image/catalog/easyphoto/3326/dispenser-malyarnoy-lenty-rollingdog-safe-guard-24mm-h-50m-art-80937-1.jpg,https://dlt.by/image/catalog/easyphoto/3326/dispenser-malyarnoy-lenty-rollingdog-safe-guard-24mm-h-50m-art-80937-3.jpg,,,,,,,,,,,,,,,,,,,,,,,,,,,,,,,,,,,,,,"
"Укрывное полотно Rollingdog NW-GUARD 122см x 244см, арт.81060",Малярный и штукатурный инструмент>Пленки укрывные,81060,601.88,"https://dlt.by/image/catalog/easyphoto/3327/ukryvnoe-polotno-rollingdog-nw-guard-122sm-x-244sm-art-81060-1.jpg,,,,,,,,,,,,,,,,,,,,,,,,,,,,,,,,,,,,,,,,,,,,,"
"Сквидж Rollingdog 46 см, резьба, арт.81372",Инструмент для укладки плитки>Сквиджи,81372,541.70,"https://dlt.by/image/catalog/easyphoto/3328/skvidzh-rollingdog-46-sm-rezba-art-81372-5.jpg,https://dlt.by/image/catalog/easyphoto/3328/skvidzh-rollingdog-46-sm-rezba-art-81372-6.jpg,https://dlt.by/image/catalog/easyphoto/3328/skvidzh-rollingdog-46-sm-rezba-art-81372-7.jpg,https://dlt.by/image/catalog/easyphoto/3328/skvidzh-rollingdog-46-sm-rezba-art-81372-8.jpg,https://dlt.by/image/catalog/easyphoto/3328/skvidzh-rollingdog-46-sm-rezba-art-81372-9.jpg,https://dlt.by/image/catalog/easyphoto/3328/skvidzh-rollingdog-46-sm-rezba-art-81372-10.jpg,https://dlt.by/image/catalog/easyphoto/3328/skvidzh-rollingdog-46sm-rezbovoe-soedinenie-seriya-elite-art-81372-1.jpg,https://dlt.by/image/catalog/easyphoto/3328/skvidzh-rollingdog-46sm-rezbovoe-soedinenie-seriya-elite-art-81372-2.jpg,https://dlt.by/image/catalog/easyphoto/3328/skvidzh-rollingdog-46sm-rezbovoe-soedinenie-seriya-elite-art-81372-3.jpg,https://dlt.by/image/catalog/easyphoto/3328/skvidzh-rollingdog-46sm-rezbovoe-soedinenie-seriya-elite-art-81372-4.jpg,,,,,,,,,,,,,,,,,,,,,,,,,,,,,,,,,,,,"
"Сквидж Rollingdog 46см, защелка/конус, арт.81373",Ручной инструмент,81373,541.70,"https://dlt.by/image/catalog/easyphoto/3329/skvidzh-rollingdog-46sm-zashchelka-konus-art-81373-5.jpg,https://dlt.by/image/catalog/easyphoto/3329/skvidzh-rollingdog-46sm-zashchelka-konus-art-81373-6.jpg,https://dlt.by/image/catalog/easyphoto/3329/skvidzh-rollingdog-46sm-zashchelka-konus-art-81373-7.jpg,https://dlt.by/image/catalog/easyphoto/3329/skvidzh-rollingdog-46sm-zashchelka-konus-art-81373-8.jpg,https://dlt.by/image/catalog/easyphoto/3329/skvidzh-rollingdog-46sm-zashchelka-konus-art-81373-9.jpg,https://dlt.by/image/catalog/easyphoto/3329/skvidzh-rollingdog-46sm-zashchelka-konus-art-81373-10.jpg,https://dlt.by/image/catalog/easyphoto/3329/skvidzh-rollingdog-46sm-soedinenie-zashchelka-konus-seriya-elite-art-81373-1.jpg,https://dlt.by/image/catalog/easyphoto/3329/skvidzh-rollingdog-46sm-soedinenie-zashchelka-konus-seriya-elite-art-81373-2.jpg,https://dlt.by/image/catalog/easyphoto/3329/skvidzh-rollingdog-46sm-soedinenie-zashchelka-konus-seriya-elite-art-81373-3.jpg,https://dlt.by/image/catalog/easyphoto/3329/skvidzh-rollingdog-46sm-soedinenie-zashchelka-konus-seriya-elite-art-81373-4.jpg,,,,,,,,,,,,,,,,,,,,,,,,,,,,,,,,,,,,"
"Укрывная бумага на малярной ленте Rollingdog ENVIRO-GUARD 42 г/м², 30см х 25м, арт.81418",Малярный и штукатурный инструмент>Пленки укрывные,81418,367.15,"https://dlt.by/image/catalog/easyphoto/3330/ukryvnaya-bumaga-na-malyarnoy-lente-rollingdog-enviro-guard-42-g-m-30sm-h-25m-art-81418-3.jpg,https://dlt.by/image/catalog/easyphoto/3330/ukryvnaya-bumaga-na-malyarnoy-lente-rollingdog-enviro-guard-42-g-m-30sm-h-25m-art-81418-4.jpg,https://dlt.by/image/catalog/easyphoto/3330/ukryvnaya-bumaga-na-malyarnoy-lente-rollingdog-enviro-guard-42-g-m-30sm-h-25m-art-81418-5.jpg,https://dlt.by/image/catalog/easyphoto/3330/ukryvnoe-polotno-na-malyarnoy-lente-rollingdog-enviro-guard-25m-x-30sm-art-81418-1.jpg,https://dlt.by/image/catalog/easyphoto/3330/ukryvnoe-polotno-na-malyarnoy-lente-rollingdog-enviro-guard-25m-x-30sm-art-81418-2.jpg,,,,,,,,,,,,,,,,,,,,,,,,,,,,,,,,,,,,,,,,,"
"Дверь защитная многоразовая на молнии против пыли Rollingdog 120 х 220см, арт.81419",Малярный и штукатурный инструмент>Двери временные для малярных работ,81419,1 113.49,"https://dlt.by/image/catalog/easyphoto/3331/dver-zashchitnaya-mnogorazovaya-na-molnii-protiv-pyli-rollingdog-120-h-220sm-art-81419-14.jpg,https://dlt.by/image/catalog/easyphoto/3331/dver-zashchitnaya-mnogorazovaya-na-molnii-protiv-pyli-rollingdog-120-h-220sm-art-81419-15.jpg,https://dlt.by/image/catalog/easyphoto/3331/dver-zashchitnaya-mnogorazovaya-na-molnii-protiv-pyli-rollingdog-120-h-220sm-art-81419-16.jpg,https://dlt.by/image/catalog/easyphoto/3331/dver-zashchitnaya-mnogorazovaya-na-molnii-protiv-pyli-rollingdog-220sm-art-81419-1.jpg,https://dlt.by/image/catalog/easyphoto/3331/dver-zashchitnaya-mnogorazovaya-na-molnii-protiv-pyli-rollingdog-220sm-art-81419-7.jpg,https://dlt.by/image/catalog/easyphoto/3331/dver-zashchitnaya-mnogorazovaya-na-molnii-protiv-pyli-rollingdog-220sm-art-81419-9.jpg,https://dlt.by/image/catalog/easyphoto/3331/dver-zashchitnaya-mnogorazovaya-na-molnii-protiv-pyli-rollingdog-220sm-art-81419-10.jpg,https://dlt.by/image/catalog/easyphoto/3331/dver-zashchitnaya-mnogorazovaya-na-molnii-protiv-pyli-rollingdog-220sm-art-81419-2.jpg,https://dlt.by/image/catalog/easyphoto/3331/dver-zashchitnaya-mnogorazovaya-na-molnii-protiv-pyli-rollingdog-220sm-art-81419-11.jpg,https://dlt.by/image/catalog/easyphoto/3331/dver-zashchitnaya-mnogorazovaya-na-molnii-protiv-pyli-rollingdog-220sm-art-81419-8.jpg,https://dlt.by/image/catalog/easyphoto/3331/dver-zashchitnaya-mnogorazovaya-na-molnii-protiv-pyli-rollingdog-220sm-art-81419-3.jpg,https://dlt.by/image/catalog/easyphoto/3331/dver-zashchitnaya-mnogorazovaya-na-molnii-protiv-pyli-rollingdog-220sm-art-81419-4.jpg,https://dlt.by/image/catalog/easyphoto/3331/dver-zashchitnaya-mnogorazovaya-na-molnii-protiv-pyli-rollingdog-220sm-art-81419-5.jpg,https://dlt.by/image/catalog/easyphoto/3331/dver-zashchitnaya-mnogorazovaya-na-molnii-protiv-pyli-rollingdog-220sm-art-81419-6.jpg,https://dlt.by/image/catalog/easyphoto/3331/dver-zashchitnaya-mnogorazovaya-na-molnii-protiv-pyli-rollingdog-220sm-art-81419-12.jpg,,,,,,,,,,,,,,,,,,,,,,,,,,,,,,,"
"Укрывное полотно Rollingdog WHITE- DEFENDER 274см x 366см, арт.81432",Малярный и штукатурный инструмент>Пленки укрывные,81432,601.88,"https://dlt.by/image/catalog/easyphoto/3332/ukryvnoe-polotno-rollingdog-white-defender-274sm-x-366sm-art-81432-1.jpg,https://dlt.by/image/catalog/easyphoto/3332/ukryvnoe-polotno-rollingdog-white-defender-274sm-x-366sm-art-81432-2.jpg,https://dlt.by/image/catalog/easyphoto/3332/ukryvnoe-polotno-rollingdog-white-defender-274sm-x-366sm-art-81432-3.jpg,https://dlt.by/image/catalog/easyphoto/3332/ukryvnoe-polotno-rollingdog-white-defender-274sm-x-366sm-art-81432-4.jpg,,,,,,,,,,,,,,,,,,,,,,,,,,,,,,,,,,,,,,,,,,"
"Магнитный держатель для малярного инструмента Rollingdog, арт.81436",Бренды>Малярный инструмент ROLLINGDOG,81436,601.88,"https://dlt.by/image/catalog/easyphoto/3333/magnitnyy-derzhatel-dlya-malyarnogo-instrumenta-rollingdog-art-81436-1.jpg,,,,,,,,,,,,,,,,,,,,,,,,,,,,,,,,,,,,,,,,,,,,,"
"Сумка для малярного инструмента Rollingdog Design, арт.81438",Бренды>Малярный инструмент ROLLINGDOG,81438,0.00,"https://dlt.by/image/catalog/easyphoto/3334/sumka-dlya-malyarnogo-instrumenta-rollingdog-design-art-81438-1.jpg,,,,,,,,,,,,,,,,,,,,,,,,,,,,,,,,,,,,,,,,,,,,,"
"Малярная лента Rollingdog WASHI-SHIELD 24мм x 50м, арт.81447",Инструмент для укладки плитки>Малярные ленты,81447,541.70,"https://dlt.by/image/catalog/easyphoto/3335/malyarnaya-lenta-rollingdog-washi-shield-24mm-x-50m-art-81447-4.jpg,https://dlt.by/image/catalog/easyphoto/3335/malyarnaya-lenta-rollingdog-washi-shield-24mm-x-50m-art-81447-5.jpg,https://dlt.by/image/catalog/easyphoto/3335/malyarnaya-lenta-rollingdog-washi-shield-24mm-x-50m-art-81447-6.jpg,https://dlt.by/image/catalog/easyphoto/3335/malyarnaya-lenta-rollingdog-washi-shield-24mm-x-50m-art-81447-2.jpg,https://dlt.by/image/catalog/easyphoto/3335/malyarnaya-lenta-rollingdog-washi-shield-24mm-x-50m-art-81447-3.jpg,https://dlt.by/image/catalog/easyphoto/3335/malyarnaya-lenta-rollingdog-washi-shield-24mm-x-50m-art-81447-1.jpg,,,,,,,,,,,,,,,,,,,,,,,,,,,,,,,,,,,,,,,,"
"Малярная лента Rollingdog WASHI-SHIELD 48мм x 50м, арт.81448",Инструмент для укладки плитки>Малярные ленты,81448,1 053.30,"https://dlt.by/image/catalog/easyphoto/3336/malyarnaya-lenta-rollingdog-washi-shield-48mm-x-50m-art-81448-4.jpg,https://dlt.by/image/catalog/easyphoto/3336/malyarnaya-lenta-rollingdog-washi-shield-48mm-x-50m-art-81448-5.jpg,https://dlt.by/image/catalog/easyphoto/3336/malyarnaya-lenta-rollingdog-washi-shield-48mm-x-50m-art-81448-6.jpg,https://dlt.by/image/catalog/easyphoto/3336/malyarnaya-lenta-rollingdog-washi-shield-48mm-x-50m-art-81448-1.jpg,https://dlt.by/image/catalog/easyphoto/3336/malyarnaya-lenta-rollingdog-washi-shield-48mm-x-50m-art-81448-2.jpg,https://dlt.by/image/catalog/easyphoto/3336/malyarnaya-lenta-rollingdog-washi-shield-48mm-x-50m-art-81448-3.jpg,,,,,,,,,,,,,,,,,,,,,,,,,,,,,,,,,,,,,,,,"
"Малярная лента Rollingdog DUCT-SHIELD 48мм x 30м, арт.81451",Инструмент для укладки плитки>Малярные ленты,81451,842.64,"https://dlt.by/image/catalog/easyphoto/3337/malyarnaya-lenta-rollingdog-duct-shield-48mm-x-50m-art-81451-4.jpg,https://dlt.by/image/catalog/easyphoto/3337/malyarnaya-lenta-rollingdog-duct-shield-48mm-x-50m-art-81451-5.jpg,https://dlt.by/image/catalog/easyphoto/3337/malyarnaya-lenta-rollingdog-duct-shield-48mm-x-50m-art-81451-6.jpg,https://dlt.by/image/catalog/easyphoto/3337/malyarnaya-lenta-rollingdog-duct-shield-48mm-x-50m-art-81451-2.jpg,https://dlt.by/image/catalog/easyphoto/3337/malyarnaya-lenta-rollingdog-duct-shield-48mm-x-50m-art-81451-3.jpg,https://dlt.by/image/catalog/easyphoto/3337/malyarnaya-lenta-rollingdog-duct-shield-48mm-x-50m-art-81451-1.jpg,,,,,,,,,,,,,,,,,,,,,,,,,,,,,,,,,,,,,,,,"
"Подошва для наливных полов 30х13см RollingDog, арт.81457",Инструмент для укладки плитки>Маяки для наливного пола,81457,1 775.56,"https://dlt.by/image/catalog/easyphoto/3338/podoshva-dlya-nalivnyh-polov-30h13sm-rollingdog-art-81457-4.jpg,https://dlt.by/image/catalog/easyphoto/3338/podoshva-dlya-nalivnyh-polov-30h13sm-rollingdog-art-81457-3.jpg,https://dlt.by/image/catalog/easyphoto/3338/podoshva-dlya-nalivnyh-polov-30h13sm-rollingdog-art-81457-6.jpg,https://dlt.by/image/catalog/easyphoto/3338/podoshva-dlya-nalivnyh-polov-30h13sm-rollingdog-art-81457-5.jpg,https://dlt.by/image/catalog/easyphoto/3338/podoshva-dlya-nalivnyh-polov-30h13sm-rollingdog-art-81457-7.jpg,https://dlt.by/image/catalog/easyphoto/3338/podoshva-dlya-nalivnyh-polov-30h13sm-rollingdog-art-81457-8.jpg,https://dlt.by/image/catalog/easyphoto/3338/podoshva-dlya-nalivnyh-polov-30h13sm-rollingdog-art-81457-9.jpg,https://dlt.by/image/catalog/easyphoto/3338/podoshva-dlya-nalivnyh-polov-30h13sm-rollingdog-art-81457-1.jpg,https://dlt.by/image/catalog/easyphoto/3338/podoshva-dlya-nalivnyh-polov-30h13sm-rollingdog-art-81457-2.jpg,,,,,,,,,,,,,,,,,,,,,,,,,,,,,,,,,,,,,"
"Самоклеящееся укрывное полотно Rollingdog 76 мкм, 27см x 30м, арт.81459 ",Бренды>Малярный инструмент ROLLINGDOG,81459,722.26,"https://dlt.by/image/catalog/easyphoto/3339/samokleyashcheesya-ukryvnoe-polotno-rollingdog-76-mkm-27sm-x-30m-art-81459-3.jpg,https://dlt.by/image/catalog/easyphoto/3339/samokleyashcheesya-ukryvnoe-polotno-rollingdog-76-mkm-27sm-x-30m-art-81459-4.jpg,https://dlt.by/image/catalog/easyphoto/3339/samokleyashcheesya-ukryvnoe-polotno-rollingdog-76-mkm-27sm-x-30m-art-81459-5.jpg,,,,,,,,,,,,,,,,,,,,,,,,,,,,,,,,,,,,,,,,,,,"
"Самоклеящееся укрывное полотно Rollingdog 2мм, 27см х 30м, арт.81460",Малярный и штукатурный инструмент>Пленки укрывные,81460,1 233.86,"https://dlt.by/image/catalog/easyphoto/3340/samokleyashcheesya-ukryvnoe-polotno-rollingdog-2mm-30m-x-27sm-art-81460-1.jpg,https://dlt.by/image/catalog/easyphoto/3340/samokleyashcheesya-ukryvnoe-polotno-rollingdog-2mm-30m-x-27sm-art-81460-2.jpg,,,,,,,,,,,,,,,,,,,,,,,,,,,,,,,,,,,,,,,,,,,,"
"Аппликатор для покраски углов Rollingdog, арт.90018",Бренды>Малярный инструмент ROLLINGDOG,90018,246.77,"https://dlt.by/image/catalog/easyphoto/3341/kist-dlya-pokraski-uglov-rollingdog-art-90018-1.jpg,,,,,,,,,,,,,,,,,,,,,,,,,,,,,,,,,,,,,,,,,,,,,"
"Аппликатор для покраски плинтуса Rollingdog, арт.90019",Малярный и штукатурный инструмент>Аппликаторы малярные,90019,216.68,"https://dlt.by/image/catalog/easyphoto/3342/applikator-dlya-pokraski-plintusa-rollingdog-art-90019-2.jpg,https://dlt.by/image/catalog/easyphoto/3342/applikator-dlya-pokraski-plintusa-rollingdog-art-90019-3.jpg,https://dlt.by/image/catalog/easyphoto/3342/applikator-dlya-pokraski-plintusa-rollingdog-art-90019-4.jpg,https://dlt.by/image/catalog/easyphoto/3342/applikator-dlya-pokraski-plintusa-rollingdog-art-90019-5.jpg,https://dlt.by/image/catalog/easyphoto/3342/applikator-dlya-pokraski-plintusa-rollingdog-art-90019-6.jpg,https://dlt.by/image/catalog/easyphoto/3342/kist-dlya-pokraski-plintusa-rollingdog-art-90019-1.jpg,,,,,,,,,,,,,,,,,,,,,,,,,,,,,,,,,,,,,,,,"
"Аппликатор малярный с регулируемым углом наклона ручки Rollingdog PRO-ANGLE, резьбовое соединение, арт.90060",Малярный и штукатурный инструмент>Аппликаторы малярные,90060,722.26,"https://dlt.by/image/catalog/easyphoto/3343/applikator-malyarnyy-s-reguliruemym-uglom-naklona-ruchki-rollingdog-pro-angle-rezbovoe-soedinenie-art-90060-1.jpg,https://dlt.by/image/catalog/easyphoto/3343/applikator-malyarnyy-s-reguliruemym-uglom-naklona-ruchki-rollingdog-pro-angle-rezbovoe-soedinenie-art-90060-2.jpg,,,,,,,,,,,,,,,,,,,,,,,,,,,,,,,,,,,,,,,,,,,,"
"Набор для ручной шлифовки Rollingdog SURFEX №3 (16 предметов), соединение защелка/конус, серия Elite, арт.90158",Бренды>Малярный инструмент ROLLINGDOG,90158,1 956.12,"https://dlt.by/image/catalog/easyphoto/3344/nabor-dlya-ruchnoy-shlifovki-rollingdog-surfex-3-16-predmetov-soedinenie-zashchelka-konus-seriya-elite-art-90158-13.jpg,https://dlt.by/image/catalog/easyphoto/3344/nabor-dlya-ruchnoy-shlifovki-rollingdog-surfex-3-16-predmetov-soedinenie-zashchelka-konus-seriya-elite-art-90158-14.jpg,https://dlt.by/image/catalog/easyphoto/3344/nabor-dlya-ruchnoy-shlifovki-rollingdog-surfex-3-16-predmetov-soedinenie-zashchelka-konus-seriya-elite-art-90158-15.jpg,https://dlt.by/image/catalog/easyphoto/3344/nabor-dlya-ruchnoy-shlifovki-rollingdog-surfex-3-16-predmetov-soedinenie-zashchelka-konus-seriya-elite-art-90158-12.jpg,https://dlt.by/image/catalog/easyphoto/3344/nabor-dlya-ruchnoy-shlifovki-rollingdog-surfex-3-16-predmetov-soedinenie-zashchelka-konus-seriya-elite-art-90158-5.jpg,https://dlt.by/image/catalog/easyphoto/3344/nabor-dlya-ruchnoy-shlifovki-rollingdog-surfex-3-16-predmetov-soedinenie-zashchelka-konus-seriya-elite-art-90158-6.jpg,https://dlt.by/image/catalog/easyphoto/3344/nabor-dlya-ruchnoy-shlifovki-rollingdog-surfex-3-16-predmetov-soedinenie-zashchelka-konus-seriya-elite-art-90158-7.jpg,https://dlt.by/image/catalog/easyphoto/3344/nabor-dlya-ruchnoy-shlifovki-rollingdog-surfex-3-16-predmetov-soedinenie-zashchelka-konus-seriya-elite-art-90158-8.jpg,https://dlt.by/image/catalog/easyphoto/3344/nabor-dlya-ruchnoy-shlifovki-rollingdog-surfex-3-16-predmetov-soedinenie-zashchelka-konus-seriya-elite-art-90158-9.jpg,https://dlt.by/image/catalog/easyphoto/3344/nabor-dlya-ruchnoy-shlifovki-rollingdog-surfex-3-16-predmetov-soedinenie-zashchelka-konus-seriya-elite-art-90158-10.jpg,https://dlt.by/image/catalog/easyphoto/3344/nabor-dlya-ruchnoy-shlifovki-rollingdog-surfex-3-16-predmetov-soedinenie-zashchelka-konus-seriya-elite-art-90158-11.jpg,https://dlt.by/image/catalog/easyphoto/3344/nabor-dlya-ruchnoy-shlifovki-rollingdog-surfex-3-16-predmetov-soedinenie-zashchelka-konus-seriya-elite-art-90158-16.jpg,https://dlt.by/image/catalog/easyphoto/3344/nabor-dlya-ruchnoy-shlifovki-rollingdog-surfex-3-16-predmetov-soedinenie-zashchelka-konus-seriya-elite-art-90158-17.jpg,,,,,,,,,,,,,,,,,,,,,,,,,,,,,,,,,"
"Набор для ручной шлифовки Rollingdog (7 предметов), серия Elite, арт.90178",Малярный и штукатурный инструмент>Абразивные материалы>Шлифовальные блоки и шайбы/наборы,90178,662.07,"https://dlt.by/image/catalog/easyphoto/3345/nabor-dlya-ruchnoy-shlifovki-rollingdog-7-predmetov-seriya-elite-art-90178-5.jpg,https://dlt.by/image/catalog/easyphoto/3345/nabor-dlya-ruchnoy-shlifovki-rollingdog-7-predmetov-seriya-elite-art-90178-8.jpg,https://dlt.by/image/catalog/easyphoto/3345/nabor-dlya-ruchnoy-shlifovki-rollingdog-7-predmetov-seriya-elite-art-90178-6.jpg,https://dlt.by/image/catalog/easyphoto/3345/nabor-dlya-ruchnoy-shlifovki-rollingdog-7-predmetov-seriya-elite-art-90178-7.jpg,https://dlt.by/image/catalog/easyphoto/3345/nabor-dlya-ruchnoy-shlifovki-rollingdog-7-predmetov-seriya-elite-art-90178-9.jpg,https://dlt.by/image/catalog/easyphoto/3345/nabor-dlya-ruchnoy-shlifovki-rollingdog-7-predmetov-seriya-elite-art-90178-10.jpg,https://dlt.by/image/catalog/easyphoto/3345/nabor-dlya-ruchnoy-shlifovki-rollingdog-7-predmetov-seriya-elite-art-90178-1.jpg,https://dlt.by/image/catalog/easyphoto/3345/nabor-dlya-ruchnoy-shlifovki-rollingdog-7-predmetov-seriya-elite-art-90178-3.jpg,https://dlt.by/image/catalog/easyphoto/3345/nabor-dlya-ruchnoy-shlifovki-rollingdog-7-predmetov-seriya-elite-art-90178-2.jpg,https://dlt.by/image/catalog/easyphoto/3345/nabor-dlya-ruchnoy-shlifovki-rollingdog-7-predmetov-seriya-elite-art-90178-4.jpg,,,,,,,,,,,,,,,,,,,,,,,,,,,,,,,,,,,,"
"Аппликатор малярный с регулируемым углом наклона ручки Rollingdog PRO-ANGLE, арт.90179",Малярный и штукатурный инструмент>Аппликаторы малярные,90179,391.22,"https://dlt.by/image/catalog/easyphoto/3346/applikator-malyarnyy-s-reguliruemym-uglom-naklona-ruchki-rollingdog-pro-angle-art-90179-4.jpg,https://dlt.by/image/catalog/easyphoto/3346/applikator-malyarnyy-s-reguliruemym-uglom-naklona-ruchki-rollingdog-pro-angle-art-90179-5.jpg,https://dlt.by/image/catalog/easyphoto/3346/applikator-malyarnyy-s-reguliruemym-uglom-naklona-ruchki-rollingdog-pro-angle-art-90179-6.jpg,https://dlt.by/image/catalog/easyphoto/3346/applikator-malyarnyy-s-reguliruemym-uglom-naklona-ruchki-rollingdog-pro-angle-art-90179-7.jpg,https://dlt.by/image/catalog/easyphoto/3346/applikator-malyarnyy-s-reguliruemym-uglom-naklona-ruchki-rollingdog-pro-angle-art-90179-8.jpg,,,,,,,,,,,,,,,,,,,,,,,,,,,,,,,,,,,,,,,,,"
"Набор для ручной шлифовки Rollingdog SURFEX (33 предмета), серия Elite, арт.90194",Малярный и штукатурный инструмент>Абразивные материалы>Шлифовальные блоки и шайбы/наборы,90194,0.00,"https://dlt.by/image/catalog/easyphoto/3347/nabor-dlya-ruchnoy-shlifovki-rollingdog-surfex-33-predmeta-seriya-elite-art-90194-1.jpg,https://dlt.by/image/catalog/easyphoto/3347/nabor-dlya-ruchnoy-shlifovki-rollingdog-surfex-33-predmeta-seriya-elite-art-90194-2.jpg,,,,,,,,,,,,,,,,,,,,,,,,,,,,,,,,,,,,,,,,,,,,"
"Валик Rollingdog TEXTURALL 230мм, для каркаса 38мм, поролон, арт.00190",Малярный и штукатурный инструмент>Валики малярные>Шубки (ролики),190,186.58,"https://dlt.by/image/catalog/easyphoto/3348/valik-rollingdog-texturall-230mm-dlya-karkasa-38mm-porolon-art-00190-1.jpg,https://dlt.by/image/catalog/easyphoto/3348/valik-rollingdog-texturall-230mm-dlya-karkasa-38mm-porolon-art-00190-2.jpg,https://dlt.by/image/catalog/easyphoto/3348/valik-rollingdog-texturall-230mm-dlya-karkasa-38mm-porolon-art-00190-3.jpg,https://dlt.by/image/catalog/easyphoto/3348/valik-rollingdog-texturall-230mm-dlya-karkasa-38mm-porolon-art-00190-4.jpg,,,,,,,,,,,,,,,,,,,,,,,,,,,,,,,,,,,,,,,,,,"
"Валик Rollingdog GLOSS-KING 230мм, для каркаса 38мм, поролон, арт.00249",Малярный и штукатурный инструмент>Валики малярные>Шубки (ролики),249,186.58,"https://dlt.by/image/catalog/easyphoto/3349/valik-rollingdog-gloss-king-230mm-dlya-karkasa-38mm-porolon-art-00249-1.jpg,https://dlt.by/image/catalog/easyphoto/3349/valik-rollingdog-gloss-king-230mm-dlya-karkasa-38mm-porolon-art-00249-2.jpg,,,,,,,,,,,,,,,,,,,,,,,,,,,,,,,,,,,,,,,,,,,,"
"Набор валиков Rollingdog GLOSS-KING 2шт, 50мм, для каркаса 15мм, поролон, арт.00251",Малярный и штукатурный инструмент>Валики малярные>Наборы,251,216.68,"https://dlt.by/image/catalog/easyphoto/3350/nabor-valikov-rollingdog-gloss-king-2sht-50mm-dlya-karkasa-15mm-porolon-art-00251-1.jpg,https://dlt.by/image/catalog/easyphoto/3350/nabor-valikov-rollingdog-gloss-king-2sht-50mm-dlya-karkasa-15mm-porolon-art-00251-2.jpg,,,,,,,,,,,,,,,,,,,,,,,,,,,,,,,,,,,,,,,,,,,,"
"Валик Rollingdog HI-SHEEN 230мм, ворс 5мм, для каркаса 38мм, синтетика, арт.00261",Малярный и штукатурный инструмент>Валики малярные>Шубки (ролики),261,391.22,"https://dlt.by/image/catalog/easyphoto/3351/valik-rollingdog-hi-sheen-230mm-vors-5mm-dlya-karkasa-38mm-sintetika-art-00261-1.jpg,https://dlt.by/image/catalog/easyphoto/3351/valik-rollingdog-hi-sheen-230mm-vors-5mm-dlya-karkasa-38mm-sintetika-art-00261-2.jpg,https://dlt.by/image/catalog/easyphoto/3351/valik-rollingdog-hi-sheen-230mm-vors-5mm-dlya-karkasa-38mm-sintetika-art-00261-3.jpg,,,,,,,,,,,,,,,,,,,,,,,,,,,,,,,,,,,,,,,,,,,"
"Валик Rollingdog TEXTURALL 230мм, поролон, арт.00281",Малярный и штукатурный инструмент>Валики малярные>Шубки (ролики),281,391.22,"https://dlt.by/image/catalog/easyphoto/3352/valik-rollingdog-texturall-230mm-porolon-art-00281-1.jpg,https://dlt.by/image/catalog/easyphoto/3352/valik-rollingdog-texturall-230mm-porolon-art-00281-2.jpg,https://dlt.by/image/catalog/easyphoto/3352/valik-rollingdog-texturall-230mm-porolon-art-00281-3.jpg,https://dlt.by/image/catalog/easyphoto/3352/valik-rollingdog-texturall-230mm-porolon-art-00281-4.jpg,,,,,,,,,,,,,,,,,,,,,,,,,,,,,,,,,,,,,,,,,,"
"Валик Rollingdog TEXTURALL 230мм, для каркаса 38мм, текстурный, арт.00283 ",Малярный и штукатурный инструмент>Валики малярные>Шубки (ролики),283,267.84,"https://dlt.by/image/catalog/easyphoto/3353/valik-rollingdog-texturall-230mm-dlya-karkasa-38mm-teksturnyy-art-00283-3.jpg,https://dlt.by/image/catalog/easyphoto/3353/valik-rollingdog-texturall-230mm-dlya-karkasa-38mm-teksturnyy-art-00283-4.jpg,https://dlt.by/image/catalog/easyphoto/3353/valik-rollingdog-texturall-230mm-dlya-karkasa-38mm-teksturnyy-art-00283-5.jpg,https://dlt.by/image/catalog/easyphoto/3353/valik-rollingdog-texturall-230mm-porolon-art-00283-1.jpg,https://dlt.by/image/catalog/easyphoto/3353/valik-rollingdog-texturall-230mm-porolon-art-00283-2.jpg,,,,,,,,,,,,,,,,,,,,,,,,,,,,,,,,,,,,,,,,,"
"Валик Rollingdog THE-BOXER 230мм, ворс 12мм, для каркаса 38мм, полиамид, арт.00303",Малярный и штукатурный инструмент>Валики малярные>Шубки (ролики),303,276.87,"https://dlt.by/image/catalog/easyphoto/3354/valik-rollingdog-the-boxer-230mm-vors-12mm-dlya-karkasa-38mm-poliamid-art-00303-2.jpg,https://dlt.by/image/catalog/easyphoto/3354/valik-rollingdog-the-boxer-230mm-vors-12mm-dlya-karkasa-38mm-poliamid-art-00303-3.jpg,https://dlt.by/image/catalog/easyphoto/3354/valik-rollingdog-the-boxer-230mm-vors-12mm-dlya-karkasa-38mm-poliamid-art-00303-4.jpg,https://dlt.by/image/catalog/easyphoto/3354/valik-rollingdog-the-boxer-230mm-vors-12mm-dlya-karkasa-38mm-poliamid-art-00303-1.jpg,,,,,,,,,,,,,,,,,,,,,,,,,,,,,,,,,,,,,,,,,,"
"Набор валиков Rollingdog BULL-TERRIER 100мм, ворс 4мм, для бюгеля 6мм, полиамид, арт.00376",Малярный и штукатурный инструмент>Валики малярные>Наборы,376,216.68,"https://dlt.by/image/catalog/easyphoto/3359/nabor-valikov-rollingdog-bull-terrier-100mm-vors-4mm-dlya-byugelya-6mm-poliamid-art-00376-1.jpg,,,,,,,,,,,,,,,,,,,,,,,,,,,,,,,,,,,,,,,,,,,,,"
"Валик Rollingdog THE-BOXER 230мм, ворс 19мм, для каркаса 38мм, полиамид, арт.00355",Малярный и штукатурный инструмент>Валики малярные>Шубки (ролики),355,391.22,"https://dlt.by/image/catalog/easyphoto/3356/valik-rollingdog-the-boxer-230mm-vors-19mm-dlya-karkasa-38mm-poliamid-art-00355-1.jpg,,,,,,,,,,,,,,,,,,,,,,,,,,,,,,,,,,,,,,,,,,,,,"
"Валик Rollingdog SUPER-MICRO 230мм, ворс 19мм, для каркаса 48мм, микрофибра, арт.00358",Малярный и штукатурный инструмент>Валики малярные>Шубки (ролики),358,391.22,"https://dlt.by/image/catalog/easyphoto/3357/valik-rollingdog-super-micro-230mm-vors-19mm-dlya-karkasa-48mm-mikrofibra-art-00358-1.jpg,https://dlt.by/image/catalog/easyphoto/3357/valik-rollingdog-super-micro-230mm-vors-19mm-dlya-karkasa-48mm-mikrofibra-art-00358-2.jpg,,,,,,,,,,,,,,,,,,,,,,,,,,,,,,,,,,,,,,,,,,,,"
"Валик Rollingdog SUPER-MICRO 305мм, ворс 9.5мм, для каркаса 38мм, микрофибра, арт.00396",Малярный и штукатурный инструмент>Валики малярные>Шубки (ролики),396,231.73,"https://dlt.by/image/catalog/easyphoto/3358/valik-rollingdog-super-micro-305mm-vors-9-5mm-dlya-karkasa-38mm-mikrofibra-art-00396-2.jpg,https://dlt.by/image/catalog/easyphoto/3358/valik-rollingdog-super-micro-305mm-vors-9-5mm-dlya-karkasa-38mm-mikrofibra-art-00396-3.jpg,https://dlt.by/image/catalog/easyphoto/3358/valik-rollingdog-super-micro-305mm-vors-9-5mm-dlya-karkasa-38mm-mikrofibra-art-00396-4.jpg,https://dlt.by/image/catalog/easyphoto/3358/valik-rollingdog-super-micro-300mm-vors-9-5mm-dlya-karkasa-38mm-mikrofibra-art-00396-1.jpg,,,,,,,,,,,,,,,,,,,,,,,,,,,,,,,,,,,,,,,,,,"
"Набор валиков Rollingdog BULL-TERRIER 230мм, ворс 4мм, для бюгеля 8мм, полиамид, арт.00380",Малярный и штукатурный инструмент>Валики малярные>Наборы,380,216.68,"https://dlt.by/image/catalog/easyphoto/3360/nabor-valikov-rollingdog-bull-terrier-230mm-vors-4mm-dlya-byugelya-8mm-poliamid-art-00380-1.jpg,https://dlt.by/image/catalog/easyphoto/3360/nabor-valikov-rollingdog-bull-terrier-230mm-vors-4mm-dlya-byugelya-8mm-poliamid-art-00380-2.jpg,,,,,,,,,,,,,,,,,,,,,,,,,,,,,,,,,,,,,,,,,,,,"
"Набор валиков Rollingdog 2шт, 75мм, ворс 12мм, для бюгеля 6мм, полиэстер, арт.00392",Малярный и штукатурный инструмент>Валики малярные>Наборы,392,216.68,"https://dlt.by/image/catalog/easyphoto/3361/nabor-valikov-rollingdog-2sht-75mm-vors-12mm-dlya-byugelya-6mm-poliester-art-00392-1.jpg,,,,,,,,,,,,,,,,,,,,,,,,,,,,,,,,,,,,,,,,,,,,,"
"Набор валиков Rollingdog SUPER-MICRO 3шт, 457мм, ворс 9.5мм, для каркаса 38мм, микрофибра арт.00397",Малярный и штукатурный инструмент>Валики малярные>Наборы,397,1 083.39,"https://dlt.by/image/catalog/easyphoto/3362/nabor-valikov-rollingdog-super-micro-3sht-457mm-vors-9-5mm-dlya-karkasa-38mm-mikrofibra-art-00397-2.jpg,https://dlt.by/image/catalog/easyphoto/3362/nabor-valikov-rollingdog-super-micro-3sht-457mm-vors-9-5mm-dlya-karkasa-38mm-mikrofibra-art-00397-3.jpg,https://dlt.by/image/catalog/easyphoto/3362/nabor-valikov-rollingdog-super-micro-3sht-457mm-vors-9-5mm-dlya-karkasa-38mm-mikrofibra-art-00397-4.jpg,https://dlt.by/image/catalog/easyphoto/3362/nabor-valikov-rollingdog-super-micro-3sht-450mm-vors-9-5mm-dlya-karkasa-38mm-mikrofibra-art-00397-1.jpg,,,,,,,,,,,,,,,,,,,,,,,,,,,,,,,,,,,,,,,,,,"
"Валик Rollingdog NYPOLY 457мм, ворс 12мм, для каркаса 44мм, полиэстер/полиамид, арт.00420",Малярный и штукатурный инструмент>Валики малярные>Шубки (ролики),420,463.45,"https://dlt.by/image/catalog/easyphoto/3363/valik-rollingdog-nypoly-457mm-vors-12mm-dlya-karkasa-44mm-poliester-poliamid-art-00420-3.jpg,https://dlt.by/image/catalog/easyphoto/3363/valik-rollingdog-nypoly-457mm-vors-12mm-dlya-karkasa-44mm-poliester-poliamid-art-00420-4.jpg,https://dlt.by/image/catalog/easyphoto/3363/valik-rollingdog-nypoly-457mm-vors-12mm-dlya-karkasa-44mm-poliester-poliamid-art-00420-5.jpg,https://dlt.by/image/catalog/easyphoto/3363/valik-rollingdog-nypoly-450mm-vors-12mm-dlya-karkasa-44mm-poliester-poliamid-art-00420-2.jpg,https://dlt.by/image/catalog/easyphoto/3363/valik-rollingdog-nypoly-450mm-vors-12mm-dlya-karkasa-44mm-poliester-poliamid-art-00420-1.jpg,,,,,,,,,,,,,,,,,,,,,,,,,,,,,,,,,,,,,,,,,"
"Валик Rollingdog POLYESTER 457мм, ворс 12мм, для каркаса 38мм, полиэстер, арт.00421",Малярный и штукатурный инструмент>Валики малярные>Шубки (ролики),421,216.68,"https://dlt.by/image/catalog/easyphoto/3364/valik-rollingdog-polyester-457mm-vors-12mm-dlya-karkasa-38mm-poliester-art-00421-3.jpg,https://dlt.by/image/catalog/easyphoto/3364/valik-rollingdog-polyester-457mm-vors-12mm-dlya-karkasa-38mm-poliester-art-00421-4.jpg,https://dlt.by/image/catalog/easyphoto/3364/valik-rollingdog-polyester-457mm-vors-12mm-dlya-karkasa-38mm-poliester-art-00421-5.jpg,https://dlt.by/image/catalog/easyphoto/3364/valik-rollingdog-450mm-vors-12mm-dlya-karkasa-38mm-poliester-art-00421-1.jpg,https://dlt.by/image/catalog/easyphoto/3364/valik-rollingdog-450mm-vors-12mm-dlya-karkasa-38mm-poliester-art-00421-2.jpg,,,,,,,,,,,,,,,,,,,,,,,,,,,,,,,,,,,,,,,,,"
"Набор валиков Rollingdog 457мм, 3шт, ворс 12мм, для каркаса 38мм, полиэстер, арт.00422 ",Малярный и штукатурный инструмент>Валики малярные>Наборы,422,842.64,"https://dlt.by/image/catalog/easyphoto/3365/nabor-valikov-rollingdog-457mm-3sht-vors-12mm-dlya-karkasa-38mm-poliester-art-00422-8.jpg,https://dlt.by/image/catalog/easyphoto/3365/nabor-valikov-rollingdog-457mm-3sht-vors-12mm-dlya-karkasa-38mm-poliester-art-00422-9.jpg,https://dlt.by/image/catalog/easyphoto/3365/nabor-valikov-rollingdog-457mm-3sht-vors-12mm-dlya-karkasa-38mm-poliester-art-00422-10.jpg,https://dlt.by/image/catalog/easyphoto/3365/nabor-valikov-rollingdog-450mm-vors-12mm-dlya-karkasa-38mm-poliester-art-00422-4.jpg,https://dlt.by/image/catalog/easyphoto/3365/nabor-valikov-rollingdog-450mm-vors-12mm-dlya-karkasa-38mm-poliester-art-00422-1.jpg,https://dlt.by/image/catalog/easyphoto/3365/nabor-valikov-rollingdog-450mm-vors-12mm-dlya-karkasa-38mm-poliester-art-00422-7.jpg,https://dlt.by/image/catalog/easyphoto/3365/nabor-valikov-rollingdog-450mm-vors-12mm-dlya-karkasa-38mm-poliester-art-00422-3.jpg,https://dlt.by/image/catalog/easyphoto/3365/nabor-valikov-rollingdog-450mm-vors-12mm-dlya-karkasa-38mm-poliester-art-00422-5.jpg,https://dlt.by/image/catalog/easyphoto/3365/nabor-valikov-rollingdog-450mm-vors-12mm-dlya-karkasa-38mm-poliester-art-00422-6.jpg,https://dlt.by/image/catalog/easyphoto/3365/nabor-valikov-rollingdog-450mm-vors-12mm-dlya-karkasa-38mm-poliester-art-00422-2.jpg,,,,,,,,,,,,,,,,,,,,,,,,,,,,,,,,,,,,"
"Набор валиков Rollingdog GLOSS-KING 2шт, 100мм, для каркаса 18мм, поролон, арт.00423",Малярный и штукатурный инструмент>Валики малярные>Наборы,423,216.68,"https://dlt.by/image/catalog/easyphoto/3366/nabor-valikov-rollingdog-gloss-king-2sht-100mm-dlya-karkasa-18mm-porolon-art-00423-1.jpg,https://dlt.by/image/catalog/easyphoto/3366/nabor-valikov-rollingdog-gloss-king-2sht-100mm-dlya-karkasa-18mm-porolon-art-00423-2.jpg,https://dlt.by/image/catalog/easyphoto/3366/nabor-valikov-rollingdog-gloss-king-2sht-100mm-dlya-karkasa-18mm-porolon-art-00423-3.jpg,,,,,,,,,,,,,,,,,,,,,,,,,,,,,,,,,,,,,,,,,,,"
"Набор валиков Rollingdog GLOSS-KING 100мм, 10шт, каркас 18мм, поролон, арт.00424",Малярный и штукатурный инструмент>Валики малярные>Наборы,424,872.73,"https://dlt.by/image/catalog/easyphoto/3367/nabor-valikov-rollingdog-gloss-king-100mm-10sht-karkas-18mm-porolon-art-00424-7.jpg,https://dlt.by/image/catalog/easyphoto/3367/nabor-valikov-rollingdog-gloss-king-100mm-10sht-karkas-18mm-porolon-art-00424-8.jpg,https://dlt.by/image/catalog/easyphoto/3367/nabor-valikov-rollingdog-gloss-king-100mm-10sht-karkas-18mm-porolon-art-00424-9.jpg,https://dlt.by/image/catalog/easyphoto/3367/nabor-valikov-rollingdog-gloss-king-100mm-10sht-karkas-18mm-porolon-art-00424-10.jpg,https://dlt.by/image/catalog/easyphoto/3367/nabor-valikov-rollingdog-gloss-king-100mm-10sht-karkas-18mm-porolon-art-00424-11.jpg,https://dlt.by/image/catalog/easyphoto/3367/nabor-valikov-rollingdog-gloss-king-10sht-10mm-dlya-karkasa-18mm-porolon-art-00424-1.jpg,https://dlt.by/image/catalog/easyphoto/3367/nabor-valikov-rollingdog-gloss-king-10sht-10mm-dlya-karkasa-18mm-porolon-art-00424-6.jpg,https://dlt.by/image/catalog/easyphoto/3367/nabor-valikov-rollingdog-gloss-king-10sht-10mm-dlya-karkasa-18mm-porolon-art-00424-2.jpg,https://dlt.by/image/catalog/easyphoto/3367/nabor-valikov-rollingdog-gloss-king-10sht-10mm-dlya-karkasa-18mm-porolon-art-00424-3.jpg,https://dlt.by/image/catalog/easyphoto/3367/nabor-valikov-rollingdog-gloss-king-10sht-10mm-dlya-karkasa-18mm-porolon-art-00424-4.jpg,https://dlt.by/image/catalog/easyphoto/3367/nabor-valikov-rollingdog-gloss-king-10sht-10mm-dlya-karkasa-18mm-porolon-art-00424-5.jpg,,,,,,,,,,,,,,,,,,,,,,,,,,,,,,,,,,,"
"Кисть овальная Rollingdog OT1000 63мм, синтетика, серия Elite, арт.10106-P",Малярный и штукатурный инструмент>Кисти малярные>Плоские кисти,10106-P,216.68,"https://dlt.by/image/catalog/easyphoto/3368/kist-ovalnaya-rollingdog-ot1000-63mm-sintetika-seriya-elite-art-10106-p-1.jpg,https://dlt.by/image/catalog/easyphoto/3368/kist-ovalnaya-rollingdog-ot1000-63mm-sintetika-seriya-elite-art-10106-p-2.jpg,https://dlt.by/image/catalog/easyphoto/3368/kist-ovalnaya-rollingdog-ot1000-63mm-sintetika-seriya-elite-art-10106-p-3.jpg,,,,,,,,,,,,,,,,,,,,,,,,,,,,,,,,,,,,,,,,,,,"
"Кисть овальная Rollingdog OT1000 38мм, синтетика, серия Elite, арт.10108-P",Малярный и штукатурный инструмент>Кисти малярные>Плоские кисти,10108-P,216.68,"https://dlt.by/image/catalog/easyphoto/3369/kist-ovalnaya-rollingdog-ot1000-38mm-sintetika-seriya-elite-art-10108-p-1.jpg,,,,,,,,,,,,,,,,,,,,,,,,,,,,,,,,,,,,,,,,,,,,,"
"Кисть Rollingdog OT1000 38мм, угловой срез, синтетика, серия Elite, арт.10109-P",Малярный и штукатурный инструмент>Кисти малярные>Плоские кисти>Угловой срез,10109-P,216.68,"https://dlt.by/image/catalog/easyphoto/3370/kist-rollingdog-ot1000-38mm-uglovoy-srez-sintetika-seriya-elite-art-10109-p-1.jpg,,,,,,,,,,,,,,,,,,,,,,,,,,,,,,,,,,,,,,,,,,,,,"
"Кисть овальная Rollingdog OT1000 50мм, синтетика, серия Elite, арт.10110-P",Малярный и штукатурный инструмент>Кисти малярные>Плоские кисти,10110-P,216.68,"https://dlt.by/image/catalog/easyphoto/3371/kist-ovalnaya-rollingdog-ot1000-50mm-sintetika-seriya-elite-art-10110-p-2.jpg,https://dlt.by/image/catalog/easyphoto/3371/kist-ovalnaya-rollingdog-ot1000-50mm-sintetika-seriya-elite-art-10110-p-1.jpg,,,,,,,,,,,,,,,,,,,,,,,,,,,,,,,,,,,,,,,,,,,,"
"Кисть Rollingdog OT1000 50мм, угловой срез, синтетика, серия Elite, арт.10111-P",Малярный и штукатурный инструмент>Кисти малярные>Плоские кисти,10111-P,216.68,"https://dlt.by/image/catalog/easyphoto/3372/kist-rollingdog-ot1000-50mm-uglovoy-srez-sintetika-seriya-elite-art-10111-p-1.jpg,,,,,,,,,,,,,,,,,,,,,,,,,,,,,,,,,,,,,,,,,,,,,"
"Набор сменных вкладышей для кюветы Rollingdog 305мм, 3шт, арт.20014L",Малярный и штукатурный инструмент>Малярные ванночки и кюветы,20014L,276.87,"https://dlt.by/image/catalog/easyphoto/3373/nabor-smennyh-vkladyshey-dlya-kyuvety-rollingdog-305mm-3sht-art-20014l-1.jpg,https://dlt.by/image/catalog/easyphoto/3373/nabor-smennyh-vkladyshey-dlya-kyuvety-rollingdog-305mm-3sht-art-20014l-2.jpg,,,,,,,,,,,,,,,,,,,,,,,,,,,,,,,,,,,,,,,,,,,,"
"Скребок Rollingdog 60мм, серия Standard, арт.50260G",Малярный и штукатурный инструмент>Скребки малярные,50260G,306.96,"https://dlt.by/image/catalog/easyphoto/3374/skrebok-rollingdog-60mm-seriya-standard-art-50260g-1.jpg,https://dlt.by/image/catalog/easyphoto/3374/skrebok-rollingdog-60mm-seriya-standard-art-50260g-2.jpg,https://dlt.by/image/catalog/easyphoto/3374/skrebok-rollingdog-60mm-seriya-standard-art-50260g-3.jpg,,,,,,,,,,,,,,,,,,,,,,,,,,,,,,,,,,,,,,,,,,,"
"Набор скребоков Rollingdog 2шт, 40мм, серия Standard, арт.50261G",Инструмент для укладки плитки>Многофункц. шпатели (скребки),50261G,722.26,"https://dlt.by/image/catalog/easyphoto/3375/nabor-skrebokov-rollingdog-2sht-40mm-seriya-standard-art-50261g-1.jpg,https://dlt.by/image/catalog/easyphoto/3375/nabor-skrebokov-rollingdog-2sht-40mm-seriya-standard-art-50261g-2.jpg,https://dlt.by/image/catalog/easyphoto/3375/nabor-skrebokov-rollingdog-2sht-40mm-seriya-standard-art-50261g-3.jpg,,,,,,,,,,,,,,,,,,,,,,,,,,,,,,,,,,,,,,,,,,,"
"Набор скребоков Rollingdog 4шт, 50/80/100/120мм, серия Standard, арт.50320G",Малярный и штукатурный инструмент>Скребки малярные,50320G,722.26,"https://dlt.by/image/catalog/easyphoto/3376/nabor-skrebokov-rollingdog-4sht-50-80-100-120mm-seriya-standard-art-50320g-1.jpg,https://dlt.by/image/catalog/easyphoto/3376/nabor-skrebokov-rollingdog-4sht-50-80-100-120mm-seriya-standard-art-50320g-2.jpg,,,,,,,,,,,,,,,,,,,,,,,,,,,,,,,,,,,,,,,,,,,,"
"Плиткорез электрический DLT OptiTronic Auto-2400, рез до 2400мм, с АВТОМАТИКОЙ , арт.2915",Плиткорезы электрические (камнерезы/мокрорезы)>Плиткорезы DLT,2915,165 518.24,"https://dlt.by/image/catalog/easyphoto/3391/plitkorez-elektricheskiy-dlt-optitronic-auto-1200-rez-do-1200mm-s-avtomatikoy-shijing-9231-39.jpg,https://dlt.by/image/catalog/easyphoto/3391/plitkorez-elektricheskiy-dlt-optitronic-auto-1200-rez-do-1200mm-s-avtomatikoy-shijing-9231-2.png,https://dlt.by/image/catalog/easyphoto/3391/plitkorez-elektricheskiy-dlt-optitronic-auto-1200-rez-do-1200mm-s-avtomatikoy-shijing-9231-38.jpg,https://dlt.by/image/catalog/easyphoto/3391/plitkorez-elektricheskiy-dlt-optitronic-auto-1200-rez-do-1200mm-s-avtomatikoy-shijing-9231-4.jpg,https://dlt.by/image/catalog/easyphoto/3391/plitkorez-elektricheskiy-dlt-optitronic-auto-1200-rez-do-1200mm-s-avtomatikoy-shijing-9231-30.jpg,https://dlt.by/image/catalog/easyphoto/3391/plitkorez-elektricheskiy-dlt-optitronic-auto-1200-rez-do-1200mm-s-avtomatikoy-shijing-9231-37.jpg,https://dlt.by/image/catalog/easyphoto/3391/plitkorez-elektricheskiy-dlt-optitronic-auto-1200-rez-do-1200mm-s-avtomatikoy-shijing-9231-35.jpg,https://dlt.by/image/catalog/easyphoto/3391/plitkorez-elektricheskiy-dlt-optitronic-auto-1200-rez-do-1200mm-s-avtomatikoy-shijing-9231-36.jpg,https://dlt.by/image/catalog/easyphoto/3391/plitkorez-elektricheskiy-dlt-optitronic-auto-1200-rez-do-1200mm-s-avtomatikoy-shijing-9231-3.jpg,https://dlt.by/image/catalog/easyphoto/3391/plitkorez-elektricheskiy-dlt-optitronic-auto-1200-rez-do-1200mm-s-avtomatikoy-shijing-9231-1.png,https://dlt.by/image/catalog/easyphoto/3391/plitkorez-elektricheskiy-dlt-optitronic-auto-1200-rez-do-1200mm-s-avtomatikoy-shijing-9231-33.jpg,https://dlt.by/image/catalog/easyphoto/3391/plitkorez-elektricheskiy-dlt-optitronic-auto-1200-rez-do-1200mm-s-avtomatikoy-shijing-9231-5.jpg,https://dlt.by/image/catalog/easyphoto/3391/plitkorez-elektricheskiy-dlt-optitronic-auto-1200-rez-do-1200mm-s-avtomatikoy-shijing-9231-28.png,https://dlt.by/image/catalog/easyphoto/3391/plitkorez-elektricheskiy-dlt-optitronic-auto-1200-rez-do-1200mm-s-avtomatikoy-shijing-9231-34.jpg,https://dlt.by/image/catalog/easyphoto/3391/plitkorez-elektricheskiy-dlt-optitronic-auto-1200-rez-do-1200mm-s-avtomatikoy-shijing-9231-29.png,https://dlt.by/image/catalog/easyphoto/3391/plitkorez-elektricheskiy-dlt-optitronic-auto-1200-rez-do-1200mm-s-avtomatikoy-shijing-9231-6.jpg,https://dlt.by/image/catalog/easyphoto/3391/plitkorez-elektricheskiy-dlt-optitronic-auto-1200-rez-do-1200mm-s-avtomatikoy-shijing-9231-31.jpg,https://dlt.by/image/catalog/easyphoto/3391/plitkorez-elektricheskiy-dlt-optitronic-auto-1200-rez-do-1200mm-s-avtomatikoy-shijing-9231-32.jpg,https://dlt.by/image/catalog/easyphoto/3391/plitkorez-elektricheskiy-dlt-optitronic-auto-1200-rez-do-1200mm-s-avtomatikoy-shijing-9231-7.jpg,https://dlt.by/image/catalog/easyphoto/3391/plitkorez-elektricheskiy-dlt-optitronic-auto-1200-rez-do-1200mm-s-avtomatikoy-shijing-9231-8.jpg,https://dlt.by/image/catalog/easyphoto/3391/plitkorez-elektricheskiy-dlt-optitronic-auto-1200-rez-do-1200mm-s-avtomatikoy-shijing-9231-9.jpg,https://dlt.by/image/catalog/easyphoto/3391/plitkorez-elektricheskiy-dlt-optitronic-auto-1200-rez-do-1200mm-s-avtomatikoy-shijing-9231-10.png,https://dlt.by/image/catalog/easyphoto/3391/plitkorez-elektricheskiy-dlt-optitronic-auto-1200-rez-do-1200mm-s-avtomatikoy-shijing-9231-11.png,https://dlt.by/image/catalog/easyphoto/3391/plitkorez-elektricheskiy-dlt-optitronic-auto-1200-rez-do-1200mm-s-avtomatikoy-shijing-9231-12.jpg,https://dlt.by/image/catalog/easyphoto/3391/plitkorez-elektricheskiy-dlt-optitronic-auto-1200-rez-do-1200mm-s-avtomatikoy-shijing-9231-13.jpg,https://dlt.by/image/catalog/easyphoto/3391/plitkorez-elektricheskiy-dlt-optitronic-auto-1200-rez-do-1200mm-s-avtomatikoy-shijing-9231-14.jpg,https://dlt.by/image/catalog/easyphoto/3391/plitkorez-elektricheskiy-dlt-optitronic-auto-1200-rez-do-1200mm-s-avtomatikoy-shijing-9231-15.jpg,https://dlt.by/image/catalog/easyphoto/3391/plitkorez-elektricheskiy-dlt-optitronic-auto-1200-rez-do-1200mm-s-avtomatikoy-shijing-9231-16.jpg,https://dlt.by/image/catalog/easyphoto/3391/plitkorez-elektricheskiy-dlt-optitronic-auto-1200-rez-do-1200mm-s-avtomatikoy-shijing-9231-17.jpg,https://dlt.by/image/catalog/easyphoto/3391/plitkorez-elektricheskiy-dlt-optitronic-auto-1200-rez-do-1200mm-s-avtomatikoy-shijing-9231-18.png,https://dlt.by/image/catalog/easyphoto/3391/plitkorez-elektricheskiy-dlt-optitronic-auto-1200-rez-do-1200mm-s-avtomatikoy-shijing-9231-19.jpg,https://dlt.by/image/catalog/easyphoto/3391/plitkorez-elektricheskiy-dlt-optitronic-auto-1200-rez-do-1200mm-s-avtomatikoy-shijing-9231-20.png,https://dlt.by/image/catalog/easyphoto/3391/plitkorez-elektricheskiy-dlt-optitronic-auto-1200-rez-do-1200mm-s-avtomatikoy-shijing-9231-21.png,https://dlt.by/image/catalog/easyphoto/3391/plitkorez-elektricheskiy-dlt-optitronic-auto-1200-rez-do-1200mm-s-avtomatikoy-shijing-9231-22.png,https://dlt.by/image/catalog/easyphoto/3391/plitkorez-elektricheskiy-dlt-optitronic-auto-1200-rez-do-1200mm-s-avtomatikoy-shijing-9231-23.png,https://dlt.by/image/catalog/easyphoto/3391/plitkorez-elektricheskiy-dlt-optitronic-auto-1200-rez-do-1200mm-s-avtomatikoy-shijing-9231-24.png,https://dlt.by/image/catalog/easyphoto/3391/plitkorez-elektricheskiy-dlt-optitronic-auto-1200-rez-do-1200mm-s-avtomatikoy-shijing-9231-25.png,https://dlt.by/image/catalog/easyphoto/3391/plitkorez-elektricheskiy-dlt-optitronic-auto-1200-rez-do-1200mm-s-avtomatikoy-shijing-9231-26.png,https://dlt.by/image/catalog/easyphoto/3391/plitkorez-elektricheskiy-dlt-optitronic-auto-1200-rez-do-1200mm-s-avtomatikoy-shijing-9231-27.png,,,,,,,"
"Пистолет для герметика RollingDog 230мм, серия Standard, арт.80832G",Инструмент для укладки плитки>Пистолеты монтажные,80832G,782.45,"https://dlt.by/image/catalog/easyphoto/3378/pistolet-dlya-germetika-rollingdog-230mm-seriya-standard-art-80832g-1.jpg,,,,,,,,,,,,,,,,,,,,,,,,,,,,,,,,,,,,,,,,,,,,,"
"Напольная рекламная стойка Rollingdog, арт.DP-31",Стеллажи для инструментов,DP-31,6 500.35,"https://dlt.by/image/catalog/easyphoto/3379/napolnaya-reklamnaya-stoyka-rollingdog-art-dp-31-2.jpg,https://dlt.by/image/catalog/easyphoto/3379/napolnaya-reklamnaya-stoyka-rollingdog-art-dp-31-1.jpg,https://dlt.by/image/catalog/easyphoto/3188/stoyka-stanina-dlya-dreli-almaznogo-sverleniya-1.jpeg,,,,,,,,,,,,,,,,,,,,,,,,,,,,,,,,,,,,,,,,,,,"
"Набор открывалки для банок с краской и лопатки для перемешивания краски Rollingdog, арт.81161G",Бренды>Малярный инструмент ROLLINGDOG,81161G,1 203.77,"https://dlt.by/image/catalog/easyphoto/3380/nabor-otkryvalki-dlya-banok-s-kraskoy-i-lopatki-dlya-peremeshivaniya-kraski-rollingdog-art-81161g-1.jpg,https://dlt.by/image/catalog/easyphoto/3380/nabor-otkryvalki-dlya-banok-s-kraskoy-i-lopatki-dlya-peremeshivaniya-kraski-rollingdog-art-81161g-2.jpg,,,,,,,,,,,,,,,,,,,,,,,,,,,,,,,,,,,,,,,,,,,,"
"Кювета для краски Rollingdog 9"" (230мм), серия Elite, арт.20126",Уцененные товары,20126 (ycenka),511.60,"https://dlt.by/image/catalog/easyphoto/3382/kyuveta-dlya-kraski-rollingdog-9-230mm-seriya-elite-art-20126-2.jpg,https://dlt.by/image/catalog/easyphoto/3382/kyuveta-dlya-kraski-rollingdog-9-230mm-seriya-elite-art-20126-1.jpg,https://dlt.by/image/catalog/easyphoto/2328/podvesnaya-kyuveta-dlya-kraski-rollingdog-270mm-seriya-elite-art-20120-1.jpg,,,,,,,,,,,,,,,,,,,,,,,,,,,,,,,,,,,,,,,,,,,"
"Гравер DLT G-100, арт.1151",Инструмент для укладки плитки>Граверы и оснастка,1151,9 389.40,"https://dlt.by/image/catalog/easyphoto/3384/graver-dlt-g-100-art-1151-16.jpg,https://dlt.by/image/catalog/easyphoto/3384/graver-dlt-g-100-art-1151-6.jpg,https://dlt.by/image/catalog/easyphoto/3384/graver-dlt-g-100-art-1151-9.jpg,https://dlt.by/image/catalog/easyphoto/3384/graver-dlt-g-100-art-1151-10.jpg,https://dlt.by/image/catalog/easyphoto/3384/graver-dlt-g-100-art-1151-11.jpg,https://dlt.by/image/catalog/easyphoto/3384/graver-dlt-g-100-art-1151-12.jpg,https://dlt.by/image/catalog/easyphoto/3384/graver-dlt-g-100-art-1151-7.jpg,https://dlt.by/image/catalog/easyphoto/3384/graver-dlt-g-100-art-1151-8.jpg,,,,,,,,,,,,,,,,,,,,,,,,,,,,,,,,,,,,,,"
"Кейс для инструментов DLT, арт.320390",Ящики для инструмента/Модульные системы,320390,4 514.13,"https://dlt.by/image/catalog/easyphoto/4305/keys-dlya-instrumentov-dlt-art-320390-3.jpg,https://dlt.by/image/catalog/easyphoto/4305/keys-dlya-instrumentov-dlt-art-320390-4.jpg,https://dlt.by/image/catalog/easyphoto/4305/keys-dlya-instrumentov-dlt-art-320390-5.jpg,https://dlt.by/image/catalog/easyphoto/4305/keys-dlya-instrumentov-dlt-art-320390-6.jpg,https://dlt.by/image/catalog/easyphoto/4305/keys-dlya-instrumentov-dlt-art-320390-7.jpg,https://dlt.by/image/catalog/easyphoto/4305/keys-dlya-instrumentov-dlt-art-320390-8.jpg,,,,,,,,,,,,,,,,,,,,,,,,,,,,,,,,,,,,,,,,"
"Запасная накладка столешницы электрического плиткореза DLT OptiTronic Auto-1200 (1515х25мм), арт.2833",Запчасти>Плиткорезы электрические>DLT OptiTronic,2833,367.15,"https://dlt.by/image/catalog/easyphoto/3386/zapasnaya-samokleyushchayasya-nakladka-stoleshnitsy-elektricheskogo-plitkoreza-dlt-optitronic-auto-1200-2.jpg,https://dlt.by/image/catalog/easyphoto/3386/zapasnaya-samokleyushchayasya-nakladka-stoleshnitsy-elektricheskogo-plitkoreza-dlt-optitronic-auto-1200-3.jpg,,,,,,,,,,,,,,,,,,,,,,,,,,,,,,,,,,,,,,,,,,,,"
"Запасная накладка столешницы электрического плиткореза DLT OptiTronic Auto-1200 (версия PRO) (SHIJING 9033) 1285*40 мм, арт.2914",Запчасти>Плиткорезы электрические>DLT OptiTronic Auto (версия PRO),2914,367.15,"https://dlt.by/image/catalog/easyphoto/3387/zapasnaya-samokleyushchayasya-nakladka-stoleshnitsy-elektricheskogo-plitkoreza-dlt-optitronic-auto-1200-versiya-pro-shijing-9033-1290-39-mm-1.jpg,https://dlt.by/image/catalog/easyphoto/3387/zapasnaya-samokleyushchayasya-nakladka-stoleshnitsy-elektricheskogo-plitkoreza-dlt-optitronic-auto-1200-versiya-pro-shijing-9033-1290-39-mm-2.jpg,,,,,,,,,,,,,,,,,,,,,,,,,,,,,,,,,,,,,,,,,,,,"
"Запасная накладка столешницы электрического плиткореза Optitronic 1600 (9261) (1960*25 мм), арт.2431",Запчасти>Плиткорезы электрические>DLT OptiTronic,2431,451.41,"https://dlt.by/image/catalog/easyphoto/3388/zapasnaya-samokleyushchayasya-nakladka-stoleshnitsy-elektricheskogo-plitkoreza-optitronic-1600-9261-1960-25-mm-1.jpg,https://dlt.by/image/catalog/easyphoto/3388/zapasnaya-samokleyushchayasya-nakladka-stoleshnitsy-elektricheskogo-plitkoreza-optitronic-1600-9261-1960-25-mm-2.jpg,,,,,,,,,,,,,,,,,,,,,,,,,,,,,,,,,,,,,,,,,,,,"
"Запасная накладка столешницы электрического плиткореза Optitronic 1800 (9251)(2160*25 мм), арт.2651",Запчасти>Плиткорезы электрические>DLT OptiTronic,2651,451.41,"https://dlt.by/image/catalog/easyphoto/3389/zapasnaya-samokleyushchayasya-nakladka-stoleshnitsy-elektricheskogo-plitkoreza-optitronic-1800-9251-2160-25-mm-1.jpg,https://dlt.by/image/catalog/easyphoto/3389/zapasnaya-samokleyushchayasya-nakladka-stoleshnitsy-elektricheskogo-plitkoreza-optitronic-1800-9251-2160-25-mm-2.jpg,,,,,,,,,,,,,,,,,,,,,,,,,,,,,,,,,,,,,,,,,,,,"
"Скребок многофункциональный 14 в 1 Rollingdog, серия Elite, арт.50417-T",Малярный и штукатурный инструмент>Скребки малярные,50417-T,559.75,"https://dlt.by/image/catalog/easyphoto/2404/skrebok-izognutyy-rollingdog-3-75mm-seriya-elite-art-50416-1.jpg,,,,,,,,,,,,,,,,,,,,,,,,,,,,,,,,,,,,,,,,,,,,,"
"Запасная защитная крышка присоски DLT VST-65 для рельефной плитки с АВТО подкачкой, арт.2703",Запчасти>Присоски электрические>DLT VST-65,2703,186.58,"https://dlt.by/image/catalog/easyphoto/3395/zapasnaya-zashchitnaya-kryshka-prisoski-dlt-vst-65-dlya-relefnoy-plitki-s-avto-podkachkoy-2.jpg,https://dlt.by/image/catalog/easyphoto/3395/zapasnaya-zashchitnaya-kryshka-prisoski-dlt-vst-65-dlya-relefnoy-plitki-s-avto-podkachkoy-3.jpg,,,,,,,,,,,,,,,,,,,,,,,,,,,,,,,,,,,,,,,,,,,,"
"Запасной большой клапан присоски DLT VST-65 для рельефной плитки с АВТО подкачкой, арт.2702",Запчасти>Присоски электрические>DLT VST-65,2702,337.06,"https://dlt.by/image/catalog/easyphoto/3396/zapasnoy-bolshoy-klapan-prisoski-dlt-vst-65-dlya-relefnoy-plitki-s-avto-podkachkoy-3.jpg,,,,,,,,,,,,,,,,,,,,,,,,,,,,,,,,,,,,,,,,,,,,,"
"Запасной малый клапан присоски DLT VST-65 для рельефной плитки с АВТО подкачкой, арт.2701",Запчасти>Присоски электрические>DLT VST-65,2701,367.15,"https://dlt.by/image/catalog/easyphoto/3397/zapasnoy-malyy-klapan-prisoski-dlt-vst-65-dlya-relefnoy-plitki-s-avto-podkachkoy-2.jpg,https://dlt.by/image/catalog/easyphoto/3397/zapasnoy-malyy-klapan-prisoski-dlt-vst-65-dlya-relefnoy-plitki-s-avto-podkachkoy-3.jpg,,,,,,,,,,,,,,,,,,,,,,,,,,,,,,,,,,,,,,,,,,,,"
"Запасной электродвигатель электрической присоски DLT VST-65 для рельефной плитки с АВТО подкачкой, арт.2700",Запчасти>Присоски электрические>DLT VST-65,2700,481.51,"https://dlt.by/image/catalog/easyphoto/3398/motor-prisoski-dlt-vst-65-dlya-relefnoy-plitki-s-avto-podkachkoy-1.jpg,https://dlt.by/image/catalog/easyphoto/3398/motor-prisoski-dlt-vst-65-dlya-relefnoy-plitki-s-avto-podkachkoy-2.jpg,,,,,,,,,,,,,,,,,,,,,,,,,,,,,,,,,,,,,,,,,,,,"
"Запасная плата управления присоски DLT VST-65 для рельефной плитки с АВТО подкачкой, арт.2699",Запчасти>Присоски электрические>DLT VST-65,2699,571.79,"https://dlt.by/image/catalog/easyphoto/3399/zapasnaya-plata-upravleniya-prisoski-dlt-vst-65-dlya-relefnoy-plitki-s-avto-podkachkoy-art-2699-3.jpg,https://dlt.by/image/catalog/easyphoto/3399/zapasnaya-plata-upravleniya-prisoski-dlt-vst-65-dlya-relefnoy-plitki-s-avto-podkachkoy-art-2699-4.jpg,https://dlt.by/image/catalog/easyphoto/3399/zapasnaya-plata-upravleniya-prisoski-dlt-vst-65-dlya-relefnoy-plitki-s-avto-podkachkoy-art-2699-5.jpg,,,,,,,,,,,,,,,,,,,,,,,,,,,,,,,,,,,,,,,,,,,"
"Запасная защитная крышка присоски DLT VST-60 для рельефной плитки, арт.2698",Запчасти>Присоски ручные,2698,186.58,"https://dlt.by/image/catalog/easyphoto/3400/zapasnaya-zashchitnaya-kryshka-prisoski-dlt-vst-60-dlya-relefnoy-plitki-2.jpg,https://dlt.by/image/catalog/easyphoto/3400/zapasnaya-zashchitnaya-kryshka-prisoski-dlt-vst-60-dlya-relefnoy-plitki-3.jpg,,,,,,,,,,,,,,,,,,,,,,,,,,,,,,,,,,,,,,,,,,,,"
"Запасной поршень присоски DLT VST-60 для рельефной плитки, 6 дюймов, арт.2697",Запчасти>Присоски ручные,2697,306.96,"https://dlt.by/image/catalog/easyphoto/3401/zapasnoy-porshen-prisoski-dlt-vst-60-dlya-relefnoy-plitki-6-dyuymov-2.jpg,https://dlt.by/image/catalog/easyphoto/3401/zapasnoy-porshen-prisoski-dlt-vst-60-dlya-relefnoy-plitki-6-dyuymov-3.jpg,https://dlt.by/image/catalog/easyphoto/3401/zapasnoy-porshen-prisoski-dlt-vst-60-dlya-relefnoy-plitki-6-dyuymov-4.jpg,,,,,,,,,,,,,,,,,,,,,,,,,,,,,,,,,,,,,,,,,,,"
"Запасной фильтр присоски DLT VST-60 для рельефной плитки, арт.2696",Запчасти>Присоски электрические>DLT VST-65,2696,186.58,"https://dlt.by/image/catalog/easyphoto/3402/zapasnoy-filtr-prisoski-dlt-vst-60-dlya-relefnoy-plitki-3.jpg,https://dlt.by/image/catalog/easyphoto/3402/zapasnoy-filtr-prisoski-dlt-vst-60-dlya-relefnoy-plitki-2.jpg,,,,,,,,,,,,,,,,,,,,,,,,,,,,,,,,,,,,,,,,,,,,"
"Запасной аккумулятор присоски DLT VST-200 для рельефной плитки с АВТО подкачкой, арт.2695",Запчасти>Присоски электрические>DLT VST-200,2695,337.06,"https://dlt.by/image/catalog/easyphoto/3403/zapasnoy-akkumulyator-prisoski-dlt-vst-200-dlya-relefnoy-plitki-s-avto-podkachkoy-2.jpg,https://dlt.by/image/catalog/easyphoto/3403/zapasnoy-akkumulyator-prisoski-dlt-vst-200-dlya-relefnoy-plitki-s-avto-podkachkoy-3.jpg,,,,,,,,,,,,,,,,,,,,,,,,,,,,,,,,,,,,,,,,,,,,"
"Запасной большой клапан присоски DLT VST-200 для рельефной плитки с АВТО подкачкой, арт.2694",Запчасти>Присоски электрические>DLT VST-200,2694,337.06,"https://dlt.by/image/catalog/easyphoto/3404/zapasnoy-bolshoy-klapan-prisoski-dlt-vst-200-dlya-relefnoy-plitki-s-avto-podkachkoy-4.jpg,,,,,,,,,,,,,,,,,,,,,,,,,,,,,,,,,,,,,,,,,,,,,"
"Запасной малый клапан присоски DLT VST-200 для рельефной плитки с АВТО подкачкой, арт.2692",Запчасти>Присоски электрические>DLT VST-200,2692,337.06,"https://dlt.by/image/catalog/easyphoto/3406/zapasnoy-malyy-klapan-prisoski-dlt-vst-200-dlya-relefnoy-plitki-s-avto-podkachkoy-2.jpg,https://dlt.by/image/catalog/easyphoto/3406/zapasnoy-malyy-klapan-prisoski-dlt-vst-200-dlya-relefnoy-plitki-s-avto-podkachkoy-3.jpg,,,,,,,,,,,,,,,,,,,,,,,,,,,,,,,,,,,,,,,,,,,,"
"Запасной электродвигатель электрической присоски DLT VST-200 для рельефной плитки с АВТО подкачкой, арт.2691",Запчасти>Присоски электрические>DLT VST-200,2691,481.51,"https://dlt.by/image/catalog/easyphoto/3407/motor-prisoski-dlt-vst-200-dlya-relefnoy-plitki-s-avto-podkachkoy-2.jpg,https://dlt.by/image/catalog/easyphoto/3407/motor-prisoski-dlt-vst-200-dlya-relefnoy-plitki-s-avto-podkachkoy-1.jpg,,,,,,,,,,,,,,,,,,,,,,,,,,,,,,,,,,,,,,,,,,,,"
"Запасная защитная крышка помповой присоски DLT VST-209, арт.2690",Запчасти>Присоски ручные,2690,306.96,"https://dlt.by/image/catalog/easyphoto/3408/zapasnaya-zashchitnaya-kryshka-pompovoy-prisoski-dlt-vst-209-2.jpg,https://dlt.by/image/catalog/easyphoto/3408/zapasnaya-zashchitnaya-kryshka-pompovoy-prisoski-dlt-vst-209-3.jpg,,,,,,,,,,,,,,,,,,,,,,,,,,,,,,,,,,,,,,,,,,,,"
"Запасной фиксатор газового баллона для газового гвоздезабивного монтажного пистолета HYBEST GSR40A, арт.2705",Запчасти>Монтажные пистолеты>HYBEST GSR40A,2705,186.58,"https://dlt.by/image/catalog/easyphoto/3409/zapasnoy-fiksator-gazovogo-ballona-dlya-gazovogo-gvozdezabivnogo-montazhnogo-pistoleta-hybest-gsr40a-4.jpg,https://dlt.by/image/catalog/easyphoto/3409/zapasnoy-fiksator-gazovogo-ballona-dlya-gazovogo-gvozdezabivnogo-montazhnogo-pistoleta-hybest-gsr40a-2.jpg,https://dlt.by/image/catalog/easyphoto/3409/zapasnoy-fiksator-gazovogo-ballona-dlya-gazovogo-gvozdezabivnogo-montazhnogo-pistoleta-hybest-gsr40a-3.jpg,,,,,,,,,,,,,,,,,,,,,,,,,,,,,,,,,,,,,,,,,,,"
"Запасная кнопка виброприсоски для укладки плитки DLT SUABU/VIBRO Mini, арт.2688",Запчасти>Присоски вибро>DLT SUABU/VIBRO Mini,2688,306.96,"https://dlt.by/image/catalog/easyphoto/3410/zapasnaya-knopka-vibroprisoski-dlya-ukladki-plitki-dlt-suabu-vibro-mini-2.jpg,https://dlt.by/image/catalog/easyphoto/3410/zapasnaya-knopka-vibroprisoski-dlya-ukladki-plitki-dlt-suabu-vibro-mini-3.jpg,,,,,,,,,,,,,,,,,,,,,,,,,,,,,,,,,,,,,,,,,,,,"
"Запасная плата аккумулятора виброприсоски для укладки плитки DLT SUABU/DLT SUABU/VIBRO Mini, арт.2687",Запчасти>Присоски вибро>DLT SUABU/VIBRO Mini,2687,1 233.86,"https://dlt.by/image/catalog/easyphoto/3411/zapasnaya-plata-akkumulyatora-vibroprisoski-dlya-ukladki-plitki-dlt-suabu-dlt-suabu-vibro-mini-2.jpg,https://dlt.by/image/catalog/easyphoto/3411/zapasnaya-plata-akkumulyatora-vibroprisoski-dlya-ukladki-plitki-dlt-suabu-dlt-suabu-vibro-mini-3.jpg,https://dlt.by/image/catalog/easyphoto/3411/zapasnaya-plata-akkumulyatora-vibroprisoski-dlya-ukladki-plitki-dlt-suabu-dlt-suabu-vibro-mini-4.jpg,https://dlt.by/image/catalog/easyphoto/3411/zapasnaya-plata-akkumulyatora-vibroprisoski-dlya-ukladki-plitki-dlt-suabu-dlt-suabu-vibro-mini-5.jpg,,,,,,,,,,,,,,,,,,,,,,,,,,,,,,,,,,,,,,,,,,"
"Запасной мотор виброприсоски для укладки плитки DLT SUABU/VIBRO Mini, арт.2686",Запчасти>Присоски вибро>DLT SUABU/VIBRO Mini,2686,1 354.24,"https://dlt.by/image/catalog/easyphoto/3412/zapasnoy-motor-vibroprisoski-dlya-ukladki-plitki-dlt-suabu-vibro-mini-2.jpg,https://dlt.by/image/catalog/easyphoto/3412/zapasnoy-motor-vibroprisoski-dlya-ukladki-plitki-dlt-suabu-vibro-mini-4.jpg,https://dlt.by/image/catalog/easyphoto/3412/zapasnoy-motor-vibroprisoski-dlya-ukladki-plitki-dlt-suabu-vibro-mini-3.jpg,,,,,,,,,,,,,,,,,,,,,,,,,,,,,,,,,,,,,,,,,,,"
"Запасная плата управления виброприсоски для укладки плитки DLT SUABU/DLT SUABU/VIBRO Mini, арт.2685",Запчасти>Присоски вибро>DLT SUABU/VIBRO Mini,2685,631.98,"https://dlt.by/image/catalog/easyphoto/3413/zapasnaya-plata-upravleniya-vibroprisoski-dlya-ukladki-plitki-dlt-suabu-dlt-suabu-vibro-mini-3.jpg,https://dlt.by/image/catalog/easyphoto/3413/zapasnaya-plata-upravleniya-vibroprisoski-dlya-ukladki-plitki-dlt-suabu-dlt-suabu-vibro-mini-4.jpg,,,,,,,,,,,,,,,,,,,,,,,,,,,,,,,,,,,,,,,,,,,,"
"Флажок виброприсоски для укладки плитки DLT SUABU PRO, арт.2684",Запчасти>Присоски вибро>DLT SUABU PRO,2684,306.96,"https://dlt.by/image/catalog/easyphoto/3414/flazhok-vibroprisoski-dlya-ukladki-plitki-dlt-suabu-pro-2.jpg,https://dlt.by/image/catalog/easyphoto/3414/flazhok-vibroprisoski-dlya-ukladki-plitki-dlt-suabu-pro-3.jpg,https://dlt.by/image/catalog/easyphoto/3414/flazhok-vibroprisoski-dlya-ukladki-plitki-dlt-suabu-pro-4.jpg,,,,,,,,,,,,,,,,,,,,,,,,,,,,,,,,,,,,,,,,,,,"
"Запасной мотор виброприсоски для укладки плитки DLT SUABU PRO, арт.2683",Запчасти>Присоски вибро>DLT SUABU PRO,2683,1 594.99,"https://dlt.by/image/catalog/easyphoto/3415/zapasnoy-motor-vibroprisoski-dlya-ukladki-plitki-dlt-suabu-pro-8.jpg,https://dlt.by/image/catalog/easyphoto/3415/zapasnoy-motor-vibroprisoski-dlya-ukladki-plitki-dlt-suabu-pro-9.jpg,https://dlt.by/image/catalog/easyphoto/3415/zapasnoy-motor-vibroprisoski-dlya-ukladki-plitki-dlt-suabu-pro-10.jpg,,,,,,,,,,,,,,,,,,,,,,,,,,,,,,,,,,,,,,,,,,,"
"Запасная кнопка виброприсоски для укладки плитки DLT SUABU PRO, арт.2682",Запчасти>Присоски вибро>DLT SUABU PRO,2682,367.15,"https://dlt.by/image/catalog/easyphoto/3416/zapasnaya-knopka-vibroprisoski-dlya-ukladki-plitki-dlt-suabu-pro-3.jpg,https://dlt.by/image/catalog/easyphoto/3416/zapasnaya-knopka-vibroprisoski-dlya-ukladki-plitki-dlt-suabu-pro-4.jpg,https://dlt.by/image/catalog/easyphoto/3416/zapasnaya-knopka-vibroprisoski-dlya-ukladki-plitki-dlt-suabu-pro-2.jpg,,,,,,,,,,,,,,,,,,,,,,,,,,,,,,,,,,,,,,,,,,,"
"Запасной флажок двойной присоски для гладкой и шероховатой поверхности RUBI, арт.2689",Запчасти>Присоски ручные,2689,306.96,"https://dlt.by/image/catalog/easyphoto/3418/zapasnoy-flazhok-dvoynoy-prisoski-dlya-gladkoy-i-sherohovatoy-poverhnosti-rubi-2.jpg,https://dlt.by/image/catalog/easyphoto/3418/zapasnoy-flazhok-dvoynoy-prisoski-dlya-gladkoy-i-sherohovatoy-poverhnosti-rubi-3.jpg,https://dlt.by/image/catalog/easyphoto/3418/zapasnoy-flazhok-dvoynoy-prisoski-dlya-gladkoy-i-sherohovatoy-poverhnosti-rubi-4.jpg,,,,,,,,,,,,,,,,,,,,,,,,,,,,,,,,,,,,,,,,,,,"
"Запасные контакты на аккумулятор для газового гвоздезабивного монтажного пистолета Toua GSN 50/ GSN 50C/GSN F1, арт.2707",Запчасти>Монтажные пистолеты>Toua GSN 50/50C,2707,451.41,"https://dlt.by/image/catalog/easyphoto/3420/zapasnye-kontakty-na-akkumulyator-dlya-gazovogo-gvozdezabivnogo-montazhnogo-pistoleta-toua-gsn-50-gsn-50c-gsn-f1-2.jpg,https://dlt.by/image/catalog/easyphoto/3420/zapasnye-kontakty-na-akkumulyator-dlya-gazovogo-gvozdezabivnogo-montazhnogo-pistoleta-toua-gsn-50-gsn-50c-gsn-f1-3.jpg,,,,,,,,,,,,,,,,,,,,,,,,,,,,,,,,,,,,,,,,,,,,"
"Запасная кнопка курок для газового гвоздезабивного монтажного пистолета TouaGSN 50/ GSN 50C/GSN F1, арт.2708",Запчасти>Монтажные пистолеты>Toua GSN 50/50C,2708,481.51,"https://dlt.by/image/catalog/easyphoto/3421/zapasnaya-knopka-kurok-dlya-gazovogo-gvozdezabivnogo-montazhnogo-pistoleta-touagsn-50-gsn-50c-gsn-f1-2.jpg,https://dlt.by/image/catalog/easyphoto/3421/zapasnaya-knopka-kurok-dlya-gazovogo-gvozdezabivnogo-montazhnogo-pistoleta-touagsn-50-gsn-50c-gsn-f1-3.jpg,,,,,,,,,,,,,,,,,,,,,,,,,,,,,,,,,,,,,,,,,,,,"
"Запасная свеча зажигания для газового гвоздезабивного монтажного пистолета Toua GSN 50/ GSN 50C/GSN F1, арт.2709",Запчасти>Монтажные пистолеты>Toua GSN 50/50C,2709,306.96,"https://dlt.by/image/catalog/easyphoto/3422/zapasnaya-svecha-zazhiganiya-dlya-gazovogo-gvozdezabivnogo-montazhnogo-pistoleta-toua-gsn-50-gsn-50c-gsn-f1-2.jpg,https://dlt.by/image/catalog/easyphoto/3422/zapasnaya-svecha-zazhiganiya-dlya-gazovogo-gvozdezabivnogo-montazhnogo-pistoleta-toua-gsn-50-gsn-50c-gsn-f1-3.jpg,https://dlt.by/image/catalog/easyphoto/3422/zapasnaya-svecha-zazhiganiya-dlya-gazovogo-gvozdezabivnogo-montazhnogo-pistoleta-toua-gsn-50-gsn-50c-gsn-f1-4.jpg,,,,,,,,,,,,,,,,,,,,,,,,,,,,,,,,,,,,,,,,,,,"
"Запасная плата моторчика для газового гвоздезабивного монтажного пистолета Toua GSN 50/ GSN 50C/GSN F1, арт.2710",Запчасти>Монтажные пистолеты>Toua GSN 50/50C,2710,306.96,"https://dlt.by/image/catalog/easyphoto/3423/zapasnaya-plata-motorchika-dlya-gazovogo-gvozdezabivnogo-montazhnogo-pistoleta-toua-gsn-50-gsn-50c-gsn-f1-3.jpg,https://dlt.by/image/catalog/easyphoto/3423/zapasnaya-plata-motorchika-dlya-gazovogo-gvozdezabivnogo-montazhnogo-pistoleta-toua-gsn-50-gsn-50c-gsn-f1-2.jpg,,,,,,,,,,,,,,,,,,,,,,,,,,,,,,,,,,,,,,,,,,,,"
"Запасной моторчик с крыльчаткой для газового гвоздезабивного монтажного пистолета Toua GSN 50/ GSN 50C, арт.2711", Запчасти>Монтажные пистолеты>Toua GSN 50/50C,2711,11 586.28,"https://dlt.by/image/catalog/easyphoto/3424/zapasnoy-motorchik-s-krylchatkoy-dlya-gazovogo-gvozdezabivnogo-montazhnogo-pistoleta-toua-gsn-50-gsn-50c-2.jpg,https://dlt.by/image/catalog/easyphoto/3424/zapasnoy-motorchik-s-krylchatkoy-dlya-gazovogo-gvozdezabivnogo-montazhnogo-pistoleta-toua-gsn-50-gsn-50c-3.jpg,,,,,,,,,,,,,,,,,,,,,,,,,,,,,,,,,,,,,,,,,,,,"
"Запасной буфер резиновый для газового гвоздезабивного монтажного пистолета Toua GSN 50/ GSN 50C, арт.2712",Запчасти>Монтажные пистолеты>Toua GSN 50/50C,2712,1 143.58,"https://dlt.by/image/catalog/easyphoto/3425/zapasnoy-bufer-rezinovyy-dlya-gazovogo-gvozdezabivnogo-montazhnogo-pistoleta-toua-gsn-50-gsn-50c-5.jpg,https://dlt.by/image/catalog/easyphoto/3425/zapasnoy-bufer-rezinovyy-dlya-gazovogo-gvozdezabivnogo-montazhnogo-pistoleta-toua-gsn-50-gsn-50c-6.jpg,https://dlt.by/image/catalog/easyphoto/3425/zapasnoy-bufer-rezinovyy-dlya-gazovogo-gvozdezabivnogo-montazhnogo-pistoleta-toua-gsn-50-gsn-50c-7.jpg,,,,,,,,,,,,,,,,,,,,,,,,,,,,,,,,,,,,,,,,,,,"
"Запасной моторчик с крыльчаткой для газового гвоздезабивного монтажного пистолета Toua GSN F1, арт.2917",Запчасти>Монтажные пистолеты>Toua GSN F1,2917,11 586.28,"https://dlt.by/image/catalog/easyphoto/3426/zapasnoy-motorchik-s-krylchatkoy-dlya-gazovogo-gvozdezabivnogo-montazhnogo-pistoleta-toua-gsn-f1-2.jpg,https://dlt.by/image/catalog/easyphoto/3426/zapasnoy-motorchik-s-krylchatkoy-dlya-gazovogo-gvozdezabivnogo-montazhnogo-pistoleta-toua-gsn-f1-3.jpg,,,,,,,,,,,,,,,,,,,,,,,,,,,,,,,,,,,,,,,,,,,,"
"Запасной буфер резиновый для газового гвоздезабивного монтажного пистолета Toua GSN F1, арт.2918",Запчасти>Монтажные пистолеты>Toua GSN F1,2918,1 143.58,"https://dlt.by/image/catalog/easyphoto/3427/zapasnoy-bufer-rezinovyy-dlya-gazovogo-gvozdezabivnogo-montazhnogo-pistoleta-toua-gsn-f1-3.jpg,https://dlt.by/image/catalog/easyphoto/3427/zapasnoy-bufer-rezinovyy-dlya-gazovogo-gvozdezabivnogo-montazhnogo-pistoleta-toua-gsn-f1-4.jpg,https://dlt.by/image/catalog/easyphoto/3427/zapasnoy-bufer-rezinovyy-dlya-gazovogo-gvozdezabivnogo-montazhnogo-pistoleta-toua-gsn-f1-2.jpg,,,,,,,,,,,,,,,,,,,,,,,,,,,,,,,,,,,,,,,,,,,"
"Запасной фиксатор газового баллона для газового гвоздезабивного монтажного пистолета Toua GSN 50/ GSN 50C/GSN F1, арт.2713",Запчасти>Монтажные пистолеты>Toua GSN F1,2713,186.58,"https://dlt.by/image/catalog/easyphoto/3428/zapasnoy-fiksator-gazovogo-ballona-dlya-gazovogo-gvozdezabivnogo-montazhnogo-pistoleta-toua-gsn-50-gsn-50c-gsn-f1-5.jpg,https://dlt.by/image/catalog/easyphoto/3428/zapasnoy-fiksator-gazovogo-ballona-dlya-gazovogo-gvozdezabivnogo-montazhnogo-pistoleta-toua-gsn-50-gsn-50c-gsn-f1-3.jpg,https://dlt.by/image/catalog/easyphoto/3428/zapasnoy-fiksator-gazovogo-ballona-dlya-gazovogo-gvozdezabivnogo-montazhnogo-pistoleta-toua-gsn-50-gsn-50c-gsn-f1-4.jpg,,,,,,,,,,,,,,,,,,,,,,,,,,,,,,,,,,,,,,,,,,,"
"Запасной фиксатор газового баллона для газового гвоздезабивного монтажного пистолета Toua GSN65, арт.2714",Запчасти>Монтажные пистолеты>Toua GSN65,2714,186.58,"https://dlt.by/image/catalog/easyphoto/3429/zapasnoy-fiksator-gazovogo-ballona-dlya-gazovogo-gvozdezabivnogo-montazhnogo-pistoleta-toua-gsn65-3.jpg,https://dlt.by/image/catalog/easyphoto/3429/zapasnoy-fiksator-gazovogo-ballona-dlya-gazovogo-gvozdezabivnogo-montazhnogo-pistoleta-toua-gsn65-4.jpg,https://dlt.by/image/catalog/easyphoto/3429/zapasnoy-fiksator-gazovogo-ballona-dlya-gazovogo-gvozdezabivnogo-montazhnogo-pistoleta-toua-gsn65-2.jpg,,,,,,,,,,,,,,,,,,,,,,,,,,,,,,,,,,,,,,,,,,,"
"Флажки крепления присоски плиткореза DLT MAXSLim NEW, арт.2715",Запчасти>Системы резки крупноформата,2715,156.49,"https://dlt.by/image/catalog/easyphoto/3430/flazhki-krepleniya-prisoski-plitkoreza-dlt-maxslim-new-2.jpg,https://dlt.by/image/catalog/easyphoto/3430/flazhki-krepleniya-prisoski-plitkoreza-dlt-maxslim-new-3.jpg,https://dlt.by/image/catalog/easyphoto/3430/flazhki-krepleniya-prisoski-plitkoreza-dlt-maxslim-new-4.jpg,,,,,,,,,,,,,,,,,,,,,,,,,,,,,,,,,,,,,,,,,,,"
"Соединительная планка плиткореза DLT MAXSLim NEW, арт.2716",Запчасти,2716,306.96,"https://dlt.by/image/catalog/easyphoto/3431/soedinitelnaya-planka-plitkoreza-dlt-maxslim-new-2.jpg,https://dlt.by/image/catalog/easyphoto/3431/soedinitelnaya-planka-plitkoreza-dlt-maxslim-new-3.jpg,https://dlt.by/image/catalog/easyphoto/3431/soedinitelnaya-planka-plitkoreza-dlt-maxslim-new-4.jpg,https://dlt.by/image/catalog/easyphoto/3431/soedinitelnaya-planka-plitkoreza-dlt-maxslim-new-5.jpg,,,,,,,,,,,,,,,,,,,,,,,,,,,,,,,,,,,,,,,,,,"
"Диск для скругления плитки BIHUI Ø75мм, толщина 10мм, #50, арт.DGW310",Алмазная оснастка>Алмазные диски>Алмазные диски для скругления и ступеней,DGW310,1 294.05,"https://dlt.by/image/catalog/easyphoto/3453/disk-dlya-skrugleniya-plitki-bihui-75mm-tolshchina-10mm-50-1.jpg,https://dlt.by/image/catalog/easyphoto/3453/disk-dlya-skrugleniya-plitki-bihui-75mm-tolshchina-10mm-50-2.jpg,https://dlt.by/image/catalog/easyphoto/3453/disk-dlya-skrugleniya-plitki-bihui-75mm-tolshchina-10mm-50-3.jpg,https://dlt.by/image/catalog/easyphoto/3453/disk-dlya-skrugleniya-plitki-bihui-75mm-tolshchina-10mm-50-4.jpg,,,,,,,,,,,,,,,,,,,,,,,,,,,,,,,,,,,,,,,,,,"
"Кейс-тележка для инструментов DLT, арт.320394",Ящики для инструмента. Модульные системы.,320394,8 727.33,"https://dlt.by/image/catalog/easyphoto/3491/keys-telezhka-dlya-instrumentov-dlt-art-320394-serii-pro-9.jpg,https://dlt.by/image/catalog/easyphoto/3491/keys-telezhka-dlya-instrumentov-dlt-art-320394-serii-pro-10.jpg,https://dlt.by/image/catalog/easyphoto/3491/keys-telezhka-dlya-instrumentov-dlt-art-320394-serii-pro-11.jpg,https://dlt.by/image/catalog/easyphoto/3491/keys-telezhka-dlya-instrumentov-dlt-art-320394-serii-pro-12.jpg,https://dlt.by/image/catalog/easyphoto/3491/keys-telezhka-dlya-instrumentov-dlt-art-320394-serii-pro-13.jpg,https://dlt.by/image/catalog/easyphoto/3491/keys-telezhka-dlya-instrumentov-dlt-art-320394-serii-pro-14.jpg,https://dlt.by/image/catalog/easyphoto/3491/keys-telezhka-dlya-instrumentov-dlt-art-320394-serii-pro-15.jpg,https://dlt.by/image/catalog/easyphoto/3491/keys-telezhka-dlya-instrumentov-dlt-art-320394-serii-pro-16.jpg,https://dlt.by/image/catalog/easyphoto/3491/keys-telezhka-dlya-instrumentov-dlt-art-320394-serii-pro-17.jpg,https://dlt.by/image/catalog/easyphoto/3491/keys-telezhka-dlya-instrumentov-dlt-art-320394-serii-pro-18.jpg,,,,,,,,,,,,,,,,,,,,,,,,,,,,,,,,,,,,"
"Гребенка BIHUI 320*120мм, зуб 8мм, арт.PTSH08",Инструмент для укладки плитки>Гребенки,PTSH08,752.36,"https://dlt.by/image/catalog/easyphoto/3470/grebenka-bihui-320-120mm-zub-8mm-art-ptsh08-3.jpg,https://dlt.by/image/catalog/easyphoto/3470/grebenka-bihui-320-120mm-zub-8mm-art-ptsh08-4.jpg,https://dlt.by/image/catalog/easyphoto/3470/grebenka-bihui-320-120mm-zub-8mm-art-ptsh08-5.jpg,https://dlt.by/image/catalog/easyphoto/3470/grebenka-bihui-320-120mm-zub-8mm-art-ptsh08-6.jpg,,,,,,,,,,,,,,,,,,,,,,,,,,,,,,,,,,,,,,,,,,"
"Кювета плиточника SquEasy, 22л, арт.SQE22",Акции на строительный инструмент,SQE22,13 993.82,"https://dlt.by/image/catalog/easyphoto/3434/kyuveta-plitochnika-squeasy-22l-art-sqe22-2.jpg,https://dlt.by/image/catalog/easyphoto/3434/kyuveta-plitochnika-squeasy-22l-art-sqe22-3.jpg,https://dlt.by/image/catalog/easyphoto/3434/kyuveta-plitochnika-squeasy-22l-art-sqe22-4.jpg,https://dlt.by/image/catalog/easyphoto/3434/kyuveta-plitochnika-squeasy-22l-art-sqe22-5.jpg,https://dlt.by/image/catalog/easyphoto/3434/kyuveta-plitochnika-squeasy-22l-art-sqe22-6.jpg,https://dlt.by/image/catalog/easyphoto/3434/kyuveta-plitochnika-squeasy-22l-art-sqe22-7.jpg,https://dlt.by/image/catalog/easyphoto/3434/kyuveta-plitochnika-squeasy-22l-art-sqe22-8.jpg,https://dlt.by/image/catalog/easyphoto/3434/kyuveta-plitochnika-squeasy-22l-art-sqe22-9.jpg,https://dlt.by/image/catalog/easyphoto/3434/kyuveta-plitochnika-squeasy-22l-art-sqe22-10.jpg,https://dlt.by/image/catalog/easyphoto/3434/kyuveta-plitochnika-squeasy-22l-art-sqe22-11.jpg,https://dlt.by/image/catalog/easyphoto/3434/kyuveta-plitochnika-squeasy-22l-art-sqe22-12.jpg,,,,,,,,,,,,,,,,,,,,,,,,,,,,,,,,,,,"
"Запасная боковая деталь крепления направляющих электрического плиткореза DLT OptiTronic Auto (версия PRO), ПРАВАЯ, арт. 3604R",Запчасти>Плиткорезы электрические>DLT OptiTronic Auto (версия PRO),3604R,2 106.60,"https://dlt.by/image/catalog/easyphoto/4309/zapasnaya-bokovaya-detal-krepleniya-napravlyayushchih-elektricheskogo-plitkoreza-dlt-optitronic-auto-versiya-pro-pravaya-art-3604r-4.jpg,https://dlt.by/image/catalog/easyphoto/4309/zapasnaya-bokovaya-detal-krepleniya-napravlyayushchih-elektricheskogo-plitkoreza-dlt-optitronic-auto-versiya-pro-pravaya-art-3604r-5.jpg,,,,,,,,,,,,,,,,,,,,,,,,,,,,,,,,,,,,,,,,,,,,"
"Стойка 60х30 Н2400 , арт.2947",Стеллажи для инструментов,2947,2 618.20,"https://dlt.by/image/catalog/easyphoto/4058/stoyka-60h30-n2400-s-bazoy-1.jpg,,,,,,,,,,,,,,,,,,,,,,,,,,,,,,,,,,,,,,,,,,,,,"
"Электрическая присоска DLT P618A-W с АВТО подкачкой, для гладкой и рельефной поверхности, Ø8 дюймов, арт.2629",Инструмент для укладки плитки>Присоски для плитки и стекла>Электрические присоски и поршни,2629,4 062.72,"https://dlt.by/image/catalog/easyphoto/3435/prisoska-elektricheskaya-dlt-p618a-w-dlya-relefnoy-plitki-s-avto-podkachkoy-1.jpg,https://dlt.by/image/catalog/easyphoto/3435/prisoska-elektricheskaya-dlt-p618a-w-dlya-relefnoy-plitki-s-avto-podkachkoy-3.jpg,https://dlt.by/image/catalog/easyphoto/3435/prisoska-elektricheskaya-dlt-p618a-w-dlya-relefnoy-plitki-s-avto-podkachkoy-2.jpg,https://dlt.by/image/catalog/easyphoto/3435/prisoska-elektricheskaya-dlt-p618a-w-dlya-relefnoy-plitki-s-avto-podkachkoy-5.jpg,https://dlt.by/image/catalog/easyphoto/3435/prisoska-elektricheskaya-dlt-p618a-w-dlya-relefnoy-plitki-s-avto-podkachkoy-4.jpg,https://dlt.by/image/catalog/easyphoto/3435/prisoska-elektricheskaya-dlt-p618a-w-dlya-relefnoy-plitki-s-avto-podkachkoy-6.jpg,https://dlt.by/image/catalog/easyphoto/3435/prisoska-elektricheskaya-dlt-p618a-w-dlya-relefnoy-plitki-s-avto-podkachkoy-7.jpg,,,,,,,,,,,,,,,,,,,,,,,,,,,,,,,,,,,,,,,"
"Кондуктор (шаблон) для алмазных коронок P615, арт.2656",Акции на строительный инструмент,2656,2 407.54,"https://dlt.by/image/catalog/easyphoto/3436/konduktor-dlya-almaznyh-koronok-p615-5.jpg,https://dlt.by/image/catalog/easyphoto/3436/konduktor-dlya-almaznyh-koronok-p615-6.jpg,https://dlt.by/image/catalog/easyphoto/3436/konduktor-dlya-almaznyh-koronok-p615-7.jpg,https://dlt.by/image/catalog/easyphoto/3436/konduktor-dlya-almaznyh-koronok-p615-8.jpg,https://dlt.by/image/catalog/easyphoto/3436/konduktor-dlya-almaznyh-koronok-p615-9.jpg,https://dlt.by/image/catalog/easyphoto/3436/konduktor-dlya-almaznyh-koronok-p615-10.jpg,,,,,,,,,,,,,,,,,,,,,,,,,,,,,,,,,,,,,,,,"
"Резиновая киянка, арт.6011",Инструмент для укладки плитки>Киянки резиновые,6011,752.36,"https://dlt.by/image/catalog/easyphoto/3437/rezinovaya-kiyanka-art-6011-2.jpg,https://dlt.by/image/catalog/easyphoto/3437/rezinovaya-kiyanka-art-6011-3.jpg,https://dlt.by/image/catalog/easyphoto/3437/rezinovaya-kiyanka-art-6011-5.jpg,https://dlt.by/image/catalog/easyphoto/3437/rezinovaya-kiyanka-art-6011-4.jpg,,,,,,,,,,,,,,,,,,,,,,,,,,,,,,,,,,,,,,,,,,"
"Пластиковое крепление для алмазных коронок, арт.1485",Стеллажи для инструментов,1485,66.21,"https://dlt.by/image/catalog/easyphoto/3439/plastikovoe-kreplenie-dlya-almaznyh-koronok-2.jpg,https://dlt.by/image/catalog/easyphoto/3439/plastikovoe-kreplenie-dlya-almaznyh-koronok-3.jpg,https://dlt.by/image/catalog/easyphoto/3439/plastikovoe-kreplenie-dlya-almaznyh-koronok-4.jpg,,,,,,,,,,,,,,,,,,,,,,,,,,,,,,,,,,,,,,,,,,,"
"Скребок строительный 100мм, арт.5109",Шпателя для механизированной шпатлевки>Многофункц. шпатели (скребки) ,5109,373.17,"https://dlt.by/image/catalog/easyphoto/3438/skrebok-stroitelnyy-30sm-art-5109-2.jpg,https://dlt.by/image/catalog/easyphoto/3438/skrebok-stroitelnyy-30sm-art-5109-3.jpg,https://dlt.by/image/catalog/easyphoto/3438/skrebok-stroitelnyy-30sm-art-5109-4.jpg,,,,,,,,,,,,,,,,,,,,,,,,,,,,,,,,,,,,,,,,,,,"
"Плиткорез электрический DLT OptiTronic Auto-1600, версия MAX, арт.2830",Плиткорезы электрические (камнерезы/мокрорезы),2830,176 653.11,"https://dlt.by/image/catalog/easyphoto/4329/plitkorez-elektricheskiy-dlt-optitronic-auto-1600-versiya-max-art-2830-1.jpg,https://dlt.by/image/catalog/easyphoto/4329/plitkorez-elektricheskiy-dlt-optitronic-auto-1600-versiya-max-art-2830-2.jpg,https://dlt.by/image/catalog/easyphoto/4329/plitkorez-elektricheskiy-dlt-optitronic-auto-1600-versiya-max-art-2830-3.jpg,https://dlt.by/image/catalog/easyphoto/4329/plitkorez-elektricheskiy-dlt-optitronic-auto-1600-versiya-max-art-2830-4.jpg,https://dlt.by/image/catalog/easyphoto/4329/plitkorez-elektricheskiy-dlt-optitronic-auto-1600-versiya-max-art-2830-5.jpg,https://dlt.by/image/catalog/easyphoto/4329/plitkorez-elektricheskiy-dlt-optitronic-auto-1600-versiya-max-art-2830-6.jpg,https://dlt.by/image/catalog/easyphoto/4329/plitkorez-elektricheskiy-dlt-optitronic-auto-1600-versiya-max-art-2830-7.jpg,https://dlt.by/image/catalog/easyphoto/4329/plitkorez-elektricheskiy-dlt-optitronic-auto-1600-versiya-max-art-2830-8.jpg,https://dlt.by/image/catalog/easyphoto/4329/plitkorez-elektricheskiy-dlt-optitronic-auto-1600-versiya-max-art-2830-9.jpg,https://dlt.by/image/catalog/easyphoto/4329/plitkorez-elektricheskiy-dlt-optitronic-auto-1600-versiya-max-art-2830-10.jpg,https://dlt.by/image/catalog/easyphoto/4329/plitkorez-elektricheskiy-dlt-optitronic-auto-1600-versiya-max-art-2830-11.jpg,https://dlt.by/image/catalog/easyphoto/4329/plitkorez-elektricheskiy-dlt-optitronic-auto-1600-versiya-max-art-2830-12.jpg,https://dlt.by/image/catalog/easyphoto/4329/plitkorez-elektricheskiy-dlt-optitronic-auto-1600-versiya-max-art-2830-13.jpg,https://dlt.by/image/catalog/easyphoto/4329/plitkorez-elektricheskiy-dlt-optitronic-auto-1600-versiya-max-art-2830-14.jpg,https://dlt.by/image/catalog/easyphoto/4329/plitkorez-elektricheskiy-dlt-optitronic-auto-1600-versiya-max-art-2830-15.jpg,https://dlt.by/image/catalog/easyphoto/4329/plitkorez-elektricheskiy-dlt-optitronic-auto-1600-versiya-max-art-2830-16.jpg,https://dlt.by/image/catalog/easyphoto/4329/plitkorez-elektricheskiy-dlt-optitronic-auto-1600-versiya-max-art-2830-17.jpg,https://dlt.by/image/catalog/easyphoto/4329/plitkorez-elektricheskiy-dlt-optitronic-auto-1600-versiya-max-art-2830-18.jpg,https://dlt.by/image/catalog/easyphoto/4329/plitkorez-elektricheskiy-dlt-optitronic-auto-1600-versiya-max-art-2830-19.jpg,https://dlt.by/image/catalog/easyphoto/4329/plitkorez-elektricheskiy-dlt-optitronic-auto-1600-versiya-max-art-2830-20.jpg,https://dlt.by/image/catalog/easyphoto/4329/plitkorez-elektricheskiy-dlt-optitronic-auto-1600-versiya-max-art-2830-21.jpg,,,,,,,,,,,,,,,,,,,,,,,,,"
"Плиткорез электрический DLT OptiTronic Auto-2400, версия MAX, арт.2832",Плиткорезы электрические (камнерезы/мокрорезы)>Плиткорезы DLT,2832,309 970.53,"https://dlt.by/image/catalog/easyphoto/4331/plitkorez-elektricheskiy-dlt-optitronic-auto-2400-versiya-max-art-2832-1.jpg,https://dlt.by/image/catalog/easyphoto/4331/plitkorez-elektricheskiy-dlt-optitronic-auto-2400-versiya-max-art-2832-2.jpg,https://dlt.by/image/catalog/easyphoto/4331/plitkorez-elektricheskiy-dlt-optitronic-auto-2400-versiya-max-art-2832-3.jpg,https://dlt.by/image/catalog/easyphoto/4331/plitkorez-elektricheskiy-dlt-optitronic-auto-2400-versiya-max-art-2832-4.jpg,https://dlt.by/image/catalog/easyphoto/4331/plitkorez-elektricheskiy-dlt-optitronic-auto-2400-versiya-max-art-2832-5.jpg,https://dlt.by/image/catalog/easyphoto/4331/plitkorez-elektricheskiy-dlt-optitronic-auto-2400-versiya-max-art-2832-6.jpg,https://dlt.by/image/catalog/easyphoto/4331/plitkorez-elektricheskiy-dlt-optitronic-auto-2400-versiya-max-art-2832-7.jpg,https://dlt.by/image/catalog/easyphoto/4331/plitkorez-elektricheskiy-dlt-optitronic-auto-2400-versiya-max-art-2832-8.jpg,https://dlt.by/image/catalog/easyphoto/4331/plitkorez-elektricheskiy-dlt-optitronic-auto-2400-versiya-max-art-2832-9.jpg,https://dlt.by/image/catalog/easyphoto/4331/plitkorez-elektricheskiy-dlt-optitronic-auto-2400-versiya-max-art-2832-10.jpg,https://dlt.by/image/catalog/easyphoto/4331/plitkorez-elektricheskiy-dlt-optitronic-auto-2400-versiya-max-art-2832-11.jpg,https://dlt.by/image/catalog/easyphoto/4331/plitkorez-elektricheskiy-dlt-optitronic-auto-2400-versiya-max-art-2832-12.jpg,https://dlt.by/image/catalog/easyphoto/4331/plitkorez-elektricheskiy-dlt-optitronic-auto-2400-versiya-max-art-2832-13.jpg,https://dlt.by/image/catalog/easyphoto/4331/plitkorez-elektricheskiy-dlt-optitronic-auto-2400-versiya-max-art-2832-14.jpg,https://dlt.by/image/catalog/easyphoto/4331/plitkorez-elektricheskiy-dlt-optitronic-auto-2400-versiya-max-art-2832-15.jpg,https://dlt.by/image/catalog/easyphoto/4331/plitkorez-elektricheskiy-dlt-optitronic-auto-2400-versiya-max-art-2832-16.jpg,https://dlt.by/image/catalog/easyphoto/4331/plitkorez-elektricheskiy-dlt-optitronic-auto-2400-versiya-max-art-2832-17.jpg,https://dlt.by/image/catalog/easyphoto/4331/plitkorez-elektricheskiy-dlt-optitronic-auto-2400-versiya-max-art-2832-18.jpg,https://dlt.by/image/catalog/easyphoto/4331/plitkorez-elektricheskiy-dlt-optitronic-auto-2400-versiya-max-art-2832-20.jpg,https://dlt.by/image/catalog/easyphoto/4331/plitkorez-elektricheskiy-dlt-optitronic-auto-2400-versiya-max-art-2832-19.jpg,https://dlt.by/image/catalog/easyphoto/4331/plitkorez-elektricheskiy-dlt-optitronic-auto-2400-versiya-max-art-2832-21.jpg,,,,,,,,,,,,,,,,,,,,,,,,,"
"Плиткорез электрический DLT OptiTronic Auto-1800, версия MAX, арт.2831",Плиткорезы электрические (камнерезы/мокрорезы),2831,203 737.91,"https://dlt.by/image/catalog/easyphoto/4330/plitkorez-elektricheskiy-dlt-optitronic-auto-1800-versiya-max-art-2831-1.jpg,https://dlt.by/image/catalog/easyphoto/4330/plitkorez-elektricheskiy-dlt-optitronic-auto-1800-versiya-max-art-2831-2.jpg,https://dlt.by/image/catalog/easyphoto/4330/plitkorez-elektricheskiy-dlt-optitronic-auto-1800-versiya-max-art-2831-3.jpg,https://dlt.by/image/catalog/easyphoto/4330/plitkorez-elektricheskiy-dlt-optitronic-auto-1800-versiya-max-art-2831-4.jpg,https://dlt.by/image/catalog/easyphoto/4330/plitkorez-elektricheskiy-dlt-optitronic-auto-1800-versiya-max-art-2831-5.jpg,https://dlt.by/image/catalog/easyphoto/4330/plitkorez-elektricheskiy-dlt-optitronic-auto-1800-versiya-max-art-2831-6.jpg,https://dlt.by/image/catalog/easyphoto/4330/plitkorez-elektricheskiy-dlt-optitronic-auto-1800-versiya-max-art-2831-7.jpg,https://dlt.by/image/catalog/easyphoto/4330/plitkorez-elektricheskiy-dlt-optitronic-auto-1800-versiya-max-art-2831-8.jpg,https://dlt.by/image/catalog/easyphoto/4330/plitkorez-elektricheskiy-dlt-optitronic-auto-1800-versiya-max-art-2831-9.jpg,https://dlt.by/image/catalog/easyphoto/4330/plitkorez-elektricheskiy-dlt-optitronic-auto-1800-versiya-max-art-2831-10.jpg,https://dlt.by/image/catalog/easyphoto/4330/plitkorez-elektricheskiy-dlt-optitronic-auto-1800-versiya-max-art-2831-11.jpg,https://dlt.by/image/catalog/easyphoto/4330/plitkorez-elektricheskiy-dlt-optitronic-auto-1800-versiya-max-art-2831-12.jpg,https://dlt.by/image/catalog/easyphoto/4330/plitkorez-elektricheskiy-dlt-optitronic-auto-1800-versiya-max-art-2831-13.jpg,https://dlt.by/image/catalog/easyphoto/4330/plitkorez-elektricheskiy-dlt-optitronic-auto-1800-versiya-max-art-2831-14.jpg,https://dlt.by/image/catalog/easyphoto/4330/plitkorez-elektricheskiy-dlt-optitronic-auto-1800-versiya-max-art-2831-15.jpg,https://dlt.by/image/catalog/easyphoto/4330/plitkorez-elektricheskiy-dlt-optitronic-auto-1800-versiya-max-art-2831-16.jpg,https://dlt.by/image/catalog/easyphoto/4330/plitkorez-elektricheskiy-dlt-optitronic-auto-1800-versiya-max-art-2831-20.jpg,https://dlt.by/image/catalog/easyphoto/4330/plitkorez-elektricheskiy-dlt-optitronic-auto-1800-versiya-max-art-2831-19.jpg,https://dlt.by/image/catalog/easyphoto/4330/plitkorez-elektricheskiy-dlt-optitronic-auto-1800-versiya-max-art-2831-17.jpg,https://dlt.by/image/catalog/easyphoto/4330/plitkorez-elektricheskiy-dlt-optitronic-auto-1800-versiya-max-art-2831-18.jpg,https://dlt.by/image/catalog/easyphoto/4330/plitkorez-elektricheskiy-dlt-optitronic-auto-1800-versiya-max-art-2831-21.jpg,,,,,,,,,,,,,,,,,,,,,,,,,"
"Резиновая киянка RUBI, арт.66946",Инструмент для укладки плитки>Киянки резиновые,66946,662.07,"https://dlt.by/image/catalog/easyphoto/3442/rezinovaya-kiyanka-rubi-art-66946-3.jpg,https://dlt.by/image/catalog/easyphoto/3442/rezinovaya-kiyanka-rubi-art-66946-4.jpg,https://dlt.by/image/catalog/easyphoto/3442/rezinovaya-kiyanka-rubi-art-66946-5.jpg,,,,,,,,,,,,,,,,,,,,,,,,,,,,,,,,,,,,,,,,,,,"
"Резиновая киянка RUBI, арт.66960",Акции на строительный инструмент,66960,902.83,"https://dlt.by/image/catalog/easyphoto/3443/rezinovaya-kiyanka-rubi-art-66960-1.jpg,https://dlt.by/image/catalog/easyphoto/3443/rezinovaya-kiyanka-rubi-art-66960-2.jpg,https://dlt.by/image/catalog/easyphoto/3443/rezinovaya-kiyanka-rubi-art-66960-3.jpg,,,,,,,,,,,,,,,,,,,,,,,,,,,,,,,,,,,,,,,,,,,"
"Диск алмазный для плиткореза, RUBI, 105мм, арт. 32976",Алмазная оснастка>Алмазные диски>Алмазные диски для электрических плиткорезов,32976,601.88,"https://dlt.by/image/catalog/easyphoto/3444/disk-almaznyy-dlya-plitkoreza-rubi-105mm-art-32976-2.jpg,https://dlt.by/image/catalog/easyphoto/3444/disk-almaznyy-dlya-plitkoreza-rubi-105mm-art-32976-3.jpg,https://dlt.by/image/catalog/easyphoto/3444/disk-almaznyy-dlya-plitkoreza-rubi-105mm-art-32976-4.jpg,,,,,,,,,,,,,,,,,,,,,,,,,,,,,,,,,,,,,,,,,,,"
"Насадка для смесителя RUBI, M-140-FI3H, арт. 76943",Малярный и штукатурный инструмент>Венчики и насадки строительные,76943,1 956.12,"https://dlt.by/image/catalog/tovar/vinchiki_rubi/76919/new/1.jpg,,,,,,,,,,,,,,,,,,,,,,,,,,,,,,,,,,,,,,,,,,,,,"
"Ручной шлифовальный диск (шайба блок) 225мм, DLT, арт.2620",Шлифовальные машины для стен/потолков/пола,2620,902.83,"https://dlt.by/image/catalog/easyphoto/3446/ruchnoy-shlifovalnyy-disk-shayba-blok-225mm-dlt-art-2620-2.jpg,https://dlt.by/image/catalog/easyphoto/3446/ruchnoy-shlifovalnyy-disk-shayba-blok-225mm-dlt-art-2620-3.jpg,https://dlt.by/image/catalog/easyphoto/3446/ruchnoy-shlifovalnyy-disk-shayba-blok-225mm-dlt-art-2620-4.jpg,https://dlt.by/image/catalog/easyphoto/3446/ruchnoy-shlifovalnyy-disk-shayba-blok-225mm-dlt-art-2620-5.jpg,,,,,,,,,,,,,,,,,,,,,,,,,,,,,,,,,,,,,,,,,,"
"Пистолет для герметика DLT Compact, арт.2619",Инструмент для укладки плитки>Пистолеты монтажные ,2619,2 708.48,"https://dlt.by/image/catalog/easyphoto/3447/pistolet-dlya-germetika-dlt-compact-art-2619-3.jpg,https://dlt.by/image/catalog/easyphoto/3447/pistolet-dlya-germetika-dlt-compact-art-2619-4.jpg,https://dlt.by/image/catalog/easyphoto/3447/pistolet-dlya-germetika-dlt-compact-art-2619-5.jpg,https://dlt.by/image/catalog/easyphoto/3447/pistolet-dlya-germetika-dlt-compact-art-2619-6.jpg,https://dlt.by/image/catalog/easyphoto/3447/pistolet-dlya-germetika-dlt-compact-art-2619-7.jpg,https://dlt.by/image/catalog/easyphoto/3447/pistolet-dlya-germetika-dlt-compact-art-2619-8.jpg,https://dlt.by/image/catalog/easyphoto/3447/pistolet-dlya-germetika-dlt-compact-art-2619-9.jpg,https://dlt.by/image/catalog/easyphoto/3447/pistolet-dlya-germetika-dlt-compact-art-2619-10.jpg,,,,,,,,,,,,,,,,,,,,,,,,,,,,,,,,,,,,,,"
"Разметочный шнур 30м с мелом BIHUI, арт.CTCAKK2",Бренды>BIHUI Tools Инструмент для укладки плитки Бихуэй (бихуй),CTCAKK2,1 053.30,"https://dlt.by/image/catalog/easyphoto/4285/razmetochnyy-shnur-30m-s-melom-bihui-art-ctcakk2-1.jpg,https://dlt.by/image/catalog/easyphoto/4285/razmetochnyy-shnur-30m-s-melom-bihui-art-ctcakk2-2.jpg,https://dlt.by/image/catalog/easyphoto/4285/razmetochnyy-shnur-30m-s-melom-bihui-art-ctcakk2-3.jpg,https://dlt.by/image/catalog/easyphoto/4285/razmetochnyy-shnur-30m-s-melom-bihui-art-ctcakk2-4.jpg,https://dlt.by/image/catalog/easyphoto/4285/razmetochnyy-shnur-30m-s-melom-bihui-art-ctcakk2-5.jpg,,,,,,,,,,,,,,,,,,,,,,,,,,,,,,,,,,,,,,,,,"
"Запасной статор двигателя гравера DLT G-100, арт.2153",Запчасти>Граверы,2153,1 053.30,"https://dlt.by/image/catalog/easyphoto/3463/zapasnoy-stator-dvigatelya-gravera-dlt-g-100-art-2153-3.jpg,https://dlt.by/image/catalog/easyphoto/3463/zapasnoy-stator-dvigatelya-gravera-dlt-g-100-art-2153-5.jpg,https://dlt.by/image/catalog/easyphoto/3463/zapasnoy-stator-dvigatelya-gravera-dlt-g-100-art-2153-6.jpg,,,,,,,,,,,,,,,,,,,,,,,,,,,,,,,,,,,,,,,,,,,"
"Запасная цанга гравера DLT G-100, 3,0мм, арт.1743",Запчасти>Граверы,1743,306.96,"https://dlt.by/image/catalog/easyphoto/3464/zapasnaya-tsanga-gravera-dlt-g-100-3-0mm-art-1743-2.jpg,https://dlt.by/image/catalog/easyphoto/3464/zapasnaya-tsanga-gravera-dlt-g-100-3-0mm-art-1743-3.jpg,,,,,,,,,,,,,,,,,,,,,,,,,,,,,,,,,,,,,,,,,,,,"
"Заусовщик для запила плитки под 45 градусов (универсальный) BIHUI, арт.LFMBF-BS ",Плиткорезы электрические (камнерезы/мокрорезы)>Плиткорезы BIHUI,LFMBF-BS,23 473.50,"https://dlt.by/image/catalog/easyphoto/3465/zausovshchik-dlya-zapila-plitki-pod-45-gradusov-universalnyy-bihui-art-lfmbf-bs-3.jpg,https://dlt.by/image/catalog/easyphoto/3465/zausovshchik-dlya-zapila-plitki-pod-45-gradusov-universalnyy-bihui-art-lfmbf-bs-4.jpg,https://dlt.by/image/catalog/easyphoto/3465/zausovshchik-dlya-zapila-plitki-pod-45-gradusov-universalnyy-bihui-art-lfmbf-bs-5.jpg,https://dlt.by/image/catalog/easyphoto/3465/zausovshchik-dlya-zapila-plitki-pod-45-gradusov-universalnyy-bihui-art-lfmbf-bs-6.jpg,https://dlt.by/image/catalog/easyphoto/3465/zausovshchik-dlya-zapila-plitki-pod-45-gradusov-universalnyy-bihui-art-lfmbf-bs-7.jpg,https://dlt.by/image/catalog/easyphoto/3465/zausovshchik-dlya-zapila-plitki-pod-45-gradusov-universalnyy-bihui-art-lfmbf-bs-8.jpg,https://dlt.by/image/catalog/easyphoto/3465/zausovshchik-dlya-zapila-plitki-pod-45-gradusov-universalnyy-bihui-art-lfmbf-bs-9.jpg,https://dlt.by/image/catalog/easyphoto/3465/zausovshchik-dlya-zapila-plitki-pod-45-gradusov-universalnyy-bihui-art-lfmbf-bs-10.jpg,https://dlt.by/image/catalog/easyphoto/3465/zausovshchik-dlya-zapila-plitki-pod-45-gradusov-universalnyy-bihui-art-lfmbf-bs-11.jpg,https://dlt.by/image/catalog/easyphoto/3465/zausovshchik-dlya-zapila-plitki-pod-45-gradusov-universalnyy-bihui-art-lfmbf-bs-12.jpg,,,,,,,,,,,,,,,,,,,,,,,,,,,,,,,,,,,,"
"Кювета пластиковая для смесителя BIHUI, арт.MS1900-B ",Запчасти>Миксеры>Смеситель для наливных полов BIHUI,MS1900-B,6 018.85,"https://dlt.by/image/catalog/easyphoto/3467/kyuveta-plastikovaya-dlya-smesitelya-bihui-art-ms1900-b-2.jpg,https://dlt.by/image/catalog/easyphoto/3467/kyuveta-plastikovaya-dlya-smesitelya-bihui-art-ms1900-b-3.jpg,https://dlt.by/image/catalog/easyphoto/3467/kyuveta-plastikovaya-dlya-smesitelya-bihui-art-ms1900-b-5.jpg,https://dlt.by/image/catalog/easyphoto/3467/kyuveta-plastikovaya-dlya-smesitelya-bihui-art-ms1900-b-4.jpg,,,,,,,,,,,,,,,,,,,,,,,,,,,,,,,,,,,,,,,,,,"
"Запасное основание чаши для присоски DLT SUABU PRO, арт.1115",Запчасти>Присоски вибро>DLT SUABU PRO,1115,0.00,"https://dlt.by/image/catalog/easyphoto/3468/zapasnaya-knopka-vibroprisoski-dlya-ukladki-plitki-dlt-suabu-pro-1.jpg,,,,,,,,,,,,,,,,,,,,,,,,,,,,,,,,,,,,,,,,,,,,,"
"Электрический плиткорез для крупноформатной плитки BIHUI (рез до 3.2м), 5 поколение + водяное охлаждение, арт.LFEC5MR water",Плиткорезы электрические (камнерезы/мокрорезы)>Электрические плиткорезы для крупноформатной плитки,LFEC5MR water,94 194.93,"https://dlt.by/image/catalog/easyphoto/3469/elektricheskiy-plitkorez-dlya-krupnoformatnoy-plitki-bihui-rez-do-3-2m-5-pokolenie-vodyanoe-ohlazhdenie-art-lfec5mr-water-27.png,https://dlt.by/image/catalog/easyphoto/3469/elektricheskiy-plitkorez-dlya-krupnoformatnoy-plitki-bihui-rez-do-3-2m-5-pokolenie-vodyanoe-ohlazhdenie-art-lfec5mr-water-28.png,https://dlt.by/image/catalog/easyphoto/3469/elektricheskiy-plitkorez-dlya-krupnoformatnoy-plitki-bihui-rez-do-3-2m-5-pokolenie-vodyanoe-ohlazhdenie-art-lfec5mr-water-35.png,https://dlt.by/image/catalog/easyphoto/3469/elektricheskiy-plitkorez-dlya-krupnoformatnoy-plitki-bihui-rez-do-3-2m-5-pokolenie-vodyanoe-ohlazhdenie-art-lfec5mr-water-29.png,https://dlt.by/image/catalog/easyphoto/3469/elektricheskiy-plitkorez-dlya-krupnoformatnoy-plitki-bihui-rez-do-3-2m-5-pokolenie-vodyanoe-ohlazhdenie-art-lfec5mr-water-30.png,https://dlt.by/image/catalog/easyphoto/3469/elektricheskiy-plitkorez-dlya-krupnoformatnoy-plitki-bihui-rez-do-3-2m-5-pokolenie-vodyanoe-ohlazhdenie-art-lfec5mr-water-31.png,https://dlt.by/image/catalog/easyphoto/3469/elektricheskiy-plitkorez-dlya-krupnoformatnoy-plitki-bihui-rez-do-3-2m-5-pokolenie-vodyanoe-ohlazhdenie-art-lfec5mr-water-32.png,https://dlt.by/image/catalog/easyphoto/3469/elektricheskiy-plitkorez-dlya-krupnoformatnoy-plitki-bihui-rez-do-3-2m-5-pokolenie-vodyanoe-ohlazhdenie-art-lfec5mr-water-33.png,https://dlt.by/image/catalog/easyphoto/3469/elektricheskiy-plitkorez-dlya-krupnoformatnoy-plitki-bihui-rez-do-3-2m-5-pokolenie-vodyanoe-ohlazhdenie-art-lfec5mr-water-34.png,https://dlt.by/image/catalog/easyphoto/3469/elektricheskiy-plitkorez-dlya-krupnoformatnoy-plitki-bihui-rez-do-3-2m-5-pokolenie-vodyanoe-ohlazhdenie-art-lfec5mr-water-11.jpg,https://dlt.by/image/catalog/easyphoto/3469/elektricheskiy-plitkorez-dlya-krupnoformatnoy-plitki-bihui-rez-do-3-2m-5-pokolenie-vodyanoe-ohlazhdenie-art-lfec5mr-water-26.jpg,https://dlt.by/image/catalog/easyphoto/3469/elektricheskiy-plitkorez-dlya-krupnoformatnoy-plitki-bihui-rez-do-3-2m-5-pokolenie-vodyanoe-ohlazhdenie-art-lfec5mr-water-25.jpg,https://dlt.by/image/catalog/easyphoto/3469/elektricheskiy-plitkorez-dlya-krupnoformatnoy-plitki-bihui-rez-do-3-2m-5-pokolenie-vodyanoe-ohlazhdenie-art-lfec5mr-water-24.jpg,https://dlt.by/image/catalog/easyphoto/3469/elektricheskiy-plitkorez-dlya-krupnoformatnoy-plitki-bihui-rez-do-3-2m-5-pokolenie-vodyanoe-ohlazhdenie-art-lfec5mr-water-23.jpg,https://dlt.by/image/catalog/easyphoto/3469/elektricheskiy-plitkorez-dlya-krupnoformatnoy-plitki-bihui-rez-do-3-2m-5-pokolenie-vodyanoe-ohlazhdenie-art-lfec5mr-water-22.jpg,https://dlt.by/image/catalog/easyphoto/3469/elektricheskiy-plitkorez-dlya-krupnoformatnoy-plitki-bihui-rez-do-3-2m-5-pokolenie-vodyanoe-ohlazhdenie-art-lfec5mr-water-21.jpg,https://dlt.by/image/catalog/easyphoto/3469/elektricheskiy-plitkorez-dlya-krupnoformatnoy-plitki-bihui-rez-do-3-2m-5-pokolenie-vodyanoe-ohlazhdenie-art-lfec5mr-water-20.jpg,https://dlt.by/image/catalog/easyphoto/3469/elektricheskiy-plitkorez-dlya-krupnoformatnoy-plitki-bihui-rez-do-3-2m-5-pokolenie-vodyanoe-ohlazhdenie-art-lfec5mr-water-19.jpg,https://dlt.by/image/catalog/easyphoto/3469/elektricheskiy-plitkorez-dlya-krupnoformatnoy-plitki-bihui-rez-do-3-2m-5-pokolenie-vodyanoe-ohlazhdenie-art-lfec5mr-water-18.jpg,https://dlt.by/image/catalog/easyphoto/3469/elektricheskiy-plitkorez-dlya-krupnoformatnoy-plitki-bihui-rez-do-3-2m-5-pokolenie-vodyanoe-ohlazhdenie-art-lfec5mr-water-17.jpg,https://dlt.by/image/catalog/easyphoto/3469/elektricheskiy-plitkorez-dlya-krupnoformatnoy-plitki-bihui-rez-do-3-2m-5-pokolenie-vodyanoe-ohlazhdenie-art-lfec5mr-water-16.jpg,https://dlt.by/image/catalog/easyphoto/3469/elektricheskiy-plitkorez-dlya-krupnoformatnoy-plitki-bihui-rez-do-3-2m-5-pokolenie-vodyanoe-ohlazhdenie-art-lfec5mr-water-15.jpg,https://dlt.by/image/catalog/easyphoto/3469/elektricheskiy-plitkorez-dlya-krupnoformatnoy-plitki-bihui-rez-do-3-2m-5-pokolenie-vodyanoe-ohlazhdenie-art-lfec5mr-water-14.jpg,https://dlt.by/image/catalog/easyphoto/3469/elektricheskiy-plitkorez-dlya-krupnoformatnoy-plitki-bihui-rez-do-3-2m-5-pokolenie-vodyanoe-ohlazhdenie-art-lfec5mr-water-13.jpg,https://dlt.by/image/catalog/easyphoto/3469/elektricheskiy-plitkorez-dlya-krupnoformatnoy-plitki-bihui-rez-do-3-2m-5-pokolenie-vodyanoe-ohlazhdenie-art-lfec5mr-water-12.jpg,https://dlt.by/image/catalog/easyphoto/3469/elektricheskiy-plitkorez-dlya-krupnoformatnoy-plitki-bihui-rez-do-3-2m-5-pokolenie-vodyanoe-ohlazhdenie-art-lfec5mr-water-10.jpg,,,,,,,,,,,,,,,,,,,,"
"Гребенка BIHUI 320*120мм, зуб «Тигровый коготь», арт.PTSHTG",Шпателя для механизированной шпатлевки>Зубчатые шпатели (гребенки),PTSHTG,752.36,"https://dlt.by/image/catalog/easyphoto/3471/grebenka-bihui-320-120mm-zub-tigrovyy-kogot-art-ptshtg-4.jpg,https://dlt.by/image/catalog/easyphoto/3471/grebenka-bihui-320-120mm-zub-tigrovyy-kogot-art-ptshtg-6.jpg,https://dlt.by/image/catalog/easyphoto/3471/grebenka-bihui-320-120mm-zub-tigrovyy-kogot-art-ptshtg-5.jpg,https://dlt.by/image/catalog/easyphoto/3471/grebenka-bihui-320-120mm-zub-tigrovyy-kogot-art-ptshtg-7.jpg,,,,,,,,,,,,,,,,,,,,,,,,,,,,,,,,,,,,,,,,,,"
"Роликовый резец BIHUI для плиткореза Ø22мм, посадка 6мм, арт.LFMC5-SW",Плиткорезы ручные>Аксессуары для ручных плиткорезов>Резцы,LFMC5-SW,752.36,"https://dlt.by/image/catalog/easyphoto/3472/rezets-dlya-plitkoreza-bihui-art-tcs-sw-1.jpg,https://dlt.by/image/catalog/easyphoto/3472/rolikovyy-rezets-dlya-plitkoreza-bihui-22mm-posadka-6mm-art-lfmc5-sw-2.jpg,,,,,,,,,,,,,,,,,,,,,,,,,,,,,,,,,,,,,,,,,,,,"
"Запасная вспомогательная плата управления для плиткореза BIHUI, арт.TCSA1200-05",Бренды>BIHUI Tools Инструмент для укладки плитки Бихуэй (бихуй),TCSA1200-05,3 611.31,"https://dlt.by/image/catalog/easyphoto/3473/zapasnaya-vspomogatelnaya-plata-upravleniya-dlya-plitkoreza-bihui-art-tcsa1200-05-3.jpg,https://dlt.by/image/catalog/easyphoto/3473/zapasnaya-vspomogatelnaya-plata-upravleniya-dlya-plitkoreza-bihui-art-tcsa1200-05-2.jpg,,,,,,,,,,,,,,,,,,,,,,,,,,,,,,,,,,,,,,,,,,,,"
"Запасная плата управления для плиткореза BIHUI, арт.TCSA1200-06",Бренды>BIHUI Tools Инструмент для укладки плитки Бихуэй (бихуй),TCSA1200-06,3 611.31,"https://dlt.by/image/catalog/easyphoto/3474/zapasnaya-plata-upravleniya-dlya-plitkoreza-bihui-art-tcsa1200-06-2.jpg,https://dlt.by/image/catalog/easyphoto/3474/zapasnaya-plata-upravleniya-dlya-plitkoreza-bihui-art-tcsa1200-06-3.jpg,,,,,,,,,,,,,,,,,,,,,,,,,,,,,,,,,,,,,,,,,,,,"
"Запасная рукоять регулировки угла реза для плиткореза BIHUI, арт.TCSA1200-12",Бренды>BIHUI Tools Инструмент для укладки плитки Бихуэй (бихуй),TCSA1200-12,902.83,"https://dlt.by/image/catalog/easyphoto/3475/zapasnaya-rukoyat-regulirovki-ugla-reza-dlya-plitkoreza-bihui-art-tcsa1200-12-3.jpg,https://dlt.by/image/catalog/easyphoto/3475/zapasnaya-rukoyat-regulirovki-ugla-reza-dlya-plitkoreza-bihui-art-tcsa1200-12-4.jpg,,,,,,,,,,,,,,,,,,,,,,,,,,,,,,,,,,,,,,,,,,,,"
"Запасной блок питания для плиткореза BIHUI 12V, арт.TCSA1200-03",Бренды>BIHUI Tools Инструмент для укладки плитки Бихуэй (бихуй),TCSA1200-03,0.00,"https://dlt.by/image/catalog/easyphoto/3476/zapasnoy-blok-pitaniya-dlya-plitkoreza-bihui-12v-art-tcsa1200-03-2.jpg,https://dlt.by/image/catalog/easyphoto/3476/zapasnoy-blok-pitaniya-dlya-plitkoreza-bihui-12v-art-tcsa1200-03-1.jpg,,,,,,,,,,,,,,,,,,,,,,,,,,,,,,,,,,,,,,,,,,,,"
"Запасной блок питания для плиткореза BIHUI 24V, арт.TCSA1200-04",Бренды>BIHUI Tools Инструмент для укладки плитки Бихуэй (бихуй),TCSA1200-04,0.00,",,,,,,,,,,,,,,,,,,,,,,,,,,,,,,,,,,,,,,,,,,,,,"
"Запасной пластиковый кожух для плиткореза BIHUI, арт.TCSA1200-13",Бренды>BIHUI Tools Инструмент для укладки плитки Бихуэй (бихуй),TCSA1200-13,1 986.22,"https://dlt.by/image/catalog/easyphoto/3480/zapasnoy-plastikovyy-kozhuh-dlya-plitkoreza-bihui-art-tcsa1200-13-4.jpg,https://dlt.by/image/catalog/easyphoto/3480/zapasnoy-plastikovyy-kozhuh-dlya-plitkoreza-bihui-art-tcsa1200-13-2.jpg,https://dlt.by/image/catalog/easyphoto/3480/zapasnoy-plastikovyy-kozhuh-dlya-plitkoreza-bihui-art-tcsa1200-13-3.jpg,,,,,,,,,,,,,,,,,,,,,,,,,,,,,,,,,,,,,,,,,,,"
"Запасной шнур питания для плиткореза BIHUI, арт.TCSA1200-11",Бренды>BIHUI Tools Инструмент для укладки плитки Бихуэй (бихуй),TCSA1200-11,0.00,",,,,,,,,,,,,,,,,,,,,,,,,,,,,,,,,,,,,,,,,,,,,,"
"Запасной электрический двигатель передвижения резака для плиткореза BIHUI, арт.TCSA1200-02",Бренды>BIHUI Tools Инструмент для укладки плитки Бихуэй (бихуй),TCSA1200-02,8 005.06,"https://dlt.by/image/catalog/easyphoto/3482/zapasnoy-elektricheskiy-dvigatel-peredvizheniya-rezaka-dlya-plitkoreza-bihui-art-tcsa1200-02-2.jpg,https://dlt.by/image/catalog/easyphoto/3482/zapasnoy-elektricheskiy-dvigatel-peredvizheniya-rezaka-dlya-plitkoreza-bihui-art-tcsa1200-02-3.jpg,,,,,,,,,,,,,,,,,,,,,,,,,,,,,,,,,,,,,,,,,,,,"
"Запасной электрический двигатель привода диска для плиткореза BIHUI, арт.TCSA1200-07",Бренды>BIHUI Tools Инструмент для укладки плитки Бихуэй (бихуй),TCSA1200-07,19 561.25,"https://dlt.by/image/catalog/easyphoto/3483/zapasnoy-elektricheskiy-dvigatel-privoda-diska-dlya-plitkoreza-bihui-art-tcsa1200-07-3.jpg,https://dlt.by/image/catalog/easyphoto/3483/zapasnoy-elektricheskiy-dvigatel-privoda-diska-dlya-plitkoreza-bihui-art-tcsa1200-07-2.jpg,https://dlt.by/image/catalog/easyphoto/3483/zapasnoy-elektricheskiy-dvigatel-privoda-diska-dlya-plitkoreza-bihui-art-tcsa1200-07-4.jpg,,,,,,,,,,,,,,,,,,,,,,,,,,,,,,,,,,,,,,,,,,,"
"Запасные металлические ножки для плиткореза BIHUI 40см, арт.TCSA1200-10",Бренды>BIHUI Tools Инструмент для укладки плитки Бихуэй (бихуй),TCSA1200-10,2 858.95,"https://dlt.by/image/catalog/easyphoto/3484/zapasnye-metallicheskie-nozhki-dlya-plitkoreza-bihui-40sm-art-tcsa1200-10-2.jpg,https://dlt.by/image/catalog/easyphoto/3484/zapasnye-metallicheskie-nozhki-dlya-plitkoreza-bihui-40sm-art-tcsa1200-10-3.jpg,https://dlt.by/image/catalog/easyphoto/3484/zapasnye-metallicheskie-nozhki-dlya-plitkoreza-bihui-40sm-art-tcsa1200-10-4.jpg,https://dlt.by/image/catalog/easyphoto/3484/zapasnye-metallicheskie-nozhki-dlya-plitkoreza-bihui-40sm-art-tcsa1200-10-5.jpg,,,,,,,,,,,,,,,,,,,,,,,,,,,,,,,,,,,,,,,,,,"
"Запасные металлические ножки для плиткореза BIHUI 80см, арт.TCSA1200-09",Бренды>BIHUI Tools Инструмент для укладки плитки Бихуэй (бихуй),TCSA1200-09,5 266.49,"https://dlt.by/image/catalog/easyphoto/3485/zapasnye-metallicheskie-nozhki-dlya-plitkoreza-bihui-80sm-art-tcsa1200-09-2.jpg,https://dlt.by/image/catalog/easyphoto/3485/zapasnye-metallicheskie-nozhki-dlya-plitkoreza-bihui-80sm-art-tcsa1200-09-3.jpg,https://dlt.by/image/catalog/easyphoto/3485/zapasnye-metallicheskie-nozhki-dlya-plitkoreza-bihui-80sm-art-tcsa1200-09-4.jpg,https://dlt.by/image/catalog/easyphoto/3485/zapasnye-metallicheskie-nozhki-dlya-plitkoreza-bihui-80sm-art-tcsa1200-09-5.jpg,,,,,,,,,,,,,,,,,,,,,,,,,,,,,,,,,,,,,,,,,,"
"Запасные щетки электродвигателя для плиткореза BIHUI, арт.TCSA1200-14",Бренды>BIHUI Tools Инструмент для укладки плитки Бихуэй (бихуй),TCSA1200-14,0.00,"https://dlt.by/image/catalog/easyphoto/3486/zapasnye-shchetki-elektrodvigatelya-dlya-plitkoreza-bihui-art-tcsa1200-14-3.jpg,https://dlt.by/image/catalog/easyphoto/3486/zapasnye-shchetki-elektrodvigatelya-dlya-plitkoreza-bihui-art-tcsa1200-14-2.jpg,,,,,,,,,,,,,,,,,,,,,,,,,,,,,,,,,,,,,,,,,,,,"
"Аккумуляторный пистолет для герметика MAX-XT MDCG20V2, арт.3348",Малярный и штукатурный инструмент>Пистолеты монтажные,3348,16 100.41,"https://dlt.by/image/catalog/easyphoto/4278/akkumulyatornyy-pistolet-dlya-germetika-max-xt-mdcg20v2-art-3348-1.jpg,https://dlt.by/image/catalog/easyphoto/4278/akkumulyatornyy-pistolet-dlya-germetika-max-xt-mdcg20v2-art-3348-2.jpg,https://dlt.by/image/catalog/easyphoto/4278/akkumulyatornyy-pistolet-dlya-germetika-max-xt-mdcg20v2-art-3348-3.jpg,https://dlt.by/image/catalog/easyphoto/4278/akkumulyatornyy-pistolet-dlya-germetika-max-xt-mdcg20v2-art-3348-4.jpg,https://dlt.by/image/catalog/easyphoto/4278/akkumulyatornyy-pistolet-dlya-germetika-max-xt-mdcg20v2-art-3348-5.jpg,https://dlt.by/image/catalog/easyphoto/4278/akkumulyatornyy-pistolet-dlya-germetika-max-xt-mdcg20v2-art-3348-6.jpg,https://dlt.by/image/catalog/easyphoto/4278/akkumulyatornyy-pistolet-dlya-germetika-max-xt-mdcg20v2-art-3348-7.jpg,https://dlt.by/image/catalog/easyphoto/4278/akkumulyatornyy-pistolet-dlya-germetika-max-xt-mdcg20v2-art-3348-10.jpg,https://dlt.by/image/catalog/easyphoto/4278/akkumulyatornyy-pistolet-dlya-germetika-max-xt-mdcg20v2-art-3348-8.jpg,https://dlt.by/image/catalog/easyphoto/4278/akkumulyatornyy-pistolet-dlya-germetika-max-xt-mdcg20v2-art-3348-9.jpg,,,,,,,,,,,,,,,,,,,,,,,,,,,,,,,,,,,,"
"Запасная уплотнительная пластина для присоски BIHUI, арт.LFBSL-RUB",Плиткорезы ручные,LFBSL-RUB,932.92,"https://dlt.by/image/catalog/easyphoto/4200/zapasnaya-uplotnitelnaya-plastina-dlya-prisoski-bihui-art-lfbsl-rub-2.jpg,https://dlt.by/image/catalog/easyphoto/4200/zapasnaya-uplotnitelnaya-plastina-dlya-prisoski-bihui-art-lfbsl-rub-3.jpg,,,,,,,,,,,,,,,,,,,,,,,,,,,,,,,,,,,,,,,,,,,,"
"Кейс для инструментов DLT, арт.320384, серия Standard",Ящики для инструмента. Модульные системы.,320384,4 213.19,"https://dlt.by/image/catalog/easyphoto/3492/keys-dlya-instrumentov-dlt-art-320384-seriya-standard-6.jpg,https://dlt.by/image/catalog/easyphoto/3492/keys-dlya-instrumentov-dlt-art-320384-seriya-standard-5.jpg,https://dlt.by/image/catalog/easyphoto/3492/keys-dlya-instrumentov-dlt-art-320384-seriya-standard-4.jpg,https://dlt.by/image/catalog/easyphoto/3492/keys-dlya-instrumentov-dlt-art-320384-seriya-standard-2.jpg,https://dlt.by/image/catalog/easyphoto/3492/keys-dlya-instrumentov-dlt-art-320384-seriya-standard-3.jpg,https://dlt.by/image/catalog/easyphoto/3492/keys-dlya-instrumentov-tactix-art-320384-seriya-standard-1.jpeg,,,,,,,,,,,,,,,,,,,,,,,,,,,,,,,,,,,,,,,,"
"Кейс для инструментов DLT, арт.320383, серия Standard",Бренды>Оборудование и приспособления для укладки плитки DLT,320383,4 664.61,"https://dlt.by/image/catalog/easyphoto/3493/keys-dlya-instrumentov-dlt-art-320383-seriya-standard-7.jpg,https://dlt.by/image/catalog/easyphoto/3493/keys-dlya-instrumentov-dlt-art-320383-seriya-standard-4.jpg,https://dlt.by/image/catalog/easyphoto/3493/keys-dlya-instrumentov-tactix-art-320383-seriya-standard-1.jpeg,https://dlt.by/image/catalog/easyphoto/3493/keys-dlya-instrumentov-dlt-art-320383-seriya-standard-6.jpg,https://dlt.by/image/catalog/easyphoto/3493/keys-dlya-instrumentov-dlt-art-320383-seriya-standard-3.jpg,https://dlt.by/image/catalog/easyphoto/3493/keys-dlya-instrumentov-dlt-art-320383-seriya-standard-5.jpg,,,,,,,,,,,,,,,,,,,,,,,,,,,,,,,,,,,,,,,,"
"Стусло с быстрозажимными струбцинами DLT, арт.81200",Инструмент для укладки плитки>Шаблоны строительные,81200,1 083.39,"https://dlt.by/image/catalog/easyphoto/3494/stuslo-s-bystrozazhimnymi-strubtsinami-dlt-art-81200-1.jpg,https://dlt.by/image/catalog/easyphoto/3494/stuslo-s-bystrozazhimnymi-strubtsinami-dlt-art-81200-2.jpg,https://dlt.by/image/catalog/easyphoto/3494/stuslo-s-bystrozazhimnymi-strubtsinami-dlt-art-81200-3.jpg,https://dlt.by/image/catalog/easyphoto/3494/stuslo-s-bystrozazhimnymi-strubtsinami-dlt-art-81200-4.jpg,https://dlt.by/image/catalog/easyphoto/3494/stuslo-s-bystrozazhimnymi-strubtsinami-dlt-art-81200-5.jpg,https://dlt.by/image/catalog/easyphoto/3494/stuslo-s-bystrozazhimnymi-strubtsinami-dlt-art-81200-6.jpg,https://dlt.by/image/catalog/easyphoto/3494/stuslo-s-bystrozazhimnymi-strubtsinami-dlt-art-81200-7.jpg,,,,,,,,,,,,,,,,,,,,,,,,,,,,,,,,,,,,,,,"
"Струбцина угловая DLT, арт.81700 ",Акции на строительный инструмент,81700,631.98,"https://dlt.by/image/catalog/easyphoto/3495/strubtsina-uglovaya-dlt-art-81700-8.jpg,https://dlt.by/image/catalog/easyphoto/3495/strubtsina-uglovaya-dlt-art-81700-9.jpg,https://dlt.by/image/catalog/easyphoto/3495/strubtsina-uglovaya-dlt-art-81700-10.jpg,,,,,,,,,,,,,,,,,,,,,,,,,,,,,,,,,,,,,,,,,,,"
"Угольник Свенсона BIHUI 180мм, арт.TMRT7",Малярный и штукатурный инструмент>Шаблоны,TMRT7,812.54,"https://dlt.by/image/catalog/easyphoto/4290/ugolnik-svensona-bihui-180mm-art-tmrt7-1.jpg,https://dlt.by/image/catalog/easyphoto/4290/ugolnik-svensona-bihui-180mm-art-tmrt7-2.jpg,https://dlt.by/image/catalog/easyphoto/4290/ugolnik-svensona-bihui-180mm-art-tmrt7-3.jpg,https://dlt.by/image/catalog/easyphoto/4290/ugolnik-svensona-bihui-180mm-art-tmrt7-4.jpg,https://dlt.by/image/catalog/easyphoto/4290/ugolnik-svensona-bihui-180mm-art-tmrt7-5.jpg,,,,,,,,,,,,,,,,,,,,,,,,,,,,,,,,,,,,,,,,,"
"Инструмент для разглаживания герметиков DLT, арт.63300",Инструмент для укладки плитки>Шпатели для силикона и герметика>Шпатели и насадки,63300,216.68,"https://dlt.by/image/catalog/easyphoto/3496/instrument-dlya-razglazhivaniya-germetikov-dlt-art-63300-7.jpg,https://dlt.by/image/catalog/easyphoto/3496/instrument-dlya-razglazhivaniya-germetikov-dlt-art-63300-8.jpg,https://dlt.by/image/catalog/easyphoto/3496/instrument-dlya-razglazhivaniya-germetikov-dlt-art-63300-9.jpg,https://dlt.by/image/catalog/easyphoto/3496/instrument-dlya-razglazhivaniya-germetikov-dlt-art-63300-10.jpg,https://dlt.by/image/catalog/easyphoto/3496/instrument-dlya-razglazhivaniya-germetikov-dlt-art-63300-11.jpg,https://dlt.by/image/catalog/easyphoto/3496/instrument-dlya-razglazhivaniya-germetikov-dlt-art-63300-12.jpg,,,,,,,,,,,,,,,,,,,,,,,,,,,,,,,,,,,,,,,,"
Струбцина для монтажа ламината и паркета DLT арт.79000,Малярный и штукатурный инструмент>Быстрозажимные струбцины,79000,932.92,"https://dlt.by/image/catalog/easyphoto/3497/strubtsina-dlya-montazha-laminata-i-parketa-dlt-art-79000-10.jpg,https://dlt.by/image/catalog/easyphoto/3497/strubtsina-dlya-montazha-laminata-i-parketa-dlt-art-79000-8.jpg,https://dlt.by/image/catalog/easyphoto/3497/strubtsina-dlya-montazha-laminata-i-parketa-dlt-art-79000-9.jpg,https://dlt.by/image/catalog/easyphoto/3497/strubtsina-dlya-montazha-laminata-i-parketa-dlt-art-79000-7.jpg,,,,,,,,,,,,,,,,,,,,,,,,,,,,,,,,,,,,,,,,,,"
"Протектор угла плитки BIHUI (защитный уголок для крупноформата), набор 4шт, 12-13мм, арт.LFTP13",Акции на строительный инструмент,LFTP13,306.96,"https://dlt.by/image/catalog/easyphoto/3498/protektor-ugla-plitki-bihui-zashchitnyy-ugolok-dlya-krupnoformata-nabor-4sht-8-10mm-art-lftp10-1.jpg,,,,,,,,,,,,,,,,,,,,,,,,,,,,,,,,,,,,,,,,,,,,,"
"Режущий ролик плиткореза DLT Ø13мм, посадка 4мм, арт.2571",Акции на строительный инструмент,2571,601.88,"https://dlt.by/image/catalog/easyphoto/3499/rezhushchiy-rolik-plitkoreza-dlt-13mm-posadka-4mm-art-2571-3.jpg,https://dlt.by/image/catalog/easyphoto/3499/rezhushchiy-rolik-plitkoreza-dlt-13mm-posadka-4mm-art-2571-4.jpg,https://dlt.by/image/catalog/easyphoto/3499/rezhushchiy-rolik-plitkoreza-dlt-13mm-posadka-4mm-art-2571-5.jpg,,,,,,,,,,,,,,,,,,,,,,,,,,,,,,,,,,,,,,,,,,,"
"Сопло HYVST (тип Graco RAC-X) №109, арт.GXTIP109",Окрасочные аппараты и аксессуары>Сопла для окрасочных аппаратов,GXTIP109,0.00,"https://dlt.by/image/catalog/easyphoto/3500/soplo-hyvst-tip-graco-rac-x-gxtip109-1.jpg,,,,,,,,,,,,,,,,,,,,,,,,,,,,,,,,,,,,,,,,,,,,,"
"Сопло HYVST (тип Graco RAC-X) №111, арт.GVTIP111",Окрасочные аппараты и аксессуары>Сопла для окрасочных аппаратов,GVTIP111,0.00,"https://dlt.by/image/catalog/easyphoto/3500/soplo-hyvst-tip-graco-rac-x-gxtip109-1.jpg,,,,,,,,,,,,,,,,,,,,,,,,,,,,,,,,,,,,,,,,,,,,,"
"Сопло HYVST (тип Graco RAC-X) №113, арт.GVTIP113",Окрасочные аппараты и аксессуары>Сопла для окрасочных аппаратов,GVTIP113,0.00,"https://dlt.by/image/catalog/easyphoto/3500/soplo-hyvst-tip-graco-rac-x-gxtip109-1.jpg,,,,,,,,,,,,,,,,,,,,,,,,,,,,,,,,,,,,,,,,,,,,,"
"Сопло HYVST (тип Graco RAC-X) №115, арт.GVTIP115",Окрасочные аппараты и аксессуары>Сопла для окрасочных аппаратов,GVTIP115,0.00,"https://dlt.by/image/catalog/easyphoto/3500/soplo-hyvst-tip-graco-rac-x-gxtip109-1.jpg,,,,,,,,,,,,,,,,,,,,,,,,,,,,,,,,,,,,,,,,,,,,,"
"Сопло HYVST (тип Graco RAC-X) №117, арт.GVTIP117",Окрасочные аппараты и аксессуары>Сопла для окрасочных аппаратов,GVTIP117,0.00,"https://dlt.by/image/catalog/easyphoto/3500/soplo-hyvst-tip-graco-rac-x-gxtip109-1.jpg,,,,,,,,,,,,,,,,,,,,,,,,,,,,,,,,,,,,,,,,,,,,,"
"Сопло HYVST (тип Graco RAC-X) №241, арт.GXTIP241",Окрасочные аппараты и аксессуары>Сопла для окрасочных аппаратов,GXTIP241,0.00,"https://dlt.by/image/catalog/easyphoto/3500/soplo-hyvst-tip-graco-rac-x-gxtip109-1.jpg,,,,,,,,,,,,,,,,,,,,,,,,,,,,,,,,,,,,,,,,,,,,,"
"Сопло HYVST (тип Graco RAC-X) №239, арт.GXTIP239",Окрасочные аппараты и аксессуары>Сопла для окрасочных аппаратов,GXTIP239,0.00,"https://dlt.by/image/catalog/easyphoto/3500/soplo-hyvst-tip-graco-rac-x-gxtip109-1.jpg,,,,,,,,,,,,,,,,,,,,,,,,,,,,,,,,,,,,,,,,,,,,,"
"Сопло HYVST (тип Graco RAC-X) №237, арт.GXTIP237",Окрасочные аппараты и аксессуары>Сопла для окрасочных аппаратов,GXTIP237,0.00,"https://dlt.by/image/catalog/easyphoto/3500/soplo-hyvst-tip-graco-rac-x-gxtip109-1.jpg,,,,,,,,,,,,,,,,,,,,,,,,,,,,,,,,,,,,,,,,,,,,,"
"Сопло HYVST (тип Graco RAC-X)  №235, арт.GXTIP235",Окрасочные аппараты и аксессуары>Сопла для окрасочных аппаратов,GXTIP235,0.00,"https://dlt.by/image/catalog/easyphoto/3500/soplo-hyvst-tip-graco-rac-x-gxtip109-1.jpg,,,,,,,,,,,,,,,,,,,,,,,,,,,,,,,,,,,,,,,,,,,,,"
"Сопло HYVST (тип Graco RAC-X)  №233, арт.GXTIP233",Окрасочные аппараты и аксессуары>Сопла для окрасочных аппаратов,GXTIP233,0.00,"https://dlt.by/image/catalog/easyphoto/3500/soplo-hyvst-tip-graco-rac-x-gxtip109-1.jpg,,,,,,,,,,,,,,,,,,,,,,,,,,,,,,,,,,,,,,,,,,,,,"
"Сопло HYVST (тип Graco RAC-X)  №231, арт.GXTIP231",Окрасочные аппараты и аксессуары>Сопла для окрасочных аппаратов,GXTIP231,0.00,"https://dlt.by/image/catalog/easyphoto/3500/soplo-hyvst-tip-graco-rac-x-gxtip109-1.jpg,,,,,,,,,,,,,,,,,,,,,,,,,,,,,,,,,,,,,,,,,,,,,"
"Сопло HYVST (тип Graco RAC-X)  №229, арт.GXTIP229",Окрасочные аппараты и аксессуары>Сопла для окрасочных аппаратов,GXTIP229,0.00,"https://dlt.by/image/catalog/easyphoto/3500/soplo-hyvst-tip-graco-rac-x-gxtip109-1.jpg,,,,,,,,,,,,,,,,,,,,,,,,,,,,,,,,,,,,,,,,,,,,,"
"Сопло HYVST (тип Graco RAC-X)  №227, арт.GXTIP227",Окрасочные аппараты и аксессуары>Сопла для окрасочных аппаратов,GXTIP227,0.00,"https://dlt.by/image/catalog/easyphoto/3500/soplo-hyvst-tip-graco-rac-x-gxtip109-1.jpg,,,,,,,,,,,,,,,,,,,,,,,,,,,,,,,,,,,,,,,,,,,,,"
"Сопло HYVST (тип Graco RAC-X)  №225, арт.GXTIP225",Окрасочные аппараты и аксессуары>Сопла для окрасочных аппаратов,GXTIP225,0.00,"https://dlt.by/image/catalog/easyphoto/3500/soplo-hyvst-tip-graco-rac-x-gxtip109-1.jpg,,,,,,,,,,,,,,,,,,,,,,,,,,,,,,,,,,,,,,,,,,,,,"
"Сопло HYVST (тип Graco RAC-X)  №223, арт.GXTIP223",Окрасочные аппараты и аксессуары>Сопла для окрасочных аппаратов,GXTIP223,0.00,"https://dlt.by/image/catalog/easyphoto/3500/soplo-hyvst-tip-graco-rac-x-gxtip109-1.jpg,,,,,,,,,,,,,,,,,,,,,,,,,,,,,,,,,,,,,,,,,,,,,"
"Сопло HYVST (тип Graco RAC-X)  №221, арт.GXTIP221",Окрасочные аппараты и аксессуары>Сопла для окрасочных аппаратов,GXTIP221,0.00,"https://dlt.by/image/catalog/easyphoto/3500/soplo-hyvst-tip-graco-rac-x-gxtip109-1.jpg,,,,,,,,,,,,,,,,,,,,,,,,,,,,,,,,,,,,,,,,,,,,,"
"Сопло HYVST (тип Graco RAC-X)  №219, арт.GXTIP219",Окрасочные аппараты и аксессуары>Сопла для окрасочных аппаратов,GXTIP219,0.00,"https://dlt.by/image/catalog/easyphoto/3500/soplo-hyvst-tip-graco-rac-x-gxtip109-1.jpg,,,,,,,,,,,,,,,,,,,,,,,,,,,,,,,,,,,,,,,,,,,,,"
"Сопло HYVST (тип Graco RAC-X)  №217, арт.GXTIP217",Окрасочные аппараты и аксессуары>Сопла для окрасочных аппаратов,GXTIP217,0.00,"https://dlt.by/image/catalog/easyphoto/3500/soplo-hyvst-tip-graco-rac-x-gxtip109-1.jpg,,,,,,,,,,,,,,,,,,,,,,,,,,,,,,,,,,,,,,,,,,,,,"
"Сопло HYVST (тип Graco RAC-X)  №215, арт.GXTIP215",Окрасочные аппараты и аксессуары>Сопла для окрасочных аппаратов,GXTIP215,0.00,"https://dlt.by/image/catalog/easyphoto/3500/soplo-hyvst-tip-graco-rac-x-gxtip109-1.jpg,,,,,,,,,,,,,,,,,,,,,,,,,,,,,,,,,,,,,,,,,,,,,"
"Сопло HYVST (тип Graco RAC-X)  №213, арт.GXTIP213",Окрасочные аппараты и аксессуары>Сопла для окрасочных аппаратов,GXTIP213,0.00,"https://dlt.by/image/catalog/easyphoto/3500/soplo-hyvst-tip-graco-rac-x-gxtip109-1.jpg,,,,,,,,,,,,,,,,,,,,,,,,,,,,,,,,,,,,,,,,,,,,,"
"Сопло HYVST (тип Graco RAC-X)  №211, арт.GXTIP211",Окрасочные аппараты и аксессуары>Сопла для окрасочных аппаратов,GXTIP211,0.00,"https://dlt.by/image/catalog/easyphoto/3500/soplo-hyvst-tip-graco-rac-x-gxtip109-1.jpg,,,,,,,,,,,,,,,,,,,,,,,,,,,,,,,,,,,,,,,,,,,,,"
"Сопло HYVST (тип Graco RAC-X)  №209, арт.GXTIP209",Окрасочные аппараты и аксессуары>Сопла для окрасочных аппаратов,GXTIP209,0.00,"https://dlt.by/image/catalog/easyphoto/3500/soplo-hyvst-tip-graco-rac-x-gxtip109-1.jpg,,,,,,,,,,,,,,,,,,,,,,,,,,,,,,,,,,,,,,,,,,,,,"
"Сопло HYVST (тип Graco RAC-X)  №121, арт.GXTIP121",Окрасочные аппараты и аксессуары>Сопла для окрасочных аппаратов,GXTIP121,0.00,"https://dlt.by/image/catalog/easyphoto/3500/soplo-hyvst-tip-graco-rac-x-gxtip109-1.jpg,,,,,,,,,,,,,,,,,,,,,,,,,,,,,,,,,,,,,,,,,,,,,"
"Сопло HYVST (тип Graco RAC-X)  №245, арт.GXTIP245",Окрасочные аппараты и аксессуары>Сопла для окрасочных аппаратов,GXTIP245,0.00,"https://dlt.by/image/catalog/easyphoto/3500/soplo-hyvst-tip-graco-rac-x-gxtip109-1.jpg,,,,,,,,,,,,,,,,,,,,,,,,,,,,,,,,,,,,,,,,,,,,,"
"Сопло HYVST (тип Graco RAC-X)  №119, арт.GXTIP119",Окрасочные аппараты и аксессуары>Сопла для окрасочных аппаратов,GXTIP119,0.00,"https://dlt.by/image/catalog/easyphoto/3500/soplo-hyvst-tip-graco-rac-x-gxtip109-1.jpg,,,,,,,,,,,,,,,,,,,,,,,,,,,,,,,,,,,,,,,,,,,,,"
"Сопло HYVST (тип Graco RAC-X)  №243, арт.GXTIP243",Окрасочные аппараты и аксессуары>Сопла для окрасочных аппаратов,GXTIP243,0.00,"https://dlt.by/image/catalog/easyphoto/3500/soplo-hyvst-tip-graco-rac-x-gxtip109-1.jpg,,,,,,,,,,,,,,,,,,,,,,,,,,,,,,,,,,,,,,,,,,,,,"
"Сопло HYVST (тип Graco RAC-X) №415, арт.GXTIP415",Акции на строительный инструмент,GXTIP415,541.70,"https://dlt.by/image/catalog/easyphoto/3526/soplo-hyvst-tip-graco-rac-x-415-art-gxtip415-1.jpg,https://dlt.by/image/catalog/easyphoto/3526/soplo-hyvst-tip-graco-rac-x-415-art-gxtip415-2.jpg,https://dlt.by/image/catalog/easyphoto/3526/soplo-hyvst-tip-graco-rac-x-415-art-gxtip415-3.jpg,https://dlt.by/image/catalog/easyphoto/3526/soplo-hyvst-tip-graco-rac-x-415-art-gxtip415-4.jpg,,,,,,,,,,,,,,,,,,,,,,,,,,,,,,,,,,,,,,,,,,"
"Сопло HYVST (тип Graco RAC-X)  №413, арт.GXTIP413",Акции на строительный инструмент,GXTIP413,541.70,"https://dlt.by/image/catalog/easyphoto/3527/soplo-hyvst-tip-graco-rac-x-413-art-gxtip413-1.jpg,https://dlt.by/image/catalog/easyphoto/3527/soplo-hyvst-tip-graco-rac-x-413-art-gxtip413-2.jpg,https://dlt.by/image/catalog/easyphoto/3527/soplo-hyvst-tip-graco-rac-x-413-art-gxtip413-3.jpg,https://dlt.by/image/catalog/easyphoto/3527/soplo-hyvst-tip-graco-rac-x-413-art-gxtip413-4.jpg,,,,,,,,,,,,,,,,,,,,,,,,,,,,,,,,,,,,,,,,,,"
"Сопло HYVST (тип Graco RAC-X) №411, арт.GXTIP411",Акции на строительный инструмент,GXTIP411,812.54,"https://dlt.by/image/catalog/easyphoto/3528/soplo-hyvst-tip-graco-rac-x-411-art-gxtip411-1.jpg,https://dlt.by/image/catalog/easyphoto/3528/soplo-hyvst-tip-graco-rac-x-411-art-gxtip411-2.jpg,https://dlt.by/image/catalog/easyphoto/3528/soplo-hyvst-tip-graco-rac-x-411-art-gxtip411-3.jpg,https://dlt.by/image/catalog/easyphoto/3528/soplo-hyvst-tip-graco-rac-x-411-art-gxtip411-4.jpg,,,,,,,,,,,,,,,,,,,,,,,,,,,,,,,,,,,,,,,,,,"
"Сопло HYVST (тип Graco RAC-X)  №409, арт.GXTIP409",Окрасочные аппараты и аксессуары>Сопла для окрасочных аппаратов,GXTIP409,0.00,"https://dlt.by/image/catalog/easyphoto/3500/soplo-hyvst-tip-graco-rac-x-gxtip109-1.jpg,,,,,,,,,,,,,,,,,,,,,,,,,,,,,,,,,,,,,,,,,,,,,"
"Сопло HYVST (тип Graco RAC-X)  №349, арт.GXTIP349",Окрасочные аппараты и аксессуары>Сопла для окрасочных аппаратов,GXTIP349,0.00,"https://dlt.by/image/catalog/easyphoto/3500/soplo-hyvst-tip-graco-rac-x-gxtip109-1.jpg,,,,,,,,,,,,,,,,,,,,,,,,,,,,,,,,,,,,,,,,,,,,,"
"Сопло HYVST (тип Graco RAC-X)  №347, арт.GXTIP347",Окрасочные аппараты и аксессуары>Сопла для окрасочных аппаратов,GXTIP347,0.00,"https://dlt.by/image/catalog/easyphoto/3500/soplo-hyvst-tip-graco-rac-x-gxtip109-1.jpg,,,,,,,,,,,,,,,,,,,,,,,,,,,,,,,,,,,,,,,,,,,,,"
"Сопло HYVST (тип Graco RAC-X)  №345, арт.GXTIP345",Окрасочные аппараты и аксессуары>Сопла для окрасочных аппаратов,GXTIP345,0.00,"https://dlt.by/image/catalog/easyphoto/3500/soplo-hyvst-tip-graco-rac-x-gxtip109-1.jpg,,,,,,,,,,,,,,,,,,,,,,,,,,,,,,,,,,,,,,,,,,,,,"
"Сопло HYVST (тип Graco RAC-X)  №343, арт.GXTIP343",Окрасочные аппараты и аксессуары>Сопла для окрасочных аппаратов,GXTIP343,0.00,"https://dlt.by/image/catalog/easyphoto/3500/soplo-hyvst-tip-graco-rac-x-gxtip109-1.jpg,,,,,,,,,,,,,,,,,,,,,,,,,,,,,,,,,,,,,,,,,,,,,"
"Сопло HYVST (тип Graco RAC-X)  №341, арт.GXTIP341",Окрасочные аппараты и аксессуары>Сопла для окрасочных аппаратов,GXTIP341,0.00,"https://dlt.by/image/catalog/easyphoto/3500/soplo-hyvst-tip-graco-rac-x-gxtip109-1.jpg,,,,,,,,,,,,,,,,,,,,,,,,,,,,,,,,,,,,,,,,,,,,,"
"Сопло HYVST (тип Graco RAC-X)  №339, арт.GXTIP339",Окрасочные аппараты и аксессуары>Сопла для окрасочных аппаратов,GXTIP339,0.00,"https://dlt.by/image/catalog/easyphoto/3500/soplo-hyvst-tip-graco-rac-x-gxtip109-1.jpg,,,,,,,,,,,,,,,,,,,,,,,,,,,,,,,,,,,,,,,,,,,,,"
"Сопло HYVST (тип Graco RAC-X)  №337, арт.GXTIP337",Окрасочные аппараты и аксессуары>Сопла для окрасочных аппаратов,GXTIP337,0.00,"https://dlt.by/image/catalog/easyphoto/3500/soplo-hyvst-tip-graco-rac-x-gxtip109-1.jpg,,,,,,,,,,,,,,,,,,,,,,,,,,,,,,,,,,,,,,,,,,,,,"
"Сопло HYVST (тип Graco RAC-X)  №335, арт.GXTIP335",Окрасочные аппараты и аксессуары>Сопла для окрасочных аппаратов,GXTIP335,0.00,"https://dlt.by/image/catalog/easyphoto/3500/soplo-hyvst-tip-graco-rac-x-gxtip109-1.jpg,,,,,,,,,,,,,,,,,,,,,,,,,,,,,,,,,,,,,,,,,,,,,"
"Сопло HYVST (тип Graco RAC-X)  №309, арт.GXTIP309",Окрасочные аппараты и аксессуары>Сопла для окрасочных аппаратов,GXTIP309,0.00,"https://dlt.by/image/catalog/easyphoto/3500/soplo-hyvst-tip-graco-rac-x-gxtip109-1.jpg,,,,,,,,,,,,,,,,,,,,,,,,,,,,,,,,,,,,,,,,,,,,,"
"Сопло HYVST (тип Graco RAC-X)  №333, арт.GXTIP333",Окрасочные аппараты и аксессуары>Сопла для окрасочных аппаратов,GXTIP333,0.00,"https://dlt.by/image/catalog/easyphoto/3500/soplo-hyvst-tip-graco-rac-x-gxtip109-1.jpg,,,,,,,,,,,,,,,,,,,,,,,,,,,,,,,,,,,,,,,,,,,,,"
"Сопло HYVST (тип Graco RAC-X)  №331, арт.GXTIP331",Окрасочные аппараты и аксессуары>Сопла для окрасочных аппаратов,GXTIP331,0.00,"https://dlt.by/image/catalog/easyphoto/3500/soplo-hyvst-tip-graco-rac-x-gxtip109-1.jpg,,,,,,,,,,,,,,,,,,,,,,,,,,,,,,,,,,,,,,,,,,,,,"
"Сопло HYVST (тип Graco RAC-X)  №329, арт.GXTIP329",Окрасочные аппараты и аксессуары>Сопла для окрасочных аппаратов,GXTIP329,0.00,"https://dlt.by/image/catalog/easyphoto/3500/soplo-hyvst-tip-graco-rac-x-gxtip109-1.jpg,,,,,,,,,,,,,,,,,,,,,,,,,,,,,,,,,,,,,,,,,,,,,"
"Сопло HYVST (тип Graco RAC-X)  №327, арт.GXTIP327",Окрасочные аппараты и аксессуары>Сопла для окрасочных аппаратов,GXTIP327,0.00,"https://dlt.by/image/catalog/easyphoto/3500/soplo-hyvst-tip-graco-rac-x-gxtip109-1.jpg,,,,,,,,,,,,,,,,,,,,,,,,,,,,,,,,,,,,,,,,,,,,,"
"Сопло HYVST (тип Graco RAC-X)  №325, арт.GXTIP325",Окрасочные аппараты и аксессуары>Сопла для окрасочных аппаратов,GXTIP325,0.00,"https://dlt.by/image/catalog/easyphoto/3500/soplo-hyvst-tip-graco-rac-x-gxtip109-1.jpg,,,,,,,,,,,,,,,,,,,,,,,,,,,,,,,,,,,,,,,,,,,,,"
"Сопло HYVST (тип Graco RAC-X)  №323, арт.GXTIP323",Окрасочные аппараты и аксессуары>Сопла для окрасочных аппаратов,GXTIP323,0.00,"https://dlt.by/image/catalog/easyphoto/3500/soplo-hyvst-tip-graco-rac-x-gxtip109-1.jpg,,,,,,,,,,,,,,,,,,,,,,,,,,,,,,,,,,,,,,,,,,,,,"
"Сопло HYVST (тип Graco RAC-X)  №321, арт.GXTIP321",Окрасочные аппараты и аксессуары>Сопла для окрасочных аппаратов,GXTIP321,0.00,"https://dlt.by/image/catalog/easyphoto/3500/soplo-hyvst-tip-graco-rac-x-gxtip109-1.jpg,,,,,,,,,,,,,,,,,,,,,,,,,,,,,,,,,,,,,,,,,,,,,"
"Сопло HYVST (тип Graco RAC-X)  №319, арт.GXTIP319",Окрасочные аппараты и аксессуары>Сопла для окрасочных аппаратов,GXTIP319,0.00,"https://dlt.by/image/catalog/easyphoto/3500/soplo-hyvst-tip-graco-rac-x-gxtip109-1.jpg,,,,,,,,,,,,,,,,,,,,,,,,,,,,,,,,,,,,,,,,,,,,,"
"Сопло HYVST (тип Graco RAC-X)  №317, арт.GXTIP317",Окрасочные аппараты и аксессуары>Сопла для окрасочных аппаратов,GXTIP317,0.00,"https://dlt.by/image/catalog/easyphoto/3500/soplo-hyvst-tip-graco-rac-x-gxtip109-1.jpg,,,,,,,,,,,,,,,,,,,,,,,,,,,,,,,,,,,,,,,,,,,,,"
"Сопло HYVST (тип Graco RAC-X)  №315, арт.GXTIP315",Окрасочные аппараты и аксессуары>Сопла для окрасочных аппаратов,GXTIP315,0.00,"https://dlt.by/image/catalog/easyphoto/3500/soplo-hyvst-tip-graco-rac-x-gxtip109-1.jpg,,,,,,,,,,,,,,,,,,,,,,,,,,,,,,,,,,,,,,,,,,,,,"
"Сопло HYVST (тип Graco RAC-X)  №313, арт.GXTIP313",Окрасочные аппараты и аксессуары>Сопла для окрасочных аппаратов,GXTIP313,0.00,"https://dlt.by/image/catalog/easyphoto/3500/soplo-hyvst-tip-graco-rac-x-gxtip109-1.jpg,,,,,,,,,,,,,,,,,,,,,,,,,,,,,,,,,,,,,,,,,,,,,"
"Сопло HYVST (тип Graco RAC-X)  №311, арт.GXTIP311",Окрасочные аппараты и аксессуары>Сопла для окрасочных аппаратов,GXTIP311,0.00,"https://dlt.by/image/catalog/easyphoto/3500/soplo-hyvst-tip-graco-rac-x-gxtip109-1.jpg,,,,,,,,,,,,,,,,,,,,,,,,,,,,,,,,,,,,,,,,,,,,,"
"Сопло HYVST (тип Graco RAC-X)  №443, арт.GXTIP443",Окрасочные аппараты и аксессуары>Сопла для окрасочных аппаратов,GXTIP443,0.00,"https://dlt.by/image/catalog/easyphoto/3500/soplo-hyvst-tip-graco-rac-x-gxtip109-1.jpg,,,,,,,,,,,,,,,,,,,,,,,,,,,,,,,,,,,,,,,,,,,,,"
"Сопло HYVST (тип Graco RAC-X) №419, арт.GXTIP419",Акции на строительный инструмент,GXTIP419,541.70,"https://dlt.by/image/catalog/easyphoto/3552/soplo-hyvst-tip-graco-rac-x-419-art-gxtip419-1.jpg,https://dlt.by/image/catalog/easyphoto/3552/soplo-hyvst-tip-graco-rac-x-419-art-gxtip419-2.jpg,https://dlt.by/image/catalog/easyphoto/3552/soplo-hyvst-tip-graco-rac-x-419-art-gxtip419-3.jpg,https://dlt.by/image/catalog/easyphoto/3552/soplo-hyvst-tip-graco-rac-x-419-art-gxtip419-4.jpg,,,,,,,,,,,,,,,,,,,,,,,,,,,,,,,,,,,,,,,,,,"
"Сопло HYVST (тип Graco RAC-X) №421, арт.GXTIP421",Акции на строительный инструмент,GXTIP421,541.70,"https://dlt.by/image/catalog/easyphoto/3553/soplo-hyvst-tip-graco-rac-x-421-art-gxtip421-1.jpg,https://dlt.by/image/catalog/easyphoto/3553/soplo-hyvst-tip-graco-rac-x-421-art-gxtip421-2.jpg,https://dlt.by/image/catalog/easyphoto/3553/soplo-hyvst-tip-graco-rac-x-421-art-gxtip421-3.jpg,https://dlt.by/image/catalog/easyphoto/3553/soplo-hyvst-tip-graco-rac-x-421-art-gxtip421-4.jpg,,,,,,,,,,,,,,,,,,,,,,,,,,,,,,,,,,,,,,,,,,"
"Сопло HYVST (тип Graco RAC-X)  №423, арт.GXTIP423",Окрасочные аппараты и аксессуары>Сопла для окрасочных аппаратов,GXTIP423,0.00,"https://dlt.by/image/catalog/easyphoto/3500/soplo-hyvst-tip-graco-rac-x-gxtip109-1.jpg,,,,,,,,,,,,,,,,,,,,,,,,,,,,,,,,,,,,,,,,,,,,,"
"Сопло HYVST (тип Graco RAC-X)  №425, арт.GXTIP425",Окрасочные аппараты и аксессуары>Сопла для окрасочных аппаратов,GXTIP425,0.00,"https://dlt.by/image/catalog/easyphoto/3500/soplo-hyvst-tip-graco-rac-x-gxtip109-1.jpg,,,,,,,,,,,,,,,,,,,,,,,,,,,,,,,,,,,,,,,,,,,,,"
"Сопло HYVST (тип Graco RAC-X)  №427, арт.GXTIP427",Окрасочные аппараты и аксессуары>Сопла для окрасочных аппаратов,GXTIP427,0.00,"https://dlt.by/image/catalog/easyphoto/3500/soplo-hyvst-tip-graco-rac-x-gxtip109-1.jpg,,,,,,,,,,,,,,,,,,,,,,,,,,,,,,,,,,,,,,,,,,,,,"
"Сопло HYVST (тип Graco RAC-X)  №429, арт.GXTIP429",Окрасочные аппараты и аксессуары>Сопла для окрасочных аппаратов,GXTIP429,0.00,"https://dlt.by/image/catalog/easyphoto/3500/soplo-hyvst-tip-graco-rac-x-gxtip109-1.jpg,,,,,,,,,,,,,,,,,,,,,,,,,,,,,,,,,,,,,,,,,,,,,"
"Сопло HYVST (тип Graco RAC-X)  №431, арт.GXTIP431",Окрасочные аппараты и аксессуары>Сопла для окрасочных аппаратов,GXTIP431,0.00,"https://dlt.by/image/catalog/easyphoto/3500/soplo-hyvst-tip-graco-rac-x-gxtip109-1.jpg,,,,,,,,,,,,,,,,,,,,,,,,,,,,,,,,,,,,,,,,,,,,,"
"Сопло HYVST (тип Graco RAC-X)  №433, арт.GXTIP433",Окрасочные аппараты и аксессуары>Сопла для окрасочных аппаратов,GXTIP433,0.00,"https://dlt.by/image/catalog/easyphoto/3500/soplo-hyvst-tip-graco-rac-x-gxtip109-1.jpg,,,,,,,,,,,,,,,,,,,,,,,,,,,,,,,,,,,,,,,,,,,,,"
"Сопло HYVST (тип Graco RAC-X)  №435, арт.GXTIP435",Окрасочные аппараты и аксессуары>Сопла для окрасочных аппаратов,GXTIP435,0.00,"https://dlt.by/image/catalog/easyphoto/3500/soplo-hyvst-tip-graco-rac-x-gxtip109-1.jpg,,,,,,,,,,,,,,,,,,,,,,,,,,,,,,,,,,,,,,,,,,,,,"
"Сопло HYVST (тип Graco RAC-X)  №437, арт.GXTIP437",Окрасочные аппараты и аксессуары>Сопла для окрасочных аппаратов,GXTIP437,0.00,"https://dlt.by/image/catalog/easyphoto/3500/soplo-hyvst-tip-graco-rac-x-gxtip109-1.jpg,,,,,,,,,,,,,,,,,,,,,,,,,,,,,,,,,,,,,,,,,,,,,"
"Сопло HYVST (тип Graco RAC-X) №439, арт.GXTIP439",Акции на строительный инструмент,GXTIP439,662.07,"https://dlt.by/image/catalog/easyphoto/3562/soplo-hyvst-tip-graco-rac-x-439-art-gxtip439-1.jpg,https://dlt.by/image/catalog/easyphoto/3562/soplo-hyvst-tip-graco-rac-x-439-art-gxtip439-2.jpg,https://dlt.by/image/catalog/easyphoto/3562/soplo-hyvst-tip-graco-rac-x-439-art-gxtip439-3.jpg,https://dlt.by/image/catalog/easyphoto/3562/soplo-hyvst-tip-graco-rac-x-439-art-gxtip439-4.jpg,,,,,,,,,,,,,,,,,,,,,,,,,,,,,,,,,,,,,,,,,,"
"Сопло HYVST (тип Graco RAC-X)  №441, арт.GXTIP441",Окрасочные аппараты и аксессуары>Сопла для окрасочных аппаратов,GXTIP441,0.00,"https://dlt.by/image/catalog/easyphoto/3500/soplo-hyvst-tip-graco-rac-x-gxtip109-1.jpg,,,,,,,,,,,,,,,,,,,,,,,,,,,,,,,,,,,,,,,,,,,,,"
"Сопло HYVST (тип Graco RAC-X) №417, арт.GXTIP417",Акции на строительный инструмент,GXTIP417,541.70,"https://dlt.by/image/catalog/easyphoto/3564/soplo-hyvst-tip-graco-rac-x-417-art-gxtip417-1.jpg,https://dlt.by/image/catalog/easyphoto/3564/soplo-hyvst-tip-graco-rac-x-417-art-gxtip417-2.jpg,https://dlt.by/image/catalog/easyphoto/3564/soplo-hyvst-tip-graco-rac-x-417-art-gxtip417-3.jpg,https://dlt.by/image/catalog/easyphoto/3564/soplo-hyvst-tip-graco-rac-x-417-art-gxtip417-4.jpg,,,,,,,,,,,,,,,,,,,,,,,,,,,,,,,,,,,,,,,,,,"
"Сопло HYVST (тип Graco RAC-X)  №445, арт.GXTIP445",Окрасочные аппараты и аксессуары>Сопла для окрасочных аппаратов,GXTIP445,0.00,"https://dlt.by/image/catalog/easyphoto/3500/soplo-hyvst-tip-graco-rac-x-gxtip109-1.jpg,,,,,,,,,,,,,,,,,,,,,,,,,,,,,,,,,,,,,,,,,,,,,"
"Сопло HYVST (тип Graco RAC-X)  №447, арт.GXTIP447",Окрасочные аппараты и аксессуары>Сопла для окрасочных аппаратов,GXTIP447,0.00,"https://dlt.by/image/catalog/easyphoto/3500/soplo-hyvst-tip-graco-rac-x-gxtip109-1.jpg,,,,,,,,,,,,,,,,,,,,,,,,,,,,,,,,,,,,,,,,,,,,,"
"Сопло HYVST (тип Graco RAC-X)  №449, арт.GXTIP449",Окрасочные аппараты и аксессуары>Сопла для окрасочных аппаратов,GXTIP449,0.00,"https://dlt.by/image/catalog/easyphoto/3500/soplo-hyvst-tip-graco-rac-x-gxtip109-1.jpg,,,,,,,,,,,,,,,,,,,,,,,,,,,,,,,,,,,,,,,,,,,,,"
"Сопло HYVST (тип Graco RAC-X)  №509, арт.GXTIP509",Окрасочные аппараты и аксессуары>Сопла для окрасочных аппаратов,GXTIP509,0.00,"https://dlt.by/image/catalog/easyphoto/3500/soplo-hyvst-tip-graco-rac-x-gxtip109-1.jpg,,,,,,,,,,,,,,,,,,,,,,,,,,,,,,,,,,,,,,,,,,,,,"
"Сопло HYVST (тип Graco RAC-X) №511, арт.GXTIP511",Акции на строительный инструмент,GXTIP511,812.54,"https://dlt.by/image/catalog/easyphoto/3569/soplo-hyvst-tip-graco-rac-x-511-art-gxtip511-1.jpg,https://dlt.by/image/catalog/easyphoto/3569/soplo-hyvst-tip-graco-rac-x-511-art-gxtip511-2.jpg,https://dlt.by/image/catalog/easyphoto/3569/soplo-hyvst-tip-graco-rac-x-511-art-gxtip511-3.jpg,https://dlt.by/image/catalog/easyphoto/3569/soplo-hyvst-tip-graco-rac-x-511-art-gxtip511-4.jpg,,,,,,,,,,,,,,,,,,,,,,,,,,,,,,,,,,,,,,,,,,"
"Сопло HYVST (тип Graco RAC-X)  №513, арт.GXTIP513",Окрасочные аппараты и аксессуары>Сопла для окрасочных аппаратов,GXTIP513,541.70,"https://dlt.by/image/catalog/easyphoto/3570/soplo-hyvst-tip-graco-rac-x-513-art-gxtip513-1.jpg,https://dlt.by/image/catalog/easyphoto/3570/soplo-hyvst-tip-graco-rac-x-513-art-gxtip513-2.jpg,https://dlt.by/image/catalog/easyphoto/3570/soplo-hyvst-tip-graco-rac-x-513-art-gxtip513-3.jpg,https://dlt.by/image/catalog/easyphoto/3570/soplo-hyvst-tip-graco-rac-x-513-art-gxtip513-4.jpg,,,,,,,,,,,,,,,,,,,,,,,,,,,,,,,,,,,,,,,,,,"
"Сопло HYVST (тип Graco RAC-X) №515, арт.GXTIP515",Акции на строительный инструмент,GXTIP515,541.70,"https://dlt.by/image/catalog/easyphoto/3571/soplo-hyvst-tip-graco-rac-x-515-art-gxtip515-1.jpg,https://dlt.by/image/catalog/easyphoto/3571/soplo-hyvst-tip-graco-rac-x-515-art-gxtip515-2.jpg,https://dlt.by/image/catalog/easyphoto/3571/soplo-hyvst-tip-graco-rac-x-515-art-gxtip515-3.jpg,https://dlt.by/image/catalog/easyphoto/3571/soplo-hyvst-tip-graco-rac-x-515-art-gxtip515-4.jpg,,,,,,,,,,,,,,,,,,,,,,,,,,,,,,,,,,,,,,,,,,"
"Сопло HYVST (тип Graco RAC-X) №517, арт.GXTIP517",Окрасочные аппараты и аксессуары>Сопла для окрасочных аппаратов,GXTIP517,541.70,"https://dlt.by/image/catalog/easyphoto/3572/soplo-hyvst-tip-graco-rac-x-517-art-gxtip517-1.jpg,https://dlt.by/image/catalog/easyphoto/3572/soplo-hyvst-tip-graco-rac-x-517-art-gxtip517-2.jpg,https://dlt.by/image/catalog/easyphoto/3572/soplo-hyvst-tip-graco-rac-x-517-art-gxtip517-3.jpg,https://dlt.by/image/catalog/easyphoto/3572/soplo-hyvst-tip-graco-rac-x-517-art-gxtip517-4.jpg,,,,,,,,,,,,,,,,,,,,,,,,,,,,,,,,,,,,,,,,,,"
"Сопло HYVST (тип Graco RAC-X) №519, арт.GXTIP519",Акции на строительный инструмент,GXTIP519,541.70,"https://dlt.by/image/catalog/easyphoto/3573/soplo-hyvst-tip-graco-rac-x-519-art-gxtip519-1.jpg,https://dlt.by/image/catalog/easyphoto/3573/soplo-hyvst-tip-graco-rac-x-519-art-gxtip519-2.jpg,https://dlt.by/image/catalog/easyphoto/3573/soplo-hyvst-tip-graco-rac-x-519-art-gxtip519-3.jpg,https://dlt.by/image/catalog/easyphoto/3573/soplo-hyvst-tip-graco-rac-x-519-art-gxtip519-4.jpg,,,,,,,,,,,,,,,,,,,,,,,,,,,,,,,,,,,,,,,,,,"
"Сопло HYVST (тип Graco RAC-X)  №521, арт.GXTIP521",Окрасочные аппараты и аксессуары>Сопла для окрасочных аппаратов,GXTIP521,541.70,"https://dlt.by/image/catalog/easyphoto/3574/soplo-hyvst-tip-graco-rac-x-521-art-gxtip521-1.jpg,https://dlt.by/image/catalog/easyphoto/3574/soplo-hyvst-tip-graco-rac-x-521-art-gxtip521-2.jpg,https://dlt.by/image/catalog/easyphoto/3574/soplo-hyvst-tip-graco-rac-x-521-art-gxtip521-3.jpg,https://dlt.by/image/catalog/easyphoto/3574/soplo-hyvst-tip-graco-rac-x-521-art-gxtip521-4.jpg,,,,,,,,,,,,,,,,,,,,,,,,,,,,,,,,,,,,,,,,,,"
"Сопло HYVST (тип Graco RAC-X)  №523, арт.GXTIP523",Окрасочные аппараты и аксессуары>Сопла для окрасочных аппаратов,GXTIP523,0.00,"https://dlt.by/image/catalog/easyphoto/3500/soplo-hyvst-tip-graco-rac-x-gxtip109-1.jpg,,,,,,,,,,,,,,,,,,,,,,,,,,,,,,,,,,,,,,,,,,,,,"
"Сопло HYVST (тип Graco RAC-X)  №653, арт.GXTIP653",Окрасочные аппараты и аксессуары>Сопла для окрасочных аппаратов,GXTIP653,0.00,"https://dlt.by/image/catalog/easyphoto/3500/soplo-hyvst-tip-graco-rac-x-gxtip109-1.jpg,,,,,,,,,,,,,,,,,,,,,,,,,,,,,,,,,,,,,,,,,,,,,"
"Сопло HYVST (тип Graco RAC-X)  №629, арт.GXTIP629",Окрасочные аппараты и аксессуары>Сопла для окрасочных аппаратов,GXTIP629,0.00,"https://dlt.by/image/catalog/easyphoto/3500/soplo-hyvst-tip-graco-rac-x-gxtip109-1.jpg,,,,,,,,,,,,,,,,,,,,,,,,,,,,,,,,,,,,,,,,,,,,,"
"Сопло HYVST (тип Graco RAC-X) №631, арт.GXTIP631",Акции на строительный инструмент,GXTIP631,662.07,"https://dlt.by/image/catalog/easyphoto/3578/soplo-hyvst-tip-graco-rac-x-631-art-gxtip631-1.jpg,https://dlt.by/image/catalog/easyphoto/3578/soplo-hyvst-tip-graco-rac-x-631-art-gxtip631-2.jpg,https://dlt.by/image/catalog/easyphoto/3578/soplo-hyvst-tip-graco-rac-x-631-art-gxtip631-3.jpg,https://dlt.by/image/catalog/easyphoto/3578/soplo-hyvst-tip-graco-rac-x-631-art-gxtip631-4.jpg,,,,,,,,,,,,,,,,,,,,,,,,,,,,,,,,,,,,,,,,,,"
"Сопло HYVST (тип Graco RAC-X)  №633, арт.GXTIP633",Окрасочные аппараты и аксессуары>Сопла для окрасочных аппаратов,GXTIP633,0.00,"https://dlt.by/image/catalog/easyphoto/3500/soplo-hyvst-tip-graco-rac-x-gxtip109-1.jpg,,,,,,,,,,,,,,,,,,,,,,,,,,,,,,,,,,,,,,,,,,,,,"
"Сопло HYVST (тип Graco RAC-X)  №635, арт.GXTIP635",Окрасочные аппараты и аксессуары>Сопла для окрасочных аппаратов,GXTIP635,0.00,"https://dlt.by/image/catalog/easyphoto/3500/soplo-hyvst-tip-graco-rac-x-gxtip109-1.jpg,,,,,,,,,,,,,,,,,,,,,,,,,,,,,,,,,,,,,,,,,,,,,"
"Сопло HYVST (тип Graco RAC-X)  №637, арт.GXTIP637",Окрасочные аппараты и аксессуары>Сопла для окрасочных аппаратов,GXTIP637,0.00,"https://dlt.by/image/catalog/easyphoto/3500/soplo-hyvst-tip-graco-rac-x-gxtip109-1.jpg,,,,,,,,,,,,,,,,,,,,,,,,,,,,,,,,,,,,,,,,,,,,,"
"Сопло HYVST (тип Graco RAC-X)  №639, арт.GXTIP639",Окрасочные аппараты и аксессуары>Сопла для окрасочных аппаратов,GXTIP639,0.00,"https://dlt.by/image/catalog/easyphoto/3500/soplo-hyvst-tip-graco-rac-x-gxtip109-1.jpg,,,,,,,,,,,,,,,,,,,,,,,,,,,,,,,,,,,,,,,,,,,,,"
"Сопло HYVST (тип Graco RAC-X)  №641, арт.GXTIP641",Окрасочные аппараты и аксессуары>Сопла для окрасочных аппаратов,GXTIP641,0.00,"https://dlt.by/image/catalog/easyphoto/3500/soplo-hyvst-tip-graco-rac-x-gxtip109-1.jpg,,,,,,,,,,,,,,,,,,,,,,,,,,,,,,,,,,,,,,,,,,,,,"
"Сопло HYVST (тип Graco RAC-X)  №643, арт.GXTIP643",Окрасочные аппараты и аксессуары>Сопла для окрасочных аппаратов,GXTIP643,0.00,"https://dlt.by/image/catalog/easyphoto/3500/soplo-hyvst-tip-graco-rac-x-gxtip109-1.jpg,,,,,,,,,,,,,,,,,,,,,,,,,,,,,,,,,,,,,,,,,,,,,"
"Сопло HYVST (тип Graco RAC-X)  №645, арт.GXTIP645",Окрасочные аппараты и аксессуары>Сопла для окрасочных аппаратов,GXTIP645,0.00,"https://dlt.by/image/catalog/easyphoto/3500/soplo-hyvst-tip-graco-rac-x-gxtip109-1.jpg,,,,,,,,,,,,,,,,,,,,,,,,,,,,,,,,,,,,,,,,,,,,,"
"Сопло HYVST (тип Graco RAC-X)  №647, арт.GXTIP647",Окрасочные аппараты и аксессуары>Сопла для окрасочных аппаратов,GXTIP647,0.00,"https://dlt.by/image/catalog/easyphoto/3500/soplo-hyvst-tip-graco-rac-x-gxtip109-1.jpg,,,,,,,,,,,,,,,,,,,,,,,,,,,,,,,,,,,,,,,,,,,,,"
"Сопло HYVST (тип Graco RAC-X)  №649, арт.GXTIP649",Окрасочные аппараты и аксессуары>Сопла для окрасочных аппаратов,GXTIP649,0.00,"https://dlt.by/image/catalog/easyphoto/3500/soplo-hyvst-tip-graco-rac-x-gxtip109-1.jpg,,,,,,,,,,,,,,,,,,,,,,,,,,,,,,,,,,,,,,,,,,,,,"
"Сопло HYVST (тип Graco RAC-X)  №651, арт.GXTIP651",Окрасочные аппараты и аксессуары>Сопла для окрасочных аппаратов,GXTIP651,0.00,"https://dlt.by/image/catalog/easyphoto/3500/soplo-hyvst-tip-graco-rac-x-gxtip109-1.jpg,,,,,,,,,,,,,,,,,,,,,,,,,,,,,,,,,,,,,,,,,,,,,"
"Сопло HYVST (тип Graco RAC-X)  №627, арт.GXTIP627",Окрасочные аппараты и аксессуары>Сопла для окрасочных аппаратов,GXTIP627,0.00,"https://dlt.by/image/catalog/easyphoto/3500/soplo-hyvst-tip-graco-rac-x-gxtip109-1.jpg,,,,,,,,,,,,,,,,,,,,,,,,,,,,,,,,,,,,,,,,,,,,,"
"Сопло HYVST (тип Graco RAC-X)  №655, арт.GXTIP655",Окрасочные аппараты и аксессуары>Сопла для окрасочных аппаратов,GXTIP655,0.00,"https://dlt.by/image/catalog/easyphoto/3500/soplo-hyvst-tip-graco-rac-x-gxtip109-1.jpg,,,,,,,,,,,,,,,,,,,,,,,,,,,,,,,,,,,,,,,,,,,,,"
"Сопло HYVST (тип Graco RAC-X)  №657, арт.GXTIP657",Окрасочные аппараты и аксессуары>Сопла для окрасочных аппаратов,GXTIP657,0.00,"https://dlt.by/image/catalog/easyphoto/3500/soplo-hyvst-tip-graco-rac-x-gxtip109-1.jpg,,,,,,,,,,,,,,,,,,,,,,,,,,,,,,,,,,,,,,,,,,,,,"
"Сопло HYVST (тип Graco RAC-X)  №659, арт.GXTIP659",Окрасочные аппараты и аксессуары>Сопла для окрасочных аппаратов,GXTIP659,0.00,"https://dlt.by/image/catalog/easyphoto/3500/soplo-hyvst-tip-graco-rac-x-gxtip109-1.jpg,,,,,,,,,,,,,,,,,,,,,,,,,,,,,,,,,,,,,,,,,,,,,"
"Сопло HYVST (тип Graco RAC-X)  №661, арт.GXTIP661",Окрасочные аппараты и аксессуары>Сопла для окрасочных аппаратов,GXTIP661,0.00,"https://dlt.by/image/catalog/easyphoto/3500/soplo-hyvst-tip-graco-rac-x-gxtip109-1.jpg,,,,,,,,,,,,,,,,,,,,,,,,,,,,,,,,,,,,,,,,,,,,,"
"Сопло HYVST (тип Graco XHD) №111, арт.XHD111",Окрасочные аппараты и аксессуары>Сопла для окрасочных аппаратов,XHD111,0.00,"https://dlt.by/image/catalog/easyphoto/3671/soplo-hyvst-tip-graco-xhd-109-art-xhd109-1.jpg,,,,,,,,,,,,,,,,,,,,,,,,,,,,,,,,,,,,,,,,,,,,,"
"Сопло HYVST (тип Graco RAC-X)  №665, арт.GXTIP665",Окрасочные аппараты и аксессуары>Сопла для окрасочных аппаратов,GXTIP665,0.00,"https://dlt.by/image/catalog/easyphoto/3500/soplo-hyvst-tip-graco-rac-x-gxtip109-1.jpg,,,,,,,,,,,,,,,,,,,,,,,,,,,,,,,,,,,,,,,,,,,,,"
"Сопло HYVST (тип Graco RAC-X)  №921, арт.GXTIP921",Окрасочные аппараты и аксессуары>Сопла для окрасочных аппаратов,GXTIP921,0.00,"https://dlt.by/image/catalog/easyphoto/3500/soplo-hyvst-tip-graco-rac-x-gxtip109-1.jpg,,,,,,,,,,,,,,,,,,,,,,,,,,,,,,,,,,,,,,,,,,,,,"
"Сопло HYVST (тип Graco RAC-X)  №711, арт.GXTIP711",Окрасочные аппараты и аксессуары>Сопла для окрасочных аппаратов,GXTIP711,0.00,"https://dlt.by/image/catalog/easyphoto/3500/soplo-hyvst-tip-graco-rac-x-gxtip109-1.jpg,,,,,,,,,,,,,,,,,,,,,,,,,,,,,,,,,,,,,,,,,,,,,"
"Сопло HYVST (тип Graco RAC-X)  №717, арт.GXTIP717",Окрасочные аппараты и аксессуары>Сопла для окрасочных аппаратов,GXTIP717,0.00,"https://dlt.by/image/catalog/easyphoto/3500/soplo-hyvst-tip-graco-rac-x-gxtip109-1.jpg,,,,,,,,,,,,,,,,,,,,,,,,,,,,,,,,,,,,,,,,,,,,,"
"Сопло HYVST (тип Graco RAC-X)  №719, арт.GXTIP719",Окрасочные аппараты и аксессуары>Сопла для окрасочных аппаратов,GXTIP719,0.00,"https://dlt.by/image/catalog/easyphoto/3500/soplo-hyvst-tip-graco-rac-x-gxtip109-1.jpg,,,,,,,,,,,,,,,,,,,,,,,,,,,,,,,,,,,,,,,,,,,,,"
"Сопло HYVST (тип Graco RAC-X)  №925, арт.GXTIP925",Окрасочные аппараты и аксессуары>Сопла для окрасочных аппаратов,GXTIP925,0.00,"https://dlt.by/image/catalog/easyphoto/3500/soplo-hyvst-tip-graco-rac-x-gxtip109-1.jpg,,,,,,,,,,,,,,,,,,,,,,,,,,,,,,,,,,,,,,,,,,,,,"
"Сопло HYVST (тип Graco RAC-X)  №933, арт.GXTIP933",Окрасочные аппараты и аксессуары>Сопла для окрасочных аппаратов,GXTIP933,0.00,"https://dlt.by/image/catalog/easyphoto/3500/soplo-hyvst-tip-graco-rac-x-gxtip109-1.jpg,,,,,,,,,,,,,,,,,,,,,,,,,,,,,,,,,,,,,,,,,,,,,"
"Сопло HYVST (тип Graco RAC-X) №529, арт.GXTIP529",Окрасочные аппараты и аксессуары>Сопла для окрасочных аппаратов,GXTIP529,662.07,"https://dlt.by/image/catalog/easyphoto/3667/soplo-hyvst-tip-graco-rac-x-529-art-gxtip529-1.jpg,https://dlt.by/image/catalog/easyphoto/3667/soplo-hyvst-tip-graco-rac-x-529-art-gxtip529-2.jpg,https://dlt.by/image/catalog/easyphoto/3667/soplo-hyvst-tip-graco-rac-x-529-art-gxtip529-3.jpg,https://dlt.by/image/catalog/easyphoto/3667/soplo-hyvst-tip-graco-rac-x-529-art-gxtip529-4.jpg,,,,,,,,,,,,,,,,,,,,,,,,,,,,,,,,,,,,,,,,,,"
"Сопло HYVST (тип Graco XHD) №443, арт.XHD443",Окрасочные аппараты и аксессуары>Сопла для окрасочных аппаратов,XHD443,0.00,"https://dlt.by/image/catalog/easyphoto/3671/soplo-hyvst-tip-graco-xhd-109-art-xhd109-1.jpg,,,,,,,,,,,,,,,,,,,,,,,,,,,,,,,,,,,,,,,,,,,,,"
"Сопло HYVST (тип Graco XHD) №447, арт.XHD447",Окрасочные аппараты и аксессуары>Сопла для окрасочных аппаратов,XHD447,0.00,"https://dlt.by/image/catalog/easyphoto/3671/soplo-hyvst-tip-graco-xhd-109-art-xhd109-1.jpg,,,,,,,,,,,,,,,,,,,,,,,,,,,,,,,,,,,,,,,,,,,,,"
"Сопло HYVST (тип Graco XHD) №509, арт.XHD509",Окрасочные аппараты и аксессуары>Сопла для окрасочных аппаратов,XHD509,0.00,"https://dlt.by/image/catalog/easyphoto/3671/soplo-hyvst-tip-graco-xhd-109-art-xhd109-1.jpg,,,,,,,,,,,,,,,,,,,,,,,,,,,,,,,,,,,,,,,,,,,,,"
"Сопло HYVST (тип Graco XHD) №515, арт.XHD515",Окрасочные аппараты и аксессуары>Сопла для окрасочных аппаратов,XHD515,0.00,"https://dlt.by/image/catalog/easyphoto/3671/soplo-hyvst-tip-graco-xhd-109-art-xhd109-1.jpg,,,,,,,,,,,,,,,,,,,,,,,,,,,,,,,,,,,,,,,,,,,,,"
"Сопло HYVST (тип Graco XHD) №519, арт.XHD519",Окрасочные аппараты и аксессуары>Сопла для окрасочных аппаратов,XHD519,0.00,"https://dlt.by/image/catalog/easyphoto/3671/soplo-hyvst-tip-graco-xhd-109-art-xhd109-1.jpg,,,,,,,,,,,,,,,,,,,,,,,,,,,,,,,,,,,,,,,,,,,,,"
"Сопло HYVST (тип Graco RAC-X) №541, арт.GXTIP541",Акции на строительный инструмент,GXTIP541,662.07,"https://dlt.by/image/catalog/easyphoto/3610/soplo-hyvst-tip-graco-rac-x-541-art-gxtip541-1.jpg,https://dlt.by/image/catalog/easyphoto/3610/soplo-hyvst-tip-graco-rac-x-541-art-gxtip541-2.jpg,https://dlt.by/image/catalog/easyphoto/3610/soplo-hyvst-tip-graco-rac-x-541-art-gxtip541-3.jpg,https://dlt.by/image/catalog/easyphoto/3610/soplo-hyvst-tip-graco-rac-x-541-art-gxtip541-4.jpg,,,,,,,,,,,,,,,,,,,,,,,,,,,,,,,,,,,,,,,,,,"
"Сопло HYVST (тип Graco RAC-X) №543, арт.GXTIP543",Акции на строительный инструмент,GXTIP543,662.07,"https://dlt.by/image/catalog/easyphoto/3611/soplo-hyvst-tip-graco-rac-x-543-art-gxtip543-1.jpg,https://dlt.by/image/catalog/easyphoto/3611/soplo-hyvst-tip-graco-rac-x-543-art-gxtip543-2.jpg,https://dlt.by/image/catalog/easyphoto/3611/soplo-hyvst-tip-graco-rac-x-543-art-gxtip543-3.jpg,https://dlt.by/image/catalog/easyphoto/3611/soplo-hyvst-tip-graco-rac-x-543-art-gxtip543-4.jpg,,,,,,,,,,,,,,,,,,,,,,,,,,,,,,,,,,,,,,,,,,"
"Сопло HYVST (тип Graco RAC-X)  №545, арт.GXTIP545",Окрасочные аппараты и аксессуары>Сопла для окрасочных аппаратов,GXTIP545,0.00,"https://dlt.by/image/catalog/easyphoto/3500/soplo-hyvst-tip-graco-rac-x-gxtip109-1.jpg,,,,,,,,,,,,,,,,,,,,,,,,,,,,,,,,,,,,,,,,,,,,,"
"Сопло HYVST (тип Graco RAC-X)  №547, арт.GXTIP547",Окрасочные аппараты и аксессуары>Сопла для окрасочных аппаратов,GXTIP547,0.00,"https://dlt.by/image/catalog/easyphoto/3500/soplo-hyvst-tip-graco-rac-x-gxtip109-1.jpg,,,,,,,,,,,,,,,,,,,,,,,,,,,,,,,,,,,,,,,,,,,,,"
"Сопло HYVST (тип Graco RAC-X)  №549, арт.GXTIP549",Окрасочные аппараты и аксессуары>Сопла для окрасочных аппаратов,GXTIP549,0.00,"https://dlt.by/image/catalog/easyphoto/3500/soplo-hyvst-tip-graco-rac-x-gxtip109-1.jpg,,,,,,,,,,,,,,,,,,,,,,,,,,,,,,,,,,,,,,,,,,,,,"
"Сопло HYVST (тип Graco RAC-X)  №525, арт.GXTIP525",Окрасочные аппараты и аксессуары>Сопла для окрасочных аппаратов,GXTIP525,0.00,"https://dlt.by/image/catalog/easyphoto/3500/soplo-hyvst-tip-graco-rac-x-gxtip109-1.jpg,,,,,,,,,,,,,,,,,,,,,,,,,,,,,,,,,,,,,,,,,,,,,"
"Сопло HYVST (тип Graco RAC-X)  №553, арт.GXTIP553",Окрасочные аппараты и аксессуары>Сопла для окрасочных аппаратов,GXTIP553,0.00,"https://dlt.by/image/catalog/easyphoto/3500/soplo-hyvst-tip-graco-rac-x-gxtip109-1.jpg,,,,,,,,,,,,,,,,,,,,,,,,,,,,,,,,,,,,,,,,,,,,,"
"Сопло HYVST (тип Graco RAC-X)  №555, арт.GXTIP555",Окрасочные аппараты и аксессуары>Сопла для окрасочных аппаратов,GXTIP555,0.00,"https://dlt.by/image/catalog/easyphoto/3500/soplo-hyvst-tip-graco-rac-x-gxtip109-1.jpg,,,,,,,,,,,,,,,,,,,,,,,,,,,,,,,,,,,,,,,,,,,,,"
"Сопло HYVST (тип Graco RAC-X)  №609, арт.GXTIP609",Окрасочные аппараты и аксессуары>Сопла для окрасочных аппаратов,GXTIP609,0.00,"https://dlt.by/image/catalog/easyphoto/3500/soplo-hyvst-tip-graco-rac-x-gxtip109-1.jpg,,,,,,,,,,,,,,,,,,,,,,,,,,,,,,,,,,,,,,,,,,,,,"
"Сопло HYVST (тип Graco RAC-X)  №611, арт.GXTIP611",Окрасочные аппараты и аксессуары>Сопла для окрасочных аппаратов,GXTIP611,0.00,"https://dlt.by/image/catalog/easyphoto/3500/soplo-hyvst-tip-graco-rac-x-gxtip109-1.jpg,,,,,,,,,,,,,,,,,,,,,,,,,,,,,,,,,,,,,,,,,,,,,"
"Сопло HYVST (тип Graco RAC-X)  №613, арт.GXTIP613",Окрасочные аппараты и аксессуары>Сопла для окрасочных аппаратов,GXTIP613,0.00,"https://dlt.by/image/catalog/easyphoto/3500/soplo-hyvst-tip-graco-rac-x-gxtip109-1.jpg,,,,,,,,,,,,,,,,,,,,,,,,,,,,,,,,,,,,,,,,,,,,,"
"Сопло HYVST (тип Graco RAC-X)  №615, арт.GXTIP615",Окрасочные аппараты и аксессуары>Сопла для окрасочных аппаратов,GXTIP615,0.00,"https://dlt.by/image/catalog/easyphoto/3500/soplo-hyvst-tip-graco-rac-x-gxtip109-1.jpg,,,,,,,,,,,,,,,,,,,,,,,,,,,,,,,,,,,,,,,,,,,,,"
"Сопло HYVST (тип Graco RAC-X) №617, арт.GXTIP617",Акции на строительный инструмент,GXTIP617,541.70,"https://dlt.by/image/catalog/easyphoto/3622/soplo-hyvst-tip-graco-rac-x-617-art-gxtip617-1.jpg,https://dlt.by/image/catalog/easyphoto/3622/soplo-hyvst-tip-graco-rac-x-617-art-gxtip617-2.jpg,https://dlt.by/image/catalog/easyphoto/3622/soplo-hyvst-tip-graco-rac-x-617-art-gxtip617-3.jpg,https://dlt.by/image/catalog/easyphoto/3622/soplo-hyvst-tip-graco-rac-x-617-art-gxtip617-4.jpg,,,,,,,,,,,,,,,,,,,,,,,,,,,,,,,,,,,,,,,,,,"
"Сопло HYVST (тип Graco RAC-X)  №619, арт.GXTIP619",Окрасочные аппараты и аксессуары>Сопла для окрасочных аппаратов,GXTIP619,0.00,"https://dlt.by/image/catalog/easyphoto/3500/soplo-hyvst-tip-graco-rac-x-gxtip109-1.jpg,,,,,,,,,,,,,,,,,,,,,,,,,,,,,,,,,,,,,,,,,,,,,"
"Сопло HYVST (тип Graco RAC-X)  №621, арт.GXTIP621",Окрасочные аппараты и аксессуары>Сопла для окрасочных аппаратов,GXTIP621,0.00,"https://dlt.by/image/catalog/easyphoto/3500/soplo-hyvst-tip-graco-rac-x-gxtip109-1.jpg,,,,,,,,,,,,,,,,,,,,,,,,,,,,,,,,,,,,,,,,,,,,,"
"Сопло HYVST (тип Graco RAC-X)  №623, арт.GXTIP623",Окрасочные аппараты и аксессуары>Сопла для окрасочных аппаратов,GXTIP623,0.00,"https://dlt.by/image/catalog/easyphoto/3500/soplo-hyvst-tip-graco-rac-x-gxtip109-1.jpg,,,,,,,,,,,,,,,,,,,,,,,,,,,,,,,,,,,,,,,,,,,,,"
"Сопло HYVST (тип Graco RAC-X)  №625, арт.GXTIP625",Окрасочные аппараты и аксессуары>Сопла для окрасочных аппаратов,GXTIP625,0.00,"https://dlt.by/image/catalog/easyphoto/3500/soplo-hyvst-tip-graco-rac-x-gxtip109-1.jpg,,,,,,,,,,,,,,,,,,,,,,,,,,,,,,,,,,,,,,,,,,,,,"
"Сопло HYVST (тип Graco RAC-X)  №923, арт.GXTIP923",Окрасочные аппараты и аксессуары>Сопла для окрасочных аппаратов,GXTIP923,0.00,"https://dlt.by/image/catalog/easyphoto/3500/soplo-hyvst-tip-graco-rac-x-gxtip109-1.jpg,,,,,,,,,,,,,,,,,,,,,,,,,,,,,,,,,,,,,,,,,,,,,"
"Сопло HYVST (тип Graco XHD) №521, арт.XHD521",Окрасочные аппараты и аксессуары>Сопла для окрасочных аппаратов,XHD521,0.00,"https://dlt.by/image/catalog/easyphoto/3671/soplo-hyvst-tip-graco-xhd-109-art-xhd109-1.jpg,,,,,,,,,,,,,,,,,,,,,,,,,,,,,,,,,,,,,,,,,,,,,"
"Сопло HYVST (тип Graco RAC-X)  №551, арт.GXTIP551",Окрасочные аппараты и аксессуары>Сопла для окрасочных аппаратов,GXTIP551,0.00,"https://dlt.by/image/catalog/easyphoto/3500/soplo-hyvst-tip-graco-rac-x-gxtip109-1.jpg,,,,,,,,,,,,,,,,,,,,,,,,,,,,,,,,,,,,,,,,,,,,,"
"Сопло HYVST (тип Graco XHD) №439, арт.XHD439",Окрасочные аппараты и аксессуары>Сопла для окрасочных аппаратов,XHD439,0.00,"https://dlt.by/image/catalog/easyphoto/3671/soplo-hyvst-tip-graco-xhd-109-art-xhd109-1.jpg,,,,,,,,,,,,,,,,,,,,,,,,,,,,,,,,,,,,,,,,,,,,,"
"Сопло HYVST (тип Graco RAC-X)  №527, арт.GXTIP527",Окрасочные аппараты и аксессуары>Сопла для окрасочных аппаратов,GXTIP527,0.00,"https://dlt.by/image/catalog/easyphoto/3500/soplo-hyvst-tip-graco-rac-x-gxtip109-1.jpg,,,,,,,,,,,,,,,,,,,,,,,,,,,,,,,,,,,,,,,,,,,,,"
"Сопло HYVST (тип Graco XHD) №441, арт.XHD441",Окрасочные аппараты и аксессуары>Сопла для окрасочных аппаратов,XHD441,0.00,"https://dlt.by/image/catalog/easyphoto/3671/soplo-hyvst-tip-graco-xhd-109-art-xhd109-1.jpg,,,,,,,,,,,,,,,,,,,,,,,,,,,,,,,,,,,,,,,,,,,,,"
"Сопло HYVST (тип Graco XHD) №445, арт.XHD445",Окрасочные аппараты и аксессуары>Сопла для окрасочных аппаратов,XHD445,0.00,"https://dlt.by/image/catalog/easyphoto/3671/soplo-hyvst-tip-graco-xhd-109-art-xhd109-1.jpg,,,,,,,,,,,,,,,,,,,,,,,,,,,,,,,,,,,,,,,,,,,,,"
"Сопло HYVST (тип Graco RAC-X) №531, арт.GXTIP531",Акции на строительный инструмент,GXTIP531,662.07,"https://dlt.by/image/catalog/easyphoto/3636/soplo-hyvst-tip-graco-rac-x-531-art-gxtip531-1.jpg,https://dlt.by/image/catalog/easyphoto/3636/soplo-hyvst-tip-graco-rac-x-531-art-gxtip531-2.jpg,https://dlt.by/image/catalog/easyphoto/3636/soplo-hyvst-tip-graco-rac-x-531-art-gxtip531-3.jpg,https://dlt.by/image/catalog/easyphoto/3636/soplo-hyvst-tip-graco-rac-x-531-art-gxtip531-4.jpg,,,,,,,,,,,,,,,,,,,,,,,,,,,,,,,,,,,,,,,,,,"
"Сопло HYVST (тип Graco XHD) №449, арт.XHD449",Окрасочные аппараты и аксессуары>Сопла для окрасочных аппаратов,XHD449,0.00,"https://dlt.by/image/catalog/easyphoto/3671/soplo-hyvst-tip-graco-xhd-109-art-xhd109-1.jpg,,,,,,,,,,,,,,,,,,,,,,,,,,,,,,,,,,,,,,,,,,,,,"
"Сопло HYVST (тип Graco RAC-X) №533, арт.GXTIP533",Акции на строительный инструмент,GXTIP533,662.07,"https://dlt.by/image/catalog/easyphoto/3638/soplo-hyvst-tip-graco-rac-x-533-art-gxtip533-1.jpg,https://dlt.by/image/catalog/easyphoto/3638/soplo-hyvst-tip-graco-rac-x-533-art-gxtip533-2.jpg,https://dlt.by/image/catalog/easyphoto/3638/soplo-hyvst-tip-graco-rac-x-533-art-gxtip533-3.jpg,https://dlt.by/image/catalog/easyphoto/3638/soplo-hyvst-tip-graco-rac-x-533-art-gxtip533-4.jpg,,,,,,,,,,,,,,,,,,,,,,,,,,,,,,,,,,,,,,,,,,"
"Сопло HYVST (тип Graco XHD) №511, арт.XHD511",Окрасочные аппараты и аксессуары>Сопла для окрасочных аппаратов,XHD511,0.00,"https://dlt.by/image/catalog/easyphoto/3671/soplo-hyvst-tip-graco-xhd-109-art-xhd109-1.jpg,,,,,,,,,,,,,,,,,,,,,,,,,,,,,,,,,,,,,,,,,,,,,"
"Сопло HYVST (тип Graco RAC-X) №535, арт.GXTIP535",Акции на строительный инструмент,GXTIP535,662.07,"https://dlt.by/image/catalog/easyphoto/3640/soplo-hyvst-tip-graco-rac-x-535-art-gxtip535-1.jpg,https://dlt.by/image/catalog/easyphoto/3640/soplo-hyvst-tip-graco-rac-x-535-art-gxtip535-2.jpg,https://dlt.by/image/catalog/easyphoto/3640/soplo-hyvst-tip-graco-rac-x-535-art-gxtip535-3.jpg,https://dlt.by/image/catalog/easyphoto/3640/soplo-hyvst-tip-graco-rac-x-535-art-gxtip535-4.jpg,,,,,,,,,,,,,,,,,,,,,,,,,,,,,,,,,,,,,,,,,,"
"Сопло HYVST (тип Graco XHD) №513, арт.XHD513",Окрасочные аппараты и аксессуары>Сопла для окрасочных аппаратов,XHD513,0.00,"https://dlt.by/image/catalog/easyphoto/3671/soplo-hyvst-tip-graco-xhd-109-art-xhd109-1.jpg,,,,,,,,,,,,,,,,,,,,,,,,,,,,,,,,,,,,,,,,,,,,,"
"Сопло HYVST (тип Graco RAC-X) №537, арт.GXTIP537",Акции на строительный инструмент,GXTIP537,662.07,"https://dlt.by/image/catalog/easyphoto/3642/soplo-hyvst-tip-graco-rac-x-537-art-gxtip537-1.jpg,https://dlt.by/image/catalog/easyphoto/3642/soplo-hyvst-tip-graco-rac-x-537-art-gxtip537-2.jpg,https://dlt.by/image/catalog/easyphoto/3642/soplo-hyvst-tip-graco-rac-x-537-art-gxtip537-3.jpg,https://dlt.by/image/catalog/easyphoto/3642/soplo-hyvst-tip-graco-rac-x-537-art-gxtip537-4.jpg,,,,,,,,,,,,,,,,,,,,,,,,,,,,,,,,,,,,,,,,,,"
"Сопло HYVST (тип Graco XHD) №517, арт.XHD517",Окрасочные аппараты и аксессуары>Сопла для окрасочных аппаратов,XHD517,0.00,"https://dlt.by/image/catalog/easyphoto/3671/soplo-hyvst-tip-graco-xhd-109-art-xhd109-1.jpg,,,,,,,,,,,,,,,,,,,,,,,,,,,,,,,,,,,,,,,,,,,,,"
"Сопло HYVST (тип Graco RAC-X) №539, арт.GXTIP539",Акции на строительный инструмент,GXTIP539,662.07,"https://dlt.by/image/catalog/easyphoto/3644/soplo-hyvst-tip-graco-rac-x-539-art-gxtip539-1.jpg,https://dlt.by/image/catalog/easyphoto/3644/soplo-hyvst-tip-graco-rac-x-539-art-gxtip539-2.jpg,https://dlt.by/image/catalog/easyphoto/3644/soplo-hyvst-tip-graco-rac-x-539-art-gxtip539-3.jpg,https://dlt.by/image/catalog/easyphoto/3644/soplo-hyvst-tip-graco-rac-x-539-art-gxtip539-4.jpg,,,,,,,,,,,,,,,,,,,,,,,,,,,,,,,,,,,,,,,,,,"
"Сопло HYVST (тип Graco RAC-X)  №663, арт.GXTIP663",Окрасочные аппараты и аксессуары>Сопла для окрасочных аппаратов,GXTIP663,0.00,"https://dlt.by/image/catalog/easyphoto/3500/soplo-hyvst-tip-graco-rac-x-gxtip109-1.jpg,,,,,,,,,,,,,,,,,,,,,,,,,,,,,,,,,,,,,,,,,,,,,"
"Сопло HYVST (тип Graco RAC-X)  №709, арт.GXTIP709",Окрасочные аппараты и аксессуары>Сопла для окрасочных аппаратов,GXTIP709,0.00,"https://dlt.by/image/catalog/easyphoto/3500/soplo-hyvst-tip-graco-rac-x-gxtip109-1.jpg,,,,,,,,,,,,,,,,,,,,,,,,,,,,,,,,,,,,,,,,,,,,,"
"Сопло HYVST (тип Graco RAC-X)  №919, арт.GXTIP919",Окрасочные аппараты и аксессуары>Сопла для окрасочных аппаратов,GXTIP919,0.00,"https://dlt.by/image/catalog/easyphoto/3500/soplo-hyvst-tip-graco-rac-x-gxtip109-1.jpg,,,,,,,,,,,,,,,,,,,,,,,,,,,,,,,,,,,,,,,,,,,,,"
"Сопло HYVST (тип Graco RAC-X)  №831, арт.GXTIP831",Окрасочные аппараты и аксессуары>Сопла для окрасочных аппаратов,GXTIP831,0.00,"https://dlt.by/image/catalog/easyphoto/3500/soplo-hyvst-tip-graco-rac-x-gxtip109-1.jpg,,,,,,,,,,,,,,,,,,,,,,,,,,,,,,,,,,,,,,,,,,,,,"
"Сопло HYVST (тип Graco RAC-X)  №829, арт.GXTIP829",Окрасочные аппараты и аксессуары>Сопла для окрасочных аппаратов,GXTIP829,0.00,"https://dlt.by/image/catalog/easyphoto/3500/soplo-hyvst-tip-graco-rac-x-gxtip109-1.jpg,,,,,,,,,,,,,,,,,,,,,,,,,,,,,,,,,,,,,,,,,,,,,"
"Сопло HYVST (тип Graco RAC-V) №511, арт.GVTIP511",Акции на строительный инструмент,GVTIP511,812.54,"https://dlt.by/image/catalog/easyphoto/3670/soplo-hyvst-tip-graco-rac-v-511-art-gvtip511-2.jpg,https://dlt.by/image/catalog/easyphoto/3670/soplo-hyvst-tip-graco-rac-v-511-art-gvtip511-3.jpg,https://dlt.by/image/catalog/easyphoto/3670/soplo-hyvst-tip-graco-rac-v-511-art-gvtip511-4.jpg,https://dlt.by/image/catalog/easyphoto/3670/soplo-hyvst-tip-graco-rac-v-511-art-gvtip511-5.jpg,,,,,,,,,,,,,,,,,,,,,,,,,,,,,,,,,,,,,,,,,,"
"Сопло HYVST (тип Graco RAC-X)  №825, арт.GXTIP825",Окрасочные аппараты и аксессуары>Сопла для окрасочных аппаратов,GXTIP825,0.00,"https://dlt.by/image/catalog/easyphoto/3500/soplo-hyvst-tip-graco-rac-x-gxtip109-1.jpg,,,,,,,,,,,,,,,,,,,,,,,,,,,,,,,,,,,,,,,,,,,,,"
"Сопло HYVST (тип Graco RAC-X)  №823, арт.GXTIP823",Окрасочные аппараты и аксессуары>Сопла для окрасочных аппаратов,GXTIP823,0.00,"https://dlt.by/image/catalog/easyphoto/3500/soplo-hyvst-tip-graco-rac-x-gxtip109-1.jpg,,,,,,,,,,,,,,,,,,,,,,,,,,,,,,,,,,,,,,,,,,,,,"
"Сопло HYVST (тип Graco RAC-X)  №821, арт.GXTIP821",Окрасочные аппараты и аксессуары>Сопла для окрасочных аппаратов,GXTIP821,0.00,"https://dlt.by/image/catalog/easyphoto/3500/soplo-hyvst-tip-graco-rac-x-gxtip109-1.jpg,,,,,,,,,,,,,,,,,,,,,,,,,,,,,,,,,,,,,,,,,,,,,"
"Сопло HYVST (тип Graco RAC-X)  №819, арт.GXTIP819",Окрасочные аппараты и аксессуары>Сопла для окрасочных аппаратов,GXTIP819,0.00,"https://dlt.by/image/catalog/easyphoto/3500/soplo-hyvst-tip-graco-rac-x-gxtip109-1.jpg,,,,,,,,,,,,,,,,,,,,,,,,,,,,,,,,,,,,,,,,,,,,,"
"Сопло HYVST (тип Graco RAC-X)  №817, арт.GXTIP817",Окрасочные аппараты и аксессуары>Сопла для окрасочных аппаратов,GXTIP817,0.00,"https://dlt.by/image/catalog/easyphoto/3500/soplo-hyvst-tip-graco-rac-x-gxtip109-1.jpg,,,,,,,,,,,,,,,,,,,,,,,,,,,,,,,,,,,,,,,,,,,,,"
"Сопло HYVST (тип Graco RAC-X)  №731, арт.GXTIP731",Окрасочные аппараты и аксессуары>Сопла для окрасочных аппаратов,GXTIP731,0.00,"https://dlt.by/image/catalog/easyphoto/3500/soplo-hyvst-tip-graco-rac-x-gxtip109-1.jpg,,,,,,,,,,,,,,,,,,,,,,,,,,,,,,,,,,,,,,,,,,,,,"
"Сопло HYVST (тип Graco RAC-X)  №729, арт.GXTIP729",Окрасочные аппараты и аксессуары>Сопла для окрасочных аппаратов,GXTIP729,0.00,"https://dlt.by/image/catalog/easyphoto/3500/soplo-hyvst-tip-graco-rac-x-gxtip109-1.jpg,,,,,,,,,,,,,,,,,,,,,,,,,,,,,,,,,,,,,,,,,,,,,"
"Сопло HYVST (тип Graco RAC-X)  №727, арт.GXTIP727",Окрасочные аппараты и аксессуары>Сопла для окрасочных аппаратов,GXTIP727,0.00,"https://dlt.by/image/catalog/easyphoto/3500/soplo-hyvst-tip-graco-rac-x-gxtip109-1.jpg,,,,,,,,,,,,,,,,,,,,,,,,,,,,,,,,,,,,,,,,,,,,,"
"Сопло HYVST (тип Graco RAC-X)  №725, арт.GXTIP725",Окрасочные аппараты и аксессуары>Сопла для окрасочных аппаратов,GXTIP725,0.00,"https://dlt.by/image/catalog/easyphoto/3500/soplo-hyvst-tip-graco-rac-x-gxtip109-1.jpg,,,,,,,,,,,,,,,,,,,,,,,,,,,,,,,,,,,,,,,,,,,,,"
"Сопло HYVST (тип Graco RAC-X)  №723, арт.GXTIP723",Окрасочные аппараты и аксессуары>Сопла для окрасочных аппаратов,GXTIP723,0.00,"https://dlt.by/image/catalog/easyphoto/3500/soplo-hyvst-tip-graco-rac-x-gxtip109-1.jpg,,,,,,,,,,,,,,,,,,,,,,,,,,,,,,,,,,,,,,,,,,,,,"
"Сопло HYVST (тип Graco RAC-X)  №721, арт.GXTIP721",Окрасочные аппараты и аксессуары>Сопла для окрасочных аппаратов,GXTIP721,0.00,"https://dlt.by/image/catalog/easyphoto/3500/soplo-hyvst-tip-graco-rac-x-gxtip109-1.jpg,,,,,,,,,,,,,,,,,,,,,,,,,,,,,,,,,,,,,,,,,,,,,"
"Сопло HYVST (тип Graco RAC-X)  №931, арт.GXTIP931",Окрасочные аппараты и аксессуары>Сопла для окрасочных аппаратов,GXTIP931,0.00,"https://dlt.by/image/catalog/easyphoto/3500/soplo-hyvst-tip-graco-rac-x-gxtip109-1.jpg,,,,,,,,,,,,,,,,,,,,,,,,,,,,,,,,,,,,,,,,,,,,,"
"Сопло HYVST (тип Graco RAC-X)  №929, арт.GXTIP929",Окрасочные аппараты и аксессуары>Сопла для окрасочных аппаратов,GXTIP929,0.00,"https://dlt.by/image/catalog/easyphoto/3500/soplo-hyvst-tip-graco-rac-x-gxtip109-1.jpg,,,,,,,,,,,,,,,,,,,,,,,,,,,,,,,,,,,,,,,,,,,,,"
"Сопло HYVST (тип Graco RAC-X)  №927, арт.GXTIP927",Окрасочные аппараты и аксессуары>Сопла для окрасочных аппаратов,GXTIP927,0.00,"https://dlt.by/image/catalog/easyphoto/3500/soplo-hyvst-tip-graco-rac-x-gxtip109-1.jpg,,,,,,,,,,,,,,,,,,,,,,,,,,,,,,,,,,,,,,,,,,,,,"
"Соплодержатель HYVST (XHD), арт.HXHP75-7/8N",Окрасочные аппараты и аксессуары>Сопла для окрасочных аппаратов,HXHP75-7/8N,842.64,"https://dlt.by/image/catalog/easyphoto/3842/soploderzhatel-hyvst-xhd-art-hxhp75-7-8n-2.jpg,https://dlt.by/image/catalog/easyphoto/3842/soploderzhatel-hyvst-xhd-art-hxhp75-7-8n-3.jpg,https://dlt.by/image/catalog/easyphoto/3842/soploderzhatel-hyvst-xhd-art-hxhp75-7-8n-4.jpg,https://dlt.by/image/catalog/easyphoto/3842/soploderzhatel-hyvst-xhd-art-hxhp75-7-8n-5.jpg,,,,,,,,,,,,,,,,,,,,,,,,,,,,,,,,,,,,,,,,,,"
"Сопло HYVST (тип Graco XHD) №437, арт.XHD437",Окрасочные аппараты и аксессуары>Сопла для окрасочных аппаратов,XHD437,0.00,"https://dlt.by/image/catalog/easyphoto/3671/soplo-hyvst-tip-graco-xhd-109-art-xhd109-1.jpg,,,,,,,,,,,,,,,,,,,,,,,,,,,,,,,,,,,,,,,,,,,,,"
"Сопло HYVST (тип Graco XHD) №435, арт.XHD435",Окрасочные аппараты и аксессуары>Сопла для окрасочных аппаратов,XHD435,0.00,"https://dlt.by/image/catalog/easyphoto/3671/soplo-hyvst-tip-graco-xhd-109-art-xhd109-1.jpg,,,,,,,,,,,,,,,,,,,,,,,,,,,,,,,,,,,,,,,,,,,,,"
"Сопло HYVST (тип Graco XHD) №433, арт.XHD433",Окрасочные аппараты и аксессуары>Сопла для окрасочных аппаратов,XHD433,0.00,"https://dlt.by/image/catalog/easyphoto/3671/soplo-hyvst-tip-graco-xhd-109-art-xhd109-1.jpg,,,,,,,,,,,,,,,,,,,,,,,,,,,,,,,,,,,,,,,,,,,,,"
"Сопло HYVST (тип Graco XHD) №431, арт.XHD431",Окрасочные аппараты и аксессуары>Сопла для окрасочных аппаратов,XHD431,0.00,"https://dlt.by/image/catalog/easyphoto/3671/soplo-hyvst-tip-graco-xhd-109-art-xhd109-1.jpg,,,,,,,,,,,,,,,,,,,,,,,,,,,,,,,,,,,,,,,,,,,,,"
"Сопло HYVST (тип Graco XHD) №429, арт.XHD429",Окрасочные аппараты и аксессуары>Сопла для окрасочных аппаратов,XHD429,0.00,"https://dlt.by/image/catalog/easyphoto/3671/soplo-hyvst-tip-graco-xhd-109-art-xhd109-1.jpg,,,,,,,,,,,,,,,,,,,,,,,,,,,,,,,,,,,,,,,,,,,,,"
"Сопло HYVST (тип Graco XHD) №427, арт.XHD427",Окрасочные аппараты и аксессуары>Сопла для окрасочных аппаратов,XHD427,0.00,"https://dlt.by/image/catalog/easyphoto/3671/soplo-hyvst-tip-graco-xhd-109-art-xhd109-1.jpg,,,,,,,,,,,,,,,,,,,,,,,,,,,,,,,,,,,,,,,,,,,,,"
"Сопло HYVST (тип Graco XHD) №425, арт.XHD425",Окрасочные аппараты и аксессуары>Сопла для окрасочных аппаратов,XHD425,0.00,"https://dlt.by/image/catalog/easyphoto/3671/soplo-hyvst-tip-graco-xhd-109-art-xhd109-1.jpg,,,,,,,,,,,,,,,,,,,,,,,,,,,,,,,,,,,,,,,,,,,,,"
"Сопло HYVST (тип Graco XHD) №423, арт.XHD423",Окрасочные аппараты и аксессуары>Сопла для окрасочных аппаратов,XHD423,0.00,"https://dlt.by/image/catalog/easyphoto/3671/soplo-hyvst-tip-graco-xhd-109-art-xhd109-1.jpg,,,,,,,,,,,,,,,,,,,,,,,,,,,,,,,,,,,,,,,,,,,,,"
"Сопло HYVST (тип Graco XHD) №421, арт.XHD421",Окрасочные аппараты и аксессуары>Сопла для окрасочных аппаратов,XHD421,0.00,"https://dlt.by/image/catalog/easyphoto/3671/soplo-hyvst-tip-graco-xhd-109-art-xhd109-1.jpg,,,,,,,,,,,,,,,,,,,,,,,,,,,,,,,,,,,,,,,,,,,,,"
"Сопло HYVST (тип Graco XHD) №419, арт.XHD419",Окрасочные аппараты и аксессуары>Сопла для окрасочных аппаратов,XHD419,0.00,"https://dlt.by/image/catalog/easyphoto/3671/soplo-hyvst-tip-graco-xhd-109-art-xhd109-1.jpg,,,,,,,,,,,,,,,,,,,,,,,,,,,,,,,,,,,,,,,,,,,,,"
"Сопло HYVST (тип Graco XHD) №417, арт.XHD417",Окрасочные аппараты и аксессуары>Сопла для окрасочных аппаратов,XHD417,0.00,"https://dlt.by/image/catalog/easyphoto/3671/soplo-hyvst-tip-graco-xhd-109-art-xhd109-1.jpg,,,,,,,,,,,,,,,,,,,,,,,,,,,,,,,,,,,,,,,,,,,,,"
"Сопло HYVST (тип Graco XHD) №415, арт.XHD415",Окрасочные аппараты и аксессуары>Сопла для окрасочных аппаратов,XHD415,0.00,"https://dlt.by/image/catalog/easyphoto/3671/soplo-hyvst-tip-graco-xhd-109-art-xhd109-1.jpg,,,,,,,,,,,,,,,,,,,,,,,,,,,,,,,,,,,,,,,,,,,,,"
"Сопло HYVST (тип Graco XHD) №413, арт.XHD413",Окрасочные аппараты и аксессуары>Сопла для окрасочных аппаратов,XHD413,0.00,"https://dlt.by/image/catalog/easyphoto/3671/soplo-hyvst-tip-graco-xhd-109-art-xhd109-1.jpg,,,,,,,,,,,,,,,,,,,,,,,,,,,,,,,,,,,,,,,,,,,,,"
"Сопло HYVST (тип Graco XHD) №411, арт.XHD411",Окрасочные аппараты и аксессуары>Сопла для окрасочных аппаратов,XHD411,0.00,"https://dlt.by/image/catalog/easyphoto/3671/soplo-hyvst-tip-graco-xhd-109-art-xhd109-1.jpg,,,,,,,,,,,,,,,,,,,,,,,,,,,,,,,,,,,,,,,,,,,,,"
"Сопло HYVST (тип Graco XHD) №409, арт.XHD409",Окрасочные аппараты и аксессуары>Сопла для окрасочных аппаратов,XHD409,0.00,"https://dlt.by/image/catalog/easyphoto/3671/soplo-hyvst-tip-graco-xhd-109-art-xhd109-1.jpg,,,,,,,,,,,,,,,,,,,,,,,,,,,,,,,,,,,,,,,,,,,,,"
"Сопло HYVST (тип Graco XHD) №349, арт.XHD349",Окрасочные аппараты и аксессуары>Сопла для окрасочных аппаратов,XHD349,0.00,"https://dlt.by/image/catalog/easyphoto/3671/soplo-hyvst-tip-graco-xhd-109-art-xhd109-1.jpg,,,,,,,,,,,,,,,,,,,,,,,,,,,,,,,,,,,,,,,,,,,,,"
"Сопло HYVST (тип Graco XHD) №347, арт.XHD347",Окрасочные аппараты и аксессуары>Сопла для окрасочных аппаратов,XHD347,0.00,"https://dlt.by/image/catalog/easyphoto/3671/soplo-hyvst-tip-graco-xhd-109-art-xhd109-1.jpg,,,,,,,,,,,,,,,,,,,,,,,,,,,,,,,,,,,,,,,,,,,,,"
"Сопло HYVST (тип Graco XHD) №345, арт.XHD345",Окрасочные аппараты и аксессуары>Сопла для окрасочных аппаратов,XHD345,0.00,"https://dlt.by/image/catalog/easyphoto/3671/soplo-hyvst-tip-graco-xhd-109-art-xhd109-1.jpg,,,,,,,,,,,,,,,,,,,,,,,,,,,,,,,,,,,,,,,,,,,,,"
"Сопло HYVST (тип Graco XHD) №343, арт.XHD343",Окрасочные аппараты и аксессуары>Сопла для окрасочных аппаратов,XHD343,0.00,"https://dlt.by/image/catalog/easyphoto/3671/soplo-hyvst-tip-graco-xhd-109-art-xhd109-1.jpg,,,,,,,,,,,,,,,,,,,,,,,,,,,,,,,,,,,,,,,,,,,,,"
"Сопло HYVST (тип Graco XHD) №341, арт.XHD341",Окрасочные аппараты и аксессуары>Сопла для окрасочных аппаратов,XHD341,0.00,"https://dlt.by/image/catalog/easyphoto/3671/soplo-hyvst-tip-graco-xhd-109-art-xhd109-1.jpg,,,,,,,,,,,,,,,,,,,,,,,,,,,,,,,,,,,,,,,,,,,,,"
"Сопло HYVST (тип Graco XHD) №339, арт.XHD339",Окрасочные аппараты и аксессуары>Сопла для окрасочных аппаратов,XHD339,0.00,"https://dlt.by/image/catalog/easyphoto/3671/soplo-hyvst-tip-graco-xhd-109-art-xhd109-1.jpg,,,,,,,,,,,,,,,,,,,,,,,,,,,,,,,,,,,,,,,,,,,,,"
"Сопло HYVST (тип Graco XHD) №337, арт.XHD337",Окрасочные аппараты и аксессуары>Сопла для окрасочных аппаратов,XHD337,0.00,"https://dlt.by/image/catalog/easyphoto/3671/soplo-hyvst-tip-graco-xhd-109-art-xhd109-1.jpg,,,,,,,,,,,,,,,,,,,,,,,,,,,,,,,,,,,,,,,,,,,,,"
"Сопло HYVST (тип Graco XHD) №335, арт.XHD335",Окрасочные аппараты и аксессуары>Сопла для окрасочных аппаратов,XHD335,0.00,"https://dlt.by/image/catalog/easyphoto/3671/soplo-hyvst-tip-graco-xhd-109-art-xhd109-1.jpg,,,,,,,,,,,,,,,,,,,,,,,,,,,,,,,,,,,,,,,,,,,,,"
"Сопло HYVST (тип Graco XHD) №333, арт.XHD333",Окрасочные аппараты и аксессуары>Сопла для окрасочных аппаратов,XHD333,0.00,"https://dlt.by/image/catalog/easyphoto/3671/soplo-hyvst-tip-graco-xhd-109-art-xhd109-1.jpg,,,,,,,,,,,,,,,,,,,,,,,,,,,,,,,,,,,,,,,,,,,,,"
"Сопло HYVST (тип Graco XHD) №331, арт.XHD331",Окрасочные аппараты и аксессуары>Сопла для окрасочных аппаратов,XHD331,0.00,"https://dlt.by/image/catalog/easyphoto/3671/soplo-hyvst-tip-graco-xhd-109-art-xhd109-1.jpg,,,,,,,,,,,,,,,,,,,,,,,,,,,,,,,,,,,,,,,,,,,,,"
"Сопло HYVST (тип Graco XHD) №329, арт.XHD329",Окрасочные аппараты и аксессуары>Сопла для окрасочных аппаратов,XHD329,0.00,"https://dlt.by/image/catalog/easyphoto/3671/soplo-hyvst-tip-graco-xhd-109-art-xhd109-1.jpg,,,,,,,,,,,,,,,,,,,,,,,,,,,,,,,,,,,,,,,,,,,,,"
"Сопло HYVST (тип Graco XHD) №327, арт.XHD327",Окрасочные аппараты и аксессуары>Сопла для окрасочных аппаратов,XHD327,0.00,"https://dlt.by/image/catalog/easyphoto/3671/soplo-hyvst-tip-graco-xhd-109-art-xhd109-1.jpg,,,,,,,,,,,,,,,,,,,,,,,,,,,,,,,,,,,,,,,,,,,,,"
"Сопло HYVST (тип Graco XHD) №325, арт.XHD325",Окрасочные аппараты и аксессуары>Сопла для окрасочных аппаратов,XHD325,0.00,"https://dlt.by/image/catalog/easyphoto/3671/soplo-hyvst-tip-graco-xhd-109-art-xhd109-1.jpg,,,,,,,,,,,,,,,,,,,,,,,,,,,,,,,,,,,,,,,,,,,,,"
"Сопло HYVST (тип Graco XHD) №323, арт.XHD323",Окрасочные аппараты и аксессуары>Сопла для окрасочных аппаратов,XHD323,0.00,"https://dlt.by/image/catalog/easyphoto/3671/soplo-hyvst-tip-graco-xhd-109-art-xhd109-1.jpg,,,,,,,,,,,,,,,,,,,,,,,,,,,,,,,,,,,,,,,,,,,,,"
"Сопло HYVST (тип Graco XHD) №321, арт.XHD321",Окрасочные аппараты и аксессуары>Сопла для окрасочных аппаратов,XHD321,0.00,"https://dlt.by/image/catalog/easyphoto/3671/soplo-hyvst-tip-graco-xhd-109-art-xhd109-1.jpg,,,,,,,,,,,,,,,,,,,,,,,,,,,,,,,,,,,,,,,,,,,,,"
"Сопло HYVST (тип Graco XHD) №319, арт.XHD319",Окрасочные аппараты и аксессуары>Сопла для окрасочных аппаратов,XHD319,0.00,"https://dlt.by/image/catalog/easyphoto/3671/soplo-hyvst-tip-graco-xhd-109-art-xhd109-1.jpg,,,,,,,,,,,,,,,,,,,,,,,,,,,,,,,,,,,,,,,,,,,,,"
"Сопло HYVST (тип Graco XHD) №317, арт.XHD317",Окрасочные аппараты и аксессуары>Сопла для окрасочных аппаратов,XHD317,0.00,"https://dlt.by/image/catalog/easyphoto/3671/soplo-hyvst-tip-graco-xhd-109-art-xhd109-1.jpg,,,,,,,,,,,,,,,,,,,,,,,,,,,,,,,,,,,,,,,,,,,,,"
"Сопло HYVST (тип Graco XHD) №315, арт.XHD315",Окрасочные аппараты и аксессуары>Сопла для окрасочных аппаратов,XHD315,0.00,"https://dlt.by/image/catalog/easyphoto/3671/soplo-hyvst-tip-graco-xhd-109-art-xhd109-1.jpg,,,,,,,,,,,,,,,,,,,,,,,,,,,,,,,,,,,,,,,,,,,,,"
"Сопло HYVST (тип Graco XHD) №313, арт.XHD313",Окрасочные аппараты и аксессуары>Сопла для окрасочных аппаратов,XHD313,0.00,"https://dlt.by/image/catalog/easyphoto/3671/soplo-hyvst-tip-graco-xhd-109-art-xhd109-1.jpg,,,,,,,,,,,,,,,,,,,,,,,,,,,,,,,,,,,,,,,,,,,,,"
"Сопло HYVST (тип Graco XHD) №311, арт.XHD311",Окрасочные аппараты и аксессуары>Сопла для окрасочных аппаратов,XHD311,0.00,"https://dlt.by/image/catalog/easyphoto/3671/soplo-hyvst-tip-graco-xhd-109-art-xhd109-1.jpg,,,,,,,,,,,,,,,,,,,,,,,,,,,,,,,,,,,,,,,,,,,,,"
"Сопло HYVST (тип Graco XHD) №309, арт.XHD309",Окрасочные аппараты и аксессуары>Сопла для окрасочных аппаратов,XHD309,0.00,"https://dlt.by/image/catalog/easyphoto/3671/soplo-hyvst-tip-graco-xhd-109-art-xhd109-1.jpg,,,,,,,,,,,,,,,,,,,,,,,,,,,,,,,,,,,,,,,,,,,,,"
"Сопло HYVST (тип Graco XHD) №245, арт.XHD245",Окрасочные аппараты и аксессуары>Сопла для окрасочных аппаратов,XHD245,0.00,"https://dlt.by/image/catalog/easyphoto/3671/soplo-hyvst-tip-graco-xhd-109-art-xhd109-1.jpg,,,,,,,,,,,,,,,,,,,,,,,,,,,,,,,,,,,,,,,,,,,,,"
"Сопло HYVST (тип Graco XHD) №243, арт.XHD243",Окрасочные аппараты и аксессуары>Сопла для окрасочных аппаратов,XHD243,0.00,"https://dlt.by/image/catalog/easyphoto/3671/soplo-hyvst-tip-graco-xhd-109-art-xhd109-1.jpg,,,,,,,,,,,,,,,,,,,,,,,,,,,,,,,,,,,,,,,,,,,,,"
"Сопло HYVST (тип Graco XHD) №241, арт.XHD241",Окрасочные аппараты и аксессуары>Сопла для окрасочных аппаратов,XHD241,0.00,"https://dlt.by/image/catalog/easyphoto/3671/soplo-hyvst-tip-graco-xhd-109-art-xhd109-1.jpg,,,,,,,,,,,,,,,,,,,,,,,,,,,,,,,,,,,,,,,,,,,,,"
"Сопло HYVST (тип Graco XHD) №239, арт.XHD239",Окрасочные аппараты и аксессуары>Сопла для окрасочных аппаратов,XHD239,0.00,"https://dlt.by/image/catalog/easyphoto/3671/soplo-hyvst-tip-graco-xhd-109-art-xhd109-1.jpg,,,,,,,,,,,,,,,,,,,,,,,,,,,,,,,,,,,,,,,,,,,,,"
"Сопло HYVST (тип Graco XHD) №237, арт.XHD237",Окрасочные аппараты и аксессуары>Сопла для окрасочных аппаратов,XHD237,0.00,"https://dlt.by/image/catalog/easyphoto/3671/soplo-hyvst-tip-graco-xhd-109-art-xhd109-1.jpg,,,,,,,,,,,,,,,,,,,,,,,,,,,,,,,,,,,,,,,,,,,,,"
"Сопло HYVST (тип Graco XHD) №235, арт.XHD235",Окрасочные аппараты и аксессуары>Сопла для окрасочных аппаратов,XHD235,0.00,"https://dlt.by/image/catalog/easyphoto/3671/soplo-hyvst-tip-graco-xhd-109-art-xhd109-1.jpg,,,,,,,,,,,,,,,,,,,,,,,,,,,,,,,,,,,,,,,,,,,,,"
"Сопло HYVST (тип Graco XHD) №233, арт.XHD233",Окрасочные аппараты и аксессуары>Сопла для окрасочных аппаратов,XHD233,0.00,"https://dlt.by/image/catalog/easyphoto/3671/soplo-hyvst-tip-graco-xhd-109-art-xhd109-1.jpg,,,,,,,,,,,,,,,,,,,,,,,,,,,,,,,,,,,,,,,,,,,,,"
"Сопло HYVST (тип Graco XHD) №231, арт.XHD231",Окрасочные аппараты и аксессуары>Сопла для окрасочных аппаратов,XHD231,0.00,"https://dlt.by/image/catalog/easyphoto/3671/soplo-hyvst-tip-graco-xhd-109-art-xhd109-1.jpg,,,,,,,,,,,,,,,,,,,,,,,,,,,,,,,,,,,,,,,,,,,,,"
"Сопло HYVST (тип Graco XHD) №229, арт.XHD229",Окрасочные аппараты и аксессуары>Сопла для окрасочных аппаратов,XHD229,0.00,"https://dlt.by/image/catalog/easyphoto/3671/soplo-hyvst-tip-graco-xhd-109-art-xhd109-1.jpg,,,,,,,,,,,,,,,,,,,,,,,,,,,,,,,,,,,,,,,,,,,,,"
"Сопло HYVST (тип Graco XHD) №227, арт.XHD227",Окрасочные аппараты и аксессуары>Сопла для окрасочных аппаратов,XHD227,0.00,"https://dlt.by/image/catalog/easyphoto/3671/soplo-hyvst-tip-graco-xhd-109-art-xhd109-1.jpg,,,,,,,,,,,,,,,,,,,,,,,,,,,,,,,,,,,,,,,,,,,,,"
"Сопло HYVST (тип Graco XHD) №225, арт.XHD225",Окрасочные аппараты и аксессуары>Сопла для окрасочных аппаратов,XHD225,0.00,"https://dlt.by/image/catalog/easyphoto/3671/soplo-hyvst-tip-graco-xhd-109-art-xhd109-1.jpg,,,,,,,,,,,,,,,,,,,,,,,,,,,,,,,,,,,,,,,,,,,,,"
"Сопло HYVST (тип Graco XHD) №223, арт.XHD223",Окрасочные аппараты и аксессуары>Сопла для окрасочных аппаратов,XHD223,0.00,"https://dlt.by/image/catalog/easyphoto/3671/soplo-hyvst-tip-graco-xhd-109-art-xhd109-1.jpg,,,,,,,,,,,,,,,,,,,,,,,,,,,,,,,,,,,,,,,,,,,,,"
"Сопло HYVST (тип Graco XHD) №221, арт.XHD221",Окрасочные аппараты и аксессуары>Сопла для окрасочных аппаратов,XHD221,0.00,"https://dlt.by/image/catalog/easyphoto/3671/soplo-hyvst-tip-graco-xhd-109-art-xhd109-1.jpg,,,,,,,,,,,,,,,,,,,,,,,,,,,,,,,,,,,,,,,,,,,,,"
"Сопло HYVST (тип Graco XHD) №219, арт.XHD219",Окрасочные аппараты и аксессуары>Сопла для окрасочных аппаратов,XHD219,0.00,"https://dlt.by/image/catalog/easyphoto/3671/soplo-hyvst-tip-graco-xhd-109-art-xhd109-1.jpg,,,,,,,,,,,,,,,,,,,,,,,,,,,,,,,,,,,,,,,,,,,,,"
"Сопло HYVST (тип Graco XHD) №217, арт.XHD217",Окрасочные аппараты и аксессуары>Сопла для окрасочных аппаратов,XHD217,752.36,"https://dlt.by/image/catalog/easyphoto/3736/soplo-hyvst-tip-graco-xhd-217-art-xhd217-1.jpg,https://dlt.by/image/catalog/easyphoto/3736/soplo-hyvst-tip-graco-xhd-217-art-xhd217-2.jpg,https://dlt.by/image/catalog/easyphoto/3736/soplo-hyvst-tip-graco-xhd-217-art-xhd217-3.jpg,https://dlt.by/image/catalog/easyphoto/3736/soplo-hyvst-tip-graco-xhd-217-art-xhd217-4.jpg,,,,,,,,,,,,,,,,,,,,,,,,,,,,,,,,,,,,,,,,,,"
"Сопло HYVST (тип Graco XHD) №215, арт.XHD215",Окрасочные аппараты и аксессуары>Сопла для окрасочных аппаратов,XHD215,812.54,"https://dlt.by/image/catalog/easyphoto/3737/soplo-hyvst-tip-graco-xhd-215-art-xhd215-1.jpg,https://dlt.by/image/catalog/easyphoto/3737/soplo-hyvst-tip-graco-xhd-215-art-xhd215-2.jpg,https://dlt.by/image/catalog/easyphoto/3737/soplo-hyvst-tip-graco-xhd-215-art-xhd215-3.jpg,https://dlt.by/image/catalog/easyphoto/3737/soplo-hyvst-tip-graco-xhd-215-art-xhd215-4.jpg,,,,,,,,,,,,,,,,,,,,,,,,,,,,,,,,,,,,,,,,,,"
"Сопло HYVST (тип Graco XHD) №213, арт.XHD213",Акции на строительный инструмент,XHD213,812.54,"https://dlt.by/image/catalog/easyphoto/3738/soplo-hyvst-tip-graco-xhd-213-art-xhd213-1.jpg,https://dlt.by/image/catalog/easyphoto/3738/soplo-hyvst-tip-graco-xhd-213-art-xhd213-2.jpg,https://dlt.by/image/catalog/easyphoto/3738/soplo-hyvst-tip-graco-xhd-213-art-xhd213-3.jpg,https://dlt.by/image/catalog/easyphoto/3738/soplo-hyvst-tip-graco-xhd-213-art-xhd213-4.jpg,,,,,,,,,,,,,,,,,,,,,,,,,,,,,,,,,,,,,,,,,,"
"Сопло HYVST (тип Graco XHD) №211, арт.XHD211",Окрасочные аппараты и аксессуары>Сопла для окрасочных аппаратов,XHD211,0.00,"https://dlt.by/image/catalog/easyphoto/3671/soplo-hyvst-tip-graco-xhd-109-art-xhd109-1.jpg,,,,,,,,,,,,,,,,,,,,,,,,,,,,,,,,,,,,,,,,,,,,,"
"Сопло HYVST (тип Graco XHD) №209, арт.XHD209",Окрасочные аппараты и аксессуары>Сопла для окрасочных аппаратов,XHD209,0.00,"https://dlt.by/image/catalog/easyphoto/3671/soplo-hyvst-tip-graco-xhd-109-art-xhd109-1.jpg,,,,,,,,,,,,,,,,,,,,,,,,,,,,,,,,,,,,,,,,,,,,,"
"Сопло HYVST (тип Graco XHD) №121, арт.XHD121",Окрасочные аппараты и аксессуары>Сопла для окрасочных аппаратов,XHD121,0.00,"https://dlt.by/image/catalog/easyphoto/3671/soplo-hyvst-tip-graco-xhd-109-art-xhd109-1.jpg,,,,,,,,,,,,,,,,,,,,,,,,,,,,,,,,,,,,,,,,,,,,,"
"Сопло HYVST (тип Graco XHD) №119, арт.XHD119",Окрасочные аппараты и аксессуары>Сопла для окрасочных аппаратов,XHD119,0.00,"https://dlt.by/image/catalog/easyphoto/3671/soplo-hyvst-tip-graco-xhd-109-art-xhd109-1.jpg,,,,,,,,,,,,,,,,,,,,,,,,,,,,,,,,,,,,,,,,,,,,,"
"Сопло HYVST (тип Graco XHD) №117, арт.XHD117",Окрасочные аппараты и аксессуары>Сопла для окрасочных аппаратов,XHD117,0.00,"https://dlt.by/image/catalog/easyphoto/3671/soplo-hyvst-tip-graco-xhd-109-art-xhd109-1.jpg,,,,,,,,,,,,,,,,,,,,,,,,,,,,,,,,,,,,,,,,,,,,,"
"Сопло HYVST (тип Graco XHD) №115, арт.XHD115",Окрасочные аппараты и аксессуары>Сопла для окрасочных аппаратов,XHD115,0.00,"https://dlt.by/image/catalog/easyphoto/3671/soplo-hyvst-tip-graco-xhd-109-art-xhd109-1.jpg,,,,,,,,,,,,,,,,,,,,,,,,,,,,,,,,,,,,,,,,,,,,,"
"Сопло HYVST (тип Graco XHD) №113, арт.XHD113",Окрасочные аппараты и аксессуары>Сопла для окрасочных аппаратов,XHD113,0.00,"https://dlt.by/image/catalog/easyphoto/3671/soplo-hyvst-tip-graco-xhd-109-art-xhd109-1.jpg,,,,,,,,,,,,,,,,,,,,,,,,,,,,,,,,,,,,,,,,,,,,,"
"Сопло HYVST (тип Graco FRAC X FFLP) №412, арт.FRAC412",Окрасочные аппараты и аксессуары>Сопла для окрасочных аппаратов,FRAC412,1 775.56,"https://dlt.by/image/catalog/easyphoto/3851/soplo-hyvst-tip-graco-frac-x-fflp-412-art-frac412-1.jpg,https://dlt.by/image/catalog/easyphoto/3851/soplo-hyvst-tip-graco-frac-x-fflp-412-art-frac412-2.jpg,https://dlt.by/image/catalog/easyphoto/3851/soplo-hyvst-tip-graco-frac-x-fflp-412-art-frac412-3.jpg,https://dlt.by/image/catalog/easyphoto/3851/soplo-hyvst-tip-graco-frac-x-fflp-412-art-frac412-4.jpg,,,,,,,,,,,,,,,,,,,,,,,,,,,,,,,,,,,,,,,,,,"
"Сопло HYVST (тип Graco FRAC X FFLP) №414, арт.FRAC414",Окрасочные аппараты и аксессуары>Сопла для окрасочных аппаратов,FRAC414,1 775.56,"https://dlt.by/image/catalog/easyphoto/3850/soplo-hyvst-tip-graco-frac-x-fflp-414-art-frac414-1.jpg,https://dlt.by/image/catalog/easyphoto/3850/soplo-hyvst-tip-graco-frac-x-fflp-414-art-frac414-2.jpg,https://dlt.by/image/catalog/easyphoto/3850/soplo-hyvst-tip-graco-frac-x-fflp-414-art-frac414-3.jpg,https://dlt.by/image/catalog/easyphoto/3850/soplo-hyvst-tip-graco-frac-x-fflp-414-art-frac414-4.jpg,,,,,,,,,,,,,,,,,,,,,,,,,,,,,,,,,,,,,,,,,,"
"Сопло HYVST (тип Graco FRAC X FFLP) №510, арт.FRAC510",Акции на строительный инструмент,FRAC510,1 775.56,"https://dlt.by/image/catalog/easyphoto/3849/soplo-hyvst-tip-graco-frac-x-fflp-510-art-frac510-1.jpg,https://dlt.by/image/catalog/easyphoto/3849/soplo-hyvst-tip-graco-frac-x-fflp-510-art-frac510-2.jpg,https://dlt.by/image/catalog/easyphoto/3849/soplo-hyvst-tip-graco-frac-x-fflp-510-art-frac510-3.jpg,https://dlt.by/image/catalog/easyphoto/3849/soplo-hyvst-tip-graco-frac-x-fflp-510-art-frac510-4.jpg,,,,,,,,,,,,,,,,,,,,,,,,,,,,,,,,,,,,,,,,,,"
"Сопло HYVST (тип Graco FRAC X FFLP) №512, арт.FRAC512",Окрасочные аппараты и аксессуары>Сопла для окрасочных аппаратов,FRAC512,1 775.56,"https://dlt.by/image/catalog/easyphoto/3848/soplo-hyvst-tip-graco-frac-x-fflp-512-art-frac512-1.jpg,https://dlt.by/image/catalog/easyphoto/3848/soplo-hyvst-tip-graco-frac-x-fflp-512-art-frac512-2.jpg,https://dlt.by/image/catalog/easyphoto/3848/soplo-hyvst-tip-graco-frac-x-fflp-512-art-frac512-3.jpg,https://dlt.by/image/catalog/easyphoto/3848/soplo-hyvst-tip-graco-frac-x-fflp-512-art-frac512-4.jpg,,,,,,,,,,,,,,,,,,,,,,,,,,,,,,,,,,,,,,,,,,"
"Сопло HYVST (тип Graco FRAC X FFLP) №514, арт.FRAC514",Окрасочные аппараты и аксессуары>Сопла для окрасочных аппаратов,FRAC514,1 775.56,"https://dlt.by/image/catalog/easyphoto/3847/soplo-hyvst-tip-graco-frac-x-fflp-514-art-frac514-1.jpg,https://dlt.by/image/catalog/easyphoto/3847/soplo-hyvst-tip-graco-frac-x-fflp-514-art-frac514-2.jpg,https://dlt.by/image/catalog/easyphoto/3847/soplo-hyvst-tip-graco-frac-x-fflp-514-art-frac514-3.jpg,https://dlt.by/image/catalog/easyphoto/3847/soplo-hyvst-tip-graco-frac-x-fflp-514-art-frac514-4.jpg,,,,,,,,,,,,,,,,,,,,,,,,,,,,,,,,,,,,,,,,,,"
"Сопло HYVST (тип Graco FRAC X FFLP) №516, арт.FRAC516",Окрасочные аппараты и аксессуары,FRAC516,1 775.56,"https://dlt.by/image/catalog/easyphoto/3846/soplo-hyvst-tip-graco-frac-x-fflp-516-art-frac516-1.jpg,https://dlt.by/image/catalog/easyphoto/3846/soplo-hyvst-tip-graco-frac-x-fflp-516-art-frac516-2.jpg,https://dlt.by/image/catalog/easyphoto/3846/soplo-hyvst-tip-graco-frac-x-fflp-516-art-frac516-3.jpg,https://dlt.by/image/catalog/easyphoto/3846/soplo-hyvst-tip-graco-frac-x-fflp-516-art-frac516-4.jpg,,,,,,,,,,,,,,,,,,,,,,,,,,,,,,,,,,,,,,,,,,"
"Сопло HYVST (тип Graco FRAC) №518, арт.FRAC518",Акции на строительный инструмент,FRAC518,1 775.56,"https://dlt.by/image/catalog/easyphoto/3845/soplo-hyvst-tip-graco-frac-518-art-frac518-1.jpg,https://dlt.by/image/catalog/easyphoto/3845/soplo-hyvst-tip-graco-frac-518-art-frac518-2.jpg,https://dlt.by/image/catalog/easyphoto/3845/soplo-hyvst-tip-graco-frac-518-art-frac518-3.jpg,https://dlt.by/image/catalog/easyphoto/3845/soplo-hyvst-tip-graco-frac-518-art-frac518-4.jpg,,,,,,,,,,,,,,,,,,,,,,,,,,,,,,,,,,,,,,,,,,"
"Соплодержатель HYVST (RAC-V), арт.HWTG75-7/8N",Окрасочные аппараты и аксессуары>Сопла для окрасочных аппаратов,HWTG75-7/8N,662.07,"https://dlt.by/image/catalog/easyphoto/3844/soploderzhatel-hyvst-rac-v-art-hwtg75-7-8n-5.jpg,https://dlt.by/image/catalog/easyphoto/3844/soploderzhatel-hyvst-rac-v-art-hwtg75-7-8n-6.jpg,https://dlt.by/image/catalog/easyphoto/3844/soploderzhatel-hyvst-rac-v-art-hwtg75-7-8n-7.jpg,https://dlt.by/image/catalog/easyphoto/3844/soploderzhatel-hyvst-rac-v-art-hwtg75-7-8n-8.jpg,,,,,,,,,,,,,,,,,,,,,,,,,,,,,,,,,,,,,,,,,,"
"Соплодержатель HYVST (FRAC/RAC-X), арт.HRAC40-7/8N",Окрасочные аппараты и аксессуары>Сопла для окрасочных аппаратов,HRAC40-/8N,752.36,"https://dlt.by/image/catalog/easyphoto/3843/soploderzhatel-hyvst-frac-rac-x-art-hrac40-8n-2.jpg,https://dlt.by/image/catalog/easyphoto/3843/soploderzhatel-hyvst-frac-rac-x-art-hrac40-8n-3.jpg,https://dlt.by/image/catalog/easyphoto/3843/soploderzhatel-hyvst-frac-rac-x-art-hrac40-8n-4.jpg,https://dlt.by/image/catalog/easyphoto/3843/soploderzhatel-hyvst-frac-rac-x-art-hrac40-8n-5.jpg,https://dlt.by/image/catalog/easyphoto/3843/soploderzhatel-hyvst-frac-rac-x-art-hrac40-8n-6.jpg,,,,,,,,,,,,,,,,,,,,,,,,,,,,,,,,,,,,,,,,,"
"Опора для рук во время нанесения клея, затирки плитки DLT, арт.2570",Инструмент для крупноформатной плитки,2570,601.88,"https://dlt.by/image/catalog/easyphoto/3841/opora-dlya-ruk-vo-vremya-naneseniya-kleya-zatirki-plitki-dlt-art-2570-4.jpg,https://dlt.by/image/catalog/easyphoto/3841/opora-dlya-ruk-vo-vremya-naneseniya-kleya-zatirki-plitki-dlt-art-2570-5.jpg,https://dlt.by/image/catalog/easyphoto/3841/opora-dlya-ruk-vo-vremya-naneseniya-kleya-zatirki-plitki-dlt-art-2570-6.jpg,,,,,,,,,,,,,,,,,,,,,,,,,,,,,,,,,,,,,,,,,,,"
"Крюк на балку 20х40 D=10 L=40 (оц.), арт.3208",Стеллажи для инструментов,3208,963.02,"https://dlt.by/image/catalog/easyphoto/3840/podstavka-polukruglaya-s-ts-d-na-balku-20h40-k-400-1.jpg,,,,,,,,,,,,,,,,,,,,,,,,,,,,,,,,,,,,,,,,,,,,,"
"Корзина на перфорацию L=500 K=200 H=40, наклонная, арт.3207",Стеллажи для инструментов,3207,782.45,"https://dlt.by/image/catalog/easyphoto/3838/korzina-na-perforatsiyu-l-500-k-200-h-40-naklonnaya-4.jpg,https://dlt.by/image/catalog/easyphoto/3838/korzina-na-perforatsiyu-l-500-k-200-h-40-naklonnaya-5.jpg,https://dlt.by/image/catalog/easyphoto/3838/korzina-na-perforatsiyu-l-500-k-200-h-40-naklonnaya-6.jpg,,,,,,,,,,,,,,,,,,,,,,,,,,,,,,,,,,,,,,,,,,,"
"Корзина на перфорацию L=250 K=200 H=40, наклонная, арт.3206",Стеллажи для инструментов,3206,601.88,"https://dlt.by/image/catalog/easyphoto/3837/korzina-na-perforatsiyu-l-250-k-200-h-40-naklonnaya-4.jpg,https://dlt.by/image/catalog/easyphoto/3837/korzina-na-perforatsiyu-l-250-k-200-h-40-naklonnaya-5.jpg,https://dlt.by/image/catalog/easyphoto/3837/korzina-na-perforatsiyu-l-250-k-200-h-40-naklonnaya-6.jpg,,,,,,,,,,,,,,,,,,,,,,,,,,,,,,,,,,,,,,,,,,,"
"Корзина на перфорацию L=100 K=200 H=40, наклонная, арт.3205",Стеллажи для инструментов,3205,511.60,"https://dlt.by/image/catalog/easyphoto/3836/korzina-na-perforatsiyu-l-100-k-200-h-40-naklonnaya-4.jpg,https://dlt.by/image/catalog/easyphoto/3836/korzina-na-perforatsiyu-l-100-k-200-h-40-naklonnaya-5.jpg,https://dlt.by/image/catalog/easyphoto/3836/korzina-na-perforatsiyu-l-100-k-200-h-40-naklonnaya-6.jpg,,,,,,,,,,,,,,,,,,,,,,,,,,,,,,,,,,,,,,,,,,,"
"Сопло HYVST (тип Graco XHD) №721, арт.XHD721",Окрасочные аппараты и аксессуары>Сопла для окрасочных аппаратов,XHD721,0.00,"https://dlt.by/image/catalog/easyphoto/3671/soplo-hyvst-tip-graco-xhd-109-art-xhd109-1.jpg,,,,,,,,,,,,,,,,,,,,,,,,,,,,,,,,,,,,,,,,,,,,,"
"Сопло HYVST (тип Graco XHD) №719, арт.XHD719",Окрасочные аппараты и аксессуары>Сопла для окрасочных аппаратов,XHD719,0.00,"https://dlt.by/image/catalog/easyphoto/3671/soplo-hyvst-tip-graco-xhd-109-art-xhd109-1.jpg,,,,,,,,,,,,,,,,,,,,,,,,,,,,,,,,,,,,,,,,,,,,,"
"Сопло HYVST (тип Graco XHD) №717, арт.XHD717",Окрасочные аппараты и аксессуары>Сопла для окрасочных аппаратов,XHD717,0.00,"https://dlt.by/image/catalog/easyphoto/3671/soplo-hyvst-tip-graco-xhd-109-art-xhd109-1.jpg,,,,,,,,,,,,,,,,,,,,,,,,,,,,,,,,,,,,,,,,,,,,,"
"Сопло HYVST (тип Graco XHD) №711, арт.XHD711",Окрасочные аппараты и аксессуары>Сопла для окрасочных аппаратов,XHD711,0.00,"https://dlt.by/image/catalog/easyphoto/3671/soplo-hyvst-tip-graco-xhd-109-art-xhd109-1.jpg,,,,,,,,,,,,,,,,,,,,,,,,,,,,,,,,,,,,,,,,,,,,,"
"Сопло HYVST (тип Graco XHD) №709, арт.XHD709",Окрасочные аппараты и аксессуары>Сопла для окрасочных аппаратов,XHD709,0.00,"https://dlt.by/image/catalog/easyphoto/3671/soplo-hyvst-tip-graco-xhd-109-art-xhd109-1.jpg,,,,,,,,,,,,,,,,,,,,,,,,,,,,,,,,,,,,,,,,,,,,,"
Сопло HYVST (тип Graco XHD) №665 арт.XHD665,Окрасочные аппараты и аксессуары>Сопла для окрасочных аппаратов,XHD665,0.00,"https://dlt.by/image/catalog/easyphoto/3671/soplo-hyvst-tip-graco-xhd-109-art-xhd109-1.jpg,,,,,,,,,,,,,,,,,,,,,,,,,,,,,,,,,,,,,,,,,,,,,"
"Сопло HYVST (тип Graco XHD) №663, арт.XHD663",Окрасочные аппараты и аксессуары>Сопла для окрасочных аппаратов,XHD663,0.00,"https://dlt.by/image/catalog/easyphoto/3671/soplo-hyvst-tip-graco-xhd-109-art-xhd109-1.jpg,,,,,,,,,,,,,,,,,,,,,,,,,,,,,,,,,,,,,,,,,,,,,"
"Сопло HYVST (тип Graco XHD) №661, арт.XHD661",Окрасочные аппараты и аксессуары>Сопла для окрасочных аппаратов,XHD661,0.00,"https://dlt.by/image/catalog/easyphoto/3671/soplo-hyvst-tip-graco-xhd-109-art-xhd109-1.jpg,,,,,,,,,,,,,,,,,,,,,,,,,,,,,,,,,,,,,,,,,,,,,"
"Сопло HYVST (тип Graco XHD) №659, арт.XHD659",Окрасочные аппараты и аксессуары>Сопла для окрасочных аппаратов,XHD659,0.00,"https://dlt.by/image/catalog/easyphoto/3671/soplo-hyvst-tip-graco-xhd-109-art-xhd109-1.jpg,,,,,,,,,,,,,,,,,,,,,,,,,,,,,,,,,,,,,,,,,,,,,"
"Сопло HYVST (тип Graco XHD) №657, арт.XHD657",Окрасочные аппараты и аксессуары>Сопла для окрасочных аппаратов,XHD657,0.00,"https://dlt.by/image/catalog/easyphoto/3671/soplo-hyvst-tip-graco-xhd-109-art-xhd109-1.jpg,,,,,,,,,,,,,,,,,,,,,,,,,,,,,,,,,,,,,,,,,,,,,"
"Сопло HYVST (тип Graco XHD) №655, арт.XHD655",Окрасочные аппараты и аксессуары>Сопла для окрасочных аппаратов,XHD655,0.00,"https://dlt.by/image/catalog/easyphoto/3671/soplo-hyvst-tip-graco-xhd-109-art-xhd109-1.jpg,,,,,,,,,,,,,,,,,,,,,,,,,,,,,,,,,,,,,,,,,,,,,"
"Сопло HYVST (тип Graco XHD) №653, арт.XHD653",Окрасочные аппараты и аксессуары>Сопла для окрасочных аппаратов,XHD653,0.00,"https://dlt.by/image/catalog/easyphoto/3671/soplo-hyvst-tip-graco-xhd-109-art-xhd109-1.jpg,,,,,,,,,,,,,,,,,,,,,,,,,,,,,,,,,,,,,,,,,,,,,"
"Сопло HYVST (тип Graco XHD) №651, арт.XHD651",Окрасочные аппараты и аксессуары>Сопла для окрасочных аппаратов,XHD651,0.00,"https://dlt.by/image/catalog/easyphoto/3671/soplo-hyvst-tip-graco-xhd-109-art-xhd109-1.jpg,,,,,,,,,,,,,,,,,,,,,,,,,,,,,,,,,,,,,,,,,,,,,"
"Сопло HYVST (тип Graco XHD) №649, арт.XHD649",Окрасочные аппараты и аксессуары>Сопла для окрасочных аппаратов,XHD649,0.00,"https://dlt.by/image/catalog/easyphoto/3671/soplo-hyvst-tip-graco-xhd-109-art-xhd109-1.jpg,,,,,,,,,,,,,,,,,,,,,,,,,,,,,,,,,,,,,,,,,,,,,"
Сопло HYVST (тип Graco XHD) №647 арт.XHD647,Окрасочные аппараты и аксессуары>Сопла для окрасочных аппаратов,XHD647,0.00,"https://dlt.by/image/catalog/easyphoto/3671/soplo-hyvst-tip-graco-xhd-109-art-xhd109-1.jpg,,,,,,,,,,,,,,,,,,,,,,,,,,,,,,,,,,,,,,,,,,,,,"
"Сопло HYVST (тип Graco XHD) №645, арт.XHD645",Окрасочные аппараты и аксессуары>Сопла для окрасочных аппаратов,XHD645,0.00,"https://dlt.by/image/catalog/easyphoto/3671/soplo-hyvst-tip-graco-xhd-109-art-xhd109-1.jpg,,,,,,,,,,,,,,,,,,,,,,,,,,,,,,,,,,,,,,,,,,,,,"
"Сопло HYVST (тип Graco XHD) №643, арт.XHD643",Окрасочные аппараты и аксессуары>Сопла для окрасочных аппаратов,XHD643,0.00,"https://dlt.by/image/catalog/easyphoto/3671/soplo-hyvst-tip-graco-xhd-109-art-xhd109-1.jpg,,,,,,,,,,,,,,,,,,,,,,,,,,,,,,,,,,,,,,,,,,,,,"
"Сопло HYVST (тип Graco XHD) №641, арт.XHD641",Окрасочные аппараты и аксессуары>Сопла для окрасочных аппаратов,XHD641,0.00,"https://dlt.by/image/catalog/easyphoto/3671/soplo-hyvst-tip-graco-xhd-109-art-xhd109-1.jpg,,,,,,,,,,,,,,,,,,,,,,,,,,,,,,,,,,,,,,,,,,,,,"
"Сопло HYVST (тип Graco XHD) №639, арт.XHD639",Окрасочные аппараты и аксессуары>Сопла для окрасочных аппаратов,XHD639,0.00,"https://dlt.by/image/catalog/easyphoto/3671/soplo-hyvst-tip-graco-xhd-109-art-xhd109-1.jpg,,,,,,,,,,,,,,,,,,,,,,,,,,,,,,,,,,,,,,,,,,,,,"
"Сопло HYVST (тип Graco XHD) №637, арт.XHD637",Окрасочные аппараты и аксессуары>Сопла для окрасочных аппаратов,XHD637,0.00,"https://dlt.by/image/catalog/easyphoto/3671/soplo-hyvst-tip-graco-xhd-109-art-xhd109-1.jpg,,,,,,,,,,,,,,,,,,,,,,,,,,,,,,,,,,,,,,,,,,,,,"
"Сопло HYVST (тип Graco XHD) №635, арт.XHD635",Окрасочные аппараты и аксессуары>Сопла для окрасочных аппаратов,XHD635,0.00,"https://dlt.by/image/catalog/easyphoto/3671/soplo-hyvst-tip-graco-xhd-109-art-xhd109-1.jpg,,,,,,,,,,,,,,,,,,,,,,,,,,,,,,,,,,,,,,,,,,,,,"
"Сопло HYVST (тип Graco XHD) №633, арт.XHD633",Окрасочные аппараты и аксессуары>Сопла для окрасочных аппаратов,XHD633,0.00,"https://dlt.by/image/catalog/easyphoto/3671/soplo-hyvst-tip-graco-xhd-109-art-xhd109-1.jpg,,,,,,,,,,,,,,,,,,,,,,,,,,,,,,,,,,,,,,,,,,,,,"
"Сопло HYVST (тип Graco XHD) №631, арт.XHD631",Окрасочные аппараты и аксессуары>Сопла для окрасочных аппаратов,XHD631,0.00,"https://dlt.by/image/catalog/easyphoto/3671/soplo-hyvst-tip-graco-xhd-109-art-xhd109-1.jpg,,,,,,,,,,,,,,,,,,,,,,,,,,,,,,,,,,,,,,,,,,,,,"
"Сопло HYVST (тип Graco XHD) №629, арт.XHD629",Окрасочные аппараты и аксессуары>Сопла для окрасочных аппаратов,XHD629,0.00,"https://dlt.by/image/catalog/easyphoto/3671/soplo-hyvst-tip-graco-xhd-109-art-xhd109-1.jpg,,,,,,,,,,,,,,,,,,,,,,,,,,,,,,,,,,,,,,,,,,,,,"
"Сопло HYVST (тип Graco XHD) №627, арт.XHD627",Окрасочные аппараты и аксессуары>Сопла для окрасочных аппаратов,XHD627,0.00,"https://dlt.by/image/catalog/easyphoto/3671/soplo-hyvst-tip-graco-xhd-109-art-xhd109-1.jpg,,,,,,,,,,,,,,,,,,,,,,,,,,,,,,,,,,,,,,,,,,,,,"
"Сопло HYVST (тип Graco XHD) №625, арт.XHD625",Окрасочные аппараты и аксессуары>Сопла для окрасочных аппаратов,XHD625,0.00,"https://dlt.by/image/catalog/easyphoto/3671/soplo-hyvst-tip-graco-xhd-109-art-xhd109-1.jpg,,,,,,,,,,,,,,,,,,,,,,,,,,,,,,,,,,,,,,,,,,,,,"
"Сопло HYVST (тип Graco XHD) №623, арт.XHD623",Окрасочные аппараты и аксессуары>Сопла для окрасочных аппаратов,XHD623,0.00,"https://dlt.by/image/catalog/easyphoto/3671/soplo-hyvst-tip-graco-xhd-109-art-xhd109-1.jpg,,,,,,,,,,,,,,,,,,,,,,,,,,,,,,,,,,,,,,,,,,,,,"
"Сопло HYVST (тип Graco XHD) №621, арт.XHD621",Окрасочные аппараты и аксессуары>Сопла для окрасочных аппаратов,XHD621,0.00,"https://dlt.by/image/catalog/easyphoto/3671/soplo-hyvst-tip-graco-xhd-109-art-xhd109-1.jpg,,,,,,,,,,,,,,,,,,,,,,,,,,,,,,,,,,,,,,,,,,,,,"
"Сопло HYVST (тип Graco XHD) №619, арт.XHD619",Окрасочные аппараты и аксессуары>Сопла для окрасочных аппаратов,XHD619,0.00,"https://dlt.by/image/catalog/easyphoto/3671/soplo-hyvst-tip-graco-xhd-109-art-xhd109-1.jpg,,,,,,,,,,,,,,,,,,,,,,,,,,,,,,,,,,,,,,,,,,,,,"
"Сопло HYVST (тип Graco XHD) №617, арт.XHD617",Окрасочные аппараты и аксессуары>Сопла для окрасочных аппаратов,XHD617,0.00,"https://dlt.by/image/catalog/easyphoto/3671/soplo-hyvst-tip-graco-xhd-109-art-xhd109-1.jpg,,,,,,,,,,,,,,,,,,,,,,,,,,,,,,,,,,,,,,,,,,,,,"
"Сопло HYVST (тип Graco XHD) №615, арт.XHD615",Окрасочные аппараты и аксессуары>Сопла для окрасочных аппаратов,XHD615,0.00,"https://dlt.by/image/catalog/easyphoto/3671/soplo-hyvst-tip-graco-xhd-109-art-xhd109-1.jpg,,,,,,,,,,,,,,,,,,,,,,,,,,,,,,,,,,,,,,,,,,,,,"
"Сопло HYVST (тип Graco XHD) №613, арт.XHD613",Окрасочные аппараты и аксессуары>Сопла для окрасочных аппаратов,XHD613,0.00,"https://dlt.by/image/catalog/easyphoto/3671/soplo-hyvst-tip-graco-xhd-109-art-xhd109-1.jpg,,,,,,,,,,,,,,,,,,,,,,,,,,,,,,,,,,,,,,,,,,,,,"
"Сопло HYVST (тип Graco XHD) №611, арт.XHD611",Окрасочные аппараты и аксессуары>Сопла для окрасочных аппаратов,XHD611,0.00,"https://dlt.by/image/catalog/easyphoto/3671/soplo-hyvst-tip-graco-xhd-109-art-xhd109-1.jpg,,,,,,,,,,,,,,,,,,,,,,,,,,,,,,,,,,,,,,,,,,,,,"
"Сопло HYVST (тип Graco XHD) №609, арт.XHD609",Окрасочные аппараты и аксессуары>Сопла для окрасочных аппаратов,XHD609,0.00,"https://dlt.by/image/catalog/easyphoto/3671/soplo-hyvst-tip-graco-xhd-109-art-xhd109-1.jpg,,,,,,,,,,,,,,,,,,,,,,,,,,,,,,,,,,,,,,,,,,,,,"
"Сопло HYVST (тип Graco XHD) №555, арт.XHD555",Окрасочные аппараты и аксессуары>Сопла для окрасочных аппаратов,XHD555,0.00,"https://dlt.by/image/catalog/easyphoto/3671/soplo-hyvst-tip-graco-xhd-109-art-xhd109-1.jpg,,,,,,,,,,,,,,,,,,,,,,,,,,,,,,,,,,,,,,,,,,,,,"
"Сопло HYVST (тип Graco XHD) №553, арт.XHD553",Окрасочные аппараты и аксессуары>Сопла для окрасочных аппаратов,XHD553,0.00,"https://dlt.by/image/catalog/easyphoto/3671/soplo-hyvst-tip-graco-xhd-109-art-xhd109-1.jpg,,,,,,,,,,,,,,,,,,,,,,,,,,,,,,,,,,,,,,,,,,,,,"
"Сопло HYVST (тип Graco XHD) №551, арт.XHD551",Окрасочные аппараты и аксессуары>Сопла для окрасочных аппаратов,XHD551,0.00,"https://dlt.by/image/catalog/easyphoto/3671/soplo-hyvst-tip-graco-xhd-109-art-xhd109-1.jpg,,,,,,,,,,,,,,,,,,,,,,,,,,,,,,,,,,,,,,,,,,,,,"
"Сопло HYVST (тип Graco XHD) №549, арт.XHD549",Окрасочные аппараты и аксессуары>Сопла для окрасочных аппаратов,XHD549,0.00,"https://dlt.by/image/catalog/easyphoto/3671/soplo-hyvst-tip-graco-xhd-109-art-xhd109-1.jpg,,,,,,,,,,,,,,,,,,,,,,,,,,,,,,,,,,,,,,,,,,,,,"
"Сопло HYVST (тип Graco XHD) №547, арт.XHD547",Окрасочные аппараты и аксессуары>Сопла для окрасочных аппаратов,XHD547,0.00,"https://dlt.by/image/catalog/easyphoto/3671/soplo-hyvst-tip-graco-xhd-109-art-xhd109-1.jpg,,,,,,,,,,,,,,,,,,,,,,,,,,,,,,,,,,,,,,,,,,,,,"
"Сопло HYVST (тип Graco XHD) №545, арт.XHD545",Окрасочные аппараты и аксессуары>Сопла для окрасочных аппаратов,XHD545,0.00,"https://dlt.by/image/catalog/easyphoto/3671/soplo-hyvst-tip-graco-xhd-109-art-xhd109-1.jpg,,,,,,,,,,,,,,,,,,,,,,,,,,,,,,,,,,,,,,,,,,,,,"
"Сопло HYVST (тип Graco XHD) №543, арт.XHD543",Окрасочные аппараты и аксессуары>Сопла для окрасочных аппаратов,XHD543,0.00,"https://dlt.by/image/catalog/easyphoto/3671/soplo-hyvst-tip-graco-xhd-109-art-xhd109-1.jpg,,,,,,,,,,,,,,,,,,,,,,,,,,,,,,,,,,,,,,,,,,,,,"
"Сопло HYVST (тип Graco XHD) №541, арт.XHD541",Окрасочные аппараты и аксессуары>Сопла для окрасочных аппаратов,XHD541,0.00,"https://dlt.by/image/catalog/easyphoto/3671/soplo-hyvst-tip-graco-xhd-109-art-xhd109-1.jpg,,,,,,,,,,,,,,,,,,,,,,,,,,,,,,,,,,,,,,,,,,,,,"
"Сопло HYVST (тип Graco XHD) №539, арт.XHD539",Окрасочные аппараты и аксессуары>Сопла для окрасочных аппаратов,XHD539,0.00,"https://dlt.by/image/catalog/easyphoto/3671/soplo-hyvst-tip-graco-xhd-109-art-xhd109-1.jpg,,,,,,,,,,,,,,,,,,,,,,,,,,,,,,,,,,,,,,,,,,,,,"
"Сопло HYVST (тип Graco XHD) №537, арт.XHD537",Окрасочные аппараты и аксессуары>Сопла для окрасочных аппаратов,XHD537,0.00,"https://dlt.by/image/catalog/easyphoto/3671/soplo-hyvst-tip-graco-xhd-109-art-xhd109-1.jpg,,,,,,,,,,,,,,,,,,,,,,,,,,,,,,,,,,,,,,,,,,,,,"
"Сопло HYVST (тип Graco XHD) №535, арт.XHD535",Окрасочные аппараты и аксессуары>Сопла для окрасочных аппаратов,XHD535,0.00,"https://dlt.by/image/catalog/easyphoto/3671/soplo-hyvst-tip-graco-xhd-109-art-xhd109-1.jpg,,,,,,,,,,,,,,,,,,,,,,,,,,,,,,,,,,,,,,,,,,,,,"
"Сопло HYVST (тип Graco XHD) №533, арт.XHD533",Окрасочные аппараты и аксессуары>Сопла для окрасочных аппаратов,XHD533,0.00,"https://dlt.by/image/catalog/easyphoto/3671/soplo-hyvst-tip-graco-xhd-109-art-xhd109-1.jpg,,,,,,,,,,,,,,,,,,,,,,,,,,,,,,,,,,,,,,,,,,,,,"
"Сопло HYVST (тип Graco XHD) №531, арт.XHD531",Окрасочные аппараты и аксессуары>Сопла для окрасочных аппаратов,XHD531,0.00,"https://dlt.by/image/catalog/easyphoto/3671/soplo-hyvst-tip-graco-xhd-109-art-xhd109-1.jpg,,,,,,,,,,,,,,,,,,,,,,,,,,,,,,,,,,,,,,,,,,,,,"
"Сопло HYVST (тип Graco XHD) №529, арт.XHD529",Окрасочные аппараты и аксессуары>Сопла для окрасочных аппаратов,XHD529,0.00,"https://dlt.by/image/catalog/easyphoto/3671/soplo-hyvst-tip-graco-xhd-109-art-xhd109-1.jpg,,,,,,,,,,,,,,,,,,,,,,,,,,,,,,,,,,,,,,,,,,,,,"
"Сопло HYVST (тип Graco XHD) №527, арт.XHD527",Окрасочные аппараты и аксессуары>Сопла для окрасочных аппаратов,XHD527,0.00,"https://dlt.by/image/catalog/easyphoto/3671/soplo-hyvst-tip-graco-xhd-109-art-xhd109-1.jpg,,,,,,,,,,,,,,,,,,,,,,,,,,,,,,,,,,,,,,,,,,,,,"
"Сопло HYVST (тип Graco XHD) №525, арт.XHD525",Окрасочные аппараты и аксессуары>Сопла для окрасочных аппаратов,XHD525,0.00,"https://dlt.by/image/catalog/easyphoto/3671/soplo-hyvst-tip-graco-xhd-109-art-xhd109-1.jpg,,,,,,,,,,,,,,,,,,,,,,,,,,,,,,,,,,,,,,,,,,,,,"
"Сопло HYVST (тип Graco XHD) №109, арт.XHD109",Окрасочные аппараты и аксессуары>Сопла для окрасочных аппаратов,XHD109,0.00,"https://dlt.by/image/catalog/easyphoto/3671/soplo-hyvst-tip-graco-xhd-109-art-xhd109-1.jpg,,,,,,,,,,,,,,,,,,,,,,,,,,,,,,,,,,,,,,,,,,,,,"
"Сопло HYVST (тип Graco XHD) №933, арт.XHD933",Окрасочные аппараты и аксессуары>Сопла для окрасочных аппаратов,XHD933,0.00,"https://dlt.by/image/catalog/easyphoto/3671/soplo-hyvst-tip-graco-xhd-109-art-xhd109-1.jpg,,,,,,,,,,,,,,,,,,,,,,,,,,,,,,,,,,,,,,,,,,,,,"
"Сопло HYVST (тип Graco XHD) №931, арт.XHD931",Окрасочные аппараты и аксессуары>Сопла для окрасочных аппаратов,XHD931,0.00,"https://dlt.by/image/catalog/easyphoto/3671/soplo-hyvst-tip-graco-xhd-109-art-xhd109-1.jpg,,,,,,,,,,,,,,,,,,,,,,,,,,,,,,,,,,,,,,,,,,,,,"
"Сопло HYVST (тип Graco XHD) №929, арт.XHD929",Окрасочные аппараты и аксессуары>Сопла для окрасочных аппаратов,XHD929,0.00,"https://dlt.by/image/catalog/easyphoto/3671/soplo-hyvst-tip-graco-xhd-109-art-xhd109-1.jpg,,,,,,,,,,,,,,,,,,,,,,,,,,,,,,,,,,,,,,,,,,,,,"
"Сопло HYVST (тип Graco XHD) №927, арт.XHD927",Окрасочные аппараты и аксессуары>Сопла для окрасочных аппаратов,XHD927,0.00,"https://dlt.by/image/catalog/easyphoto/3671/soplo-hyvst-tip-graco-xhd-109-art-xhd109-1.jpg,,,,,,,,,,,,,,,,,,,,,,,,,,,,,,,,,,,,,,,,,,,,,"
"Сопло HYVST (тип Graco XHD) №925, арт.XHD925",Окрасочные аппараты и аксессуары>Сопла для окрасочных аппаратов,XHD925,0.00,"https://dlt.by/image/catalog/easyphoto/3671/soplo-hyvst-tip-graco-xhd-109-art-xhd109-1.jpg,,,,,,,,,,,,,,,,,,,,,,,,,,,,,,,,,,,,,,,,,,,,,"
"Сопло HYVST (тип Graco XHD) №923, арт.XHD923",Окрасочные аппараты и аксессуары>Сопла для окрасочных аппаратов,XHD923,0.00,"https://dlt.by/image/catalog/easyphoto/3671/soplo-hyvst-tip-graco-xhd-109-art-xhd109-1.jpg,,,,,,,,,,,,,,,,,,,,,,,,,,,,,,,,,,,,,,,,,,,,,"
"Сопло HYVST (тип Graco XHD) №921, арт.XHD921",Окрасочные аппараты и аксессуары>Сопла для окрасочных аппаратов,XHD921,0.00,"https://dlt.by/image/catalog/easyphoto/3671/soplo-hyvst-tip-graco-xhd-109-art-xhd109-1.jpg,,,,,,,,,,,,,,,,,,,,,,,,,,,,,,,,,,,,,,,,,,,,,"
"Сопло HYVST (тип Graco XHD) №919, арт.XHD919",Окрасочные аппараты и аксессуары>Сопла для окрасочных аппаратов,XHD919,0.00,"https://dlt.by/image/catalog/easyphoto/3671/soplo-hyvst-tip-graco-xhd-109-art-xhd109-1.jpg,,,,,,,,,,,,,,,,,,,,,,,,,,,,,,,,,,,,,,,,,,,,,"
"Сопло HYVST (тип Graco XHD) №831, арт.XHD831",Окрасочные аппараты и аксессуары>Сопла для окрасочных аппаратов,XHD831,0.00,"https://dlt.by/image/catalog/easyphoto/3671/soplo-hyvst-tip-graco-xhd-109-art-xhd109-1.jpg,,,,,,,,,,,,,,,,,,,,,,,,,,,,,,,,,,,,,,,,,,,,,"
"Сопло HYVST (тип Graco XHD) №829, арт.XHD829",Окрасочные аппараты и аксессуары>Сопла для окрасочных аппаратов,XHD829,0.00,"https://dlt.by/image/catalog/easyphoto/3671/soplo-hyvst-tip-graco-xhd-109-art-xhd109-1.jpg,,,,,,,,,,,,,,,,,,,,,,,,,,,,,,,,,,,,,,,,,,,,,"
"Сопло HYVST (тип Graco XHD) №827, арт.XHD827",Окрасочные аппараты и аксессуары>Сопла для окрасочных аппаратов,XHD827,0.00,"https://dlt.by/image/catalog/easyphoto/3671/soplo-hyvst-tip-graco-xhd-109-art-xhd109-1.jpg,,,,,,,,,,,,,,,,,,,,,,,,,,,,,,,,,,,,,,,,,,,,,"
"Сопло HYVST (тип Graco XHD) №825, арт.XHD825",Окрасочные аппараты и аксессуары>Сопла для окрасочных аппаратов,XHD825,0.00,"https://dlt.by/image/catalog/easyphoto/3671/soplo-hyvst-tip-graco-xhd-109-art-xhd109-1.jpg,,,,,,,,,,,,,,,,,,,,,,,,,,,,,,,,,,,,,,,,,,,,,"
"Сопло HYVST (тип Graco XHD) №823, арт.XHD823",Окрасочные аппараты и аксессуары>Сопла для окрасочных аппаратов,XHD823,0.00,"https://dlt.by/image/catalog/easyphoto/3671/soplo-hyvst-tip-graco-xhd-109-art-xhd109-1.jpg,,,,,,,,,,,,,,,,,,,,,,,,,,,,,,,,,,,,,,,,,,,,,"
"Сопло HYVST (тип Graco XHD) №821, арт.XHD821",Окрасочные аппараты и аксессуары>Сопла для окрасочных аппаратов,XHD821,0.00,"https://dlt.by/image/catalog/easyphoto/3671/soplo-hyvst-tip-graco-xhd-109-art-xhd109-1.jpg,,,,,,,,,,,,,,,,,,,,,,,,,,,,,,,,,,,,,,,,,,,,,"
"Сопло HYVST (тип Graco XHD) №819, арт.XHD819",Окрасочные аппараты и аксессуары>Сопла для окрасочных аппаратов,XHD819,0.00,"https://dlt.by/image/catalog/easyphoto/3671/soplo-hyvst-tip-graco-xhd-109-art-xhd109-1.jpg,,,,,,,,,,,,,,,,,,,,,,,,,,,,,,,,,,,,,,,,,,,,,"
"Сопло HYVST (тип Graco XHD) №817, арт.XHD817",Окрасочные аппараты и аксессуары>Сопла для окрасочных аппаратов,XHD817,0.00,"https://dlt.by/image/catalog/easyphoto/3671/soplo-hyvst-tip-graco-xhd-109-art-xhd109-1.jpg,,,,,,,,,,,,,,,,,,,,,,,,,,,,,,,,,,,,,,,,,,,,,"
"Сопло HYVST (тип Graco XHD) №731, арт.XHD731",Окрасочные аппараты и аксессуары>Сопла для окрасочных аппаратов,XHD731,0.00,"https://dlt.by/image/catalog/easyphoto/3671/soplo-hyvst-tip-graco-xhd-109-art-xhd109-1.jpg,,,,,,,,,,,,,,,,,,,,,,,,,,,,,,,,,,,,,,,,,,,,,"
"Сопло HYVST (тип Graco XHD) №729, арт.XHD729",Окрасочные аппараты и аксессуары>Сопла для окрасочных аппаратов,XHD729,0.00,"https://dlt.by/image/catalog/easyphoto/3671/soplo-hyvst-tip-graco-xhd-109-art-xhd109-1.jpg,,,,,,,,,,,,,,,,,,,,,,,,,,,,,,,,,,,,,,,,,,,,,"
"Сопло HYVST (тип Graco XHD) №727, арт.XHD727",Окрасочные аппараты и аксессуары>Сопла для окрасочных аппаратов,XHD727,0.00,"https://dlt.by/image/catalog/easyphoto/3671/soplo-hyvst-tip-graco-xhd-109-art-xhd109-1.jpg,,,,,,,,,,,,,,,,,,,,,,,,,,,,,,,,,,,,,,,,,,,,,"
"Сопло HYVST (тип Graco XHD) №523, арт.XHD523",Окрасочные аппараты и аксессуары>Сопла для окрасочных аппаратов,XHD523,0.00,"https://dlt.by/image/catalog/easyphoto/3671/soplo-hyvst-tip-graco-xhd-109-art-xhd109-1.jpg,,,,,,,,,,,,,,,,,,,,,,,,,,,,,,,,,,,,,,,,,,,,,"
"Сопло HYVST (тип Graco XHD) №725, арт.XHD725",Окрасочные аппараты и аксессуары>Сопла для окрасочных аппаратов,XHD725,0.00,"https://dlt.by/image/catalog/easyphoto/3671/soplo-hyvst-tip-graco-xhd-109-art-xhd109-1.jpg,,,,,,,,,,,,,,,,,,,,,,,,,,,,,,,,,,,,,,,,,,,,,"
"Сопло HYVST (тип Graco XHD) №723, арт.XHD723",Окрасочные аппараты и аксессуары>Сопла для окрасочных аппаратов,XHD723,0.00,"https://dlt.by/image/catalog/easyphoto/3671/soplo-hyvst-tip-graco-xhd-109-art-xhd109-1.jpg,,,,,,,,,,,,,,,,,,,,,,,,,,,,,,,,,,,,,,,,,,,,,"
"Сопло HYVST (тип Graco FRAC X FFLP) №410, арт.FRAC410",Окрасочные аппараты и аксессуары,FRAC410,1 775.56,"https://dlt.by/image/catalog/easyphoto/3852/soplo-hyvst-tip-graco-frac-x-fflp-410-art-frac410-1.jpg,,,,,,,,,,,,,,,,,,,,,,,,,,,,,,,,,,,,,,,,,,,,,"
"Сопло HYVST (тип Graco FRAC X FFLP) №314, арт.FRAC314",Акции на строительный инструмент,FRAC314,1 775.56,"https://dlt.by/image/catalog/easyphoto/3853/soplo-hyvst-tip-graco-frac-x-fflp-314-art-frac314-1.jpg,,,,,,,,,,,,,,,,,,,,,,,,,,,,,,,,,,,,,,,,,,,,,"
"Сопло HYVST (тип Graco FRAC X FFLP) №312, арт.FRAC312",Окрасочные аппараты и аксессуары,FRAC312,1 775.56,"https://dlt.by/image/catalog/easyphoto/3854/soplo-hyvst-tip-graco-frac-x-fflp-312-art-frac312-1.jpg,,,,,,,,,,,,,,,,,,,,,,,,,,,,,,,,,,,,,,,,,,,,,"
"Сопло HYVST (тип Graco FRAC X FFLP) №310, арт.FRAC310",Окрасочные аппараты и аксессуары,FRAC310,1 775.56,"https://dlt.by/image/catalog/easyphoto/3855/soplo-hyvst-tip-graco-frac-x-fflp-310-art-frac310-1.jpg,,,,,,,,,,,,,,,,,,,,,,,,,,,,,,,,,,,,,,,,,,,,,"
"Сопло HYVST (тип Graco FRAC X FFLP) №308, арт.FRAC308",Окрасочные аппараты и аксессуары,FRAC308,1 775.56,"https://dlt.by/image/catalog/easyphoto/3856/soplo-hyvst-tip-graco-frac-x-fflp-308-art-frac308-1.jpg,,,,,,,,,,,,,,,,,,,,,,,,,,,,,,,,,,,,,,,,,,,,,"
"Сопло HYVST (тип Graco FRAC X FFLP) №214, арт.FRAC214",Акции на строительный инструмент,FRAC214,1 775.56,"https://dlt.by/image/catalog/easyphoto/3857/soplo-hyvst-tip-graco-frac-x-fflp-214-art-frac214-1.jpg,,,,,,,,,,,,,,,,,,,,,,,,,,,,,,,,,,,,,,,,,,,,,"
"Сопло HYVST (тип Graco FRAC X FFLP) №212, арт.FRAC212",Окрасочные аппараты и аксессуары,FRAC212,1 775.56,"https://dlt.by/image/catalog/easyphoto/3858/soplo-hyvst-tip-graco-frac-x-fflp-212-art-frac212-1.jpg,,,,,,,,,,,,,,,,,,,,,,,,,,,,,,,,,,,,,,,,,,,,,"
"Сопло HYVST (тип Graco FRAC X FFLP) №210, арт.FRAC210",Окрасочные аппараты и аксессуары,FRAC210,1 775.56,"https://dlt.by/image/catalog/easyphoto/3859/soplo-hyvst-tip-graco-frac-x-fflp-210-art-frac210-1.jpg,,,,,,,,,,,,,,,,,,,,,,,,,,,,,,,,,,,,,,,,,,,,,"
"Сопло HYVST (тип Graco FRAC X FFLP) №208, арт.FRAC208",Окрасочные аппараты и аксессуары,FRAC208,1 775.56,"https://dlt.by/image/catalog/easyphoto/3860/soplo-hyvst-tip-graco-frac-x-fflp-208-art-frac208-1.jpg,,,,,,,,,,,,,,,,,,,,,,,,,,,,,,,,,,,,,,,,,,,,,"
"Сопло HYVST (тип Graco FRAC X FFLP) №112, арт.FRAC112",Акции на строительный инструмент,FRAC112,1 775.56,"https://dlt.by/image/catalog/easyphoto/3861/soplo-hyvst-tip-graco-frac-x-fflp-112-art-frac112-1.jpg,,,,,,,,,,,,,,,,,,,,,,,,,,,,,,,,,,,,,,,,,,,,,"
"Сопло HYVST (тип Graco FRAC X FFLP) №110, арт.FRAC110",Окрасочные аппараты и аксессуары,FRAC110,1 775.56,"https://dlt.by/image/catalog/easyphoto/3862/soplo-hyvst-tip-graco-frac-x-fflp-110-art-frac110-1.jpg,,,,,,,,,,,,,,,,,,,,,,,,,,,,,,,,,,,,,,,,,,,,,"
"Сопло HYVST (тип Graco FRAC X FFLP) №108, арт.FRAC108",Окрасочные аппараты и аксессуары ,FRAC108,1 775.56,"https://dlt.by/image/catalog/easyphoto/3863/soplo-hyvst-tip-graco-frac-x-fflp-108-art-frac108-1.jpg,,,,,,,,,,,,,,,,,,,,,,,,,,,,,,,,,,,,,,,,,,,,,"
"Круг шлифовальный DLT GrandFlex BLUE-CERAMIC, P40, 150мм, 10шт, (на бумаге, керамика и оксид алюминия), арт.3027",Шлифовальные машины для стен/потолков/пола>Шлифовальные круги и сетки>P40-60,3027,306.96,"https://dlt.by/image/catalog/easyphoto/3864/krug-shlifovalnyy-dlt-grandflex-blue-ceramic-p40-150mm-10sht-na-bumage-keramika-i-oksid-alyuminiya-1.jpg,,,,,,,,,,,,,,,,,,,,,,,,,,,,,,,,,,,,,,,,,,,,,"
"Круг шлифовальный DLT GrandFlex BLUE-CERAMIC, P240, 150мм, 10шт, (на бумаге, керамика и оксид алюминия), арт.3031",Шлифовальные машины для стен/потолков/пола>Шлифовальные круги и сетки>P240-320,3031,306.96,"https://dlt.by/image/catalog/easyphoto/3865/krug-shlifovalnyy-dlt-grandflex-blue-ceramic-p240-150mm-10sht-na-bumage-keramika-i-oksid-alyuminiya-1.jpg,,,,,,,,,,,,,,,,,,,,,,,,,,,,,,,,,,,,,,,,,,,,,"
"Круг шлифовальный DLT GrandFlex BLUE-CERAMIC, P120, 150мм, 10шт, (на бумаге, керамика и оксид алюминия), арт.3029",Шлифовальные машины для стен/потолков/пола>Шлифовальные круги и сетки>P120-150,3029,306.96,"https://dlt.by/image/catalog/easyphoto/3867/krug-shlifovalnyy-dlt-grandflex-blue-ceramic-p120-150mm-10sht-na-bumage-keramika-i-oksid-alyuminiya-1.jpg,,,,,,,,,,,,,,,,,,,,,,,,,,,,,,,,,,,,,,,,,,,,,"
"Круг шлифовальный DLT GrandFlex BLUE-CERAMIC, P80, 150мм, 10шт, (на бумаге, керамика и оксид алюминия), арт.3028",Акции на строительный инструмент,3028,306.96,"https://dlt.by/image/catalog/easyphoto/3868/krug-shlifovalnyy-dlt-grandflex-blue-ceramic-p80-150mm-10sht-na-bumage-keramika-i-oksid-alyuminiya-1.jpg,,,,,,,,,,,,,,,,,,,,,,,,,,,,,,,,,,,,,,,,,,,,,"
"Круг шлифовальный DLT GrandFlex BLUE-CERAMIC, P240, 225мм, 10шт, (на бумаге, керамика и оксид алюминия), арт.3002",Шлифовальные машины для стен/потолков/пола>Шлифовальные круги и сетки>P240-320,3002,631.98,"https://dlt.by/image/catalog/easyphoto/3869/krug-shlifovalnyy-dlt-grandflex-blue-ceramic-p240-225mm-10sht-na-bumage-keramika-i-oksid-alyuminiya-1.jpg,,,,,,,,,,,,,,,,,,,,,,,,,,,,,,,,,,,,,,,,,,,,,"
"Круг шлифовальный DLT GrandFlex BLUE-CERAMIC, P180, 225мм, 10шт, (на бумаге, керамика и оксид алюминия), арт.3001",Шлифовальные машины для стен/потолков/пола>Шлифовальные круги и сетки>P180-220,3001,631.98,"https://dlt.by/image/catalog/easyphoto/3870/krug-shlifovalnyy-dlt-grandflex-blue-ceramic-p180-225mm-10sht-na-bumage-keramika-i-oksid-alyuminiya-1.jpg,,,,,,,,,,,,,,,,,,,,,,,,,,,,,,,,,,,,,,,,,,,,,"
"Круг шлифовальный DLT GrandFlex BLUE-CERAMIC, P120, 225мм, 10шт, (на бумаге, керамика и оксид алюминия), арт.3000",Шлифовальные машины для стен/потолков/пола>Шлифовальные круги и сетки>P120-150,3000,631.98,"https://dlt.by/image/catalog/easyphoto/3871/krug-shlifovalnyy-dlt-grandflex-blue-ceramic-p120-225mm-10sht-na-bumage-keramika-i-oksid-alyuminiya-1.jpg,,,,,,,,,,,,,,,,,,,,,,,,,,,,,,,,,,,,,,,,,,,,,"
"Круг шлифовальный DLT GrandFlex BLUE-CERAMIC, P80, 225мм, 10шт, (на бумаге, керамика и оксид алюминия), арт.2999",Шлифовальные машины для стен/потолков/пола>Шлифовальные круги и сетки>P80-100,2999,752.36,"https://dlt.by/image/catalog/easyphoto/3872/krug-shlifovalnyy-dlt-grandflex-blue-ceramic-p80-225mm-10sht-na-bumage-keramika-i-oksid-alyuminiya-1.jpg,,,,,,,,,,,,,,,,,,,,,,,,,,,,,,,,,,,,,,,,,,,,,"
"Круг шлифовальный DLT GrandFlex BLUE-CERAMIC, P40, 225мм, 10шт, (на бумаге, керамика и оксид алюминия), арт.2998",Шлифовальные машины для стен/потолков/пола>Шлифовальные круги и сетки>P40-60,2998,752.36,"https://dlt.by/image/catalog/easyphoto/3873/krug-shlifovalnyy-dlt-grandflex-blue-ceramic-p40-225mm-10sht-na-bumage-keramika-i-oksid-alyuminiya-1.jpg,,,,,,,,,,,,,,,,,,,,,,,,,,,,,,,,,,,,,,,,,,,,,"
"Присоска DLT для гладкой и рельефной поверхности, арт.2609",Инструмент для укладки плитки>Присоски для плитки и стекла>Обычные присоски,2609,752.36,"https://dlt.by/image/catalog/easyphoto/3874/prisoska-dlt-dlya-gladkih-matovyh-i-relefnyh-poverhnostey-art-2609-3.jpg,,,,,,,,,,,,,,,,,,,,,,,,,,,,,,,,,,,,,,,,,,,,,"
"Круг шлифовальный DLT GrandFlex FILM-CERAMIC, P240, 150мм, 10шт, (на плёнке, керамика точной формы), арт.3026",Шлифовальные машины для стен/потолков/пола>Шлифовальные круги и сетки>P240-320,3026,601.88,"https://dlt.by/image/catalog/easyphoto/3875/krug-shlifovalnyy-dlt-grandflex-film-ceramic-p240-150mm-10sht-na-plenke-keramika-tochnoy-formy-1.jpg,,,,,,,,,,,,,,,,,,,,,,,,,,,,,,,,,,,,,,,,,,,,,"
"Круг шлифовальный DLT GrandFlex FILM-CERAMIC, P180, 150мм, 10шт, (на плёнке, керамика точной формы), арт.3025",Акции на строительный инструмент,3025,601.88,"https://dlt.by/image/catalog/easyphoto/3876/krug-shlifovalnyy-dlt-grandflex-film-ceramic-p180-150mm-10sht-na-plenke-keramika-tochnoy-formy-1.jpg,,,,,,,,,,,,,,,,,,,,,,,,,,,,,,,,,,,,,,,,,,,,,"
"Круг шлифовальный DLT GrandFlex FILM-CERAMIC, P120, 150мм, 10шт, (на плёнке, керамика точной формы), арт.3024",Шлифовальные машины для стен/потолков/пола>Шлифовальные круги и сетки>P120-150,3024,601.88,"https://dlt.by/image/catalog/easyphoto/3877/krug-shlifovalnyy-dlt-grandflex-film-ceramic-p120-150mm-10sht-na-plenke-keramika-tochnoy-formy-1.jpg,,,,,,,,,,,,,,,,,,,,,,,,,,,,,,,,,,,,,,,,,,,,,"
"Круг шлифовальный DLT GrandFlex FILM-CERAMIC, P80, 150мм, 10шт, (на плёнке, керамика точной формы), арт.3023",Акции на строительный инструмент,3023,601.88,"https://dlt.by/image/catalog/easyphoto/3878/krug-shlifovalnyy-dlt-grandflex-film-ceramic-p80-150mm-10sht-na-plenke-keramika-tochnoy-formy-3.jpg,,,,,,,,,,,,,,,,,,,,,,,,,,,,,,,,,,,,,,,,,,,,,"
"Круг шлифовальный DLT GrandFlex FILM-CERAMIC, P240, 225мм, 10шт, (на плёнке, керамика точной формы), арт.3010",Шлифовальные машины для стен/потолков/пола>Шлифовальные круги и сетки>P240-320,3010,1 023.20,"https://dlt.by/image/catalog/easyphoto/3879/krug-shlifovalnyy-dlt-grandflex-film-ceramic-p240-225mm-10sht-na-plenke-keramika-tochnoy-formy-1.jpg,,,,,,,,,,,,,,,,,,,,,,,,,,,,,,,,,,,,,,,,,,,,,"
"Круг шлифовальный DLT GrandFlex FILM-CERAMIC, P180, 225мм, 10шт, (на плёнке, керамика точной формы), арт.3009",Шлифовальные машины для стен/потолков/пола>Шлифовальные круги и сетки>P180-220,3009,1 023.20,"https://dlt.by/image/catalog/easyphoto/3880/krug-shlifovalnyy-dlt-grandflex-film-ceramic-p180-225mm-10sht-na-plenke-keramika-tochnoy-formy-1.jpg,,,,,,,,,,,,,,,,,,,,,,,,,,,,,,,,,,,,,,,,,,,,,"
"Круг шлифовальный DLT GrandFlex FILM-CERAMIC, P120, 225мм, 10шт, (на плёнке, керамика точной формы), арт.3008",Шлифовальные машины для стен/потолков/пола>Шлифовальные круги и сетки>P120-150,3008,1 023.20,"https://dlt.by/image/catalog/easyphoto/3881/krug-shlifovalnyy-dlt-grandflex-film-ceramic-p120-225mm-10sht-na-plenke-keramika-tochnoy-formy-1.jpg,,,,,,,,,,,,,,,,,,,,,,,,,,,,,,,,,,,,,,,,,,,,,"
"Круг шлифовальный DLT GrandFlex FILM-CERAMIC, P80, 225мм, 10шт, (на плёнке, керамика точной формы), арт.3007",Шлифовальные машины для стен/потолков/пола>Шлифовальные круги и сетки>P80-100,3007,1 083.39,"https://dlt.by/image/catalog/easyphoto/3882/krug-shlifovalnyy-dlt-grandflex-film-ceramic-p80-225mm-10sht-na-plenke-keramika-tochnoy-formy-1.jpg,,,,,,,,,,,,,,,,,,,,,,,,,,,,,,,,,,,,,,,,,,,,,"
"Круг шлифовальный DLT GrandFlex PURO-CERAMIC, P240, 225мм, 10шт, (на бумаге, керамика точной формы), арт.3006",Шлифовальные машины для стен/потолков/пола,3006,1 113.49,"https://dlt.by/image/catalog/easyphoto/3883/krug-shlifovalnyy-dlt-grandflex-puro-ceramic-p240-225mm-10sht-na-bumage-keramika-tochnoy-formy-2.jpg,,,,,,,,,,,,,,,,,,,,,,,,,,,,,,,,,,,,,,,,,,,,,"
"Круг шлифовальный DLT GrandFlex PURO-CERAMIC, P180, 225мм, 10шт, (на бумаге, керамика точной формы), арт.3005",Шлифовальные машины для стен/потолков/пола>Шлифовальные круги и сетки>P180-220,3005,1 113.49,"https://dlt.by/image/catalog/easyphoto/3884/krug-shlifovalnyy-dlt-grandflex-puro-ceramic-p180-225mm-10sht-na-bumage-keramika-tochnoy-formy-1.jpg,,,,,,,,,,,,,,,,,,,,,,,,,,,,,,,,,,,,,,,,,,,,,"
"Круг шлифовальный DLT GrandFlex PURO-CERAMIC, P120, 225мм, 10шт, (на бумаге, керамика точной формы), арт.3004",Шлифовальные машины для стен/потолков/пола>Шлифовальные круги и сетки>P120-150,3004,1 113.49,"https://dlt.by/image/catalog/easyphoto/3885/krug-shlifovalnyy-dlt-grandflex-puro-ceramic-p120-225mm-10sht-na-bumage-keramika-tochnoy-formy-1.jpg,,,,,,,,,,,,,,,,,,,,,,,,,,,,,,,,,,,,,,,,,,,,,"
"Круг шлифовальный DLT GrandFlex PURO-CERAMIC, P80, 225мм, 10шт, (на бумаге, керамика точной формы), арт.3003",Шлифовальные машины для стен/потолков/пола>Шлифовальные круги и сетки>P80-100,3003,1 173.67,"https://dlt.by/image/catalog/easyphoto/3886/krug-shlifovalnyy-dlt-grandflex-puro-ceramic-p80-225mm-10sht-na-bumage-keramika-tochnoy-formy-1.jpg,,,,,,,,,,,,,,,,,,,,,,,,,,,,,,,,,,,,,,,,,,,,,"
"Круг шлифовальный сетка DLT GrandFlex BLUE-NET CERAMIC, P240, 150 мм, 10шт, (керамика), арт.3035",Шлифовальные машины для стен/потолков/пола>Шлифовальные круги и сетки>P240-320,3035,631.98,"https://dlt.by/image/catalog/easyphoto/3887/krug-shlifovalnyy-setka-dlt-grandflex-blue-net-ceramic-p240-150-mm-10sht-keramika-1.jpg,,,,,,,,,,,,,,,,,,,,,,,,,,,,,,,,,,,,,,,,,,,,,"
"Круг шлифовальный сетка DLT GrandFlex BLUE-NET CERAMIC, P180, 150 мм, 10шт, (керамика), арт.3034",Акции на строительный инструмент,3034,631.98,"https://dlt.by/image/catalog/easyphoto/3888/krug-shlifovalnyy-setka-dlt-grandflex-blue-net-ceramic-p180-150-mm-10sht-keramika-1.jpg,,,,,,,,,,,,,,,,,,,,,,,,,,,,,,,,,,,,,,,,,,,,,"
"Круг шлифовальный сетка DLT GrandFlex BLUE-NET CERAMIC, P120, 150 мм, 10шт, (керамика), арт.3033",Малярный и штукатурный инструмент>Абразивные материалы>Шлифовальные сетки>P120-150,3033,722.26,"https://dlt.by/image/catalog/easyphoto/3889/krug-shlifovalnyy-setka-dlt-grandflex-blue-net-ceramic-p120-150-mm-10sht-keramika-1.jpg,,,,,,,,,,,,,,,,,,,,,,,,,,,,,,,,,,,,,,,,,,,,,"
"Круг шлифовальный сетка DLT GrandFlex BLUE-NET CERAMIC, P80, 150 мм, 10шт, (керамика), арт.3032",Акции на строительный инструмент,3032,722.26,"https://dlt.by/image/catalog/easyphoto/3890/krug-shlifovalnyy-setka-dlt-grandflex-blue-net-ceramic-p80-150-mm-10sht-keramika-1.jpg,,,,,,,,,,,,,,,,,,,,,,,,,,,,,,,,,,,,,,,,,,,,,"
"Круг шлифовальный сетка DLT GrandFlex BLUE-NET CERAMIC, P240, 225мм, 10шт, (керамика точной формы), арт.3014",Шлифовальные машины для стен/потолков /пола>Шлифовальные круги и сетки>P240-320,3014,1 414.43,"https://dlt.by/image/catalog/easyphoto/3891/krug-shlifovalnyy-setka-dlt-grandflex-blue-net-ceramic-p240-225mm-10sht-keramika-tochnoy-formy-1.jpg,,,,,,,,,,,,,,,,,,,,,,,,,,,,,,,,,,,,,,,,,,,,,"
"Круг шлифовальный сетка DLT GrandFlex BLUE-NET CERAMIC, P180, 225мм, 10шт, (керамика точной формы), арт.3013",Шлифовальные машины для стен/потолков/пола>Шлифовальные круги и сетки>P180-220,3013,1 414.43,"https://dlt.by/image/catalog/easyphoto/3892/krug-shlifovalnyy-setka-dlt-grandflex-blue-net-ceramic-p180-225mm-10sht-keramika-tochnoy-formy-1.jpg,,,,,,,,,,,,,,,,,,,,,,,,,,,,,,,,,,,,,,,,,,,,,"
"Круг шлифовальный сетка DLT GrandFlex BLUE-NET CERAMIC, P120, 225мм, 10шт, (керамика точной формы), арт.3012",Шлифовальные машины для стен/потолков/пола>Шлифовальные круги и сетки>P120-150,3012,1 655.18,"https://dlt.by/image/catalog/easyphoto/3893/krug-shlifovalnyy-setka-dlt-grandflex-blue-net-ceramic-p120-225mm-10sht-keramika-tochnoy-formy-1.jpg,,,,,,,,,,,,,,,,,,,,,,,,,,,,,,,,,,,,,,,,,,,,,"
"Круг шлифовальный сетка DLT GrandFlex BLUE-NET CERAMIC, P80, 225мм, 10шт, (керамика точной формы), арт.3011",Шлифовальные машины для стен/потолков/пола>Шлифовальные круги и сетки>P80-100,3011,1 655.18,"https://dlt.by/image/catalog/easyphoto/3894/krug-shlifovalnyy-setka-dlt-grandflex-blue-net-ceramic-p80-225mm-10sht-keramika-tochnoy-formy-1.jpg,,,,,,,,,,,,,,,,,,,,,,,,,,,,,,,,,,,,,,,,,,,,,"
"Круг шлифовальный сетка DLT GrandFlex RED-NET, P240, 225мм, 10шт, (оксид алюминия), арт.3018",Шлифовальные машины для стен/потолков/пола>Шлифовальные круги и сетки>P240-320,3018,1 203.77,"https://dlt.by/image/catalog/easyphoto/3895/krug-shlifovalnyy-setka-dlt-grandflex-red-net-p240-225mm-10sht-oksid-alyuminiya-1.jpg,,,,,,,,,,,,,,,,,,,,,,,,,,,,,,,,,,,,,,,,,,,,,"
"Круг шлифовальный сетка DLT GrandFlex RED-NET, P180, 225мм, 10шт, (оксид алюминия), арт.3017",Шлифовальные машины для стен/потолков/пола>Шлифовальные круги и сетки>P180-220,3017,1 203.77,"https://dlt.by/image/catalog/easyphoto/3896/krug-shlifovalnyy-setka-dlt-grandflex-red-net-p180-225mm-10sht-oksid-alyuminiya-1.jpg,,,,,,,,,,,,,,,,,,,,,,,,,,,,,,,,,,,,,,,,,,,,,"
"Круг шлифовальный сетка DLT GrandFlex RED-NET, P120, 225мм, 10шт, (оксид алюминия), арт.3016",Шлифовальные машины для стен/потолков/пола>Шлифовальные круги и сетки>P120-150,3016,1 354.24,"https://dlt.by/image/catalog/easyphoto/3897/krug-shlifovalnyy-setka-dlt-grandflex-red-net-p120-225mm-10sht-oksid-alyuminiya-1.jpg,,,,,,,,,,,,,,,,,,,,,,,,,,,,,,,,,,,,,,,,,,,,,"
"Круг шлифовальный сетка DLT GrandFlex RED-NET, P80, 225мм, 10шт, (оксид алюминия), арт.3015",Шлифовальные машины для стен/потолков/пола>Шлифовальные круги и сетки>P80-100,3015,1 354.24,"https://dlt.by/image/catalog/easyphoto/3898/krug-shlifovalnyy-setka-dlt-grandflex-red-net-p80-225mm-10sht-oksid-alyuminiya-1.jpg,,,,,,,,,,,,,,,,,,,,,,,,,,,,,,,,,,,,,,,,,,,,,"
"Шлифовальный лист в рулоне DLT GrandFlex PURO-ROLL, P240, 70мм*12м, (керамика точной формы), арт.3022",Малярный и штукатурный инструмент>Абразивные материалы,3022,2 768.67,"https://dlt.by/image/catalog/easyphoto/3899/shlifovalnyy-list-v-rulone-dlt-grandflex-puro-roll-p240-70mm-12m-keramika-tochnoy-formy-art-3022-14.jpg,,,,,,,,,,,,,,,,,,,,,,,,,,,,,,,,,,,,,,,,,,,,,"
"Шлифовальный лист в рулоне DLT GrandFlex PURO-ROLL, P180, 70мм*12м, (керамика точной формы), арт.0898",Акции на строительный инструмент,898,2 768.67,"https://dlt.by/image/catalog/easyphoto/3900/shlifovalnyy-list-v-rulone-dlt-grandflex-puro-roll-p180-70mm-12m-keramika-tochnoy-formy-art-0898-14.jpg,,,,,,,,,,,,,,,,,,,,,,,,,,,,,,,,,,,,,,,,,,,,,"
"Шлифовальный лист в рулоне DLT GrandFlex PURO-ROLL, P120, 70мм*12м, (керамика точной формы), арт.3020",Малярный и штукатурный инструмент>Абразивные материалы,3020,2 768.67,"https://dlt.by/image/catalog/easyphoto/3901/shlifovalnyy-list-v-rulone-dlt-grandflex-puro-roll-p120-70mm-12m-keramika-tochnoy-formy-art-3020-14.jpg,,,,,,,,,,,,,,,,,,,,,,,,,,,,,,,,,,,,,,,,,,,,,"
"Шлифовальный лист в рулоне DLT GrandFlex PURO-ROLL, P80, 70мм*12м, (керамика точной формы), арт.3019",Акции на строительный инструмент,3019,2 768.67,"https://dlt.by/image/catalog/easyphoto/3902/shlifovalnyy-list-v-rulone-dlt-grandflex-puro-roll-p80-70mm-12m-keramika-tochnoy-formy-art-3019-14.jpg,,,,,,,,,,,,,,,,,,,,,,,,,,,,,,,,,,,,,,,,,,,,,"
"Шлифмашина Жираф MAX-XT R7233B-E, арт.3340",Шлифовальные машины для стен/потолков/пола>Шлифмашины Жираф,3340,23 323.03,"https://dlt.by/image/catalog/easyphoto/4258/shlifmashina-zhiraf-max-xt-r7233b-e-10.jpg,,,,,,,,,,,,,,,,,,,,,,,,,,,,,,,,,,,,,,,,,,,,,"
"Инструмент для очистки плиточных швов DLT, арт.2569",Инструмент для укладки плитки>Разное для укладки,2569,306.96,"https://dlt.by/image/catalog/easyphoto/3905/instrument-dlya-ochistki-plitochnyh-shvov-dlt-art-2569-3.jpg,,,,,,,,,,,,,,,,,,,,,,,,,,,,,,,,,,,,,,,,,,,,,"
"Шлифмашина Жираф MAX-XT R7233B-SG, арт.3341",Шлифовальные машины для стен/потолков/пола>Шлифмашины Жираф,3341,23 022.08,"https://dlt.by/image/catalog/easyphoto/3906/shlifmashina-zhiraf-max-xt-r7233b-sg-12.jpg,,,,,,,,,,,,,,,,,,,,,,,,,,,,,,,,,,,,,,,,,,,,,"
"Ведро строительное гибкое, DLT, 10л (факт. 9,8л), тип ITALIANO, арт.2889",Гибкие ведра и гибкие ёмкости,2889,707.21,"https://dlt.by/image/catalog/easyphoto/3907/vedro-stroitelnoe-gibkoe-dlt-10l-tip-italiano-art-2889-3.jpg,,,,,,,,,,,,,,,,,,,,,,,,,,,,,,,,,,,,,,,,,,,,,"
"Ёмкость строительная гибкая, DLT,30л (факт. 30л), тип CARBONER, арт.2890",Гибкие ведра и гибкие ёмкости,2890,1 315.12,"https://dlt.by/image/catalog/easyphoto/3908/emkost-stroitelnaya-gibkaya-dlt-30l-tip-carboner-art-2890-8.jpg,,,,,,,,,,,,,,,,,,,,,,,,,,,,,,,,,,,,,,,,,,,,,"
"Кювета строительная гибкая, DLT, 30л, тип RUBTRAY, арт.2891",Гибкие ведра и гибкие ёмкости,2891,2 106.60,"https://dlt.by/image/catalog/easyphoto/3909/kyuveta-stroitelnaya-gibkaya-dlt-30l-tip-rubtray-art-2891-3.jpg,,,,,,,,,,,,,,,,,,,,,,,,,,,,,,,,,,,,,,,,,,,,,"
"Кювета строительная гибкая, DLT, 16л, тип RUBTRAY, арт.2892",Гибкие ведра и гибкие ёмкости,2892,1 655.18,"https://dlt.by/image/catalog/easyphoto/3910/kyuveta-stroitelnaya-gibkaya-dlt-16l-tip-rubtray-art-2892-4.jpg,,,,,,,,,,,,,,,,,,,,,,,,,,,,,,,,,,,,,,,,,,,,,"
"Кювета строительная гибкая, DLT, 40 л, тип RUBTRAY, арт.2893",Гибкие ведра и гибкие ёмкости,2893,3 310.36,"https://dlt.by/image/catalog/easyphoto/3911/kyuveta-stroitelnaya-gibkaya-dlt-40-l-tip-rubtray-art-2893-3.jpg,,,,,,,,,,,,,,,,,,,,,,,,,,,,,,,,,,,,,,,,,,,,,"
"Кювета строительная гибкая, DLT, 10л, тип RUBTRAY, арт.2899",Гибкие ведра и гибкие ёмкости,2899,902.83,"https://dlt.by/image/catalog/easyphoto/3912/kyuveta-stroitelnaya-gibkaya-dlt-10l-tip-rubtray-art-2899-2.jpg,,,,,,,,,,,,,,,,,,,,,,,,,,,,,,,,,,,,,,,,,,,,,"
"Ёмкость строительная гибкая, DLT, 85л (факт. 78л), тип ESPUERTA, арт.2894",Гибкие ведра и гибкие ёмкости,2894,3 454.82,"https://dlt.by/image/catalog/easyphoto/3913/emkost-stroitelnaya-gibkaya-dlt-85l-tip-espuerta-art-2894-3.jpg,,,,,,,,,,,,,,,,,,,,,,,,,,,,,,,,,,,,,,,,,,,,,"
"Ёмкость строительная гибкая, DLT, 35л (факт. 35л), ESPUERTA, арт.2896",Гибкие ведра и гибкие ёмкости,2896,1 847.79,"https://dlt.by/image/catalog/easyphoto/3914/emkost-stroitelnaya-gibkaya-dlt-50l-espuerta-art-2896-3.jpg,,,,,,,,,,,,,,,,,,,,,,,,,,,,,,,,,,,,,,,,,,,,,"
"Ёмкость строительная гибкая, DLT, 21л (факт. 20л), тип ESPUERTA, арт.2897",Гибкие ведра и гибкие ёмкости,2897,1 279.00,"https://dlt.by/image/catalog/easyphoto/3915/emkost-stroitelnaya-gibkaya-dlt-21l-tip-espuerta-art-2897-3.jpg,,,,,,,,,,,,,,,,,,,,,,,,,,,,,,,,,,,,,,,,,,,,,"
"Таз строительный гибкий, DLT, 12л (факт. 12л), тип ESPUERTA, арт.2898",Гибкие ведра и гибкие ёмкости,2898,779.44,"https://dlt.by/image/catalog/easyphoto/3916/taz-stroitelnyy-gibkiy-dlt-12l-tip-espuerta-art-2898-3.jpg,,,,,,,,,,,,,,,,,,,,,,,,,,,,,,,,,,,,,,,,,,,,,"
"Ёмкость строительная гибкая, DLT, 50л (факт. 42л), тип RUBTUB, арт.2895",Гибкие ведра и гибкие ёмкости,2895,2 013.30,"https://dlt.by/image/catalog/easyphoto/3917/emkost-stroitelnaya-gibkaya-dlt-50l-tip-rubtub-art-2895-3.jpg,,,,,,,,,,,,,,,,,,,,,,,,,,,,,,,,,,,,,,,,,,,,,"
"Мастерок BIHUI 180мм (узкий), арт.BTCHG6",Шпателя для механизированной шпатлевки>Кельмы/мастерки,BTCHG6,367.15,"https://dlt.by/image/catalog/easyphoto/3970/masterok-bihui-180mm-uzkiy-art-btchg6-1.jpg,,,,,,,,,,,,,,,,,,,,,,,,,,,,,,,,,,,,,,,,,,,,,"
"Ведро строительное гибкое, DLT, 6л (факт. 5,7л), тип RUBBERBUCK, арт.2900",Гибкие ведра и гибкие ёмкости,2900,499.56,"https://dlt.by/image/catalog/easyphoto/3918/vedro-stroitelnoe-gibkoe-dlt-6l-tip-rubberbuck-art-2900-3.jpg,,,,,,,,,,,,,,,,,,,,,,,,,,,,,,,,,,,,,,,,,,,,,"
"Ведро строительное гибкое усиленное, DLT, 8л (факт. 7,6л), тип RUBBERBUCK, арт.2901",Гибкие ведра и гибкие ёмкости,2901,541.70,"https://dlt.by/image/catalog/easyphoto/3919/vedro-stroitelnoe-gibkoe-usilennoe-dlt-8l-tip-rubberbuck-art-2901-3.jpg,,,,,,,,,,,,,,,,,,,,,,,,,,,,,,,,,,,,,,,,,,,,,"
"Ведро строительное гибкое с градуировкой, DLT, 8л (факт. 7,3л), тип RUBBERBUCK, арт.2902",Гибкие ведра и гибкие ёмкости,2902,604.89,"https://dlt.by/image/catalog/easyphoto/3920/vedro-stroitelnoe-gibkoe-s-graduirovkoy-dlt-8l-tip-rubberbuck-art-2902-3.jpg,,,,,,,,,,,,,,,,,,,,,,,,,,,,,,,,,,,,,,,,,,,,,"
"Ведро строительное гибкое, широкое, DLT, 10л (факт. 9л), тип RUBBERBUCK, арт.2904",Гибкие ведра и гибкие ёмкости,2904,677.12,"https://dlt.by/image/catalog/easyphoto/3921/vedro-stroitelnoe-gibkoe-shirokoe-dlt-10l-tip-rubberbuck-art-2904-3.jpg,,,,,,,,,,,,,,,,,,,,,,,,,,,,,,,,,,,,,,,,,,,,,"
"Ведро строительное гибкое с носиком, DLT, 12л (факт. 12л), тип RUBBERBUCK, арт.2905",Гибкие ведра и гибкие ёмкости,2905,752.36,"https://dlt.by/image/catalog/easyphoto/3922/vedro-stroitelnoe-gibkoe-s-nosikom-dlt-12l-tip-rubberbuck-art-2905-3.jpg,,,,,,,,,,,,,,,,,,,,,,,,,,,,,,,,,,,,,,,,,,,,,"
"Ведро строительное гибкое с плоским краем, DLT, 17л (факт. 15,5л), тип RUBBERBUCK, арт.2906",Гибкие ведра и гибкие ёмкости,2906,1 315.12,"https://dlt.by/image/catalog/easyphoto/3923/vedro-stroitelnoe-gibkoe-s-ploskim-kraem-dlt-17l-tip-rubberbuck-art-2906-4.jpg,,,,,,,,,,,,,,,,,,,,,,,,,,,,,,,,,,,,,,,,,,,,,"
"Ведро гибкое с крышкой, DLT, 70л (факт. 65л), тип RUBBERBUCK, арт.2912",Гибкие ведра и гибкие ёмкости,2912,5 122.04,"https://dlt.by/image/catalog/easyphoto/3924/vedro-gibkoe-s-kryshkoy-dlt-70l-tip-rubberbuck-art-2912-3.jpg,,,,,,,,,,,,,,,,,,,,,,,,,,,,,,,,,,,,,,,,,,,,,"
"Ведро строительное гибкое, DLT, 10л (факт. 8,8л), тип RUBBERBUCK, арт.2903",Гибкие ведра и гибкие ёмкости,2903,641.01,"https://dlt.by/image/catalog/easyphoto/3925/vedro-stroitelnoe-gibkoe-dlt-10l-tip-rubberbuck-art-2903-3.jpg,,,,,,,,,,,,,,,,,,,,,,,,,,,,,,,,,,,,,,,,,,,,,"
"Ведро строительное гибкое, DLT, 14л (факт. 13л), тип AGRO, арт.2908",Гибкие ведра и гибкие ёмкости,2908,1 008.16,"https://dlt.by/image/catalog/easyphoto/3926/vedro-stroitelnoe-gibkoe-dlt-14l-tip-agro-art-2908-3.jpg,,,,,,,,,,,,,,,,,,,,,,,,,,,,,,,,,,,,,,,,,,,,,"
"Кювета круглая строительная гибкая, DLT, 60л (факт. 57л), тип RUBTUB, арт.2907",Гибкие ведра и гибкие ёмкости,2907,3 460.84,"https://dlt.by/image/catalog/easyphoto/3927/kyuveta-kruglaya-stroitelnaya-gibkaya-dlt-60l-tip-rubtub-art-2907-3.jpg,,,,,,,,,,,,,,,,,,,,,,,,,,,,,,,,,,,,,,,,,,,,,"
"Ведро строительное гибкое с носиком, DLT, 10л (факт. 10л), тип INDUSTRY, арт.2909",Гибкие ведра и гибкие ёмкости,2909,791.48,"https://dlt.by/image/catalog/easyphoto/3928/vedro-stroitelnoe-gibkoe-s-nosikom-dlt-10l-tip-industry-art-2909-4.jpg,,,,,,,,,,,,,,,,,,,,,,,,,,,,,,,,,,,,,,,,,,,,,"
"Ёмкость строительная гибкая для каменщиков, DLT, 55л (факт. 49л), тип BRICKLAY, арт.2910",Гибкие ведра и гибкие ёмкости,2910,2 573.06,"https://dlt.by/image/catalog/easyphoto/3929/emkost-stroitelnaya-gibkaya-dlya-kamenshchikov-dlt-55l-tip-bricklay-art-2910-5.jpg,,,,,,,,,,,,,,,,,,,,,,,,,,,,,,,,,,,,,,,,,,,,,"
"Ёмкость строительная гибкая для каменщиков, DLT, 90л (факт. 81л), тип BRICKLAY, арт.2911",Гибкие ведра и гибкие ёмкости,2911,4 441.91,"https://dlt.by/image/catalog/easyphoto/3930/emkost-stroitelnaya-gibkaya-dlya-kamenshchikov-dlt-90l-tip-bricklay-art-2911-3.jpg,,,,,,,,,,,,,,,,,,,,,,,,,,,,,,,,,,,,,,,,,,,,,"
"Тарелка для шлифмашины MAX-XT, ультражесткая, арт.3354",Шлифовальные машины для стен/потолков/пола,3354,1 956.12,"https://dlt.by/image/catalog/easyphoto/4259/tarelka-dlya-shlifmashiny-max-xt-zhestkaya-6.jpg,,,,,,,,,,,,,,,,,,,,,,,,,,,,,,,,,,,,,,,,,,,,,"
"Запасная кнопка переключения для гравера DLT G-100, арт.2162",Запчасти,2162,306.96,"https://dlt.by/image/catalog/easyphoto/3933/zapasnaya-knopka-pereklyucheniya-dlya-gravera-dlt-g-100-art-2162-2.jpg,,,,,,,,,,,,,,,,,,,,,,,,,,,,,,,,,,,,,,,,,,,,,"
"Запасной регулятор скорости для гравера DLT G-100, арт.2172",Запчасти,2172,367.15,"https://dlt.by/image/catalog/easyphoto/3934/zapasnoy-regulyator-skorosti-dlya-gravera-dlt-g-100-art-2172-2.jpg,,,,,,,,,,,,,,,,,,,,,,,,,,,,,,,,,,,,,,,,,,,,,"
"Запасные щетки двигателя гравера DLT G-100, арт.2182",Запчасти,2182,306.96,"https://dlt.by/image/catalog/easyphoto/3935/zapasnye-shchetki-dvigatelya-gravera-dlt-g-100-art-2182-2.jpg,,,,,,,,,,,,,,,,,,,,,,,,,,,,,,,,,,,,,,,,,,,,,"
"Запасной ротор двигателя гравера DLT G-100, арт.3238 (в сборе)",Запчасти,3238,1 053.30,"https://dlt.by/image/catalog/easyphoto/3937/zapasnoy-rotor-dvigatelya-gravera-dlt-g-100-art-3238-v-sbore-2.jpg,,,,,,,,,,,,,,,,,,,,,,,,,,,,,,,,,,,,,,,,,,,,,"
"Запасная присоска плиткореза DLT MAXSLim для гладких, матовых и рельефных поверхностей, арт.2610",Запчасти>Системы резки крупноформата,2610,306.96,"https://dlt.by/image/catalog/easyphoto/3938/zapasnaya-prisoska-plitkoreza-dlt-maxslim-dlya-gladkih-matovyh-i-relefnyh-poverhnostey-3.jpg,,,,,,,,,,,,,,,,,,,,,,,,,,,,,,,,,,,,,,,,,,,,,"
"Разделитель (сепаратор) для плиткореза DLT MAXSLim, арт.2611",Плиткорезы ручные>Аксессуары для ручных плиткорезов>Разделители (сепараторы),2611,2 106.60,"https://dlt.by/image/catalog/easyphoto/3939/razdelitel-separator-dlya-plitkoreza-dlt-maxslim-art-2611-2.jpg,,,,,,,,,,,,,,,,,,,,,,,,,,,,,,,,,,,,,,,,,,,,,"
"Запасной электродвигатель для плиткореза DLT SlimTronic, 3200мм, арт.1269",Запчасти>Электрические плиткорезы для крупноформатной плитки>DLT SlimTronic,1269,12 639.57,"https://dlt.by/image/catalog/easyphoto/4062/zapasnoy-elektrodvigatel-dlya-plitkoreza-dlt-slimtronic-3200mm-3.jpg,,,,,,,,,,,,,,,,,,,,,,,,,,,,,,,,,,,,,,,,,,,,,"
"Тарелка опорная Ø50мм для гравера DLT G-100, арт.3239",Инструмент для укладки плитки>Круг алмазный гибкий шлифовальный,3239,451.41,"https://dlt.by/image/catalog/easyphoto/3941/tarelka-opornaya-dlt-dlya-almaznyh-cherepashek-50mm-poliuretanovaya-vazhno-kontsevik-6mm-2.png,,,,,,,,,,,,,,,,,,,,,,,,,,,,,,,,,,,,,,,,,,,,,"
"Быстрозажимная насадка-патрон для гравера и бормашинки DLT, арт.3226",Инструмент для укладки плитки>Круг алмазный гибкий шлифовальный,3226,451.41,"https://dlt.by/image/catalog/easyphoto/3942/bystrozazhimnaya-nasadka-patron-dlya-gravera-i-bormashinki-dlt-art-3226-3.jpg,,,,,,,,,,,,,,,,,,,,,,,,,,,,,,,,,,,,,,,,,,,,,"
"Зажим для системы выравнивания плитки (СВП) BIHUI 1,5мм, 250шт, арт.BLS2250",Система выравнивания плитки (СВП)>СВП BIHUI,BLS2250,842.64,"https://dlt.by/image/catalog/easyphoto/3960/zazhim-dlya-sistemy-vyravnivaniya-plitki-svp-bihui-1-5mm-250sht-art-bls2250-2.jpg,,,,,,,,,,,,,,,,,,,,,,,,,,,,,,,,,,,,,,,,,,,,,"
"Кусачки для плитки BIHUI, арт. TND8",Инструмент для укладки плитки>Щипцы и кусачки для плитки ,TND8,713.23,"https://dlt.by/image/catalog/easyphoto/3948/kusachki-dlya-plitki-bihui-art-tnd8-3.jpg,,,,,,,,,,,,,,,,,,,,,,,,,,,,,,,,,,,,,,,,,,,,,"
"Кювета для краски/крышка для ведра Rollingdog 9” (23-28см), серия Professional, арт.20077",Акции на строительный инструмент,20077 (ycenka),276.87,"https://dlt.by/image/catalog/easyphoto/2321/kyuveta-dlya-kraski-kryshka-dlya-vedra-rollingdog-9-23-28sm-seriya-professional-art-20077-12.jpg,,,,,,,,,,,,,,,,,,,,,,,,,,,,,,,,,,,,,,,,,,,,,"
"Запасная каретка на плиткорезов DLT MAXLINE (часть 1), арт.3290",Запчасти>Плиткорезы ручные,3290,2 858.95,"https://dlt.by/image/catalog/easyphoto/3954/zapasnaya-karetka-na-plitkorezov-dlt-maxline-chast-1-2.jpg,,,,,,,,,,,,,,,,,,,,,,,,,,,,,,,,,,,,,,,,,,,,,"
"Зажим для системы выравнивания плитки (СВП) BIHUI 1мм, 250шт, арт.BLS1250",Система выравнивания плитки (СВП)>СВП BIHUI,BLS1250,812.54,"https://dlt.by/image/catalog/easyphoto/3961/zazhim-dlya-sistemy-vyravnivaniya-plitki-svp-bihui-1mm-250sht-art-bls1250-2.jpg,,,,,,,,,,,,,,,,,,,,,,,,,,,,,,,,,,,,,,,,,,,,,"
"Пылеотвод для запила плитки под 45° от SpeedQuality, арт.3262",Акции на строительный инструмент,3262,3 611.31,"https://dlt.by/image/catalog/easyphoto/3959/pyleotvod-dlya-zapila-plitki-pod-45-ot-speedquality-art-3262-2.jpg,,,,,,,,,,,,,,,,,,,,,,,,,,,,,,,,,,,,,,,,,,,,,"
"Зажим для системы выравнивания плитки (СВП) BIHUI 1мм, 500шт, арт.BLS1500",Система выравнивания плитки (СВП)>СВП BIHUI,BLS1500,1 444.52,"https://dlt.by/image/catalog/easyphoto/3962/zazhim-dlya-sistemy-vyravnivaniya-plitki-svp-bihui-1mm-500sht-art-bls1500-1.jpg,,,,,,,,,,,,,,,,,,,,,,,,,,,,,,,,,,,,,,,,,,,,,"
"Зажим для системы выравнивания плитки (СВП) BIHUI 1,5мм, 500шт., арт.BLS2500",Система выравнивания плитки (СВП)>СВП BIHUI,BLS2500,1 504.71,"https://dlt.by/image/catalog/easyphoto/3963/zazhim-dlya-sistemy-vyravnivaniya-plitki-svp-bihui-1-5mm-500sht-art-bls2500-1.jpg,,,,,,,,,,,,,,,,,,,,,,,,,,,,,,,,,,,,,,,,,,,,,"
"Клин для системы выравнивания плитки (СВП) BIHUI 250шт., арт.BLSE250",Система выравнивания плитки (СВП)>СВП BIHUI,BLSE250,1 625.09,"https://dlt.by/image/catalog/easyphoto/3965/klin-dlya-sistemy-vyravnivaniya-plitki-svp-bihui-250sht-art-blse250-1.jpg,,,,,,,,,,,,,,,,,,,,,,,,,,,,,,,,,,,,,,,,,,,,,"
"Зажим для системы выравнивания плитки (СВП) BIHUI 2мм, 250шт, арт.BLSN250",Система выравнивания плитки (СВП)>СВП BIHUI,BLSN250,902.83,"https://dlt.by/image/catalog/easyphoto/3966/zazhim-dlya-sistemy-vyravnivaniya-plitki-svp-bihui-2mm-250sht-art-blsn250-1.jpg,,,,,,,,,,,,,,,,,,,,,,,,,,,,,,,,,,,,,,,,,,,,,"
"Зажим для системы выравнивания плитки (СВП) BIHUI 0,5мм, 100шт, арт.BLSS100",Система выравнивания плитки (СВП)>СВП BIHUI,BLSS100,367.15,"https://dlt.by/image/catalog/easyphoto/3967/zazhim-dlya-sistemy-vyravnivaniya-plitki-svp-bihui-0-5mm-100sht-art-blss100-2.jpg,,,,,,,,,,,,,,,,,,,,,,,,,,,,,,,,,,,,,,,,,,,,,"
Кейс для алмазных коронок №5,Уцененные товары,0211(ycenka),4 363.66,"https://dlt.by/image/catalog/tovar/nabordlti9plitok/keysi/nom5/kejs_5_2__.jpg,,,,,,,,,,,,,,,,,,,,,,,,,,,,,,,,,,,,,,,,,,,,,"
"Подстолье складное BIHUI 2,3м х 1,2м, арт.LFFT",Инструмент для укладки плитки>Строительные столы/верстаки/подстолья,LFFT,21 065.96,"https://dlt.by/image/catalog/easyphoto/3971/podstole-skladnoe-dlt-sorokonozhka-1-5m-h-1-5m-new-3.jpg,,,,,,,,,,,,,,,,,,,,,,,,,,,,,,,,,,,,,,,,,,,,,"
"Коронка алмазная по керамограниту BIHUI, 15мм (вакуумная пайка), арт.DBDF15",Алмазная оснастка>Алмазные коронки для плитки>Алмазные коронки по керамограниту (вакуумная пайка),DBDF15,1 053.30,"https://dlt.by/image/catalog/easyphoto/3973/koronka-almaznaya-po-keramogranitu-bihui-15mm-vakuumnaya-payka-art-dbdf15-8.jpg,,,,,,,,,,,,,,,,,,,,,,,,,,,,,,,,,,,,,,,,,,,,,"
"Коронка алмазная по керамограниту BIHUI, 16мм (вакуумная пайка), арт.DBDF16",Алмазная оснастка>Алмазные коронки для плитки>Алмазные коронки по керамограниту (вакуумная пайка),DBDF16,1 113.49,"https://dlt.by/image/catalog/easyphoto/3974/koronka-almaznaya-po-keramogranitu-bihui-16mm-vakuumnaya-payka-art-dbdf16-7.jpg,,,,,,,,,,,,,,,,,,,,,,,,,,,,,,,,,,,,,,,,,,,,,"
"Коронка алмазная по керамограниту BIHUI, 18мм (вакуумная пайка), арт.DBDF18",Алмазная оснастка>Алмазные коронки для плитки>Алмазные коронки по керамограниту (вакуумная пайка),DBDF18,1 143.58,"https://dlt.by/image/catalog/easyphoto/3975/koronka-almaznaya-po-keramogranitu-bihui-18mm-vakuumnaya-payka-art-dbdf18-7.jpg,,,,,,,,,,,,,,,,,,,,,,,,,,,,,,,,,,,,,,,,,,,,,"
"Коронка алмазная по керамограниту BIHUI, 22мм (вакуумная пайка), арт.DBDF22",Алмазная оснастка>Алмазные коронки для плитки>Алмазные коронки по керамограниту (вакуумная пайка),DBDF22,1 233.86,"https://dlt.by/image/catalog/easyphoto/3976/koronka-almaznaya-po-keramogranitu-bihui-22mm-vakuumnaya-payka-art-dbdf22-9.jpg,,,,,,,,,,,,,,,,,,,,,,,,,,,,,,,,,,,,,,,,,,,,,"
"Коронка алмазная по керамограниту BIHUI, 25мм (вакуумная пайка), арт.DBDF25",Алмазная оснастка>Алмазные коронки для плитки>Алмазные коронки по керамограниту (вакуумная пайка),DBDF25,1 263.96,"https://dlt.by/image/catalog/easyphoto/3977/koronka-almaznaya-po-keramogranitu-bihui-25mm-vakuumnaya-payka-art-dbdf25-9.jpg,,,,,,,,,,,,,,,,,,,,,,,,,,,,,,,,,,,,,,,,,,,,,"
"Коронка алмазная по керамограниту BIHUI, 43мм (вакуумная пайка), арт.DBDF43",Алмазная оснастка>Алмазные коронки для плитки>Алмазные коронки по керамограниту (вакуумная пайка),DBDF43,2 106.60,"https://dlt.by/image/catalog/easyphoto/3978/koronka-almaznaya-po-keramogranitu-bihui-43m-vakuumnaya-payka-art-dbdf43-10.jpg,,,,,,,,,,,,,,,,,,,,,,,,,,,,,,,,,,,,,,,,,,,,,"
"Охлаждающий гель для сухого сверления BIHUI, арт.DBCW30",Алмазная оснастка>Аксессуары для алмазных коронок,DBCW30,246.77,"https://dlt.by/image/catalog/easyphoto/3979/ohlazhdayushchiy-gel-dlya-suhogo-sverleniya-bihui-art-dbcw30-3.jpg,,,,,,,,,,,,,,,,,,,,,,,,,,,,,,,,,,,,,,,,,,,,,"
"Алмазный диск BIHUI B-SLIM, 115мм, арт.DCDS115",Алмазная оснастка>Алмазные диски>Алмазные диски по керамике/керамограниту/граниту/мрамору,DCDS115,1 956.12,"https://dlt.by/image/catalog/easyphoto/3980/almaznyy-disk-bihui-b-slim-115mm-art-dcds115-2.jpg,,,,,,,,,,,,,,,,,,,,,,,,,,,,,,,,,,,,,,,,,,,,,"
"Диск алмазный BIHUI B-VELOCITY, 125мм, арт.DCDV125",Алмазная оснастка>Алмазные диски>Алмазные диски по керамике/керамограниту/граниту/мрамору,DCDV125,2 798.76,"https://dlt.by/image/catalog/easyphoto/3981/disk-almaznyy-bihui-b-velocity-125mm-art-dcdv125-4.jpg,,,,,,,,,,,,,,,,,,,,,,,,,,,,,,,,,,,,,,,,,,,,,"
"Алмазный гибкий круг (черепашка) BIHUI Ø100мм, #100, арт.DPP410",Инструмент для укладки плитки>Круг алмазный гибкий шлифовальный>АГШК #100,DPP410,932.92,"https://dlt.by/image/catalog/easyphoto/3982/almaznyy-gibkiy-krug-cherepashka-bihui-100mm-100-art-dpp410-2.jpg,,,,,,,,,,,,,,,,,,,,,,,,,,,,,,,,,,,,,,,,,,,,,"
"Фреза алмазная конусная (сверло шарошка алмазное коническое) BIHUI, 35-75мм, арт.DMF3575",Алмазная оснастка>Алмазные коронки для плитки>Конусные алмазные фрезы,DMF3575,3 761.78,"https://dlt.by/image/catalog/easyphoto/3983/freza-almaznaya-konusnaya-sverlo-sharoshka-almaznoe-konicheskoe-bihui-35-75mm-art-dmf3575-4.jpg,,,,,,,,,,,,,,,,,,,,,,,,,,,,,,,,,,,,,,,,,,,,,"
"Система водяного охлаждения для плиткореза BIHUI, арт.LFEC5-CP",Плиткорезы электрические (камнерезы/мокрорезы)>Аксессуары для электрических плиткорезов,LFEC5-CP,5 416.96,"https://dlt.by/image/catalog/easyphoto/3984/sistema-vodyanogo-ohlazhdeniya-dlya-plitkoreza-bihui-art-lfec5-cp-2.jpg,,,,,,,,,,,,,,,,,,,,,,,,,,,,,,,,,,,,,,,,,,,,,"
"Запасное основание чаши для присоски BIHUI, арт.LFTBA-RB",Запчасти>Присоски вибро>BIHUI,LFTBA-RB,752.36,"https://dlt.by/image/catalog/easyphoto/3985/zapasnoe-osnovanie-chashi-dlya-prisoski-bihui-art-lftba-rb-3.jpg,,,,,,,,,,,,,,,,,,,,,,,,,,,,,,,,,,,,,,,,,,,,,"
"Слайдер АК77 для шин (плиткорезов) DLT MAXSLim и Sigma, арт. 3852",Плиткорезы ручные>Плиткорезы для крупноформатной плитки,3852,15 919.85,"https://dlt.by/image/catalog/easyphoto/4316/slayder-ak77-dlya-shin-plitkorezov-dlt-maxslim-i-sigma-art-3852-8.jpg,,,,,,,,,,,,,,,,,,,,,,,,,,,,,,,,,,,,,,,,,,,,,"
"Запасное основание чаши для присоски BIHUI, арт.LFTBV-RB",Запчасти>Присоски вибро>BIHUI,LFTBV-RB,782.45,"https://dlt.by/image/catalog/easyphoto/3986/zapasnoe-osnovanie-chashi-dlya-prisoski-bihui-art-lftbv-rb-3.jpg,,,,,,,,,,,,,,,,,,,,,,,,,,,,,,,,,,,,,,,,,,,,,"
"Насадка для смесителя (миксера) BIHUI, арт.MPD760",Акции на строительный инструмент,MPD760,1 053.30,"https://dlt.by/image/catalog/easyphoto/3987/nasadka-dlya-smesitelya-miksera-bihui-art-mpd760-4.jpg,,,,,,,,,,,,,,,,,,,,,,,,,,,,,,,,,,,,,,,,,,,,,"
"Инструмент для раскатки мембраны под плитку BIHUI 500 мм, арт.UMR500",Бренды>BIHUI Tools Инструмент для укладки плитки Бихуэй (бихуй),UMR500,11 887.22,"https://dlt.by/image/catalog/easyphoto/3988/instrument-dlya-raskatki-membrany-pod-plitku-bihui-art-umr330-1.jpg,,,,,,,,,,,,,,,,,,,,,,,,,,,,,,,,,,,,,,,,,,,,,"
"Алмазная коронка-фреза BIHUI, 20-40мм, арт.DMM20",Алмазная оснастка>Алмазные коронки для плитки,DMM20,2 377.44,"https://dlt.by/image/catalog/easyphoto/4077/almaznaya-koronka-freza-bihui-20-40mm-art-dmm20-2.jpg,,,,,,,,,,,,,,,,,,,,,,,,,,,,,,,,,,,,,,,,,,,,,"
Ручка пластиковая для виброприсоски DLT SUABU/VIBRO Mini арт. 1193,Запчасти>Присоски вибро>DLT SUABU/VIBRO Mini,1193,306.96,"https://dlt.by/image/catalog/easyphoto/3989/ruchka-plastikovaya-dlya-vibroprisoski-dlt-suabu-vibro-mini-art-1193-2.jpg,,,,,,,,,,,,,,,,,,,,,,,,,,,,,,,,,,,,,,,,,,,,,"
Запасная плата управления виброприсоски DLT SUABU/VIBRO Mini арт.3240 ,Запчасти>Присоски вибро>DLT SUABU/VIBRO Mini,3240,692.17,"https://dlt.by/image/catalog/easyphoto/3990/zapasnaya-plata-upravleniya-vibroprisoski-dlt-suabu-vibro-mini-art-3240-2.jpg,,,,,,,,,,,,,,,,,,,,,,,,,,,,,,,,,,,,,,,,,,,,,"
"Набор алмазного инструемнта BIHUI (16 предметов), арт.DBDFS16",Алмазная оснастка>Алмазные диски>Алмазные диски по керамике/керамограниту/граниту/мрамору,DBDFS16,24 677.27,"https://dlt.by/image/catalog/easyphoto/3991/nabor-almaznogo-instruemnta-bihui-16-predmetov-art-dbdfs16-5.jpg,,,,,,,,,,,,,,,,,,,,,,,,,,,,,,,,,,,,,,,,,,,,,"
"Губка двухсторонняя строительная для затирки BIHUI 180 * 110 * 65 мм, арт.CFHC180",Инструмент для укладки плитки>Губки ,CFHC180,276.87,"https://dlt.by/image/catalog/easyphoto/3992/gubka-stroitelnaya-dlya-zatirki-bihui-poliuretan-art-cfhc180-2.jpg,,,,,,,,,,,,,,,,,,,,,,,,,,,,,,,,,,,,,,,,,,,,,"
"Ручной шлифовальный блок с пылеотводом DLT серия GrandFlex, 69*400мм, арт. 3038",Акции на строительный инструмент,3038,2 166.78,"https://dlt.by/image/catalog/easyphoto/3993/ruchnoy-shlifovalnyy-blok-s-pyleotvodom-dlt-seriya-grandflex-69-400mm-art-3038-2.jpg,,,,,,,,,,,,,,,,,,,,,,,,,,,,,,,,,,,,,,,,,,,,,"
"Ручной шлифовальный блок с пылеотводом DLT серия GrandFlex, 69*124мм, арт. 3036",Акции на строительный инструмент,3036,1 053.30,"https://dlt.by/image/catalog/easyphoto/3994/ruchnoy-shlifovalnyy-blok-s-pyleotvodom-dlt-seriya-grandflex-69-124mm-art-3036-2.jpg,,,,,,,,,,,,,,,,,,,,,,,,,,,,,,,,,,,,,,,,,,,,,"
"Губка строительная для затирки BIHUI 160 * 100 * 60 мм, арт.CFHB160",Инструмент для укладки плитки>Губки ,CFHB160,246.77,"https://dlt.by/image/catalog/easyphoto/3995/gubka-stroitelnaya-dlya-zatirki-bihui-poliuretan-art-cfhb160-2.jpg,,,,,,,,,,,,,,,,,,,,,,,,,,,,,,,,,,,,,,,,,,,,,"
"Ручной шлифовальный блок с пылеотводом DLT серия GrandFlex, 69*197мм, арт. 3037",Малярный и штукатурный инструмент>Абразивные материалы>Шлифовальные блоки и шайбы/наборы,3037,1 263.96,"https://dlt.by/image/catalog/easyphoto/3996/ruchnoy-shlifovalnyy-blok-s-pyleotvodom-dlt-seriya-grandflex-69-197mm-art-3037-2.jpg,,,,,,,,,,,,,,,,,,,,,,,,,,,,,,,,,,,,,,,,,,,,,"
"Диск для скругления плитки BIHUI Ø75мм, толщина 10мм, #50/60, арт.DGV310",Алмазная оснастка>Алмазные диски>Алмазные диски для скругления и ступеней,DGV310,1 203.77,"https://dlt.by/image/catalog/easyphoto/3997/disk-dlya-skrugleniya-plitki-bihui-75mm-tolshchina-10mm-50-60-art-dgv310-9.jpg,,,,,,,,,,,,,,,,,,,,,,,,,,,,,,,,,,,,,,,,,,,,,"
"Диск для скругления плитки BIHUI Ø75мм, толщина 20мм, #50/60, арт.DGV320",Алмазная оснастка>Алмазные диски>Алмазные диски для скругления и ступеней,DGV320,1 354.24,"https://dlt.by/image/catalog/easyphoto/3998/disk-dlya-skrugleniya-plitki-bihui-75mm-tolshchina-20mm-50-60-art-dgv320-7.jpg,,,,,,,,,,,,,,,,,,,,,,,,,,,,,,,,,,,,,,,,,,,,,"
"Диск радиусный BIHUI Ø75мм, толщина 10мм, #50/60, арт.DGR310",Алмазная оснастка>Алмазные диски>Алмазные диски для скругления и ступеней,DGR310,1 053.30,"https://dlt.by/image/catalog/easyphoto/3999/disk-radiusnyy-bihui-75mm-tolshchina-10mm-50-60-art-dgr310-8.jpg,,,,,,,,,,,,,,,,,,,,,,,,,,,,,,,,,,,,,,,,,,,,,"
Диск алмазный DLT для ступеней тип №1 арт.1694,Алмазная оснастка>Алмазные диски>Алмазные диски для электрических плиткорезов,1694,11 887.22,"https://dlt.by/image/catalog/easyphoto/4002/disk-almaznyy-dlt-dlya-stupeney-tip-1-art-1694-2.jpg,,,,,,,,,,,,,,,,,,,,,,,,,,,,,,,,,,,,,,,,,,,,,"
Диск алмазный DLT для ступеней тип №2 арт.1712,Алмазная оснастка>Алмазные диски>Алмазные диски для электрических плиткорезов,1712,12 940.52,"https://dlt.by/image/catalog/easyphoto/4003/disk-almaznyy-dlt-dlya-stupeney-tip-2-art-1712-2.jpg,,,,,,,,,,,,,,,,,,,,,,,,,,,,,,,,,,,,,,,,,,,,,"
"Диск алмазный DLT для ступеней тип №3, арт.1713",Алмазная оснастка>Алмазные диски>Алмазные диски для электрических плиткорезов,1713,2 708.48,"https://dlt.by/image/catalog/easyphoto/4004/disk-almaznyy-dlt-dlya-stupeney-tip-3-art-1713-2.jpg,,,,,,,,,,,,,,,,,,,,,,,,,,,,,,,,,,,,,,,,,,,,,"
"Диск алмазный DLT для ступеней тип №4, арт.1714",Алмазная оснастка>Алмазные диски>Алмазные диски для электрических плиткорезов,1714,8 426.38,"https://dlt.by/image/catalog/easyphoto/4005/disk-almaznyy-dlt-dlya-stupeney-tip-4-art-1714-2.jpg,,,,,,,,,,,,,,,,,,,,,,,,,,,,,,,,,,,,,,,,,,,,,"
"Плиткорез DLT PROLINE, рез до 1000мм, арт.0960",Плиткорезы ручные>Плиткорезы DLT,960,15 047.11,"https://dlt.by/image/catalog/easyphoto/4127/plitkorez-dlt-proline-rez-do-1000mm-1.jpg,,,,,,,,,,,,,,,,,,,,,,,,,,,,,,,,,,,,,,,,,,,,,"
"Набор алмазных иголок (фрез) для гравера DLT, 1мм, 20шт, арт.2936",Алмазная оснастка>Алмазные диски>Алмазные диски для гравера,2936,1 805.65,"https://dlt.by/image/catalog/easyphoto/4007/nabor-almaznyh-igolok-frez-dlya-gravera-dlt-1mm-20sht-3.jpg,,,,,,,,,,,,,,,,,,,,,,,,,,,,,,,,,,,,,,,,,,,,,"
"Набор алмазных иголок (фрез) для гравера DLT, 1,5мм, 20шт, арт.2937",Алмазная оснастка>Алмазные диски>Алмазные диски для гравера,2937,1 805.65,"https://dlt.by/image/catalog/easyphoto/4008/nabor-almaznyh-igolok-frez-dlya-gravera-dlt-1-5mm-20sht-3.jpg,,,,,,,,,,,,,,,,,,,,,,,,,,,,,,,,,,,,,,,,,,,,,"
"Набор алмазных иголок (фрез) для гравера DLT, 1,8мм, 20шт, арт.2938",Алмазная оснастка>Алмазные диски>Алмазные диски для гравера,2938,1 805.65,"https://dlt.by/image/catalog/easyphoto/4009/nabor-almaznyh-igolok-frez-dlya-gravera-dlt-1-8mm-20sht-3.jpg,,,,,,,,,,,,,,,,,,,,,,,,,,,,,,,,,,,,,,,,,,,,,"
"Тарелка опорная DLT для алмазных черепашек Ø50мм (полиуретановая ), для УШМ, арт.2939",Инструмент для укладки плитки>Круг алмазный гибкий шлифовальный,2939,337.06,"https://dlt.by/image/catalog/easyphoto/4010/tarelka-opornaya-dlt-dlya-almaznyh-cherepashek-50mm-poliuretanovaya-na-drel-5.jpg,,,,,,,,,,,,,,,,,,,,,,,,,,,,,,,,,,,,,,,,,,,,,"
" Тарелка опорная DLT для алмазных черепашек Ø50мм (полиуретановая ), концевик 3,2мм, арт.2940",Инструмент для укладки плитки>Круг алмазный гибкий шлифовальный,2940,186.58,"https://dlt.by/image/catalog/easyphoto/4011/tarelka-opornaya-dlt-dlya-almaznyh-cherepashek-50mm-poliuretanovaya-kontsevik-3-2mm-2.jpg,,,,,,,,,,,,,,,,,,,,,,,,,,,,,,,,,,,,,,,,,,,,,"
"Набор алмазных дисков для гравера DLT, вакуумная пайка, 10шт, 40мм, концевик 6мм., арт.2637",Алмазная оснастка>Алмазные диски>Алмазные диски для гравера,2637,1 956.12,"https://dlt.by/image/catalog/easyphoto/4013/nabor-almaznyh-diskov-dlya-gravera-dlt-vakuumnaya-payka-10sht-40mm-kontsevik-6mm-4.jpg,,,,,,,,,,,,,,,,,,,,,,,,,,,,,,,,,,,,,,,,,,,,,"
"Набор алмазных дисков для гравера DLT, вакуумная пайка, 10шт, 50мм, концевик 6мм., арт.2638",Алмазная оснастка>Алмазные диски>Алмазные диски для гравера,2638,2 076.50,"https://dlt.by/image/catalog/easyphoto/4014/nabor-almaznyh-diskov-dlya-gravera-dlt-vakuumnaya-payka-10sht-50mm-kontsevik-6mm-2.jpg,,,,,,,,,,,,,,,,,,,,,,,,,,,,,,,,,,,,,,,,,,,,,"
"Алмазный гибкий шлифовальный круг DLT №20, #30, 100мм, арт.2921",Инструмент для укладки плитки>Круг алмазный гибкий шлифовальный>АГШК #30,2921,601.88,"https://dlt.by/image/catalog/easyphoto/4015/almaznyy-gibkiy-shlifovalnyy-krug-dlt-20-30-100mm-3.jpg,,,,,,,,,,,,,,,,,,,,,,,,,,,,,,,,,,,,,,,,,,,,,"
"Алмазный гибкий шлифовальный круг DLT №21, #100, 100мм, арт.2928",Инструмент для укладки плитки>Круг алмазный гибкий шлифовальный>АГШК #100,2928,601.88,"https://dlt.by/image/catalog/easyphoto/4016/almaznyy-gibkiy-shlifovalnyy-krug-dlt-21-100-100mm-3.jpg,,,,,,,,,,,,,,,,,,,,,,,,,,,,,,,,,,,,,,,,,,,,,"
"Алмазный гибкий шлифовальный круг DLT №22, #100, 100мм, арт.2933",Инструмент для укладки плитки>Круг алмазный гибкий шлифовальный>АГШК #100,2933,601.88,"https://dlt.by/image/catalog/easyphoto/4017/almaznyy-gibkiy-shlifovalnyy-krug-dlt-22-100-100mm-3.jpg,,,,,,,,,,,,,,,,,,,,,,,,,,,,,,,,,,,,,,,,,,,,,"
"Алмазный гибкий шлифовальный круг DLT №20, #50, 100мм, арт.2922",Инструмент для укладки плитки>Круг алмазный гибкий шлифовальный>АГШК #50-60,2922,601.88,"https://dlt.by/image/catalog/easyphoto/4018/almaznyy-gibkiy-shlifovalnyy-krug-dlt-20-50-100mm-2.jpg,,,,,,,,,,,,,,,,,,,,,,,,,,,,,,,,,,,,,,,,,,,,,"
"Алмазный гибкий шлифовальный круг DLT №20, #100, 100мм, арт.2923",Инструмент для укладки плитки>Круг алмазный гибкий шлифовальный>АГШК #100,2923,601.88,"https://dlt.by/image/catalog/easyphoto/4019/almaznyy-gibkiy-shlifovalnyy-krug-dlt-20-100-100mm-2.jpg,,,,,,,,,,,,,,,,,,,,,,,,,,,,,,,,,,,,,,,,,,,,,"
"Алмазный гибкий шлифовальный круг DLT №20, #200, 100мм, арт.2924",Инструмент для укладки плитки>Круг алмазный гибкий шлифовальный>АГШК #200,2924,601.88,"https://dlt.by/image/catalog/easyphoto/4020/almaznyy-gibkiy-shlifovalnyy-krug-dlt-20-200-100mm-4.jpg,,,,,,,,,,,,,,,,,,,,,,,,,,,,,,,,,,,,,,,,,,,,,"
"Алмазный гибкий шлифовальный круг DLT №20, #400, 100мм, арт.2925",Инструмент для укладки плитки>Круг алмазный гибкий шлифовальный>АГШК #400,2925,601.88,"https://dlt.by/image/catalog/easyphoto/4021/almaznyy-gibkiy-shlifovalnyy-krug-dlt-20-400-100mm-2.jpg,,,,,,,,,,,,,,,,,,,,,,,,,,,,,,,,,,,,,,,,,,,,,"
"Алмазный гибкий шлифовальный круг DLT №21, #30, 100мм, арт.2926",Инструмент для укладки плитки>Круг алмазный гибкий шлифовальный>АГШК #30,2926,601.88,"https://dlt.by/image/catalog/easyphoto/4022/almaznyy-gibkiy-shlifovalnyy-krug-dlt-21-30-100mm-2.jpg,,,,,,,,,,,,,,,,,,,,,,,,,,,,,,,,,,,,,,,,,,,,,"
"Алмазный гибкий шлифовальный круг DLT №21, #50, 100мм, арт.2927",Инструмент для укладки плитки>Круг алмазный гибкий шлифовальный>АГШК #50-60,2927,601.88,"https://dlt.by/image/catalog/easyphoto/4023/almaznyy-gibkiy-shlifovalnyy-krug-dlt-21-50-100mm-2.jpg,,,,,,,,,,,,,,,,,,,,,,,,,,,,,,,,,,,,,,,,,,,,,"
"Алмазный гибкий шлифовальный круг DLT №21, #200, 100мм, арт.2929",Инструмент для укладки плитки>Круг алмазный гибкий шлифовальный>АГШК #200,2929,601.88,"https://dlt.by/image/catalog/easyphoto/4024/almaznyy-gibkiy-shlifovalnyy-krug-dlt-21-200-100mm-2.jpg,,,,,,,,,,,,,,,,,,,,,,,,,,,,,,,,,,,,,,,,,,,,,"
"Алмазный гибкий шлифовальный круг DLT №21, #400, 100мм, арт.2930",Инструмент для укладки плитки>Круг алмазный гибкий шлифовальный>АГШК #400,2930,601.88,"https://dlt.by/image/catalog/easyphoto/4025/almaznyy-gibkiy-shlifovalnyy-krug-dlt-21-400-100mm-2.jpg,,,,,,,,,,,,,,,,,,,,,,,,,,,,,,,,,,,,,,,,,,,,,"
"Алмазный гибкий шлифовальный круг DLT №22, #30, 100мм, арт.2931",Инструмент для укладки плитки>Круг алмазный гибкий шлифовальный>АГШК #30,2931,601.88,"https://dlt.by/image/catalog/easyphoto/4026/almaznyy-gibkiy-shlifovalnyy-krug-dlt-22-30-100mm-2.jpg,,,,,,,,,,,,,,,,,,,,,,,,,,,,,,,,,,,,,,,,,,,,,"
"Алмазный гибкий шлифовальный круг DLT №22, #50, 100мм, арт.2932",Инструмент для укладки плитки>Круг алмазный гибкий шлифовальный>АГШК #50-60,2932,601.88,"https://dlt.by/image/catalog/easyphoto/4027/almaznyy-gibkiy-shlifovalnyy-krug-dlt-22-50-100mm-2.jpg,,,,,,,,,,,,,,,,,,,,,,,,,,,,,,,,,,,,,,,,,,,,,"
"Алмазный гибкий шлифовальный круг DLT №22, #200, 100мм, арт.2934",Инструмент для укладки плитки>Круг алмазный гибкий шлифовальный>АГШК #200,2934,601.88,"https://dlt.by/image/catalog/easyphoto/4028/almaznyy-gibkiy-shlifovalnyy-krug-dlt-22-200-100mm-2.jpg,,,,,,,,,,,,,,,,,,,,,,,,,,,,,,,,,,,,,,,,,,,,,"
"Алмазный гибкий шлифовальный круг DLT №22, #400, 100мм, арт.2935",Инструмент для укладки плитки>Круг алмазный гибкий шлифовальный>АГШК #400,2935,601.88,"https://dlt.by/image/catalog/easyphoto/4029/almaznyy-gibkiy-shlifovalnyy-krug-dlt-22-400-100mm-2.jpg,,,,,,,,,,,,,,,,,,,,,,,,,,,,,,,,,,,,,,,,,,,,,"
"Плиткорез электрический DLT OptiTronic Auto-1200, версия MAX, арт.2829",Плиткорезы электрические (камнерезы/мокрорезы)>Плиткорезы DLT,2829,144 452.29,"https://dlt.by/image/catalog/easyphoto/4328/plitkorez-elektricheskiy-dlt-optitronic-auto-1200-versiya-max-art-2829-1.jpg,,,,,,,,,,,,,,,,,,,,,,,,,,,,,,,,,,,,,,,,,,,,,"
"Ведро гибкое с крышкой, DLT, 70л (факт. 65л), тип RUBBERBUCK, арт.2912",Гибкие ведра и гибкие ёмкости,2912 (ycenka),5 116.02,"https://dlt.by/image/catalog/easyphoto/4030/vedro-gibkoe-s-kryshkoy-dlt-70l-tip-rubberbuck-art-2912-1.jpg,,,,,,,,,,,,,,,,,,,,,,,,,,,,,,,,,,,,,,,,,,,,,"
"Шлифмашина Жираф MAX-XT R7202-F, арт.3339",Шлифовальные машины для стен/потолков/пола,3339,21 968.79,"https://dlt.by/image/catalog/easyphoto/4252/shlifmashina-zhiraf-max-xt-r7202-f-11.jpg,,,,,,,,,,,,,,,,,,,,,,,,,,,,,,,,,,,,,,,,,,,,,"
"Диск алмазный КАТАNА X-Type Elite 115мм, арт.3299",Алмазная оснастка>Алмазные диски>Алмазные диски по керамике/керамограниту/граниту/мрамору,3299,1 805.65,"https://dlt.by/image/catalog/easyphoto/4034/almaznyy-disk-katana-x-type-125mm-4.jpg,,,,,,,,,,,,,,,,,,,,,,,,,,,,,,,,,,,,,,,,,,,,,"
"Диск алмазный КАТАNА X-Type Elite 125мм, арт.3297",Алмазная оснастка>Алмазные диски>Алмазные диски по керамике/керамограниту/граниту/мрамору,3297,1 926.03,"https://dlt.by/image/catalog/easyphoto/4035/disk-almaznyy-katana-x-type-elite-115mm-3.jpg,,,,,,,,,,,,,,,,,,,,,,,,,,,,,,,,,,,,,,,,,,,,,"
"Диск алмазный КАТАNА Tsunami 125мм, арт.3315",Алмазная оснастка>Алмазные диски>Алмазные диски по керамике/керамограниту/граниту/мрамору,3315,2 166.78,"https://dlt.by/image/catalog/easyphoto/4036/disk-almaznyy-katana-tsunami-125mm-3.jpg,,,,,,,,,,,,,,,,,,,,,,,,,,,,,,,,,,,,,,,,,,,,,"
"Переходник универсальный для пылесоса BIHUI, арт.VCB38-06",Шлифовальные машины для стен/потолков/пола,VCB38-06,391.22,"https://dlt.by/image/catalog/easyphoto/4101/perehodnik-universalnyy-dlya-pylesosa-bihui-art-vcb38-06-2.jpg,,,,,,,,,,,,,,,,,,,,,,,,,,,,,,,,,,,,,,,,,,,,,"
"Диск алмазный для заусовки КАТАNА SHURIKEN 115 мм, арт.3313",Алмазная оснастка>Алмазные диски>Алмазные диски для заусовки плитки под 45°,3313,3 069.61,"https://dlt.by/image/catalog/easyphoto/4037/disk-almaznyy-dlya-zausovki-katana-shuriken-115-mm-2.jpg,,,,,,,,,,,,,,,,,,,,,,,,,,,,,,,,,,,,,,,,,,,,,"
"Диск алмазный КАТАNА ESTA 125 мм, арт.3312",Алмазная оснастка>Алмазные диски>Алмазные диски по керамике/керамограниту/граниту/мрамору,3312,3 310.36,"https://dlt.by/image/catalog/easyphoto/4038/disk-almaznyy-katana-esta-125-mm-2.jpg,,,,,,,,,,,,,,,,,,,,,,,,,,,,,,,,,,,,,,,,,,,,,"
"Диск алмазный КАТАNА LOTUS для шлифовки 125 мм, на фланце М14, арт.3305",Алмазная оснастка>Алмазные диски>Универсальные шлифовально-отрезные алмазные диски,3305,2 377.44,"https://dlt.by/image/catalog/easyphoto/4039/disk-almaznyy-katana-lotus-dlya-shlifovki-125-mm-na-flantse-m14-4.jpg,,,,,,,,,,,,,,,,,,,,,,,,,,,,,,,,,,,,,,,,,,,,,"
"Алмазная коронка 6мм KATANA DIAMOND CORE BIT, арт.3303",Алмазная оснастка>Алмазные коронки для плитки,3303,1 053.30,"https://dlt.by/image/catalog/easyphoto/4040/almaznaya-koronka-po-keramogranitu-dlt-ceramic-pro-6mm-5.jpg,,,,,,,,,,,,,,,,,,,,,,,,,,,,,,,,,,,,,,,,,,,,,"
"Алмазная коронка 8мм KATANA DIAMOND CORE BIT, арт.3302",Алмазная оснастка>Алмазные коронки для плитки,3302,1 053.30,"https://dlt.by/image/catalog/easyphoto/4041/almaznaya-koronka-6mm-katana-diamond-core-bit-2.jpg,,,,,,,,,,,,,,,,,,,,,,,,,,,,,,,,,,,,,,,,,,,,,"
"Алмазная коронка 10мм KATANA DIAMOND CORE BIT, арт.3301",Алмазная оснастка>Алмазные коронки для плитки,3301,1 173.67,"https://dlt.by/image/catalog/easyphoto/4042/almaznaya-koronka-8mm-katana-diamond-core-bit-2.jpg,,,,,,,,,,,,,,,,,,,,,,,,,,,,,,,,,,,,,,,,,,,,,"
"Алмазная коронка 20мм KATANA DIAMOND CORE BIT, арт.3298",Алмазная оснастка>Алмазные коронки для плитки,3298,1 294.05,"https://dlt.by/image/catalog/easyphoto/4043/almaznaya-koronka-10mm-katana-diamond-core-bit-4.jpg,,,,,,,,,,,,,,,,,,,,,,,,,,,,,,,,,,,,,,,,,,,,,"
"Алмазная коронка 68мм KATANA DIAMOND CORE BIT, арт.3306",Алмазная оснастка>Алмазные коронки для плитки>Алмазные коронки по керамограниту (вакуумная пайка),3306,3 310.36,"https://dlt.by/image/catalog/easyphoto/4044/almaznaya-koronka-68mm-katana-diamond-core-bit-3.jpg,,,,,,,,,,,,,,,,,,,,,,,,,,,,,,,,,,,,,,,,,,,,,"
"Алмазная коронка 55мм KATANA DIAMOND CORE BIT, арт.3311",Алмазная оснастка>Алмазные коронки для плитки>Алмазные коронки по керамограниту (вакуумная пайка),3311,2 678.39,"https://dlt.by/image/catalog/easyphoto/4045/almaznaya-koronka-55mm-katana-diamond-core-bit-1.jpg,,,,,,,,,,,,,,,,,,,,,,,,,,,,,,,,,,,,,,,,,,,,,"
"Алмазная коронка 40мм KATANA DIAMOND CORE BIT, арт.3310",Алмазная оснастка>Алмазные коронки для плитки>Алмазные коронки по керамограниту (вакуумная пайка),3310,2 437.63,"https://dlt.by/image/catalog/easyphoto/4046/almaznaya-koronka-40mm-katana-diamond-core-bit-1.jpg,,,,,,,,,,,,,,,,,,,,,,,,,,,,,,,,,,,,,,,,,,,,,"
"Алмазная коронка 38мм KATANA DIAMOND CORE BIT, арт.3309",Алмазная оснастка>Алмазные коронки для плитки>Алмазные коронки по керамограниту (вакуумная пайка),3309,1 865.84,"https://dlt.by/image/catalog/easyphoto/4047/almaznaya-koronka-38mm-katana-diamond-core-bit-1.jpg,,,,,,,,,,,,,,,,,,,,,,,,,,,,,,,,,,,,,,,,,,,,,"
"Алмазная коронка 25мм KATANA DIAMOND CORE BIT, арт.3308",Алмазная оснастка>Алмазные коронки для плитки>Алмазные коронки по керамограниту (вакуумная пайка),3308,1 233.86,"https://dlt.by/image/catalog/easyphoto/4048/almaznaya-koronka-25mm-katana-diamond-core-bit-2.jpg,,,,,,,,,,,,,,,,,,,,,,,,,,,,,,,,,,,,,,,,,,,,,"
"Фреза конусообразная 2-38мм КАТАNА , арт.3304",Алмазная оснастка>Алмазные коронки для плитки>Конусные алмазные фрезы,3304,2 407.54,"https://dlt.by/image/catalog/easyphoto/4049/almaznaya-konusnaya-freza-dlt-ceramic-cone-pro-2-38mm-4.jpg,,,,,,,,,,,,,,,,,,,,,,,,,,,,,,,,,,,,,,,,,,,,,"
"Алмазная коронка 12мм KATANA DIAMOND CORE BIT, арт.3300",Алмазная оснастка>Алмазные коронки для плитки>Алмазные коронки по керамограниту (вакуумная пайка),3300,0.00,"https://dlt.by/image/catalog/easyphoto/4050/almaznaya-koronka-25mm-katana-diamond-core-bit-5.jpg,,,,,,,,,,,,,,,,,,,,,,,,,,,,,,,,,,,,,,,,,,,,,"
"Фреза конусообразная 3-75 мм КАТАNА , арт.3307",Акции на строительный инструмент,3307,7 824.50,"https://dlt.by/image/catalog/easyphoto/4051/freza-konusoobraznaya-3-75-mm-katana-5.jpg,,,,,,,,,,,,,,,,,,,,,,,,,,,,,,,,,,,,,,,,,,,,,"
"Зажим (СВП) 1.5мм PLM NORMA 500 шт., арт.3293",Система выравнивания плитки (СВП)>СВП Profi Level Master ,3293,993.11,"https://dlt.by/image/catalog/easyphoto/4052/zazhim-svp-1-5mm-plm-norma-500-sht-5.jpg,,,,,,,,,,,,,,,,,,,,,,,,,,,,,,,,,,,,,,,,,,,,,"
"Зажим (СВП) 1.5мм PLM NORMA 100 шт., арт.3294",Система выравнивания плитки (СВП)>СВП Profi Level Master ,3294,246.77,"https://dlt.by/image/catalog/easyphoto/4053/zazhim-svp-1-5mm-plm-norma-100-sht-3.jpg,,,,,,,,,,,,,,,,,,,,,,,,,,,,,,,,,,,,,,,,,,,,,"
"Зажим (СВП) 1мм PLM PICO 500 шт., арт.3295",Система выравнивания плитки (СВП)>СВП Profi Level Master ,3295,1 053.30,"https://dlt.by/image/catalog/easyphoto/4054/zazhim-svp-1mm-plm-pico-500-sht-4.jpg,,,,,,,,,,,,,,,,,,,,,,,,,,,,,,,,,,,,,,,,,,,,,"
"Зажим (СВП) 1мм PLM PICO 100 шт., арт.3296",Система выравнивания плитки (СВП)>СВП Profi Level Master,3296,246.77,"https://dlt.by/image/catalog/easyphoto/4055/zazhim-svp-1mm-plm-pico-100-sht-3.jpg,,,,,,,,,,,,,,,,,,,,,,,,,,,,,,,,,,,,,,,,,,,,,"
"Плиткорез механический BIHUI серии INCISE рез до 750 мм, арт.TCA750",Плиткорезы ручные>Плиткорезы BIHUI,TCA750,35 511.19,"https://dlt.by/image/catalog/easyphoto/4064/plitkorez-mehanicheskiy-bihui-incise-750mm-art-tca750-5.jpg,,,,,,,,,,,,,,,,,,,,,,,,,,,,,,,,,,,,,,,,,,,,,"
"Плиткорез механический BIHUI рез до 1200мм, арт.TCC1200",Плиткорезы ручные>Плиткорезы BIHUI,TCC1200,22 871.61,"https://dlt.by/image/catalog/easyphoto/4065/plitkorez-mehanicheskiy-bihui-1200mm-art-tcc1200-2.jpg,,,,,,,,,,,,,,,,,,,,,,,,,,,,,,,,,,,,,,,,,,,,,"
"Киянка резиновая BIHUI, арт.RMWO24",Плиткорезы ручные,RMWO24,812.54,"https://dlt.by/image/catalog/easyphoto/4066/kiyanka-rezinovaya-bihui-art-rmwo24-3.jpg,,,,,,,,,,,,,,,,,,,,,,,,,,,,,,,,,,,,,,,,,,,,,"
"Перчатки антивибрационные BIHUI, размер 10(XL), арт.TGAVXL",Акции на строительный инструмент,TGAVXL,1 233.86,"https://dlt.by/image/catalog/easyphoto/4067/perchatki-antivibratsionnye-bihui-razmer-10-xl-art-tgavxl-2.jpg,,,,,,,,,,,,,,,,,,,,,,,,,,,,,,,,,,,,,,,,,,,,,"
"Гребенка BIHUI 480х120мм, зуб 12мм, арт.PTSM12",Шпателя для механизированной шпатлевки>Зубчатые шпатели (гребенки),PTSM12,1 474.62,"https://dlt.by/image/catalog/easyphoto/4068/grebenka-bihui-480h120mm-zub-12mm-art-ptsm12-3.jpg,,,,,,,,,,,,,,,,,,,,,,,,,,,,,,,,,,,,,,,,,,,,,"
"Гребенка BIHUI 480х120мм, зуб 8мм, арт.PTSM08",Шпателя для механизированной шпатлевки>Зубчатые шпатели (гребенки),PTSM08,1 474.62,"https://dlt.by/image/catalog/easyphoto/4069/grebenka-bihui-480h120mm-zub-8mm-art-ptsm08-1.jpg,,,,,,,,,,,,,,,,,,,,,,,,,,,,,,,,,,,,,,,,,,,,,"
"Гребенка BIHUI 480х120мм, зуб 10мм, арт.PTSM10",Шпателя для механизированной шпатлевки>Зубчатые шпатели (гребенки),PTSM10,1 474.62,"https://dlt.by/image/catalog/easyphoto/4070/grebenka-bihui-480h120mm-zub-10mm-art-ptsm10-1.jpg,,,,,,,,,,,,,,,,,,,,,,,,,,,,,,,,,,,,,,,,,,,,,"
"Запасной ротор для шлифмашина по бетону BIHUI, арт.CG1900-50",Запчасти>Шлифмашина по бетону BIHUI,CG1900-50,6 018.85,"https://dlt.by/image/catalog/easyphoto/4071/zapasnoy-rotor-dlya-shlifmashina-po-betonu-bihui-art-cg1900-50-3.jpg,,,,,,,,,,,,,,,,,,,,,,,,,,,,,,,,,,,,,,,,,,,,,"
"Ручка сменная BIHUI 220х68 мм, арт.PTSGSH",Шпателя для механизированной шпатлевки>Зубчатые шпатели (гребенки),PTSGSH,993.11,"https://dlt.by/image/catalog/easyphoto/4072/ruchka-smennaya-bihui-220h68-mm-art-ptsgsh-2.jpg,,,,,,,,,,,,,,,,,,,,,,,,,,,,,,,,,,,,,,,,,,,,,"
"Гладилка для стяжки BIHUI 450х100мм, арт.FTPT450",Акции на строительный инструмент,FTPT450,1 474.62,"https://dlt.by/image/catalog/easyphoto/4073/gladilka-dlya-styazhki-bihui-450h100mm-art-ftpt450-2.jpg,,,,,,,,,,,,,,,,,,,,,,,,,,,,,,,,,,,,,,,,,,,,,"
"Гладилка для стяжки BIHUI 300х100мм, арт.FTPT300",Акции на строительный инструмент,FTPT300,963.02,"https://dlt.by/image/catalog/easyphoto/4074/gladilka-dlya-styazhki-bihui-300h100mm-art-ftpt300-4.jpg,,,,,,,,,,,,,,,,,,,,,,,,,,,,,,,,,,,,,,,,,,,,,"
"Диск алмазный шлифовальный универсальный BIHUI #200, арт.DPF200",Алмазная оснастка>Алмазные диски>Чашки алмазные шлифовальные (алмазные фрезы),DPF200,5 868.37,"https://dlt.by/image/catalog/easyphoto/4075/disk-almaznyy-shlifovalnyy-universalnyy-bihui-200-art-dpf200-6.jpg,,,,,,,,,,,,,,,,,,,,,,,,,,,,,,,,,,,,,,,,,,,,,"
"Диск алмазный шлифовальный универсальный BIHUI #60, арт.DPF060",Алмазная оснастка>Алмазные диски>Чашки алмазные шлифовальные (алмазные фрезы),DPF060,6 470.26,"https://dlt.by/image/catalog/easyphoto/4076/disk-almaznyy-shlifovalnyy-universalnyy-bihui-60-art-dpf060-6.jpg,,,,,,,,,,,,,,,,,,,,,,,,,,,,,,,,,,,,,,,,,,,,,"
"Алмазная коронка-фреза BIHUI, 35-55мм, арт.DMM35",Алмазная оснастка>Алмазные коронки для плитки,DMM35,3 220.08,"https://dlt.by/image/catalog/easyphoto/4078/almaznaya-koronka-freza-bihui-35-55mm-art-dmm35-1.jpg,,,,,,,,,,,,,,,,,,,,,,,,,,,,,,,,,,,,,,,,,,,,,"
"Алмазная коронка-фреза BIHUI, 50-70мм, арт.DMM50",Алмазная оснастка>Алмазные коронки для плитки,DMM50,4 062.72,"https://dlt.by/image/catalog/easyphoto/4079/almaznaya-koronka-freza-bihui-50-70mm-art-dmm50-1.jpg,,,,,,,,,,,,,,,,,,,,,,,,,,,,,,,,,,,,,,,,,,,,,"
"Алмазная коронка-фреза BIHUI, 68-88мм, арт.DMM68",Алмазная оснастка>Алмазные коронки для плитки,DMM68,4 965.55,"https://dlt.by/image/catalog/easyphoto/4080/almaznaya-koronka-freza-bihui-68-88mm-art-dmm68-1.jpg,,,,,,,,,,,,,,,,,,,,,,,,,,,,,,,,,,,,,,,,,,,,,"
"Коронка алмазная по керамограниту BIHUI, 57мм (вакуумная пайка), арт.DBDF57",Алмазная оснастка>Алмазные коронки для плитки>Алмазные коронки по керамограниту (вакуумная пайка),DBDF57,2 678.39,"https://dlt.by/image/catalog/easyphoto/4081/koronka-almaznaya-po-keramogranitu-bihui-57mm-vakuumnaya-payka-art-dbdf57-2.jpg,,,,,,,,,,,,,,,,,,,,,,,,,,,,,,,,,,,,,,,,,,,,,"
"Коронка алмазная по керамограниту BIHUI, 32мм (вакуумная пайка), арт.DBDF32",Алмазная оснастка>Алмазные коронки для плитки>Алмазные коронки по керамограниту (вакуумная пайка),DBDF32,1 655.18,"https://dlt.by/image/catalog/easyphoto/4082/koronka-almaznaya-po-keramogranitu-bihui-32mm-vakuumnaya-payka-art-dbdf32-1.jpg,,,,,,,,,,,,,,,,,,,,,,,,,,,,,,,,,,,,,,,,,,,,,"
"Коронка алмазная для плитки и камня BIHUI, 6мм (вакуумная пайка точной формы), арт.DBDB06",Алмазная оснастка>Алмазные коронки для плитки>Алмазные коронки по керамограниту (вакуумная пайка),DBDB06,1 444.52,"https://dlt.by/image/catalog/easyphoto/4083/koronka-almaznaya-dlya-plitki-i-kamnya-bihui-6mm-vakuumnaya-payka-tochnoy-formy-art-dbdb06-4.jpg,,,,,,,,,,,,,,,,,,,,,,,,,,,,,,,,,,,,,,,,,,,,,"
"Коронка алмазная для плитки и камня BIHUI, 8мм (вакуумная пайка точной формы), арт.DBDB08",Алмазная оснастка>Алмазные коронки для плитки>Алмазные коронки по керамограниту (вакуумная пайка),DBDB08,1 414.43,"https://dlt.by/image/catalog/easyphoto/4085/koronka-almaznaya-dlya-plitki-i-kamnya-bihui-8mm-vakuumnaya-payka-tochnoy-formy-art-dbdb08-2.jpg,,,,,,,,,,,,,,,,,,,,,,,,,,,,,,,,,,,,,,,,,,,,,"
"Коронка алмазная для плитки и камня BIHUI, 10мм (вакуумная пайка точной формы), арт.DBDB10",Алмазная оснастка>Алмазные коронки для плитки,DBDB10,1 414.43,"https://dlt.by/image/catalog/easyphoto/4086/koronka-almaznaya-dlya-plitki-i-kamnya-bihui-10mm-vakuumnaya-payka-tochnoy-formy-art-dbdb10-1.jpg,,,,,,,,,,,,,,,,,,,,,,,,,,,,,,,,,,,,,,,,,,,,,"
"Коронка алмазная для плитки и камня BIHUI, 12мм (вакуумная пайка точной формы), арт.DBDB12",Алмазная оснастка>Алмазные коронки для плитки>Алмазные коронки по керамограниту (вакуумная пайка),DBDB12,1 474.62,"https://dlt.by/image/catalog/easyphoto/4087/koronka-almaznaya-dlya-plitki-i-kamnya-bihui-12mm-vakuumnaya-payka-tochnoy-formy-art-dbdb12-1.jpg,,,,,,,,,,,,,,,,,,,,,,,,,,,,,,,,,,,,,,,,,,,,,"
"Коронка алмазная для плитки и камня BIHUI, 20мм (вакуумная пайка точной формы), арт.DBDB20",Алмазная оснастка>Алмазные коронки для плитки,DBDB20,1 414.43,"https://dlt.by/image/catalog/easyphoto/4088/koronka-almaznaya-dlya-plitki-i-kamnya-bihui-20mm-vakuumnaya-payka-tochnoy-formy-art-dbdb20-2.jpg,,,,,,,,,,,,,,,,,,,,,,,,,,,,,,,,,,,,,,,,,,,,,"
"Коронка алмазная для плитки и камня BIHUI, 25мм (вакуумная пайка точной формы), арт.DBDB25",Алмазная оснастка>Алмазные коронки для плитки,DBDB25,1 474.62,"https://dlt.by/image/catalog/easyphoto/4089/koronka-almaznaya-dlya-plitki-i-kamnya-bihui-25mm-vakuumnaya-payka-tochnoy-formy-art-dbdb25-1.jpg,,,,,,,,,,,,,,,,,,,,,,,,,,,,,,,,,,,,,,,,,,,,,"
"Коронка алмазная для плитки и камня BIHUI, 35мм (вакуумная пайка точной формы), арт.DBDB35",Алмазная оснастка>Алмазные коронки для плитки,DBDB35,1 956.12,"https://dlt.by/image/catalog/easyphoto/4090/koronka-almaznaya-dlya-plitki-i-kamnya-bihui-35mm-vakuumnaya-payka-tochnoy-formy-art-dbdb35-1.jpg,,,,,,,,,,,,,,,,,,,,,,,,,,,,,,,,,,,,,,,,,,,,,"
"Электрическая присоска BIHUI с АВТО подкачкой, для гладкой и рельефной поверхности, Ø8 дюймов, арт.SCBC8 ",Инструмент для укладки плитки>Присоски для плитки и стекла>Электрические присоски и поршни,SCBC8,6 169.32,"https://dlt.by/image/catalog/easyphoto/4091/prisoska-elektricheskaya-bihui-s-avto-podkachkoy-8-dyuymov-art-scbc8-5.jpg,,,,,,,,,,,,,,,,,,,,,,,,,,,,,,,,,,,,,,,,,,,,,"
"Стойка рекламная BIHUI, арт.BDSP02",Стеллажи для инструментов,BDSP02,21 065.96,"https://dlt.by/image/catalog/easyphoto/4092/stoyka-reklamnaya-bihui-art-bdsp02-4.jpg,,,,,,,,,,,,,,,,,,,,,,,,,,,,,,,,,,,,,,,,,,,,,"
"Гребенка BIHUI 160х115мм, зуб 6мм, арт.PTMN06",Акции на строительный инструмент,PTMN06,631.98,"https://dlt.by/image/catalog/easyphoto/4094/grebenka-bihui-160h115mm-zub-6mm-art-ptmn06-4.jpg,,,,,,,,,,,,,,,,,,,,,,,,,,,,,,,,,,,,,,,,,,,,,"
"Насадка для смесителя (миксера) BIHUI, арт.MPGZ160",Малярный и штукатурный инструмент>Венчики и насадки строительные,MPGZ160,1 143.58,"https://dlt.by/image/catalog/easyphoto/4095/nasadka-dlya-smesitelya-miksera-bihui-art-mpgz160-8.jpg,,,,,,,,,,,,,,,,,,,,,,,,,,,,,,,,,,,,,,,,,,,,,"
"Насадка для смесителя (миксера) BIHUI, арт.MPSC160",Малярный и штукатурный инструмент>Венчики и насадки строительные,MPSC160,1 143.58,"https://dlt.by/image/catalog/easyphoto/4097/nasadka-dlya-smesitelya-miksera-bihui-art-mpsc160-4.jpg,,,,,,,,,,,,,,,,,,,,,,,,,,,,,,,,,,,,,,,,,,,,,"
"Насадка для смесителя (миксера) BIHUI, арт.MPSC120",Малярный и штукатурный инструмент>Венчики и насадки строительные,MPSC120,993.11,"https://dlt.by/image/catalog/easyphoto/4098/nasadka-dlya-smesitelya-miksera-bihui-art-mpsc120-3.jpg,,,,,,,,,,,,,,,,,,,,,,,,,,,,,,,,,,,,,,,,,,,,,"
"Запасной кабель питания гравера DLT G-100, арт.3241",Запчасти>Граверы,3241,306.96,"https://dlt.by/image/catalog/easyphoto/4102/zapasnoy-rotor-dvigatelya-gravera-dlt-g-100-art-3238-v-sbore-1.jpg,,,,,,,,,,,,,,,,,,,,,,,,,,,,,,,,,,,,,,,,,,,,,"
"Угловое соединение для стеллажа DLT, арт.3554",Стеллажи для инструментов,3554,18 116.72,"https://dlt.by/image/catalog/easyphoto/4103/uglovoe-soedinenie-dlya-stellazha-dlt-4.png,,,,,,,,,,,,,,,,,,,,,,,,,,,,,,,,,,,,,,,,,,,,,"
"Пылеотвод для прямого реза от SpeedQuality, арт.3359",Инструмент для укладки плитки>Кожухи для УШМ/Пылеуловители/Кондукторы,3359,2 858.95,"https://dlt.by/image/catalog/easyphoto/4104/pyleotvod-dlya-pryamogo-reza-ot-speedquality-art-3359-2.jpg,,,,,,,,,,,,,,,,,,,,,,,,,,,,,,,,,,,,,,,,,,,,,"
"Ведро строительное гибкое (фиолетовое), 40л, арт.88729",Бренды>RUBI Плиткорезы и оборудование для укладки Руби,88729,987.09,"https://dlt.by/image/catalog/easyphoto/4107/vedro-stroitelnoe-gibkoe-fioletovoe-40l-art-88729-3.jpg,,,,,,,,,,,,,,,,,,,,,,,,,,,,,,,,,,,,,,,,,,,,,"
"Ведро строительное гибкое (темно-зеленое), 40л, арт.88728",Бренды>RUBI Плиткорезы и оборудование для укладки Руби,88728,987.09,"https://dlt.by/image/catalog/easyphoto/4108/vedro-stroitelnoe-gibkoe-temno-zelenoe-40l-art-88728-2.jpg,,,,,,,,,,,,,,,,,,,,,,,,,,,,,,,,,,,,,,,,,,,,,"
"Ведро строительное гибкое (красное), 40л, арт.88726",Бренды>RUBI Плиткорезы и оборудование для укладки Руби,88726,963.02,"https://dlt.by/image/catalog/easyphoto/4109/vedro-stroitelnoe-gibkoe-krasnoe-40l-art-88726-2.jpg,,,,,,,,,,,,,,,,,,,,,,,,,,,,,,,,,,,,,,,,,,,,,"
"Лазерный уровень SHIJING E801-4D, арт.2634",Лазерные нивелиры (лазерные уровни)>4D,2634,10 081.57,"https://dlt.by/image/catalog/easyphoto/4110/lazernyy-uroven-shijing-e801-4d-3.jpg,,,,,,,,,,,,,,,,,,,,,,,,,,,,,,,,,,,,,,,,,,,,,"
"Запасной электродвигатель для присоски электрической DLT VST-22 , арт.3221",Запчасти>Присоски электрические>DLT VST-22,3221,451.41,"https://dlt.by/image/catalog/easyphoto/4111/zapasnoy-elektrodvigatel-dlya-prisoski-elektricheskoy-dlt-p618a-w-2.jpg,,,,,,,,,,,,,,,,,,,,,,,,,,,,,,,,,,,,,,,,,,,,,"
"Запасной клапан сброса вакуума для присоски электрической DLT VST-22, арт.3224",Запчасти>Присоски электрические>DLT VST-22,3224,306.96,"https://dlt.by/image/catalog/easyphoto/4112/zapasnoy-klapan-sbrosa-vakuuma-dlya-prisoski-elektricheskoy-dlt-p618a-w-3.jpg,,,,,,,,,,,,,,,,,,,,,,,,,,,,,,,,,,,,,,,,,,,,,"
"Запасной клапан фиксации вакуума для присоски электрической DLT VST-22, арт.3225",Запчасти>Присоски электрические>DLT VST-22,3225,306.96,"https://dlt.by/image/catalog/easyphoto/4113/zapasnoy-klapan-fiksatsii-vakuuma-dlya-prisoski-elektricheskoy-dlt-p618a-w-4.jpg,,,,,,,,,,,,,,,,,,,,,,,,,,,,,,,,,,,,,,,,,,,,,"
"Плиткорез электрический DLT OptiTronic Auto-1600 (версия PRO) с АВТОМАТИКОЙ , арт.2625",Плиткорезы электрические (камнерезы/мокрорезы)>Плиткорезы DLT,2625,159 499.40,"https://dlt.by/image/catalog/easyphoto/4116/plitkorez-elektricheskiy-dlt-optitronic-auto-1600-versiya-pro-s-avtomatikoy-5.jpg,,,,,,,,,,,,,,,,,,,,,,,,,,,,,,,,,,,,,,,,,,,,,"
"Запасная плата управления для присоски электрической DLT VST-22, арт.3222",Запчасти>Присоски электрические>DLT VST-22,3222,601.88,"https://dlt.by/image/catalog/easyphoto/4114/zapasnaya-plata-upravleniya-dlya-prisoski-elektricheskoy-dlt-p618a-w-4.jpg,,,,,,,,,,,,,,,,,,,,,,,,,,,,,,,,,,,,,,,,,,,,,"
"Запасная кнопка для присоски электрической DLT VST-22, арт.3223",Запчасти>Присоски электрические>DLT VST-22,3223,306.96,"https://dlt.by/image/catalog/easyphoto/4115/zapasnaya-knopka-dlya-prisoski-elektricheskoy-dlt-p618a-w-3.jpg,,,,,,,,,,,,,,,,,,,,,,,,,,,,,,,,,,,,,,,,,,,,,"
"Плиткорез DLT MAXLINE, рез до 2400мм",Плиткорезы ручные>Плиткорезы DLT,2916 (ycenka),64 702.59,"https://dlt.by/image/catalog/tovar/dlt_maxline/new/1.jpg,,,,,,,,,,,,,,,,,,,,,,,,,,,,,,,,,,,,,,,,,,,,,"
"Набор алмазных фрез BIHUI (6 предметов), арт.DBDFS6",Акции на строительный инструмент,DBDFS6,10 532.98,"https://dlt.by/image/catalog/easyphoto/4289/nabor-almaznyh-frez-bihui-6-predmetov-art-dbdfs6-1.jpg,,,,,,,,,,,,,,,,,,,,,,,,,,,,,,,,,,,,,,,,,,,,,"