Название,Родительская категория>Подкатегория>Подподкатегория,Артикул,ЦенаRUB,
"Кондуктор (шаблон) для алмазных коронок Ø4-115мм, арт.0791",Алмазная оснастка>Алмазные коронки для плитки,791,1 113.49,"https://dlt.by/image/catalog/easyphoto/1683/konduktor-dlya-almaznyh-koronok-4-115mm-2.jpg,https://dlt.by/image/catalog/easyphoto/1683/konduktor-dlya-almaznyh-koronok-4-115mm-3.jpg,https://dlt.by/image/catalog/easyphoto/1683/konduktor-dlya-almaznyh-koronok-4-115mm-4.jpg,https://dlt.by/image/catalog/easyphoto/1683/konduktor-dlya-almaznyh-koronok-4-115mm-5.jpg,https://dlt.by/image/catalog/easyphoto/1683/konduktor-dlya-almaznyh-koronok-4-115mm-6.jpg,https://dlt.by/image/catalog/easyphoto/1683/konduktor-dlya-almaznyh-koronok-4-115mm-7.jpg,https://dlt.by/image/catalog/easyphoto/1683/konduktor-dlya-almaznyh-koronok-4-115mm-8.jpg,https://dlt.by/image/catalog/easyphoto/1683/konduktor-dlya-almaznyh-koronok-4-115mm-9.jpg,,,,,,,,,,,,,,,,,,,,,,,,,,,,,,,,,,,,,,"
"АГШК DLT №10, для сухой шлифовки, #400, 100мм, арт.1296",Инструмент для укладки плитки>Круг алмазный гибкий шлифовальный,1296,511.60,"https://dlt.by/image/catalog/easyphoto/1684/agshk-dlt-10-dlya-suhoy-shlifovki-400-100mm-3.jpg,https://dlt.by/image/catalog/easyphoto/1684/agshk-dlt-10-dlya-suhoy-shlifovki-400-100mm-4.jpg,https://dlt.by/image/catalog/easyphoto/1684/agshk-dlt-10-dlya-suhoy-shlifovki-400-100mm-6.jpg,https://dlt.by/image/catalog/easyphoto/1684/agshk-dlt-10-dlya-suhoy-shlifovki-400-100mm-5.jpg,,,,,,,,,,,,,,,,,,,,,,,,,,,,,,,,,,,,,,,,,,"
"Гильотина для резки ламината Magnusson 320 , арт.0922",Резаки для ламината,0922,9 178.74,"https://dlt.by/image/catalog/image/catalog/tovar/magnusson320/r1.jpg,https://dlt.by/image/catalog/tovar/magnusson320/r2.jpg,https://dlt.by/image/catalog/tovar/magnusson320/r3.jpg,https://dlt.by/image/catalog/tovar/magnusson320/r4.jpg,https://dlt.by/image/catalog/tovar/magnusson320/r5.jpg,https://dlt.by/image/catalog/tovar/magnusson320/r6.jpg,https://dlt.by/image/catalog/tovar/magnusson320/r7.jpg,https://dlt.by/image/catalog/tovar/magnusson320/r8.jpg,https://dlt.by/image/catalog/tovar/magnusson320/r9.jpg,https://dlt.by/image/catalog/tovar/magnusson320/r10.jpg,https://dlt.by/image/catalog/tovar/magnusson320/r11.jpg,https://dlt.by/image/catalog/tovar/magnusson320/r12.jpg,https://dlt.by/image/catalog/tovar/magnusson320/r13.jpg,https://dlt.by/image/catalog/tovar/magnusson320/r14.jpg,https://dlt.by/image/catalog/tovar/magnusson320/r15.jpg,https://dlt.by/image/catalog/tovar/magnusson320/r16.jpg,https://dlt.by/image/catalog/tovar/magnusson320/r17.jpg,https://dlt.by/image/catalog/tovar/magnusson320/r18.jpg,https://dlt.by/image/catalog/tovar/magnusson320/r19.jpg,https://dlt.by/image/catalog/tovar/magnusson320/r20.jpg,,,,,,,,,,,,,,,,,,,,,,,,,,"
"Подъемник для гипсокартонных листов DLT Panel Lifter 335 (подъемник ГКЛ) до 3.35 м, арт.0585",Подъемники для гипсокартона,0585,21 968.79,"https://dlt.by/image/catalog/tovar/podymnic/new/new495/1.jpg,https://dlt.by/image/catalog/tovar/podymnic/new/new335/1-0.jpg,https://dlt.by/image/catalog/tovar/podymnic/new/new335/1-01.jpg,https://dlt.by/image/catalog/tovar/podymnic/new/new335/1-1.jpg,https://dlt.by/image/catalog/tovar/podymnic/new/new335/2.jpg,https://dlt.by/image/catalog/tovar/podymnic/new/new335/2-1.jpg,https://dlt.by/image/catalog/tovar/podymnic/new/new335/2-2.jpg,https://dlt.by/image/catalog/tovar/podymnic/new/new335/2-3.jpg,https://dlt.by/image/catalog/tovar/podymnic/new/new335/2-4.jpg,https://dlt.by/image/catalog/tovar/podymnic/new/new335/2-5.jpg,https://dlt.by/image/catalog/tovar/podymnic/new/new335/2-6.jpg,https://dlt.by/image/catalog/tovar/podymnic/new/new335/2-7.jpg,https://dlt.by/image/catalog/tovar/podymnic/new/new335/2-8.jpg,https://dlt.by/image/catalog/tovar/podymnic/new/new335/2-9.jpg,https://dlt.by/image/catalog/tovar/podymnic/new/new335/2-10.jpg,https://dlt.by/image/catalog/tovar/podymnic/new/new335/2-11.jpg,https://dlt.by/image/catalog/tovar/podymnic/new/new335/2-12.jpg,https://dlt.by/image/catalog/tovar/podymnic/new/new335/2-13.jpg,https://dlt.by/image/catalog/tovar/podymnic/new/new335/img_7249-.jpg,https://dlt.by/image/catalog/tovar/podymnic/new/new335/2-15.jpg,https://dlt.by/image/catalog/tovar/podymnic/new/new335/2-16.jpg,https://dlt.by/image/catalog/tovar/podymnic/new/new335/3.jpg,https://dlt.by/image/catalog/tovar/podymnic/new/new335/103.jpg,https://dlt.by/image/catalog/tovar/podymnic/new/new335/104.jpg,https://dlt.by/image/catalog/tovar/podymnic/new/new335/105.jpg,https://dlt.by/image/catalog/tovar/podymnic/new/new335/106.jpg,,,,,,,,,,,,,,,,,,,,"
"Виброприсоска для укладки плитки DLT Vibro PRO, арт.8123",Инструмент для укладки плитки>Присоски для плитки и стекла>Вибрационные присоски,8123,9 329.21,"https://dlt.by/image/catalog/tovar/8123/new/0.jpg,https://dlt.by/image/catalog/tovar/8123/new/1.jpg,https://dlt.by/image/catalog/tovar/8123/new/1-1.jpg,https://dlt.by/image/catalog/tovar/8123/new/2.jpg,https://dlt.by/image/catalog/tovar/8123/new/3.jpg,https://dlt.by/image/catalog/tovar/8123/new/4.jpg,https://dlt.by/image/catalog/tovar/8123/new/6.jpg,https://dlt.by/image/catalog/tovar/8123/new/7.jpg,https://dlt.by/image/catalog/tovar/8123/new/8.jpg,https://dlt.by/image/catalog/tovar/8123/new/9.jpg,https://dlt.by/image/catalog/tovar/8123/new/10.jpg,https://dlt.by/image/catalog/tovar/8123/new/11.jpg,https://dlt.by/image/catalog/tovar/8123/new/12.jpg,https://dlt.by/image/catalog/tovar/8123/new/13.jpg,https://dlt.by/image/catalog/tovar/8123/new/14.jpg,https://dlt.by/image/catalog/tovar/8123/new/15.jpg,,,,,,,,,,,,,,,,,,,,,,,,,,,,,,"
"Электрический плиткорез SHIJING 9033, рез до 1200мм (с АВТОМАТИКОЙ), арт.0407",Инструмент для укладки плитки>Плиткорезы электрические (камнерезы/мокрорезы)>Плиткорезы SHIJING,0407,135 424.02,"https://dlt.by/image/catalog/tovar/shijing-dlina-reza/kombinirovannye/1200_2.jpg,https://dlt.by/image/catalog/tovar/shijing9033/new_photo_06.10/2.png,https://dlt.by/image/catalog/tovar/shijing9033/new_photo_06.10/3.png,https://dlt.by/image/catalog/tovar/shijing9033/new_photo_06.10/4.png,https://dlt.by/image/catalog/tovar/shijing9033/new_photo_06.10/5.png,https://dlt.by/image/catalog/tovar/shijing9033/new_photo_06.10/6.png,https://dlt.by/image/catalog/tovar/shijing9033/new_photo_06.10/7.png,https://dlt.by/image/catalog/tovar/shijing9033/new_photo_06.10/8.png,https://dlt.by/image/catalog/tovar/shijing9033/new_photo_06.10/9.png,https://dlt.by/image/catalog/tovar/shijing9033/new_photo_06.10/9-1.png,https://dlt.by/image/catalog/tovar/shijing9033/new_photo_06.10/9-2.png,https://dlt.by/image/catalog/tovar/shijing9033/new_photo_06.10/9-3.png,https://dlt.by/image/catalog/tovar/shijing9033/new_photo_06.10/9-4.png,https://dlt.by/image/catalog/tovar/shijing9033/new_photo_06.10/9-5.png,https://dlt.by/image/catalog/tovar/shijing9033/new_photo_06.10/9-6.png,https://dlt.by/image/catalog/tovar/shijing9033/new_photo_06.10/9-7.png,https://dlt.by/image/catalog/tovar/shijing9033/new_photo_06.10/9-8.jpg,https://dlt.by/image/catalog/tovar/shijing9033/new_photo_06.10/11.jpg,https://dlt.by/image/catalog/tovar/shijing9033/new_photo_06.10/10.jpg,https://dlt.by/image/catalog/tovar/shijing9033/new_photo_06.10/12.jpg,https://dlt.by/image/catalog/tovar/shijing9033/new_photo_06.10/13.jpg,https://dlt.by/image/catalog/tovar/shijing9033/new_photo_06.10/13-1.jpg,https://dlt.by/image/catalog/tovar/shijing9033/new_photo_06.10/13-2.jpg,https://dlt.by/image/catalog/tovar/shijing9033/new_photo_06.10/14.png,https://dlt.by/image/catalog/tovar/shijing9033/new_photo_06.10/15.png,https://dlt.by/image/catalog/tovar/shijing9033/new_photo_06.10/16.png,https://dlt.by/image/catalog/tovar/shijing9033/new_photo_06.10/16-1.png,https://dlt.by/image/catalog/tovar/shijing9033/new_photo_06.10/16-2.png,https://dlt.by/image/catalog/tovar/shijing9033/new_photo_06.10/18.png,https://dlt.by/image/catalog/tovar/shijing9033/new_photo_06.10/18-1.png,https://dlt.by/image/catalog/tovar/shijing9033/new_photo_06.10/19.png,https://dlt.by/image/catalog/tovar/shijing9033/new_photo_06.10/20.png,https://dlt.by/image/catalog/tovar/shijing9033/new_photo_06.10/20-1.png,https://dlt.by/image/catalog/tovar/shijing9033/new_photo_06.10/21.png,https://dlt.by/image/catalog/tovar/shijing9033/new_photo_06.10/21-1.png,https://dlt.by/image/catalog/tovar/shijing9033/new_photo_06.10/22.png,https://dlt.by/image/catalog/tovar/shijing9033/new_photo_06.10/23.png,https://dlt.by/image/catalog/tovar/shijing9033/new_photo_06.10/24.png,https://dlt.by/image/catalog/tovar/shijing9033/new_photo_06.10/25.png,https://dlt.by/image/catalog/tovar/shijing9033/new_photo_06.10/26.png,https://dlt.by/image/catalog/tovar/shijing9033/new_photo_06.10/27.png,https://dlt.by/image/catalog/tovar/shijing9033/new_photo_06.10/28.png,https://dlt.by/image/catalog/tovar/shijing9033/new_photo_06.10/29.jpg,https://dlt.by/image/catalog/tovar/shijing9033/new_photo_06.10/30.jpg,https://dlt.by/image/catalog/tovar/shijing9033/new_photo_06.10/30-1.jpg,https://dlt.by/image/catalog/tovar/shijing9033/new_photo_06.10/30-2.jpg"
"Электрический плиткорез SHIJING 9051, рез до 1800мм (с АВТОМАТИКОЙ), арт.0437",Инструмент для укладки плитки>Плиткорезы электрические (камнерезы/мокрорезы)>Плиткорезы SHIJING,0437,198 621.89,"https://dlt.by/image/catalog/tovar/shijing-dlina-reza/kombinirovannye/1800.jpg,https://dlt.by/image/catalog/tovar/el9013/2.png,https://dlt.by/image/catalog/tovar/el9013/3.png,https://dlt.by/image/catalog/tovar/el9013/4.png,https://dlt.by/image/catalog/tovar/el9013/5.png,https://dlt.by/image/catalog/tovar/el9013/6.png,https://dlt.by/image/catalog/tovar/el9013/7.png,https://dlt.by/image/catalog/tovar/el9013/8.png,https://dlt.by/image/catalog/tovar/el9013/9.png,https://dlt.by/image/catalog/tovar/shijing9033/new_photo_06.10/9-1.png,https://dlt.by/image/catalog/tovar/shijing9033/new_photo_06.10/9-2.png,https://dlt.by/image/catalog/tovar/shijing9033/new_photo_06.10/9-3.png,https://dlt.by/image/catalog/tovar/shijing9033/new_photo_06.10/9-4.png,https://dlt.by/image/catalog/tovar/shijing9033/new_photo_06.10/9-5.png,https://dlt.by/image/catalog/tovar/shijing9033/new_photo_06.10/9-6.png,https://dlt.by/image/catalog/tovar/shijing9033/new_photo_06.10/9-7.png,https://dlt.by/image/catalog/tovar/shijing9033/new_photo_06.10/9-8.jpg,https://dlt.by/image/catalog/tovar/shijing9033/new_photo_06.10/10.jpg,https://dlt.by/image/catalog/tovar/shijing9033/new_photo_06.10/11.jpg,https://dlt.by/image/catalog/tovar/shijing9033/new_photo_06.10/12.jpg,https://dlt.by/image/catalog/tovar/shijing9033/new_photo_06.10/13.jpg,https://dlt.by/image/catalog/tovar/shijing9033/new_photo_06.10/13-1.jpg,https://dlt.by/image/catalog/tovar/shijing9033/new_photo_06.10/13-2.jpg,https://dlt.by/image/catalog/tovar/shijing9033/new_photo_06.10/14.png,https://dlt.by/image/catalog/tovar/shijing9033/new_photo_06.10/15.png,https://dlt.by/image/catalog/tovar/shijing9033/new_photo_06.10/16.png,https://dlt.by/image/catalog/tovar/shijing9033/new_photo_06.10/16-1.png,https://dlt.by/image/catalog/tovar/shijing9033/new_photo_06.10/16-2.png,https://dlt.by/image/catalog/tovar/shijing9033/new_photo_06.10/18.png,https://dlt.by/image/catalog/tovar/shijing9033/new_photo_06.10/18-1.png,https://dlt.by/image/catalog/tovar/shijing9033/new_photo_06.10/19.png,https://dlt.by/image/catalog/tovar/shijing9033/new_photo_06.10/20.png,https://dlt.by/image/catalog/tovar/shijing9033/new_photo_06.10/20-1.png,https://dlt.by/image/catalog/tovar/shijing9033/new_photo_06.10/21.png,https://dlt.by/image/catalog/tovar/shijing9033/new_photo_06.10/21-1.png,https://dlt.by/image/catalog/tovar/shijing9033/new_photo_06.10/22.png,https://dlt.by/image/catalog/tovar/shijing9033/new_photo_06.10/23.png,https://dlt.by/image/catalog/tovar/shijing9033/new_photo_06.10/24.png,https://dlt.by/image/catalog/tovar/shijing9033/new_photo_06.10/25.png,https://dlt.by/image/catalog/tovar/shijing9033/new_photo_06.10/26.png,https://dlt.by/image/catalog/tovar/shijing9033/new_photo_06.10/27.png,https://dlt.by/image/catalog/tovar/shijing9033/new_photo_06.10/28.png,https://dlt.by/image/catalog/tovar/shijing9033/new_photo_06.10/29.jpg,https://dlt.by/image/catalog/tovar/shijing9033/new_photo_06.10/30.jpg,https://dlt.by/image/catalog/tovar/shijing9033/new_photo_06.10/30-1.jpg,https://dlt.by/image/catalog/tovar/shijing9033/new_photo_06.10/30-2.jpg"
"Ручной плиткорез RUBI TIGER-1200 (RUBI Hit 1200)(до 1200мм), арт.14979",Инструмент для укладки плитки>Плиткорезы ручные>Плиткорезы RUBI,14979,31 598.94,"https://dlt.by/image/catalog/tovar/rubi_tiger/1200/1.jpg,https://dlt.by/image/catalog/tovar/rubi_tiger/1200/1.jpg,https://dlt.by/image/catalog/tovar/rubi_tiger/1200/2.jpg,https://dlt.by/image/catalog/tovar/rubi_tiger/1200/3.jpg,https://dlt.by/image/catalog/tovar/rubi_tiger/1200/4.jpg,https://dlt.by/image/catalog/tovar/rubi_tiger/1200/5.jpg,https://dlt.by/image/catalog/tovar/rubi_tiger/1200/6.jpg,https://dlt.by/image/catalog/tovar/rubi_tiger/1200/7.jpg,https://dlt.by/image/catalog/tovar/rubi_tiger/1200/8.jpg,https://dlt.by/image/catalog/tovar/rubi_tiger/1200/9.jpg,https://dlt.by/image/catalog/tovar/rubi_tiger/1200/10.jpg,https://dlt.by/image/catalog/tovar/rubi_tiger/1200/11.jpg,https://dlt.by/image/catalog/tovar/rubi_tiger/1200/12.jpg,https://dlt.by/image/catalog/tovar/rubi_tiger/1200/12-1.jpg,https://dlt.by/image/catalog/tovar/rubi_tiger/1200/13.jpg,https://dlt.by/image/catalog/tovar/rubi_tiger/1200/15.jpg,https://dlt.by/image/catalog/tovar/rubi_tiger/1200/16.jpg,https://dlt.by/image/catalog/tovar/rubi_tiger/1200/17.jpg,https://dlt.by/image/catalog/tovar/rubi_tiger/1200/18.jpg,https://dlt.by/image/catalog/tovar/rubi_tiger/1200/19.jpg,https://dlt.by/image/catalog/tovar/rubi_tiger/1200/20.png,https://dlt.by/image/catalog/tovar/rubi_tiger/1200/21.png,https://dlt.by/image/catalog/tovar/rubi_tiger/1200/22.png,https://dlt.by/image/catalog/tovar/rubi_tiger/1200/23.jpg,https://dlt.by/image/catalog/tovar/rubi_tiger/1200/24.jpg,https://dlt.by/image/catalog/tovar/rubi_tiger/1200/25.jpg,https://dlt.by/image/catalog/tovar/rubi_tiger/1200/26.jpg,https://dlt.by/image/catalog/tovar/rubi_tiger/1200/27.jpg,https://dlt.by/image/catalog/tovar/rubi_tiger/1200/28.jpg,https://dlt.by/image/catalog/tovar/rubi_tiger/1200/29.jpg,https://dlt.by/image/catalog/tovar/rubi_tiger/1200/30.jpg,https://dlt.by/image/catalog/tovar/rubi_tiger/1200/31.jpg,https://dlt.by/image/catalog/tovar/rubi_tiger/1200/32.jpg,https://dlt.by/image/catalog/tovar/rubi_tiger/1200/33.jpg,https://dlt.by/image/catalog/tovar/rubi_tiger/1200/34.jpg,https://dlt.by/image/catalog/tovar/izobrazhenie_viber_2020-05-25_13-36-34.jpg,,,,,,,,,,"
"Ручной плиткорез RUBI TIGER-1000 (RUBI Hit 1000)(до 1000мм), арт.14966",Инструмент для укладки плитки>Плиткорезы ручные>Плиткорезы RUBI,14966,24 075.38,"https://dlt.by/image/catalog/tovar/rubi_tiger/1000/1.jpg,https://dlt.by/image/catalog/tovar/rubi_tiger/1000/2.jpg,https://dlt.by/image/catalog/tovar/rubi_tiger/1000/3.jpg,https://dlt.by/image/catalog/tovar/rubi_tiger/1000/4.jpg,https://dlt.by/image/catalog/tovar/rubi_tiger/1000/5.jpg,https://dlt.by/image/catalog/tovar/rubi_tiger/1000/6.jpg,https://dlt.by/image/catalog/tovar/rubi_tiger/1000/7.jpg,https://dlt.by/image/catalog/tovar/rubi_tiger/1000/8.jpg,https://dlt.by/image/catalog/tovar/rubi_tiger/1000/9.jpg,https://dlt.by/image/catalog/tovar/rubi_tiger/1000/10.jpg,https://dlt.by/image/catalog/tovar/rubi_tiger/1000/11.jpg,https://dlt.by/image/catalog/tovar/rubi_tiger/1000/12.jpg,https://dlt.by/image/catalog/tovar/rubi_tiger/1000/12-1.jpg,https://dlt.by/image/catalog/tovar/rubi_tiger/1000/13.jpg,https://dlt.by/image/catalog/tovar/rubi_tiger/1000/15.jpg,https://dlt.by/image/catalog/tovar/rubi_tiger/1000/16.jpg,https://dlt.by/image/catalog/tovar/rubi_tiger/1000/17.jpg,https://dlt.by/image/catalog/tovar/rubi_tiger/1000/18.jpg,https://dlt.by/image/catalog/tovar/rubi_tiger/1000/19.jpg,https://dlt.by/image/catalog/tovar/rubi_tiger/1000/20.png,https://dlt.by/image/catalog/tovar/rubi_tiger/1000/21.png,https://dlt.by/image/catalog/tovar/rubi_tiger/1000/22.png,https://dlt.by/image/catalog/tovar/rubi_tiger/1000/23.jpg,https://dlt.by/image/catalog/tovar/rubi_tiger/1000/24.jpg,https://dlt.by/image/catalog/tovar/rubi_tiger/1000/25.jpg,https://dlt.by/image/catalog/tovar/rubi_tiger/1000/26.jpg,https://dlt.by/image/catalog/tovar/rubi_tiger/1000/27.jpg,https://dlt.by/image/catalog/tovar/rubi_tiger/1000/28.jpg,https://dlt.by/image/catalog/tovar/rubi_tiger/1000/29.jpg,https://dlt.by/image/catalog/tovar/rubi_tiger/1000/30.jpg,https://dlt.by/image/catalog/tovar/rubi_tiger/1000/31.jpg,https://dlt.by/image/catalog/tovar/rubi_tiger/1000/32.jpg,https://dlt.by/image/catalog/tovar/rubi_tiger/1000/33.jpg,https://dlt.by/image/catalog/tovar/rubi_tiger/1000/34.jpg,https://dlt.by/image/catalog/tovar/izobrazhenie_viber_2020-05-25_13-36-34.jpg,,,,,,,,,,,"
"Ручной плиткорез RUBI TIGER-185 (RUBI Hit 850)(до 850мм), арт.14962",Инструмент для укладки плитки>Плиткорезы ручные>Плиткорезы RUBI,14962,22 570.67,"https://dlt.by/image/catalog/tovar/rubi_tiger_185/r1.jpg,https://dlt.by/image/catalog/tovar/rubi_tiger/2.jpg,https://dlt.by/image/catalog/tovar/rubi_tiger/3.jpg,https://dlt.by/image/catalog/tovar/rubi_tiger/4.jpg,https://dlt.by/image/catalog/tovar/rubi_tiger/5.jpg,https://dlt.by/image/catalog/tovar/rubi_tiger/6.jpg,https://dlt.by/image/catalog/tovar/rubi_tiger/7.jpg,https://dlt.by/image/catalog/tovar/rubi_tiger/8.jpg,https://dlt.by/image/catalog/tovar/rubi_tiger/9.jpg,https://dlt.by/image/catalog/tovar/rubi_tiger/10.jpg,https://dlt.by/image/catalog/tovar/rubi_tiger/11.jpg,https://dlt.by/image/catalog/tovar/rubi_tiger/12.jpg,https://dlt.by/image/catalog/tovar/rubi_tiger/12-1.jpg,https://dlt.by/image/catalog/tovar/rubi_tiger/13.jpg,https://dlt.by/image/catalog/tovar/rubi_tiger/15.jpg,https://dlt.by/image/catalog/tovar/rubi_tiger/16.jpg,https://dlt.by/image/catalog/tovar/rubi_tiger/17.jpg,https://dlt.by/image/catalog/tovar/rubi_tiger/18.jpg,https://dlt.by/image/catalog/tovar/rubi_tiger/19.jpg,https://dlt.by/image/catalog/tovar/rubi_tiger/20.png,https://dlt.by/image/catalog/tovar/rubi_tiger/21.png,https://dlt.by/image/catalog/tovar/rubi_tiger/22.png,https://dlt.by/image/catalog/tovar/rubi_tiger/23.jpg,https://dlt.by/image/catalog/tovar/rubi_tiger/24.jpg,https://dlt.by/image/catalog/tovar/rubi_tiger/25.jpg,https://dlt.by/image/catalog/tovar/rubi_tiger/26.jpg,https://dlt.by/image/catalog/tovar/rubi_tiger/27.jpg,https://dlt.by/image/catalog/tovar/rubi_tiger/28.jpg,https://dlt.by/image/catalog/tovar/rubi_tiger/29.jpg,https://dlt.by/image/catalog/tovar/rubi_tiger/30.jpg,https://dlt.by/image/catalog/tovar/rubi_tiger/31.jpg,https://dlt.by/image/catalog/tovar/rubi_tiger/32.jpg,https://dlt.by/image/catalog/tovar/rubi_tiger/33.jpg,https://dlt.by/image/catalog/tovar/rubi_tiger/34.jpg,https://dlt.by/image/catalog/tovar/izobrazhenie_viber_2020-05-25_13-36-34.jpg,,,,,,,,,,,"
"Ручной плиткорез RUBI X-ONE PLUS 850 (рез до 850мм), арт.15905",Инструмент для укладки плитки>Плиткорезы ручные>Плиткорезы RUBI,15905,23 473.50,"https://dlt.by/image/catalog/tovar/x-oneplus850/r1.jpg,https://dlt.by/image/catalog/tovar/x-one/newrkjfksd/izobrazhenie_viber_2020-09-01_17-15-29.png,https://dlt.by/image/catalog/850/3.jpg,https://dlt.by/image/catalog/850/3-1.jpg,https://dlt.by/image/catalog/850/4.jpg,https://dlt.by/image/catalog/850/5.jpg,https://dlt.by/image/catalog/850/5-1.jpg,https://dlt.by/image/catalog/850/6.jpg,https://dlt.by/image/catalog/850/7.jpg,https://dlt.by/image/catalog/850/8.jpg,https://dlt.by/image/catalog/850/9.jpg,https://dlt.by/image/catalog/850/10.jpg,https://dlt.by/image/catalog/850/11.jpg,https://dlt.by/image/catalog/850/11-1.jpg,https://dlt.by/image/catalog/850/12.jpg,https://dlt.by/image/catalog/850/13.jpg,https://dlt.by/image/catalog/850/14.jpg,https://dlt.by/image/catalog/850/15.jpg,https://dlt.by/image/catalog/850/16.jpg,https://dlt.by/image/catalog/850/16-1.jpg,https://dlt.by/image/catalog/850/16-2.jpg,https://dlt.by/image/catalog/850/16-3.png,https://dlt.by/image/catalog/850/17.png,https://dlt.by/image/catalog/850/18.png,https://dlt.by/image/catalog/850/19.png,https://dlt.by/image/catalog/850/21.jpg,https://dlt.by/image/catalog/850/22.jpg,https://dlt.by/image/catalog/850/23.jpg,https://dlt.by/image/catalog/850/24.jpg,https://dlt.by/image/catalog/850/25.jpg,https://dlt.by/image/catalog/850/26.jpg,https://dlt.by/image/catalog/850/27.jpg,https://dlt.by/image/catalog/850/28.jpg,https://dlt.by/image/catalog/850/29.jpg,https://dlt.by/image/catalog/850/30.jpg,https://dlt.by/image/catalog/850/31.jpg,https://dlt.by/image/catalog/850/32.jpg,https://dlt.by/image/catalog/850/33.jpg,https://dlt.by/image/catalog/850/34.jpg,https://dlt.by/image/catalog/850/35.jpg,https://dlt.by/image/catalog/850/36.jpg,https://dlt.by/image/catalog/850/37.jpg,https://dlt.by/image/catalog/850/38.jpg,https://dlt.by/image/catalog/tovar/izobrazhenie_viber_2020-05-25_13-36-34.jpg,,"
"Ручной плиткорез RUBI X-ONE PLUS 1000 (до 1000мм), арт.15906",Инструмент для укладки плитки>Плиткорезы ручные>Плиткорезы RUBI,15906,26 332.45,"https://dlt.by/image/catalog/tovar/x-oneplus850/ukauapa.jpg,https://dlt.by/image/catalog/tovar/x-one/newrkjfksd/izobrazhenie_viber_2020-09-01_17-15-29.png,https://dlt.by/image/catalog/1000/3.jpg,https://dlt.by/image/catalog/1000/3-1.jpg,https://dlt.by/image/catalog/1000/4.jpg,https://dlt.by/image/catalog/1000/5.jpg,https://dlt.by/image/catalog/1000/5-1.jpg,https://dlt.by/image/catalog/1000/6.jpg,https://dlt.by/image/catalog/1000/7.jpg,https://dlt.by/image/catalog/1000/8.jpg,https://dlt.by/image/catalog/1000/9.jpg,https://dlt.by/image/catalog/1000/10.jpg,https://dlt.by/image/catalog/1000/11.jpg,https://dlt.by/image/catalog/1000/11-1.jpg,https://dlt.by/image/catalog/1000/12.jpg,https://dlt.by/image/catalog/1000/13.jpg,https://dlt.by/image/catalog/1000/14.jpg,https://dlt.by/image/catalog/1000/15.jpg,https://dlt.by/image/catalog/1000/16.jpg,https://dlt.by/image/catalog/1000/16-1.jpg,https://dlt.by/image/catalog/1000/16-2.jpg,https://dlt.by/image/catalog/1000/16-3.png,https://dlt.by/image/catalog/1000/17.png,https://dlt.by/image/catalog/1000/18.png,https://dlt.by/image/catalog/1000/19.png,https://dlt.by/image/catalog/1000/21.jpg,https://dlt.by/image/catalog/1000/22.jpg,https://dlt.by/image/catalog/1000/23.jpg,https://dlt.by/image/catalog/1000/24.jpg,https://dlt.by/image/catalog/1000/25.jpg,https://dlt.by/image/catalog/1000/26.jpg,https://dlt.by/image/catalog/1000/27.jpg,https://dlt.by/image/catalog/1000/28.jpg,https://dlt.by/image/catalog/1000/29.jpg,https://dlt.by/image/catalog/1000/30.jpg,https://dlt.by/image/catalog/1000/31.jpg,https://dlt.by/image/catalog/1000/32.jpg,https://dlt.by/image/catalog/1000/33.jpg,https://dlt.by/image/catalog/1000/34.jpg,https://dlt.by/image/catalog/1000/35.jpg,https://dlt.by/image/catalog/1000/36.jpg,https://dlt.by/image/catalog/1000/37.jpg,https://dlt.by/image/catalog/1000/38.jpg,https://dlt.by/image/catalog/tovar/izobrazhenie_viber_2020-05-25_13-36-34.jpg,,"
"Шпатели для силикона Silicone master, арт.1208",Инструмент для укладки плитки>Шпатели для силикона и герметика,1208,2 046.41,"https://dlt.by/image/catalog/tovar/1208/1.jpg,https://dlt.by/image/catalog/tovar/1208/2.jpg,https://dlt.by/image/catalog/tovar/1208/3.jpg,https://dlt.by/image/catalog/tovar/1208/4.jpg,https://dlt.by/image/catalog/tovar/1208/5.jpg,https://dlt.by/image/catalog/tovar/1208/6.jpg,https://dlt.by/image/catalog/tovar/1208/7.jpg,https://dlt.by/image/catalog/tovar/1208/8.jpg,,,,,,,,,,,,,,,,,,,,,,,,,,,,,,,,,,,,,,"
"Диск для скругления плитки SHIJING 105мм R10, арт.0240",Алмазная оснастка>Алмазные диски>Алмазные диски для электрических плиткорезов,240,2 257.07,"https://dlt.by/image/catalog/tovar/shijing_120x20/new1/1.jpg,https://dlt.by/image/catalog/tovar/shijing_120x20/new1/2.jpg,https://dlt.by/image/catalog/tovar/shijing_120x20/new1/3.jpg,https://dlt.by/image/catalog/tovar/shijing_120x20/new1/4.jpg,,,,,,,,,,,,,,,,,,,,,,,,,,,,,,,,,,,,,,,,,,"
"Приводной ремень автоведения для электрических станков SHIJING/ DLT, арт.0774",Запчасти>Плиткорезы электрические>DLT OptiTronic Auto (версия PRO),774,752.36,"https://dlt.by/image/catalog/image/catalog/tovar/remen/1.jpg,,,,,,,,,,,,,,,,,,,,,,,,,,,,,,,,,,,,,,,,,,,,,"
"Строительные наколенники на колесах DLT-Knee Pads, арт.0880",Инструмент для укладки плитки>Наколенники строительные,880,4 815.08,"https://dlt.by/image/catalog/image/catalog/tovar/knee/r4.jpg,https://dlt.by/image/catalog/tovar/knee/r1.jpg,https://dlt.by/image/catalog/tovar/knee/r2.jpg,https://dlt.by/image/catalog/tovar/knee/r5.jpg,https://dlt.by/image/catalog/tovar/knee/r6.jpg,https://dlt.by/image/catalog/tovar/knee/r7.jpg,https://dlt.by/image/catalog/tovar/knee/r8.jpg,https://dlt.by/image/catalog/tovar/knee/r9.jpg,https://dlt.by/image/catalog/tovar/knee/r10.jpg,https://dlt.by/image/catalog/tovar/knee/r11.jpg,https://dlt.by/image/catalog/tovar/knee/r12.jpg,https://dlt.by/image/catalog/tovar/knee/r13.jpg,https://dlt.by/image/catalog/tovar/knee/r14.jpg,https://dlt.by/image/catalog/tovar/knee/r15.jpg,https://dlt.by/image/catalog/tovar/knee/r16.jpg,,,,,,,,,,,,,,,,,,,,,,,,,,,,,,,"
"Роликовый резец для плиткореза DLT Ø22мм, посадка 5мм, серия Standard, арт.1161",Плиткорезы ручные>Аксессуары для ручных плиткорезов>Резцы,1161,451.41,"https://dlt.by/image/catalog/tovar/dlt225silver/new2022/1.jpg,https://dlt.by/image/catalog/tovar/dlt225silver/new2022/1-2.jpg,https://dlt.by/image/catalog/tovar/dlt225silver/new2022/1-3.jpg,https://dlt.by/image/catalog/tovar/dlt225silver/new2022/2.jpg,https://dlt.by/image/catalog/easyphoto/348/rezets-dlya-plitkoreza-dlt-standard-1.jpg,https://dlt.by/image/catalog/tovar/dlt225silver/new2022/4.jpg,https://dlt.by/image/catalog/tovar/dlt225silver/new2022/5.jpg,,,,,,,,,,,,,,,,,,,,,,,,,,,,,,,,,,,,,,,"
"Миксер строительный (дрель-миксер) DLT Max-XT R6406С, арт.0279","Миксер строительный, дрель-миксер",279,18 056.54,"https://dlt.by/image/catalog/tovar/dltr6406s/new2022/1.jpg,https://dlt.by/image/catalog/tovar/dltr6406s/new2022/2.jpg,https://dlt.by/image/catalog/tovar/dltr6406s/new2022/3.jpg,https://dlt.by/image/catalog/tovar/dltr6406s/new2022/4.jpg,https://dlt.by/image/catalog/tovar/dltr6406s/new2022/5.jpg,https://dlt.by/image/catalog/tovar/dltr6406s/new2022/6.jpg,https://dlt.by/image/catalog/tovar/dltr6406s/new2022/7.jpg,https://dlt.by/image/catalog/tovar/dltr6406s/new2022/8.jpg,https://dlt.by/image/catalog/tovar/dltr6406s/new2022/9.jpg,,,,,,,,,,,,,,,,,,,,,,,,,,,,,,,,,,,,,"
"Профессиональная аккумуляторная дрель-шуруповерт Toua DCD180-AI, арт.Toua DCD180-A",Другое,Toua DCD180-A,8 306.01,"https://dlt.by/image/catalog/image/catalog/tovar/dcd180-a/1.jpg,https://dlt.by/image/catalog/tovar/dcd180-a/2.jpg,https://dlt.by/image/catalog/tovar/dcd180-a/3.jpg,https://dlt.by/image/catalog/tovar/dcd180-a/4.jpg,https://dlt.by/image/catalog/tovar/dcd180-a/5.jpg,https://dlt.by/image/catalog/tovar/dcd180-a/6.jpg,https://dlt.by/image/catalog/tovar/dcd180-a/7.jpg,https://dlt.by/image/catalog/tovar/dcd180-a/8.jpg,https://dlt.by/image/catalog/tovar/dcd180-a/9.jpg,https://dlt.by/image/catalog/tovar/dcd180-a/10.jpg,https://dlt.by/image/catalog/tovar/dcd180-a/11.jpg,https://dlt.by/image/catalog/tovar/dcd180-a/12.jpg,https://dlt.by/image/catalog/tovar/dcd180-a/13.jpg,https://dlt.by/image/catalog/tovar/dcd180-a/14.jpg,https://dlt.by/image/catalog/tovar/dcd180-a/15.jpg,https://dlt.by/image/catalog/tovar/dcd180-a/16.jpg,https://dlt.by/image/catalog/tovar/dcd180-a/17.jpg,https://dlt.by/image/catalog/tovar/dcd180-a/18.jpg,,,,,,,,,,,,,,,,,,,,,,,,,,,,"
"Аккумуляторный шуруповерт-гайковерт Toua DBLW180-B БЕСЩЕТОЧНЫЙ ДВИГАТЕЛЬ, арт.DBLW180-В",Другое,Toua DBLW180-B,16 612.01,"https://dlt.by/image/catalog/image/catalog/tovar/dblw180-b/1.jpg,https://dlt.by/image/catalog/tovar/dblw180-b/1-1.jpg,https://dlt.by/image/catalog/tovar/dblw180-b/2.jpg,https://dlt.by/image/catalog/tovar/dblw180-b/3.jpg,https://dlt.by/image/catalog/tovar/dblw180-b/4.jpg,https://dlt.by/image/catalog/tovar/dblw180-b/5.jpg,https://dlt.by/image/catalog/tovar/dblw180-b/6.jpg,https://dlt.by/image/catalog/tovar/dblw180-b/7.jpg,https://dlt.by/image/catalog/tovar/dblw180-b/8.jpg,,,,,,,,,,,,,,,,,,,,,,,,,,,,,,,,,,,,,"
"Штатив DLT H300 для лазерного уровня (нивелира) до 3,0м, арт.1116",Аксессуары к нивелирам,1116,2 558.01,"https://dlt.by/image/catalog/image/catalog/tovar/h300/2.jpg,https://dlt.by/image/catalog/tovar/h300/1.jpg,https://dlt.by/image/catalog/tovar/h300/3.jpg,https://dlt.by/image/catalog/tovar/h300/4.jpg,https://dlt.by/image/catalog/tovar/h300/5.jpg,https://dlt.by/image/catalog/tovar/h300/6.jpg,https://dlt.by/image/catalog/tovar/h300/7.jpg,https://dlt.by/image/catalog/tovar/h300/8.jpg,https://dlt.by/image/catalog/tovar/h300/9.jpg,https://dlt.by/image/catalog/tovar/h300/10.jpg,https://dlt.by/image/catalog/tovar/h300/11.jpg,,,,,,,,,,,,,,,,,,,,,,,,,,,,,,,,,,,"
"Чехол Rubi для ручного плиткореза (до 1050мм), арт.19821",Плиткорезы ручные>Аксессуары для ручных плиткорезов>Сумки,19821,2 708.48,"https://dlt.by/image/catalog/tovar/chehol_rubi/1050/izobrazhenie_viber_2020-10-05_13-57-07sdsadsdsad.jpg,https://dlt.by/image/catalog/tovar/chehol_rubi/new/2.jpg,https://dlt.by/image/catalog/tovar/chehol_rubi/new/3.jpg,https://dlt.by/image/catalog/tovar/chehol_rubi/new/4.jpg,https://dlt.by/image/catalog/tovar/chehol_rubi/new/5.jpg,https://dlt.by/image/catalog/tovar/chehol_rubi/2.png,https://dlt.by/image/catalog/tovar/chehol_rubi/4.png,https://dlt.by/image/catalog/tovar/chehol_rubi/5.png,https://dlt.by/image/catalog/tovar/chehol_rubi/5-1.png,https://dlt.by/image/catalog/tovar/chehol_rubi/6.png,https://dlt.by/image/catalog/tovar/chehol_rubi/7.png,https://dlt.by/image/catalog/tovar/chehol_rubi/8.png,https://dlt.by/image/catalog/tovar/chehol_rubi/10.png,https://dlt.by/image/catalog/tovar/chehol_rubi/11.png,https://dlt.by/image/catalog/tovar/chehol_rubi/12.png,,,,,,,,,,,,,,,,,,,,,,,,,,,,,,,"
"Тарелка для черепашек Ø100мм, Полиуретановая (утолщенная), арт.1188",Инструмент для укладки плитки>Круг алмазный гибкий шлифовальный,1188,481.51,"https://dlt.by/image/catalog/easyphoto/1706/tarelka-dlya-cherepashek-100mm-poliuretanovaya-utolshchennaya-4.jpg,https://dlt.by/image/catalog/easyphoto/1706/tarelka-dlya-cherepashek-100mm-poliuretanovaya-utolshchennaya-5.jpg,https://dlt.by/image/catalog/easyphoto/1706/tarelka-dlya-cherepashek-100mm-poliuretanovaya-utolshchennaya-6.jpg,,,,,,,,,,,,,,,,,,,,,,,,,,,,,,,,,,,,,,,,,,,"
"Чехол Rubi для ручного плиткореза (до 850мм), арт.19819",Плиткорезы ручные>Аксессуары для ручных плиткорезов>Сумки,19819,2 558.01,"https://dlt.by/image/catalog/sumki_rubi/bezljamok2.jpg,https://dlt.by/image/catalog/tovar/chehol_rubi/new/2.jpg,https://dlt.by/image/catalog/tovar/chehol_rubi/new/3.jpg,https://dlt.by/image/catalog/tovar/chehol_rubi/new/4.jpg,https://dlt.by/image/catalog/tovar/chehol_rubi/new/5.jpg,https://dlt.by/image/catalog/tovar/chehol_rubi/2.png,https://dlt.by/image/catalog/tovar/chehol_rubi/5-1.png,https://dlt.by/image/catalog/tovar/chehol_rubi/4.png,https://dlt.by/image/catalog/tovar/chehol_rubi/5.png,https://dlt.by/image/catalog/tovar/chehol_rubi/6.png,https://dlt.by/image/catalog/tovar/chehol_rubi/7.png,https://dlt.by/image/catalog/tovar/chehol_rubi/8.png,https://dlt.by/image/catalog/tovar/chehol_rubi/10.png,https://dlt.by/image/catalog/tovar/chehol_rubi/11.png,https://dlt.by/image/catalog/tovar/chehol_rubi/12.png,,,,,,,,,,,,,,,,,,,,,,,,,,,,,,,"
"Чехол Rubi для ручного плиткореза (до 1250мм), арт.19769",Плиткорезы ручные>Аксессуары для ручных плиткорезов>Сумки,19769,3 159.89,"https://dlt.by/image/catalog/tovar/chehol_rubi/1250/izobrazhenie_viber_2020-10-05_13-57-07dsfsdadewqd.jpg,https://dlt.by/image/catalog/tovar/chehol_rubi/new/2.jpg,https://dlt.by/image/catalog/tovar/chehol_rubi/new/3.jpg,https://dlt.by/image/catalog/tovar/chehol_rubi/new/4.jpg,https://dlt.by/image/catalog/tovar/chehol_rubi/new/5.jpg,https://dlt.by/image/catalog/tovar/chehol_rubi/2.png,https://dlt.by/image/catalog/tovar/chehol_rubi/4.png,https://dlt.by/image/catalog/tovar/chehol_rubi/5.png,https://dlt.by/image/catalog/tovar/chehol_rubi/5-1.png,https://dlt.by/image/catalog/tovar/chehol_rubi/6.png,https://dlt.by/image/catalog/tovar/chehol_rubi/7.png,https://dlt.by/image/catalog/tovar/chehol_rubi/8.png,https://dlt.by/image/catalog/tovar/chehol_rubi/10.png,https://dlt.by/image/catalog/tovar/chehol_rubi/11.png,https://dlt.by/image/catalog/tovar/chehol_rubi/12.png,,,,,,,,,,,,,,,,,,,,,,,,,,,,,,,"
"Лазерный нивелир DLT EK-112R, арт.0173",Лазерные нивелиры (лазерные уровни)>Линейные,173,3 611.31,"https://dlt.by/image/catalog/tovar/112r/new/1.png,https://dlt.by/image/catalog/tovar/112r/new/1-1.gif,https://dlt.by/image/catalog/tovar/112r/new/1-2.png,https://dlt.by/image/catalog/tovar/112r/new/1-3.png,https://dlt.by/image/catalog/tovar/112r/new/2.jpg,https://dlt.by/image/catalog/tovar/112r/new/3.jpg,https://dlt.by/image/catalog/tovar/112r/new/4.jpg,https://dlt.by/image/catalog/tovar/112r/new/10.png,https://dlt.by/image/catalog/tovar/112r/new/11.png,https://dlt.by/image/catalog/tovar/112r/new/14.jpg,https://dlt.by/image/catalog/tovar/112r/new/15.jpg,https://dlt.by/image/catalog/tovar/112r/new/16.jpg,https://dlt.by/image/catalog/tovar/112r/new/17.jpg,https://dlt.by/image/catalog/tovar/112r/new/18.jpg,https://dlt.by/image/catalog/tovar/112r/new/19.jpg,https://dlt.by/image/catalog/tovar/112r/new/19-0.jpg,https://dlt.by/image/catalog/tovar/112r/new/19-1.png,,,,,,,,,,,,,,,,,,,,,,,,,,,,,"
"Малярный шпатель DLT Finish, h-образный, толщина 0,3мм, 35см, арт.0349",Инструмент для укладки плитки>Малярные шпателя,349,872.73,"https://dlt.by/image/catalog/image/catalog/tovar/shpateli/35_n/new/1.jpg,https://dlt.by/image/catalog/tovar/shpateli/35_n/new/2.jpg,https://dlt.by/image/catalog/tovar/shpateli/35_n/new/3.jpg,https://dlt.by/image/catalog/tovar/shpateli/35_n/new/4.jpg,https://dlt.by/image/catalog/tovar/shpateli/35_n/new/5.jpg,https://dlt.by/image/catalog/tovar/shpateli/35_n/new/6.jpg,https://dlt.by/image/catalog/tovar/shpateli/35_n/new/7.jpg,https://dlt.by/image/catalog/tovar/shpateli/35_n/new/8.jpg,https://dlt.by/image/catalog/tovar/shpateli/35_n/new/9.jpg,https://dlt.by/image/catalog/tovar/shpateli/35_n/new/10.jpg,https://dlt.by/image/catalog/tovar/shpateli/35_n/new/11.jpg,https://dlt.by/image/catalog/tovar/shpateli/35_n/new/12.jpg,https://dlt.by/image/catalog/tovar/shpateli/35_n/new_png/10.png,https://dlt.by/image/catalog/tovar/shpateli/35_n/new_png/8.png,,,,,,,,,,,,,,,,,,,,,,,,,,,,,,,,"
"Роликовый резец RUBI Ø22мм, посадка 5мм, серия EXTREME GOLD, арт.01943",Плиткорезы ручные>Аксессуары для ручных плиткорезов>Резцы,1943,1 956.12,"https://dlt.by/image/catalog/tovar/ref.01943/new/1.jpg,https://dlt.by/image/catalog/tovar/ref.01943/new/2.jpg,https://dlt.by/image/catalog/tovar/ref.01943/new/3.jpg,https://dlt.by/image/catalog/tovar/ref.01943/new/4.jpg,https://dlt.by/image/catalog/tovar/ref.01943/new/5.jpg,https://dlt.by/image/catalog/tovar/ref.01943/new/6.jpg,https://dlt.by/image/catalog/tovar/ref.01943/new/7.jpg,https://dlt.by/image/catalog/tovar/ref.01943/new/8.jpg,https://dlt.by/image/catalog/tovar/ref.01943/new/9.jpg,,,,,,,,,,,,,,,,,,,,,,,,,,,,,,,,,,,,,"
"Роликовый резец RUBI Ø22мм, серия EXTREME GOLD, арт.01944 ",Плиткорезы ручные>Аксессуары для ручных плиткорезов>Резцы,01944 (01939),2 858.95,"https://dlt.by/image/catalog/tovar/ref.01944/new/0.jpg,https://dlt.by/image/catalog/tovar/ref.01944/new/1.jpg,https://dlt.by/image/catalog/tovar/ref.01944/new/2.jpg,https://dlt.by/image/catalog/tovar/ref.01944/new/3.jpg,https://dlt.by/image/catalog/tovar/ref.01944/new/4.jpg,https://dlt.by/image/catalog/tovar/ref.01944/new/5.jpg,https://dlt.by/image/catalog/tovar/ref.01944/new/6.jpg,https://dlt.by/image/catalog/tovar/ref.01944/new/7.jpg,https://dlt.by/image/catalog/tovar/ref.01944/new/8.jpg,https://dlt.by/image/catalog/tovar/ref.01944/new/12-1.jpg,,,,,,,,,,,,,,,,,,,,,,,,,,,,,,,,,,,,"
"Присоска вакуумная для плитки RUBI, Ø8 дюймов, 110кг, арт.18919",Инструмент для укладки плитки>Присоски для плитки и стекла>Помповые присоски,18919,8 727.33,"https://dlt.by/image/catalog/image/catalog/tovar/rubi18919/new/1.png,https://dlt.by/image/catalog/tovar/rubi18919/new/2.png,https://dlt.by/image/catalog/tovar/rubi18919/new/2-1.jpg,https://dlt.by/image/catalog/tovar/rubi18919/new/2-2.jpg,https://dlt.by/image/catalog/tovar/rubi18919/new/2-3.jpg,https://dlt.by/image/catalog/tovar/rubi18919/new/3.png,https://dlt.by/image/catalog/tovar/rubi18919/new/4.png,https://dlt.by/image/catalog/tovar/rubi18919/new/5.png,https://dlt.by/image/catalog/tovar/rubi18919/new/6.png,https://dlt.by/image/catalog/tovar/rubi18919/new/7.png,https://dlt.by/image/catalog/tovar/rubi18919/new/8.png,https://dlt.by/image/catalog/tovar/rubi18919/new/9.png,,,,,,,,,,,,,,,,,,,,,,,,,,,,,,,,,,"
"Безвоздушный покрасочный аппарат HYVST SPT 210, арт.0126",Окрасочные аппараты и аксессуары>Окрасочные аппараты,126,29 793.28,"https://dlt.by/image/catalog/image/catalog/tovar/spt210/new/1.jpg,https://dlt.by/image/catalog/tovar/spt210/new/1-1.jpg,https://dlt.by/image/catalog/tovar/spt210/new/2.jpg,https://dlt.by/image/catalog/tovar/spt210/new/3.jpg,https://dlt.by/image/catalog/tovar/spt210/new/3-1.jpg,https://dlt.by/image/catalog/tovar/spt210/new/4.jpg,https://dlt.by/image/catalog/tovar/spt210/new/5.jpg,https://dlt.by/image/catalog/tovar/spt210/new/6.jpg,https://dlt.by/image/catalog/tovar/spt210/new/7.jpg,https://dlt.by/image/catalog/tovar/spt210/new/8.jpg,https://dlt.by/image/catalog/tovar/spt210/2.jpg,https://dlt.by/image/catalog/tovar/spt210/3.jpg,https://dlt.by/image/catalog/tovar/spt210/4.jpg,https://dlt.by/image/catalog/tovar/spt210/5.jpg,,,,,,,,,,,,,,,,,,,,,,,,,,,,,,,,"
"Безвоздушный покрасочный аппарат HYVST SPT 440, арт.0128",Окрасочные аппараты и аксессуары>Окрасочные аппараты,128,34 608.36,"https://dlt.by/image/catalog/image/catalog/tovar/spt440/new/1.jpg,https://dlt.by/image/catalog/tovar/spt440/new/2.jpg,https://dlt.by/image/catalog/tovar/spt440/new/3.jpg,https://dlt.by/image/catalog/tovar/spt440/new/4.jpg,https://dlt.by/image/catalog/tovar/spt440/new/4-1.jpg,https://dlt.by/image/catalog/tovar/spt440/new/5.jpg,https://dlt.by/image/catalog/tovar/spt440/new/6.jpg,https://dlt.by/image/catalog/tovar/spt440/1.jpg,https://dlt.by/image/catalog/tovar/spt440/2.jpg,https://dlt.by/image/catalog/tovar/spt440/4.jpg,https://dlt.by/image/catalog/tovar/spt440/5.jpg,https://dlt.by/image/catalog/tovar/spt440/6.jpg,https://dlt.by/image/catalog/tovar/spt440/7.jpg,https://dlt.by/image/catalog/tovar/spt440/8.jpg,,,,,,,,,,,,,,,,,,,,,,,,,,,,,,,,"
"Безвоздушный покрасочный аппарат HYVST SPT 390, арт.1270",Окрасочные аппараты и аксессуары>Окрасочные аппараты,1270,35 812.13,"https://dlt.by/image/catalog/tovar/spt390/new/1.jpg,https://dlt.by/image/catalog/tovar/spt390/new/2.jpg,https://dlt.by/image/catalog/tovar/spt390/new/3.jpg,https://dlt.by/image/catalog/tovar/spt390/new/4.jpg,https://dlt.by/image/catalog/tovar/spt390/new/5.jpg,https://dlt.by/image/catalog/tovar/spt390/new/6.jpg,https://dlt.by/image/catalog/tovar/spt390/new/7.jpg,https://dlt.by/image/catalog/tovar/spt390/new/8.jpg,https://dlt.by/image/catalog/tovar/spt390/new/9.jpg,https://dlt.by/image/catalog/tovar/spt390/new/10.jpg,https://dlt.by/image/catalog/tovar/spt390/new/11.jpg,https://dlt.by/image/catalog/tovar/spt390/2.jpg,https://dlt.by/image/catalog/tovar/spt390/3.jpg,https://dlt.by/image/catalog/tovar/spt390/4.jpg,https://dlt.by/image/catalog/tovar/spt390/5.jpg,,,,,,,,,,,,,,,,,,,,,,,,,,,,,,,"
"Безвоздушный покрасочный аппарат HYVST SPT 490, арт.0129",Окрасочные аппараты и аксессуары>Окрасочные аппараты,129,66 207.30,"https://dlt.by/image/catalog/tovar/spt490/new/1.jpg,https://dlt.by/image/catalog/tovar/spt490/new/1.jpg,https://dlt.by/image/catalog/tovar/spt490/new/2.jpg,https://dlt.by/image/catalog/tovar/spt490/new/3.jpg,https://dlt.by/image/catalog/tovar/spt490/new/4.jpg,https://dlt.by/image/catalog/tovar/spt490/new/5.jpg,https://dlt.by/image/catalog/tovar/spt490/new/6.jpg,https://dlt.by/image/catalog/tovar/spt490/new/7.jpg,https://dlt.by/image/catalog/tovar/spt490/new/8.jpg,https://dlt.by/image/catalog/tovar/spt490/2.jpg,https://dlt.by/image/catalog/tovar/spt490/3.jpg,https://dlt.by/image/catalog/tovar/spt490/4.jpg,https://dlt.by/image/catalog/tovar/spt490/5.jpg,https://dlt.by/image/catalog/tovar/spt490/6.jpg,https://dlt.by/image/catalog/tovar/spt490/7.jpg,,,,,,,,,,,,,,,,,,,,,,,,,,,,,,,"
"Кованый гвоздь DLT Bullet Point по бетону металлу и кирпичу,19мм, (1000шт) + Газовый баллон, арт.1247",Монтажные пистолеты>Гвозди для монтажных пистолетов,1247,2 588.10,"https://dlt.by/image/catalog/tovar/gvozdi/+ballon/gvozdi+ballonsvodnymi.jpg,https://dlt.by/image/catalog/tovar/gvozdi/11_1615788478.jpg,https://dlt.by/image/catalog/tovar/gvozdi/izobrazhenie_viber_2020-08-31_10-20-22.jpg,https://dlt.by/image/catalog/tovar/gvozdi/2.jpg,https://dlt.by/image/catalog/tovar/gvozdi/3.jpg,https://dlt.by/image/catalog/tovar/gvozdi/4.jpg,https://dlt.by/image/catalog/tovar/gvozdi/5.jpg,https://dlt.by/image/catalog/tovar/gvozdi/6.png,,,,,,,,,,,,,,,,,,,,,,,,,,,,,,,,,,,,,,"
"Безвоздушный покрасочный аппарат HYVST SPT 650L, арт.0284",Окрасочные аппараты и аксессуары>Окрасочные аппараты,284,135 424.02,"https://dlt.by/image/catalog/tovar/spt650l/new/1.jpg,https://dlt.by/image/catalog/tovar/spt650l/new/2.jpg,https://dlt.by/image/catalog/tovar/spt650l/new/3.jpg,https://dlt.by/image/catalog/tovar/spt650l/new/4.jpg,https://dlt.by/image/catalog/tovar/spt650l/new/5.jpg,https://dlt.by/image/catalog/tovar/spt650l/new/6.jpg,https://dlt.by/image/catalog/tovar/spt650l/new/7.jpg,https://dlt.by/image/catalog/tovar/spt650l/new/8.jpg,https://dlt.by/image/catalog/tovar/spt650l/2.jpg,https://dlt.by/image/catalog/tovar/spt650l/3.jpg,https://dlt.by/image/catalog/tovar/spt650l/4.jpg,https://dlt.by/image/catalog/tovar/spt650l/5.jpg,https://dlt.by/image/catalog/tovar/spt650l/6.png,https://dlt.by/image/catalog/tovar/spt650l/7.png,https://dlt.by/image/catalog/tovar/spt650l/8.png,,,,,,,,,,,,,,,,,,,,,,,,,,,,,,,"
"Безвоздушный покрасочный аппарат HYVST EPT 270 NEW, арт.0282",Окрасочные аппараты и аксессуары>Окрасочные аппараты,282,87 273.26,"https://dlt.by/image/catalog/tovar/spt270/new/1.jpg,https://dlt.by/image/catalog/tovar/spt270/new/2.jpg,https://dlt.by/image/catalog/tovar/spt270/new/3.jpg,https://dlt.by/image/catalog/tovar/spt270/new/4.jpg,https://dlt.by/image/catalog/tovar/spt270/new/5.jpg,https://dlt.by/image/catalog/tovar/spt270/new/6.jpg,https://dlt.by/image/catalog/tovar/spt270/new/7.jpg,https://dlt.by/image/catalog/tovar/spt270/2.jpg,https://dlt.by/image/catalog/tovar/spt270/2-1.jpg,https://dlt.by/image/catalog/tovar/spt270/3.jpg,,,,,,,,,,,,,,,,,,,,,,,,,,,,,,,,,,,,"
"Безвоздушный покрасочный аппарат HYVST SPT 690, арт.0286",Окрасочные аппараты и аксессуары>Окрасочные аппараты,286,62 896.93,"https://dlt.by/image/catalog/tovar/spt690/new/1.jpg,https://dlt.by/image/catalog/tovar/spt690/new/2.jpg,https://dlt.by/image/catalog/tovar/spt690/new/3.jpg,https://dlt.by/image/catalog/tovar/spt690/new/4.jpg,https://dlt.by/image/catalog/tovar/spt690/new/5.jpg,https://dlt.by/image/catalog/tovar/spt690/new/6.jpg,https://dlt.by/image/catalog/tovar/spt690/new/7.jpg,https://dlt.by/image/catalog/tovar/spt690/new/8.jpg,https://dlt.by/image/catalog/tovar/spt690/new/9.jpg,https://dlt.by/image/catalog/tovar/spt690/2.jpg,https://dlt.by/image/catalog/tovar/spt690/3.jpg,https://dlt.by/image/catalog/tovar/spt690/4.jpg,https://dlt.by/image/catalog/tovar/spt690/5.jpg,,,,,,,,,,,,,,,,,,,,,,,,,,,,,,,,,"
"Безвоздушный покрасочный аппарат HYVST SPT 670, арт.0285",Окрасочные аппараты и аксессуары>Окрасочные аппараты,285,120 075.96,"https://dlt.by/image/catalog/tovar/spt670/new/1.jpg,https://dlt.by/image/catalog/tovar/spt670/new/2.jpg,https://dlt.by/image/catalog/tovar/spt670/new/3.jpg,https://dlt.by/image/catalog/tovar/spt670/new/4.jpg,https://dlt.by/image/catalog/tovar/spt670/new/5.jpg,https://dlt.by/image/catalog/tovar/spt670/new/6.jpg,https://dlt.by/image/catalog/tovar/spt670/new/7.jpg,https://dlt.by/image/catalog/tovar/spt670/new/8.jpg,https://dlt.by/image/catalog/tovar/spt670/new/9.jpg,https://dlt.by/image/catalog/tovar/spt670/2.jpg,https://dlt.by/image/catalog/tovar/spt670/3.jpg,https://dlt.by/image/catalog/tovar/spt670/4.jpg,,,,,,,,,,,,,,,,,,,,,,,,,,,,,,,,,,"
"Безвоздушный покрасочный аппарат HYVST SPT 1080L, арт.0283",Окрасочные аппараты и аксессуары>Окрасочные аппараты,283,207 650.16,"https://dlt.by/image/catalog/tovar/spt1080l/new/4.jpg,https://dlt.by/image/catalog/tovar/spt1080l/new/2.jpg,https://dlt.by/image/catalog/tovar/spt1080l/new/3.jpg,https://dlt.by/image/catalog/tovar/spt1080l/new/5.jpg,https://dlt.by/image/catalog/tovar/spt1080l/new/6.jpg,https://dlt.by/image/catalog/tovar/spt1080l/new/7.jpg,https://dlt.by/image/catalog/tovar/spt1080l/new/8.jpg,https://dlt.by/image/catalog/tovar/spt1080l/2.jpg,https://dlt.by/image/catalog/tovar/spt1080l/4.png,https://dlt.by/image/catalog/tovar/spt1080l/5.png,https://dlt.by/image/catalog/tovar/spt1080l/new/1.jpg,,,,,,,,,,,,,,,,,,,,,,,,,,,,,,,,,,,"
"Безвоздушный покрасочный аппарат HYVST GSGH-6, арт.0125",Окрасочные аппараты и аксессуары>Окрасочные аппараты,125,19 561.25,"https://dlt.by/image/catalog/image/catalog/tovar/gsgh-6/new/1.jpg,https://dlt.by/image/catalog/tovar/gsgh-6/new/1-1.jpg,https://dlt.by/image/catalog/tovar/gsgh-6/new/2.jpg,https://dlt.by/image/catalog/tovar/gsgh-6/new/3.jpg,https://dlt.by/image/catalog/easyphoto/429/bezvozdushnyy-pokrasochnyy-apparat-hyvst-gsgh-6-1.jpg,https://dlt.by/image/catalog/tovar/gsgh-6/new/5.jpg,https://dlt.by/image/catalog/tovar/gsgh-6/new/6.jpg,https://dlt.by/image/catalog/tovar/gsgh-6/1.jpg,https://dlt.by/image/catalog/tovar/gsgh-6/6.jpg,https://dlt.by/image/catalog/tovar/gsgh-6/4.jpg,https://dlt.by/image/catalog/tovar/gsgh-6/8.jpg,https://dlt.by/image/catalog/tovar/gsgh-6/7.jpg,https://dlt.by/image/catalog/tovar/gsgh-6/2.jpg,https://dlt.by/image/catalog/tovar/gsgh-6/3.jpg,,,,,,,,,,,,,,,,,,,,,,,,,,,,,,,,"
"Лазерный уровень Fukuda MW-93T-3-3GX комплект Professional, арт.0180",Лазерные нивелиры (лазерные уровни)>3D,180,20 464.07,"https://dlt.by/image/catalog/easyphoto/434/lazernyy-uroven-fukuda-mw-93t-3-3gx-komplekt-professional-1.png,https://dlt.by/image/catalog/easyphoto/434/lazernyy-uroven-fukuda-mw-93t-3-3gx-komplekt-professional-2.jpg,https://dlt.by/image/catalog/easyphoto/434/lazernyy-uroven-fukuda-mw-93t-3-3gx-komplekt-professional-3.jpg,https://dlt.by/image/catalog/easyphoto/434/lazernyy-uroven-fukuda-mw-93t-3-3gx-komplekt-professional-4.jpg,https://dlt.by/image/catalog/easyphoto/434/lazernyy-uroven-fukuda-mw-93t-3-3gx-komplekt-professional-5.jpg,https://dlt.by/image/catalog/easyphoto/434/lazernyy-uroven-fukuda-mw-93t-3-3gx-komplekt-professional-6.jpg,https://dlt.by/image/catalog/easyphoto/434/lazernyy-uroven-fukuda-mw-93t-3-3gx-komplekt-professional-7.jpg,https://dlt.by/image/catalog/easyphoto/434/lazernyy-uroven-fukuda-mw-93t-3-3gx-komplekt-professional-8.jpg,https://dlt.by/image/catalog/easyphoto/434/lazernyy-uroven-fukuda-mw-93t-3-3gx-komplekt-professional-9.jpg,https://dlt.by/image/catalog/easyphoto/434/lazernyy-uroven-fukuda-mw-93t-3-3gx-komplekt-professional-10.jpg,https://dlt.by/image/catalog/easyphoto/434/lazernyy-uroven-fukuda-mw-93t-3-3gx-komplekt-professional-11.jpg,https://dlt.by/image/catalog/easyphoto/434/lazernyy-uroven-fukuda-mw-93t-3-3gx-komplekt-professional-12.png,https://dlt.by/image/catalog/easyphoto/434/lazernyy-uroven-fukuda-mw-93t-3-3gx-komplekt-professional-13.jpg,https://dlt.by/image/catalog/easyphoto/434/lazernyy-uroven-fukuda-mw-93t-3-3gx-komplekt-professional-14.jpg,https://dlt.by/image/catalog/easyphoto/434/lazernyy-uroven-fukuda-mw-93t-3-3gx-komplekt-professional-15.png,https://dlt.by/image/catalog/easyphoto/434/lazernyy-uroven-fukuda-mw-93t-3-3gx-komplekt-professional-16.png,https://dlt.by/image/catalog/easyphoto/434/lazernyy-uroven-fukuda-mw-93t-3-3gx-komplekt-professional-17.png,https://dlt.by/image/catalog/easyphoto/434/lazernyy-uroven-fukuda-mw-93t-3-3gx-komplekt-professional-18.png,https://dlt.by/image/catalog/easyphoto/434/lazernyy-uroven-fukuda-mw-93t-3-3gx-komplekt-professional-19.png,https://dlt.by/image/catalog/easyphoto/434/lazernyy-uroven-fukuda-mw-93t-3-3gx-komplekt-professional-20.png,https://dlt.by/image/catalog/easyphoto/434/lazernyy-uroven-fukuda-mw-93t-3-3gx-komplekt-professional-21.png,https://dlt.by/image/catalog/easyphoto/434/lazernyy-uroven-fukuda-mw-93t-3-3gx-komplekt-professional-22.png,https://dlt.by/image/catalog/easyphoto/434/lazernyy-uroven-fukuda-mw-93t-3-3gx-komplekt-professional-23.png,https://dlt.by/image/catalog/easyphoto/434/lazernyy-uroven-fukuda-mw-93t-3-3gx-komplekt-professional-24.png,https://dlt.by/image/catalog/easyphoto/434/lazernyy-uroven-fukuda-mw-93t-3-3gx-komplekt-professional-25.png,https://dlt.by/image/catalog/easyphoto/434/lazernyy-uroven-fukuda-mw-93t-3-3gx-komplekt-professional-26.png,https://dlt.by/image/catalog/easyphoto/434/lazernyy-uroven-fukuda-mw-93t-3-3gx-komplekt-professional-27.png,https://dlt.by/image/catalog/easyphoto/434/lazernyy-uroven-fukuda-mw-93t-3-3gx-komplekt-professional-28.jpg,,,,,,,,,,,,,,,,,,"
"Кованый гвоздь DLT Bullet Point по бетону металлу и кирпичу,16мм, (1000шт) + Газовый баллон, арт.1246",Монтажные пистолеты>Гвозди для монтажных пистолетов,1246,2 497.82,"https://dlt.by/image/catalog/tovar/gvozdi/+ballon/gvozdi+ballonsvodnymi.jpg,https://dlt.by/image/catalog/tovar/gvozdi/11_1615788478.jpg,https://dlt.by/image/catalog/tovar/gvozdi/izobrazhenie_viber_2020-08-31_10-20-22.jpg,https://dlt.by/image/catalog/tovar/gvozdi/2.jpg,https://dlt.by/image/catalog/tovar/gvozdi/3.jpg,https://dlt.by/image/catalog/tovar/gvozdi/4.jpg,https://dlt.by/image/catalog/tovar/gvozdi/5.jpg,https://dlt.by/image/catalog/tovar/gvozdi/6.png,,,,,,,,,,,,,,,,,,,,,,,,,,,,,,,,,,,,,,"
"Кованый гвоздь DLT Bullet Point по бетону металлу и кирпичу,22мм, (1000шт) + Газовый баллон, арт.1248",Монтажные пистолеты>Гвозди для монтажных пистолетов,1248,2 648.29,"https://dlt.by/image/catalog/tovar/gvozdi/+ballon/gvozdi+ballonsvodnymi.jpg,https://dlt.by/image/catalog/tovar/gvozdi/11_1615788478.jpg,https://dlt.by/image/catalog/tovar/gvozdi/izobrazhenie_viber_2020-08-31_10-20-22.jpg,https://dlt.by/image/catalog/tovar/gvozdi/2.jpg,https://dlt.by/image/catalog/tovar/gvozdi/3.jpg,https://dlt.by/image/catalog/tovar/gvozdi/4.jpg,https://dlt.by/image/catalog/tovar/gvozdi/5.jpg,https://dlt.by/image/catalog/tovar/gvozdi/6.png,,,,,,,,,,,,,,,,,,,,,,,,,,,,,,,,,,,,,,"
"Кованый гвоздь DLT Bullet Point по бетону металлу и кирпичу,25мм, (1000шт) + Газовый баллон, арт.1249",Монтажные пистолеты>Гвозди для монтажных пистолетов,1249,2 738.57,"https://dlt.by/image/catalog/tovar/gvozdi/+ballon/gvozdi+ballonsvodnymi.jpg,https://dlt.by/image/catalog/tovar/gvozdi/11_1615788478.jpg,https://dlt.by/image/catalog/tovar/gvozdi/izobrazhenie_viber_2020-08-31_10-20-22.jpg,https://dlt.by/image/catalog/tovar/gvozdi/2.jpg,https://dlt.by/image/catalog/tovar/gvozdi/3.jpg,https://dlt.by/image/catalog/tovar/gvozdi/4.jpg,https://dlt.by/image/catalog/tovar/gvozdi/5.jpg,https://dlt.by/image/catalog/tovar/gvozdi/6.png,,,,,,,,,,,,,,,,,,,,,,,,,,,,,,,,,,,,,,"
"Боковая линейка DLT Keep для плиткореза, арт.0277",Плиткорезы ручные>Аксессуары для ручных плиткорезов>Разное,277,1 835.75,"https://dlt.by/image/catalog/tovar/log_dlt/1-1000x1000-800x800.jpg,https://dlt.by/image/catalog/dltkeep/2-1000x1000.png,https://dlt.by/image/catalog/dltkeep/3-1000x1000.png,https://dlt.by/image/catalog/dltmal/4.jpg,https://dlt.by/image/catalog/dltmal/5.jpg,https://dlt.by/image/catalog/dltmal/6.jpg,https://dlt.by/image/catalog/dltkeep/7-1000x1000.png,https://dlt.by/image/catalog/dltkeep/8-1000x1000.png,https://dlt.by/image/catalog/dltkeep/9-1000x1000.png,https://dlt.by/image/catalog/dltkeep/10-1000x1000.png,https://dlt.by/image/catalog/dltkeep/11-1000x1000.png,https://dlt.by/image/catalog/dltmal/12.jpg,https://dlt.by/image/catalog/dltmal/13.jpg,https://dlt.by/image/catalog/dltmal/14.jpg,https://dlt.by/image/catalog/dltmal/15.jpg,https://dlt.by/image/catalog/dltmal/16.jpg,https://dlt.by/image/catalog/dltmal/17.jpg,https://dlt.by/image/catalog/dltmal/18.jpg,https://dlt.by/image/catalog/dltmal/19.jpg,https://dlt.by/image/catalog/dltmal/20.jpg,https://dlt.by/image/catalog/dltmal/21.jpg,https://dlt.by/image/catalog/dltmal/22.jpg,https://dlt.by/image/catalog/dltmal/23.jpg,,,,,,,,,,,,,,,,,,,,,,,"
"Боковой упор-линейка DLT Keep Pro для плиткореза, арт.0130",Плиткорезы ручные>Аксессуары для ручных плиткорезов>Разное,130,3 159.89,"https://dlt.by/image/catalog/tovar/log_dlt/1-1000x1000(1)-800x800.jpg,https://dlt.by/image/catalog/dltbol/1-1.jpg,https://dlt.by/image/catalog/dltbol/1-2.jpg,https://dlt.by/image/catalog/dltkeep_pro/2-1000x1000.png,https://dlt.by/image/catalog/dltbol/5.jpg,https://dlt.by/image/catalog/dltbol/6.jpg,https://dlt.by/image/catalog/dltbol/7.jpg,https://dlt.by/image/catalog/dltbol/8.jpg,https://dlt.by/image/catalog/dltbol/9.jpg,https://dlt.by/image/catalog/dltbol/10.jpg,https://dlt.by/image/catalog/dltkeep_pro/11-1000x1000.png,https://dlt.by/image/catalog/dltbol/12.jpg,https://dlt.by/image/catalog/dltbol/13.jpg,https://dlt.by/image/catalog/dltbol/14.jpg,https://dlt.by/image/catalog/dltbol/15.jpg,https://dlt.by/image/catalog/dltbol/16.jpg,https://dlt.by/image/catalog/dltbol/17.jpg,https://dlt.by/image/catalog/dltbol/18.jpg,https://dlt.by/image/catalog/dltbol/19.jpg,https://dlt.by/image/catalog/dltbol/20.jpg,https://dlt.by/image/catalog/dltbol/21.jpg,https://dlt.by/image/catalog/dltbol/22.jpg,https://dlt.by/image/catalog/dltbol/23.jpg,https://dlt.by/image/catalog/dltbol/24.jpg,https://dlt.by/image/catalog/dltbol/25.jpg,https://dlt.by/image/catalog/dltbol/26.jpg,,,,,,,,,,,,,,,,,,,,"
"Коронка алмазная DLT&9plitok, ПРЕМИУМ класс, вакуумная пайка, 16мм, арт.0259",Алмазная оснастка>Алмазные коронки для плитки,259,872.73,"https://dlt.by/image/catalog/image/catalog/tovar/koronka/14_15_16/16_new/1.jpg,https://dlt.by/image/catalog/tovar/koronka/14_15_16/16_new/2.jpg,https://dlt.by/image/catalog/tovar/koronka/14_15_16/16_new/3.jpg,https://dlt.by/image/catalog/tovar/koronka/14_15_16/16_new/5.jpg,https://dlt.by/image/catalog/tovar/koronka/14_15_16/16_new/7.jpg,https://dlt.by/image/catalog/tovar/koronka/14_15_16/16_new/7-1.jpg,https://dlt.by/image/catalog/tovar/koronka/14_15_16/16_new/8.jpg,https://dlt.by/image/catalog/tovar/koronka/14_15_16/16_new/8-1.jpg,https://dlt.by/image/catalog/tovar/koronka/14_15_16/16_new/9.jpg,https://dlt.by/image/catalog/tovar/koronka/14_15_16/16_new/9-1.jpg,https://dlt.by/image/catalog/tovar/koronka/14_15_16/16_new/10.jpg,https://dlt.by/image/catalog/tovar/koronka/14_15_16/16_new/10-1.jpg,https://dlt.by/image/catalog/tovar/koronka/14_15_16/16_new/11.jpg,https://dlt.by/image/catalog/tovar/koronka/14_15_16/16_new/12.jpg,,,,,,,,,,,,,,,,,,,,,,,,,,,,,,,,"
"Коронка алмазная DLT&9plitok, ПРЕМИУМ класс, вакуумная пайка, 18мм, арт.0260",Алмазная оснастка>Алмазные коронки для плитки,260,1 023.20,"https://dlt.by/image/catalog/image/catalog/tovar/koronka/18_20/18_n/1.jpg,https://dlt.by/image/catalog/tovar/koronka/18_20/18_n/2.jpg,https://dlt.by/image/catalog/tovar/koronka/18_20/18_n/3.jpg,https://dlt.by/image/catalog/tovar/koronka/18_20/18_n/5.jpg,https://dlt.by/image/catalog/tovar/koronka/18_20/18_n/7.jpg,https://dlt.by/image/catalog/tovar/koronka/18_20/18_n/7-1.jpg,https://dlt.by/image/catalog/tovar/koronka/18_20/18_n/8.jpg,https://dlt.by/image/catalog/tovar/koronka/18_20/18_n/8-1.jpg,https://dlt.by/image/catalog/tovar/koronka/18_20/18_n/9.jpg,https://dlt.by/image/catalog/tovar/koronka/18_20/18_n/9-1.jpg,https://dlt.by/image/catalog/tovar/koronka/18_20/18_n/10.jpg,https://dlt.by/image/catalog/tovar/koronka/18_20/18_n/10-1.jpg,https://dlt.by/image/catalog/tovar/koronka/18_20/18_n/11.jpg,https://dlt.by/image/catalog/tovar/koronka/18_20/18_n/12.jpg,,,,,,,,,,,,,,,,,,,,,,,,,,,,,,,,"
"Коронка алмазная DLT&9plitok, ПРЕМИУМ класс, вакуумная пайка, 20мм, арт.0261",Алмазная оснастка>Алмазные коронки для плитки,261,902.83,"https://dlt.by/image/catalog/image/catalog/tovar/koronka/18_20/20_new/1.jpg,https://dlt.by/image/catalog/tovar/koronka/18_20/20_new/2.jpg,https://dlt.by/image/catalog/tovar/koronka/18_20/20_new/3.jpg,https://dlt.by/image/catalog/tovar/koronka/18_20/20_new/5.jpg,https://dlt.by/image/catalog/tovar/koronka/18_20/20_new/7.jpg,https://dlt.by/image/catalog/tovar/koronka/18_20/20_new/7-1.jpg,https://dlt.by/image/catalog/tovar/koronka/18_20/20_new/8.jpg,https://dlt.by/image/catalog/tovar/koronka/18_20/20_new/8-1.jpg,https://dlt.by/image/catalog/tovar/koronka/18_20/20_new/9.jpg,https://dlt.by/image/catalog/tovar/koronka/18_20/20_new/9-1.jpg,https://dlt.by/image/catalog/tovar/koronka/18_20/20_new/10.jpg,https://dlt.by/image/catalog/tovar/koronka/18_20/20_new/10-1.jpg,https://dlt.by/image/catalog/tovar/koronka/18_20/20_new/11.jpg,https://dlt.by/image/catalog/tovar/koronka/18_20/20_new/12.jpg,,,,,,,,,,,,,,,,,,,,,,,,,,,,,,,,"
"Коронка алмазная DLT&9plitok, ПРЕМИУМ класс, вакуумная пайка, 25мм, арт.0262",Алмазная оснастка>Алмазные коронки для плитки,262,1 023.20,"https://dlt.by/image/catalog/image/catalog/tovar/koronka/25_new/new/1.jpg,https://dlt.by/image/catalog/tovar/koronka/25_new/new/2.jpg,https://dlt.by/image/catalog/tovar/koronka/25_new/new/3.jpg,https://dlt.by/image/catalog/tovar/koronka/25_new/new/5.jpg,https://dlt.by/image/catalog/tovar/koronka/25_new/new/6.jpg,https://dlt.by/image/catalog/tovar/koronka/25_new/new/7.jpg,https://dlt.by/image/catalog/tovar/koronka/25_new/new/7-1.jpg,https://dlt.by/image/catalog/tovar/koronka/25_new/new/8.jpg,https://dlt.by/image/catalog/tovar/koronka/25_new/new/8-1.jpg,https://dlt.by/image/catalog/tovar/koronka/25_new/new/9.jpg,https://dlt.by/image/catalog/tovar/koronka/25_new/new/9-1.jpg,https://dlt.by/image/catalog/tovar/koronka/25_new/new/10.jpg,https://dlt.by/image/catalog/tovar/koronka/25_new/new/10-1.jpg,https://dlt.by/image/catalog/tovar/koronka/25_new/new/11.jpg,https://dlt.by/image/catalog/tovar/koronka/25_new/new/12.jpg,,,,,,,,,,,,,,,,,,,,,,,,,,,,,,,"
"Коронка алмазная DLT&9plitok, ПРЕМИУМ класс, вакуумная пайка, 32мм, арт.0485",Алмазная оснастка>Алмазные коронки для плитки,485,1 354.24,"https://dlt.by/image/catalog/image/catalog/tovar/koronka/32_new/new/1.jpg,https://dlt.by/image/catalog/tovar/koronka/32_new/new/2.jpg,https://dlt.by/image/catalog/tovar/koronka/32_new/new/3.jpg,https://dlt.by/image/catalog/tovar/koronka/32_new/new/5.jpg,https://dlt.by/image/catalog/tovar/koronka/32_new/new/6.jpg,https://dlt.by/image/catalog/tovar/koronka/32_new/new/7.jpg,https://dlt.by/image/catalog/tovar/koronka/32_new/new/7-1.jpg,https://dlt.by/image/catalog/tovar/koronka/32_new/new/8.jpg,https://dlt.by/image/catalog/tovar/koronka/32_new/new/8-1.jpg,https://dlt.by/image/catalog/tovar/koronka/32_new/new/9.jpg,https://dlt.by/image/catalog/tovar/koronka/32_new/new/9-1.jpg,https://dlt.by/image/catalog/tovar/koronka/32_new/new/10.jpg,https://dlt.by/image/catalog/tovar/koronka/32_new/new/10-1.jpg,https://dlt.by/image/catalog/tovar/koronka/32_new/new/11.jpg,https://dlt.by/image/catalog/tovar/koronka/32_new/new/12.jpg,,,,,,,,,,,,,,,,,,,,,,,,,,,,,,,"
"Коронка алмазная DLT&9plitok, ПРЕМИУМ класс, вакуумная пайка, 35мм, арт.0486",Алмазная оснастка>Алмазные коронки для плитки,486,1 444.52,"https://dlt.by/image/catalog/image/catalog/tovar/koronka/35_40/35_new/1.jpg,https://dlt.by/image/catalog/tovar/koronka/35_40/35_new/2.jpg,https://dlt.by/image/catalog/tovar/koronka/35_40/35_new/3.jpg,https://dlt.by/image/catalog/tovar/koronka/35_40/35_new/5.jpg,https://dlt.by/image/catalog/tovar/koronka/35_40/35_new/6.jpg,https://dlt.by/image/catalog/tovar/koronka/35_40/35_new/7.jpg,https://dlt.by/image/catalog/tovar/koronka/35_40/35_new/7-1.jpg,https://dlt.by/image/catalog/tovar/koronka/35_40/35_new/8.jpg,https://dlt.by/image/catalog/tovar/koronka/35_40/35_new/8-1.jpg,https://dlt.by/image/catalog/tovar/koronka/35_40/35_new/9.jpg,https://dlt.by/image/catalog/tovar/koronka/35_40/35_new/9-1.jpg,https://dlt.by/image/catalog/tovar/koronka/35_40/35_new/10.jpg,https://dlt.by/image/catalog/tovar/koronka/35_40/35_new/10-1.jpg,https://dlt.by/image/catalog/tovar/koronka/35_40/35_new/11.jpg,https://dlt.by/image/catalog/tovar/koronka/35_40/35_new/12.jpg,,,,,,,,,,,,,,,,,,,,,,,,,,,,,,,"
"Коронка алмазная DLT&9plitok, ПРЕМИУМ класс, вакуумная пайка, 40мм, арт.0488",Алмазная оснастка>Алмазные коронки для плитки,488,1 805.65,"https://dlt.by/image/catalog/image/catalog/tovar/koronka/35_40/40_new/1.jpg,https://dlt.by/image/catalog/tovar/koronka/35_40/40_new/2.jpg,https://dlt.by/image/catalog/tovar/koronka/35_40/40_new/3.jpg,https://dlt.by/image/catalog/tovar/koronka/35_40/40_new/5.jpg,https://dlt.by/image/catalog/tovar/koronka/35_40/40_new/6.jpg,https://dlt.by/image/catalog/tovar/koronka/35_40/40_new/7.jpg,https://dlt.by/image/catalog/tovar/koronka/35_40/40_new/7-1.jpg,https://dlt.by/image/catalog/tovar/koronka/35_40/40_new/8.jpg,https://dlt.by/image/catalog/tovar/koronka/35_40/40_new/8-1.jpg,https://dlt.by/image/catalog/tovar/koronka/35_40/40_new/9.jpg,https://dlt.by/image/catalog/tovar/koronka/35_40/40_new/9-1.jpg,https://dlt.by/image/catalog/tovar/koronka/35_40/40_new/10.jpg,https://dlt.by/image/catalog/tovar/koronka/35_40/40_new/10-1.jpg,https://dlt.by/image/catalog/tovar/koronka/35_40/40_new/11.jpg,https://dlt.by/image/catalog/tovar/koronka/35_40/40_new/12.jpg,,,,,,,,,,,,,,,,,,,,,,,,,,,,,,,"
"Коронка алмазная DLT&9plitok, ПРЕМИУМ класс, вакуумная пайка, 45мм, арт.0489",Алмазная оснастка>Алмазные коронки для плитки,489,2 046.41,"https://dlt.by/image/catalog/image/catalog/tovar/koronka/45_new/new/1.jpg,https://dlt.by/image/catalog/tovar/koronka/45_new/new/2.jpg,https://dlt.by/image/catalog/tovar/koronka/45_new/new/3.jpg,https://dlt.by/image/catalog/tovar/koronka/45_new/new/5.jpg,https://dlt.by/image/catalog/tovar/koronka/45_new/new/6.jpg,https://dlt.by/image/catalog/tovar/koronka/45_new/new/7.jpg,https://dlt.by/image/catalog/tovar/koronka/45_new/new/7-1.jpg,https://dlt.by/image/catalog/tovar/koronka/45_new/new/8.jpg,https://dlt.by/image/catalog/tovar/koronka/45_new/new/8-1.jpg,https://dlt.by/image/catalog/tovar/koronka/45_new/new/9.jpg,https://dlt.by/image/catalog/tovar/koronka/45_new/new/9-1.jpg,https://dlt.by/image/catalog/tovar/koronka/45_new/new/10.jpg,https://dlt.by/image/catalog/tovar/koronka/45_new/new/10-1.jpg,https://dlt.by/image/catalog/tovar/koronka/45_new/new/11.jpg,https://dlt.by/image/catalog/tovar/koronka/45_new/new/12.jpg,,,,,,,,,,,,,,,,,,,,,,,,,,,,,,,"
"Коронка алмазная DLT&9plitok, ПРЕМИУМ класс, вакуумная пайка, 50мм, арт.0264",Алмазная оснастка>Алмазные коронки для плитки,264,2 317.26,"https://dlt.by/image/catalog/image/catalog/tovar/koronka/50_55/50_new/1.jpg,https://dlt.by/image/catalog/tovar/koronka/50_55/50_new/2.jpg,https://dlt.by/image/catalog/tovar/koronka/50_55/50_new/3.jpg,https://dlt.by/image/catalog/tovar/koronka/50_55/50_new/5.jpg,https://dlt.by/image/catalog/tovar/koronka/50_55/50_new/6.jpg,https://dlt.by/image/catalog/tovar/koronka/50_55/50_new/7.jpg,https://dlt.by/image/catalog/tovar/koronka/50_55/50_new/7-1.jpg,https://dlt.by/image/catalog/tovar/koronka/50_55/50_new/8.jpg,https://dlt.by/image/catalog/tovar/koronka/50_55/50_new/8-1.jpg,https://dlt.by/image/catalog/tovar/koronka/50_55/50_new/9.jpg,https://dlt.by/image/catalog/tovar/koronka/50_55/50_new/9-1.jpg,https://dlt.by/image/catalog/tovar/koronka/50_55/50_new/10.jpg,https://dlt.by/image/catalog/tovar/koronka/50_55/50_new/10-1.jpg,https://dlt.by/image/catalog/tovar/koronka/50_55/50_new/11.jpg,https://dlt.by/image/catalog/tovar/koronka/50_55/50_new/12.jpg,,,,,,,,,,,,,,,,,,,,,,,,,,,,,,,"
"Коронка алмазная DLT&9plitok, ПРЕМИУМ класс, вакуумная пайка, 55мм, арт.0265",Алмазная оснастка>Алмазные коронки для плитки,265,2 497.82,"https://dlt.by/image/catalog/image/catalog/tovar/koronka/50_55/55_new/1.jpg,https://dlt.by/image/catalog/tovar/koronka/50_55/55_new/2.jpg,https://dlt.by/image/catalog/tovar/koronka/50_55/55_new/3.jpg,https://dlt.by/image/catalog/tovar/koronka/50_55/55_new/5.jpg,https://dlt.by/image/catalog/tovar/koronka/50_55/55_new/6.jpg,https://dlt.by/image/catalog/tovar/koronka/50_55/55_new/7.jpg,https://dlt.by/image/catalog/tovar/koronka/50_55/55_new/7-1.jpg,https://dlt.by/image/catalog/tovar/koronka/50_55/55_new/8.jpg,https://dlt.by/image/catalog/tovar/koronka/50_55/55_new/8-1.jpg,https://dlt.by/image/catalog/tovar/koronka/50_55/55_new/9.jpg,https://dlt.by/image/catalog/tovar/koronka/50_55/55_new/9-1.jpg,https://dlt.by/image/catalog/tovar/koronka/50_55/55_new/10.jpg,https://dlt.by/image/catalog/tovar/koronka/50_55/55_new/10-1.jpg,https://dlt.by/image/catalog/tovar/koronka/50_55/55_new/11.jpg,https://dlt.by/image/catalog/tovar/koronka/50_55/55_new/12.jpg,,,,,,,,,,,,,,,,,,,,,,,,,,,,,,,"
"Коронка алмазная DLT&9plitok, ПРЕМИУМ класс, вакуумная пайка, 60мм, арт.0266",Алмазная оснастка>Алмазные коронки для плитки,266,2 768.67,"https://dlt.by/image/catalog/image/catalog/tovar/koronka/60_68_70/60_new/1.jpg,https://dlt.by/image/catalog/tovar/koronka/60_68_70/60_new/2.jpg,https://dlt.by/image/catalog/tovar/koronka/60_68_70/60_new/3.jpg,https://dlt.by/image/catalog/tovar/koronka/60_68_70/60_new/5.jpg,https://dlt.by/image/catalog/tovar/koronka/60_68_70/60_new/6.jpg,https://dlt.by/image/catalog/tovar/koronka/60_68_70/60_new/7.jpg,https://dlt.by/image/catalog/tovar/koronka/60_68_70/60_new/7-1.jpg,https://dlt.by/image/catalog/tovar/koronka/60_68_70/60_new/8.jpg,https://dlt.by/image/catalog/tovar/koronka/60_68_70/60_new/8-1.jpg,https://dlt.by/image/catalog/tovar/koronka/60_68_70/60_new/9.jpg,https://dlt.by/image/catalog/tovar/koronka/60_68_70/60_new/9-1.jpg,https://dlt.by/image/catalog/tovar/koronka/60_68_70/60_new/10.jpg,https://dlt.by/image/catalog/tovar/koronka/60_68_70/60_new/10-1.jpg,https://dlt.by/image/catalog/tovar/koronka/60_68_70/60_new/11.jpg,https://dlt.by/image/catalog/tovar/koronka/60_68_70/60_new/12.jpg,,,,,,,,,,,,,,,,,,,,,,,,,,,,,,,"
"Коронка алмазная DLT&9plitok, ПРЕМИУМ класс, вакуумная пайка, 68мм, арт.0490",Алмазная оснастка>Алмазные коронки для плитки,490,3 009.42,"https://dlt.by/image/catalog/image/catalog/tovar/koronka/60_68_70/68_new/1.jpg,https://dlt.by/image/catalog/tovar/koronka/60_68_70/68_new/2.jpg,https://dlt.by/image/catalog/tovar/koronka/60_68_70/68_new/3.jpg,https://dlt.by/image/catalog/tovar/koronka/60_68_70/68_new/5.jpg,https://dlt.by/image/catalog/tovar/koronka/60_68_70/68_new/6.jpg,https://dlt.by/image/catalog/tovar/koronka/60_68_70/68_new/7.jpg,https://dlt.by/image/catalog/tovar/koronka/60_68_70/68_new/7-1.jpg,https://dlt.by/image/catalog/tovar/koronka/60_68_70/68_new/8.jpg,https://dlt.by/image/catalog/tovar/koronka/60_68_70/68_new/8-1.jpg,https://dlt.by/image/catalog/tovar/koronka/60_68_70/68_new/9.jpg,https://dlt.by/image/catalog/tovar/koronka/60_68_70/68_new/9-1.jpg,https://dlt.by/image/catalog/tovar/koronka/60_68_70/68_new/10.jpg,https://dlt.by/image/catalog/tovar/koronka/60_68_70/68_new/10-1.jpg,https://dlt.by/image/catalog/tovar/koronka/60_68_70/68_new/11.jpg,https://dlt.by/image/catalog/tovar/koronka/60_68_70/68_new/12.jpg,,,,,,,,,,,,,,,,,,,,,,,,,,,,,,,"
"Коронка алмазная DLT&9plitok, ПРЕМИУМ класс, вакуумная пайка, 70мм, арт.0491",Алмазная оснастка>Алмазные коронки для плитки,491,3 159.89,"https://dlt.by/image/catalog/image/catalog/tovar/koronka/60_68_70/70_new/1.jpg,https://dlt.by/image/catalog/tovar/koronka/60_68_70/70_new/2.jpg,https://dlt.by/image/catalog/tovar/koronka/60_68_70/70_new/3.jpg,https://dlt.by/image/catalog/tovar/koronka/60_68_70/70_new/5.jpg,https://dlt.by/image/catalog/tovar/koronka/60_68_70/70_new/6.jpg,https://dlt.by/image/catalog/tovar/koronka/60_68_70/70_new/7.jpg,https://dlt.by/image/catalog/tovar/koronka/60_68_70/70_new/7-1.jpg,https://dlt.by/image/catalog/tovar/koronka/60_68_70/70_new/8.jpg,https://dlt.by/image/catalog/tovar/koronka/60_68_70/70_new/8-1.jpg,https://dlt.by/image/catalog/tovar/koronka/60_68_70/70_new/9.jpg,https://dlt.by/image/catalog/tovar/koronka/60_68_70/70_new/9-1.jpg,https://dlt.by/image/catalog/tovar/koronka/60_68_70/70_new/10.jpg,https://dlt.by/image/catalog/tovar/koronka/60_68_70/70_new/10-1.jpg,https://dlt.by/image/catalog/tovar/koronka/60_68_70/70_new/11.jpg,https://dlt.by/image/catalog/tovar/koronka/60_68_70/70_new/12.jpg,,,,,,,,,,,,,,,,,,,,,,,,,,,,,,,"
"Коронка алмазная DLT&9plitok, ПРЕМИУМ класс, вакуумная пайка, 100мм, арт.0249",Алмазная оснастка>Алмазные коронки для плитки,249,3 912.25,"https://dlt.by/image/catalog/image/catalog/tovar/koronka/100_105_110_115_120_125/100_new/1.jpg,https://dlt.by/image/catalog/tovar/koronka/100_105_110_115_120_125/100_new/2.jpg,https://dlt.by/image/catalog/tovar/koronka/100_105_110_115_120_125/100_new/3.jpg,https://dlt.by/image/catalog/tovar/koronka/100_105_110_115_120_125/100_new/5.jpg,https://dlt.by/image/catalog/tovar/koronka/100_105_110_115_120_125/100_new/6.jpg,https://dlt.by/image/catalog/tovar/koronka/100_105_110_115_120_125/100_new/7.jpg,https://dlt.by/image/catalog/tovar/koronka/100_105_110_115_120_125/100_new/7-1.jpg,https://dlt.by/image/catalog/tovar/koronka/100_105_110_115_120_125/100_new/8.jpg,https://dlt.by/image/catalog/tovar/koronka/100_105_110_115_120_125/100_new/8-1.jpg,https://dlt.by/image/catalog/tovar/koronka/100_105_110_115_120_125/100_new/9.jpg,https://dlt.by/image/catalog/tovar/koronka/100_105_110_115_120_125/100_new/9-1.jpg,https://dlt.by/image/catalog/tovar/koronka/100_105_110_115_120_125/100_new/10.jpg,https://dlt.by/image/catalog/tovar/koronka/100_105_110_115_120_125/100_new/10-1.jpg,https://dlt.by/image/catalog/tovar/koronka/100_105_110_115_120_125/100_new/11.jpg,https://dlt.by/image/catalog/tovar/koronka/100_105_110_115_120_125/100_new/12.jpg,,,,,,,,,,,,,,,,,,,,,,,,,,,,,,,"
"Коронка алмазная DLT&9plitok, ПРЕМИУМ класс, вакуумная пайка, 105мм, арт.0250",Алмазная оснастка>Алмазные коронки для плитки,250,4 965.55,"https://dlt.by/image/catalog/image/catalog/tovar/koronka/100_105_110_115_120_125/105_new/1.jpg,https://dlt.by/image/catalog/tovar/koronka/100_105_110_115_120_125/105_new/2.jpg,https://dlt.by/image/catalog/tovar/koronka/100_105_110_115_120_125/105_new/3.jpg,https://dlt.by/image/catalog/tovar/koronka/100_105_110_115_120_125/105_new/5.jpg,https://dlt.by/image/catalog/tovar/koronka/100_105_110_115_120_125/105_new/6.jpg,https://dlt.by/image/catalog/tovar/koronka/100_105_110_115_120_125/105_new/7.jpg,https://dlt.by/image/catalog/tovar/koronka/100_105_110_115_120_125/105_new/7-1.jpg,https://dlt.by/image/catalog/tovar/koronka/100_105_110_115_120_125/105_new/8.jpg,https://dlt.by/image/catalog/tovar/koronka/100_105_110_115_120_125/105_new/8-1.jpg,https://dlt.by/image/catalog/tovar/koronka/100_105_110_115_120_125/105_new/9.jpg,https://dlt.by/image/catalog/tovar/koronka/100_105_110_115_120_125/105_new/9-1.jpg,https://dlt.by/image/catalog/tovar/koronka/100_105_110_115_120_125/105_new/10.jpg,https://dlt.by/image/catalog/tovar/koronka/100_105_110_115_120_125/105_new/10-1.jpg,https://dlt.by/image/catalog/tovar/koronka/100_105_110_115_120_125/105_new/11.jpg,https://dlt.by/image/catalog/tovar/koronka/100_105_110_115_120_125/105_new/12.jpg,,,,,,,,,,,,,,,,,,,,,,,,,,,,,,,"
"Коронка алмазная DLT&9plitok, ПРЕМИУМ класс, вакуумная пайка, 110мм, арт.0252",Алмазная оснастка>Алмазные коронки для плитки,252,4 514.13,"https://dlt.by/image/catalog/image/catalog/tovar/koronka/100_105_110_115_120_125/110_new/1.jpg,https://dlt.by/image/catalog/tovar/koronka/100_105_110_115_120_125/110_new/2.jpg,https://dlt.by/image/catalog/tovar/koronka/100_105_110_115_120_125/110_new/3.jpg,https://dlt.by/image/catalog/tovar/koronka/100_105_110_115_120_125/110_new/5.jpg,https://dlt.by/image/catalog/tovar/koronka/100_105_110_115_120_125/110_new/6.jpg,https://dlt.by/image/catalog/tovar/koronka/100_105_110_115_120_125/110_new/7.jpg,https://dlt.by/image/catalog/tovar/koronka/100_105_110_115_120_125/110_new/7-1.jpg,https://dlt.by/image/catalog/tovar/koronka/100_105_110_115_120_125/110_new/8.jpg,https://dlt.by/image/catalog/tovar/koronka/100_105_110_115_120_125/110_new/8-1.jpg,https://dlt.by/image/catalog/tovar/koronka/100_105_110_115_120_125/110_new/9.jpg,https://dlt.by/image/catalog/tovar/koronka/100_105_110_115_120_125/110_new/9-1.jpg,https://dlt.by/image/catalog/tovar/koronka/100_105_110_115_120_125/110_new/10.jpg,https://dlt.by/image/catalog/tovar/koronka/100_105_110_115_120_125/110_new/10-1.jpg,https://dlt.by/image/catalog/tovar/koronka/100_105_110_115_120_125/110_new/11.jpg,https://dlt.by/image/catalog/tovar/koronka/100_105_110_115_120_125/110_new/12.jpg,,,,,,,,,,,,,,,,,,,,,,,,,,,,,,,"
"Коронка алмазная DLT&9plitok, ПРЕМИУМ класс, вакуумная пайка, 115мм, арт.0253",Алмазная оснастка>Алмазные коронки для плитки,253,5 266.49,"https://dlt.by/image/catalog/image/catalog/tovar/koronka/100_105_110_115_120_125/115_new/1.jpg,https://dlt.by/image/catalog/tovar/koronka/100_105_110_115_120_125/115_new/2.jpg,https://dlt.by/image/catalog/tovar/koronka/100_105_110_115_120_125/115_new/3.jpg,https://dlt.by/image/catalog/tovar/koronka/100_105_110_115_120_125/115_new/5.jpg,https://dlt.by/image/catalog/tovar/koronka/100_105_110_115_120_125/115_new/6.jpg,https://dlt.by/image/catalog/tovar/koronka/100_105_110_115_120_125/115_new/7.jpg,https://dlt.by/image/catalog/tovar/koronka/100_105_110_115_120_125/115_new/7-1.jpg,https://dlt.by/image/catalog/tovar/koronka/100_105_110_115_120_125/115_new/8.jpg,https://dlt.by/image/catalog/tovar/koronka/100_105_110_115_120_125/115_new/8-1.jpg,https://dlt.by/image/catalog/tovar/koronka/100_105_110_115_120_125/115_new/9.jpg,https://dlt.by/image/catalog/tovar/koronka/100_105_110_115_120_125/115_new/9-1.jpg,https://dlt.by/image/catalog/tovar/koronka/100_105_110_115_120_125/115_new/10.jpg,https://dlt.by/image/catalog/tovar/koronka/100_105_110_115_120_125/115_new/10-1.jpg,https://dlt.by/image/catalog/tovar/koronka/100_105_110_115_120_125/115_new/11.jpg,https://dlt.by/image/catalog/tovar/koronka/100_105_110_115_120_125/115_new/12.jpg,,,,,,,,,,,,,,,,,,,,,,,,,,,,,,,"
"Коронка алмазная DLT&9plitok, ПРЕМИУМ класс, вакуумная пайка, 120мм, арт.0254",Алмазная оснастка>Алмазные коронки для плитки,254,5 567.43,"https://dlt.by/image/catalog/image/catalog/tovar/koronka/100_105_110_115_120_125/120_new/1.jpg,https://dlt.by/image/catalog/tovar/koronka/100_105_110_115_120_125/120_new/2.jpg,https://dlt.by/image/catalog/tovar/koronka/100_105_110_115_120_125/120_new/3.jpg,https://dlt.by/image/catalog/tovar/koronka/100_105_110_115_120_125/120_new/5.jpg,https://dlt.by/image/catalog/tovar/koronka/100_105_110_115_120_125/120_new/6.jpg,https://dlt.by/image/catalog/tovar/koronka/100_105_110_115_120_125/120_new/7.jpg,https://dlt.by/image/catalog/tovar/koronka/100_105_110_115_120_125/120_new/7-1.jpg,https://dlt.by/image/catalog/tovar/koronka/100_105_110_115_120_125/120_new/8.jpg,https://dlt.by/image/catalog/tovar/koronka/100_105_110_115_120_125/120_new/8-1.jpg,https://dlt.by/image/catalog/tovar/koronka/100_105_110_115_120_125/120_new/9.jpg,https://dlt.by/image/catalog/tovar/koronka/100_105_110_115_120_125/120_new/9-1.jpg,https://dlt.by/image/catalog/tovar/koronka/100_105_110_115_120_125/120_new/10.jpg,https://dlt.by/image/catalog/tovar/koronka/100_105_110_115_120_125/120_new/10-1.jpg,https://dlt.by/image/catalog/tovar/koronka/100_105_110_115_120_125/120_new/11.jpg,https://dlt.by/image/catalog/tovar/koronka/100_105_110_115_120_125/120_new/12.jpg,,,,,,,,,,,,,,,,,,,,,,,,,,,,,,,"
"Коронка алмазная DLT&9plitok, ПРЕМИУМ класс, вакуумная пайка, 125мм, арт.0255",Алмазная оснастка>Алмазные коронки для плитки,255,5 416.96,"https://dlt.by/image/catalog/image/catalog/tovar/koronka/100_105_110_115_120_125/125_new/1.jpg,https://dlt.by/image/catalog/tovar/koronka/100_105_110_115_120_125/125_new/2.jpg,https://dlt.by/image/catalog/tovar/koronka/100_105_110_115_120_125/125_new/3.jpg,https://dlt.by/image/catalog/tovar/koronka/100_105_110_115_120_125/125_new/5.jpg,https://dlt.by/image/catalog/tovar/koronka/100_105_110_115_120_125/125_new/6.jpg,https://dlt.by/image/catalog/tovar/koronka/100_105_110_115_120_125/125_new/7.jpg,https://dlt.by/image/catalog/tovar/koronka/100_105_110_115_120_125/125_new/7-1.jpg,https://dlt.by/image/catalog/tovar/koronka/100_105_110_115_120_125/125_new/8.jpg,https://dlt.by/image/catalog/tovar/koronka/100_105_110_115_120_125/125_new/8-1.jpg,https://dlt.by/image/catalog/tovar/koronka/100_105_110_115_120_125/125_new/9.jpg,https://dlt.by/image/catalog/tovar/koronka/100_105_110_115_120_125/125_new/9-1.jpg,https://dlt.by/image/catalog/tovar/koronka/100_105_110_115_120_125/125_new/10.jpg,https://dlt.by/image/catalog/tovar/koronka/100_105_110_115_120_125/125_new/10-1.jpg,https://dlt.by/image/catalog/tovar/koronka/100_105_110_115_120_125/125_new/11.jpg,https://dlt.by/image/catalog/tovar/koronka/100_105_110_115_120_125/125_new/12.jpg,,,,,,,,,,,,,,,,,,,,,,,,,,,,,,,"
"Коронка алмазная DLT&9plitok, ПРЕМИУМ класс, вакуумная пайка, 28мм, арт.0263",Алмазная оснастка>Алмазные коронки для плитки,263,1 203.77,"https://dlt.by/image/catalog/image/catalog/tovar/koronka/28_new/1.jpg,https://dlt.by/image/catalog/tovar/koronka/28_new/2.jpg,https://dlt.by/image/catalog/tovar/koronka/28_new/3.jpg,https://dlt.by/image/catalog/tovar/koronka/28_new/5.jpg,https://dlt.by/image/catalog/tovar/koronka/28_new/6.jpg,https://dlt.by/image/catalog/tovar/koronka/28_new/7.jpg,https://dlt.by/image/catalog/tovar/koronka/28_new/7-1.jpg,https://dlt.by/image/catalog/tovar/koronka/28_new/8.jpg,https://dlt.by/image/catalog/tovar/koronka/28_new/8-1.jpg,https://dlt.by/image/catalog/tovar/koronka/28_new/9.jpg,https://dlt.by/image/catalog/tovar/koronka/28_new/9-1.jpg,https://dlt.by/image/catalog/tovar/koronka/28_new/10.jpg,https://dlt.by/image/catalog/tovar/koronka/28_new/10-1.jpg,https://dlt.by/image/catalog/tovar/koronka/28_new/11.jpg,https://dlt.by/image/catalog/tovar/koronka/28_new/12.jpg,,,,,,,,,,,,,,,,,,,,,,,,,,,,,,,"
"Фреза алмазная DLT&9plitok, пальчиковая, ПРЕМИУМ класса, 6мм, арт.0097",Алмазная оснастка>Алмазные коронки для плитки,97,1 263.96,"https://dlt.by/image/catalog/image/catalog/tovar/frez/6_8_10_12/6_new/1.jpg,https://dlt.by/image/catalog/tovar/frez/6_8_10_12/6_new/2.jpg,https://dlt.by/image/catalog/tovar/frez/6_8_10_12/6_new/3.jpg,https://dlt.by/image/catalog/tovar/frez/6_8_10_12/6_new/4.jpg,,,,,,,,,,,,,,,,,,,,,,,,,,,,,,,,,,,,,,,,,,"
"Фреза алмазная DLT&9plitok, пальчиковая, ПРЕМИУМ класса, 8мм, арт.0848",Алмазная оснастка>Алмазные коронки для плитки,848,1 354.24,"https://dlt.by/image/catalog/image/catalog/tovar/frez/6_8_10_12/8_new/1.jpg,https://dlt.by/image/catalog/tovar/frez/6_8_10_12/8_new/2.jpg,https://dlt.by/image/catalog/tovar/frez/6_8_10_12/8_new/3.jpg,https://dlt.by/image/catalog/tovar/frez/6_8_10_12/8_new/4.jpg,,,,,,,,,,,,,,,,,,,,,,,,,,,,,,,,,,,,,,,,,,"
"Фреза алмазная DLT&9plitok, пальчиковая, ПРЕМИУМ класса, 10мм, арт.0094",Алмазная оснастка>Алмазные коронки для плитки,94,1 354.24,"https://dlt.by/image/catalog/image/catalog/tovar/frez/6_8_10_12/10_new/new/1.jpg,https://dlt.by/image/catalog/tovar/frez/6_8_10_12/10_new/new/2.jpg,https://dlt.by/image/catalog/tovar/frez/6_8_10_12/10_new/new/3.jpg,https://dlt.by/image/catalog/tovar/frez/6_8_10_12/10_new/new/4.jpg,,,,,,,,,,,,,,,,,,,,,,,,,,,,,,,,,,,,,,,,,,"
"Фреза алмазная DLT&9plitok, пальчиковая, ПРЕМИУМ класса, 12мм, арт.0849",Алмазная оснастка>Алмазные коронки для плитки,849,1 263.96,"https://dlt.by/image/catalog/image/catalog/tovar/frez/6_8_10_12/12_new/1.jpg,https://dlt.by/image/catalog/tovar/frez/6_8_10_12/12_new/2.jpg,https://dlt.by/image/catalog/tovar/frez/6_8_10_12/12_new/3.jpg,https://dlt.by/image/catalog/tovar/frez/6_8_10_12/12_new/4.jpg,,,,,,,,,,,,,,,,,,,,,,,,,,,,,,,,,,,,,,,,,,"
"Фреза алмазная DLT&9plitok, пальчиковая, ПРЕМИУМ класса, 20мм, арт.0095",Алмазная оснастка>Алмазные коронки для плитки,95,2 046.41,"https://dlt.by/image/catalog/image/catalog/tovar/frez/20_25_30/20_new/new/1.jpg,https://dlt.by/image/catalog/tovar/frez/20_25_30/20_new/new/2.jpg,https://dlt.by/image/catalog/tovar/frez/20_25_30/20_new/new/3.jpg,https://dlt.by/image/catalog/tovar/frez/20_25_30/20_new/new/4.jpg,,,,,,,,,,,,,,,,,,,,,,,,,,,,,,,,,,,,,,,,,,"
"Фреза алмазная DLT&9plitok, пальчиковая, ПРЕМИУМ класса, 25мм, арт.0850",Алмазная оснастка>Алмазные коронки для плитки,850,2 648.29,"https://dlt.by/image/catalog/image/catalog/tovar/frez/20_25_30/25_new/1.jpg,https://dlt.by/image/catalog/tovar/frez/20_25_30/25_new/2.jpg,https://dlt.by/image/catalog/tovar/frez/20_25_30/25_new/3.jpg,,,,,,,,,,,,,,,,,,,,,,,,,,,,,,,,,,,,,,,,,,,"
"Фреза алмазная DLT&9plitok, пальчиковая, ПРЕМИУМ класса, 30мм, арт.0096",Алмазная оснастка>Алмазные коронки для плитки,96,2 407.54,"https://dlt.by/image/catalog/image/catalog/tovar/frez/20_25_30/30_new/new/1.jpg,https://dlt.by/image/catalog/tovar/frez/20_25_30/30_new/new/2.jpg,https://dlt.by/image/catalog/tovar/frez/20_25_30/30_new/new/3.jpg,https://dlt.by/image/catalog/tovar/frez/20_25_30/30_new/new/4.jpg,,,,,,,,,,,,,,,,,,,,,,,,,,,,,,,,,,,,,,,,,,"
"Адаптер-переходник с М14 на дрель, арт.0287",Алмазная оснастка>Алмазные коронки для плитки,287,541.70,"https://dlt.by/image/catalog/easyphoto/477/adapter-perehodnik-s-gayki-m14-dlya-krepleniya-na-drel-almaznyh-koronok-5.jpg,https://dlt.by/image/catalog/easyphoto/477/adapter-perehodnik-s-gayki-m14-dlya-krepleniya-na-drel-almaznyh-koronok-6.jpg,https://dlt.by/image/catalog/easyphoto/477/adapter-perehodnik-s-gayki-m14-dlya-krepleniya-na-drel-almaznyh-koronok-7.jpg,,,,,,,,,,,,,,,,,,,,,,,,,,,,,,,,,,,,,,,,,,,"
"Кондуктор (шаблон) для алмазных коронок Ø4,5,6,7,8,10,12 мм, арт.0313",Алмазная оснастка>Аксессуары для алмазных коронок,313,511.60,"https://dlt.by/image/catalog/image/catalog/tovar/konduktor1/new1/0.jpg,https://dlt.by/image/catalog/tovar/konduktor1/new1/0-1.jpg,https://dlt.by/image/catalog/tovar/konduktor1/new1/0-2.jpg,https://dlt.by/image/catalog/tovar/konduktor1/new1/0-3.jpg,https://dlt.by/image/catalog/tovar/konduktor1/new1/0-4.jpg,https://dlt.by/image/catalog/tovar/konduktor1/new1/1-1.jpg,https://dlt.by/image/catalog/tovar/konduktor1/new1/2-1.jpg,https://dlt.by/image/catalog/tovar/konduktor1/new1/7.jpg,,,,,,,,,,,,,,,,,,,,,,,,,,,,,,,,,,,,,,"
"Тарелка опорная для алмазных черепашек Ø100мм (алюминиевая), арт.0664",Инструмент для укладки плитки>Круг алмазный гибкий шлифовальный,664,1 354.24,"https://dlt.by/image/catalog/image/catalog/tovar/tarelka_al/new/1.jpg,https://dlt.by/image/catalog/tovar/tarelka_al/new/2.jpg,https://dlt.by/image/catalog/tovar/tarelka_al/new/3.jpg,https://dlt.by/image/catalog/tovar/tarelka_al/new/4.jpg,,,,,,,,,,,,,,,,,,,,,,,,,,,,,,,,,,,,,,,,,,"
"Сетка абразивная 225 мм Р80 (упаковка 10шт), арт.1697",Акции на строительный инструмент,1697,1 324.15,"https://dlt.by/image/catalog/easyphoto/2188/setka-abrazivnaya-225-mm-r80-upakovka-10sht-2.jpg,https://dlt.by/image/catalog/easyphoto/2188/setka-abrazivnaya-225-mm-r80-upakovka-10sht-3.jpg,https://dlt.by/image/catalog/easyphoto/2188/setka-abrazivnaya-225-mm-r80-upakovka-10sht-4.jpg,,,,,,,,,,,,,,,,,,,,,,,,,,,,,,,,,,,,,,,,,,,"
"Фреза алмазная конусная (сверло шарошка алмазное коническое) BIHUI, 2-38мм, арт.DMC238",Алмазная оснастка>Алмазные коронки для плитки,DMC238,2 407.54,"https://dlt.by/image/catalog/image/catalog/tovar/freza_bihui/2-38/new/1.jpg,https://dlt.by/image/catalog/tovar/freza_bihui/2-38/new/2.jpg,https://dlt.by/image/catalog/tovar/freza_bihui/2-38/new/3.jpg,https://dlt.by/image/catalog/tovar/freza_bihui/2-38/new/4.jpg,https://dlt.by/image/catalog/tovar/freza_bihui/2-38/new/5.jpg,https://dlt.by/image/catalog/tovar/freza_bihui/2-38/new/6.jpg,https://dlt.by/image/catalog/tovar/freza_bihui/2-38/new/7.png,,,,,,,,,,,,,,,,,,,,,,,,,,,,,,,,,,,,,,,"
"Диск отрезной алмазный для плиткорезов SHIJING и DLT, 120мм, арт.0764",Алмазная оснастка>Алмазные диски>Алмазные диски для электрических плиткорезов,764,902.83,"https://dlt.by/image/catalog/easyphoto/490/disk-otreznoy-almaznyy-dlya-plitkorezov-shijing-i-dlt-120mm-9.jpg,https://dlt.by/image/catalog/easyphoto/490/disk-otreznoy-almaznyy-dlya-plitkorezov-shijing-i-dlt-120mm-10.jpg,https://dlt.by/image/catalog/easyphoto/490/disk-otreznoy-almaznyy-dlya-plitkorezov-shijing-i-dlt-120mm-11.jpg,https://dlt.by/image/catalog/easyphoto/490/disk-otreznoy-almaznyy-dlya-plitkorezov-shijing-i-dlt-120mm-12.jpg,,,,,,,,,,,,,,,,,,,,,,,,,,,,,,,,,,,,,,,,,,"
"Алмазный диск для заусовки плитки под 45°, DLT №2, арт.0940",Алмазная оснастка>Алмазные диски>Алмазные диски для заусовки плитки под 45°,940,1 805.65,"https://dlt.by/image/catalog/tovar/dlt2_45/1.jpg,https://dlt.by/image/catalog/tovar/dlt2_45/2.jpg,https://dlt.by/image/catalog/tovar/dlt2_45/3.jpg,,,,,,,,,,,,,,,,,,,,,,,,,,,,,,,,,,,,,,,,,,,"
"Диск для снятия верхнего слоя SHIJING 100x20, арт.0241",Алмазная оснастка>Алмазные диски>Алмазные диски для электрических плиткорезов,241,1 715.37,"https://dlt.by/image/catalog/tovar/shijing_120x20/new2/1.jpg,https://dlt.by/image/catalog/tovar/shijing_120x20/new2/2.jpg,https://dlt.by/image/catalog/tovar/shijing_120x20/new2/3.jpg,https://dlt.by/image/catalog/tovar/shijing_120x20/new2/4.jpg,https://dlt.by/image/catalog/tovar/shijing_120x20/new2/5.jpg,,,,,,,,,,,,,,,,,,,,,,,,,,,,,,,,,,,,,,,,,"
"Диск шлифовальный для снятия фаски SHIJING 85x20, арт.0959",Алмазная оснастка>Алмазные диски>Алмазные диски для электрических плиткорезов,959,1 956.12,"https://dlt.by/image/catalog/tovar/shijing_120x20/new3/1.jpg,https://dlt.by/image/catalog/tovar/shijing_120x20/new3/2.jpg,https://dlt.by/image/catalog/tovar/shijing_120x20/new3/3.jpg,https://dlt.by/image/catalog/tovar/shijing_120x20/new3/4.jpg,,,,,,,,,,,,,,,,,,,,,,,,,,,,,,,,,,,,,,,,,,"
"Алмазный притир (шлифовальный брусок) BIHUI, #60, арт.DHP060",Инструмент для укладки плитки>Алмазные притиры>Р50-60,DHP060,1 895.94,"https://dlt.by/image/catalog/tovar/almbruski/d60/1.jpg,https://dlt.by/image/catalog/tovar/almbruski/d60/2.jpg,https://dlt.by/image/catalog/tovar/almbruski/d60/3.jpg,https://dlt.by/image/catalog/tovar/almbruski/d60/4.jpg,https://dlt.by/image/catalog/tovar/almbruski/d60/5.jpg,,,,,,,,,,,,,,,,,,,,,,,,,,,,,,,,,,,,,,,,,"
"Алмазный притир (шлифовальный брусок) BIHUI, #120, арт.DHP120",Инструмент для укладки плитки>Алмазные притиры>Р100-120,DHP120,1 805.65,"https://dlt.by/image/catalog/image/catalog/tovar/almbruski/d120/1.jpg,https://dlt.by/image/catalog/tovar/almbruski/d120/2.jpg,https://dlt.by/image/catalog/tovar/almbruski/d120/3.jpg,https://dlt.by/image/catalog/tovar/almbruski/d120/4.jpg,https://dlt.by/image/catalog/tovar/almbruski/d120/5.jpg,,,,,,,,,,,,,,,,,,,,,,,,,,,,,,,,,,,,,,,,,"
"Алмазный притир (шлифовальный брусок) BIHUI, #200, арт.DHP200",Инструмент для укладки плитки>Алмазные притиры>Р200,DHP200,1 564.90,"https://dlt.by/image/catalog/image/catalog/tovar/almbruski/d200/1.jpg,https://dlt.by/image/catalog/tovar/almbruski/d200/2.jpg,https://dlt.by/image/catalog/tovar/almbruski/d200/3.jpg,https://dlt.by/image/catalog/tovar/almbruski/d200/4.jpg,https://dlt.by/image/catalog/tovar/almbruski/d200/5.jpg,,,,,,,,,,,,,,,,,,,,,,,,,,,,,,,,,,,,,,,,,"
"Алмазный притир (шлифовальный брусок) BIHUI, #400, арт.DHP400",Инструмент для укладки плитки>Алмазные притиры>Р300-400,DHP400,1 444.52,"https://dlt.by/image/catalog/image/catalog/tovar/almbruski/d400/1.jpg,https://dlt.by/image/catalog/tovar/almbruski/d400/2.jpg,https://dlt.by/image/catalog/tovar/almbruski/d400/3.jpg,https://dlt.by/image/catalog/tovar/almbruski/d400/4.jpg,https://dlt.by/image/catalog/tovar/almbruski/d400/5.jpg,,,,,,,,,,,,,,,,,,,,,,,,,,,,,,,,,,,,,,,,,"
"Помповая присоска BIHUI для гладкой и слаборельефной поверхности, Ø6 дюймов, арт.SCVM6",Инструмент для укладки плитки>Присоски для плитки и стекла>Помповые присоски,SCVM6,8 275.91,"https://dlt.by/image/catalog/image/catalog/tovar/bihui6/new/1.jpg,https://dlt.by/image/catalog/tovar/bihui6/new/2.jpg,https://dlt.by/image/catalog/tovar/bihui6/new/3.jpg,https://dlt.by/image/catalog/tovar/bihui6/new/4.jpg,https://dlt.by/image/catalog/tovar/bihui6/new/5.jpg,https://dlt.by/image/catalog/tovar/bihui6/new/6.jpg,https://dlt.by/image/catalog/tovar/bihui6/new/7.jpg,https://dlt.by/image/catalog/tovar/bihui6/new/8.jpg,https://dlt.by/image/catalog/tovar/bihui6/new/9.png,https://dlt.by/image/catalog/tovar/bihui6/new/10.png,,,,,,,,,,,,,,,,,,,,,,,,,,,,,,,,,,,,"
"Помповая присоска BIHUI для гладкой и рельефной поверхности, Ø8 дюймов, арт.SCVU8 ",Инструмент для укладки плитки>Присоски для плитки и стекла>Помповые присоски,SCVU8,7 523.56,"https://dlt.by/image/catalog/tovar/scvu8/1.jpg,https://dlt.by/image/catalog/tovar/scvu8/2.jpg,https://dlt.by/image/catalog/tovar/scvu8/3.jpg,https://dlt.by/image/catalog/tovar/scvu8/4.jpg,https://dlt.by/image/catalog/tovar/scvu8/5.jpg,https://dlt.by/image/catalog/tovar/scvu8/6.jpg,https://dlt.by/image/catalog/tovar/scvu8/7.jpg,https://dlt.by/image/catalog/tovar/scvu8/8.jpg,https://dlt.by/image/catalog/tovar/scvu8/9.png,https://dlt.by/image/catalog/tovar/scvu8/10.png,,,,,,,,,,,,,,,,,,,,,,,,,,,,,,,,,,,,"
"Помповая присоска BIHUI для гладкой и слаборельефной поверхности, Ø8 дюймов, арт.SCVM8 	",Инструмент для укладки плитки>Присоски для плитки и стекла>Помповые присоски,SCVM8,10 532.98,"https://dlt.by/image/catalog/image/catalog/tovar/scvm6/skeysom/1.jpg,https://dlt.by/image/catalog/tovar/scvm6/skeysom/2.jpg,https://dlt.by/image/catalog/tovar/scvm6/skeysom/3.jpg,https://dlt.by/image/catalog/tovar/scvm6/skeysom/4.jpg,https://dlt.by/image/catalog/tovar/scvm6/skeysom/5.jpg,https://dlt.by/image/catalog/tovar/scvm6/skeysom/6.jpg,https://dlt.by/image/catalog/tovar/scvm6/skeysom/7.jpg,https://dlt.by/image/catalog/tovar/scvm6/skeysom/8.jpg,https://dlt.by/image/catalog/tovar/scvm6/skeysom/9.jpg,https://dlt.by/image/catalog/tovar/scvm6/skeysom/10.png,https://dlt.by/image/catalog/tovar/scvm6/skeysom/11.png,,,,,,,,,,,,,,,,,,,,,,,,,,,,,,,,,,,"
"Тройная присоска BIHUI для гладкой поверхности, арт.SCTB4",Инструмент для укладки плитки>Присоски для плитки и стекла>Обычные присоски,SCTB4,2 889.05,"https://dlt.by/image/catalog/tovar/troinaya/new/1.jpg,https://dlt.by/image/catalog/tovar/troinaya/new/2.jpg,https://dlt.by/image/catalog/tovar/troinaya/new/3.jpg,https://dlt.by/image/catalog/tovar/troinaya/new/4.jpg,https://dlt.by/image/catalog/tovar/troinaya/new/5.jpg,https://dlt.by/image/catalog/tovar/troinaya/new/6.jpg,https://dlt.by/image/catalog/tovar/troinaya/new/7.jpg,https://dlt.by/image/catalog/tovar/troinaya/new/8.jpg,https://dlt.by/image/catalog/tovar/troinaya/new/9.jpg,https://dlt.by/image/catalog/tovar/troinaya/new/10.jpg,https://dlt.by/image/catalog/tovar/troinaya/new/11.jpg,https://dlt.by/image/catalog/tovar/troinaya/new/12.png,,,,,,,,,,,,,,,,,,,,,,,,,,,,,,,,,,"
"Одинарная присоска BIHUI для гладкой поверхности, арт.SCSB4",Инструмент для укладки плитки>Присоски для плитки и стекла>Обычные присоски,SCSB4,1 655.18,"https://dlt.by/image/catalog/easyphoto/509/odinarnaya-prisoska-dlya-sherohovatoy-poverhnosti-40kg-art-scsb4-1.jpg,https://dlt.by/image/catalog/easyphoto/509/odinarnaya-prisoska-dlya-sherohovatoy-poverhnosti-40kg-art-scsb4-2.jpg,https://dlt.by/image/catalog/easyphoto/509/odinarnaya-prisoska-dlya-sherohovatoy-poverhnosti-40kg-art-scsb4-3.jpg,https://dlt.by/image/catalog/easyphoto/509/odinarnaya-prisoska-dlya-sherohovatoy-poverhnosti-40kg-art-scsb4-4.jpg,https://dlt.by/image/catalog/easyphoto/509/odinarnaya-prisoska-dlya-sherohovatoy-poverhnosti-40kg-art-scsb4-5.jpg,,,,,,,,,,,,,,,,,,,,,,,,,,,,,,,,,,,,,,,,,"
"Стол раскладной для крупноформатных плит BIHUI, арт.LFWB","Инструмент для укладки плитки>Строительные столы, верстаки, подстолья",LFWB,56 276.20,"https://dlt.by/image/catalog/tovar/stolraskl/new/1.jpg,https://dlt.by/image/catalog/tovar/stolraskl/new/2.jpg,https://dlt.by/image/catalog/tovar/stolraskl/new/3.jpg,https://dlt.by/image/catalog/tovar/stolraskl/new/4.jpg,https://dlt.by/image/catalog/tovar/stolraskl/new/6.jpg,https://dlt.by/image/catalog/tovar/stolraskl/new/7.jpg,https://dlt.by/image/catalog/tovar/stolraskl/new/8.jpg,https://dlt.by/image/catalog/tovar/stolraskl/new/9.jpg,https://dlt.by/image/catalog/tovar/stolraskl/new/10.jpg,https://dlt.by/image/catalog/tovar/stolraskl/new/11.jpg,https://dlt.by/image/catalog/tovar/stolraskl/new/12.jpg,https://dlt.by/image/catalog/tovar/stolraskl/new/13.jpg,https://dlt.by/image/catalog/tovar/stolraskl/new/14.jpg,https://dlt.by/image/catalog/tovar/stolraskl/new/15.jpg,https://dlt.by/image/catalog/tovar/stolraskl/new/16.jpg,https://dlt.by/image/catalog/tovar/stolraskl/new/17.jpg,https://dlt.by/image/catalog/tovar/stolraskl/new/18.jpg,https://dlt.by/image/catalog/tovar/stolraskl/new/19.png,https://dlt.by/image/catalog/tovar/stolraskl/new/20.jpg,https://dlt.by/image/catalog/tovar/stolraskl/new/21.png,https://dlt.by/image/catalog/tovar/stolraskl/new/22.png,https://dlt.by/image/catalog/tovar/stolraskl/new/23.png,https://dlt.by/image/catalog/tovar/stolraskl/new/24.png,https://dlt.by/image/catalog/tovar/stolraskl/new/25.png,,,,,,,,,,,,,,,,,,,,,,"
"Тележка для перевозки и обработки керамогранита BIHUI, арт.LFCART",Инструмент для укладки плитки>Крупноформат,LFCART,48 662.36,"https://dlt.by/image/catalog/tovar/telezhka/new/1.jpg,https://dlt.by/image/catalog/tovar/telezhka/new/2.jpg,https://dlt.by/image/catalog/tovar/telezhka/new/1-2.png,https://dlt.by/image/catalog/tovar/telezhka/new/1-3.png,https://dlt.by/image/catalog/tovar/telezhka/new/2.jpg,https://dlt.by/image/catalog/tovar/telezhka/new/3.jpg,https://dlt.by/image/catalog/tovar/telezhka/new/4.jpg,https://dlt.by/image/catalog/tovar/telezhka/new/5.jpg,https://dlt.by/image/catalog/tovar/telezhka/new/6.jpg,https://dlt.by/image/catalog/tovar/telezhka/new/7.jpg,https://dlt.by/image/catalog/tovar/telezhka/new/8.jpg,https://dlt.by/image/catalog/tovar/telezhka/new/9.png,https://dlt.by/image/catalog/tovar/telezhka/new/10.png,,,,,,,,,,,,,,,,,,,,,,,,,,,,,,,,,"
"Система переноски крупноформатного керамогранита BIHUI SLIM TRANS 4, арт.LFCSV4",Инструмент для укладки плитки>Крупноформат,LFCSV4,114 358.06,"https://dlt.by/image/catalog/tovar/systemperen/new1/1.jpg,https://dlt.by/image/catalog/tovar/systemperen/new1/1-1.jpg,https://dlt.by/image/catalog/tovar/systemperen/new1/2.jpg,https://dlt.by/image/catalog/tovar/systemperen/new1/3.jpg,https://dlt.by/image/catalog/tovar/systemperen/new1/4.jpg,https://dlt.by/image/catalog/tovar/systemperen/new1/5.jpg,https://dlt.by/image/catalog/tovar/systemperen/new1/6.jpg,https://dlt.by/image/catalog/tovar/systemperen/new1/7.jpg,https://dlt.by/image/catalog/tovar/systemperen/new1/8.jpg,https://dlt.by/image/catalog/tovar/systemperen/new1/9.jpg,https://dlt.by/image/catalog/tovar/systemperen/new1/10.jpg,https://dlt.by/image/catalog/tovar/systemperen/new1/11.jpg,https://dlt.by/image/catalog/tovar/systemperen/new1/12.jpg,https://dlt.by/image/catalog/tovar/systemperen/new1/13.jpg,https://dlt.by/image/catalog/tovar/systemperen/new1/14.jpg,https://dlt.by/image/catalog/tovar/systemperen/new1/15.jpg,https://dlt.by/image/catalog/tovar/systemperen/new1/pnr/16(1).png,,,,,,,,,,,,,,,,,,,,,,,,,,,,,"
"Крепление адаптер для АГШК BIHUI резиновое Ø100мм, арт.DPPH4",Инструмент для укладки плитки>Круг алмазный гибкий шлифовальный>Аксессуары,DPPH4,932.92,"https://dlt.by/image/catalog/tovar/tarelka_plast/new/1.jpg,https://dlt.by/image/catalog/tovar/tarelka_plast/new/2.jpg,https://dlt.by/image/catalog/tovar/tarelka_plast/new/3.jpg,https://dlt.by/image/catalog/tovar/tarelka_plast/new/4.jpg,https://dlt.by/image/catalog/tovar/tarelka_plast/new/5.png,https://dlt.by/image/catalog/tovar/tarelka_plast/new/6.png,https://dlt.by/image/catalog/tovar/tarelka_plast/new/7.png,https://dlt.by/image/catalog/tovar/tarelka_plast/new/8.png,https://dlt.by/image/catalog/tovar/tarelka_plast/new/9.jpg,,,,,,,,,,,,,,,,,,,,,,,,,,,,,,,,,,,,,"
"Алмазный гибкий круг (черепашка) BIHUI Ø100мм, #50, арт.DPP405",Инструмент для укладки плитки>Круг алмазный гибкий шлифовальный>АГШК #50-60,DPP405,932.92,"https://dlt.by/image/catalog/image/catalog/tovar/almaznbihui/50_new/1.jpg,https://dlt.by/image/catalog/tovar/almaznbihui/50_new/2.jpg,https://dlt.by/image/catalog/tovar/almaznbihui/50_new/3.jpg,https://dlt.by/image/catalog/tovar/almaznbihui/50_new/4.png,https://dlt.by/image/catalog/tovar/almaznbihui/50_new/5.png,,,,,,,,,,,,,,,,,,,,,,,,,,,,,,,,,,,,,,,,,"
"Кондуктор (шаблон) BIHUI для алмазных коронок Ø4-115мм, арт.DBGM",Алмазные коронки для плитки>Аксессуары для алмазных коронок,DBGM,2 317.26,"https://dlt.by/image/catalog/dbgm/1.jpg,https://dlt.by/image/catalog/dbgm/2.jpg,https://dlt.by/image/catalog/dbgm/3.jpg,https://dlt.by/image/catalog/dbgm/4.jpg,https://dlt.by/image/catalog/dbgm/5.jpg,https://dlt.by/image/catalog/dbgm/6.jpg,https://dlt.by/image/catalog/dbgm/7.jpg,,,,,,,,,,,,,,,,,,,,,,,,,,,,,,,,,,,,,,,"
"Алмазный гибкий круг (черепашка) BIHUI Ø100мм, #1500, арт.DPP415",Инструмент для укладки плитки>Круг алмазный гибкий шлифовальный>АГШК #500–3000,DPP415,902.83,"https://dlt.by/image/catalog/image/catalog/tovar/almaznbihui/1500_new/1.jpg,https://dlt.by/image/catalog/tovar/almaznbihui/1500_new/2.jpg,https://dlt.by/image/catalog/tovar/almaznbihui/1500_new/3.jpg,https://dlt.by/image/catalog/tovar/almaznbihui/1500_new/4.png,https://dlt.by/image/catalog/tovar/almaznbihui/1500_new/5.png,,,,,,,,,,,,,,,,,,,,,,,,,,,,,,,,,,,,,,,,,"
"Алмазный гибкий круг (черепашка) BIHUI Ø100мм, #800, арт.DPP480",Инструмент для укладки плитки>Круг алмазный гибкий шлифовальный>АГШК #500–3000,DPP480,963.02,"https://dlt.by/image/catalog/image/catalog/tovar/almaznbihui/800_new/1.jpg,https://dlt.by/image/catalog/tovar/almaznbihui/800_new/2.jpg,https://dlt.by/image/catalog/tovar/almaznbihui/800_new/3.jpg,https://dlt.by/image/catalog/tovar/almaznbihui/800_new/4.png,https://dlt.by/image/catalog/tovar/almaznbihui/800_new/5.png,,,,,,,,,,,,,,,,,,,,,,,,,,,,,,,,,,,,,,,,,"
"Алмазный гибкий круг (черепашка) BIHUI Ø100мм, #200, арт.DPP420",Инструмент для укладки плитки>Круг алмазный гибкий шлифовальный>АГШК #200,DPP420,932.92,"https://dlt.by/image/catalog/image/catalog/tovar/almaznbihui/200_new/new/1.jpg,https://dlt.by/image/catalog/tovar/almaznbihui/200_new/new/2.jpg,https://dlt.by/image/catalog/tovar/almaznbihui/200_new/new/3.jpg,https://dlt.by/image/catalog/tovar/almaznbihui/200_new/new/4.png,https://dlt.by/image/catalog/tovar/almaznbihui/200_new/new/5.png,,,,,,,,,,,,,,,,,,,,,,,,,,,,,,,,,,,,,,,,,"
"АГШК DLT №2, для сухой шлифовки, #400, 100мм, арт.1165",Инструмент для укладки плитки>Круг алмазный гибкий шлифовальный>АГШК #400,1165,692.17,"https://dlt.by/image/catalog/easyphoto/1616/agshk-dlt-2-dlya-suhoy-shlifovki-200-100mm-1.jpg,https://dlt.by/image/catalog/tovar/aghk_dlt/dlt_2/zer_200/2.jpg,https://dlt.by/image/catalog/tovar/aghk_dlt/dlt_2/zer_200/4.jpg,https://dlt.by/image/catalog/tovar/aghk_dlt/dlt_2/zer_200/5.jpg,,,,,,,,,,,,,,,,,,,,,,,,,,,,,,,,,,,,,,,,,,"
"Ведро для плиточника с роликами BIHUI (кювета) 19л, арт.TWS19",Инструмент для укладки плитки>Ведро плиточника,TWS19,4 664.61,"https://dlt.by/image/catalog/tovar/vedrobihui/new/1.jpg,https://dlt.by/image/catalog/tovar/vedrobihui/new/2.jpg,https://dlt.by/image/catalog/tovar/vedrobihui/new/3.jpg,https://dlt.by/image/catalog/tovar/vedrobihui/new/4.jpg,https://dlt.by/image/catalog/tovar/vedrobihui/new/5.jpg,https://dlt.by/image/catalog/tovar/vedrobihui/new/6.jpg,https://dlt.by/image/catalog/tovar/vedrobihui/new/7.jpg,https://dlt.by/image/catalog/tovar/vedrobihui/new/8.jpg,https://dlt.by/image/catalog/tovar/vedrobihui/new/9.jpg,https://dlt.by/image/catalog/tovar/vedrobihui/new/10.jpg,https://dlt.by/image/catalog/tovar/vedrobihui/new/11.jpg,https://dlt.by/image/catalog/tovar/vedrobihui/new/12.jpg,https://dlt.by/image/catalog/tovar/vedrobihui/new/14.png,https://dlt.by/image/catalog/tovar/vedrobihui/new/new/tyuyt.png,https://dlt.by/image/catalog/tovar/vedrobihui/new/16.png,,,,,,,,,,,,,,,,,,,,,,,,,,,,,,,"
"Кожух пылеуловитель для УШМ от BIHUI, арт.DCWDE5",Инструмент для укладки плитки>Кожухи для УШМ/Пылеуловители/Кондукторы.>Пылеуловители для УШМ,DCWDE5,2 437.63,"https://dlt.by/image/catalog/image/catalog/tovar/kozhuhdlyushm/new1/1.jpg,https://dlt.by/image/catalog/tovar/kozhuhdlyushm/new1/2.jpg,https://dlt.by/image/catalog/tovar/kozhuhdlyushm/new1/3.jpg,https://dlt.by/image/catalog/tovar/kozhuhdlyushm/new1/4.jpg,https://dlt.by/image/catalog/tovar/kozhuhdlyushm/new1/5.jpg,https://dlt.by/image/catalog/tovar/kozhuhdlyushm/new1/6.jpg,https://dlt.by/image/catalog/tovar/kozhuhdlyushm/new1/7.jpg,https://dlt.by/image/catalog/tovar/kozhuhdlyushm/new1/8.jpg,https://dlt.by/image/catalog/tovar/kozhuhdlyushm/new1/10.jpg,https://dlt.by/image/catalog/tovar/kozhuhdlyushm/new1/11.jpg,https://dlt.by/image/catalog/tovar/kozhuhdlyushm/new1/12.jpg,https://dlt.by/image/catalog/tovar/kozhuhdlyushm/new1/13.jpg,https://dlt.by/image/catalog/tovar/kozhuhdlyushm/new1/14.jpg,https://dlt.by/image/catalog/tovar/kozhuhdlyushm/new1/15.png,,,,,,,,,,,,,,,,,,,,,,,,,,,,,,,,"
"Набор гребенок BIHUI (8 предметов), арт.PTSJG8",Инструмент для укладки плитки>Гребенки>Наборы,PTSJG8,4 664.61,"https://dlt.by/image/catalog/easyphoto/535/nabor-iz-6-zubchatyh-stroitelnyh-shpateley-ptsjg8-1.jpg,https://dlt.by/image/catalog/easyphoto/535/nabor-iz-6-zubchatyh-stroitelnyh-shpateley-ptsjg8-2.png,https://dlt.by/image/catalog/easyphoto/535/nabor-iz-6-zubchatyh-stroitelnyh-shpateley-ptsjg8-3.jpg,https://dlt.by/image/catalog/easyphoto/535/nabor-iz-6-zubchatyh-stroitelnyh-shpateley-ptsjg8-4.jpg,https://dlt.by/image/catalog/easyphoto/535/nabor-iz-6-zubchatyh-stroitelnyh-shpateley-ptsjg8-5.jpg,https://dlt.by/image/catalog/easyphoto/535/nabor-iz-6-zubchatyh-stroitelnyh-shpateley-ptsjg8-6.jpg,https://dlt.by/image/catalog/easyphoto/535/nabor-iz-6-zubchatyh-stroitelnyh-shpateley-ptsjg8-7.jpg,https://dlt.by/image/catalog/easyphoto/535/nabor-iz-6-zubchatyh-stroitelnyh-shpateley-ptsjg8-8.jpg,https://dlt.by/image/catalog/easyphoto/535/nabor-iz-6-zubchatyh-stroitelnyh-shpateley-ptsjg8-10.jpg,https://dlt.by/image/catalog/easyphoto/535/nabor-iz-6-zubchatyh-stroitelnyh-shpateley-ptsjg8-9.jpg,https://dlt.by/image/catalog/easyphoto/535/nabor-iz-6-zubchatyh-stroitelnyh-shpateley-ptsjg8-11.jpg,https://dlt.by/image/catalog/easyphoto/535/nabor-iz-6-zubchatyh-stroitelnyh-shpateley-ptsjg8-12.jpg,https://dlt.by/image/catalog/easyphoto/535/nabor-iz-6-zubchatyh-stroitelnyh-shpateley-ptsjg8-13.jpg,https://dlt.by/image/catalog/easyphoto/535/nabor-iz-6-zubchatyh-stroitelnyh-shpateley-ptsjg8-14.jpg,https://dlt.by/image/catalog/easyphoto/535/nabor-iz-6-zubchatyh-stroitelnyh-shpateley-ptsjg8-15.jpg,https://dlt.by/image/catalog/easyphoto/535/nabor-iz-6-zubchatyh-stroitelnyh-shpateley-ptsjg8-16.jpg,https://dlt.by/image/catalog/easyphoto/535/nabor-iz-6-zubchatyh-stroitelnyh-shpateley-ptsjg8-17.jpg,https://dlt.by/image/catalog/easyphoto/535/nabor-iz-6-zubchatyh-stroitelnyh-shpateley-ptsjg8-18.jpg,https://dlt.by/image/catalog/easyphoto/535/nabor-iz-6-zubchatyh-stroitelnyh-shpateley-ptsjg8-19.jpg,https://dlt.by/image/catalog/easyphoto/535/nabor-iz-6-zubchatyh-stroitelnyh-shpateley-ptsjg8-20.jpg,https://dlt.by/image/catalog/easyphoto/535/nabor-iz-6-zubchatyh-stroitelnyh-shpateley-ptsjg8-21.jpg,https://dlt.by/image/catalog/easyphoto/535/nabor-iz-6-zubchatyh-stroitelnyh-shpateley-ptsjg8-22.jpg,https://dlt.by/image/catalog/easyphoto/535/nabor-iz-6-zubchatyh-stroitelnyh-shpateley-ptsjg8-23.png,,,,,,,,,,,,,,,,,,,,,,,"
"Минивибратор для удаления воздуха из под плит BIHUI, арт.LFTBC",Инструмент для укладки плитки>Виброутюги (минивибраторы),LFTBC,26 994.52,"https://dlt.by/image/catalog/tovar/minivibrator/new/1.jpg,https://dlt.by/image/catalog/tovar/minivibrator/new/10.png,https://dlt.by/image/catalog/tovar/minivibrator/new/3.jpg,https://dlt.by/image/catalog/tovar/minivibrator/new/4.jpg,https://dlt.by/image/catalog/tovar/minivibrator/new/5.jpg,https://dlt.by/image/catalog/tovar/minivibrator/new/6.jpg,https://dlt.by/image/catalog/tovar/minivibrator/new/8.jpg,https://dlt.by/image/catalog/tovar/minivibrator/new/9.jpg,https://dlt.by/image/catalog/tovar/minivibrator/new/2.jpg,,,,,,,,,,,,,,,,,,,,,,,,,,,,,,,,,,,,,"
"Подкова для регулировки шва BIHUI, 1,5мм, 400шт, арт.HSB400",Инструмент для укладки плитки>Крестики/клинья/подковы,HSB400,932.92,"https://dlt.by/image/catalog/easyphoto/537/podkova-dlya-regulirovki-shva-bihui-1-5mm-400sht-art-hsb400-1.jpg,https://dlt.by/image/catalog/tovar/u-obraznaya/1_5mm/new/2.jpg,https://dlt.by/image/catalog/tovar/u-obraznaya/1_5mm/new/3.jpg,https://dlt.by/image/catalog/tovar/u-obraznaya/1_5mm/new/4.jpg,https://dlt.by/image/catalog/tovar/u-obraznaya/1_5mm/new/5.jpg,https://dlt.by/image/catalog/tovar/u-obraznaya/1_5mm/new/6.png,,,,,,,,,,,,,,,,,,,,,,,,,,,,,,,,,,,,,,,,"
"Коронка алмазная по керамограниту BIHUI, 6мм (вакуумная пайка), арт.DBDF06",Алмазная оснастка>Алмазные коронки для плитки,DBDF06,993.11,"https://dlt.by/image/catalog/image/catalog/tovar/koronkialmbihui/6_new/new/new/1.jpg,https://dlt.by/image/catalog/tovar/koronkialmbihui/6_new/new/new/2.jpg,https://dlt.by/image/catalog/tovar/koronkialmbihui/6_new/new/new/3.jpg,https://dlt.by/image/catalog/tovar/koronkialmbihui/6_new/new/2.png,https://dlt.by/image/catalog/tovar/koronkialmbihui/6_new/new/4.png,https://dlt.by/image/catalog/tovar/koronkialmbihui/6_new/new/3.png,https://dlt.by/image/catalog/tovar/koronkialmbihui/6_new/new/5.png,,,,,,,,,,,,,,,,,,,,,,,,,,,,,,,,,,,,,,,"
"Коронка алмазная по керамограниту BIHUI, 68мм (вакуумная пайка), арт.DBDF68",Алмазная оснастка>Алмазные коронки для плитки,DBDF68,3 220.08,"https://dlt.by/image/catalog/image/catalog/tovar/koronkialmbihui/68_new/1.jpg,https://dlt.by/image/catalog/tovar/koronkialmbihui/68_new/2.jpg,https://dlt.by/image/catalog/tovar/koronkialmbihui/68_new/3.jpg,https://dlt.by/image/catalog/tovar/koronkialmbihui/6_new/new/eregfd.png,https://dlt.by/image/catalog/tovar/koronkialmbihui/65_new/new/new/rt5.png,https://dlt.by/image/catalog/tovar/koronkialmbihui/68_new/6.jpg,https://dlt.by/image/catalog/tovar/koronkialmbihui/68_new/8.jpg,https://dlt.by/image/catalog/tovar/koronkialmbihui/68_new/9.jpg,https://dlt.by/image/catalog/tovar/koronkialmbihui/65_new/new/new/10.png,https://dlt.by/image/catalog/tovar/koronkialmbihui/68_new/11.jpg,https://dlt.by/image/catalog/tovar/koronkialmbihui/68_new/12.jpg,,,,,,,,,,,,,,,,,,,,,,,,,,,,,,,,,,,"
"Коронка алмазная по керамограниту BIHUI, 65мм (вакуумная пайка), арт.DBDF65",Алмазная оснастка>Алмазные коронки для плитки,DBDF65,3 400.65,"https://dlt.by/image/catalog/image/catalog/tovar/koronkialmbihui/65_new/new/new/ghjko.jpg,https://dlt.by/image/catalog/tovar/koronkialmbihui/65_new/new/2.jpg,https://dlt.by/image/catalog/tovar/koronkialmbihui/65_new/new/3.jpg,https://dlt.by/image/catalog/tovar/koronkialmbihui/6_new/new/eregfd.png,https://dlt.by/image/catalog/tovar/koronkialmbihui/65_new/new/new/rt5.png,https://dlt.by/image/catalog/tovar/koronkialmbihui/65_new/6.jpg,https://dlt.by/image/catalog/tovar/koronkialmbihui/65_new/8.jpg,https://dlt.by/image/catalog/tovar/koronkialmbihui/65_new/9.jpg,https://dlt.by/image/catalog/tovar/koronkialmbihui/65_new/new/new/10.png,https://dlt.by/image/catalog/tovar/koronkialmbihui/65_new/11.jpg,https://dlt.by/image/catalog/tovar/koronkialmbihui/65_new/12.jpg,,,,,,,,,,,,,,,,,,,,,,,,,,,,,,,,,,,"
"Коронка алмазная по керамограниту BIHUI, 50мм (вакуумная пайка), арт.DBDF50",Алмазная оснастка>Алмазные коронки для плитки,DBDF50,2 317.26,"https://dlt.by/image/catalog/image/catalog/tovar/koronkialmbihui/50_new/dasfgds.jpg,https://dlt.by/image/catalog/tovar/koronkialmbihui/50_new/2.jpg,https://dlt.by/image/catalog/tovar/koronkialmbihui/50_new/3.jpg,https://dlt.by/image/catalog/tovar/koronkialmbihui/6_new/new/eregfd.png,https://dlt.by/image/catalog/tovar/koronkialmbihui/50_new/6.jpg,https://dlt.by/image/catalog/tovar/koronkialmbihui/50_new/8.jpg,https://dlt.by/image/catalog/tovar/koronkialmbihui/50_new/9.jpg,https://dlt.by/image/catalog/tovar/koronkialmbihui/50_new/11.jpg,https://dlt.by/image/catalog/tovar/koronkialmbihui/50_new/12.jpg,,,,,,,,,,,,,,,,,,,,,,,,,,,,,,,,,,,,,"
"Коронка алмазная по керамограниту BIHUI, 40мм (вакуумная пайка), арт.DBDF40",Алмазная оснастка>Алмазные коронки для плитки,DBDF40,1 895.94,"https://dlt.by/image/catalog/image/catalog/tovar/koronkialmbihui/40_new/dsfsdfs.jpg,https://dlt.by/image/catalog/tovar/koronkialmbihui/40_new/2.jpg,https://dlt.by/image/catalog/tovar/koronkialmbihui/40_new/3.jpg,https://dlt.by/image/catalog/tovar/koronkialmbihui/6_new/new/eregfd.png,https://dlt.by/image/catalog/tovar/koronkialmbihui/40_new/6.jpg,https://dlt.by/image/catalog/tovar/koronkialmbihui/40_new/8.jpg,https://dlt.by/image/catalog/tovar/koronkialmbihui/40_new/9.jpg,https://dlt.by/image/catalog/tovar/koronkialmbihui/40_new/11.jpg,https://dlt.by/image/catalog/tovar/koronkialmbihui/40_new/12.jpg,,,,,,,,,,,,,,,,,,,,,,,,,,,,,,,,,,,,,"
"Коронка алмазная по керамограниту BIHUI, 35мм (вакуумная пайка), арт.DBDF35",Алмазная оснастка>Алмазные коронки для плитки,DBDF35,1 534.81,"https://dlt.by/image/catalog/image/catalog/tovar/koronkialmbihui/35_new_img/hggtrhf.jpg,https://dlt.by/image/catalog/tovar/koronkialmbihui/35_new_img/2.jpg,https://dlt.by/image/catalog/tovar/koronkialmbihui/35_new_img/3.jpg,https://dlt.by/image/catalog/tovar/koronkialmbihui/6_new/new/eregfd.png,https://dlt.by/image/catalog/tovar/koronkialmbihui/35_new_img/6.jpg,https://dlt.by/image/catalog/tovar/koronkialmbihui/35_new_img/8.jpg,https://dlt.by/image/catalog/tovar/koronkialmbihui/35_new_img/9.jpg,https://dlt.by/image/catalog/tovar/koronkialmbihui/35_new_img/11.jpg,https://dlt.by/image/catalog/tovar/koronkialmbihui/35_new_img/12.jpg,,,,,,,,,,,,,,,,,,,,,,,,,,,,,,,,,,,,,"
"Коронка алмазная по керамограниту BIHUI, 10мм (вакуумная пайка), арт.DBDF10",Алмазная оснастка>Алмазные коронки для плитки,DBDF10,932.92,"https://dlt.by/image/catalog/image/catalog/tovar/koronkialmbihui/10_new/1.jpg,https://dlt.by/image/catalog/tovar/koronkialmbihui/10_new/2.jpg,https://dlt.by/image/catalog/tovar/koronkialmbihui/10_new/3.jpg,https://dlt.by/image/catalog/tovar/koronkialmbihui/6_new/new/2.png,https://dlt.by/image/catalog/tovar/koronkialmbihui/6_new/new/4.png,https://dlt.by/image/catalog/tovar/koronkialmbihui/6_new/new/3.png,https://dlt.by/image/catalog/tovar/koronkialmbihui/6_new/new/5.png,,,,,,,,,,,,,,,,,,,,,,,,,,,,,,,,,,,,,,,"
"Коронка алмазная по керамограниту BIHUI, 8мм (вакуумная пайка), арт.DBDF08",Алмазная оснастка>Алмазные коронки для плитки,DBDF08,932.92,"https://dlt.by/image/catalog/image/catalog/tovar/koronkialmbihui/8_new/ewqetrew.jpg,https://dlt.by/image/catalog/tovar/koronkialmbihui/8_new/2.jpg,https://dlt.by/image/catalog/tovar/koronkialmbihui/8_new/3.jpg,https://dlt.by/image/catalog/tovar/koronkialmbihui/6_new/new/2.png,https://dlt.by/image/catalog/tovar/koronkialmbihui/6_new/new/4.png,https://dlt.by/image/catalog/tovar/koronkialmbihui/6_new/new/3.png,https://dlt.by/image/catalog/tovar/koronkialmbihui/6_new/new/5.png,,,,,,,,,,,,,,,,,,,,,,,,,,,,,,,,,,,,,,,"
"Коронка алмазная по керамограниту BIHUI, 100мм (вакуумная пайка), арт.DBDF100",Алмазная оснастка>Алмазные коронки для плитки,DBDF100,4 333.57,"https://dlt.by/image/catalog/image/catalog/tovar/koronkialmbihui/100_new/1.jpg,https://dlt.by/image/catalog/tovar/koronkialmbihui/100_new/2.jpg,https://dlt.by/image/catalog/tovar/koronkialmbihui/100_new/3.jpg,https://dlt.by/image/catalog/tovar/koronkialmbihui/6_new/new/eregfd.png,https://dlt.by/image/catalog/tovar/koronkialmbihui/65_new/new/new/rt5.png,https://dlt.by/image/catalog/tovar/koronkialmbihui/100_new/6.jpg,https://dlt.by/image/catalog/tovar/koronkialmbihui/100_new/8.jpg,https://dlt.by/image/catalog/tovar/koronkialmbihui/100_new/9.jpg,https://dlt.by/image/catalog/tovar/koronkialmbihui/65_new/new/new/10.png,https://dlt.by/image/catalog/tovar/koronkialmbihui/100_new/11.jpg,https://dlt.by/image/catalog/tovar/koronkialmbihui/100_new/12.jpg,,,,,,,,,,,,,,,,,,,,,,,,,,,,,,,,,,,"
"Коронка алмазная по керамограниту BIHUI, 115мм (вакуумная пайка), арт.DBDF115",Алмазная оснастка>Алмазные коронки для плитки,DBDF115,4 875.26,"https://dlt.by/image/catalog/image/catalog/tovar/koronkialmbihui/115_new/1.jpg,https://dlt.by/image/catalog/tovar/koronkialmbihui/115_new/2.jpg,https://dlt.by/image/catalog/tovar/koronkialmbihui/115_new/3.jpg,https://dlt.by/image/catalog/tovar/koronkialmbihui/6_new/new/eregfd.png,https://dlt.by/image/catalog/tovar/koronkialmbihui/65_new/new/new/rt5.png,https://dlt.by/image/catalog/tovar/koronkialmbihui/115_new/6.jpg,https://dlt.by/image/catalog/tovar/koronkialmbihui/115_new/8.jpg,https://dlt.by/image/catalog/tovar/koronkialmbihui/115_new/9.jpg,https://dlt.by/image/catalog/tovar/koronkialmbihui/65_new/new/new/10.png,https://dlt.by/image/catalog/tovar/koronkialmbihui/115_new/11.jpg,https://dlt.by/image/catalog/tovar/koronkialmbihui/115_new/12.jpg,,,,,,,,,,,,,,,,,,,,,,,,,,,,,,,,,,,"
"Алмазная коронка по стеклу и керамике BIHUI (гальваническая алмазная коронка), 14мм, арт.DBW14",Алмазная оснастка>Алмазные коронки для плитки,DBW14,0.00,"https://dlt.by/image/catalog/image/catalog/tovar/almkorposteklu_new/7.png,https://dlt.by/image/catalog/tovar/almkorposteklu_new/new/8.png,,,,,,,,,,,,,,,,,,,,,,,,,,,,,,,,,,,,,,,,,,,,"
"Алмазная коронка по стеклу и керамике BIHUI (гальваническая алмазная коронка), 15мм, арт.DBW15",Алмазная оснастка>Алмазные коронки для плитки,DBW15,0.00,"https://dlt.by/image/catalog/image/catalog/tovar/almkorposteklu_new/7.png,https://dlt.by/image/catalog/tovar/almkorposteklu_new/new/8.png,,,,,,,,,,,,,,,,,,,,,,,,,,,,,,,,,,,,,,,,,,,,"
"Алмазная коронка по стеклу и керамике BIHUI (гальваническая алмазная коронка), 16мм, арт.DBW16",Алмазная оснастка>Алмазные коронки для плитки,DBW16,0.00,"https://dlt.by/image/catalog/image/catalog/tovar/almkorposteklu_new/7.png,https://dlt.by/image/catalog/tovar/almkorposteklu_new/new/8.png,,,,,,,,,,,,,,,,,,,,,,,,,,,,,,,,,,,,,,,,,,,,"
"Алмазная коронка по стеклу и керамике BIHUI (гальваническая алмазная коронка), 18мм, арт.DBW18",Алмазная оснастка>Алмазные коронки для плитки,DBW18,0.00,"https://dlt.by/image/catalog/image/catalog/tovar/almkorposteklu_new/7.png,https://dlt.by/image/catalog/tovar/almkorposteklu_new/new/8.png,,,,,,,,,,,,,,,,,,,,,,,,,,,,,,,,,,,,,,,,,,,,"
"Алмазная коронка по стеклу и керамике BIHUI (гальваническая алмазная коронка), 20мм, арт.DBW20",Алмазная оснастка>Алмазные коронки для плитки,DBW20,631.98,"https://dlt.by/image/catalog/tovar/almkorposteklu_new/new/20_new/1.jpg,https://dlt.by/image/catalog/tovar/almkorposteklu_new/new/20_new/2.jpg,https://dlt.by/image/catalog/tovar/almkorposteklu_new/new/20_new/3.jpg,https://dlt.by/image/catalog/tovar/almkorposteklu_new/new/20_new/4.png,,,,,,,,,,,,,,,,,,,,,,,,,,,,,,,,,,,,,,,,,,"
"Алмазная коронка по стеклу и керамике BIHUI (гальваническая алмазная коронка), 28мм, арт.DBW28",Алмазная оснастка>Алмазные коронки для плитки,DBW28,0.00,"https://dlt.by/image/catalog/image/catalog/tovar/almkorposteklu_new/7.png,https://dlt.by/image/catalog/tovar/almkorposteklu_new/new/8.png,,,,,,,,,,,,,,,,,,,,,,,,,,,,,,,,,,,,,,,,,,,,"
"Алмазная коронка по стеклу и керамике BIHUI (гальваническая алмазная коронка), 32мм, арт.DBW32",Алмазная оснастка>Алмазные коронки для плитки,DBW32,0.00,"https://dlt.by/image/catalog/image/catalog/tovar/almkorposteklu_new/7.png,https://dlt.by/image/catalog/tovar/almkorposteklu_new/new/8.png,,,,,,,,,,,,,,,,,,,,,,,,,,,,,,,,,,,,,,,,,,,,"
"Алмазная коронка по стеклу и керамике BIHUI (гальваническая алмазная коронка), 40мм, арт.DBW40",Алмазная оснастка>Алмазные коронки для плитки,DBW40,0.00,"https://dlt.by/image/catalog/image/catalog/tovar/almkorposteklu_new/7.png,https://dlt.by/image/catalog/tovar/almkorposteklu_new/new/8.png,,,,,,,,,,,,,,,,,,,,,,,,,,,,,,,,,,,,,,,,,,,,"
"Алмазная коронка по стеклу и керамике BIHUI (гальваническая алмазная коронка), 50мм, арт.DBW50",Алмазная оснастка>Алмазные коронки для плитки,DBW50,1 203.77,"https://dlt.by/image/catalog/tovar/almkorposteklu_new/new/50_new/1.jpg,https://dlt.by/image/catalog/tovar/almkorposteklu_new/new/50_new/2.jpg,https://dlt.by/image/catalog/tovar/almkorposteklu_new/new/50_new/3.jpg,https://dlt.by/image/catalog/tovar/almkorposteklu_new/new/50_new/4.png,,,,,,,,,,,,,,,,,,,,,,,,,,,,,,,,,,,,,,,,,,"
"Алмазная коронка по стеклу и керамике BIHUI (гальваническая алмазная коронка), 60мм, арт.DBW60",Алмазная оснастка>Алмазные коронки для плитки,DBW60,0.00,"https://dlt.by/image/catalog/image/catalog/tovar/almkorposteklu_new/7.png,https://dlt.by/image/catalog/tovar/almkorposteklu_new/new/8.png,,,,,,,,,,,,,,,,,,,,,,,,,,,,,,,,,,,,,,,,,,,,"
"Алмазная коронка по стеклу и керамике BIHUI (гальваническая алмазная коронка), 75мм, арт.DBW75",Алмазная оснастка>Алмазные коронки для плитки,DBW75,1 775.56,"https://dlt.by/image/catalog/image/catalog/tovar/almkorposteklu_new/7.png,https://dlt.by/image/catalog/tovar/almkorposteklu_new/new/8.png,,,,,,,,,,,,,,,,,,,,,,,,,,,,,,,,,,,,,,,,,,,,"
"Алмазная коронка по стеклу и керамике BIHUI (гальваническая алмазная коронка), 100мм, арт.DBW100",Алмазная оснастка>Алмазные коронки для плитки,DBW100,2 106.60,"https://dlt.by/image/catalog/tovar/almkorposteklu/new/100mm_bihui/new/1.jpg,https://dlt.by/image/catalog/tovar/almkorposteklu/new/100mm_bihui/new/2.jpg,https://dlt.by/image/catalog/tovar/almkorposteklu/new/100mm_bihui/new/3.jpg,https://dlt.by/image/catalog/tovar/almkorposteklu/new/100mm_bihui/new/4.png,,,,,,,,,,,,,,,,,,,,,,,,,,,,,,,,,,,,,,,,,,"
"Алмазная коронка по стеклу и керамике BIHUI (гальваническая алмазная коронка), 110мм, арт.DBW110",Алмазная оснастка>Алмазные коронки для плитки,DBW110,0.00,"https://dlt.by/image/catalog/image/catalog/tovar/almkorposteklu_new/7.png,https://dlt.by/image/catalog/tovar/almkorposteklu_new/new/8.png,,,,,,,,,,,,,,,,,,,,,,,,,,,,,,,,,,,,,,,,,,,,"
"Алмазная коронка по стеклу и керамике BIHUI (гальваническая алмазная коронка), 115мм, арт.DBW115",Алмазная оснастка>Алмазные коронки для плитки,DBW115,0.00,"https://dlt.by/image/catalog/image/catalog/tovar/almkorposteklu_new/7.png,https://dlt.by/image/catalog/tovar/almkorposteklu_new/new/8.png,,,,,,,,,,,,,,,,,,,,,,,,,,,,,,,,,,,,,,,,,,,,"
"Алмазная коронка по стеклу и керамике BIHUI (гальваническая алмазная коронка), 120мм, арт.DBW120",Алмазная оснастка>Алмазные коронки для плитки,DBW120,2 678.39,"https://dlt.by/image/catalog/tovar/almkorposteklu/new/120mm/1.jpg,https://dlt.by/image/catalog/tovar/almkorposteklu/new/120mm/2.jpg,https://dlt.by/image/catalog/tovar/almkorposteklu/new/120mm/3.jpg,https://dlt.by/image/catalog/tovar/almkorposteklu_new/new/8.png,,,,,,,,,,,,,,,,,,,,,,,,,,,,,,,,,,,,,,,,,,"
"Алмазная коронка по стеклу и керамике BIHUI (гальваническая алмазная коронка), 125мм, арт.DBW125",Алмазная оснастка>Алмазные коронки для плитки,DBW125,0.00,"https://dlt.by/image/catalog/image/catalog/tovar/almkorposteklu_new/7.png,https://dlt.by/image/catalog/tovar/almkorposteklu_new/new/8.png,,,,,,,,,,,,,,,,,,,,,,,,,,,,,,,,,,,,,,,,,,,,"
"Плиткорез ручной RUBI FAST 85 (до 850мм), арт.13941",Плиткорезы ручные>Плиткорезы RUBI,13941,18 658.42,"https://dlt.by/image/catalog/tovar/rubifast85/new/7.jpg,https://dlt.by/image/catalog/tovar/rubifast85/new/1-2.jpg,https://dlt.by/image/catalog/tovar/rubifast85/new/1-3.jpg,https://dlt.by/image/catalog/tovar/rubifast85/new/1-4.jpg,https://dlt.by/image/catalog/tovar/rubifast85/new/2.png,https://dlt.by/image/catalog/tovar/rubifast85/new/3.png,https://dlt.by/image/catalog/tovar/rubifast85/new/6.jpg,https://dlt.by/image/catalog/tovar/rubifast85/new/7-1.jpg,https://dlt.by/image/catalog/tovar/rubifast85/new/7-2.jpg,https://dlt.by/image/catalog/tovar/rubifast85/new/7-3.jpg,https://dlt.by/image/catalog/tovar/rubifast85/new/7-4.jpg,https://dlt.by/image/catalog/tovar/rubifast85/new/7-5.jpg,https://dlt.by/image/catalog/tovar/rubifast85/new/7-6.jpg,https://dlt.by/image/catalog/tovar/rubifast85/new/8-1.jpg,https://dlt.by/image/catalog/tovar/rubifast85/new/9.jpg,https://dlt.by/image/catalog/tovar/rubifast85/new/10.jpg,https://dlt.by/image/catalog/tovar/rubifast85/new/11.jpg,https://dlt.by/image/catalog/tovar/rubifast85/new/12.jpg,https://dlt.by/image/catalog/tovar/rubifast85/new/13.jpg,https://dlt.by/image/catalog/tovar/rubifast85/new/14.jpg,https://dlt.by/image/catalog/tovar/rubifast85/new/115.png,https://dlt.by/image/catalog/tovar/rubifast85/17-1000x1000.png,https://dlt.by/image/catalog/tovar/rubifast85/18-1000x1000.png,https://dlt.by/image/catalog/tovar/proline800/r27.jpg,,,,,,,,,,,,,,,,,,,,,,"
"Плиткорез ручной RUBI STAR 63 + кейс (до 630мм), арт.14948",Плиткорезы ручные>Плиткорезы RUBI,14948,12 940.52,"https://dlt.by/image/catalog/easyphoto/633/plitkorez-ruchnoy-rubi-star-max-65-do-630mm-19.jpg,https://dlt.by/image/catalog/easyphoto/633/plitkorez-ruchnoy-rubi-star-max-65-do-630mm-20.jpg,https://dlt.by/image/catalog/easyphoto/633/plitkorez-ruchnoy-rubi-star-max-65-do-630mm-21.jpg,https://dlt.by/image/catalog/easyphoto/633/plitkorez-ruchnoy-rubi-star-max-65-do-630mm-22.jpg,https://dlt.by/image/catalog/easyphoto/633/plitkorez-ruchnoy-rubi-star-max-65-do-630mm-23.jpg,https://dlt.by/image/catalog/easyphoto/633/plitkorez-ruchnoy-rubi-star-max-65-do-630mm-24.jpg,https://dlt.by/image/catalog/easyphoto/633/plitkorez-ruchnoy-rubi-star-max-65-do-630mm-25.jpg,https://dlt.by/image/catalog/easyphoto/633/plitkorez-ruchnoy-rubi-star-max-65-do-630mm-26.jpg,https://dlt.by/image/catalog/easyphoto/633/plitkorez-ruchnoy-rubi-star-max-65-do-630mm-27.jpg,https://dlt.by/image/catalog/easyphoto/633/plitkorez-ruchnoy-rubi-star-max-65-do-630mm-28.jpg,https://dlt.by/image/catalog/easyphoto/633/plitkorez-ruchnoy-rubi-star-max-65-do-630mm-29.jpg,https://dlt.by/image/catalog/easyphoto/633/plitkorez-ruchnoy-rubi-star-max-65-do-630mm-30.jpg,https://dlt.by/image/catalog/easyphoto/633/plitkorez-ruchnoy-rubi-star-max-65-do-630mm-31.jpg,https://dlt.by/image/catalog/easyphoto/633/plitkorez-ruchnoy-rubi-star-max-65-do-630mm-32.jpg,https://dlt.by/image/catalog/easyphoto/633/plitkorez-ruchnoy-rubi-star-max-65-do-630mm-33.jpg,,,,,,,,,,,,,,,,,,,,,,,,,,,,,,,"
"Виброприсоска для укладки плитки DLT SUABU, арт.0311",Инструмент для укладки плитки>Вибрационные присоски,311,5 266.49,"https://dlt.by/image/catalog/tovar/dltsuabu/1.jpg,https://dlt.by/image/catalog/tovar/dltsuabu/2.jpg,https://dlt.by/image/catalog/tovar/dltsuabu/3.jpg,https://dlt.by/image/catalog/tovar/dltsuabu/4.jpg,https://dlt.by/image/catalog/tovar/dltsuabu/5.jpg,https://dlt.by/image/catalog/tovar/dltsuabu/6.jpg,https://dlt.by/image/catalog/tovar/dltsuabu/7.jpg,https://dlt.by/image/catalog/tovar/dltsuabu/8.jpg,https://dlt.by/image/catalog/tovar/dltsuabu/9.jpg,https://dlt.by/image/catalog/tovar/dltsuabu/10.jpg,https://dlt.by/image/catalog/tovar/dltsuabu/11.jpg,https://dlt.by/image/catalog/tovar/dltsuabu/12.jpg,,,,,,,,,,,,,,,,,,,,,,,,,,,,,,,,,,"
"Виброприсоска для укладки плитки DLT SUABU MAX, арт.0415",Инструмент для укладки плитки>Вибрационные присоски,415,9 630.15,"https://dlt.by/image/catalog/tovar/suabumax/new_2022/0.jpg,https://dlt.by/image/catalog/tovar/suabumax/new_2022/1.jpg,https://dlt.by/image/catalog/tovar/suabumax/new_2022/2.jpg,https://dlt.by/image/catalog/tovar/suabumax/new_2022/3.jpg,https://dlt.by/image/catalog/tovar/suabumax/new_2022/5.jpg,https://dlt.by/image/catalog/tovar/suabumax/new_2022/6.jpg,https://dlt.by/image/catalog/tovar/suabumax/new_2022/7.jpg,https://dlt.by/image/catalog/tovar/suabumax/new_2022/10.jpg,https://dlt.by/image/catalog/tovar/suabumax/new_2022/12.jpg,https://dlt.by/image/catalog/tovar/suabumax/new_2022/13.jpg,https://dlt.by/image/catalog/tovar/suabumax/new_2022/15.jpg,https://dlt.by/image/catalog/tovar/suabumax/new_2022/16.jpg,,,,,,,,,,,,,,,,,,,,,,,,,,,,,,,,,,"
"Виброприсоска для укладки плитки DLT SUABU PRO, арт.0156",Инструмент для укладки плитки>Вибрационные присоски,156,8 426.38,"https://dlt.by/image/catalog/tovar/suabupro/new_2022/0.jpg,https://dlt.by/image/catalog/tovar/suabupro/new_2022/1.jpg,https://dlt.by/image/catalog/tovar/suabupro/new_2022/1-1.jpg,https://dlt.by/image/catalog/tovar/suabupro/new_2022/2.jpg,https://dlt.by/image/catalog/tovar/suabupro/new_2022/2-1.jpg,https://dlt.by/image/catalog/tovar/suabupro/new_2022/3.jpg,https://dlt.by/image/catalog/tovar/suabupro/new_2022/4.jpg,https://dlt.by/image/catalog/tovar/suabupro/new_2022/7.jpg,https://dlt.by/image/catalog/tovar/suabupro/new_2022/8.jpg,https://dlt.by/image/catalog/tovar/suabupro/new_2022/9.jpg,https://dlt.by/image/catalog/tovar/suabupro/new_2022/10.jpg,https://dlt.by/image/catalog/tovar/suabupro/new_2022/10-1.jpg,https://dlt.by/image/catalog/tovar/suabupro/new_2022/10-2.png,https://dlt.by/image/catalog/tovar/suabupro/new_2022/10-3.png,https://dlt.by/image/catalog/tovar/suabupro/new_2022/11.png,https://dlt.by/image/catalog/tovar/suabupro/new_2022/11-1.png,https://dlt.by/image/catalog/tovar/suabupro/new_2022/11-2.png,https://dlt.by/image/catalog/tovar/suabupro/new_2022/12.png,https://dlt.by/image/catalog/tovar/suabupro/new_2022/13.png,https://dlt.by/image/catalog/tovar/suabupro/new_2022/14.png,,,,,,,,,,,,,,,,,,,,,,,,,,"
"Плиткорез механический DLT Optima-1600, (версия Plus), рез до 1600мм, арт.1132",Плиткорезы ручные>Плиткорезы DLT,1132,21 968.79,"https://dlt.by/image/catalog/easyphoto/1655/plitkorez-mehanicheskiy-dlt-optima-plus-1600-rez-do-1600mm-1.jpg,https://dlt.by/image/catalog/easyphoto/1655/plitkorez-mehanicheskiy-dlt-optima-plus-1600-rez-do-1600mm-2.jpg,https://dlt.by/image/catalog/easyphoto/1655/plitkorez-mehanicheskiy-dlt-optima-plus-1600-rez-do-1600mm-3.jpg,https://dlt.by/image/catalog/easyphoto/1655/plitkorez-mehanicheskiy-dlt-optima-plus-1600-rez-do-1600mm-4.jpg,https://dlt.by/image/catalog/easyphoto/1655/plitkorez-mehanicheskiy-dlt-optima-plus-1600-rez-do-1600mm-5.jpg,https://dlt.by/image/catalog/easyphoto/1655/plitkorez-mehanicheskiy-dlt-optima-plus-1600-rez-do-1600mm-6.jpg,https://dlt.by/image/catalog/easyphoto/1655/plitkorez-mehanicheskiy-dlt-optima-plus-1600-rez-do-1600mm-7.jpg,https://dlt.by/image/catalog/easyphoto/1655/plitkorez-mehanicheskiy-dlt-optima-plus-1600-rez-do-1600mm-9.jpg,https://dlt.by/image/catalog/easyphoto/1655/plitkorez-mehanicheskiy-dlt-optima-plus-1600-rez-do-1600mm-10.jpg,https://dlt.by/image/catalog/easyphoto/1655/plitkorez-mehanicheskiy-dlt-optima-plus-1600-rez-do-1600mm-11.jpg,https://dlt.by/image/catalog/easyphoto/1655/plitkorez-mehanicheskiy-dlt-optima-plus-1600-rez-do-1600mm-12.jpg,https://dlt.by/image/catalog/easyphoto/1655/plitkorez-mehanicheskiy-dlt-optima-plus-1600-rez-do-1600mm-13.jpg,,,,,,,,,,,,,,,,,,,,,,,,,,,,,,,,,,"
"Плиткорез механический DLT Optima-1800, (версия Plus), рез до 1800мм, арт.1133",Плиткорезы ручные>Плиткорезы DLT,1133,23 774.44,"https://dlt.by/image/catalog/easyphoto/1656/plitkorez-mehanicheskiy-dlt-optima-plus-1800-rez-do-1800mm-1.jpg,https://dlt.by/image/catalog/easyphoto/1656/plitkorez-mehanicheskiy-dlt-optima-plus-1800-rez-do-1800mm-2.jpg,https://dlt.by/image/catalog/easyphoto/1656/plitkorez-mehanicheskiy-dlt-optima-plus-1800-rez-do-1800mm-3.jpg,https://dlt.by/image/catalog/easyphoto/1656/plitkorez-mehanicheskiy-dlt-optima-plus-1800-rez-do-1800mm-4.jpg,https://dlt.by/image/catalog/easyphoto/1656/plitkorez-mehanicheskiy-dlt-optima-plus-1800-rez-do-1800mm-5.jpg,https://dlt.by/image/catalog/easyphoto/1656/plitkorez-mehanicheskiy-dlt-optima-plus-1800-rez-do-1800mm-6.jpg,https://dlt.by/image/catalog/easyphoto/1656/plitkorez-mehanicheskiy-dlt-optima-plus-1800-rez-do-1800mm-7.jpg,https://dlt.by/image/catalog/easyphoto/1656/plitkorez-mehanicheskiy-dlt-optima-plus-1800-rez-do-1800mm-9.jpg,https://dlt.by/image/catalog/easyphoto/1656/plitkorez-mehanicheskiy-dlt-optima-plus-1800-rez-do-1800mm-10.jpg,https://dlt.by/image/catalog/easyphoto/1656/plitkorez-mehanicheskiy-dlt-optima-plus-1800-rez-do-1800mm-11.jpg,https://dlt.by/image/catalog/easyphoto/1656/plitkorez-mehanicheskiy-dlt-optima-plus-1800-rez-do-1800mm-12.jpg,https://dlt.by/image/catalog/easyphoto/1656/plitkorez-mehanicheskiy-dlt-optima-plus-1800-rez-do-1800mm-13.jpg,,,,,,,,,,,,,,,,,,,,,,,,,,,,,,,,,,"
"Переходник на M16, арт.0892",Установки алмазного сверления>Аксессуары,892,1 203.77,"https://dlt.by/image/catalog/image/catalog/tovar/perm16/6.jpg,https://dlt.by/image/catalog/tovar/per114sgay/7.jpg,https://dlt.by/image/catalog/tovar/per114sgay/8.jpg,https://dlt.by/image/catalog/tovar/per114sgay/9.jpg,,,,,,,,,,,,,,,,,,,,,,,,,,,,,,,,,,,,,,,,,,"
"Переходник на 1 1/4"", арт.0893",Установки алмазного сверления>Аксессуары,893,1 203.77,"https://dlt.by/image/catalog/easyphoto/653/perehodnik-na-1-1-4-2.jpg,https://dlt.by/image/catalog/easyphoto/653/perehodnik-na-1-1-4-3.jpg,https://dlt.by/image/catalog/easyphoto/653/perehodnik-na-1-1-4-4.jpg,,,,,,,,,,,,,,,,,,,,,,,,,,,,,,,,,,,,,,,,,,,"
"Плиткорез электрический RUBI TC-125, комплект Мини, арт.50953",Плиткорезы электрические (камнерезы/мокрорезы)>Электрические плиткорезы для крупноформатной плитки,50953,49 655.47,"https://dlt.by/image/catalog/easyphoto/1693/plitkorez-elektricheskiy-rubi-tc-125-komplekt-mini-1.jpg,https://dlt.by/image/catalog/easyphoto/1693/plitkorez-elektricheskiy-rubi-tc-125-komplekt-mini-2.jpg,https://dlt.by/image/catalog/easyphoto/1693/plitkorez-elektricheskiy-rubi-tc-125-komplekt-mini-3.jpg,https://dlt.by/image/catalog/easyphoto/1693/plitkorez-elektricheskiy-rubi-tc-125-komplekt-mini-5.jpg,https://dlt.by/image/catalog/easyphoto/1693/plitkorez-elektricheskiy-rubi-tc-125-komplekt-mini-4.jpg,https://dlt.by/image/catalog/easyphoto/1693/plitkorez-elektricheskiy-rubi-tc-125-komplekt-mini-6.jpg,https://dlt.by/image/catalog/easyphoto/1693/plitkorez-elektricheskiy-rubi-tc-125-komplekt-mini-7.jpg,https://dlt.by/image/catalog/easyphoto/1693/plitkorez-elektricheskiy-rubi-tc-125-komplekt-mini-10.jpg,https://dlt.by/image/catalog/easyphoto/1693/plitkorez-elektricheskiy-rubi-tc-125-komplekt-mini-8.jpg,https://dlt.by/image/catalog/easyphoto/1693/plitkorez-elektricheskiy-rubi-tc-125-komplekt-mini-14.jpg,https://dlt.by/image/catalog/easyphoto/1693/plitkorez-elektricheskiy-rubi-tc-125-komplekt-mini-9.png,https://dlt.by/image/catalog/easyphoto/1693/plitkorez-elektricheskiy-rubi-tc-125-komplekt-mini-12.jpg,https://dlt.by/image/catalog/easyphoto/1693/plitkorez-elektricheskiy-rubi-tc-125-komplekt-mini-13.jpg,https://dlt.by/image/catalog/easyphoto/1693/plitkorez-elektricheskiy-rubi-tc-125-komplekt-mini-11.jpg,,,,,,,,,,,,,,,,,,,,,,,,,,,,,,,,"
"Виброприсоска для укладки плитки BIHUI, арт.LFTBV",Инструмент для укладки плитки>Вибрационные присоски,LFTBV,10 833.92,"https://dlt.by/image/catalog/image/catalog/tovar/bihvibroprisoska/new_bq/1.jpg,https://dlt.by/image/catalog/tovar/bihvibroprisoska/new_bq/1-1.jpg,https://dlt.by/image/catalog/tovar/bihvibroprisoska/new_bq/2.jpg,https://dlt.by/image/catalog/tovar/bihvibroprisoska/new_bq/3.jpg,https://dlt.by/image/catalog/tovar/bihvibroprisoska/new_bq/4.jpg,https://dlt.by/image/catalog/tovar/bihvibroprisoska/new_bq/5.jpg,https://dlt.by/image/catalog/tovar/bihvibroprisoska/new_bq/6.jpg,https://dlt.by/image/catalog/tovar/bihvibroprisoska/new_bq/7.jpg,https://dlt.by/image/catalog/tovar/bihvibroprisoska/new_bq/8.jpg,https://dlt.by/image/catalog/tovar/bihvibroprisoska/new_bq/9.jpg,https://dlt.by/image/catalog/tovar/bihvibroprisoska/new_bq/10.jpg,https://dlt.by/image/catalog/tovar/bihvibroprisoska/new_bq/11.jpg,https://dlt.by/image/catalog/tovar/bihvibroprisoska/new_bq/12.jpg,https://dlt.by/image/catalog/tovar/bihvibroprisoska/new_bq/13.jpg,,,,,,,,,,,,,,,,,,,,,,,,,,,,,,,,"
"Алмазная коронка по стеклу и керамике BIHUI (гальваническая алмазная коронка), 4мм, арт.DBW04",Алмазная оснастка>Алмазные коронки для плитки,DBW04,306.96,"https://dlt.by/image/catalog/image/catalog/tovar/almkorposteklu_new/new/4mm/1.jpg,https://dlt.by/image/catalog/tovar/almkorposteklu_new/new/4mm/3.jpg,https://dlt.by/image/catalog/tovar/almkorposteklu_new/new/4mm/2.jpg,https://dlt.by/image/catalog/tovar/almkorposteklu_new/new/4mm/4.png,,,,,,,,,,,,,,,,,,,,,,,,,,,,,,,,,,,,,,,,,,"
"Алмазный гибкий шлифовальный круг DLT №15, #100, арт.1168",Инструмент для укладки плитки>Круг алмазный гибкий шлифовальный,1168,571.79,"https://dlt.by/image/catalog/tovar/aghk_dlt/dlt_№15/zer100/0.jpg,https://dlt.by/image/catalog/tovar/aghk_dlt/dlt_№15/zer100/1.jpg,https://dlt.by/image/catalog/tovar/aghk_dlt/dlt_№15/zer100/2.jpg,https://dlt.by/image/catalog/tovar/aghk_dlt/dlt_№15/zer100/3.jpg,https://dlt.by/image/catalog/tovar/aghk_dlt/dlt_№15/zer100/4.jpg,https://dlt.by/image/catalog/tovar/aghk_dlt/dlt_№15/zer100/5.jpg,https://dlt.by/image/catalog/tovar/aghk_dlt/dlt_№15/zer100/6.jpg,https://dlt.by/image/catalog/tovar/aghk_dlt/dlt_№15/zer100/7.jpg,https://dlt.by/image/catalog/tovar/aghk_dlt/dlt_№15/zer100/8.jpg,,,,,,,,,,,,,,,,,,,,,,,,,,,,,,,,,,,,,"
"Алмазный диск для штробления в бетоне, DLT №1, арт.1171",Алмазная оснастка>Алмазные диски,1171,2 467.73,"https://dlt.by/image/catalog/tovar/krug_beton/new2022/1.jpg,https://dlt.by/image/catalog/tovar/krug_beton/new2022/2.jpg,https://dlt.by/image/catalog/tovar/krug_beton/new2022/3.jpg,,,,,,,,,,,,,,,,,,,,,,,,,,,,,,,,,,,,,,,,,,,"
"Коронка-фреза алмазная для плитки 9plitok&DLT (CERAMIC PRO), 10-25мм, арт.1183",Алмазная оснастка>Алмазные коронки для плитки>Конусные алмазные фрезы,1183,2 497.82,"https://dlt.by/image/catalog/tovar/10-25/dlt_9plitok/new/1.jpg,https://dlt.by/image/catalog/tovar/10-25/dlt_9plitok/new/1-1.jpg,https://dlt.by/image/catalog/tovar/10-25/dlt_9plitok/new/2.jpg,https://dlt.by/image/catalog/tovar/10-25/dlt_9plitok/new/3.jpg,https://dlt.by/image/catalog/tovar/10-25/dlt_9plitok/new/4.jpg,https://dlt.by/image/catalog/tovar/10-25/dlt_9plitok/new/5.jpg,https://dlt.by/image/catalog/tovar/10-25/dlt_9plitok/new/6.jpg,,,,,,,,,,,,,,,,,,,,,,,,,,,,,,,,,,,,,,,"
"Коронка-фреза алмазная для плитки DLT CERAMIC PRO, 10-25мм, арт.1184",Алмазная оснастка>Алмазные коронки для плитки>Конусные алмазные фрезы,1184,2 497.82,"https://dlt.by/image/catalog/tovar/10-25/dlt/new/1.jpg,https://dlt.by/image/catalog/tovar/10-25/dlt/new/2.jpg,https://dlt.by/image/catalog/tovar/10-25/dlt/new/3.jpg,https://dlt.by/image/catalog/tovar/10-25/dlt/new/4.jpg,,,,,,,,,,,,,,,,,,,,,,,,,,,,,,,,,,,,,,,,,,"
"Шлифовальный круг 225мм (упаковка 10шт) 8 отверстий, P60, арт.0109",Малярный и штукатурный инструмент>Абразивные материалы>Шлифовальные круги,109,902.83,"https://dlt.by/image/catalog/image/catalog/tovar/dlt_p60/1.jpg,https://dlt.by/image/catalog/tovar/dlt_p60/2.jpg,https://dlt.by/image/catalog/tovar/dlt_p60/3.jpg,,,,,,,,,,,,,,,,,,,,,,,,,,,,,,,,,,,,,,,,,,,"
"Шлифовальный круг 225мм (упаковка 10шт) 8 отверстий, P80, арт.0110",Малярный и штукатурный инструмент>Абразивные материалы>Шлифовальные круги,110,902.83,"https://dlt.by/image/catalog/tovar/dlt_p60/1.jpg,https://dlt.by/image/catalog/tovar/dlt_p60/2.jpg,https://dlt.by/image/catalog/tovar/dlt_p60/3.jpg,,,,,,,,,,,,,,,,,,,,,,,,,,,,,,,,,,,,,,,,,,,"
"Шлифовальный круг 225мм (упаковка 10шт) 8 отверстий, P100, арт.0104",Малярный и штукатурный инструмент>Абразивные материалы>Шлифовальные круги,104,902.83,"https://dlt.by/image/catalog/tovar/dlt_p60/1.jpg,https://dlt.by/image/catalog/tovar/dlt_p60/2.jpg,https://dlt.by/image/catalog/tovar/dlt_p60/3.jpg,,,,,,,,,,,,,,,,,,,,,,,,,,,,,,,,,,,,,,,,,,,"
"Шлифовальный круг 225мм (упаковка 10шт) 8 отверстий, P120, арт.0105",Малярный и штукатурный инструмент>Абразивные материалы>Шлифовальные круги,105,902.83,"https://dlt.by/image/catalog/image/catalog/tovar/dlt_p60/1.jpg,https://dlt.by/image/catalog/tovar/dlt_p60/2.jpg,https://dlt.by/image/catalog/tovar/dlt_p60/3.jpg,,,,,,,,,,,,,,,,,,,,,,,,,,,,,,,,,,,,,,,,,,,"
"Шлифовальный круг 225мм (упаковка 10шт) 8 отверстий, P150, арт.0214",Малярный и штукатурный инструмент>Абразивные материалы>Шлифовальные круги,214,902.83,"https://dlt.by/image/catalog/image/catalog/tovar/dlt_p60/1.jpg,https://dlt.by/image/catalog/tovar/dlt_p60/2.jpg,https://dlt.by/image/catalog/tovar/dlt_p60/3.jpg,,,,,,,,,,,,,,,,,,,,,,,,,,,,,,,,,,,,,,,,,,,"
"Шлифовальный круг 225мм (упаковка 10шт) 8 отверстий, P180, арт.0106",Малярный и штукатурный инструмент>Абразивные материалы>Шлифовальные круги,106,902.83,"https://dlt.by/image/catalog/image/catalog/tovar/dlt_p60/1.jpg,https://dlt.by/image/catalog/tovar/dlt_p60/2.jpg,https://dlt.by/image/catalog/tovar/dlt_p60/3.jpg,,,,,,,,,,,,,,,,,,,,,,,,,,,,,,,,,,,,,,,,,,,"
"Шлифовальный круг 225мм (упаковка 10шт) 8 отверстий, P220, арт.0107",Малярный и штукатурный инструмент>Абразивные материалы>Шлифовальные круги,107,902.83,"https://dlt.by/image/catalog/image/catalog/tovar/dlt_p60/1.jpg,https://dlt.by/image/catalog/tovar/dlt_p60/2.jpg,https://dlt.by/image/catalog/tovar/dlt_p60/3.jpg,,,,,,,,,,,,,,,,,,,,,,,,,,,,,,,,,,,,,,,,,,,"
"Шлифовальный круг 225мм (упаковка 10шт) 8 отверстий, P240, арт.0108",Малярный и штукатурный инструмент>Абразивные материалы>Шлифовальные круги,108,902.83,"https://dlt.by/image/catalog/image/catalog/tovar/dlt_p60/1.jpg,https://dlt.by/image/catalog/tovar/dlt_p60/2.jpg,https://dlt.by/image/catalog/tovar/dlt_p60/3.jpg,,,,,,,,,,,,,,,,,,,,,,,,,,,,,,,,,,,,,,,,,,,"
"Роликовый резец RUBI Ø8мм, серия SILVER (уп. 2шт) арт.01955 ",Плиткорезы ручные>Аксессуары для ручных плиткорезов>Резцы,1955,1 805.65,"https://dlt.by/image/catalog/tovar/ref.01955/1.jpg,https://dlt.by/image/catalog/tovar/ref.01955/2.jpg,https://dlt.by/image/catalog/tovar/ref.01955/3.jpg,https://dlt.by/image/catalog/tovar/ref.01955/4.jpg,https://dlt.by/image/catalog/tovar/ref.01955/5.jpg,https://dlt.by/image/catalog/tovar/ref.01955/6.jpg,https://dlt.by/image/catalog/tovar/ref.01955/7.jpg,,,,,,,,,,,,,,,,,,,,,,,,,,,,,,,,,,,,,,,"
Лазерный уровень (нивелир) Huepar HP-904DG,Лазерные нивелиры (лазерные уровни),Huepar 904DG,13 843.34,"https://dlt.by/image/catalog/image/catalog/tovar/huepar_904dg/new/1.png,https://dlt.by/image/catalog/tovar/huepar_904dg/new/2.jpg,https://dlt.by/image/catalog/tovar/huepar_904dg/new/3.jpg,https://dlt.by/image/catalog/tovar/huepar_904dg/new/gif_1616479510.gif,https://dlt.by/image/catalog/tovar/huepar_904dg/new/4.png,https://dlt.by/image/catalog/tovar/huepar_904dg/new/4-1.png,https://dlt.by/image/catalog/tovar/huepar_904dg/new/5.png,https://dlt.by/image/catalog/tovar/huepar_904dg/new/5-1.png,https://dlt.by/image/catalog/tovar/huepar_904dg/new/6.jpg,https://dlt.by/image/catalog/tovar/huepar_904dg/new/7.jpg,https://dlt.by/image/catalog/tovar/huepar_904dg/new/8.jpg,https://dlt.by/image/catalog/tovar/huepar_904dg/new/9.jpg,https://dlt.by/image/catalog/tovar/huepar_904dg/new/10.jpg,https://dlt.by/image/catalog/tovar/huepar_904dg/new/11.jpg,https://dlt.by/image/catalog/tovar/huepar_904dg/new/12.jpg,https://dlt.by/image/catalog/tovar/huepar_904dg/new/13.jpg,https://dlt.by/image/catalog/tovar/huepar_904dg/new/14.jpg,https://dlt.by/image/catalog/tovar/huepar_904dg/new/14-1.jpg,https://dlt.by/image/catalog/tovar/huepar_904dg/new/14-2.jpg,https://dlt.by/image/catalog/tovar/huepar_904dg/new/15.png,https://dlt.by/image/catalog/tovar/huepar_904dg/new/15-1.png,https://dlt.by/image/catalog/tovar/huepar_904dg/new/16.jpg,https://dlt.by/image/catalog/tovar/huepar_904dg/new/17.jpg,https://dlt.by/image/catalog/tovar/huepar_904dg/new/18.jpg,https://dlt.by/image/catalog/tovar/huepar_904dg/new/19.jpg,https://dlt.by/image/catalog/tovar/huepar_904dg/new/20.jpg,https://dlt.by/image/catalog/tovar/huepar_904dg/new/21.jpg,https://dlt.by/image/catalog/tovar/huepar_904dg/new/22.png,https://dlt.by/image/catalog/tovar/huepar_904dg/new/23.png,https://dlt.by/image/catalog/tovar/huepar_904dg/new/24.png,https://dlt.by/image/catalog/tovar/huepar_904dg/new/25.jpg,https://dlt.by/image/catalog/tovar/huepar_904dg/new/26.jpg,,,,,,,,,,,,,,"
"Газовый гвоздезабивной монтажный пистолет HYBEST GSR40A, арт.0136",Монтажные пистолеты>Монтажные гвоздезабивные пистолеты,136,26 994.52,"https://dlt.by/image/catalog/easyphoto/690/gazovyy-gvozdezabivnoy-montazhnyy-pistolet-hybest-gsr40a-21.jpg,https://dlt.by/image/catalog/easyphoto/690/gazovyy-gvozdezabivnoy-montazhnyy-pistolet-hybest-gsr40a-22.png,https://dlt.by/image/catalog/easyphoto/690/gazovyy-gvozdezabivnoy-montazhnyy-pistolet-hybest-gsr40a-44.jpg,https://dlt.by/image/catalog/easyphoto/690/gazovyy-gvozdezabivnoy-montazhnyy-pistolet-hybest-gsr40a-29.jpg,https://dlt.by/image/catalog/easyphoto/690/gazovyy-gvozdezabivnoy-montazhnyy-pistolet-hybest-gsr40a-24.jpg,https://dlt.by/image/catalog/easyphoto/690/gazovyy-gvozdezabivnoy-montazhnyy-pistolet-hybest-gsr40a-25.jpg,https://dlt.by/image/catalog/easyphoto/690/gazovyy-gvozdezabivnoy-montazhnyy-pistolet-hybest-gsr40a-27.jpg,https://dlt.by/image/catalog/easyphoto/690/gazovyy-gvozdezabivnoy-montazhnyy-pistolet-hybest-gsr40a-26.jpg,https://dlt.by/image/catalog/easyphoto/690/gazovyy-gvozdezabivnoy-montazhnyy-pistolet-hybest-gsr40a-28.jpg,https://dlt.by/image/catalog/easyphoto/690/gazovyy-gvozdezabivnoy-montazhnyy-pistolet-hybest-gsr40a-30.jpg,https://dlt.by/image/catalog/easyphoto/690/gazovyy-gvozdezabivnoy-montazhnyy-pistolet-hybest-gsr40a-31.jpg,https://dlt.by/image/catalog/easyphoto/690/gazovyy-gvozdezabivnoy-montazhnyy-pistolet-hybest-gsr40a-32.jpg,https://dlt.by/image/catalog/easyphoto/690/gazovyy-gvozdezabivnoy-montazhnyy-pistolet-hybest-gsr40a-33.jpg,https://dlt.by/image/catalog/easyphoto/690/gazovyy-gvozdezabivnoy-montazhnyy-pistolet-hybest-gsr40a-34.jpg,https://dlt.by/image/catalog/easyphoto/690/gazovyy-gvozdezabivnoy-montazhnyy-pistolet-hybest-gsr40a-35.jpg,https://dlt.by/image/catalog/easyphoto/690/gazovyy-gvozdezabivnoy-montazhnyy-pistolet-hybest-gsr40a-36.jpg,https://dlt.by/image/catalog/easyphoto/690/gazovyy-gvozdezabivnoy-montazhnyy-pistolet-hybest-gsr40a-37.jpg,https://dlt.by/image/catalog/easyphoto/690/gazovyy-gvozdezabivnoy-montazhnyy-pistolet-hybest-gsr40a-38.png,https://dlt.by/image/catalog/easyphoto/690/gazovyy-gvozdezabivnoy-montazhnyy-pistolet-hybest-gsr40a-39.png,https://dlt.by/image/catalog/easyphoto/690/gazovyy-gvozdezabivnoy-montazhnyy-pistolet-hybest-gsr40a-40.png,https://dlt.by/image/catalog/easyphoto/690/gazovyy-gvozdezabivnoy-montazhnyy-pistolet-hybest-gsr40a-41.png,https://dlt.by/image/catalog/easyphoto/690/gazovyy-gvozdezabivnoy-montazhnyy-pistolet-hybest-gsr40a-42.jpg,https://dlt.by/image/catalog/easyphoto/690/gazovyy-gvozdezabivnoy-montazhnyy-pistolet-hybest-gsr40a-43.jpg,,,,,,,,,,,,,,,,,,,,,,,"
"Лазерный уровень (нивелир) Huepar B03CG, арт.0337",Лазерные нивелиры (лазерные уровни)>3D,337,16 250.88,"https://dlt.by/image/catalog/image/catalog/tovar/hit/new/hueparb03cg.jpg,https://dlt.by/image/catalog/tovar/hueparb03cg/new/20.png,https://dlt.by/image/catalog/tovar/hueparb03cg/new/2.jpg,https://dlt.by/image/catalog/tovar/hueparb03cg/new/3.jpg,https://dlt.by/image/catalog/tovar/hueparb03cg/new/3+2.jpg,https://dlt.by/image/catalog/tovar/hueparb03cg/new/3-1.jpg,https://dlt.by/image/catalog/tovar/hueparb03cg/new/3-2.jpg,https://dlt.by/image/catalog/tovar/hueparb03cg/new/3-3.jpg,https://dlt.by/image/catalog/tovar/hueparb03cg/new/3-4.jpg,https://dlt.by/image/catalog/tovar/hueparb03cg/new/3-5.jpg,https://dlt.by/image/catalog/tovar/hueparb03cg/new/3-6.jpg,https://dlt.by/image/catalog/tovar/hueparb03cg/new/ewrgfdfsdd.png,https://dlt.by/image/catalog/tovar/hueparb03cg/new/3-7.png,https://dlt.by/image/catalog/tovar/hueparb03cg/new/4.png,https://dlt.by/image/catalog/tovar/hueparb03cg/new/4-1.jpg,https://dlt.by/image/catalog/tovar/hueparb03cg/new/4-2.jpg,https://dlt.by/image/catalog/tovar/hueparb03cg/new/5.png,https://dlt.by/image/catalog/tovar/hueparb03cg/new/5-1.jpg,https://dlt.by/image/catalog/tovar/hueparb03cg/new/5-2.jpg,https://dlt.by/image/catalog/tovar/hueparb03cg/new/5-3.jpg,https://dlt.by/image/catalog/tovar/hueparb03cg/new/6.png,https://dlt.by/image/catalog/tovar/hueparb03cg/new/7.png,https://dlt.by/image/catalog/tovar/hueparb03cg/new/8.png,https://dlt.by/image/catalog/tovar/hueparb03cg/new/9.png,https://dlt.by/image/catalog/tovar/hueparb03cg/new/10.png,https://dlt.by/image/catalog/tovar/hueparb03cg/new/11.jpg,https://dlt.by/image/catalog/tovar/hueparb03cg/new/12.jpg,https://dlt.by/image/catalog/tovar/hueparb03cg/new/gifki___1620799305.gif,https://dlt.by/image/catalog/tovar/hueparb03cg/new/14.png,https://dlt.by/image/catalog/tovar/hueparb03cg/new/15.png,https://dlt.by/image/catalog/tovar/hueparb03cg/new/16.png,https://dlt.by/image/catalog/tovar/hueparb03cg/new/17.png,https://dlt.by/image/catalog/tovar/hueparb03cg/new/18.png,https://dlt.by/image/catalog/tovar/hueparb03cg/new/19.png,https://dlt.by/image/catalog/tovar/hueparb03cg/new/20.png,,,,,,,,,,,"
"Светильник общего света и для покрасочных работ Lossew Lamp C1 PRO, арт.1187",Лампы маляра,1187,13 090.99,"https://dlt.by/image/catalog/tovar/lampa_c1_pro/new2022/1.jpg,https://dlt.by/image/catalog/tovar/lampa_c1_pro/new2022/2.jpg,https://dlt.by/image/catalog/tovar/lampa_c1_pro/new2022/3.jpg,https://dlt.by/image/catalog/tovar/lampa_c1_pro/new2022/4.jpg,https://dlt.by/image/catalog/tovar/lampa_c1_pro/new2022/5.jpg,https://dlt.by/image/catalog/tovar/lampa_c1_pro/new2022/6.jpg,,,,,,,,,,,,,,,,,,,,,,,,,,,,,,,,,,,,,,,,"
"Раздвижная гребёнка-трансформер, зуб 8мм.I, арт.0889",Инструмент для укладки плитки>Гребенки,889,4 965.55,"https://dlt.by/image/catalog/tovar/gr8mm/new/1.jpg,https://dlt.by/image/catalog/tovar/gr8mm/new/2.jpg,https://dlt.by/image/catalog/tovar/gr8mm/new/izobrazhenie_viber_2021-03-10_16-17-21.jpg,https://dlt.by/image/catalog/tovar/gr8mm/new/4.jpg,https://dlt.by/image/catalog/tovar/gr8mm/new/izobrazhenie_viber_2021-03-10_16-17-22.jpg,https://dlt.by/image/catalog/tovar/gr8mm/new/new/6(1).png,https://dlt.by/image/catalog/tovar/gr8mm/new/7.png,https://dlt.by/image/catalog/tovar/gr8mm/new/8.png,https://dlt.by/image/catalog/tovar/gr8mm/new/new/9(1).png,https://dlt.by/image/catalog/tovar/gr8mm/new/new/10(1).png,,,,,,,,,,,,,,,,,,,,,,,,,,,,,,,,,,,,"
"Раздвижная гребёнка-трансформер, зуб 10мм.I, арт.0890",Инструмент для укладки плитки>Гребенки,890,4 965.55,"https://dlt.by/image/catalog/tovar/gr8mm/new/1.jpg,https://dlt.by/image/catalog/tovar/gr8mm/new/2.jpg,https://dlt.by/image/catalog/tovar/gr8mm/new/izobrazhenie_viber_2021-03-10_16-17-21.jpg,https://dlt.by/image/catalog/tovar/gr8mm/new/4.jpg,https://dlt.by/image/catalog/tovar/gr8mm/new/izobrazhenie_viber_2021-03-10_16-17-22.jpg,https://dlt.by/image/catalog/tovar/gr8mm/new/new/6(1).png,https://dlt.by/image/catalog/tovar/gr8mm/new/7.png,https://dlt.by/image/catalog/tovar/gr8mm/new/8.png,https://dlt.by/image/catalog/tovar/gr8mm/new/new/9(1).png,https://dlt.by/image/catalog/tovar/gr8mm/new/new/10(1).png,,,,,,,,,,,,,,,,,,,,,,,,,,,,,,,,,,,,"
"Шлифбумага треугольная 285мм DLT (упаковка 10шт.), P80, арт.0333",Бренды>Оборудование и приспособления для укладки плитки DLT,333,752.36,"https://dlt.by/image/catalog/tovar/p60/1.jpg,https://dlt.by/image/catalog/tovar/p60/2.jpg,https://dlt.by/image/catalog/tovar/p60/3.jpg,https://dlt.by/image/catalog/tovar/p60/4.jpg,,,,,,,,,,,,,,,,,,,,,,,,,,,,,,,,,,,,,,,,,,"
"Шлифбумага треугольная 285мм DLT (упаковка 10шт.), P320, арт.1143","Шлифовальные машины для стен, потолков и пола",1143,752.36,"https://dlt.by/image/catalog/tovar/p60/1.jpg,https://dlt.by/image/catalog/tovar/p60/2.jpg,https://dlt.by/image/catalog/tovar/p60/3.jpg,https://dlt.by/image/catalog/tovar/p60/4.jpg,,,,,,,,,,,,,,,,,,,,,,,,,,,,,,,,,,,,,,,,,,"
"Шлифбумага треугольная 285мм DLT (упаковка 10шт.), P100, арт.0328",Бренды>Оборудование и приспособления для укладки плитки DLT,328,902.83,"https://dlt.by/image/catalog/tovar/p60/1.jpg,https://dlt.by/image/catalog/tovar/p60/2.jpg,https://dlt.by/image/catalog/tovar/p60/3.jpg,https://dlt.by/image/catalog/tovar/p60/4.jpg,,,,,,,,,,,,,,,,,,,,,,,,,,,,,,,,,,,,,,,,,,"
"Шлифбумага треугольная 285мм DLT (упаковка 10шт.), P120, арт.0329","Шлифовальные машины для стен, потолков и пола",329,752.36,"https://dlt.by/image/catalog/tovar/p60/1.jpg,https://dlt.by/image/catalog/tovar/p60/2.jpg,https://dlt.by/image/catalog/tovar/p60/3.jpg,https://dlt.by/image/catalog/tovar/p60/4.jpg,,,,,,,,,,,,,,,,,,,,,,,,,,,,,,,,,,,,,,,,,,"
"Шлифбумага треугольная 285мм DLT (упаковка 10шт.), P150, арт.1142","Шлифовальные машины для стен, потолков и пола",1142,752.36,"https://dlt.by/image/catalog/tovar/p60/1.jpg,https://dlt.by/image/catalog/tovar/p60/2.jpg,https://dlt.by/image/catalog/tovar/p60/3.jpg,https://dlt.by/image/catalog/tovar/p60/4.jpg,,,,,,,,,,,,,,,,,,,,,,,,,,,,,,,,,,,,,,,,,,"
"Шлифбумага треугольная 285мм DLT (упаковка 10шт.), P180, арт.0330",Бренды>Оборудование и приспособления для укладки плитки DLT,330,902.83,"https://dlt.by/image/catalog/tovar/p60/1.jpg,https://dlt.by/image/catalog/tovar/p60/2.jpg,https://dlt.by/image/catalog/tovar/p60/3.jpg,https://dlt.by/image/catalog/tovar/p60/4.jpg,,,,,,,,,,,,,,,,,,,,,,,,,,,,,,,,,,,,,,,,,,"
"Шлифбумага треугольная 285мм DLT (упаковка 10шт.), P220, арт.0331","Шлифовальные машины для стен, потолков и пола",331,752.36,"https://dlt.by/image/catalog/tovar/p60/1.jpg,https://dlt.by/image/catalog/tovar/p60/2.jpg,https://dlt.by/image/catalog/tovar/p60/3.jpg,https://dlt.by/image/catalog/tovar/p60/4.jpg,,,,,,,,,,,,,,,,,,,,,,,,,,,,,,,,,,,,,,,,,,"
"Шлифбумага треугольная 285мм DLT (упаковка 10шт.), P240, арт..0332",Бренды>Оборудование и приспособления для укладки плитки DLT,332,902.83,"https://dlt.by/image/catalog/tovar/p60/1.jpg,https://dlt.by/image/catalog/tovar/p60/2.jpg,https://dlt.by/image/catalog/tovar/p60/3.jpg,https://dlt.by/image/catalog/tovar/p60/4.jpg,,,,,,,,,,,,,,,,,,,,,,,,,,,,,,,,,,,,,,,,,,"
"Набор алмазных коронок №10/1, арт.1039",Алмазная оснастка>Алмазные коронки для плитки,1039,10 081.57,"https://dlt.by/image/catalog/tovar/nabor_koronok_ceramic_pro/nab10/new/1.jpg,https://dlt.by/image/catalog/tovar/nabor_koronok_ceramic_pro/nab10/10-_1-.jpg,https://dlt.by/image/catalog/tovar/nabordlti9plitok/keysi/nom3/kejs_2_2_.jpg,,,,,,,,,,,,,,,,,,,,,,,,,,,,,,,,,,,,,,,,,,,"
"Фреза алмазная пальчиковая вакуумного спекания BIHUI, 20мм, арт.DMB20",Алмазная оснастка>Алмазные коронки для плитки,DMB20,1 564.90,"https://dlt.by/image/catalog/tovar/freza_bihui/bihui/1.jpg,https://dlt.by/image/catalog/tovar/freza_bihui/bihui/2.jpg,https://dlt.by/image/catalog/tovar/freza_bihui/bihui/3.jpg,,,,,,,,,,,,,,,,,,,,,,,,,,,,,,,,,,,,,,,,,,,"
"Алмазный ручной брусок DLT #300, арт.1176",Инструмент для укладки плитки>Алмазные притиры>Р300-400,1176,391.22,"https://dlt.by/image/catalog/easyphoto/1568/almaznyy-ruchnoy-brusok-dlt-300-art-1176-1.jpg,https://dlt.by/image/catalog/easyphoto/1568/almaznyy-ruchnoy-brusok-dlt-300-art-1176-2.jpg,https://dlt.by/image/catalog/easyphoto/1568/almaznyy-ruchnoy-brusok-dlt-300-art-1176-3.jpg,https://dlt.by/image/catalog/easyphoto/1568/almaznyy-ruchnoy-brusok-dlt-300-art-1176-4.jpg,https://dlt.by/image/catalog/easyphoto/1568/almaznyy-ruchnoy-brusok-dlt-300-art-1176-5.jpg,,,,,,,,,,,,,,,,,,,,,,,,,,,,,,,,,,,,,,,,,"
"Инструмент для укладки 3Д крестики (регулируемые щипцы), арт.1102",Инструмент для укладки плитки>Система выравнивания плитки (СВП),1102,1 444.52,"https://dlt.by/image/catalog/tovar/svp_new/svp_instrument/7.jpg,https://dlt.by/image/catalog/tovar/svp_new/svp_instrument/2.jpg,,,,,,,,,,,,,,,,,,,,,,,,,,,,,,,,,,,,,,,,,,,,"
"Установка для нанесения шпатлевки HYVST SPA 860, арт.0742",Штукатурные станции Шпатлевочные станции,742,108 339.21,"https://dlt.by/image/catalog/easyphoto/761/ustanovka-dlya-naneseniya-shpatlevki-hyvst-spa-860-2.jpg,https://dlt.by/image/catalog/easyphoto/761/ustanovka-dlya-naneseniya-shpatlevki-hyvst-spa-860-3.jpg,https://dlt.by/image/catalog/easyphoto/761/ustanovka-dlya-naneseniya-shpatlevki-hyvst-spa-860-4.jpg,https://dlt.by/image/catalog/easyphoto/761/ustanovka-dlya-naneseniya-shpatlevki-hyvst-spa-860-5.jpg,https://dlt.by/image/catalog/easyphoto/761/ustanovka-dlya-naneseniya-shpatlevki-hyvst-spa-860-6.jpg,https://dlt.by/image/catalog/easyphoto/761/ustanovka-dlya-naneseniya-shpatlevki-hyvst-spa-860-7.jpg,https://dlt.by/image/catalog/easyphoto/761/ustanovka-dlya-naneseniya-shpatlevki-hyvst-spa-860-8.jpg,https://dlt.by/image/catalog/easyphoto/761/ustanovka-dlya-naneseniya-shpatlevki-hyvst-spa-860-9.jpg,https://dlt.by/image/catalog/easyphoto/761/ustanovka-dlya-naneseniya-shpatlevki-hyvst-spa-860-10.jpg,https://dlt.by/image/catalog/easyphoto/761/ustanovka-dlya-naneseniya-shpatlevki-hyvst-spa-860-11.jpg,https://dlt.by/image/catalog/easyphoto/761/ustanovka-dlya-naneseniya-shpatlevki-hyvst-spa-860-12.jpg,https://dlt.by/image/catalog/easyphoto/761/ustanovka-dlya-naneseniya-shpatlevki-hyvst-spa-860-13.jpg,https://dlt.by/image/catalog/easyphoto/761/ustanovka-dlya-naneseniya-shpatlevki-hyvst-spa-860-14.jpg,https://dlt.by/image/catalog/easyphoto/761/ustanovka-dlya-naneseniya-shpatlevki-hyvst-spa-860-15.jpg,https://dlt.by/image/catalog/easyphoto/761/ustanovka-dlya-naneseniya-shpatlevki-hyvst-spa-860-16.jpg,https://dlt.by/image/catalog/easyphoto/761/ustanovka-dlya-naneseniya-shpatlevki-hyvst-spa-860-17.jpg,https://dlt.by/image/catalog/easyphoto/761/ustanovka-dlya-naneseniya-shpatlevki-hyvst-spa-860-18.jpg,https://dlt.by/image/catalog/easyphoto/761/ustanovka-dlya-naneseniya-shpatlevki-hyvst-spa-860-20.jpg,https://dlt.by/image/catalog/easyphoto/761/ustanovka-dlya-naneseniya-shpatlevki-hyvst-spa-860-21.jpg,https://dlt.by/image/catalog/easyphoto/761/ustanovka-dlya-naneseniya-shpatlevki-hyvst-spa-860-19.jpg,,,,,,,,,,,,,,,,,,,,,,,,,,"
"Алмазный гибкий шлифовальный круг DLT №15, #50, арт.1167",Инструмент для укладки плитки>Круг алмазный гибкий шлифовальный,1167,571.79,"https://dlt.by/image/catalog/tovar/aghk_dlt/dlt_№15/zer50/0.jpg,https://dlt.by/image/catalog/tovar/aghk_dlt/dlt_№15/zer50/2.jpg,https://dlt.by/image/catalog/tovar/aghk_dlt/dlt_№15/zer50/3.jpg,https://dlt.by/image/catalog/tovar/aghk_dlt/dlt_№15/zer50/4.jpg,https://dlt.by/image/catalog/tovar/aghk_dlt/dlt_№15/zer50/5.jpg,https://dlt.by/image/catalog/tovar/aghk_dlt/dlt_№15/zer50/6.jpg,https://dlt.by/image/catalog/tovar/aghk_dlt/dlt_№15/zer50/7.jpg,https://dlt.by/image/catalog/tovar/aghk_dlt/dlt_№15/zer50/8.jpg,,,,,,,,,,,,,,,,,,,,,,,,,,,,,,,,,,,,,,"
"Хоппер ковш для набрызга штукатурки HYVST OMG-III, арт.0346",Штукатурные станции Шпатлевочные станции,346,6 018.85,"https://dlt.by/image/catalog/tovar/omgiii/new/new1/1.jpg,https://dlt.by/image/catalog/tovar/omgiii/new/new1/2.jpg,https://dlt.by/image/catalog/tovar/omgiii/new/new1/3.jpg,https://dlt.by/image/catalog/tovar/omgiii/new/new1/4.jpg,https://dlt.by/image/catalog/tovar/omgiii/new/new1/5.jpg,https://dlt.by/image/catalog/tovar/omgiii/new/new1/6.jpg,https://dlt.by/image/catalog/tovar/omgiii/new/new1/7.jpg,,,,,,,,,,,,,,,,,,,,,,,,,,,,,,,,,,,,,,,"
"Хоппер ковш для набрызга штукатурки HYVST OMG-II, арт.0345",Штукатурные станции Шпатлевочные станции,345,5 868.37,"https://dlt.by/image/catalog/tovar/omgii/new/1.jpg,https://dlt.by/image/catalog/tovar/omgii/new/2.jpg,https://dlt.by/image/catalog/tovar/omgii/new/3.jpg,https://dlt.by/image/catalog/tovar/omgii/new/4.jpg,https://dlt.by/image/catalog/tovar/omgii/new/5.jpg,https://dlt.by/image/catalog/tovar/omgii/new/6.jpg,https://dlt.by/image/catalog/tovar/omgii/new/7.jpg,https://dlt.by/image/catalog/tovar/omgii/new/8.jpg,,,,,,,,,,,,,,,,,,,,,,,,,,,,,,,,,,,,,,"
"Установка для нанесения шпатлевки HYVST SPA 95, арт.0372",Штукатурные станции Шпатлевочные станции,372,84 263.83,"https://dlt.by/image/catalog/tovar/spa95/new/1.jpg,https://dlt.by/image/catalog/tovar/spa95/new/1.jpg,https://dlt.by/image/catalog/tovar/spa95/new/3.jpg,https://dlt.by/image/catalog/tovar/spa95/new/4.jpg,https://dlt.by/image/catalog/tovar/spa95/new/5.jpg,https://dlt.by/image/catalog/tovar/spa95/new/6.jpg,https://dlt.by/image/catalog/tovar/spa95/new/7.jpg,https://dlt.by/image/catalog/tovar/spa95/new/8.jpg,https://dlt.by/image/catalog/tovar/spa95/new/9.jpg,https://dlt.by/image/catalog/tovar/spa95/7.jpg,https://dlt.by/image/catalog/tovar/spa95/8.jpg,https://dlt.by/image/catalog/tovar/spa95/9.jpg,https://dlt.by/image/catalog/tovar/spa95/10.jpg,https://dlt.by/image/catalog/tovar/spa95/3.jpg,https://dlt.by/image/catalog/tovar/spa95/2.jpg,https://dlt.by/image/catalog/tovar/spa95/4.jpg,https://dlt.by/image/catalog/tovar/spa95/etgd.png,https://dlt.by/image/catalog/tovar/spa95/hghfg.png,,,,,,,,,,,,,,,,,,,,,,,,,,,,"
"Притир алмазный RUBI, #120, арт.61975",Инструмент для укладки плитки>Алмазные притиры>Р100-120,61975,2 407.54,"https://dlt.by/image/catalog/tovar/almbruski/rubi/rubi120/1.jpg,https://dlt.by/image/catalog/tovar/almbruski/rubi/rubi120/1-1.jpg,https://dlt.by/image/catalog/tovar/almbruski/rubi/rubi120/2.jpg,https://dlt.by/image/catalog/tovar/almbruski/rubi/rubi120/3.jpg,https://dlt.by/image/catalog/tovar/almbruski/rubi/rubi120/4.jpg,https://dlt.by/image/catalog/tovar/almbruski/rubi/rubi120/6.jpg,,,,,,,,,,,,,,,,,,,,,,,,,,,,,,,,,,,,,,,,"
"Притир алмазный RUBI, #200, арт.61976",Инструмент для укладки плитки>Алмазные притиры>Р200,61976,2 407.54,"https://dlt.by/image/catalog/tovar/almbruski/rubi/rubi200/1.jpg,https://dlt.by/image/catalog/tovar/almbruski/rubi/rubi200/1-1.jpg,https://dlt.by/image/catalog/tovar/almbruski/rubi/rubi200/2.jpg,https://dlt.by/image/catalog/tovar/almbruski/rubi/rubi200/3.jpg,https://dlt.by/image/catalog/tovar/almbruski/rubi/rubi200/4.jpg,https://dlt.by/image/catalog/tovar/almbruski/rubi/rubi200/6.jpg,,,,,,,,,,,,,,,,,,,,,,,,,,,,,,,,,,,,,,,,"
"Вакуумная присоска Montolit 300-76 для гладкой и структурной плитки, Ø8 дюймов, 120кг, арт.300-76",Инструмент для укладки плитки>Присоски для плитки и стекла>Помповые присоски,300-76,21 276.62,"https://dlt.by/image/catalog/image/catalog/tovar/300-76/new/1.jpg,https://dlt.by/image/catalog/tovar/300-76/new/2.jpg,https://dlt.by/image/catalog/tovar/300-76/new/3.jpg,https://dlt.by/image/catalog/tovar/300-76/new/4.jpg,https://dlt.by/image/catalog/tovar/300-76/new/r5.jpg,https://dlt.by/image/catalog/tovar/300-76/new/6.jpg,https://dlt.by/image/catalog/tovar/300-76/new/7.jpg,,,,,,,,,,,,,,,,,,,,,,,,,,,,,,,,,,,,,,,"
"Виброприсоска для укладки плитки Montolit Battile, арт.5455",Инструмент для укладки плитки>Вибрационные присоски,5455,24 586.98,"https://dlt.by/image/catalog/image/catalog/tovar/montolitbattile/1.jpg,https://dlt.by/image/catalog/tovar/montolitbattile/2.jpg,https://dlt.by/image/catalog/tovar/montolitbattile/3.jpg,https://dlt.by/image/catalog/tovar/montolitbattile/4.png,https://dlt.by/image/catalog/tovar/montolitbattile/5.png,https://dlt.by/image/catalog/tovar/montolitbattile/6.png,,,,,,,,,,,,,,,,,,,,,,,,,,,,,,,,,,,,,,,,"
"Виброприсоска для укладки плитки Montolit Battile PRO, арт.5456",Инструмент для укладки плитки>Вибрационные присоски,5456,36 684.86,"https://dlt.by/image/catalog/image/catalog/tovar/montolitbattielpro/1.png,https://dlt.by/image/catalog/tovar/montolitbattielpro/2.png,https://dlt.by/image/catalog/tovar/montolitbattielpro/new/3.png,https://dlt.by/image/catalog/tovar/montolitbattielpro/new/4.png,https://dlt.by/image/catalog/tovar/montolitbattielpro/new/5.png,https://dlt.by/image/catalog/tovar/montolitbattielpro/new/6.png,https://dlt.by/image/catalog/tovar/montolitbattielpro/new/7.png,,,,,,,,,,,,,,,,,,,,,,,,,,,,,,,,,,,,,,,"
"Циклон для пылесоса (циклонный фильтр) с ведром, арт.0364","Шлифовальные машины для стен, потолков и пола>Аксессуары шлифмашин",364,6 169.32,"https://dlt.by/image/catalog/easyphoto/750/tsiklon-dlya-pylesosa-tsiklonnyy-filtr-s-vedrom-1.jpg,https://dlt.by/image/catalog/tovar/ciklonvsborke/2.jpg,https://dlt.by/image/catalog/tovar/ciklonvsborke/3.jpg,https://dlt.by/image/catalog/tovar/ciklonvsborke/4.jpg,https://dlt.by/image/catalog/tovar/ciklonvsborke/5.jpg,https://dlt.by/image/catalog/tovar/ciklonvsborke/6.jpg,https://dlt.by/image/catalog/tovar/ciklonvsborke/7.jpg,,,,,,,,,,,,,,,,,,,,,,,,,,,,,,,,,,,,,,,"
"Направляющая для систем резки широкоформатной плиты BIHUI, арт.LFRS",Инструмент для укладки плитки>Крупноформат,LFRS,29 793.28,"https://dlt.by/image/catalog/tovar/lfrs/1.jpg,https://dlt.by/image/catalog/tovar/lfrs/2.jpg,https://dlt.by/image/catalog/tovar/lfrs/3.jpg,https://dlt.by/image/catalog/tovar/lfrs/4.jpg,https://dlt.by/image/catalog/tovar/lfrs/5.jpg,https://dlt.by/image/catalog/tovar/lfrs/6.jpg,https://dlt.by/image/catalog/tovar/lfrs/7.jpg,https://dlt.by/image/catalog/tovar/lfrs/8.jpg,,,,,,,,,,,,,,,,,,,,,,,,,,,,,,,,,,,,,,"
"Система ручной резки для широкоформатной плиты BIHUI - БЕЗ направляющей, арт.LFMC",Плиткорезы ручные>Плиткорезы BIHUI,LFMC,22 420.20,"https://dlt.by/image/catalog/tovar/systemruchnoy/bez/izobrazhenie_viber_2022-05-05_08-50-45-358.jpg,https://dlt.by/image/catalog/tovar/systemruchnoy/bez/2.jpg,https://dlt.by/image/catalog/tovar/systemruchnoy/bez/izobrazhenie_viber_2022-05-05_08-50-44-711.jpg,https://dlt.by/image/catalog/tovar/systemruchnoy/lfmcs/12.jpg,https://dlt.by/image/catalog/tovar/systemruchnoy/lfmcs/13.jpg,https://dlt.by/image/catalog/tovar/systemruchnoy/lfmcs/16.jpg,https://dlt.by/image/catalog/tovar/systemruchnoy/lfmcs/17.jpg,,,,,,,,,,,,,,,,,,,,,,,,,,,,,,,,,,,,,,,"
"Фреза алмазная конусная (сверло шарошка алмазное коническое) BIHUI, 20-48мм, арт.DMF2048",Алмазная оснастка>Алмазные коронки для плитки>Конусные алмазные фрезы,DMF2048,3 430.74,"https://dlt.by/image/catalog/tovar/freza_bihui/20-48/new/izobrazhenie_viber_2020-11-10_17-42-51.jpg,https://dlt.by/image/catalog/tovar/freza_bihui/20-48/new/2.jpg,https://dlt.by/image/catalog/tovar/freza_bihui/20-48/new/3.jpg,https://dlt.by/image/catalog/tovar/freza_bihui/20-48/new/4.jpg,,,,,,,,,,,,,,,,,,,,,,,,,,,,,,,,,,,,,,,,,,"
"Пылеотвод для коронок BIHUI, арт.TDBS",Алмазная оснастка>Аксессуары для алмазных коронок,TDBS,1 504.71,"https://dlt.by/image/catalog/tovar/potvod/new/0.jpg,https://dlt.by/image/catalog/tovar/potvod/new/1.jpg,https://dlt.by/image/catalog/tovar/potvod/new/2.jpg,https://dlt.by/image/catalog/tovar/potvod/new/3.jpg,https://dlt.by/image/catalog/tovar/potvod/new/4.jpg,https://dlt.by/image/catalog/tovar/potvod/new/5.png,,,,,,,,,,,,,,,,,,,,,,,,,,,,,,,,,,,,,,,,"
"Смеситель для наливных полов (миксер) BIHUI, арт.MS1900","Миксер строительный, дрель-миксер",MS1900,100 213.77,"https://dlt.by/image/catalog/ms1900/1.jpg,https://dlt.by/image/catalog/ms1900/2.jpg,https://dlt.by/image/catalog/ms1900/3.jpg,https://dlt.by/image/catalog/ms1900/4.jpg,https://dlt.by/image/catalog/ms1900/5.jpg,https://dlt.by/image/catalog/ms1900/6.jpg,https://dlt.by/image/catalog/ms1900/7.jpg,https://dlt.by/image/catalog/ms1900/8.jpg,https://dlt.by/image/catalog/ms1900/9.jpg,https://dlt.by/image/catalog/ms1900/10.jpg,,,,,,,,,,,,,,,,,,,,,,,,,,,,,,,,,,,,"
"Смеситель строительный BIHUI (Растворомешалка), арт.MM1500","Миксер строительный, дрель-миксер",MM1500,154 624.13,"https://dlt.by/image/catalog/tovar/perem/new/1.jpg,https://dlt.by/image/catalog/tovar/perem/new/2.jpg,https://dlt.by/image/catalog/tovar/perem/new/2-1.jpg,https://dlt.by/image/catalog/tovar/perem/new/3.jpg,https://dlt.by/image/catalog/tovar/perem/new/4.jpg,https://dlt.by/image/catalog/tovar/perem/new/5.jpg,https://dlt.by/image/catalog/tovar/perem/new/6.jpg,https://dlt.by/image/catalog/tovar/perem/new/7.jpg,https://dlt.by/image/catalog/tovar/perem/new/8.jpg,https://dlt.by/image/catalog/tovar/perem/new/9.jpg,,,,,,,,,,,,,,,,,,,,,,,,,,,,,,,,,,,,"
"Станина для бетоношлифовальной машины BIHUI, арт.CGWS19","Шлифовальные машины для стен, потолков и пола>Аксессуары шлифмашин",CGWS19,27 987.63,"https://dlt.by/image/catalog/easyphoto/766/stanina-dlya-betonoshlifovalnoy-mashiny-bihui-art-cgws19-14.jpg,https://dlt.by/image/catalog/easyphoto/766/stanina-dlya-betonoshlifovalnoy-mashiny-bihui-art-cgws19-15.jpg,https://dlt.by/image/catalog/easyphoto/766/stanina-dlya-betonoshlifovalnoy-mashiny-bihui-art-cgws19-16.jpg,https://dlt.by/image/catalog/easyphoto/766/stanina-dlya-betonoshlifovalnoy-mashiny-bihui-art-cgws19-17.jpg,https://dlt.by/image/catalog/easyphoto/766/stanina-dlya-betonoshlifovalnoy-mashiny-bihui-art-cgws19-18.jpg,https://dlt.by/image/catalog/easyphoto/766/stanina-dlya-betonoshlifovalnoy-mashiny-bihui-art-cgws19-19.jpg,https://dlt.by/image/catalog/easyphoto/766/stanina-dlya-betonoshlifovalnoy-mashiny-bihui-art-cgws19-20.jpg,https://dlt.by/image/catalog/easyphoto/766/stanina-dlya-betonoshlifovalnoy-mashiny-bihui-art-cgws19-21.jpg,https://dlt.by/image/catalog/easyphoto/766/stanina-dlya-betonoshlifovalnoy-mashiny-bihui-art-cgws19-22.jpg,https://dlt.by/image/catalog/easyphoto/766/stanina-dlya-betonoshlifovalnoy-mashiny-bihui-art-cgws19-23.jpg,https://dlt.by/image/catalog/easyphoto/766/stanina-dlya-betonoshlifovalnoy-mashiny-bihui-art-cgws19-24.jpg,https://dlt.by/image/catalog/easyphoto/766/stanina-dlya-betonoshlifovalnoy-mashiny-bihui-art-cgws19-25.jpg,,,,,,,,,,,,,,,,,,,,,,,,,,,,,,,,,,"
"Шлифмашина по бетону BIHUI, арт.CG1900","Шлифовальные машины для стен, потолков и пола>Шлифмашины ручные",CG1900,32 802.71,"https://dlt.by/image/catalog/tovar/shlivpobetonu/new/1.jpg,https://dlt.by/image/catalog/tovar/shlivpobetonu/new/2.jpg,https://dlt.by/image/catalog/tovar/shlivpobetonu/new/3.jpg,https://dlt.by/image/catalog/tovar/shlivpobetonu/new/4.jpg,https://dlt.by/image/catalog/tovar/shlivpobetonu/new/5.jpg,https://dlt.by/image/catalog/tovar/shlivpobetonu/new/6.jpg,https://dlt.by/image/catalog/tovar/shlivpobetonu/new/7.jpg,https://dlt.by/image/catalog/tovar/shlivpobetonu/new/8.jpg,https://dlt.by/image/catalog/tovar/shlivpobetonu/new/9.jpg,https://dlt.by/image/catalog/tovar/shlivpobetonu/new/11.jpg,https://dlt.by/image/catalog/tovar/shlivpobetonu/new/12.jpg,https://dlt.by/image/catalog/tovar/shlivpobetonu/new/13.jpg,https://dlt.by/image/catalog/tovar/shlivpobetonu/new/14.jpg,,,,,,,,,,,,,,,,,,,,,,,,,,,,,,,,,"
"Протектор угла плитки BIHUI (защитный уголок для крупноформата), набор 4шт, 4-6мм, арт.LFTP06",Плиткорезы ручные,LFTP06,306.96,"https://dlt.by/image/catalog/easyphoto/797/protektor-ugla-plitki-bihui-zashchitnyy-ugolok-dlya-krupnoformata-nabor-4sht-6mm-art-lftp06-2.jpg,https://dlt.by/image/catalog/tovar/protektorugla/6_mm/new/2.jpg,https://dlt.by/image/catalog/tovar/protektorugla/6_mm/new/3.jpg,,,,,,,,,,,,,,,,,,,,,,,,,,,,,,,,,,,,,,,,,,,"
"Подкова для регулировки шва BIHU, 3мм, 300шт, арт.HSR300",Инструмент для укладки плитки>Крестики/клинья/подковы,HSR300,1 263.96,"https://dlt.by/image/catalog/easyphoto/769/podkova-dlya-regulirovki-shva-bihu-3mm-300sht-art-hsr300-1.jpg,https://dlt.by/image/catalog/tovar/u-obraznaya/3mm/new/2.jpg,https://dlt.by/image/catalog/tovar/u-obraznaya/3mm/new/3.jpg,https://dlt.by/image/catalog/tovar/u-obraznaya/3mm/new/4.jpg,https://dlt.by/image/catalog/tovar/u-obraznaya/3mm/2.jpg,https://dlt.by/image/catalog/tovar/u-obraznaya/3mm/new/6.png,,,,,,,,,,,,,,,,,,,,,,,,,,,,,,,,,,,,,,,,"
"Подкова для регулировки шва BIHU, 5мм, 220шт, арт.HSY220",Инструмент для укладки плитки>Крестики/клинья/подковы,HSY220,1 594.99,"https://dlt.by/image/catalog/easyphoto/770/podkova-dlya-regulirovki-shva-bihu-5mm-220sht-art-hsy220-1.jpg,https://dlt.by/image/catalog/tovar/u-obraznaya/5mm/new/3.jpg,https://dlt.by/image/catalog/tovar/u-obraznaya/5mm/new/2.jpg,https://dlt.by/image/catalog/tovar/u-obraznaya/5mm/new/4.jpg,https://dlt.by/image/catalog/tovar/u-obraznaya/5mm/2.jpg,https://dlt.by/image/catalog/tovar/u-obraznaya/5mm/new/6.png,,,,,,,,,,,,,,,,,,,,,,,,,,,,,,,,,,,,,,,,"
"Подкова для регулировки шва BIHUI, 6мм, 150шт, арт.HSB150",Инструмент для укладки плитки>Крестики/клинья/подковы,HSB150,1 113.49,"https://dlt.by/image/catalog/easyphoto/771/podkova-dlya-regulirovki-shva-bihui-6mm-150sht-art-hsb150-1.jpg,https://dlt.by/image/catalog/tovar/u-obraznaya/6mm/1-1.jpg,https://dlt.by/image/catalog/tovar/u-obraznaya/6mm/2.jpg,https://dlt.by/image/catalog/tovar/u-obraznaya/1_5mm/posimg/10.png,,,,,,,,,,,,,,,,,,,,,,,,,,,,,,,,,,,,,,,,,,"
"Адаптер для отвода пыли (пылеуловитель) BIHUI, арт.TDBM",Инструмент для укладки плитки>Кожухи для УШМ/Пылеуловители/Кондукторы>Адаптеры и аксессуары,TDBM,1 143.58,"https://dlt.by/image/catalog/tovar/adadlyapotv/new/1.jpg,https://dlt.by/image/catalog/tovar/adadlyapotv/new/2.jpg,https://dlt.by/image/catalog/tovar/adadlyapotv/new/3.jpg,https://dlt.by/image/catalog/tovar/adadlyapotv/new/4.jpg,https://dlt.by/image/catalog/tovar/adadlyapotv/new/5.jpg,https://dlt.by/image/catalog/tovar/adadlyapotv/new/6.jpg,https://dlt.by/image/catalog/tovar/adadlyapotv/new/7.jpg,https://dlt.by/image/catalog/tovar/adadlyapotv/new/8.jpg,https://dlt.by/image/catalog/tovar/adadlyapotv/new/9.jpg,,,,,,,,,,,,,,,,,,,,,,,,,,,,,,,,,,,,,"
"Гелевые строительные наколенники BIHUI, арт.TKPG",Наколенники строительные,TKPG,1 926.03,"https://dlt.by/image/catalog/tovar/gekstrnak/new_2/1.jpg,https://dlt.by/image/catalog/tovar/gekstrnak/new_2/2.jpg,https://dlt.by/image/catalog/tovar/gekstrnak/new_2/3.jpg,https://dlt.by/image/catalog/tovar/gekstrnak/new_2/4.jpg,https://dlt.by/image/catalog/tovar/gekstrnak/new_2/5.jpg,https://dlt.by/image/catalog/tovar/gekstrnak/new_2/6.jpg,https://dlt.by/image/catalog/tovar/gekstrnak/new_2/7.jpg,,,,,,,,,,,,,,,,,,,,,,,,,,,,,,,,,,,,,,,"
"Алмазная коронка по плитке и керамограниту DLT CERAMIC, 130мм, арт.1041",Инструмент для укладки плитки>Алмазные коронки,1041,2 407.54,"https://dlt.by/image/catalog/tovar/almkorposteklu_new/new/130mm/1.jpg,https://dlt.by/image/catalog/tovar/almkorposteklu_new/new/130mm/2.jpg,https://dlt.by/image/catalog/tovar/almkorposteklu_new/new/130mm/3.jpg,https://dlt.by/image/catalog/tovar/almkorposteklu_new/new/130mm/4.png,,,,,,,,,,,,,,,,,,,,,,,,,,,,,,,,,,,,,,,,,,"
"Терка для эпоксидной затирки BIHUI 248 * 116 мм, жесткая, арт.CFHRL",Инструмент для укладки плитки>Шпатели для затирки,CFHRL,451.41,"https://dlt.by/image/catalog/tovar/shpdlapoksidnoy/srednya/1.jpg,https://dlt.by/image/catalog/tovar/shpdlapoksidnoy/srednya/2.jpg,https://dlt.by/image/catalog/tovar/shpdlapoksidnoy/srednya/3.jpg,,,,,,,,,,,,,,,,,,,,,,,,,,,,,,,,,,,,,,,,,,,"
"Терка для цементной затирки (гладилка резиновая, уплотненная) BIHUI, арт.CFERS",Малярный и штукатурный инструмент>Тёрки для отделочных работ,CFERS,692.17,"https://dlt.by/image/catalog/cfers/1.jpg,https://dlt.by/image/catalog/cfers/2.jpg,,,,,,,,,,,,,,,,,,,,,,,,,,,,,,,,,,,,,,,,,,,,"
"Клин (СВП) 3D KRESTIKI (50 шт.), арт.1104",Система выравнивания плитки (СВП),1104,337.06,"https://dlt.by/image/catalog/tovar/svp_new/klin_50/7.jpg,https://dlt.by/image/catalog/easyphoto/1528/klin-svp-3d-krestiki-50-sht-1.jpg,,,,,,,,,,,,,,,,,,,,,,,,,,,,,,,,,,,,,,,,,,,,"
"Алмазная коронка по стеклу и керамике BIHUI (гальваническая алмазная коронка), 12мм, арт.DBW12",Алмазная оснастка>Алмазные коронки для плитки>Алмазные коронки для плитки и стекла (гальваника),DBW12,421.32,"https://dlt.by/image/catalog/tovar/almkorposteklu_new/new/12_new/1.jpg,https://dlt.by/image/catalog/tovar/almkorposteklu_new/new/12_new/3.jpg,https://dlt.by/image/catalog/tovar/almkorposteklu_new/new/12_new/2.jpg,https://dlt.by/image/catalog/tovar/almkorposteklu_new/new/8.png,,,,,,,,,,,,,,,,,,,,,,,,,,,,,,,,,,,,,,,,,,"
"Набор гребенок BIHUI (15 предметов), арт.PTSJK15",Инструмент для укладки плитки>Гребенки>Наборы,PTSJK15,20 343.70,"https://dlt.by/image/catalog/tovar/naborgreb/1.jpg,https://dlt.by/image/catalog/tovar/naborgreb/new/1-1.jpg,https://dlt.by/image/catalog/tovar/naborgreb/new/1-2.jpg,https://dlt.by/image/catalog/tovar/naborgreb/new/1-3.jpg,https://dlt.by/image/catalog/tovar/naborgreb/new/2.jpg,https://dlt.by/image/catalog/tovar/naborgreb/new/2-1.jpg,https://dlt.by/image/catalog/tovar/naborgreb/new/2-2.jpg,https://dlt.by/image/catalog/tovar/naborgreb/new/2+3.jpg,https://dlt.by/image/catalog/tovar/naborgreb/new/3.jpg,https://dlt.by/image/catalog/tovar/naborgreb/new/4.jpg,https://dlt.by/image/catalog/tovar/naborgreb/new/4-1.jpg,https://dlt.by/image/catalog/tovar/naborgreb/new/4-2.jpg,https://dlt.by/image/catalog/tovar/naborgreb/new/5.jpg,https://dlt.by/image/catalog/tovar/naborgreb/new/6.jpg,https://dlt.by/image/catalog/tovar/naborgreb/new/7.jpg,https://dlt.by/image/catalog/tovar/naborgreb/new/8.jpg,https://dlt.by/image/catalog/tovar/naborgreb/new/9.jpg,https://dlt.by/image/catalog/tovar/naborgreb/new/10.jpg,https://dlt.by/image/catalog/tovar/naborgreb/new/11.jpg,https://dlt.by/image/catalog/tovar/naborgreb/new/12.jpg,https://dlt.by/image/catalog/tovar/naborgreb/new/13.jpg,https://dlt.by/image/catalog/tovar/naborgreb/new/14.jpg,https://dlt.by/image/catalog/tovar/naborgreb/new/15.jpg,https://dlt.by/image/catalog/tovar/naborgreb/new/16.jpg,https://dlt.by/image/catalog/tovar/naborgreb/new/17.jpg,,,,,,,,,,,,,,,,,,,,,"
Зубчатый шпатель (гребенка) из нерж.сталии BIHUI (Зуб полукруглый),Шпателя для механизированной шпатлевки>Зубчатые шпатели (гребенки),BIHUI,0.00,"https://dlt.by/image/catalog/image/catalog/tovar/zubchshp/polukrugl/1.jpg,,,,,,,,,,,,,,,,,,,,,,,,,,,,,,,,,,,,,,,,,,,,,"
"Гребенка из нерж. стали BIHUI 280*120 мм, «Тигровый коготь», арт.PTSBTG",Акции на строительный инструмент,PTSBTG,902.83,"https://dlt.by/image/catalog/tovar/zubchshp/tigrkogot/new/1.jpg,https://dlt.by/image/catalog/tovar/zubchshp/tigrkogot/new/2.jpg,https://dlt.by/image/catalog/tovar/zubchshp/tigrkogot/new/3.jpg,https://dlt.by/image/catalog/tovar/zubchshp/tigrkogot/new/4.jpg,,,,,,,,,,,,,,,,,,,,,,,,,,,,,,,,,,,,,,,,,,"
"Клинья для укладки плитки BIHUI, 250 шт, арт.TSW250",Инструмент для укладки плитки>Крестики/клинья/подковы,TSW250,276.87,"https://dlt.by/image/catalog/image/catalog/tovar/klin/new/1.jpg,https://dlt.by/image/catalog/tovar/klin/new/1-2.jpg,https://dlt.by/image/catalog/tovar/klin/new/2.jpg,,,,,,,,,,,,,,,,,,,,,,,,,,,,,,,,,,,,,,,,,,,"
"Кожух пылеуловитель для УШМ BIHUI (резка и штробление), арт.TDBC",Пылесосы строительные>Кожухи для УШМ/Пылеуловители,TDBC,3 340.46,"https://dlt.by/image/catalog/tdbc/1.jpg,https://dlt.by/image/catalog/tdbc/2.jpg,https://dlt.by/image/catalog/tdbc/3.jpg,https://dlt.by/image/catalog/tdbc/4.jpg,https://dlt.by/image/catalog/tdbc/5.jpg,https://dlt.by/image/catalog/tdbc/6.jpg,https://dlt.by/image/catalog/tdbc/7.jpg,https://dlt.by/image/catalog/tdbc/8.jpg,https://dlt.by/image/catalog/tdbc/9.jpg,https://dlt.by/image/catalog/tdbc/10.jpg,https://dlt.by/image/catalog/tdbc/11.jpg,https://dlt.by/image/catalog/tdbc/12.jpg,https://dlt.by/image/catalog/tdbc/13.jpg,,,,,,,,,,,,,,,,,,,,,,,,,,,,,,,,,"
"Стол для работы с крупноформатным керамогранитом DLT TL360, арт.1162",Инструмент для укладки плитки>Строительные столы/верстаки/подстолья,1162,65 605.41,"https://dlt.by/image/catalog/tovar/p700/1.jpg,https://dlt.by/image/catalog/tovar/p700/1-1.jpg,https://dlt.by/image/catalog/tovar/p700/2.jpg,https://dlt.by/image/catalog/tovar/p700/3.jpg,https://dlt.by/image/catalog/tovar/p700/6.jpg,https://dlt.by/image/catalog/tovar/p700/7.jpg,https://dlt.by/image/catalog/tovar/p700/8.jpg,https://dlt.by/image/catalog/tovar/p700/9.jpg,https://dlt.by/image/catalog/tovar/p700/10.jpg,https://dlt.by/image/catalog/tovar/p700/11.jpg,https://dlt.by/image/catalog/tovar/p700/12.jpg,,,,,,,,,,,,,,,,,,,,,,,,,,,,,,,,,,,"
"Крестики для плитки BIHUI (Расшивка для швов) 1,5мм, арт.TS15250",Инструмент для укладки плитки>Крестики/клинья/подковы,TS15250,186.58,"https://dlt.by/image/catalog/image/catalog/tovar/almdiskbihb/krestiki1.5/1.jpg,https://dlt.by/image/catalog/tovar/almdiskbihb/krestiki1.5/2.jpg,https://dlt.by/image/catalog/tovar/almdiskbihb/krestiki1.5/3.jpg,,,,,,,,,,,,,,,,,,,,,,,,,,,,,,,,,,,,,,,,,,,"
"Крестики для плитки BIHUI (Расшивка для швов) 1мм, арт.TSC1250 ",Акции на строительный инструмент,TSC1250,186.58,"https://dlt.by/image/catalog/tovar/krestiki/2_mm/new/1.jpg,https://dlt.by/image/catalog/tovar/krestiki/1.5/2.jpg,https://dlt.by/image/catalog/tovar/krestiki/1.5/3.jpg,,,,,,,,,,,,,,,,,,,,,,,,,,,,,,,,,,,,,,,,,,,"
"Крестики для плитки BIHUI (Расшивка для швов) 2мм, арт.TSC2250",Инструмент для укладки плитки>Крестики/клинья/подковы,TSC2250,186.58,"https://dlt.by/image/catalog/image/catalog/tovar/tsc2250/1-1000x1000.jpg,https://dlt.by/image/catalog/tovar/krestiki/2_mm/new/2.jpg,https://dlt.by/image/catalog/tovar/krestiki/1.5/3.jpg,,,,,,,,,,,,,,,,,,,,,,,,,,,,,,,,,,,,,,,,,,,"
"Кельма четырехугольная BIHUI,120мм (мастерок), арт.BTCHM5",Инструмент для укладки плитки>Кельмы/мастерки,BTCHM5,337.06,"https://dlt.by/image/catalog/tovar/kelma/160/new/1.jpg,https://dlt.by/image/catalog/tovar/kelma/160/new/2.jpg,https://dlt.by/image/catalog/tovar/kelma/160/new/3.jpg,https://dlt.by/image/catalog/tovar/kelma/160/new/4.jpg,https://dlt.by/image/catalog/tovar/kelma/160/new/5.jpg,,,,,,,,,,,,,,,,,,,,,,,,,,,,,,,,,,,,,,,,,"
"Кельма четырехугольная BIHUI,160мм (мастерок), арт.BTCHB6",Инструмент для укладки плитки>Кельмы/мастерки,BTCHB6,391.22,"https://dlt.by/image/catalog/tovar/kelma/125/new/1.jpg,https://dlt.by/image/catalog/tovar/kelma/125/new/2.jpg,https://dlt.by/image/catalog/tovar/kelma/125/new/3.jpg,https://dlt.by/image/catalog/tovar/kelma/125/new/4.jpg,https://dlt.by/image/catalog/tovar/kelma/125/new/5.jpg,,,,,,,,,,,,,,,,,,,,,,,,,,,,,,,,,,,,,,,,,"
"Мастерок BIHUI 200мм, арт.BTCHG8",Инструмент для укладки плитки>Кельмы/мастерки,BTCHG8,451.41,"https://dlt.by/image/catalog/tovar/kelma/200/new/1.jpg,https://dlt.by/image/catalog/tovar/kelma/200/new/2.jpg,https://dlt.by/image/catalog/tovar/kelma/200/new/3.jpg,https://dlt.by/image/catalog/tovar/kelma/200/new/4.jpg,https://dlt.by/image/catalog/tovar/kelma/200/new/5.jpg,,,,,,,,,,,,,,,,,,,,,,,,,,,,,,,,,,,,,,,,,"
"Шпатель универсальный из нерж. стали BIHUI, арт.TRSC4",Шпателя для механизированной шпатлевки>Малярные шпателя ,TRSC4,424.33,"https://dlt.by/image/catalog/image/catalog/tovar/uneversal_shpatel/1.jpg,https://dlt.by/image/catalog/tovar/uneversal_shpatel/2.jpg,https://dlt.by/image/catalog/tovar/uneversal_shpatel/3.jpg,,,,,,,,,,,,,,,,,,,,,,,,,,,,,,,,,,,,,,,,,,,"
"Многоразовый плиточный регулятор шва BIHUI 50 шт., арт.TSM50",Инструмент для укладки плитки>Крестики/клинья/подковы,TSM50,276.87,"https://dlt.by/image/catalog/tovar/mnogplitreg/new/1.jpg,https://dlt.by/image/catalog/tovar/mnogplitreg/new/1-1.jpg,https://dlt.by/image/catalog/tovar/mnogplitreg/new/1-2.jpg,https://dlt.by/image/catalog/tovar/mnogplitreg/2.jpg,https://dlt.by/image/catalog/tovar/mnogplitreg/3.jpg,https://dlt.by/image/catalog/tovar/mnogplitreg/4.jpg,https://dlt.by/image/catalog/tovar/mnogplitreg/10.png,,,,,,,,,,,,,,,,,,,,,,,,,,,,,,,,,,,,,,,"
"Молоток BIHUI (резиновая киянка), арт.RMWS24",Инструмент для укладки плитки>Киянки резиновые,RMWS24,1 023.20,"https://dlt.by/image/catalog/tovar/molotokbihui/new/1.jpg,https://dlt.by/image/catalog/tovar/molotokbihui/new/2.jpg,https://dlt.by/image/catalog/tovar/molotokbihui/new/3.jpg,,,,,,,,,,,,,,,,,,,,,,,,,,,,,,,,,,,,,,,,,,,"
"Перчатки строительные BIHUI с латексным покрытием, размер 9(L), арт.TGDL",Инструмент для укладки плитки>Разное для укладки,TGDL,367.15,"https://dlt.by/image/catalog/tovar/per9l/new/1.jpg,https://dlt.by/image/catalog/tovar/per9l/new/2.jpg,https://dlt.by/image/catalog/tovar/per9l/new/3.jpg,,,,,,,,,,,,,,,,,,,,,,,,,,,,,,,,,,,,,,,,,,,"
"Перчатки строительные BIHUI с латексным покрытием, размер 10(XL), арт.TGDXL",Инструмент для укладки плитки>Разное для укладки,TGDXL,367.15,"https://dlt.by/image/catalog/tovar/per10xl/new/1.jpg,https://dlt.by/image/catalog/tovar/per10xl/new/2.jpg,https://dlt.by/image/catalog/tovar/per10xl/new/3.jpg,https://dlt.by/image/catalog/tovar/per10xl/new/4.jpg,,,,,,,,,,,,,,,,,,,,,,,,,,,,,,,,,,,,,,,,,,"
"Протектор угла плитки BIHUI (защитный уголок для крупноформата), набор 4шт, 8мм, арт.LFTP08",Акции на строительный инструмент,LFTP08,306.96,"https://dlt.by/image/catalog/easyphoto/798/protektor-ugla-plitki-bihui-zashchitnyy-ugolok-dlya-krupnoformata-nabor-4sht-8mm-art-lftp08-3.jpg,https://dlt.by/image/catalog/tovar/protektorugla/8_mm/new/2.jpg,https://dlt.by/image/catalog/tovar/protektorugla/8_mm/new/3.jpg,,,,,,,,,,,,,,,,,,,,,,,,,,,,,,,,,,,,,,,,,,,"
"Протектор угла плитки BIHUI (защитный уголок для крупноформата), набор 4шт, 8-10мм, арт.LFTP10",Акции на строительный инструмент,LFTP10,306.96,"https://dlt.by/image/catalog/easyphoto/799/protektor-ugla-plitki-bihui-zashchitnyy-ugolok-dlya-krupnoformata-nabor-4sht-10mm-art-lftp10-2.jpg,https://dlt.by/image/catalog/tovar/protektorugla/10_mm/new/2.jpg,https://dlt.by/image/catalog/tovar/protektorugla/10_mm/new/3.jpg,,,,,,,,,,,,,,,,,,,,,,,,,,,,,,,,,,,,,,,,,,,"
"Регулируемые клинья BIHUI, арт.TSR50",Инструмент для укладки плитки>Разное для укладки,TSR50,276.87,"https://dlt.by/image/catalog/tovar/regklinya/new/1.jpg,https://dlt.by/image/catalog/tovar/regklinya/new/2.jpg,https://dlt.by/image/catalog/tovar/regklinya/3.jpg,https://dlt.by/image/catalog/tovar/regklinya/4.jpg,https://dlt.by/image/catalog/tovar/regklinya/5.jpg,https://dlt.by/image/catalog/tovar/regklinya/6.jpg,https://dlt.by/image/catalog/tovar/mnogplitreg/10.png,,,,,,,,,,,,,,,,,,,,,,,,,,,,,,,,,,,,,,,"
"Многоразовый Тюбик (пакет) для затирки швов BIHUI, арт.GBP23",Инструмент для укладки плитки>Разное для укладки,GBP23,276.87,"https://dlt.by/image/catalog/tovar/gbp23/new/1.jpg,https://dlt.by/image/catalog/tovar/gbp23/new/2.jpg,https://dlt.by/image/catalog/tovar/gbp23/new/3.jpg,,,,,,,,,,,,,,,,,,,,,,,,,,,,,,,,,,,,,,,,,,,"
"Портативный стол для работы с плиткой, BIHUI, арт.TDB",Инструмент для укладки плитки>Строительные столы/верстаки/подстолья,TDB,10 532.98,"https://dlt.by/image/catalog/tovar/portstol/new/1.jpg,https://dlt.by/image/catalog/tovar/portstol/new/2.jpg,https://dlt.by/image/catalog/tovar/portstol/new/3.jpg,https://dlt.by/image/catalog/tovar/portstol/new/4.jpg,https://dlt.by/image/catalog/tovar/portstol/new/5.jpg,https://dlt.by/image/catalog/tovar/portstol/new/6.jpg,https://dlt.by/image/catalog/tovar/portstol/new/7.jpg,https://dlt.by/image/catalog/tovar/portstol/new/6-1.jpg,https://dlt.by/image/catalog/tovar/portstol/8.jpg,https://dlt.by/image/catalog/tovar/portstol/9.jpg,https://dlt.by/image/catalog/tovar/portstol/10.png,https://dlt.by/image/catalog/tovar/portstol/11.png,https://dlt.by/image/catalog/tovar/portstol/dop/12.png,https://dlt.by/image/catalog/tovar/portstol/dop/13.png,,,,,,,,,,,,,,,,,,,,,,,,,,,,,,,,"
"Т-образные расшивки для швов BIHUI 1,5мм, арт.1,5MM",Инструмент для укладки плитки>Крестики/клинья/подковы,"1,5MM",0.00,"https://dlt.by/image/catalog/image/catalog/tovar/tobrras/15mm/1.jpg,,,,,,,,,,,,,,,,,,,,,,,,,,,,,,,,,,,,,,,,,,,,,"
"Т-образные расшивки для швов BIHUI 1мм, арт.1MM",Инструмент для укладки плитки>Крестики/клинья/подковы,1MM,0.00,"https://dlt.by/image/catalog/image/catalog/tovar/tobrras/1mm/1.jpg,,,,,,,,,,,,,,,,,,,,,,,,,,,,,,,,,,,,,,,,,,,,,"
"Т-образные расшивки для швов BIHUI 2мм, арт.2MM",Инструмент для укладки плитки>Крестики/клинья/подковы,2MM,0.00,"https://dlt.by/image/catalog/image/catalog/tovar/tobrras/2mm/1.jpg,,,,,,,,,,,,,,,,,,,,,,,,,,,,,,,,,,,,,,,,,,,,,"
"Губка строительная для затирки BIHUI 280 * 140 * 30 мм, сегментированная, арт.CFHSS11",Инструмент для укладки плитки>Губки,CFHSS11,511.60,"https://dlt.by/image/catalog/tovar/ubgubka/new/1.jpg,https://dlt.by/image/catalog/tovar/ubgubka/new/2.jpg,https://dlt.by/image/catalog/tovar/ubgubka/new/3.jpg,,,,,,,,,,,,,,,,,,,,,,,,,,,,,,,,,,,,,,,,,,,"
"Шаблон форм (кондуктор строительный) 25,4см, арт.TPG250",Инструмент для укладки плитки>Шаблоны строительные,TPG250,932.92,"https://dlt.by/image/catalog/tovar/shablonform/new/1.jpg,https://dlt.by/image/catalog/tovar/shablonform/new/2.jpg,https://dlt.by/image/catalog/tovar/shablonform/new/3.jpg,https://dlt.by/image/catalog/tovar/shablonform/new/4.jpg,https://dlt.by/image/catalog/tovar/shablonform/new/5.jpg,https://dlt.by/image/catalog/tovar/shablonform/new/6.jpg,,,,,,,,,,,,,,,,,,,,,,,,,,,,,,,,,,,,,,,,"
"Шаблон (кондуктор) форм BIHUI с замком-фиксатором формы, 25,4см, арт.TPL250",Инструмент для укладки плитки>Шаблоны строительные,TPL250,1 173.67,"https://dlt.by/image/catalog/easyphoto/809/shablon-form-bihui-s-zamkom-fiksatorom-formy-25-4sm-art-tpl250-8.jpg,https://dlt.by/image/catalog/easyphoto/809/shablon-form-bihui-s-zamkom-fiksatorom-formy-25-4sm-art-tpl250-9.jpg,https://dlt.by/image/catalog/easyphoto/809/shablon-form-bihui-s-zamkom-fiksatorom-formy-25-4sm-art-tpl250-10.jpg,https://dlt.by/image/catalog/easyphoto/809/shablon-form-bihui-s-zamkom-fiksatorom-formy-25-4sm-art-tpl250-11.jpg,https://dlt.by/image/catalog/easyphoto/809/shablon-form-bihui-s-zamkom-fiksatorom-formy-25-4sm-art-tpl250-12.jpg,https://dlt.by/image/catalog/easyphoto/809/shablon-form-bihui-s-zamkom-fiksatorom-formy-25-4sm-art-tpl250-13.jpg,https://dlt.by/image/catalog/easyphoto/809/shablon-form-bihui-s-zamkom-fiksatorom-formy-25-4sm-art-tpl250-14.jpg,,,,,,,,,,,,,,,,,,,,,,,,,,,,,,,,,,,,,,,"
"Шаблон-линейка (кондуктор) BIHUI (Алюминий), арт.DBG6",Инструмент для укладки плитки>Шаблоны строительные,DBG6,1 354.24,"https://dlt.by/image/catalog/tovar/shablonlineyka/new/1.jpg,https://dlt.by/image/catalog/tovar/shablonlineyka/new/1-1.jpg,https://dlt.by/image/catalog/tovar/shablonlineyka/new/1-2.jpg,https://dlt.by/image/catalog/tovar/shablonlineyka/new/2.jpg,https://dlt.by/image/catalog/tovar/shablonlineyka/new/3.jpg,https://dlt.by/image/catalog/tovar/shablonlineyka/new/4.jpg,https://dlt.by/image/catalog/tovar/shablonlineyka/new/5.jpg,https://dlt.by/image/catalog/tovar/shablonlineyka/new/6.jpg,https://dlt.by/image/catalog/tovar/shablonlineyka/new/7.jpg,,,,,,,,,,,,,,,,,,,,,,,,,,,,,,,,,,,,,"
"Шпатели для силиконовых герметиков BIHUI, набор 2шт, арт.BIHUI",Инструмент для укладки плитки>Шпатели для силикона и герметика>Шпатели и насадки,BIHUI,0.00,"https://dlt.by/image/catalog/image/catalog/tovar/shpdlapoksidnoy/kuekeueckuk.jpg,,,,,,,,,,,,,,,,,,,,,,,,,,,,,,,,,,,,,,,,,,,,,"
"Шпатели для силиконовых герметиков BIHUI, набор 4шт, арт.STAK4",Инструмент для укладки плитки>Шпатели для силикона и герметика>Шпатели и насадки,STAK4,276.87,"https://dlt.by/image/catalog/tovar/shpdlapoksidnoy/selicon/1.jpg,https://dlt.by/image/catalog/tovar/shpdlapoksidnoy/selicon/2.jpg,https://dlt.by/image/catalog/tovar/shpdlapoksidnoy/selicon/3.jpg,,,,,,,,,,,,,,,,,,,,,,,,,,,,,,,,,,,,,,,,,,,"
"Алмазная фреза BIHUI ARROW, арт.DCWA5",Алмазная оснастка>Алмазные диски>Чашки алмазные шлифовальные (алмазные фрезы) ,DCWA5,3 791.87,"https://dlt.by/image/catalog/tovar/almfrezabihu/1.jpg,https://dlt.by/image/catalog/tovar/almfrezabihu/dcwa5/4.jpg,https://dlt.by/image/catalog/tovar/almfrezabihu/dcwa5/3.jpg,https://dlt.by/image/catalog/tovar/almfrezabihu/dcwa5/2-1.jpg,https://dlt.by/image/catalog/tovar/almfrezabihu/dcwa5/2.jpg,https://dlt.by/image/catalog/tovar/almfrezabihu/dcwa5/1.jpg,,,,,,,,,,,,,,,,,,,,,,,,,,,,,,,,,,,,,,,,"
"Алмазная фреза BIHUI DUAL-ROW MAX, арт.DCWD5",Алмазная оснастка>Алмазные диски>Чашки алмазные шлифовальные (алмазные фрезы),DCWD5,3 641.40,"https://dlt.by/image/catalog/tovar/almfrezabihu/new/row_max/1.jpg,https://dlt.by/image/catalog/tovar/almfrezabihu/new/row_max/2.jpg,https://dlt.by/image/catalog/tovar/almfrezabihu/new/row_max/3.jpg,https://dlt.by/image/catalog/tovar/almfrezabihu/new/row_max/4.jpg,https://dlt.by/image/catalog/tovar/almfrezabihu/new/row_max/5.jpg,https://dlt.by/image/catalog/tovar/almfrezabihu/new/row_max/6.jpg,https://dlt.by/image/catalog/tovar/almfrezabihu/new/row_max/pnew/rhfg.png,,,,,,,,,,,,,,,,,,,,,,,,,,,,,,,,,,,,,,,"
"Алмазная фреза BIHUI FAN, арт.DCWF5",Алмазная оснастка>Алмазные диски>Чашки алмазные шлифовальные (алмазные фрезы),DCWF5,5 477.15,"https://dlt.by/image/catalog/tovar/almfrezabihu/new/fan/1.jpg,https://dlt.by/image/catalog/tovar/almfrezabihu/new/fan/2.jpg,https://dlt.by/image/catalog/tovar/almfrezabihu/new/fan/3.jpg,https://dlt.by/image/catalog/tovar/almfrezabihu/new/fan/4.jpg,https://dlt.by/image/catalog/tovar/almfrezabihu/new/fan/5.jpg,https://dlt.by/image/catalog/tovar/almfrezabihu/new/row_max/pnew/rhfg.png,,,,,,,,,,,,,,,,,,,,,,,,,,,,,,,,,,,,,,,,"
"Алмазная фреза BIHUI TURBO, арт.DCWT5",Алмазная оснастка>Алмазные диски>Чашки алмазные шлифовальные (алмазные фрезы),DCWT5,3 581.21,"https://dlt.by/image/catalog/tovar/almdiskbihb/dcwt5/1.jpg,https://dlt.by/image/catalog/tovar/almdiskbihb/dcwt5/2.jpg,https://dlt.by/image/catalog/tovar/almdiskbihb/dcwt5/2-1.jpg,https://dlt.by/image/catalog/tovar/almdiskbihb/dcwt5/3.jpg,https://dlt.by/image/catalog/tovar/almdiskbihb/dcwt5/4.jpg,,,,,,,,,,,,,,,,,,,,,,,,,,,,,,,,,,,,,,,,,"
"Алмазный диск BIHUI B-MAGIC, 125мм, арт.DCDW125",Алмазная оснастка>Алмазные диски>Чашки алмазные шлифовальные (алмазные фрезы),DCDW125,2 106.60,"https://dlt.by/image/catalog/tovar/almdiskbihb/b_magic/new/0.jpg,https://dlt.by/image/catalog/tovar/almdiskbihb/b_magic/new/2.jpg,https://dlt.by/image/catalog/tovar/almdiskbihb/b_magic/new/3.jpg,https://dlt.by/image/catalog/tovar/almdiskbihb/b_magic/new/4.jpg,https://dlt.by/image/catalog/tovar/almdiskbihb/b_magic/new/5.jpg,https://dlt.by/image/catalog/tovar/almdiskbihb/b_magic/new/6.jpg,https://dlt.by/image/catalog/tovar/almdiskbihb/4.jpg,https://dlt.by/image/catalog/tovar/almdiskbihb/dop/11.png,https://dlt.by/image/catalog/tovar/almdiskbihb/dop/12.png,,,,,,,,,,,,,,,,,,,,,,,,,,,,,,,,,,,,,"
"Алмазный диск BIHUI B-MASTER, 125мм, арт.DCDA125",Алмазная оснастка>Алмазные диски>Чашки алмазные шлифовальные (алмазные фрезы),DCDA125,2 527.91,"https://dlt.by/image/catalog/tovar/almdiskbihb/master/new/0.jpg,https://dlt.by/image/catalog/tovar/almdiskbihb/master/new/2.jpg,https://dlt.by/image/catalog/tovar/almdiskbihb/master/new/3.jpg,https://dlt.by/image/catalog/tovar/almdiskbihb/master/new/4.jpg,https://dlt.by/image/catalog/tovar/almdiskbihb/master/new/5.jpg,https://dlt.by/image/catalog/tovar/almdiskbihb/master/3.jpg,https://dlt.by/image/catalog/tovar/almdiskbihb/master/4.jpg,https://dlt.by/image/catalog/tovar/almdiskbihb/dop/11.png,https://dlt.by/image/catalog/tovar/almdiskbihb/dop/12.png,,,,,,,,,,,,,,,,,,,,,,,,,,,,,,,,,,,,,"
"Алмазный диск BIHUI B-SLIM, 125мм, арт.DCDS125",Алмазная оснастка>Алмазные диски>Чашки алмазные шлифовальные (алмазные фрезы),DCDS125,2 136.69,"https://dlt.by/image/catalog/tovar/almdiskbihb/slim/new/0.jpg,https://dlt.by/image/catalog/tovar/almdiskbihb/slim/new/2.jpg,https://dlt.by/image/catalog/tovar/almdiskbihb/slim/new/3.jpg,https://dlt.by/image/catalog/tovar/almdiskbihb/slim/new/4.jpg,https://dlt.by/image/catalog/tovar/almdiskbihb/slim/new/5.jpg,https://dlt.by/image/catalog/tovar/almdiskbihb/slim/6.jpg,https://dlt.by/image/catalog/tovar/almdiskbihb/dop/11.png,https://dlt.by/image/catalog/tovar/almdiskbihb/dop/12.png,,,,,,,,,,,,,,,,,,,,,,,,,,,,,,,,,,,,,,"
"Алмазный диск BIHUI B-SPEEDY, 125мм, арт.DCDM125",Алмазная оснастка>Алмазные диски>Чашки алмазные шлифовальные (алмазные фрезы),DCDM125,1 775.56,"https://dlt.by/image/catalog/tovar/almdiskbihb/speedy/new/1.jpg,https://dlt.by/image/catalog/tovar/almdiskbihb/speedy/new/2.jpg,https://dlt.by/image/catalog/tovar/almdiskbihb/speedy/new/3.jpg,https://dlt.by/image/catalog/tovar/almdiskbihb/speedy/new/4.jpg,https://dlt.by/image/catalog/tovar/almdiskbihb/speedy/new/5.jpg,https://dlt.by/image/catalog/tovar/almdiskbihb/speedy/3.jpg,https://dlt.by/image/catalog/tovar/almdiskbihb/speedy/5.jpg,https://dlt.by/image/catalog/tovar/almdiskbihb/dop/11.png,https://dlt.by/image/catalog/tovar/almdiskbihb/dop/12.png,,,,,,,,,,,,,,,,,,,,,,,,,,,,,,,,,,,,,"
"Алмазный диск BIHUI B-TURBO, 85мм, арт.DCDT85",Алмазная оснастка>Алмазные диски>Чашки алмазные шлифовальные (алмазные фрезы),DCDT85,1 594.99,"https://dlt.by/image/catalog/tovar/almdiskbihb/turbo85mm/new/1.jpg,https://dlt.by/image/catalog/tovar/almdiskbihb/turbo85mm/new/2.jpg,https://dlt.by/image/catalog/tovar/almdiskbihb/turbo85mm/new/3.jpg,https://dlt.by/image/catalog/tovar/almdiskbihb/turbo85mm/new/4.jpg,https://dlt.by/image/catalog/tovar/almdiskbihb/turbo85mm/new/5.jpg,https://dlt.by/image/catalog/tovar/almdiskbihb/turbo85mm/3.jpg,https://dlt.by/image/catalog/tovar/almdiskbihb/turbo85mm/7(1)(1).png,https://dlt.by/image/catalog/tovar/almdiskbihb/speedy/5.jpg,https://dlt.by/image/catalog/tovar/almdiskbihb/dop/11.png,https://dlt.by/image/catalog/tovar/almdiskbihb/dop/12.png,,,,,,,,,,,,,,,,,,,,,,,,,,,,,,,,,,,,"
"Алмазный диск BIHUI B-TURBO, 115мм, арт.DCDT115",Алмазная оснастка>Алмазные диски>Чашки алмазные шлифовальные (алмазные фрезы),DCDT115,1 956.12,"https://dlt.by/image/catalog/tovar/almdiskbihb/turbo115mm/1.jpg,https://dlt.by/image/catalog/tovar/almdiskbihb/turbo115mm/2.jpg,https://dlt.by/image/catalog/tovar/almdiskbihb/turbo115mm/3.jpg,https://dlt.by/image/catalog/tovar/almdiskbihb/turbo115mm/4.jpg,https://dlt.by/image/catalog/tovar/almdiskbihb/turbo115mm/5.jpg,https://dlt.by/image/catalog/tovar/almdiskbihb/turbo85mm/3.jpg,https://dlt.by/image/catalog/tovar/almdiskbihb/turbo85mm/7(1)(1).png,https://dlt.by/image/catalog/tovar/almdiskbihb/speedy/5.jpg,https://dlt.by/image/catalog/tovar/almdiskbihb/dop/11.png,https://dlt.by/image/catalog/tovar/almdiskbihb/dop/12.png,,,,,,,,,,,,,,,,,,,,,,,,,,,,,,,,,,,,"
"Алмазный диск BIHUI B-TURBO, 125мм, арт.DCDT125",Алмазная оснастка>Алмазные диски>Чашки алмазные шлифовальные (алмазные фрезы),DCDT125,1 865.84,"https://dlt.by/image/catalog/tovar/almdiskbihb/turbo125mm/1.jpg,https://dlt.by/image/catalog/tovar/almdiskbihb/turbo125mm/2.jpg,https://dlt.by/image/catalog/tovar/almdiskbihb/turbo125mm/3.jpg,https://dlt.by/image/catalog/tovar/almdiskbihb/turbo125mm/4.jpg,https://dlt.by/image/catalog/tovar/almdiskbihb/turbo125mm/5.jpg,https://dlt.by/image/catalog/tovar/almdiskbihb/turbo85mm/3.jpg,https://dlt.by/image/catalog/tovar/almdiskbihb/turbo85mm/7(1)(1).png,https://dlt.by/image/catalog/tovar/almdiskbihb/dop/11.png,https://dlt.by/image/catalog/tovar/almdiskbihb/speedy/5.jpg,https://dlt.by/image/catalog/tovar/almdiskbihb/dop/12.png,,,,,,,,,,,,,,,,,,,,,,,,,,,,,,,,,,,,"
"Алмазный диск BIHUI B-TURBO, 200мм, арт.DCDT200",Алмазная оснастка>Алмазные диски>Чашки алмазные шлифовальные (алмазные фрезы),DCDT200,3 310.36,"https://dlt.by/image/catalog/tovar/almdiskbihb/turbo200mm/1.jpg,https://dlt.by/image/catalog/tovar/almdiskbihb/turbo200mm/2.jpg,https://dlt.by/image/catalog/tovar/almdiskbihb/turbo200mm/3.jpg,https://dlt.by/image/catalog/tovar/almdiskbihb/turbo200mm/4.jpg,https://dlt.by/image/catalog/tovar/almdiskbihb/turbo200mm/5.jpg,https://dlt.by/image/catalog/tovar/almdiskbihb/turbo85mm/3.jpg,https://dlt.by/image/catalog/tovar/almdiskbihb/turbo85mm/7(1)(1).png,https://dlt.by/image/catalog/tovar/almdiskbihb/dop/11.png,https://dlt.by/image/catalog/tovar/almdiskbihb/speedy/5.jpg,https://dlt.by/image/catalog/tovar/almdiskbihb/dop/12.png,,,,,,,,,,,,,,,,,,,,,,,,,,,,,,,,,,,,"
"Алмазный диск BIHUI B-MOSAIC, 125мм, арт.DCDC125",Алмазная оснастка>Алмазные диски>Чашки алмазные шлифовальные (алмазные фрезы),DCDC125,1 805.65,"https://dlt.by/image/catalog/tovar/almdiskbihb/mosaic/new/1.jpg,https://dlt.by/image/catalog/tovar/almdiskbihb/mosaic/new/2.jpg,https://dlt.by/image/catalog/tovar/almdiskbihb/mosaic/new/3.jpg,https://dlt.by/image/catalog/tovar/almdiskbihb/mosaic/new/4.jpg,https://dlt.by/image/catalog/tovar/almdiskbihb/mosaic/new/5.jpg,https://dlt.by/image/catalog/tovar/almdiskbihb/mosaic/3.jpg,https://dlt.by/image/catalog/tovar/almdiskbihb/speedy/5.jpg,https://dlt.by/image/catalog/tovar/almdiskbihb/dop/11.png,https://dlt.by/image/catalog/tovar/almdiskbihb/dop/12.png,,,,,,,,,,,,,,,,,,,,,,,,,,,,,,,,,,,,,"
"Универсальный шлифовально-отрезной алмазный диск BIHUI GALVANIC, арт.DCWME5",Алмазная оснастка>Алмазные диски>Универсальные шлифовально - отрезные алмазные диски,DCWME5,2 437.63,"https://dlt.by/image/catalog/tovar/almdiskbihb/dcwme5/1.jpg,https://dlt.by/image/catalog/tovar/almdiskbihb/dcwme5/2.jpg,https://dlt.by/image/catalog/tovar/almdiskbihb/dcwme5/3.jpg,https://dlt.by/image/catalog/tovar/almdiskbihb/dcwme5/4.jpg,https://dlt.by/image/catalog/tovar/almdiskbihb/dcwme5/5.jpg,https://dlt.by/image/catalog/tovar/almdiskbihb/dcwme5/6.jpg,https://dlt.by/image/catalog/tovar/almdiskbihb/dcwme5/7.jpg,https://dlt.by/image/catalog/tovar/almdiskbihb/dcwme5/8.jpg,https://dlt.by/image/catalog/tovar/almdiskbihb/dcwme5/9.jpg,https://dlt.by/image/catalog/tovar/almdiskbihb/dcwme5/10.jpg,https://dlt.by/image/catalog/tovar/almdiskbihb/dcwme5/11.jpg,https://dlt.by/image/catalog/tovar/almdiskbihb/dcwme5/12.jpg,https://dlt.by/image/catalog/tovar/almdiskbihb/dcwme5/13.jpg,,,,,,,,,,,,,,,,,,,,,,,,,,,,,,,,,"
"Универсальный шлифовально-отрезной алмазный диск BIHUI VACUUM, арт.DCWMM5",Алмазная оснастка>Алмазные диски>Универсальные шлифовально - отрезные алмазные диски,DCWMM5,3 611.31,"https://dlt.by/image/catalog/tovar/universalshl/vacuum/new/1.jpg,https://dlt.by/image/catalog/tovar/universalshl/vacuum/new/2.jpg,https://dlt.by/image/catalog/tovar/universalshl/vacuum/new/3.jpg,https://dlt.by/image/catalog/tovar/universalshl/vacuum/new/4.jpg,https://dlt.by/image/catalog/tovar/universalshl/vacuum/new/5.jpg,https://dlt.by/image/catalog/tovar/universalshl/vacuum/new/6.jpg,https://dlt.by/image/catalog/tovar/universalshl/vacuum/new/7.jpg,https://dlt.by/image/catalog/tovar/universalshl/vacuum/new/8.jpg,,,,,,,,,,,,,,,,,,,,,,,,,,,,,,,,,,,,,,"
"Система резки крупноформата DLT Slim System Cutter, арт.0408",Инструмент для укладки плитки>Крупноформат,408,25 580.09,"https://dlt.by/image/catalog/tovar/dltslimsystemcutter/new2/obrubok.jpg,https://dlt.by/image/catalog/tovar/dltslimsystemcutter/new2/izobrazhenie_viber_2021-09-16_13-00-36-165.png,https://dlt.by/image/catalog/tovar/dltslimsystemcutter/new/3.jpg,https://dlt.by/image/catalog/tovar/dltslimsystemcutter/new/4.jpg,https://dlt.by/image/catalog/tovar/dltslimsystemcutter/new/5.jpg,https://dlt.by/image/catalog/tovar/dltslimsystemcutter/new/13.jpg,https://dlt.by/image/catalog/tovar/dltslimsystemcutter/new/14.jpg,https://dlt.by/image/catalog/tovar/dltslimsystemcutter/new/15.jpg,https://dlt.by/image/catalog/tovar/dltslimsystemcutter/new/9.jpg,https://dlt.by/image/catalog/tovar/dltslimsystemcutter/new/8.jpg,https://dlt.by/image/catalog/tovar/dltslimsystemcutter/new/11.jpg,https://dlt.by/image/catalog/tovar/dltslimsystemcutter/new/12.jpg,https://dlt.by/image/catalog/tovar/dltslimsystemcutter/new/10.jpg,https://dlt.by/image/catalog/tovar/dltslimsystemcutter/new/7.jpg,https://dlt.by/image/catalog/tovar/dltslimsystemcutter/new/6.jpg,https://dlt.by/image/catalog/tovar/dltslimsystemcutter/new/16.jpg,https://dlt.by/image/catalog/tovar/dltslimsystemcutter/new/izobrazhenie_viber_2020-12-31_08-15-12.jpg,https://dlt.by/image/catalog/tovar/dltextreme/6mm/3.jpg,https://dlt.by/image/catalog/tovar/dltextreme/5mm/5.jpg,https://dlt.by/image/catalog/tovar/dltextreme/5mm/6.jpg,,,,,,,,,,,,,,,,,,,,,,,,,,"
"Плиткорез для крупноформатной плитки RUBI SLIM SYSTEM CUTTER, арт.18949",Плиткорезы ручные>Плиткорезы для крупноформатной плитки,18949,42 733.80,"https://dlt.by/image/catalog/easyphoto/832/plitkorez-dlya-krupnoformatnoy-plitki-rubi-slim-system-cutter-art-18949-33.jpg,https://dlt.by/image/catalog/easyphoto/832/plitkorez-dlya-krupnoformatnoy-plitki-rubi-slim-system-cutter-art-18949-32.jpg,https://dlt.by/image/catalog/easyphoto/832/plitkorez-dlya-krupnoformatnoy-plitki-rubi-slim-system-cutter-art-18949-31.jpg,https://dlt.by/image/catalog/easyphoto/832/plitkorez-dlya-krupnoformatnoy-plitki-rubi-slim-system-cutter-20.jpg,https://dlt.by/image/catalog/easyphoto/832/plitkorez-dlya-krupnoformatnoy-plitki-rubi-slim-system-cutter-18.jpg,https://dlt.by/image/catalog/easyphoto/832/plitkorez-dlya-krupnoformatnoy-plitki-rubi-slim-system-cutter-19.jpg,https://dlt.by/image/catalog/easyphoto/832/plitkorez-dlya-krupnoformatnoy-plitki-rubi-slim-system-cutter-23.jpg,https://dlt.by/image/catalog/easyphoto/832/plitkorez-dlya-krupnoformatnoy-plitki-rubi-slim-system-cutter-21.jpg,https://dlt.by/image/catalog/easyphoto/832/plitkorez-dlya-krupnoformatnoy-plitki-rubi-slim-system-cutter-22.jpg,https://dlt.by/image/catalog/easyphoto/832/plitkorez-dlya-krupnoformatnoy-plitki-rubi-slim-system-cutter-24.jpg,https://dlt.by/image/catalog/easyphoto/832/plitkorez-dlya-krupnoformatnoy-plitki-rubi-slim-system-cutter-25.jpg,https://dlt.by/image/catalog/easyphoto/832/plitkorez-dlya-krupnoformatnoy-plitki-rubi-slim-system-cutter-26.jpg,https://dlt.by/image/catalog/easyphoto/832/plitkorez-dlya-krupnoformatnoy-plitki-rubi-slim-system-cutter-27.jpg,https://dlt.by/image/catalog/easyphoto/832/plitkorez-dlya-krupnoformatnoy-plitki-rubi-slim-system-cutter-28.jpg,,,,,,,,,,,,,,,,,,,,,,,,,,,,,,,,"
"Алмазный диск BIHUI GRANITE, 125мм, арт.DCBM5",Алмазная оснастка>Алмазные диски>Алмазные диски по керамике/керамограниту/граниту/мрамору,DCBM5,1 745.47,"https://dlt.by/image/catalog/image/catalog/tovar/almdiskbihb/granite/new/0.jpg,https://dlt.by/image/catalog/tovar/almdiskbihb/granite/new/2.jpg,https://dlt.by/image/catalog/tovar/almdiskbihb/granite/new/3.jpg,https://dlt.by/image/catalog/tovar/almdiskbihb/granite/dcbm5(3).jpg,https://dlt.by/image/catalog/tovar/almdiskbihb/speedy/5.jpg,https://dlt.by/image/catalog/tovar/almdiskbihb/dop/11.png,https://dlt.by/image/catalog/tovar/almdiskbihb/dop/12.png,,,,,,,,,,,,,,,,,,,,,,,,,,,,,,,,,,,,,,,"
"Алмазный диск BIHUI B-TURBO, 230мм, арт.DCDT230",Алмазная оснастка>Алмазные диски>Алмазные диски по керамике/керамограниту/граниту/мрамору,DCDT230,3 912.25,"https://dlt.by/image/catalog/tovar/almdiskbihb/turbo230mm/1.jpg,https://dlt.by/image/catalog/tovar/almdiskbihb/turbo230mm/2.jpg,https://dlt.by/image/catalog/tovar/almdiskbihb/turbo230mm/3.jpg,https://dlt.by/image/catalog/tovar/almdiskbihb/turbo230mm/4.jpg,https://dlt.by/image/catalog/tovar/almdiskbihb/turbo230mm/5.jpg,https://dlt.by/image/catalog/tovar/almdiskbihb/turbo85mm/3.jpg,https://dlt.by/image/catalog/tovar/almdiskbihb/turbo85mm/7(1)(1).png,https://dlt.by/image/catalog/tovar/almdiskbihb/dop/11.png,https://dlt.by/image/catalog/tovar/almdiskbihb/speedy/5.jpg,https://dlt.by/image/catalog/tovar/almdiskbihb/dop/12.png,,,,,,,,,,,,,,,,,,,,,,,,,,,,,,,,,,,,"
"Ручная шлифмашина для стен и потолков DLT R7240, арт.0348","Шлифовальные машины для стен, потолков и пола>Шлифмашины ручные",348,21 667.84,"https://dlt.by/image/catalog/image/catalog/tovar/dlt_7240/new/0.jpg,https://dlt.by/image/catalog/tovar/dlt_7240/new/1.jpg,https://dlt.by/image/catalog/tovar/dlt_7240/new/2.jpg,https://dlt.by/image/catalog/tovar/dlt_7240/new/3.jpg,https://dlt.by/image/catalog/tovar/dlt_7240/new/4.jpg,https://dlt.by/image/catalog/tovar/dlt_7240/new/5.jpg,https://dlt.by/image/catalog/tovar/dlt_7240/new/6.jpg,https://dlt.by/image/catalog/tovar/dlt_7240/new/6-1.jpg,https://dlt.by/image/catalog/tovar/dlt_7240/new/6-2.jpg,https://dlt.by/image/catalog/tovar/dlt_7240/new/7.jpg,https://dlt.by/image/catalog/tovar/dlt_7240/new/8.jpg,https://dlt.by/image/catalog/tovar/dlt_7240/new/8-1.jpg,https://dlt.by/image/catalog/tovar/dlt_7240/new/8-2.jpg,https://dlt.by/image/catalog/tovar/dlt_7240/new/9.jpg,https://dlt.by/image/catalog/tovar/dlt_7240/new/imja-fotosessii-222.jpg,,,,,,,,,,,,,,,,,,,,,,,,,,,,,,,"
"Лазерный указатель для плиткореза DLT PROLINE, арт.0775",Уцененные товары,775,752.36,"https://dlt.by/image/catalog/image/catalog/tovar/ukazatel/new/1.jpg,https://dlt.by/image/catalog/tovar/ukazatel/new/2.jpg,https://dlt.by/image/catalog/tovar/ukazatel/new/2-1.jpg,https://dlt.by/image/catalog/tovar/ukazatel/3.jpg,https://dlt.by/image/catalog/tovar/ukazatel/4.png,,,,,,,,,,,,,,,,,,,,,,,,,,,,,,,,,,,,,,,,,"
"Шлифмашина с бесщеточным двигателем DLT GrandFlex V31 (R7231), арт.0584","Шлифовальные машины для стен, потолков и пола>Шлифмашины Жираф",584,31 598.94,"https://dlt.by/image/catalog/easyphoto/839/shlifmashina-s-besshchetochnym-dvigatelem-dlt-grandflex-v31-r7231-6.jpg,https://dlt.by/image/catalog/easyphoto/839/shlifmashina-s-besshchetochnym-dvigatelem-dlt-grandflex-v31-r7231-7.jpg,https://dlt.by/image/catalog/easyphoto/839/shlifmashina-s-besshchetochnym-dvigatelem-dlt-grandflex-v31-r7231-8.jpg,https://dlt.by/image/catalog/easyphoto/839/shlifmashina-s-besshchetochnym-dvigatelem-dlt-grandflex-v31-r7231-9.jpg,https://dlt.by/image/catalog/easyphoto/839/shlifmashina-s-besshchetochnym-dvigatelem-dlt-grandflex-v31-r7231-10.jpg,https://dlt.by/image/catalog/easyphoto/839/shlifmashina-s-besshchetochnym-dvigatelem-dlt-grandflex-v31-r7231-11.jpg,https://dlt.by/image/catalog/easyphoto/839/shlifmashina-s-besshchetochnym-dvigatelem-dlt-grandflex-v31-r7231-12.jpg,https://dlt.by/image/catalog/easyphoto/839/shlifmashina-s-besshchetochnym-dvigatelem-dlt-grandflex-v31-r7231-13.jpg,https://dlt.by/image/catalog/easyphoto/839/shlifmashina-s-besshchetochnym-dvigatelem-dlt-grandflex-v31-r7231-14.jpg,https://dlt.by/image/catalog/easyphoto/839/shlifmashina-s-besshchetochnym-dvigatelem-dlt-grandflex-v31-r7231-15.jpg,https://dlt.by/image/catalog/easyphoto/839/shlifmashina-s-besshchetochnym-dvigatelem-dlt-grandflex-v31-r7231-16.jpg,https://dlt.by/image/catalog/easyphoto/839/shlifmashina-s-besshchetochnym-dvigatelem-dlt-grandflex-v31-r7231-17.jpg,https://dlt.by/image/catalog/easyphoto/839/shlifmashina-s-besshchetochnym-dvigatelem-dlt-grandflex-v31-r7231-18.jpg,https://dlt.by/image/catalog/easyphoto/839/shlifmashina-s-besshchetochnym-dvigatelem-dlt-grandflex-v31-r7231-19.jpg,https://dlt.by/image/catalog/easyphoto/839/shlifmashina-s-besshchetochnym-dvigatelem-dlt-grandflex-v31-r7231-20.jpg,https://dlt.by/image/catalog/easyphoto/839/shlifmashina-s-besshchetochnym-dvigatelem-dlt-grandflex-v31-r7231-21.png,https://dlt.by/image/catalog/easyphoto/839/shlifmashina-s-besshchetochnym-dvigatelem-dlt-grandflex-v31-r7231-22.png,https://dlt.by/image/catalog/easyphoto/839/shlifmashina-s-besshchetochnym-dvigatelem-dlt-grandflex-v31-r7231-23.png,https://dlt.by/image/catalog/easyphoto/839/shlifmashina-s-besshchetochnym-dvigatelem-dlt-grandflex-v31-r7231-24.png,https://dlt.by/image/catalog/easyphoto/839/shlifmashina-s-besshchetochnym-dvigatelem-dlt-grandflex-v31-r7231-25.png,https://dlt.by/image/catalog/easyphoto/839/shlifmashina-s-besshchetochnym-dvigatelem-dlt-grandflex-v31-r7231-26.png,,,,,,,,,,,,,,,,,,,,,,,,,"
"Шлифмашина Жираф DLT GrandFlex V32 (R7232), арт.0885","Шлифовальные машины для стен, потолков и пола>Шлифмашины Жираф",885,22 871.61,"https://dlt.by/image/catalog/easyphoto/840/shlifmashina-zhiraf-dlt-grandflex-v32-r7232-1.jpg,https://dlt.by/image/catalog/easyphoto/840/shlifmashina-zhiraf-dlt-grandflex-v32-r7232-2.jpg,https://dlt.by/image/catalog/easyphoto/840/shlifmashina-zhiraf-dlt-grandflex-v32-r7232-3.jpg,https://dlt.by/image/catalog/easyphoto/840/shlifmashina-zhiraf-dlt-grandflex-v32-r7232-4.jpg,https://dlt.by/image/catalog/easyphoto/840/shlifmashina-zhiraf-dlt-grandflex-v32-r7232-5.jpg,https://dlt.by/image/catalog/easyphoto/840/shlifmashina-zhiraf-dlt-grandflex-v32-r7232-6.jpg,https://dlt.by/image/catalog/easyphoto/840/shlifmashina-zhiraf-dlt-grandflex-v32-r7232-7.jpg,https://dlt.by/image/catalog/easyphoto/840/shlifmashina-zhiraf-dlt-grandflex-v32-r7232-8.jpg,https://dlt.by/image/catalog/easyphoto/840/shlifmashina-zhiraf-dlt-grandflex-v32-r7232-10.jpg,https://dlt.by/image/catalog/easyphoto/840/shlifmashina-zhiraf-dlt-grandflex-v32-r7232-9.jpg,https://dlt.by/image/catalog/easyphoto/840/shlifmashina-zhiraf-dlt-grandflex-v32-r7232-11.jpg,,,,,,,,,,,,,,,,,,,,,,,,,,,,,,,,,,,"
"Шлифмашина Жираф DLT GrandFlex V36 (R7236), арт.0540","Шлифовальные машины для стен, потолков и пола>Шлифмашины Жираф",540,22 420.20,"https://dlt.by/image/catalog/easyphoto/841/shlifmashina-zhiraf-dlt-grandflex-v36-r7236-11.jpg,https://dlt.by/image/catalog/easyphoto/841/shlifmashina-zhiraf-dlt-grandflex-v36-r7236-12.jpg,https://dlt.by/image/catalog/easyphoto/841/shlifmashina-zhiraf-dlt-grandflex-v36-r7236-13.jpg,https://dlt.by/image/catalog/easyphoto/841/shlifmashina-zhiraf-dlt-grandflex-v36-r7236-14.jpg,https://dlt.by/image/catalog/easyphoto/841/shlifmashina-zhiraf-dlt-grandflex-v36-r7236-15.jpg,https://dlt.by/image/catalog/easyphoto/841/shlifmashina-zhiraf-dlt-grandflex-v36-r7236-16.jpg,https://dlt.by/image/catalog/easyphoto/841/shlifmashina-zhiraf-dlt-grandflex-v36-r7236-17.jpg,https://dlt.by/image/catalog/easyphoto/841/shlifmashina-zhiraf-dlt-grandflex-v36-r7236-18.jpg,https://dlt.by/image/catalog/easyphoto/841/shlifmashina-zhiraf-dlt-grandflex-v36-r7236-19.jpg,https://dlt.by/image/catalog/easyphoto/841/shlifmashina-zhiraf-dlt-grandflex-v36-r7236-20.jpg,https://dlt.by/image/catalog/easyphoto/841/shlifmashina-zhiraf-dlt-grandflex-v36-r7236-21.jpg,https://dlt.by/image/catalog/easyphoto/841/shlifmashina-zhiraf-dlt-grandflex-v36-r7236-22.jpg,https://dlt.by/image/catalog/easyphoto/841/shlifmashina-zhiraf-dlt-grandflex-v36-r7236-23.jpg,,,,,,,,,,,,,,,,,,,,,,,,,,,,,,,,,"
"Уровень лазерный Huepar S04CG, арт.0182",Лазерные нивелиры (лазерные уровни)>4D,182,23 172.55,"https://dlt.by/image/catalog/image/catalog/tovar/huepars04sgp/1.jpg,https://dlt.by/image/catalog/tovar/huepars03cgp/new/new/newpng/2.png,https://dlt.by/image/catalog/tovar/huepars04sgp/newph/2-1.jpg,https://dlt.by/image/catalog/tovar/huepars04sgp/newph/uroven-lazernyy-huepar-s04cg-1-800x800.jpg,https://dlt.by/image/catalog/tovar/huepars04sgp/newph/3-2.gif,https://dlt.by/image/catalog/tovar/huepars04sgp/newph/4.jpg,https://dlt.by/image/catalog/tovar/huepars04sgp/newph/5.jpg,https://dlt.by/image/catalog/tovar/huepars04sgp/newph/6.jpg,https://dlt.by/image/catalog/tovar/huepars04sgp/newph/7.jpg,https://dlt.by/image/catalog/tovar/huepars04sgp/newph/8.jpg,https://dlt.by/image/catalog/tovar/huepars04sgp/newph/8-1.jpg,https://dlt.by/image/catalog/tovar/huepars04sgp/newph/8-2.jpg,https://dlt.by/image/catalog/tovar/huepars04sgp/4-1.jpg,https://dlt.by/image/catalog/tovar/huepars04sgp/newph/9-1.jpg,https://dlt.by/image/catalog/tovar/huepars04sgp/newph/10.jpg,https://dlt.by/image/catalog/tovar/huepars04sgp/newph/11.jpg,https://dlt.by/image/catalog/tovar/huepars04sgp/newph/12.jpg,https://dlt.by/image/catalog/tovar/huepars04sgp/newph/13.jpg,https://dlt.by/image/catalog/tovar/huepars04sgp/newph/14.jpg,https://dlt.by/image/catalog/tovar/huepars04sgp/newph/15.jpg,https://dlt.by/image/catalog/easyphoto/856/uroven-lazernyy-huepar-s04cg-2.jpg,https://dlt.by/image/catalog/easyphoto/856/uroven-lazernyy-huepar-s04cg-4.jpg,https://dlt.by/image/catalog/easyphoto/856/uroven-lazernyy-huepar-s04cg-3.jpg,https://dlt.by/image/catalog/tovar/huepars04sgp/newph/17.jpg,https://dlt.by/image/catalog/tovar/huepars04sgp/newph/17-1.jpg,https://dlt.by/image/catalog/tovar/huepars04sgp/newph/17-2.jpg,https://dlt.by/image/catalog/tovar/huepars04sgp/newph/18.jpg,https://dlt.by/image/catalog/tovar/huepars04sgp/newph/19.jpg,https://dlt.by/image/catalog/tovar/huepars04sgp/newph/22.jpg,,,,,,,,,,,,,,,,,"
"Жесткая шлифовальная тарелка DLT GrandFlex T-HT2 для шлифмашин, арт. 0982 (DLT H-HT2)",Запчасти,982,1 956.12,"https://dlt.by/image/catalog/tovar/dlt_h-ht2/new/1.jpg,https://dlt.by/image/catalog/tovar/tarelki2/dlth-ht2.jpg,https://dlt.by/image/catalog/tovar/dlt_h-ht2/new/2.jpg,https://dlt.by/image/catalog/tovar/dlt_h-ht2/new/3.jpg,https://dlt.by/image/catalog/tovar/dlt_h-ht2/new/4.jpg,,,,,,,,,,,,,,,,,,,,,,,,,,,,,,,,,,,,,,,,,"
"Прижимные ролики для плиткорезов SHIJINGI, арт.prizhrol",Инструмент для укладки плитки>Аксессуары для электрических плиткорезов ,prizhrol,1 203.77,"https://dlt.by/image/catalog/image/catalog/tovar/prizhrol/0.jpg,https://dlt.by/image/catalog/tovar/prizhrol/1.jpg,https://dlt.by/image/catalog/tovar/prizhrol/3.jpg,https://dlt.by/image/catalog/tovar/prizhrol/4.jpg,,,,,,,,,,,,,,,,,,,,,,,,,,,,,,,,,,,,,,,,,,"
"Шлифмашина эксцентриковая (орбитальная) DLT KS-01-150-25 Ход эксцентрика 2,5, арт.0583","Шлифовальные машины для стен, потолков и пола>Шлифмашины ручные",583,19 410.78,"https://dlt.by/image/catalog/tovar/dlt_ks_hod_2_5/1.jpg,https://dlt.by/image/catalog/tovar/dlt_ks_hod_2_5/2.jpg,https://dlt.by/image/catalog/tovar/dlt_ks_hod_2_5/3.jpg,https://dlt.by/image/catalog/tovar/dlt_ks_hod_2_5/4(2).jpg,https://dlt.by/image/catalog/tovar/dlt_ks_hod_2_5/5(2).jpg,https://dlt.by/image/catalog/tovar/dlt_ks_hod_2_5/6(2).jpg,https://dlt.by/image/catalog/tovar/dlt_ks_hod_2_5/7(2).jpg,https://dlt.by/image/catalog/tovar/dltks-01-150-50/new1/9.jpg,https://dlt.by/image/catalog/tovar/dltks-01-150-50/new1/10.jpg,https://dlt.by/image/catalog/tovar/dlt_ks_hod_2_5/9.jpg,https://dlt.by/image/catalog/tovar/dlt_ks_hod_2_5/10.jpg,https://dlt.by/image/catalog/tovar/dltks-01-150-50/new1/13.jpg,https://dlt.by/image/catalog/tovar/dltks-01-150-50/new1/14.jpg,https://dlt.by/image/catalog/tovar/dltks-01-150-50/new1/15.jpg,,,,,,,,,,,,,,,,,,,,,,,,,,,,,,,,"
"Шлифмашина эксцентриковая (орбитальная) DLT KS-01-150-50 Ход эксцентрика 5,0, арт.0582","Шлифовальные машины для стен, потолков и пола>Шлифмашины ручные",582,22 269.73,"https://dlt.by/image/catalog/tovar/dltks-01-150-50/new1/1.jpg,https://dlt.by/image/catalog/tovar/dltks-01-150-50/new1/2.jpg,https://dlt.by/image/catalog/tovar/dltks-01-150-50/new1/3.jpg,https://dlt.by/image/catalog/tovar/dltks-01-150-50/new1/4.jpg,https://dlt.by/image/catalog/tovar/dltks-01-150-50/new1/5.jpg,https://dlt.by/image/catalog/tovar/dltks-01-150-50/new1/6.jpg,https://dlt.by/image/catalog/tovar/dltks-01-150-50/new1/8.jpg,https://dlt.by/image/catalog/tovar/dltks-01-150-50/new1/9.jpg,https://dlt.by/image/catalog/tovar/dltks-01-150-50/new1/10.jpg,https://dlt.by/image/catalog/tovar/dltks-01-150-50/new1/11.jpg,https://dlt.by/image/catalog/tovar/dltks-01-150-50/new1/12.jpg,https://dlt.by/image/catalog/tovar/dltks-01-150-50/new1/13.jpg,https://dlt.by/image/catalog/tovar/dltks-01-150-50/new1/14.jpg,https://dlt.by/image/catalog/tovar/dltks-01-150-50/new1/15.jpg,https://dlt.by/image/catalog/tovar/dltks-01-150-50/new1/16.jpg,https://dlt.by/image/catalog/tovar/dltks-01-150-50/new1/17.png,,,,,,,,,,,,,,,,,,,,,,,,,,,,,,"
"Шлифовальная тарелка для шлифмашин KS-01-150-50, арт.0325","Шлифовальные машины для стен, потолков и пола>Аксессуары шлифмашин",325,1 805.65,"https://dlt.by/image/catalog/tovar/ks-01-150-50/new/1.jpg,https://dlt.by/image/catalog/tovar/ks-01-150-50/new/2.jpg,https://dlt.by/image/catalog/tovar/ks-01-150-50/new/3.jpg,https://dlt.by/image/catalog/tovar/ks-01-150-50/new/3-1.jpg,https://dlt.by/image/catalog/tovar/ks-01-150-50/new/4.jpg,,,,,,,,,,,,,,,,,,,,,,,,,,,,,,,,,,,,,,,,,"
"Жёсткая шлифовальная тарелка DLT GrandFlex T-h для шлифмашины, арт.0592 ","Шлифовальные машины для стен, потолков и пола",592,1 956.12,"https://dlt.by/image/catalog/tovar/dlth-ht-h/new/1.jpg,https://dlt.by/image/catalog/tovar/tarelki2/dlth-ht-h.jpg,https://dlt.by/image/catalog/tovar/dlth-ht-h/new/2.jpg,https://dlt.by/image/catalog/tovar/dlth-ht-h/new/3.jpg,https://dlt.by/image/catalog/tovar/dlth-ht-h/new/4.jpg,,,,,,,,,,,,,,,,,,,,,,,,,,,,,,,,,,,,,,,,,"
"Система охлаждения алмазных коронок, арт.0368",Алмазная оснастка>Аксессуары для алмазных коронок,368,1 956.12,"https://dlt.by/image/catalog/image/catalog/tovar/systemohl/new/new12/1.jpg,https://dlt.by/image/catalog/tovar/systemohl/new/new12/1-1.jpg,https://dlt.by/image/catalog/tovar/systemohl/new/new12/1-2.jpg,https://dlt.by/image/catalog/tovar/systemohl/new/new12/1-3.jpg,https://dlt.by/image/catalog/tovar/systemohl/new/new12/1-4.jpg,https://dlt.by/image/catalog/tovar/systemohl/new/new12/2.jpg,https://dlt.by/image/catalog/tovar/systemohl/new/new12/3.jpg,https://dlt.by/image/catalog/tovar/systemohl/new/new12/4.jpg,https://dlt.by/image/catalog/tovar/systemohl/new/new12/5.jpg,https://dlt.by/image/catalog/tovar/systemohl/new/new12/5-1.png,https://dlt.by/image/catalog/tovar/systemohl/new/new12/new/6.png,,,,,,,,,,,,,,,,,,,,,,,,,,,,,,,,,,,"
"Уровень лазерный Huepar S03CG, арт.0181",Лазерные нивелиры (лазерные уровни)>3D,181,19 109.83,"https://dlt.by/image/catalog/tovar/huepars03cgp/1.jpg,https://dlt.by/image/catalog/tovar/huepars03cgp/new/new/newpng/2.png,https://dlt.by/image/catalog/tovar/huepars03cgp/new/new/newpng/2-0.png,https://dlt.by/image/catalog/tovar/huepars03cgp/new/new/2-1.jpg,https://dlt.by/image/catalog/tovar/huepars03cgp/new/new/3.jpg,https://dlt.by/image/catalog/tovar/huepars03cgp/new/new/3-1.jpg,https://dlt.by/image/catalog/tovar/huepars03cgp/new/new/3-2.gif,https://dlt.by/image/catalog/tovar/huepars03cgp/new/new/4.jpg,https://dlt.by/image/catalog/tovar/huepars03cgp/new/new/5.jpg,https://dlt.by/image/catalog/tovar/huepars03cgp/new/new/6.jpg,https://dlt.by/image/catalog/tovar/huepars03cgp/new/new/7.jpg,https://dlt.by/image/catalog/tovar/huepars03cgp/new/new/7-1.jpg,https://dlt.by/image/catalog/tovar/huepars03cgp/new/new/8.jpg,https://dlt.by/image/catalog/tovar/huepars03cgp/new/new/8-0.jpg,https://dlt.by/image/catalog/tovar/huepars04sgp/4-1.jpg,https://dlt.by/image/catalog/tovar/huepars03cgp/new/new/8-2.jpg,https://dlt.by/image/catalog/tovar/huepars03cgp/new/new/8-3.jpg,https://dlt.by/image/catalog/tovar/huepars03cgp/new/new/8-4.jpg,https://dlt.by/image/catalog/tovar/huepars03cgp/new/new/8-5.jpg,https://dlt.by/image/catalog/tovar/huepars03cgp/new/new/8-6e.jpg,https://dlt.by/image/catalog/tovar/huepars03cgp/new/new/10.jpg,https://dlt.by/image/catalog/tovar/huepars03cgp/new/new/11.jpg,https://dlt.by/image/catalog/tovar/huepars03cgp/new/new/12.jpg,https://dlt.by/image/catalog/tovar/huepars03cgp/new/new/12-1.jpg,https://dlt.by/image/catalog/tovar/huepars03cgp/new/new/12-2.jpg,https://dlt.by/image/catalog/tovar/huepars03cgp/new/new/14.jpg,https://dlt.by/image/catalog/tovar/huepars03cgp/new/new/14-1.jpg,https://dlt.by/image/catalog/tovar/huepars03cgp/new/new/15.jpg,https://dlt.by/image/catalog/tovar/huepars03cgp/new/new/16.jpg,https://dlt.by/image/catalog/tovar/huepars03cgp/new/new/17.jpg,https://dlt.by/image/catalog/tovar/huepars03cgp/new/new/17-1.jpg,https://dlt.by/image/catalog/tovar/huepars03cgp/new/new/17-2.jpg,https://dlt.by/image/catalog/tovar/huepars03cgp/new/new/18.jpg,https://dlt.by/image/catalog/tovar/huepars03cgp/new/new/19.jpg,,,,,,,,,,,,"
"Уровень лазерный Huepar S04CG-L, арт.0183",Лазерные нивелиры (лазерные уровни)>4D,183,20 765.02,"https://dlt.by/image/catalog/easyphoto/858/uroven-lazernyy-huepar-s04cg-l-2.jpg,https://dlt.by/image/catalog/tovar/huepars04cgs/newph/4.gif,https://dlt.by/image/catalog/tovar/huepars04cgs/newph/6.jpg,https://dlt.by/image/catalog/tovar/huepars04cgs/newph/7.jpg,https://dlt.by/image/catalog/tovar/huepars04cgs/newph/8.jpg,https://dlt.by/image/catalog/tovar/huepars04cgs/newph/9.jpg,https://dlt.by/image/catalog/tovar/huepars04cgs/newph/10.jpg,https://dlt.by/image/catalog/tovar/huepars04cgs/newph/11.jpg,https://dlt.by/image/catalog/tovar/huepars04cgs/newph/11-0.jpg,https://dlt.by/image/catalog/tovar/huepars04cgs/newph/11-1.jpg,https://dlt.by/image/catalog/tovar/huepars04cgs/newph/12.jpg,https://dlt.by/image/catalog/tovar/huepars04cgs/newph/13.jpg,https://dlt.by/image/catalog/tovar/huepars04cgs/newph/14.jpg,https://dlt.by/image/catalog/tovar/huepars04cgs/newph/15.jpg,https://dlt.by/image/catalog/tovar/huepars04cgs/newph/15-1.jpg,https://dlt.by/image/catalog/tovar/huepars04cgs/newph/15-2.jpg,https://dlt.by/image/catalog/easyphoto/858/uroven-lazernyy-huepar-s04cg-l-3.jpg,https://dlt.by/image/catalog/easyphoto/858/uroven-lazernyy-huepar-s04cg-l-4.jpg,https://dlt.by/image/catalog/easyphoto/858/uroven-lazernyy-huepar-s04cg-l-5.jpg,https://dlt.by/image/catalog/easyphoto/858/uroven-lazernyy-huepar-s04cg-l-6.jpg,https://dlt.by/image/catalog/tovar/huepars04cgs/newph/15-3.jpg,https://dlt.by/image/catalog/tovar/huepars04cgs/newph/19.jpg,https://dlt.by/image/catalog/tovar/huepars04cgs/newph/19-1.jpg,https://dlt.by/image/catalog/tovar/huepars04cgs/newph/19-2.jpg,https://dlt.by/image/catalog/tovar/huepars04cgs/newph/19-3.jpg,https://dlt.by/image/catalog/tovar/huepars04cgs/newph/19-5.jpg,https://dlt.by/image/catalog/tovar/huepars04cgs/newph/20.jpg,https://dlt.by/image/catalog/tovar/huepars04cgs/newph/4-1.jpg,https://dlt.by/image/catalog/tovar/huepars04cgs/newph/huepars04cg-l.jpg,,,,,,,,,,,,,,,,,"
"Чехол Rubi для ручного плиткореза (до 650мм), арт.19818",Плиткорезы ручные>Аксессуары для ручных плиткорезов>Сумки,19818,2 106.60,"https://dlt.by/image/catalog/tovar/chehol_rubi/850/izobrazhenie_viber_2020-10-05_13-57-07.jpg,https://dlt.by/image/catalog/tovar/chehol_rubi/new/2.jpg,https://dlt.by/image/catalog/tovar/chehol_rubi/new/3.jpg,https://dlt.by/image/catalog/tovar/chehol_rubi/new/4.jpg,https://dlt.by/image/catalog/tovar/chehol_rubi/new/5.jpg,https://dlt.by/image/catalog/tovar/chehol_rubi/2.png,https://dlt.by/image/catalog/tovar/chehol_rubi/4.png,https://dlt.by/image/catalog/tovar/chehol_rubi/5.png,https://dlt.by/image/catalog/tovar/chehol_rubi/5-1.png,https://dlt.by/image/catalog/tovar/chehol_rubi/6.png,https://dlt.by/image/catalog/tovar/chehol_rubi/7.png,https://dlt.by/image/catalog/tovar/chehol_rubi/8.png,https://dlt.by/image/catalog/tovar/chehol_rubi/10.png,https://dlt.by/image/catalog/tovar/chehol_rubi/11.png,https://dlt.by/image/catalog/tovar/chehol_rubi/12.png,,,,,,,,,,,,,,,,,,,,,,,,,,,,,,,"
"Дополнительная секция для DLT Panel Lifter 335 высота до 4.7 м., арт. 0586",Подъемники для гипсокартона,586,5 266.49,"https://dlt.by/image/catalog/image/catalog/tovar/dopsekc/new1/0.jpg,https://dlt.by/image/catalog/tovar/dopsekc/new1/0-1.jpg,https://dlt.by/image/catalog/tovar/dopsekc/new1/0-2.jpg,https://dlt.by/image/catalog/tovar/dopsekc/new1/0-3.jpg,https://dlt.by/image/catalog/tovar/dopsekc/new1/0-4.jpg,https://dlt.by/image/catalog/tovar/dopsekc/new1/1.jpeg,https://dlt.by/image/catalog/tovar/dopsekc/new1/2.jpeg,https://dlt.by/image/catalog/tovar/dopsekc/new1/3.jpg,,,,,,,,,,,,,,,,,,,,,,,,,,,,,,,,,,,,,,"
"Ручной плиткорез RUBI X-ONE 850 (до 850мм), арт.14927",Плиткорезы ручные>Плиткорезы RUBI,14927,21 065.96,"https://dlt.by/image/catalog/850/new/1.jpg,https://dlt.by/image/catalog/850/new/2.jpg,https://dlt.by/image/catalog/850/new/3.jpg,https://dlt.by/image/catalog/850/new/4.jpg,https://dlt.by/image/catalog/850/new/5.jpg,https://dlt.by/image/catalog/850/new/6.jpg,https://dlt.by/image/catalog/850/new/7.jpg,https://dlt.by/image/catalog/850/new/8.jpg,https://dlt.by/image/catalog/850/new/9.jpg,https://dlt.by/image/catalog/850/new/10.jpg,https://dlt.by/image/catalog/850/new/11.jpg,https://dlt.by/image/catalog/850/new/12.jpg,https://dlt.by/image/catalog/850/new/13.jpg,,,,,,,,,,,,,,,,,,,,,,,,,,,,,,,,,"
"Лезвие для шпателя DLT Finish версия PRO толщина 0,3мм, 15см, арт.1668",Шпателя для механизированной шпатлевки,16681,276.87,"https://dlt.by/image/catalog/easyphoto/959/lezvie-dlya-shpatelya-dlt-finish-versiya-pro-tolshchina-0-3mm-15sm-2.jpg,https://dlt.by/image/catalog/easyphoto/959/lezvie-dlya-shpatelya-dlt-finish-versiya-pro-tolshchina-0-3mm-15sm-3.jpg,https://dlt.by/image/catalog/easyphoto/959/lezvie-dlya-shpatelya-dlt-finish-versiya-pro-tolshchina-0-3mm-15sm-4.jpg,https://dlt.by/image/catalog/easyphoto/959/lezvie-dlya-shpatelya-dlt-finish-versiya-pro-tolshchina-0-3mm-15sm-5.jpg,,,,,,,,,,,,,,,,,,,,,,,,,,,,,,,,,,,,,,,,,,"
"Мягкая шлифовальная тарелка DLT S-WT для шлифмашин, арт.0526","Шлифовальные машины для стен, потолков и пола>Абразивные материалы",526,1 354.24,"https://dlt.by/image/catalog/image/catalog/tovar/dlt_s-wt/1.jpg,https://dlt.by/image/catalog/tovar/tarelki2/dlts-wt.jpg,https://dlt.by/image/catalog/tovar/dlt_s-wt/2.jpg,https://dlt.by/image/catalog/tovar/dlt_s-wt/3.jpg,https://dlt.by/image/catalog/tovar/dlt_s-wt/4.jpg,,,,,,,,,,,,,,,,,,,,,,,,,,,,,,,,,,,,,,,,,"
"Мешалки для миксера DLT HEX 13, арт.0280",Малярный и штукатурный инструмент>Венчики и насадки строительные,280,2 257.07,"https://dlt.by/image/catalog/image/catalog/tovar/dlt_hex13/1.jpg,https://dlt.by/image/catalog/tovar/dlt_hex13/2.jpg,https://dlt.by/image/catalog/tovar/dlt_hex13/3.jpg,https://dlt.by/image/catalog/tovar/dlt_hex13/4.jpg,https://dlt.by/image/catalog/tovar/dlt_hex13/5.jpg,,,,,,,,,,,,,,,,,,,,,,,,,,,,,,,,,,,,,,,,,"
"Пылесос строительный DLT EXTRALINE PL30 с полуавтоматической очисткой фильтра (обратный поток), арт.0587",Пылесосы строительные>Пылесосы,587,17 906.06,"https://dlt.by/image/catalog/tovar/dltextralinepl30/1.jpg,https://dlt.by/image/catalog/tovar/dltextralinepl30/2.jpg,https://dlt.by/image/catalog/tovar/dltextralinepl30/pylesos.jpg,https://dlt.by/image/catalog/tovar/dltextralinepl30/3.jpg,https://dlt.by/image/catalog/tovar/dltextralinepl30/4.jpg,https://dlt.by/image/catalog/tovar/dltextralinepl30/5.jpg,https://dlt.by/image/catalog/tovar/dltextralinepl30/6.jpg,https://dlt.by/image/catalog/tovar/dltextralinepl30/7.jpg,https://dlt.by/image/catalog/tovar/dltextralinepl30/8.jpg,https://dlt.by/image/catalog/tovar/dltextralinepl30/9.jpg,https://dlt.by/image/catalog/tovar/dltextralinepl30/10.jpg,https://dlt.by/image/catalog/tovar/dltextralinepl30/11.jpg,https://dlt.by/image/catalog/tovar/dltextralinepl30/12.jpg,https://dlt.by/image/catalog/tovar/dltextralinepl30/13.jpg,,,,,,,,,,,,,,,,,,,,,,,,,,,,,,,,"
"Кейс для алмазных коронок №1, арт.0207",Алмазная оснастка>Алмазные коронки для плитки ,207,2 558.01,"https://dlt.by/image/catalog/tovar/nabordlti9plitok/keysi/nom1/kejs_4_2_.jpg,https://dlt.by/image/catalog/tovar/nabordlti9plitok/keysi/nom1/kejs_4_1.jpg,,,,,,,,,,,,,,,,,,,,,,,,,,,,,,,,,,,,,,,,,,,,"
"Виброприсоска для укладки плитки DLT Vibro MAX, арт.0956",Инструмент для укладки плитки>Вибрационные присоски,956,11 435.81,"https://dlt.by/image/catalog/easyphoto/1429/vibroprisoska-dlya-ukladki-plitki-dlt-vibro-max-1.jpg,https://dlt.by/image/catalog/easyphoto/1429/vibroprisoska-dlya-ukladki-plitki-dlt-vibro-max-2.jpg,https://dlt.by/image/catalog/easyphoto/1429/vibroprisoska-dlya-ukladki-plitki-dlt-vibro-max-10.jpg,https://dlt.by/image/catalog/tovar/9390_new/10.png,https://dlt.by/image/catalog/easyphoto/1429/vibroprisoska-dlya-ukladki-plitki-dlt-vibro-max-5.jpg,https://dlt.by/image/catalog/easyphoto/1429/vibroprisoska-dlya-ukladki-plitki-dlt-vibro-max-6.jpg,https://dlt.by/image/catalog/easyphoto/1429/vibroprisoska-dlya-ukladki-plitki-dlt-vibro-max-4.jpg,https://dlt.by/image/catalog/easyphoto/1429/vibroprisoska-dlya-ukladki-plitki-dlt-vibro-max-3.jpg,https://dlt.by/image/catalog/tovar/9390_new/12.jpg,https://dlt.by/image/catalog/easyphoto/1429/vibroprisoska-dlya-ukladki-plitki-dlt-vibro-max-8.jpg,https://dlt.by/image/catalog/easyphoto/1429/vibroprisoska-dlya-ukladki-plitki-dlt-vibro-max-9.jpg,https://dlt.by/image/catalog/easyphoto/1429/vibroprisoska-dlya-ukladki-plitki-dlt-vibro-max-7.jpg,https://dlt.by/image/catalog/tovar/9390_new/15.jpg,https://dlt.by/image/catalog/tovar/9390_new/18.jpg,,,,,,,,,,,,,,,,,,,,,,,,,,,,,,,,"
"Помповая присоска DLT P612 для гладкой и рельефной поверхности, Ø8 дюймов, арт.0950",Инструмент для укладки плитки>Присоски для плитки и стекла>Помповые присоски,950,3 671.50,"https://dlt.by/image/catalog/easyphoto/1430/pompovaya-prisoska-dlt-p612-dlya-gladkoy-i-relefnoy-poverhnosti-8-dyuymov-art-0950-1.jpg,https://dlt.by/image/catalog/easyphoto/1430/pompovaya-prisoska-dlt-p612-dlya-gladkoy-i-relefnoy-poverhnosti-8-dyuymov-art-0950-2.jpg,https://dlt.by/image/catalog/easyphoto/1430/pompovaya-prisoska-dlt-p612-dlya-gladkoy-i-relefnoy-poverhnosti-8-dyuymov-art-0950-3.jpg,https://dlt.by/image/catalog/easyphoto/1430/pompovaya-prisoska-dlt-p612-dlya-gladkoy-i-relefnoy-poverhnosti-8-dyuymov-art-0950-8.jpg,https://dlt.by/image/catalog/easyphoto/1430/pompovaya-prisoska-dlt-p612-dlya-gladkoy-i-relefnoy-poverhnosti-8-dyuymov-art-0950-4.jpg,https://dlt.by/image/catalog/easyphoto/1430/pompovaya-prisoska-dlt-p612-dlya-gladkoy-i-relefnoy-poverhnosti-8-dyuymov-art-0950-6.jpg,https://dlt.by/image/catalog/easyphoto/1430/pompovaya-prisoska-dlt-p612-dlya-gladkoy-i-relefnoy-poverhnosti-8-dyuymov-art-0950-5.jpg,https://dlt.by/image/catalog/easyphoto/1430/pompovaya-prisoska-dlt-p612-dlya-gladkoy-i-relefnoy-poverhnosti-8-dyuymov-art-0950-7.jpg,,,,,,,,,,,,,,,,,,,,,,,,,,,,,,,,,,,,,,"
"АГШК DLT №10, для сухой шлифовки, #50, 100мм, арт.0932",Инструмент для укладки плитки>Круг алмазный гибкий шлифовальный>АГШК #50-60,932,511.60,"https://dlt.by/image/catalog/tovar/dlt10_50/1.jpg,https://dlt.by/image/catalog/tovar/dlt10_50/2.jpg,,,,,,,,,,,,,,,,,,,,,,,,,,,,,,,,,,,,,,,,,,,,"
"Подъемник для гипсокартонных листов DLT PLAC 450 (он же EDMA PLAC 450), арт.0153",Подъемники для гипсокартона,153,55 674.32,"https://dlt.by/image/catalog/tovar/podymnic/450/1.jpg,https://dlt.by/image/catalog/tovar/podymnic/450/1-1.jpg,https://dlt.by/image/catalog/tovar/podymnic/450/1-2.jpg,https://dlt.by/image/catalog/tovar/podymnic/450/2.jpg,https://dlt.by/image/catalog/tovar/podymnic/450/3.jpg,https://dlt.by/image/catalog/tovar/podymnic/450/4.jpg,https://dlt.by/image/catalog/tovar/podymnic/450/5.jpg,https://dlt.by/image/catalog/tovar/podymnic/450/6.jpg,https://dlt.by/image/catalog/tovar/podymnic/450/7.jpg,https://dlt.by/image/catalog/tovar/podymnic/450/8.jpg,https://dlt.by/image/catalog/tovar/podymnic/450/9.jpg,https://dlt.by/image/catalog/tovar/podymnic/450/10.jpg,https://dlt.by/image/catalog/tovar/podymnic/450/11.jpg,https://dlt.by/image/catalog/tovar/podymnic/450/11-1.jpg,https://dlt.by/image/catalog/tovar/podymnic/450/12.jpg,https://dlt.by/image/catalog/tovar/podymnic/450/13.jpg,https://dlt.by/image/catalog/tovar/podymnic/450/14.jpg,,,,,,,,,,,,,,,,,,,,,,,,,,,,,"
"Ствол ""E"" с резьбой для TOUA GSNF1 электромонтажный, арт.0958",Монтажные пистолеты>Аксессуары для монтажных пистолетов,958,3 009.42,"https://dlt.by/image/catalog/easyphoto/975/stvol-e-s-rezboy-dlya-toua-gsnf1-elektromontazhnyy-6.jpg,,,,,,,,,,,,,,,,,,,,,,,,,,,,,,,,,,,,,,,,,,,,,"
"Плиткорез механический BIHUI серии C-Lion, рез до 800мм, арт.TCB800 ",Плиткорезы ручные>Плиткорезы BIHUI,TCB800,27 355.65,"https://dlt.by/image/catalog/tovar/plitcorezbihui/tcb800/new/1.jpg,https://dlt.by/image/catalog/tovar/plitcorezbihui/tcb800/new/1-1.jpg,https://dlt.by/image/catalog/tovar/plitcorezbihui/tcb800/new/2.jpg,https://dlt.by/image/catalog/tovar/plitcorezbihui/tcb800/new/3.jpg,https://dlt.by/image/catalog/tovar/plitcorezbihui/tcb800/new/4.jpg,https://dlt.by/image/catalog/tovar/plitcorezbihui/tcb800/new/5.jpg,https://dlt.by/image/catalog/tovar/plitcorezbihui/tcb800/new/6.jpg,https://dlt.by/image/catalog/tovar/plitcorezbihui/tcb800/new/6-1.jpg,https://dlt.by/image/catalog/tovar/plitcorezbihui/tcb800/new/7.jpg,https://dlt.by/image/catalog/tovar/plitcorezbihui/tcb800/new/8.jpg,https://dlt.by/image/catalog/tovar/plitcorezbihui/tcb800/new/9.jpg,,,,,,,,,,,,,,,,,,,,,,,,,,,,,,,,,,,"
"Фреза алмазная пальчиковая вакуумного спекания BIHUI, 10мм, арт.DMB10",Алмазная оснастка>Алмазные коронки для плитки,DMB10,1 173.67,"https://dlt.by/image/catalog/easyphoto/873/freza-almaznaya-palchikovaya-vakuumnogo-spekaniya-bihui-10mm-art-dmb10-2.jpg,https://dlt.by/image/catalog/easyphoto/873/freza-almaznaya-palchikovaya-vakuumnogo-spekaniya-bihui-10mm-art-dmb10-3.jpg,https://dlt.by/image/catalog/easyphoto/873/freza-almaznaya-palchikovaya-vakuumnogo-spekaniya-bihui-10mm-art-dmb10-4.jpg,,,,,,,,,,,,,,,,,,,,,,,,,,,,,,,,,,,,,,,,,,,"
"Алмазный диск BIHUI THIN TURBO, 125мм, арт.DCBT5",Алмазная оснастка>Алмазные диски>Алмазные диски по керамике/керамограниту/граниту/мрамору,DCBT5,1 805.65,"https://dlt.by/image/catalog/tovar/almdiskbihb/disk_wandeli_125/1.jpg,https://dlt.by/image/catalog/tovar/almdiskbihb/bihuisuperthinturbo/new2/2.jpg,https://dlt.by/image/catalog/tovar/almdiskbihb/bihuisuperthinturbo/new2/3.jpg,https://dlt.by/image/catalog/tovar/almdiskbihb/bihuisuperthinturbo/new2/4.jpg,https://dlt.by/image/catalog/tovar/almdiskbihb/bihuisuperthinturbo/new2/5.png,https://dlt.by/image/catalog/tovar/almdiskbihb/bihuisuperthinturbo/new2/6.png,,,,,,,,,,,,,,,,,,,,,,,,,,,,,,,,,,,,,,,,"
"Шпатель малярный полукруглый для ведра BIHUI , арт.PTK165","Инструмент для укладки плитки>Мастерки,Инструмент для укладки плитки>Малярные шпателя",PTK165,325.02,"https://dlt.by/image/catalog/tovar/ptk_165/1.jpg,https://dlt.by/image/catalog/tovar/ptk_165/2.jpg,https://dlt.by/image/catalog/tovar/ptk_165/3.jpg,https://dlt.by/image/catalog/tovar/ptk_165/4.jpg,https://dlt.by/image/catalog/tovar/ptk_165/5.jpg,,,,,,,,,,,,,,,,,,,,,,,,,,,,,,,,,,,,,,,,,"
"Стол BIHUI для резки керамогранита (2 колеса), арт.TWT900","Инструмент для укладки плитки>Строительные столы, верстаки, подстолья",TWT900,20 584.45,"https://dlt.by/image/catalog/tovar/zaglushka_bihui/twt900.jpg,,,,,,,,,,,,,,,,,,,,,,,,,,,,,,,,,,,,,,,,,,,,,"
"Тележка DLT для пылесоса и циклона 400мм, арт.0994",Пылесосы строительные>Аксессуары,994,7 523.56,"https://dlt.by/image/catalog/image/catalog/tovar/telega/0.jpg,https://dlt.by/image/catalog/easyphoto/878/telezhka-dlt-dlya-pylesosa-i-tsiklona-400mm-1.png,https://dlt.by/image/catalog/tovar/telega/0-1.jpg,https://dlt.by/image/catalog/tovar/telega/1.jpg,https://dlt.by/image/catalog/tovar/telega/2.jpg,https://dlt.by/image/catalog/tovar/telega/3.jpg,https://dlt.by/image/catalog/tovar/telega/4.jpg,,,,,,,,,,,,,,,,,,,,,,,,,,,,,,,,,,,,,,,"
"Система регулировки плиточного пространства BIHUI, арт.LFTSB6",Инструмент для укладки плитки>Присоски для плитки и стекла>Помповые присоски,LFTSB6,11 104.77,"https://dlt.by/image/catalog/tovar/lftsb_6/1.jpg,https://dlt.by/image/catalog/tovar/lftsb_6/2.jpg,https://dlt.by/image/catalog/tovar/lftsb_6/3.jpg,https://dlt.by/image/catalog/tovar/lftsb_6/4.jpg,https://dlt.by/image/catalog/tovar/lftsb_6/5.jpg,https://dlt.by/image/catalog/tovar/lftsb_6/6.jpg,,,,,,,,,,,,,,,,,,,,,,,,,,,,,,,,,,,,,,,,"
"Диск алмазный DLT MINI TURBO, 75мм (сменная часть), арт.1181",Алмазная оснастка>Алмазные диски>Алмазные диски под СВП (T-диски),1181,511.60,"https://dlt.by/image/catalog/tovar/dlt_mini_turbo/75new/smena/1.jpg,https://dlt.by/image/catalog/tovar/dlt_mini_turbo/75new/smena/2.jpg,https://dlt.by/image/catalog/tovar/dlt_mini_turbo/75new/smena/3.jpg,,,,,,,,,,,,,,,,,,,,,,,,,,,,,,,,,,,,,,,,,,,"
"Диск алмазный DLT MINI TURBO, 50мм (сменная часть), арт.1180",Алмазная оснастка>Алмазные диски>Алмазные диски под СВП (T-диски),1180,421.32,"https://dlt.by/image/catalog/tovar/dlt_mini_turbo/new50/smena/1.jpg,https://dlt.by/image/catalog/tovar/dlt_mini_turbo/new50/smena/2.jpg,https://dlt.by/image/catalog/tovar/dlt_mini_turbo/new50/smena/3.jpg,,,,,,,,,,,,,,,,,,,,,,,,,,,,,,,,,,,,,,,,,,,"
"Шлифовальный круг 225мм (упаковка 10шт) 6 отверстий, P60, арт.1198","Шлифовальные машины для стен, потолков и пола>Шлифовальные круги и сетки",1198,752.36,"https://dlt.by/image/catalog/tovar/slif_krugi/1.jpg,https://dlt.by/image/catalog/tovar/slif_krugi/2.jpg,https://dlt.by/image/catalog/tovar/slif_krugi/3.jpg,https://dlt.by/image/catalog/tovar/slif_krugi/4.jpg,,,,,,,,,,,,,,,,,,,,,,,,,,,,,,,,,,,,,,,,,,"
"HEPA-фильтр для пылесоса DLT EXTRALINE, арт.1411",Пылесосы строительные>Фильтры и мешки-пылесборники,1411,1 113.49,"https://dlt.by/image/catalog/image/catalog/tovar/nera/1.jpg,https://dlt.by/image/catalog/tovar/nera/2.jpg,https://dlt.by/image/catalog/tovar/nera/3.jpg,,,,,,,,,,,,,,,,,,,,,,,,,,,,,,,,,,,,,,,,,,,"
"Малярный шпатель DLT Finish, h-образный, толщина 0,3мм, 100см, арт.1049",Шпателя для механизированной шпатлевки>Шпателя для механизированного нанесения>Шпатели с лезвием 0.3мм,1049,2 196.88,"https://dlt.by/image/catalog/image/catalog/tovar/shpateli/100_n/new/1.jpg,https://dlt.by/image/catalog/tovar/shpateli/100_n/new/2.jpg,https://dlt.by/image/catalog/tovar/shpateli/100_n/new/3.jpg,https://dlt.by/image/catalog/tovar/shpateli/100_n/new/4.jpg,https://dlt.by/image/catalog/tovar/shpateli/100_n/new/5.jpg,https://dlt.by/image/catalog/tovar/shpateli/100_n/new/6.jpg,https://dlt.by/image/catalog/tovar/shpateli/100_n/new/7.jpg,https://dlt.by/image/catalog/tovar/shpateli/100_n/new/8.jpg,https://dlt.by/image/catalog/tovar/shpateli/35_n/new/9.jpg,https://dlt.by/image/catalog/tovar/shpateli/35_n/new/10.jpg,https://dlt.by/image/catalog/tovar/shpateli/35_n/new/11.jpg,https://dlt.by/image/catalog/tovar/shpateli/35_n/new/12.jpg,https://dlt.by/image/catalog/tovar/shpateli/35_n/new_png/10.png,https://dlt.by/image/catalog/tovar/shpateli/35_n/new_png/8.png,,,,,,,,,,,,,,,,,,,,,,,,,,,,,,,,"
"Ручка для набора гребенок BIHUI, арт.PTSJHD",Шпателя для механизированной шпатлевки>Шпателя для механизированного нанесения>Шпатели с лезвием 0.3мм,PTSJHD,601.88,"https://dlt.by/image/catalog/image/catalog/tovar/ruchkadlynabora/1.jpg,https://dlt.by/image/catalog/tovar/ruchkadlynabora/2.jpg,https://dlt.by/image/catalog/tovar/ruchkadlynabora/3.jpg,,,,,,,,,,,,,,,,,,,,,,,,,,,,,,,,,,,,,,,,,,,"
"Алмазный гибкий шлифовальный круг DLT №15, #400, арт.1170",Инструмент для укладки плитки>Круг алмазный гибкий шлифовальный>АГШК #400,1170,571.79,"https://dlt.by/image/catalog/tovar/aghk_dlt/dlt_№15/zer400/new2022/1.jpg,https://dlt.by/image/catalog/tovar/aghk_dlt/dlt_№15/zer400/new2022/2.jpg,https://dlt.by/image/catalog/tovar/aghk_dlt/dlt_№15/zer400/new2022/3.jpg,https://dlt.by/image/catalog/tovar/aghk_dlt/dlt_№15/zer400/new2022/4.jpg,https://dlt.by/image/catalog/tovar/aghk_dlt/dlt_№15/zer400/new2022/5.jpg,https://dlt.by/image/catalog/tovar/aghk_dlt/dlt_№15/zer400/new2022/6.jpg,https://dlt.by/image/catalog/tovar/aghk_dlt/dlt_№15/zer400/new2022/7.jpg,https://dlt.by/image/catalog/tovar/aghk_dlt/dlt_№15/zer400/new2022/8.jpg,,,,,,,,,,,,,,,,,,,,,,,,,,,,,,,,,,,,,,"
"Ящик для инструментов Tactix, арт.320362,серия PRO",Ящики для инструмента/Модульные системы,320362 (Tactix)	,10 081.57,"https://dlt.by/image/catalog/tovar/320362/1.jpg,https://dlt.by/image/catalog/tovar/320362/2.jpeg,https://dlt.by/image/catalog/tovar/320362/3.jpg,https://dlt.by/image/catalog/tovar/320362/4.jpg,https://dlt.by/image/catalog/tovar/320362/5.jpg,https://dlt.by/image/catalog/tovar/320362/6.jpg,https://dlt.by/image/catalog/tovar/320362/7.jpg,https://dlt.by/image/catalog/tovar/320362/8.jpg,https://dlt.by/image/catalog/tovar/320362/9.jpg,https://dlt.by/image/catalog/tovar/320362/10.jpg,https://dlt.by/image/catalog/tovar/320362/11.jpg,https://dlt.by/image/catalog/tovar/320362/12.jpg,https://dlt.by/image/catalog/tovar/320362/13.jpeg,https://dlt.by/image/catalog/tovar/320362/14.jpg,https://dlt.by/image/catalog/tovar/320362/15.jpg,https://dlt.by/image/catalog/tovar/320362/16.jpg,https://dlt.by/image/catalog/tovar/320362/17.jpg,https://dlt.by/image/catalog/tovar/320362/18.jpg,https://dlt.by/image/catalog/tovar/320362/19.jpg,,,,,,,,,,,,,,,,,,,,,,,,,,,"
"Алмазный диск BIHUI для станков SHIJING и DLT, арт.DCBK5",Алмазная оснастка>Алмазные диски>Алмазные диски для электрических плиткорезов,DCBK5,1 534.81,"https://dlt.by/image/catalog/tovar/alm_bihui_125/imja-fotosessii-085.jpg,https://dlt.by/image/catalog/tovar/alm_bihui_125/imja-fotosessii-091.jpg,https://dlt.by/image/catalog/tovar/alm_bihui_125/imja-fotosessii-086.jpg,https://dlt.by/image/catalog/tovar/almdiskbihb/disk_wandeli_125/6.png,https://dlt.by/image/catalog/tovar/almdiskbihb/disk_wandeli_125/5.png,https://dlt.by/image/catalog/tovar/almdiskbihb/disk_wandeli_125/4.jpg,,,,,,,,,,,,,,,,,,,,,,,,,,,,,,,,,,,,,,,,"
"Набор ящиков для инструментов Tactix, арт.320382,серия Standard",Ящики для инструмента. Модульные системы.,320382 (Tactix),18 658.42,"https://dlt.by/image/catalog/tovar/320382/1.jpg,https://dlt.by/image/catalog/tovar/320382/2.jpeg,https://dlt.by/image/catalog/tovar/320382/3.jpg,https://dlt.by/image/catalog/tovar/320382/4.jpg,https://dlt.by/image/catalog/tovar/320382/5.jpg,https://dlt.by/image/catalog/tovar/320382/6.jpg,https://dlt.by/image/catalog/tovar/320382/7.jpg,https://dlt.by/image/catalog/tovar/320382/7-1.png,https://dlt.by/image/catalog/tovar/320382/8.jpg,https://dlt.by/image/catalog/tovar/320382/9.jpg,https://dlt.by/image/catalog/tovar/320382/9-1.jpeg,https://dlt.by/image/catalog/tovar/320382/9-2.jpeg,https://dlt.by/image/catalog/tovar/320382/10.jpg,https://dlt.by/image/catalog/tovar/320382/11.jpg,https://dlt.by/image/catalog/tovar/320382/11-1.jpg,https://dlt.by/image/catalog/tovar/320382/12.jpg,https://dlt.by/image/catalog/tovar/320382/13.jpg,https://dlt.by/image/catalog/tovar/320382/13-1.jpg,https://dlt.by/image/catalog/tovar/320382/13-2.jpeg,https://dlt.by/image/catalog/tovar/320382/13-3.jpeg,https://dlt.by/image/catalog/tovar/320382/14.jpg,https://dlt.by/image/catalog/tovar/320382/15.jpg,https://dlt.by/image/catalog/tovar/320382/16.jpg,https://dlt.by/image/catalog/tovar/320382/17.jpeg,https://dlt.by/image/catalog/tovar/320382/18.jpg,,,,,,,,,,,,,,,,,,,,,"
"Алмазная коронка по керамограниту DLT CERAMIC PRO,6мм, арт.0492",Алмазная оснастка>Алмазные коронки для плитки,492,631.98,"https://dlt.by/image/catalog/tovar/ceramicpro/6_new/new/1.jpg,https://dlt.by/image/catalog/tovar/ceramicpro/6_new/new/1-2.jpg,https://dlt.by/image/catalog/tovar/ceramicpro/6_new/new/1-3.jpg,https://dlt.by/image/catalog/tovar/ceramicpro/1-1-1000x1000.jpg,https://dlt.by/image/catalog/tovar/ceramicpro/6_new/2.jpg,https://dlt.by/image/catalog/tovar/ceramicpro/6_new/3.jpg,https://dlt.by/image/catalog/tovar/ceramicpro/6_new/4.jpg,https://dlt.by/image/catalog/tovar/ceramicpro/6_new/5.jpg,https://dlt.by/image/catalog/tovar/ceramicpro/6_new/6.jpg,https://dlt.by/image/catalog/tovar/ceramicpro/6_new/7.jpg,https://dlt.by/image/catalog/tovar/ceramicpro/6_new/8.jpg,https://dlt.by/image/catalog/tovar/ceramicpro/6_new/9.jpg,https://dlt.by/image/catalog/tovar/ceramicpro/6_new/10.jpg,,,,,,,,,,,,,,,,,,,,,,,,,,,,,,,,,"
"Диск алмазный для плиткореза, SHIJING, 106мм, BLACK Industrial, арт.1445",Алмазная оснастка>Алмазные диски>Алмазные диски для электрических плиткорезов,1445,541.70,"https://dlt.by/image/catalog/easyphoto/1664/otreznoy-disk-dlya-stankov-shijing-i-wandeli-106mm-tolshchina-1-1mm-2.jpg,https://dlt.by/image/catalog/easyphoto/1664/otreznoy-disk-dlya-stankov-shijing-i-wandeli-106mm-tolshchina-1-1mm-3.jpg,https://dlt.by/image/catalog/easyphoto/1664/otreznoy-disk-dlya-stankov-shijing-i-wandeli-106mm-tolshchina-1-1mm-4.jpg,,,,,,,,,,,,,,,,,,,,,,,,,,,,,,,,,,,,,,,,,,,"
"Крепление с быстросъемной струбциной DLT ND1+STR1, арт.1130",Аксессуары к нивелирам,1130,3 009.42,"https://dlt.by/image/catalog/easyphoto/911/kreplenie-s-bystrosemnoy-strubtsinoy-dlt-nd1-str1-2.jpg,https://dlt.by/image/catalog/easyphoto/911/kreplenie-s-bystrosemnoy-strubtsinoy-dlt-nd1-str1-3.jpg,https://dlt.by/image/catalog/easyphoto/911/kreplenie-s-bystrosemnoy-strubtsinoy-dlt-nd1-str1-4.jpg,https://dlt.by/image/catalog/easyphoto/911/kreplenie-s-bystrosemnoy-strubtsinoy-dlt-nd1-str1-5.jpg,https://dlt.by/image/catalog/easyphoto/911/kreplenie-s-bystrosemnoy-strubtsinoy-dlt-nd1-str1-6.jpg,https://dlt.by/image/catalog/easyphoto/911/kreplenie-s-bystrosemnoy-strubtsinoy-dlt-nd1-str1-7.jpg,https://dlt.by/image/catalog/easyphoto/911/kreplenie-s-bystrosemnoy-strubtsinoy-dlt-nd1-str1-8.jpg,https://dlt.by/image/catalog/easyphoto/911/kreplenie-s-bystrosemnoy-strubtsinoy-dlt-nd1-str1-9.jpg,https://dlt.by/image/catalog/easyphoto/911/kreplenie-s-bystrosemnoy-strubtsinoy-dlt-nd1-str1-10.jpg,https://dlt.by/image/catalog/easyphoto/911/kreplenie-s-bystrosemnoy-strubtsinoy-dlt-nd1-str1-11.jpg,,,,,,,,,,,,,,,,,,,,,,,,,,,,,,,,,,,,"
"Зарядная станция для литий-ионного аккумулятора, арт.ZS",Аксессуары к нивелирам,DLT ZS,601.88,"https://dlt.by/image/catalog/image/catalog/tovar/zarst/imja-fotosessii-033.jpg,https://dlt.by/image/catalog/tovar/zarst/imja-fotosessii-032.jpg,https://dlt.by/image/catalog/tovar/zarst/imja-fotosessii-034.jpg,,,,,,,,,,,,,,,,,,,,,,,,,,,,,,,,,,,,,,,,,,,"
"Алмазная коронка по керамограниту DLT CERAMIC PRO,8мм, арт.0689",Алмазная оснастка>Алмазные коронки для плитки,689,662.07,"https://dlt.by/image/catalog/tovar/ceramicpro/8_new/new/1.jpg,https://dlt.by/image/catalog/tovar/ceramicpro/100_new/new/1-1.jpg,https://dlt.by/image/catalog/tovar/ceramicpro/8_new/new/1-3.jpg,https://dlt.by/image/catalog/tovar/ceramicpro/8_new/new/1-2.jpg,https://dlt.by/image/catalog/tovar/ceramicpro/6_new/2.jpg,https://dlt.by/image/catalog/tovar/ceramicpro/6_new/3.jpg,https://dlt.by/image/catalog/tovar/ceramicpro/6_new/4.jpg,https://dlt.by/image/catalog/tovar/ceramicpro/6_new/5.jpg,https://dlt.by/image/catalog/tovar/ceramicpro/6_new/6.jpg,https://dlt.by/image/catalog/tovar/ceramicpro/6_new/7.jpg,https://dlt.by/image/catalog/tovar/ceramicpro/6_new/8.jpg,https://dlt.by/image/catalog/tovar/ceramicpro/6_new/9.jpg,https://dlt.by/image/catalog/tovar/ceramicpro/6_new/10.jpg,,,,,,,,,,,,,,,,,,,,,,,,,,,,,,,,,"
"Алмазная коронка по керамограниту DLT CERAMIC PRO,10мм, арт.0687",Алмазная оснастка>Алмазные коронки для плитки,687,662.07,"https://dlt.by/image/catalog/tovar/ceramicpro/10_new/new/1.jpg,https://dlt.by/image/catalog/tovar/ceramicpro/1-1-1000x1000.jpg,https://dlt.by/image/catalog/tovar/ceramicpro/10_new/new/1-2.jpg,https://dlt.by/image/catalog/tovar/ceramicpro/10_new/new/1-3.jpg,https://dlt.by/image/catalog/tovar/ceramicpro/6_new/2.jpg,https://dlt.by/image/catalog/tovar/ceramicpro/6_new/3.jpg,https://dlt.by/image/catalog/tovar/ceramicpro/6_new/4.jpg,https://dlt.by/image/catalog/tovar/ceramicpro/6_new/5.jpg,https://dlt.by/image/catalog/tovar/ceramicpro/6_new/6.jpg,https://dlt.by/image/catalog/tovar/ceramicpro/6_new/7.jpg,https://dlt.by/image/catalog/tovar/ceramicpro/6_new/8.jpg,https://dlt.by/image/catalog/tovar/ceramicpro/6_new/9.jpg,https://dlt.by/image/catalog/tovar/ceramicpro/6_new/10.jpg,,,,,,,,,,,,,,,,,,,,,,,,,,,,,,,,,"
"Алмазная коронка по керамограниту DLT CERAMIC PRO,12мм, арт.0690",Алмазная оснастка>Алмазные коронки для плитки,690,662.07,"https://dlt.by/image/catalog/tovar/ceramicpro/12_new/new/1.jpg,https://dlt.by/image/catalog/tovar/ceramicpro/12_new/new/1-1.jpg,https://dlt.by/image/catalog/tovar/ceramicpro/12_new/new/1-2.jpg,https://dlt.by/image/catalog/tovar/ceramicpro/12_new/new/1-3.jpg,https://dlt.by/image/catalog/tovar/ceramicpro/6_new/2.jpg,https://dlt.by/image/catalog/tovar/ceramicpro/6_new/3.jpg,https://dlt.by/image/catalog/tovar/ceramicpro/6_new/4.jpg,https://dlt.by/image/catalog/tovar/ceramicpro/6_new/5.jpg,https://dlt.by/image/catalog/tovar/ceramicpro/6_new/6.jpg,https://dlt.by/image/catalog/tovar/ceramicpro/6_new/7.jpg,https://dlt.by/image/catalog/tovar/ceramicpro/6_new/8.jpg,https://dlt.by/image/catalog/tovar/ceramicpro/6_new/9.jpg,https://dlt.by/image/catalog/tovar/ceramicpro/6_new/10.jpg,,,,,,,,,,,,,,,,,,,,,,,,,,,,,,,,,"
"Алмазная коронка по керамограниту DLT CERAMIC PRO,14мм, арт.0843",Алмазная оснастка>Алмазные коронки для плитки,843,692.17,"https://dlt.by/image/catalog/tovar/ceramicpro/14_new/new_2022/1.jpg,https://dlt.by/image/catalog/tovar/ceramicpro/1-1-1000x1000.jpg,https://dlt.by/image/catalog/tovar/ceramicpro/14_new/new_2022/1-2.jpg,https://dlt.by/image/catalog/tovar/ceramicpro/14_new/new_2022/1-3.jpg,https://dlt.by/image/catalog/tovar/ceramicpro/6_new/2.jpg,https://dlt.by/image/catalog/tovar/ceramicpro/6_new/3.jpg,https://dlt.by/image/catalog/tovar/ceramicpro/6_new/4.jpg,https://dlt.by/image/catalog/tovar/ceramicpro/6_new/5.jpg,https://dlt.by/image/catalog/tovar/ceramicpro/6_new/6.jpg,https://dlt.by/image/catalog/tovar/ceramicpro/6_new/7.jpg,https://dlt.by/image/catalog/tovar/ceramicpro/6_new/8.jpg,https://dlt.by/image/catalog/tovar/ceramicpro/6_new/9.jpg,https://dlt.by/image/catalog/tovar/ceramicpro/6_new/10.jpg,,,,,,,,,,,,,,,,,,,,,,,,,,,,,,,,,"
"Алмазная коронка по керамограниту DLT CERAMIC PRO,15мм, арт.0844",Алмазная оснастка>Алмазные коронки для плитки,844,722.26,"https://dlt.by/image/catalog/tovar/ceramicpro/15_new/new_2022/1.jpg,https://dlt.by/image/catalog/tovar/ceramicpro/1-1-1000x1000.jpg,https://dlt.by/image/catalog/tovar/ceramicpro/15_new/new_2022/1-2.jpg,https://dlt.by/image/catalog/tovar/ceramicpro/15_new/new_2022/1-3.jpg,https://dlt.by/image/catalog/tovar/ceramicpro/6_new/2.jpg,https://dlt.by/image/catalog/tovar/ceramicpro/6_new/3.jpg,https://dlt.by/image/catalog/tovar/ceramicpro/6_new/4.jpg,https://dlt.by/image/catalog/tovar/ceramicpro/6_new/5.jpg,https://dlt.by/image/catalog/tovar/ceramicpro/6_new/6.jpg,https://dlt.by/image/catalog/tovar/ceramicpro/6_new/7.jpg,https://dlt.by/image/catalog/tovar/ceramicpro/6_new/8.jpg,https://dlt.by/image/catalog/tovar/ceramicpro/6_new/9.jpg,https://dlt.by/image/catalog/tovar/ceramicpro/6_new/10.jpg,,,,,,,,,,,,,,,,,,,,,,,,,,,,,,,,,"
"Алмазная коронка по керамограниту DLT CERAMIC PRO,16мм, арт.0845",Алмазная оснастка>Алмазные коронки для плитки,845,722.26,"https://dlt.by/image/catalog/tovar/ceramicpro/16_new/new_2020/1.jpg,https://dlt.by/image/catalog/tovar/ceramicpro/1-1-1000x1000.jpg,https://dlt.by/image/catalog/tovar/ceramicpro/16_new/new_2020/1-2.jpg,https://dlt.by/image/catalog/tovar/ceramicpro/16_new/new_2020/1-3.jpg,https://dlt.by/image/catalog/tovar/ceramicpro/6_new/2.jpg,https://dlt.by/image/catalog/tovar/ceramicpro/6_new/3.jpg,https://dlt.by/image/catalog/tovar/ceramicpro/6_new/4.jpg,https://dlt.by/image/catalog/tovar/ceramicpro/6_new/5.jpg,https://dlt.by/image/catalog/tovar/ceramicpro/6_new/6.jpg,https://dlt.by/image/catalog/tovar/ceramicpro/6_new/7.jpg,https://dlt.by/image/catalog/tovar/ceramicpro/6_new/8.jpg,https://dlt.by/image/catalog/tovar/ceramicpro/6_new/9.jpg,https://dlt.by/image/catalog/tovar/ceramicpro/6_new/10.jpg,,,,,,,,,,,,,,,,,,,,,,,,,,,,,,,,,"
"Насос водяной для плиткореза Shijing и DLT, арт.0281",Запчасти>Электрические плиткорезы для крупноформатной плитки>DLT SlimTronic,281,2 708.48,"https://dlt.by/image/catalog/easyphoto/920/nasos-pompa-dlya-plitkoreza-elektricheskogo-shijing-dlt-5.jpg,https://dlt.by/image/catalog/easyphoto/920/nasos-pompa-dlya-plitkoreza-elektricheskogo-shijing-dlt-6.jpg,https://dlt.by/image/catalog/easyphoto/920/nasos-pompa-dlya-plitkoreza-elektricheskogo-shijing-dlt-7.jpg,https://dlt.by/image/catalog/easyphoto/920/nasos-pompa-dlya-plitkoreza-elektricheskogo-shijing-dlt-8.jpg,,,,,,,,,,,,,,,,,,,,,,,,,,,,,,,,,,,,,,,,,,"
"Алмазная коронка по керамограниту DLT CERAMIC PRO,18мм, арт.0846",Алмазная оснастка>Алмазные коронки для плитки,846,872.73,"https://dlt.by/image/catalog/tovar/ceramicpro/18_new/new_2020/1.jpg,https://dlt.by/image/catalog/tovar/ceramicpro/18_new/new_2020/1-2.jpg,https://dlt.by/image/catalog/tovar/ceramicpro/18_new/new_2020/1-3.jpg,https://dlt.by/image/catalog/tovar/ceramicpro/1-1-1000x1000.jpg,https://dlt.by/image/catalog/tovar/ceramicpro/6_new/2.jpg,https://dlt.by/image/catalog/tovar/ceramicpro/6_new/3.jpg,https://dlt.by/image/catalog/tovar/ceramicpro/6_new/4.jpg,https://dlt.by/image/catalog/tovar/ceramicpro/6_new/5.jpg,https://dlt.by/image/catalog/tovar/ceramicpro/6_new/6.jpg,https://dlt.by/image/catalog/tovar/ceramicpro/6_new/7.jpg,https://dlt.by/image/catalog/tovar/ceramicpro/6_new/8.jpg,https://dlt.by/image/catalog/tovar/ceramicpro/6_new/9.jpg,https://dlt.by/image/catalog/tovar/ceramicpro/6_new/10.jpg,,,,,,,,,,,,,,,,,,,,,,,,,,,,,,,,,"
"Алмазная коронка по керамограниту DLT CERAMIC PRO,20мм, арт.0493",Алмазная оснастка>Алмазные коронки для плитки,493,782.45,"https://dlt.by/image/catalog/tovar/ceramicpro/20_new/new/1.jpg,https://dlt.by/image/catalog/tovar/ceramicpro/razmer/1-1-1000x1000.jpg,https://dlt.by/image/catalog/tovar/ceramicpro/6_new/2.jpg,https://dlt.by/image/catalog/tovar/ceramicpro/6_new/3.jpg,https://dlt.by/image/catalog/tovar/ceramicpro/6_new/4.jpg,https://dlt.by/image/catalog/tovar/ceramicpro/6_new/5.jpg,https://dlt.by/image/catalog/tovar/ceramicpro/6_new/6.jpg,https://dlt.by/image/catalog/tovar/ceramicpro/6_new/7.jpg,https://dlt.by/image/catalog/tovar/ceramicpro/6_new/8.jpg,https://dlt.by/image/catalog/tovar/ceramicpro/6_new/9.jpg,https://dlt.by/image/catalog/tovar/ceramicpro/6_new/10.jpg,,,,,,,,,,,,,,,,,,,,,,,,,,,,,,,,,,,"
"Алмазная коронка по керамограниту DLT CERAMIC PRO,25мм, арт.0691",Алмазная оснастка>Алмазные коронки для плитки,691,963.02,"https://dlt.by/image/catalog/tovar/ceramicpro/25_new/new/1.jpg,https://dlt.by/image/catalog/tovar/ceramicpro/1-1-1000x1000.jpg,https://dlt.by/image/catalog/tovar/ceramicpro/25_new/new/1-2.jpg,https://dlt.by/image/catalog/tovar/ceramicpro/25_new/new/1-3.jpg,https://dlt.by/image/catalog/tovar/ceramicpro/6_new/2.jpg,https://dlt.by/image/catalog/tovar/ceramicpro/6_new/3.jpg,https://dlt.by/image/catalog/tovar/ceramicpro/6_new/4.jpg,https://dlt.by/image/catalog/tovar/ceramicpro/6_new/5.jpg,https://dlt.by/image/catalog/tovar/ceramicpro/6_new/6.jpg,https://dlt.by/image/catalog/tovar/ceramicpro/6_new/7.jpg,https://dlt.by/image/catalog/tovar/ceramicpro/6_new/8.jpg,https://dlt.by/image/catalog/tovar/ceramicpro/6_new/9.jpg,https://dlt.by/image/catalog/tovar/ceramicpro/6_new/10.jpg,,,,,,,,,,,,,,,,,,,,,,,,,,,,,,,,,"
"Алмазная коронка по керамограниту DLT CERAMIC PRO,28мм, арт.0847",Алмазная оснастка>Алмазные коронки для плитки,847,1 113.49,"https://dlt.by/image/catalog/tovar/ceramicpro/s_vodnym/28_krasnyj_1_.jpg,https://dlt.by/image/catalog/tovar/ceramicpro/1-1-1000x1000.jpg,https://dlt.by/image/catalog/tovar/ceramicpro/6_new/2.jpg,https://dlt.by/image/catalog/tovar/ceramicpro/6_new/3.jpg,https://dlt.by/image/catalog/tovar/ceramicpro/6_new/4.jpg,https://dlt.by/image/catalog/tovar/ceramicpro/6_new/5.jpg,https://dlt.by/image/catalog/tovar/ceramicpro/6_new/6.jpg,https://dlt.by/image/catalog/tovar/ceramicpro/6_new/7.jpg,https://dlt.by/image/catalog/tovar/ceramicpro/6_new/8.jpg,https://dlt.by/image/catalog/tovar/ceramicpro/6_new/9.jpg,https://dlt.by/image/catalog/tovar/ceramicpro/6_new/10.jpg,,,,,,,,,,,,,,,,,,,,,,,,,,,,,,,,,,,"
"Алмазная коронка по керамограниту DLT CERAMIC PRO,32мм, арт.0494",Алмазная оснастка>Алмазные коронки для плитки,494,1 233.86,"https://dlt.by/image/catalog/tovar/ceramicpro/32_new/new/1.jpg,https://dlt.by/image/catalog/tovar/ceramicpro/1-1-1000x1000.jpg,https://dlt.by/image/catalog/tovar/ceramicpro/32_new/new/1-2.jpg,https://dlt.by/image/catalog/tovar/ceramicpro/32_new/new/1-3.jpg,https://dlt.by/image/catalog/tovar/ceramicpro/6_new/2.jpg,https://dlt.by/image/catalog/tovar/ceramicpro/6_new/3.jpg,https://dlt.by/image/catalog/tovar/ceramicpro/6_new/4.jpg,https://dlt.by/image/catalog/tovar/ceramicpro/6_new/5.jpg,https://dlt.by/image/catalog/tovar/ceramicpro/6_new/6.jpg,https://dlt.by/image/catalog/tovar/ceramicpro/6_new/7.jpg,https://dlt.by/image/catalog/tovar/ceramicpro/6_new/8.jpg,https://dlt.by/image/catalog/tovar/ceramicpro/6_new/9.jpg,https://dlt.by/image/catalog/tovar/ceramicpro/6_new/10.jpg,,,,,,,,,,,,,,,,,,,,,,,,,,,,,,,,,"
"Алмазная коронка по керамограниту DLT CERAMIC PRO,35мм, арт.0495",Алмазная оснастка>Алмазные коронки для плитки,495,1 324.15,"https://dlt.by/image/catalog/tovar/ceramicpro/35_new/1.jpg,https://dlt.by/image/catalog/tovar/ceramicpro/1-1-1000x1000.jpg,https://dlt.by/image/catalog/tovar/ceramicpro/35_new/1-2.jpg,https://dlt.by/image/catalog/tovar/ceramicpro/35_new/1-3.jpg,https://dlt.by/image/catalog/tovar/ceramicpro/6_new/2.jpg,https://dlt.by/image/catalog/tovar/ceramicpro/6_new/3.jpg,https://dlt.by/image/catalog/tovar/ceramicpro/6_new/4.jpg,https://dlt.by/image/catalog/tovar/ceramicpro/6_new/5.jpg,https://dlt.by/image/catalog/tovar/ceramicpro/6_new/6.jpg,https://dlt.by/image/catalog/tovar/ceramicpro/6_new/7.jpg,https://dlt.by/image/catalog/tovar/ceramicpro/6_new/8.jpg,https://dlt.by/image/catalog/tovar/ceramicpro/6_new/9.jpg,https://dlt.by/image/catalog/tovar/ceramicpro/6_new/10.jpg,,,,,,,,,,,,,,,,,,,,,,,,,,,,,,,,,"
"Алмазная коронка по керамограниту DLT CERAMIC PRO,40мм, арт.0497",Алмазная оснастка>Алмазные коронки для плитки,497,1 504.71,"https://dlt.by/image/catalog/easyphoto/928/almaznaya-koronka-po-keramogranitu-dlt-ceramic-pro-40mm-1.jpg,https://dlt.by/image/catalog/easyphoto/928/almaznaya-koronka-po-keramogranitu-dlt-ceramic-pro-40mm-2.jpg,https://dlt.by/image/catalog/tovar/ceramicpro/40_new/new/1-2.jpg,https://dlt.by/image/catalog/tovar/ceramicpro/6_new/2.jpg,https://dlt.by/image/catalog/tovar/ceramicpro/6_new/3.jpg,https://dlt.by/image/catalog/tovar/ceramicpro/6_new/4.jpg,https://dlt.by/image/catalog/tovar/ceramicpro/6_new/5.jpg,https://dlt.by/image/catalog/tovar/ceramicpro/6_new/6.jpg,https://dlt.by/image/catalog/tovar/ceramicpro/6_new/7.jpg,https://dlt.by/image/catalog/tovar/ceramicpro/6_new/8.jpg,https://dlt.by/image/catalog/tovar/ceramicpro/6_new/9.jpg,https://dlt.by/image/catalog/tovar/ceramicpro/6_new/10.jpg,https://dlt.by/image/catalog/tovar/ceramicpro/1-1-1000x1000.jpg,,,,,,,,,,,,,,,,,,,,,,,,,,,,,,,,,"
"Алмазная коронка по керамограниту DLT CERAMIC PRO,45мм, арт.0498",Алмазная оснастка>Алмазные коронки для плитки,498,1 594.99,"https://dlt.by/image/catalog/tovar/ceramicpro/45_new/45_1.jpg,https://dlt.by/image/catalog/tovar/ceramicpro/1-1-1000x1000.jpg,https://dlt.by/image/catalog/tovar/ceramic_pro_45_55/1-2.jpg,https://dlt.by/image/catalog/tovar/ceramic_pro_45_55/1-3.jpg,https://dlt.by/image/catalog/tovar/ceramic_pro_45_55/1-4.jpg,https://dlt.by/image/catalog/tovar/ceramicpro/6_new/2.jpg,https://dlt.by/image/catalog/tovar/ceramicpro/6_new/3.jpg,https://dlt.by/image/catalog/tovar/ceramicpro/6_new/4.jpg,https://dlt.by/image/catalog/tovar/ceramicpro/6_new/5.jpg,https://dlt.by/image/catalog/tovar/ceramicpro/6_new/6.jpg,https://dlt.by/image/catalog/tovar/ceramicpro/6_new/7.jpg,https://dlt.by/image/catalog/tovar/ceramicpro/6_new/8.jpg,https://dlt.by/image/catalog/tovar/ceramicpro/6_new/9.jpg,https://dlt.by/image/catalog/tovar/ceramicpro/6_new/10.jpg,,,,,,,,,,,,,,,,,,,,,,,,,,,,,,,,"
"Алмазная коронка по керамограниту DLT CERAMIC PRO,50мм, арт.0499",Алмазная оснастка>Алмазные коронки для плитки,499,1 926.03,"https://dlt.by/image/catalog/tovar/ceramicpro/50_new/1.jpg,https://dlt.by/image/catalog/tovar/ceramicpro/1-1-1000x1000.jpg,https://dlt.by/image/catalog/tovar/ceramicpro/50_new/1-2.jpg,https://dlt.by/image/catalog/tovar/ceramicpro/50_new/1-3.jpg,https://dlt.by/image/catalog/tovar/ceramicpro/6_new/2.jpg,https://dlt.by/image/catalog/tovar/ceramicpro/6_new/3.jpg,https://dlt.by/image/catalog/tovar/ceramicpro/6_new/4.jpg,https://dlt.by/image/catalog/tovar/ceramicpro/6_new/5.jpg,https://dlt.by/image/catalog/tovar/ceramicpro/6_new/6.jpg,https://dlt.by/image/catalog/tovar/ceramicpro/6_new/7.jpg,https://dlt.by/image/catalog/tovar/ceramicpro/6_new/8.jpg,https://dlt.by/image/catalog/tovar/ceramicpro/6_new/9.jpg,https://dlt.by/image/catalog/tovar/ceramicpro/6_new/10.jpg,,,,,,,,,,,,,,,,,,,,,,,,,,,,,,,,,"
"Алмазная коронка по керамограниту DLT CERAMIC PRO,55мм, арт.0500",Алмазная оснастка>Алмазные коронки для плитки,500,2 166.78,"https://dlt.by/image/catalog/tovar/ceramicpro/55_new/55_1.jpg,https://dlt.by/image/catalog/tovar/ceramicpro/1-1-1000x1000.jpg,https://dlt.by/image/catalog/tovar/ceramic_pro_55_45/1-2.jpg,https://dlt.by/image/catalog/tovar/ceramicpro/58_new/1-3.jpg,https://dlt.by/image/catalog/tovar/ceramic_pro_55_45/1-3.jpg,https://dlt.by/image/catalog/tovar/ceramicpro/6_new/2.jpg,https://dlt.by/image/catalog/tovar/ceramicpro/6_new/3.jpg,https://dlt.by/image/catalog/tovar/ceramicpro/6_new/4.jpg,https://dlt.by/image/catalog/tovar/ceramicpro/6_new/5.jpg,https://dlt.by/image/catalog/tovar/ceramicpro/6_new/6.jpg,https://dlt.by/image/catalog/tovar/ceramicpro/6_new/7.jpg,https://dlt.by/image/catalog/tovar/ceramicpro/6_new/8.jpg,https://dlt.by/image/catalog/tovar/ceramicpro/6_new/9.jpg,https://dlt.by/image/catalog/tovar/ceramicpro/6_new/10.jpg,,,,,,,,,,,,,,,,,,,,,,,,,,,,,,,,"
"Алмазная коронка по керамограниту DLT CERAMIC PRO,60мм, арт.0692",Алмазная оснастка>Алмазные коронки для плитки,692,2 226.97,"https://dlt.by/image/catalog/tovar/ceramicpro/60_new/1.jpg,https://dlt.by/image/catalog/tovar/ceramicpro/1-1-1000x1000.jpg,https://dlt.by/image/catalog/tovar/ceramicpro/60_new/1-2.jpg,https://dlt.by/image/catalog/tovar/ceramicpro/60_new/1-3.jpg,https://dlt.by/image/catalog/tovar/ceramicpro/6_new/2.jpg,https://dlt.by/image/catalog/tovar/ceramicpro/6_new/3.jpg,https://dlt.by/image/catalog/tovar/ceramicpro/6_new/4.jpg,https://dlt.by/image/catalog/tovar/ceramicpro/6_new/5.jpg,https://dlt.by/image/catalog/tovar/ceramicpro/6_new/6.jpg,https://dlt.by/image/catalog/tovar/ceramicpro/6_new/7.jpg,https://dlt.by/image/catalog/tovar/ceramicpro/6_new/8.jpg,https://dlt.by/image/catalog/tovar/ceramicpro/6_new/9.jpg,https://dlt.by/image/catalog/tovar/ceramicpro/6_new/10.jpg,,,,,,,,,,,,,,,,,,,,,,,,,,,,,,,,,"
"Алмазная коронка по керамограниту DLT CERAMIC PRO,68мм, арт.0502",Алмазная оснастка>Алмазные коронки для плитки,502,2 497.82,"https://dlt.by/image/catalog/tovar/ceramicpro/68_new/new/1.jpg,https://dlt.by/image/catalog/tovar/ceramicpro/68_new/new/1-3.jpg,https://dlt.by/image/catalog/tovar/ceramicpro/68_new/new/1-2.jpg,https://dlt.by/image/catalog/tovar/ceramicpro/1-1-1000x1000.jpg,https://dlt.by/image/catalog/tovar/ceramicpro/6_new/2.jpg,https://dlt.by/image/catalog/tovar/ceramicpro/6_new/3.jpg,https://dlt.by/image/catalog/tovar/ceramicpro/6_new/4.jpg,https://dlt.by/image/catalog/tovar/ceramicpro/6_new/5.jpg,https://dlt.by/image/catalog/tovar/ceramicpro/6_new/6.jpg,https://dlt.by/image/catalog/tovar/ceramicpro/6_new/7.jpg,https://dlt.by/image/catalog/tovar/ceramicpro/6_new/8.jpg,https://dlt.by/image/catalog/tovar/ceramicpro/6_new/9.jpg,https://dlt.by/image/catalog/tovar/ceramicpro/6_new/10.jpg,,,,,,,,,,,,,,,,,,,,,,,,,,,,,,,,,"
"Алмазная коронка по керамограниту DLT CERAMIC PRO,70мм, арт.0501",Алмазная оснастка>Алмазные коронки для плитки,501,2 558.01,"https://dlt.by/image/catalog/tovar/ceramicpro/70_new/1.jpg,https://dlt.by/image/catalog/tovar/ceramicpro/70_new/1-2.jpg,https://dlt.by/image/catalog/tovar/ceramicpro/70_new/1-3.jpg,https://dlt.by/image/catalog/tovar/ceramicpro/1-1-1000x1000.jpg,https://dlt.by/image/catalog/tovar/ceramicpro/6_new/2.jpg,https://dlt.by/image/catalog/tovar/ceramicpro/6_new/3.jpg,https://dlt.by/image/catalog/tovar/ceramicpro/6_new/4.jpg,https://dlt.by/image/catalog/tovar/ceramicpro/6_new/5.jpg,https://dlt.by/image/catalog/tovar/ceramicpro/6_new/6.jpg,https://dlt.by/image/catalog/tovar/ceramicpro/6_new/7.jpg,https://dlt.by/image/catalog/tovar/ceramicpro/6_new/8.jpg,https://dlt.by/image/catalog/tovar/ceramicpro/6_new/9.jpg,https://dlt.by/image/catalog/tovar/ceramicpro/6_new/10.jpg,,,,,,,,,,,,,,,,,,,,,,,,,,,,,,,,,"
"Алмазная коронка по керамограниту DLT CERAMIC PRO,100мм, арт.0519",Алмазная оснастка>Алмазные коронки для плитки,519,3 611.31,"https://dlt.by/image/catalog/tovar/ceramicpro/100_new/new/1.jpg,https://dlt.by/image/catalog/tovar/ceramicpro/1-1-1000x1000.jpg,https://dlt.by/image/catalog/tovar/ceramicpro/100_new/new/1-2.jpg,https://dlt.by/image/catalog/tovar/ceramicpro/100_new/new/1-3.jpg,https://dlt.by/image/catalog/tovar/ceramicpro/6_new/2.jpg,https://dlt.by/image/catalog/tovar/ceramicpro/6_new/3.jpg,https://dlt.by/image/catalog/tovar/ceramicpro/6_new/4.jpg,https://dlt.by/image/catalog/tovar/ceramicpro/6_new/5.jpg,https://dlt.by/image/catalog/tovar/ceramicpro/6_new/6.jpg,https://dlt.by/image/catalog/tovar/ceramicpro/6_new/7.jpg,https://dlt.by/image/catalog/tovar/ceramicpro/6_new/8.jpg,https://dlt.by/image/catalog/tovar/ceramicpro/6_new/9.jpg,https://dlt.by/image/catalog/tovar/ceramicpro/6_new/10.jpg,,,,,,,,,,,,,,,,,,,,,,,,,,,,,,,,,"
"Алмазная коронка по керамограниту DLT CERAMIC PRO,105мм, арт.0679",Алмазная оснастка>Алмазные коронки для плитки,679,4 213.19,"https://dlt.by/image/catalog/tovar/ceramicpro/105/s_vodnym/105_2.jpg,https://dlt.by/image/catalog/tovar/ceramicpro/1-1-1000x1000.jpg,https://dlt.by/image/catalog/tovar/ceramicpro/105/105_1.jpg,https://dlt.by/image/catalog/tovar/ceramicpro/105/120115105_3.jpg,https://dlt.by/image/catalog/tovar/ceramicpro/6_new/2.jpg,https://dlt.by/image/catalog/tovar/ceramicpro/6_new/3.jpg,https://dlt.by/image/catalog/tovar/ceramicpro/6_new/4.jpg,https://dlt.by/image/catalog/tovar/ceramicpro/6_new/5.jpg,https://dlt.by/image/catalog/tovar/ceramicpro/6_new/6.jpg,https://dlt.by/image/catalog/tovar/ceramicpro/6_new/7.jpg,https://dlt.by/image/catalog/tovar/ceramicpro/6_new/8.jpg,https://dlt.by/image/catalog/tovar/ceramicpro/6_new/9.jpg,https://dlt.by/image/catalog/tovar/ceramicpro/6_new/10.jpg,,,,,,,,,,,,,,,,,,,,,,,,,,,,,,,,,"
"Алмазная коронка по керамограниту DLT CERAMIC PRO,110мм, арт.0503",Алмазная оснастка>Алмазные коронки для плитки,503,4 514.13,"https://dlt.by/image/catalog/tovar/ceramicpro/110_new/1.jpg,https://dlt.by/image/catalog/tovar/ceramicpro/110_new/1-1.jpg,https://dlt.by/image/catalog/tovar/ceramicpro/110_new/1-2.jpg,https://dlt.by/image/catalog/tovar/ceramicpro/110_new/1-3.jpg,https://dlt.by/image/catalog/tovar/ceramicpro/6_new/2.jpg,https://dlt.by/image/catalog/tovar/ceramicpro/6_new/3.jpg,https://dlt.by/image/catalog/tovar/ceramicpro/6_new/4.jpg,https://dlt.by/image/catalog/tovar/ceramicpro/6_new/5.jpg,https://dlt.by/image/catalog/tovar/ceramicpro/6_new/6.jpg,https://dlt.by/image/catalog/tovar/ceramicpro/6_new/7.jpg,https://dlt.by/image/catalog/tovar/ceramicpro/6_new/8.jpg,https://dlt.by/image/catalog/tovar/ceramicpro/6_new/9.jpg,https://dlt.by/image/catalog/tovar/ceramicpro/6_new/10.jpg,,,,,,,,,,,,,,,,,,,,,,,,,,,,,,,,,"
"Алмазная коронка по керамограниту DLT CERAMIC PRO.115мм, арт.0680",Алмазная оснастка>Алмазные коронки для плитки,680,4 574.32,"https://dlt.by/image/catalog/tovar/ceramicpro/115/s_vodnym/115_2.jpg,https://dlt.by/image/catalog/tovar/ceramicpro/100_new/new/1-1.jpg,https://dlt.by/image/catalog/tovar/ceramicpro/115/s_vodnym/115_1.jpg,https://dlt.by/image/catalog/tovar/ceramicpro/115/s_vodnym/120115105_3.jpg,https://dlt.by/image/catalog/tovar/ceramicpro/6_new/2.jpg,https://dlt.by/image/catalog/tovar/ceramicpro/6_new/3.jpg,https://dlt.by/image/catalog/tovar/ceramicpro/6_new/4.jpg,https://dlt.by/image/catalog/tovar/ceramicpro/6_new/5.jpg,https://dlt.by/image/catalog/tovar/ceramicpro/6_new/6.jpg,https://dlt.by/image/catalog/tovar/ceramicpro/6_new/7.jpg,https://dlt.by/image/catalog/tovar/ceramicpro/6_new/8.jpg,https://dlt.by/image/catalog/tovar/ceramicpro/6_new/9.jpg,https://dlt.by/image/catalog/tovar/ceramicpro/6_new/10.jpg,,,,,,,,,,,,,,,,,,,,,,,,,,,,,,,,,"
"Алмазная коронка по керамограниту DLT CERAMIC PRO,120мм, арт.0681",Алмазная оснастка>Алмазные коронки для плитки,681,4 664.61,"https://dlt.by/image/catalog/tovar/ceramicpro/120/120_2.jpg,https://dlt.by/image/catalog/tovar/ceramicpro/1-1-1000x1000.jpg,https://dlt.by/image/catalog/tovar/ceramicpro/120/120115105_3.jpg,https://dlt.by/image/catalog/tovar/ceramicpro/120/120_1.jpg,https://dlt.by/image/catalog/tovar/ceramicpro/6_new/2.jpg,https://dlt.by/image/catalog/tovar/ceramicpro/6_new/3.jpg,https://dlt.by/image/catalog/tovar/ceramicpro/6_new/4.jpg,https://dlt.by/image/catalog/tovar/ceramicpro/6_new/5.jpg,https://dlt.by/image/catalog/tovar/ceramicpro/6_new/6.jpg,https://dlt.by/image/catalog/tovar/ceramicpro/6_new/7.jpg,https://dlt.by/image/catalog/tovar/ceramicpro/6_new/8.jpg,https://dlt.by/image/catalog/tovar/ceramicpro/6_new/9.jpg,https://dlt.by/image/catalog/tovar/ceramicpro/6_new/10.jpg,,,,,,,,,,,,,,,,,,,,,,,,,,,,,,,,,"
"Алмазная коронка по керамограниту DLT CERAMIC PRO,125мм, арт.0504",Алмазная оснастка>Алмазные коронки для плитки,504,4 815.08,"https://dlt.by/image/catalog/tovar/ceramicpro/125_new/1.jpg,https://dlt.by/image/catalog/tovar/ceramicpro/125_new/1-1.jpg,https://dlt.by/image/catalog/tovar/ceramicpro/125_new/1-2.jpg,https://dlt.by/image/catalog/tovar/ceramicpro/125_new/1-3.jpg,https://dlt.by/image/catalog/tovar/ceramicpro/6_new/2.jpg,https://dlt.by/image/catalog/tovar/ceramicpro/6_new/3.jpg,https://dlt.by/image/catalog/tovar/ceramicpro/6_new/4.jpg,https://dlt.by/image/catalog/tovar/ceramicpro/6_new/5.jpg,https://dlt.by/image/catalog/tovar/ceramicpro/6_new/6.jpg,https://dlt.by/image/catalog/tovar/ceramicpro/6_new/7.jpg,https://dlt.by/image/catalog/tovar/ceramicpro/6_new/8.jpg,https://dlt.by/image/catalog/tovar/ceramicpro/6_new/9.jpg,https://dlt.by/image/catalog/tovar/ceramicpro/6_new/10.jpg,,,,,,,,,,,,,,,,,,,,,,,,,,,,,,,,,"
"Конусная алмазная фреза CERAMIC PRO cone 2-38мм, DLT&9plitok, арт.0369",Алмазная оснастка>Алмазные коронки для плитки,369,2 407.54,"https://dlt.by/image/catalog/image/catalog/tovar/frez/2-38/new/1.jpg,https://dlt.by/image/catalog/tovar/frez/2-38/new/1-1.jpg,https://dlt.by/image/catalog/tovar/frez/2-38/new/1-2.jpg,https://dlt.by/image/catalog/tovar/cerfreza/2-38_new/3.jpg,https://dlt.by/image/catalog/tovar/cerfreza/2-38_new/4.jpg,https://dlt.by/image/catalog/tovar/cerfreza/2-38_new/5.jpg,,,,,,,,,,,,,,,,,,,,,,,,,,,,,,,,,,,,,,,,"
"Конусная алмазная фреза CERAMIC PRO cone 20-48мм, DLT&9plitok, арт.0370",Алмазная оснастка>Алмазные коронки для плитки,370,2 858.95,"https://dlt.by/image/catalog/image/catalog/tovar/frez/20-48mm/new/1.jpg,https://dlt.by/image/catalog/tovar/frez/20-48mm/new/1-2.jpg,https://dlt.by/image/catalog/tovar/frez/20-48mm/new/1-3.jpg,https://dlt.by/image/catalog/tovar/cerfreza/20-48_new/4.jpg,https://dlt.by/image/catalog/tovar/cerfreza/20-48_new/5.jpg,https://dlt.by/image/catalog/tovar/cerfreza/20-48_new/6.jpg,https://dlt.by/image/catalog/tovar/cerfreza/20-48_new/7.jpg,,,,,,,,,,,,,,,,,,,,,,,,,,,,,,,,,,,,,,,"
"Газовый гвоздезабивной монтажный пистолет Toua GSN65, арт.0138",Монтажные пистолеты>Монтажные гвоздезабивные пистолеты,138,41 229.09,"https://dlt.by/image/catalog/tovar/touagsn65/1.jpg,https://dlt.by/image/catalog/easyphoto/958/gazovyy-gvozdezabivnoy-montazhnyy-pistolet-toua-gsn65-1.jpg,https://dlt.by/image/catalog/easyphoto/958/gazovyy-gvozdezabivnoy-montazhnyy-pistolet-toua-gsn65-2.jpg,https://dlt.by/image/catalog/tovar/touagsn65/4.jpg,https://dlt.by/image/catalog/tovar/touagsn65/5.jpg,https://dlt.by/image/catalog/tovar/touagsn65/6.jpg,https://dlt.by/image/catalog/tovar/touagsn65/7.jpg,https://dlt.by/image/catalog/tovar/touagsn65/8.jpg,https://dlt.by/image/catalog/tovar/touagsn65/9.jpg,https://dlt.by/image/catalog/tovar/touagsn65/10.jpg,https://dlt.by/image/catalog/tovar/touagsn65/11.jpg,https://dlt.by/image/catalog/tovar/touagsn65/12.jpg,https://dlt.by/image/catalog/tovar/touagsn65/13.jpg,https://dlt.by/image/catalog/tovar/touagsn65/20.jpg,https://dlt.by/image/catalog/tovar/touagsn65/21.jpg,https://dlt.by/image/catalog/tovar/touagsn65/22.jpg,https://dlt.by/image/catalog/tovar/touagsn65/23.jpg,https://dlt.by/image/catalog/tovar/touagsn65/24.jpg,https://dlt.by/image/catalog/tovar/touagsn65/25.jpg,https://dlt.by/image/catalog/tovar/touagsn65/26.jpg,https://dlt.by/image/catalog/tovar/touagsn65/27.jpg,https://dlt.by/image/catalog/tovar/touagsn65/28.jpg,https://dlt.by/image/catalog/tovar/touagsn65/29.jpg,https://dlt.by/image/catalog/tovar/gsnf1/14.jpg,https://dlt.by/image/catalog/tovar/touagsn65/31.jpg,https://dlt.by/image/catalog/tovar/touagsn65/32.jpg,,,,,,,,,,,,,,,,,,,,"
"Конусная алмазная фреза CERAMIC PRO cone 3-75мм, DLT&9plitok, арт.0371",Алмазная оснастка>Алмазные коронки для плитки,371,6 018.85,"https://dlt.by/image/catalog/image/catalog/tovar/frez/3-75/1.jpg,https://dlt.by/image/catalog/tovar/frez/3-75/1-1.jpg,https://dlt.by/image/catalog/tovar/frez/3-75/1-2.jpg,https://dlt.by/image/catalog/tovar/cerfreza/3-75_new/3.jpg,https://dlt.by/image/catalog/tovar/cerfreza/3-75_new/4.jpg,https://dlt.by/image/catalog/tovar/cerfreza/3-75_new/5.jpg,,,,,,,,,,,,,,,,,,,,,,,,,,,,,,,,,,,,,,,,"
"Алмазная коронка по плитке и керамограниту DLT CERAMIC, 6мм, арт.0047",Алмазная оснастка>Алмазные коронки для плитки,47,276.87,"https://dlt.by/image/catalog/tovar/almkorposteklu/new/6mm/1.jpg,https://dlt.by/image/catalog/tovar/almkorposteklu/new/6mm/2.jpg,https://dlt.by/image/catalog/tovar/almkorposteklu/new/6mm/3.jpg,https://dlt.by/image/catalog/tovar/almkorposteklu/new/6mm/4.png,,,,,,,,,,,,,,,,,,,,,,,,,,,,,,,,,,,,,,,,,,"
"Алмазная коронка по плитке и керамограниту DLT CERAMIC, 8мм, арт.0049",Алмазная оснастка>Алмазные коронки для плитки,49,306.96,"https://dlt.by/image/catalog/tovar/almkorposteklu/new/8mm/1.jpg,https://dlt.by/image/catalog/tovar/almkorposteklu/new/8mm/2.jpg,https://dlt.by/image/catalog/tovar/almkorposteklu/new/8mm/3.jpg,https://dlt.by/image/catalog/tovar/almkorposteklu/new/8mm/4.png,,,,,,,,,,,,,,,,,,,,,,,,,,,,,,,,,,,,,,,,,,"
"Алмазная коронка по плитке и керамограниту DLT CERAMIC, 10мм, арт.0038",Алмазная оснастка>Алмазные коронки для плитки,38,276.87,"https://dlt.by/image/catalog/tovar/almkorposteklu/new/10mm/1.jpg,https://dlt.by/image/catalog/tovar/almkorposteklu/new/10mm/2.jpg,https://dlt.by/image/catalog/tovar/almkorposteklu/new/10mm/3.jpg,https://dlt.by/image/catalog/tovar/almkorposteklu/new/10mm/4.png,,,,,,,,,,,,,,,,,,,,,,,,,,,,,,,,,,,,,,,,,,"
"Алмазная коронка по плитке и керамограниту DLT CERAMIC, 12мм, арт.0041",Алмазная оснастка>Алмазные коронки для плитки,41,306.96,"https://dlt.by/image/catalog/tovar/almkorposteklu/new/12mm/1.jpg,https://dlt.by/image/catalog/tovar/almkorposteklu/new/12mm/2.jpg,https://dlt.by/image/catalog/tovar/almkorposteklu/new/12mm/3.jpg,https://dlt.by/image/catalog/tovar/almkorposteklu/new/12mm/4.png,,,,,,,,,,,,,,,,,,,,,,,,,,,,,,,,,,,,,,,,,,"
"Алмазная коронка по плитке и керамограниту DLT CERAMIC, 25мм, арт.0042",Алмазная оснастка>Алмазные коронки для плитки,42,481.51,"https://dlt.by/image/catalog/tovar/almkorposteklu/new/25mm/1.jpg,https://dlt.by/image/catalog/tovar/almkorposteklu/new/25mm/2.jpg,https://dlt.by/image/catalog/tovar/almkorposteklu/new/25mm/3.jpg,https://dlt.by/image/catalog/tovar/almkorposteklu/new/25mm/4.png,,,,,,,,,,,,,,,,,,,,,,,,,,,,,,,,,,,,,,,,,,"
"Алмазная коронка по плитке и керамограниту DLT CERAMIC, 35мм, арт.0043",Алмазная оснастка>Алмазные коронки для плитки,43,662.07,"https://dlt.by/image/catalog/tovar/almkorposteklu/new/35mm/1.jpg,https://dlt.by/image/catalog/tovar/almkorposteklu/new/35mm/2.jpg,https://dlt.by/image/catalog/tovar/almkorposteklu/new/35mm/3.jpg,https://dlt.by/image/catalog/tovar/almkorposteklu/new/35mm/4.png,,,,,,,,,,,,,,,,,,,,,,,,,,,,,,,,,,,,,,,,,,"
"Алмазная коронка по плитке и керамограниту DLT CERAMIC, 40мм, арт.0044",Алмазная оснастка>Алмазные коронки для плитки,44,752.36,"https://dlt.by/image/catalog/tovar/almkorposteklu/new/40mm/1.jpg,https://dlt.by/image/catalog/tovar/almkorposteklu/new/40mm/2.jpg,https://dlt.by/image/catalog/tovar/almkorposteklu/new/40mm/3.jpg,https://dlt.by/image/catalog/tovar/almkorposteklu/new/40mm/4.png,,,,,,,,,,,,,,,,,,,,,,,,,,,,,,,,,,,,,,,,,,"
"Алмазная коронка по плитке и керамограниту DLT CERAMIC, 60мм, арт.0045",Алмазная оснастка>Алмазные коронки для плитки,45,1 113.49,"https://dlt.by/image/catalog/tovar/almkorposteklu/new/60mm/1.jpg,https://dlt.by/image/catalog/tovar/almkorposteklu/new/60mm/2.jpg,https://dlt.by/image/catalog/tovar/almkorposteklu/new/60mm/3.jpg,https://dlt.by/image/catalog/tovar/almkorposteklu/new/60mm/4.png,,,,,,,,,,,,,,,,,,,,,,,,,,,,,,,,,,,,,,,,,,"
"Алмазная коронка по плитке и керамограниту DLT CERAMIC, 68мм, арт.0046",Алмазная оснастка>Алмазные коронки для плитки,46,1 263.96,"https://dlt.by/image/catalog/tovar/almkorposteklu/new/68mm/1.jpg,https://dlt.by/image/catalog/tovar/almkorposteklu/new/68mm/2.jpg,https://dlt.by/image/catalog/tovar/almkorposteklu/new/68mm/3.jpg,https://dlt.by/image/catalog/tovar/almkorposteklu/new/68mm/4.png,,,,,,,,,,,,,,,,,,,,,,,,,,,,,,,,,,,,,,,,,,"
"Алмазная коронка по плитке и керамограниту DLT CERAMIC, 70мм, арт.0048",Алмазная оснастка>Алмазные коронки для плитки,48,1 986.22,"https://dlt.by/image/catalog/tovar/almkorposteklu/new/70mm/1.jpg,https://dlt.by/image/catalog/tovar/almkorposteklu/new/70mm/2.jpg,https://dlt.by/image/catalog/tovar/almkorposteklu/new/70mm/3.jpg,https://dlt.by/image/catalog/tovar/almkorposteklu/new/70mm/4.png,,,,,,,,,,,,,,,,,,,,,,,,,,,,,,,,,,,,,,,,,,"
"Алмазная коронка по плитке и керамограниту DLT CERAMIC, 100мм, арт.0037",Алмазная оснастка>Алмазные коронки для плитки,37,2 257.07,"https://dlt.by/image/catalog/tovar/almkorposteklu/new/100mm/1.jpg,https://dlt.by/image/catalog/tovar/almkorposteklu/new/100mm/2.jpg,https://dlt.by/image/catalog/tovar/almkorposteklu/new/100mm/3.jpg,https://dlt.by/image/catalog/tovar/almkorposteklu/new/100mm/4.png,,,,,,,,,,,,,,,,,,,,,,,,,,,,,,,,,,,,,,,,,,"
"Алмазная коронка по плитке и керамограниту DLT CERAMIC, 110мм, арт.0039",Алмазная оснастка>Алмазные коронки для плитки,39,2 407.54,"https://dlt.by/image/catalog/tovar/almkorposteklu/new/110mm/1.jpg,https://dlt.by/image/catalog/tovar/almkorposteklu/new/110mm/2.jpg,https://dlt.by/image/catalog/tovar/almkorposteklu/new/110mm/3.jpg,https://dlt.by/image/catalog/tovar/almkorposteklu/new/110mm/4.png,,,,,,,,,,,,,,,,,,,,,,,,,,,,,,,,,,,,,,,,,,"
"Алмазная коронка по плитке и керамограниту DLT CERAMIC, 125мм, арт.0040",Алмазная оснастка>Алмазные коронки для плитки,40,2 708.48,"https://dlt.by/image/catalog/tovar/almkorposteklu/new/125mm/1.jpg,https://dlt.by/image/catalog/tovar/almkorposteklu/new/125mm/2.jpg,https://dlt.by/image/catalog/tovar/almkorposteklu/new/125mm/3.jpg,https://dlt.by/image/catalog/tovar/almkorposteklu/new/125mm/4.png,,,,,,,,,,,,,,,,,,,,,,,,,,,,,,,,,,,,,,,,,,"
"Лезвие для шпателя DLT Finish, толщина 0,3мм, 45см, арт.0831",Шпателя для механизированной шпатлевки>Шпателя для механизированного нанесения>Сменные лезвия и аксессуары>Лезвия для шпателя DLT Finish,831,662.07,"https://dlt.by/image/catalog/image/catalog/tovar/lezvie/03mm/45cm/1.jpg,https://dlt.by/image/catalog/tovar/lezvie/03mm/35cm/2.jpg,https://dlt.by/image/catalog/tovar/lezvie/03mm/35cm/3.jpg,,,,,,,,,,,,,,,,,,,,,,,,,,,,,,,,,,,,,,,,,,,"