Название,Родительская категория>Подкатегория>Подподкатегория,Артикул,ЦенаRUB,
"Лезвие для шпателя DLT Finish, толщина 0,3мм, 60см, арт.0833",Шпателя для механизированной шпатлевки>Шпателя для механизированного нанесения>Сменные лезвия и аксессуары>Лезвия для шпателя DLT Finish,833,872.73,"https://dlt.by/image/catalog/image/catalog/tovar/lezvie/03mm/60cm/1.jpg,https://dlt.by/image/catalog/tovar/lezvie/03mm/35cm/2.jpg,https://dlt.by/image/catalog/tovar/lezvie/03mm/35cm/3.jpg,,,,,,,,,,,,,,,,,,,,,,,,,,,,,,,,,,,,,,,,,,,"
"Лезвие для шпателя DLT Finish, толщина 0,3мм, 100см, арт.0834",Шпателя для механизированной шпатлевки>Шпателя для механизированного нанесения>Сменные лезвия и аксессуары>Лезвия для шпателя DLT Finish,834,1 384.33,"https://dlt.by/image/catalog/image/catalog/tovar/lezvie/03mm/100cm/1.jpg,https://dlt.by/image/catalog/tovar/lezvie/03mm/35cm/2.jpg,https://dlt.by/image/catalog/tovar/lezvie/03mm/35cm/3.jpg,,,,,,,,,,,,,,,,,,,,,,,,,,,,,,,,,,,,,,,,,,,"
"Лезвие для шпателя DLT Finish, толщина 0,5мм, 120см, арт.1378",Шпателя для механизированной шпатлевки>Шпателя для механизированного нанесения>Сменные лезвия и аксессуары>Лезвия для шпателя DLT Finish,1378,1 444.52,"https://dlt.by/image/catalog/image/catalog/tovar/lezvie/05mm/35cm/1.jpg,https://dlt.by/image/catalog/tovar/lezvie/03mm/35cm/2.jpg,https://dlt.by/image/catalog/tovar/lezvie/03mm/35cm/3.jpg,,,,,,,,,,,,,,,,,,,,,,,,,,,,,,,,,,,,,,,,,,,"
"Лезвие для шпателя DLT Finish, толщина 0,5мм, 45см, арт.1058",Шпателя для механизированной шпатлевки>Шпателя для механизированного нанесения>Сменные лезвия и аксессуары>Лезвия для шпателя DLT Finish,1058,872.73,"https://dlt.by/image/catalog/image/catalog/tovar/lezvie/05mm/45cm/1.jpg,https://dlt.by/image/catalog/tovar/lezvie/03mm/35cm/2.jpg,https://dlt.by/image/catalog/tovar/lezvie/03mm/35cm/3.jpg,,,,,,,,,,,,,,,,,,,,,,,,,,,,,,,,,,,,,,,,,,,"
"Лезвие для шпателя DLT Finish, толщина 0,5мм, 80см, арт.1060",Шпателя для механизированной шпатлевки>Шпателя для механизированного нанесения>Сменные лезвия и аксессуары>Лезвия для шпателя DLT Finish,1060,1 534.81,"https://dlt.by/image/catalog/image/catalog/tovar/lezvie/05mm/80cm/1.jpg,https://dlt.by/image/catalog/tovar/lezvie/03mm/35cm/2.jpg,https://dlt.by/image/catalog/tovar/lezvie/03mm/35cm/3.jpg,,,,,,,,,,,,,,,,,,,,,,,,,,,,,,,,,,,,,,,,,,,"
"Лезвие для шпателя DLT Finish, толщина 0,5мм, 100см, арт.1061",Шпателя для механизированной шпатлевки>Шпателя для механизированного нанесения>Сменные лезвия и аксессуары>Лезвия для шпателя DLT Finish,1061,2 046.41,"https://dlt.by/image/catalog/image/catalog/tovar/lezvie/05mm/100cm/1.jpg,https://dlt.by/image/catalog/tovar/lezvie/03mm/35cm/2.jpg,https://dlt.by/image/catalog/tovar/lezvie/03mm/35cm/3.jpg,,,,,,,,,,,,,,,,,,,,,,,,,,,,,,,,,,,,,,,,,,,"
"Пальчиковая алмазная фреза, 6мм, CERAMIC PRO DLT&9plitok, арт.0093",Алмазная оснастка>Алмазные коронки для плитки,0093,1 655.18,"https://dlt.by/image/catalog/image/catalog/tovar/frez/palch/6mm/1.jpg,https://dlt.by/image/catalog/tovar/frez/palch/6mm/2.jpg,https://dlt.by/image/catalog/tovar/frez/palch/6mm/3.jpg,,,,,,,,,,,,,,,,,,,,,,,,,,,,,,,,,,,,,,,,,,,"
"Уплотнительное кольцо для присоски GRABO Nemo; H, арт.LFEVC-H-SR",Запчасти,LFEVC-H-SR,692.17,"https://dlt.by/image/catalog/easyphoto/1663/uplotnitelnoe-koltso-dlya-prisoski-grabo-nemo-h-3.jpg,https://dlt.by/image/catalog/easyphoto/1663/uplotnitelnoe-koltso-dlya-prisoski-grabo-nemo-h-4.jpg,,,,,,,,,,,,,,,,,,,,,,,,,,,,,,,,,,,,,,,,,,,,"
"Роликовый резец DLT Ø22мм, посадка 5мм, серия EXTREME, арт.0318",Плиткорезы ручные>Аксессуары для ручных плиткорезов>Резцы,318,752.36,"https://dlt.by/image/catalog/tovar/dltextreme/5mm/1.jpg,https://dlt.by/image/catalog/tovar/dltextreme/5mm/2.png,https://dlt.by/image/catalog/tovar/dltextreme/5mm/3.jpg,https://dlt.by/image/catalog/tovar/dltextreme/5mm/4.jpg,https://dlt.by/image/catalog/tovar/dltextreme/5mm/5.jpg,https://dlt.by/image/catalog/tovar/dltextreme/5mm/6.jpg,https://dlt.by/image/catalog/tovar/dltextreme/5mm/7.jpg,,,,,,,,,,,,,,,,,,,,,,,,,,,,,,,,,,,,,,,"
"Лазерный уровень (нивелир) DLT EK-400GX PRO, арт.0177",Лазерные нивелиры (лазерные уровни)>Линейные,177,7 072.14,"https://dlt.by/image/catalog/image/catalog/tovar/ek-400gxpro/new/ek-400gxprocli-ionivodnym.jpg,https://dlt.by/image/catalog/tovar/ek-400gxpro/3.gif,https://dlt.by/image/catalog/tovar/ek-400gxpro/3-0.png,https://dlt.by/image/catalog/tovar/ek-400gxpro/3-0-0.png,https://dlt.by/image/catalog/tovar/ek-400gxpro/3-1.jpg,https://dlt.by/image/catalog/tovar/ek-400gxpro/4.jpg,https://dlt.by/image/catalog/tovar/ek-400gxpro/5.jpg,https://dlt.by/image/catalog/tovar/ek-400gxpro/6.jpg,https://dlt.by/image/catalog/tovar/ek-400gxpro/7.jpg,https://dlt.by/image/catalog/tovar/ek-400gxpro/8.jpg,https://dlt.by/image/catalog/tovar/ek-400gxpro/9.jpg,https://dlt.by/image/catalog/tovar/ek-400gxpro/10.jpg,https://dlt.by/image/catalog/tovar/ek-400gxpro/10-1.png,https://dlt.by/image/catalog/tovar/ek-400gxpro/11.jpg,https://dlt.by/image/catalog/tovar/ek-400gxpro/12.png,https://dlt.by/image/catalog/tovar/ek-400gxpro/13.png,https://dlt.by/image/catalog/tovar/ek-400gxpro/15.png,https://dlt.by/image/catalog/tovar/ek-400gxpro/16.png,https://dlt.by/image/catalog/tovar/400gx/17.png,https://dlt.by/image/catalog/tovar/400gx/19.png,https://dlt.by/image/catalog/tovar/400gx/16.png,https://dlt.by/image/catalog/tovar/400gx/18.png,https://dlt.by/image/catalog/tovar/ek-400gxpro/21.jpg,,,,,,,,,,,,,,,,,,,,,,,"
"Крестики для плитки RUBI 1мм, (расшивка для швов), арт.02887",Инструмент для укладки плитки>Система выравнивания плитки (СВП)>Крестики/клинья/подковы,2887,246.77,"https://dlt.by/image/catalog/easyphoto/971/krestiki-dlya-plitki-rubi-1mm-rasshivka-dlya-shvov-art-02887-1.jpg,https://dlt.by/image/catalog/easyphoto/971/krestiki-dlya-plitki-rubi-1mm-rasshivka-dlya-shvov-art-02887-2.jpg,https://dlt.by/image/catalog/easyphoto/971/krestiki-dlya-plitki-rubi-1mm-rasshivka-dlya-shvov-art-02887-3.jpg,,,,,,,,,,,,,,,,,,,,,,,,,,,,,,,,,,,,,,,,,,,"
"Крестики для плитки RUBI 1,5мм, (расшивка для швов), арт.02888",Инструмент для укладки плитки>Система выравнивания плитки (СВП)>Крестики/клинья/подковы,2888,246.77,"https://dlt.by/image/catalog/easyphoto/972/krestiki-dlya-plitki-rubi-1-5mm-rasshivka-dlya-shvov-art-02888-1.jpg,https://dlt.by/image/catalog/easyphoto/972/krestiki-dlya-plitki-rubi-1-5mm-rasshivka-dlya-shvov-art-02888-2.jpg,https://dlt.by/image/catalog/easyphoto/972/krestiki-dlya-plitki-rubi-1-5mm-rasshivka-dlya-shvov-art-02888-3.jpg,,,,,,,,,,,,,,,,,,,,,,,,,,,,,,,,,,,,,,,,,,,"
"Крестики для плитки RUBI 2мм, (расшивка для швов), арт.02889",Инструмент для укладки плитки>Система выравнивания плитки (СВП)>Крестики/клинья/подковы,2889,246.77,"https://dlt.by/image/catalog/tovar/krestiki/rubi/2mm/1.jpg,,,,,,,,,,,,,,,,,,,,,,,,,,,,,,,,,,,,,,,,,,,,,"
"Крестики для плитки RUBI 3мм, (расшивка для швов), арт.02902",Инструмент для укладки плитки>Система выравнивания плитки (СВП)>Крестики/клинья/подковы,2902,0.00,"https://dlt.by/image/catalog/tovar/krestiki/rubi/3mm/1.jpg,,,,,,,,,,,,,,,,,,,,,,,,,,,,,,,,,,,,,,,,,,,,,"
"Ствол ""E"" на TOUA GSN50 электромонтажный, арт.0164",Монтажные пистолеты>Аксессуары для монтажных пистолетов,164,4 213.19,"https://dlt.by/image/catalog/easyphoto/976/stvol-e-na-toua-gsn50-elektromontazhnyy-5.jpg,https://dlt.by/image/catalog/easyphoto/976/stvol-e-na-toua-gsn50-elektromontazhnyy-6.jpg,,,,,,,,,,,,,,,,,,,,,,,,,,,,,,,,,,,,,,,,,,,,"
"Ствол на TOUA GSN50 общестроительный, арт.1979",Монтажные пистолеты>Аксессуары для монтажных пистолетов,1979,3 460.84,"https://dlt.by/image/catalog/image/catalog/tovar/toua_newobyvleniya/obshestroit/84b755056b3703af.jpg,,,,,,,,,,,,,,,,,,,,,,,,,,,,,,,,,,,,,,,,,,,,,"
"Ствол на TOUA GSNF1, арт.0165",Монтажные пистолеты,165,2 708.48,"https://dlt.by/image/catalog/easyphoto/979/stvol-na-toua-gsnf1-1.jpg,,,,,,,,,,,,,,,,,,,,,,,,,,,,,,,,,,,,,,,,,,,,,"
"Шпатель малярный TACTIX, 203мм, воронёная сталь, арт.280208",Акции на строительный инструмент,280208,451.41,"https://dlt.by/image/catalog/easyphoto/2258/shpatel-malyarnyy-tactix-203mm-voronenaya-stal-art-280208-2.jpg,https://dlt.by/image/catalog/easyphoto/2258/shpatel-malyarnyy-tactix-203mm-voronenaya-stal-art-280208-3.jpg,https://dlt.by/image/catalog/easyphoto/2258/shpatel-malyarnyy-tactix-203mm-voronenaya-stal-art-280208-4.jpg,https://dlt.by/image/catalog/easyphoto/2258/shpatel-malyarnyy-tactix-203mm-voronenaya-stal-art-280208-5.jpg,,,,,,,,,,,,,,,,,,,,,,,,,,,,,,,,,,,,,,,,,,"
"Роликовый резец DLT Ø22мм, посадка 6мм, серия EXTREME, арт.0161",Плиткорезы ручные>Аксессуары для ручных плиткорезов>Резцы,161,752.36,"https://dlt.by/image/catalog/tovar/dltextreme/6mm/1.jpg,https://dlt.by/image/catalog/tovar/dltextreme/5mm/2.png,https://dlt.by/image/catalog/tovar/dltextreme/6mm/3.jpg,https://dlt.by/image/catalog/tovar/dltextreme/5mm/4.jpg,https://dlt.by/image/catalog/tovar/dltextreme/5mm/5.jpg,https://dlt.by/image/catalog/tovar/dltextreme/5mm/6.jpg,https://dlt.by/image/catalog/tovar/dltextreme/5mm/7.jpg,,,,,,,,,,,,,,,,,,,,,,,,,,,,,,,,,,,,,,,"
"Шлифовальный круг 225мм (упаковка 10шт) 6 отверстий, P120, арт.1201","Шлифовальные машины для стен, потолков и пола>Шлифовальные круги и сетки",1201,752.36,"https://dlt.by/image/catalog/tovar/slif_krugi/1.jpg,https://dlt.by/image/catalog/tovar/slif_krugi/2.jpg,https://dlt.by/image/catalog/tovar/slif_krugi/3.jpg,https://dlt.by/image/catalog/tovar/slif_krugi/4.jpg,,,,,,,,,,,,,,,,,,,,,,,,,,,,,,,,,,,,,,,,,,"
"Пальчиковая алмазная фреза, 12мм, CERAMIC PRO DLT&9plitok, арт.0092",Алмазная оснастка>Алмазные коронки для плитки,92,1 324.15,"https://dlt.by/image/catalog/image/catalog/tovar/frez/palch/12mm/1.jpg,https://dlt.by/image/catalog/tovar/frez/palch/12mm/2.jpg,https://dlt.by/image/catalog/tovar/frez/palch/12mm/3.jpg,,,,,,,,,,,,,,,,,,,,,,,,,,,,,,,,,,,,,,,,,,,"
"Охлаждающий гель для сухого сверления DLT&9plitok, арт.0891",Алмазная оснастка>Алмазные коронки для плитки,891,601.88,"https://dlt.by/image/catalog/image/catalog/tovar/ohlazhdgel/1.jpg,https://dlt.by/image/catalog/tovar/ohlazhdgel/2.jpg,https://dlt.by/image/catalog/tovar/ohlazhdgel/3.jpg,,,,,,,,,,,,,,,,,,,,,,,,,,,,,,,,,,,,,,,,,,,"
"Героторная пара HYVST SPA 95, арт.0229",Штукатурные станции Шпатлевочные станции,229,11 736.75,"https://dlt.by/image/catalog/image/catalog/tovar/gerpara/1.jpg,https://dlt.by/image/catalog/tovar/gerpara/2.jpg,https://dlt.by/image/catalog/tovar/gerpara/3.jpg,,,,,,,,,,,,,,,,,,,,,,,,,,,,,,,,,,,,,,,,,,,"
"Набор алмазных коронок №1, арт.1013",Алмазная оснастка>Наборы алмазных коронок,1013,12 037.69,"https://dlt.by/image/catalog/tovar/nabordlti9plitok/new_zaglavnye/1.jpg,https://dlt.by/image/catalog/tovar/nabordlti9plitok/1new/1_1-.jpg,https://dlt.by/image/catalog/tovar/nabordlti9plitok/keysi/nom1/kejs_4_2_.jpg,,,,,,,,,,,,,,,,,,,,,,,,,,,,,,,,,,,,,,,,,,,"
"Набор алмазных коронок №2, арт.1014",Алмазная оснастка>Наборы алмазных коронок,1014,11 887.22,"https://dlt.by/image/catalog/tovar/nabordlti9plitok/new_zaglavnye/2-1.jpg,https://dlt.by/image/catalog/tovar/nabordlti9plitok/2new/2_1-.jpg,https://dlt.by/image/catalog/tovar/nabordlti9plitok/keysi/nom1/kejs_4_2_.jpg,,,,,,,,,,,,,,,,,,,,,,,,,,,,,,,,,,,,,,,,,,,"
"Набор алмазных коронок №3, арт.1015",Алмазная оснастка>Наборы алмазных коронок,1015,12 188.16,"https://dlt.by/image/catalog/tovar/nabordlti9plitok/new_zaglavnye/3-1.jpg,https://dlt.by/image/catalog/tovar/nabordlti9plitok/3new/2.jpg,https://dlt.by/image/catalog/tovar/nabordlti9plitok/keysi/nom1/kejs_4_2_.jpg,,,,,,,,,,,,,,,,,,,,,,,,,,,,,,,,,,,,,,,,,,,"
"Набор алмазных коронок №4, арт.1016",Алмазная оснастка>Наборы алмазных коронок,1016,12 489.10,"https://dlt.by/image/catalog/tovar/nabordlti9plitok/new_zaglavnye/4-1.jpg,https://dlt.by/image/catalog/tovar/nabordlti9plitok/4new/4_1-.jpg,https://dlt.by/image/catalog/tovar/nabordlti9plitok/keysi/nom1/kejs_4_2_.jpg,,,,,,,,,,,,,,,,,,,,,,,,,,,,,,,,,,,,,,,,,,,"
"Набор алмазных коронок №5, арт.1017",Алмазная оснастка>Наборы алмазных коронок,1017,13 241.46,"https://dlt.by/image/catalog/tovar/nabordlti9plitok/new_zaglavnye/5-1.jpg,https://dlt.by/image/catalog/tovar/nabordlti9plitok/5new/5_1-.jpg,https://dlt.by/image/catalog/tovar/nabordlti9plitok/keysi/nom1/kejs_4_2_.jpg,,,,,,,,,,,,,,,,,,,,,,,,,,,,,,,,,,,,,,,,,,,"
"Набор алмазных коронок №6, арт.1018",Алмазная оснастка>Наборы алмазных коронок,1018,5 266.49,"https://dlt.by/image/catalog/tovar/nabordlti9plitok/new_zaglavnye/6-1.jpg,https://dlt.by/image/catalog/tovar/nabordlti9plitok/6new/6_1-.jpg,https://dlt.by/image/catalog/tovar/nabordlti9plitok/keysi/nom2/kejs_6_2_.jpg,,,,,,,,,,,,,,,,,,,,,,,,,,,,,,,,,,,,,,,,,,,"
"Набор алмазных коронок №7, арт.1019",Алмазная оснастка>Наборы алмазных коронок,1019,6 048.94,"https://dlt.by/image/catalog/tovar/nabordlti9plitok/new_zaglavnye/7-1.jpg,https://dlt.by/image/catalog/tovar/nabordlti9plitok/7new/7_1-.jpg,https://dlt.by/image/catalog/tovar/nabordlti9plitok/keysi/nom2/kejs_6_2_.jpg,,,,,,,,,,,,,,,,,,,,,,,,,,,,,,,,,,,,,,,,,,,"
"Набор алмазных коронок №8, арт.1020",Алмазная оснастка>Наборы алмазных коронок,1020,7 252.71,"https://dlt.by/image/catalog/tovar/nabordlti9plitok/new_zaglavnye/8-1.jpg,https://dlt.by/image/catalog/tovar/nabordlti9plitok/8new/8_1-.jpg,https://dlt.by/image/catalog/tovar/nabordlti9plitok/keysi/nom2/kejs_6_2_.jpg,,,,,,,,,,,,,,,,,,,,,,,,,,,,,,,,,,,,,,,,,,,"
"Набор алмазных коронок №9, арт.1021",Алмазная оснастка>Наборы алмазных коронок,1021,7 613.84,"https://dlt.by/image/catalog/tovar/nabordlti9plitok/new_zaglavnye/9-1.jpg,https://dlt.by/image/catalog/tovar/nabordlti9plitok/9new/9_1-.jpg,https://dlt.by/image/catalog/tovar/nabordlti9plitok/keysi/nom2/kejs_6_2_.jpg,,,,,,,,,,,,,,,,,,,,,,,,,,,,,,,,,,,,,,,,,,,"
"Набор алмазных коронок №10, арт.1022",Алмазная оснастка>Наборы алмазных коронок,1022,11 255.24,"https://dlt.by/image/catalog/tovar/nabordlti9plitok/new_zaglavnye/10-1.jpg,https://dlt.by/image/catalog/tovar/nabordlti9plitok/10new/10_1-.jpg,https://dlt.by/image/catalog/tovar/nabordlti9plitok/keysi/nom3/kejs_2_2_.jpg,,,,,,,,,,,,,,,,,,,,,,,,,,,,,,,,,,,,,,,,,,,"
"Набор алмазных коронок №11, арт.1023",Алмазная оснастка>Наборы алмазных коронок,1023,13 301.65,"https://dlt.by/image/catalog/tovar/nabordlti9plitok/new_zaglavnye/11-1.jpg,https://dlt.by/image/catalog/tovar/nabordlti9plitok/11new/11_1-.jpg,https://dlt.by/image/catalog/tovar/nabordlti9plitok/keysi/nom3/kejs_2_2_.jpg,,,,,,,,,,,,,,,,,,,,,,,,,,,,,,,,,,,,,,,,,,,"
"Набор алмазных коронок №12, арт.1024",Алмазная оснастка>Наборы алмазных коронок,1024,13 271.55,"https://dlt.by/image/catalog/tovar/nabordlti9plitok/new_zaglavnye/12-1.jpg,https://dlt.by/image/catalog/tovar/nabordlti9plitok/12new/12_1-.jpg,https://dlt.by/image/catalog/tovar/nabordlti9plitok/keysi/nom3/kejs_2_2_.jpg,,,,,,,,,,,,,,,,,,,,,,,,,,,,,,,,,,,,,,,,,,,"
"Набор алмазных коронок №13, арт.1025",Алмазная оснастка>Наборы алмазных коронок,1025,13 271.55,"https://dlt.by/image/catalog/tovar/nabordlti9plitok/new_zaglavnye/13-1.jpg,https://dlt.by/image/catalog/tovar/nabordlti9plitok/13new/13_1-.jpg,https://dlt.by/image/catalog/tovar/nabordlti9plitok/keysi/nom3/kejs_2_2_.jpg,,,,,,,,,,,,,,,,,,,,,,,,,,,,,,,,,,,,,,,,,,,"
"Набор алмазных коронок №14, арт.1026",Алмазная оснастка>Наборы алмазных коронок,1026,14 565.61,"https://dlt.by/image/catalog/tovar/nabordlti9plitok/new_zaglavnye/14-1.jpg,https://dlt.by/image/catalog/tovar/nabordlti9plitok/14new/14_1-.jpg,https://dlt.by/image/catalog/tovar/nabordlti9plitok/keysi/nom4/kejs_3_2_.jpg,,,,,,,,,,,,,,,,,,,,,,,,,,,,,,,,,,,,,,,,,,,"
"Набор алмазных коронок №15, арт.1027",Алмазная оснастка>Наборы алмазных коронок,1027,29 462.25,"https://dlt.by/image/catalog/tovar/nabordlti9plitok/new_zaglavnye/15-1.jpg,https://dlt.by/image/catalog/tovar/nabordlti9plitok/15new/15_1-.jpg,https://dlt.by/image/catalog/tovar/nabordlti9plitok/keysi/nom5/kejs_5_2__.jpg,,,,,,,,,,,,,,,,,,,,,,,,,,,,,,,,,,,,,,,,,,,"
"Набор алмазных коронок №16, арт.1028",Алмазная оснастка>Наборы алмазных коронок,1028,30 244.70,"https://dlt.by/image/catalog/tovar/nabordlti9plitok/new_zaglavnye/16-1.jpg,https://dlt.by/image/catalog/tovar/nabordlti9plitok/16new/16_1-.jpg,https://dlt.by/image/catalog/tovar/nabordlti9plitok/keysi/nom5/kejs_5_2__.jpg,,,,,,,,,,,,,,,,,,,,,,,,,,,,,,,,,,,,,,,,,,,"
"Набор алмазных коронок №17, арт.1029",Алмазная оснастка>Наборы алмазных коронок,1029,31 448.47,"https://dlt.by/image/catalog/tovar/nabordlti9plitok/new_zaglavnye/17-1.jpg,https://dlt.by/image/catalog/tovar/nabordlti9plitok/17new/17_1-.jpg,https://dlt.by/image/catalog/tovar/nabordlti9plitok/keysi/nom5/kejs_5_2__.jpg,,,,,,,,,,,,,,,,,,,,,,,,,,,,,,,,,,,,,,,,,,,"
"Набор алмазных коронок №18, арт.1030",Алмазная оснастка>Наборы алмазных коронок,1030,8 065.25,"https://dlt.by/image/catalog/tovar/nabordlti9plitok/new_zaglavnye/18-1.jpg,https://dlt.by/image/catalog/tovar/nabordlti9plitok/18new/18_1-.jpg,https://dlt.by/image/catalog/tovar/nabordlti9plitok/keysi/nom6/kejs_1_2_.jpg,,,,,,,,,,,,,,,,,,,,,,,,,,,,,,,,,,,,,,,,,,,"
"Набор алмазных коронок №19, арт.1031",Алмазная оснастка>Наборы алмазных коронок,1031,16 943.05,"https://dlt.by/image/catalog/tovar/nabordlti9plitok/new_zaglavnye/19-1.jpg,https://dlt.by/image/catalog/tovar/nabordlti9plitok/19new/19_1-.jpg,https://dlt.by/image/catalog/tovar/nabordlti9plitok/keysi/nom6/kejs_1_2_.jpg,,,,,,,,,,,,,,,,,,,,,,,,,,,,,,,,,,,,,,,,,,,"
"Кейс для алмазных коронок №2, арт.0208",Инструмент для укладки плитки>Аксессуары для алмазных коронок,208,2 106.60,"https://dlt.by/image/catalog/tovar/nabordlti9plitok/keysi/nom2/kejs_6_2_.jpg,https://dlt.by/image/catalog/tovar/nabordlti9plitok/keysi/nom2/kejs_6_1.jpg,,,,,,,,,,,,,,,,,,,,,,,,,,,,,,,,,,,,,,,,,,,,"
"Кейс для алмазных коронок №3, арт.0209",Инструмент для укладки плитки>Аксессуары для алмазных коронок,209,2 558.01,"https://dlt.by/image/catalog/tovar/nabordlti9plitok/keysi/nom3/kejs_2_2_.jpg,https://dlt.by/image/catalog/tovar/nabordlti9plitok/keysi/nom3/kejs_2_3_1.jpg,,,,,,,,,,,,,,,,,,,,,,,,,,,,,,,,,,,,,,,,,,,,"
"Кейс для алмазных коронок №4, арт.0210",Инструмент для укладки плитки>Аксессуары для алмазных коронок,210,2 708.48,"https://dlt.by/image/catalog/tovar/nabordlti9plitok/keysi/nom4/kejs_3_2_.jpg,https://dlt.by/image/catalog/tovar/nabordlti9plitok/keysi/nom4/kejs_2_3_1.jpg,,,,,,,,,,,,,,,,,,,,,,,,,,,,,,,,,,,,,,,,,,,,"
"Кейс для алмазных коронок №5, арт.0211",Инструмент для укладки плитки>Аксессуары для алмазных коронок,211,4 363.66,"https://dlt.by/image/catalog/tovar/nabordlti9plitok/keysi/nom5/kejs_5_2__.jpg,https://dlt.by/image/catalog/tovar/nabordlti9plitok/keysi/nom5/kejs_5_1.jpg,,,,,,,,,,,,,,,,,,,,,,,,,,,,,,,,,,,,,,,,,,,,"
"Кейс для алмазных коронок №6, арт.0212",Инструмент для укладки плитки>Аксессуары для алмазных коронок,212,2 858.95,"https://dlt.by/image/catalog/tovar/nabordlti9plitok/keysi/nom6/kejs_1_2_.jpg,https://dlt.by/image/catalog/tovar/nabordlti9plitok/keysi/nom6/kejs_1_1.jpg,,,,,,,,,,,,,,,,,,,,,,,,,,,,,,,,,,,,,,,,,,,,"
"Алмазное корончатое сверло DLT GRANITE, 60мм, арт.0077",Алмазная оснастка>Алмазные коронки для плитки>Алмазные коронки по граниту и мрамору (сегментные),77,6 169.32,"https://dlt.by/image/catalog/easyphoto/1034/almaznoe-koronchatoe-sverlo-dlt-granite-60mm-1.jpg,https://dlt.by/image/catalog/easyphoto/1034/almaznoe-koronchatoe-sverlo-dlt-granite-60mm-2.jpg,https://dlt.by/image/catalog/easyphoto/1034/almaznoe-koronchatoe-sverlo-dlt-granite-60mm-3.jpg,,,,,,,,,,,,,,,,,,,,,,,,,,,,,,,,,,,,,,,,,,,"
"Алмазная коронка для плитки DLT CERAMIC MAX 60мм, арт.0064",Алмазная оснастка>Алмазные коронки для плитки>Алмазные коронки для плитки и стекла (алмазное спекание),64,5 717.90,"https://dlt.by/image/catalog/almceramicmax/60mm/1.jpg,https://dlt.by/image/catalog/almceramicmax/60mm/1-2.jpg,https://dlt.by/image/catalog/almceramicmax/60mm/1-3.jpg,https://dlt.by/image/catalog/almceramicmax/6mm/2.jpg,https://dlt.by/image/catalog/almceramicmax/6mm/3.jpg,https://dlt.by/image/catalog/almceramicmax/6mm/4.jpg,https://dlt.by/image/catalog/almceramicmax/6mm/5.jpg,https://dlt.by/image/catalog/almceramicmax/6mm/6.jpg,https://dlt.by/image/catalog/almceramicmax/6mm/7.jpg,,,,,,,,,,,,,,,,,,,,,,,,,,,,,,,,,,,,,"
"Малярный шпатель DLT Finish, h-образный, толщина 0,5мм, 100см, арт.1056",Шпателя для механизированной шпатлевки>Шпателя для механизированного нанесения,1056,2 708.48,"https://dlt.by/image/catalog/image/catalog/tovar/shpateli/100_n/new/1.jpg,https://dlt.by/image/catalog/tovar/shpateli/100_n/new/2.jpg,https://dlt.by/image/catalog/tovar/shpateli/100_n/new/3.jpg,https://dlt.by/image/catalog/tovar/shpateli/100_n/new/4.jpg,https://dlt.by/image/catalog/tovar/shpateli/100_n/new/5.jpg,https://dlt.by/image/catalog/tovar/shpateli/100_n/new/6.jpg,https://dlt.by/image/catalog/tovar/shpateli/100_n/new/7.jpg,https://dlt.by/image/catalog/tovar/shpateli/100_n/new/8.jpg,https://dlt.by/image/catalog/tovar/shpateli/35_n/new/9.jpg,https://dlt.by/image/catalog/tovar/shpateli/35_n/new/10.jpg,https://dlt.by/image/catalog/tovar/shpateli/35_n/new/11.jpg,https://dlt.by/image/catalog/tovar/shpateli/35_n/new/12.jpg,https://dlt.by/image/catalog/tovar/shpateli/35_n/new_png/10.png,https://dlt.by/image/catalog/tovar/shpateli/35_n/new_png/8.png,,,,,,,,,,,,,,,,,,,,,,,,,,,,,,,,"
"Малярный шпатель DLT Finish, h-образный, толщина 0,5мм, 45см, арт.0818","Шпателя для механизированной шпатлевки>Шпателя для механизированного нанесения>Шпатели с лезвием 0,5мм",818,1 324.15,"https://dlt.by/image/catalog/image/catalog/tovar/shpateli/45_n/new/1.jpg,https://dlt.by/image/catalog/tovar/shpateli/45_n/new/2.jpg,https://dlt.by/image/catalog/tovar/shpateli/45_n/new/3.jpg,https://dlt.by/image/catalog/tovar/shpateli/45_n/new/4.jpg,https://dlt.by/image/catalog/tovar/shpateli/45_n/new/5.jpg,https://dlt.by/image/catalog/tovar/shpateli/45_n/new/6.jpg,https://dlt.by/image/catalog/tovar/shpateli/45_n/new/7.jpg,https://dlt.by/image/catalog/tovar/shpateli/45_n/new/8.jpg,https://dlt.by/image/catalog/tovar/shpateli/35_n/new/9.jpg,https://dlt.by/image/catalog/tovar/shpateli/35_n/new/10.jpg,https://dlt.by/image/catalog/tovar/shpateli/35_n/new/11.jpg,https://dlt.by/image/catalog/tovar/shpateli/35_n/new/12.jpg,https://dlt.by/image/catalog/tovar/shpateli/35_n/new_png/10.png,https://dlt.by/image/catalog/tovar/shpateli/35_n/new_png/8.png,,,,,,,,,,,,,,,,,,,,,,,,,,,,,,,,"
"Помповая присоска DLT P611 для гладкой и рельефной поверхности, Ø8 дюймов, арт.0951",Инструмент для укладки плитки>Присоски для плитки и стекла>Помповые присоски,951,4 032.63,"https://dlt.by/image/catalog/easyphoto/1057/vakuumnaya-prisoska-dlt-p611-dlya-relefnoy-plitki-1.jpg,https://dlt.by/image/catalog/easyphoto/1057/vakuumnaya-prisoska-dlt-p611-dlya-relefnoy-plitki-5.jpg,https://dlt.by/image/catalog/easyphoto/1057/vakuumnaya-prisoska-dlt-p611-dlya-relefnoy-plitki-6.jpg,https://dlt.by/image/catalog/easyphoto/1057/vakuumnaya-prisoska-dlt-p611-dlya-relefnoy-plitki-8.jpg,https://dlt.by/image/catalog/easyphoto/1057/vakuumnaya-prisoska-dlt-p611-dlya-relefnoy-plitki-3.jpg,https://dlt.by/image/catalog/easyphoto/1057/vakuumnaya-prisoska-dlt-p611-dlya-relefnoy-plitki-7.jpg,https://dlt.by/image/catalog/easyphoto/1057/vakuumnaya-prisoska-dlt-p611-dlya-relefnoy-plitki-10.jpg,https://dlt.by/image/catalog/easyphoto/1057/vakuumnaya-prisoska-dlt-p611-dlya-relefnoy-plitki-4.jpg,https://dlt.by/image/catalog/easyphoto/1057/vakuumnaya-prisoska-dlt-p611-dlya-relefnoy-plitki-9.jpg,https://dlt.by/image/catalog/easyphoto/1057/vakuumnaya-prisoska-dlt-p611-dlya-relefnoy-plitki-2.jpg,,,,,,,,,,,,,,,,,,,,,,,,,,,,,,,,,,,,"
"Плиткорез BIHUI, 1200мм, арт.TCM1200",Плиткорезы ручные>Плиткорезы BIHUI,TCM1200,28 559.42,"https://dlt.by/image/catalog/tovar/plitcorezbihui/1200/1.jpg,https://dlt.by/image/catalog/tovar/plitcorezbihui/1200/2.jpg,https://dlt.by/image/catalog/tovar/plitcorezbihui/1200/3.jpg,https://dlt.by/image/catalog/tovar/plitcorezbihui/1200/4.jpg,https://dlt.by/image/catalog/tovar/plitcorezbihui/1200/5.jpg,https://dlt.by/image/catalog/tovar/plitcorezbihui/1200/5-1.jpg,https://dlt.by/image/catalog/tovar/plitcorezbihui/1200/6.jpg,https://dlt.by/image/catalog/tovar/plitcorezbihui/1200/7.jpg,https://dlt.by/image/catalog/tovar/plitcorezbihui/1200/8.jpg,https://dlt.by/image/catalog/tovar/plitcorezbihui/1200/9.jpg,https://dlt.by/image/catalog/tovar/plitcorezbihui/1200/10.jpg,https://dlt.by/image/catalog/tovar/plitcorezbihui/1200/11.jpg,https://dlt.by/image/catalog/tovar/plitcorezbihui/1200/12.jpg,,,,,,,,,,,,,,,,,,,,,,,,,,,,,,,,,"
"Плиткорез BIHUI, 900мм, арт.TCM900 ",Плиткорезы ручные>Плиткорезы BIHUI,TCM900,26 543.11,"https://dlt.by/image/catalog/tovar/plitcorezbihui/900/1.jpg,https://dlt.by/image/catalog/tovar/plitcorezbihui/900/2.jpg,https://dlt.by/image/catalog/tovar/plitcorezbihui/900/3.jpg,https://dlt.by/image/catalog/tovar/plitcorezbihui/900/4.jpg,https://dlt.by/image/catalog/tovar/plitcorezbihui/900/5.jpg,https://dlt.by/image/catalog/tovar/plitcorezbihui/900/5-1.jpg,https://dlt.by/image/catalog/tovar/plitcorezbihui/900/6.jpg,https://dlt.by/image/catalog/tovar/plitcorezbihui/900/7.jpg,https://dlt.by/image/catalog/tovar/plitcorezbihui/900/8.jpg,https://dlt.by/image/catalog/tovar/plitcorezbihui/900/9.jpg,https://dlt.by/image/catalog/tovar/plitcorezbihui/900/10.jpg,https://dlt.by/image/catalog/tovar/plitcorezbihui/900/11.jpg,https://dlt.by/image/catalog/tovar/plitcorezbihui/900/12.jpg,,,,,,,,,,,,,,,,,,,,,,,,,,,,,,,,,"
"Ручной плиткорез RUBI X-ONE PLUS 1200 (до 1200мм), арт.15910",Плиткорезы ручные>Плиткорезы BIHUI,15910,31 298.00,"https://dlt.by/image/catalog/tovar/rubi_x_one_plus_1200/1.jpg,https://dlt.by/image/catalog/tovar/rubi_x_one_plus_1200/2.jpg,https://dlt.by/image/catalog/tovar/rubi_x_one_plus_1200/3-1.jpg,https://dlt.by/image/catalog/tovar/rubi_x_one_plus_1200/4.jpg,https://dlt.by/image/catalog/tovar/rubi_x_one_plus_1200/5.jpg,https://dlt.by/image/catalog/tovar/rubi_x_one_plus_1200/5-1.jpg,https://dlt.by/image/catalog/tovar/rubi_x_one_plus_1200/6.jpg,https://dlt.by/image/catalog/tovar/rubi_x_one_plus_1200/7.jpg,https://dlt.by/image/catalog/tovar/rubi_x_one_plus_1200/8.jpg,https://dlt.by/image/catalog/tovar/rubi_x_one_plus_1200/9.jpg,https://dlt.by/image/catalog/tovar/rubi_x_one_plus_1200/10.jpg,https://dlt.by/image/catalog/tovar/rubi_x_one_plus_1200/11.jpg,https://dlt.by/image/catalog/tovar/rubi_x_one_plus_1200/11-1.jpg,https://dlt.by/image/catalog/tovar/rubi_x_one_plus_1200/12.jpg,https://dlt.by/image/catalog/tovar/rubi_x_one_plus_1200/13.jpg,https://dlt.by/image/catalog/tovar/rubi_x_one_plus_1200/14.jpg,https://dlt.by/image/catalog/tovar/rubi_x_one_plus_1200/15.jpg,https://dlt.by/image/catalog/tovar/rubi_x_one_plus_1200/16.jpg,https://dlt.by/image/catalog/tovar/rubi_x_one_plus_1200/16-1.jpg,https://dlt.by/image/catalog/tovar/rubi_x_one_plus_1200/16-2.jpg,https://dlt.by/image/catalog/tovar/rubi_x_one_plus_1200/16-3.png,https://dlt.by/image/catalog/tovar/rubi_x_one_plus_1200/17.png,https://dlt.by/image/catalog/tovar/rubi_x_one_plus_1200/17.png,https://dlt.by/image/catalog/tovar/rubi_x_one_plus_1200/18.png,https://dlt.by/image/catalog/tovar/rubi_x_one_plus_1200/19.png,https://dlt.by/image/catalog/tovar/rubi_x_one_plus_1200/21.jpg,https://dlt.by/image/catalog/tovar/rubi_x_one_plus_1200/22.jpg,https://dlt.by/image/catalog/tovar/rubi_x_one_plus_1200/23.jpg,https://dlt.by/image/catalog/tovar/rubi_x_one_plus_1200/24.jpg,https://dlt.by/image/catalog/tovar/rubi_x_one_plus_1200/25.jpg,https://dlt.by/image/catalog/tovar/rubi_x_one_plus_1200/26.jpg,https://dlt.by/image/catalog/tovar/rubi_x_one_plus_1200/27.jpg,https://dlt.by/image/catalog/tovar/rubi_x_one_plus_1200/28.jpg,https://dlt.by/image/catalog/tovar/rubi_x_one_plus_1200/29.jpg,https://dlt.by/image/catalog/tovar/rubi_x_one_plus_1200/30.jpg,https://dlt.by/image/catalog/tovar/rubi_x_one_plus_1200/31.jpg,https://dlt.by/image/catalog/tovar/rubi_x_one_plus_1200/32.jpg,https://dlt.by/image/catalog/tovar/rubi_x_one_plus_1200/33.jpg,https://dlt.by/image/catalog/tovar/rubi_x_one_plus_1200/34.jpg,https://dlt.by/image/catalog/tovar/rubi_x_one_plus_1200/35.jpg,https://dlt.by/image/catalog/tovar/rubi_x_one_plus_1200/36.jpg,https://dlt.by/image/catalog/tovar/rubi_x_one_plus_1200/37.jpg,https://dlt.by/image/catalog/tovar/rubi_x_one_plus_1200/15910-x-one-120-plus-1-a-rubi_.jpg,https://dlt.by/image/catalog/tovar/rubi_x_one_plus_1200/15910-x-one-120-plus-4-a-rubi_.jpg,https://dlt.by/image/catalog/tovar/rubi_x_one_plus_1200/15910-x-one-120-plus-8-a-rubi_.jpg,https://dlt.by/image/catalog/tovar/rubi_x_one_plus_1200/15910-x-one-120-plus-10-a-rubi_.jpg"
"Двойная присоска RUBI для гладкой поверхности, арт.66917 ",Инструмент для укладки плитки>Присоски для плитки и стекла>Обычные присоски,66917,1 715.37,"https://dlt.by/image/catalog/easyphoto/1065/dvoynaya-prisoska-dlya-gladkoy-i-sherohovatoy-poverhnosti-rubi-1.jpg,https://dlt.by/image/catalog/easyphoto/1065/dvoynaya-prisoska-dlya-gladkoy-i-sherohovatoy-poverhnosti-rubi-3.jpg,https://dlt.by/image/catalog/easyphoto/1065/dvoynaya-prisoska-dlya-gladkoy-i-sherohovatoy-poverhnosti-rubi-5.jpg,https://dlt.by/image/catalog/easyphoto/1065/dvoynaya-prisoska-dlya-gladkoy-i-sherohovatoy-poverhnosti-rubi-20.jpg,https://dlt.by/image/catalog/easyphoto/1065/dvoynaya-prisoska-dlya-gladkoy-i-sherohovatoy-poverhnosti-rubi-4.jpg,https://dlt.by/image/catalog/easyphoto/1065/dvoynaya-prisoska-dlya-gladkoy-i-sherohovatoy-poverhnosti-rubi-8.jpg,https://dlt.by/image/catalog/easyphoto/1065/dvoynaya-prisoska-dlya-gladkoy-i-sherohovatoy-poverhnosti-rubi-6.jpg,https://dlt.by/image/catalog/easyphoto/1065/dvoynaya-prisoska-dlya-gladkoy-i-sherohovatoy-poverhnosti-rubi-7.jpg,https://dlt.by/image/catalog/easyphoto/1065/dvoynaya-prisoska-dlya-gladkoy-i-sherohovatoy-poverhnosti-rubi-9.jpg,https://dlt.by/image/catalog/easyphoto/1065/dvoynaya-prisoska-dlya-gladkoy-i-sherohovatoy-poverhnosti-rubi-17.jpg,https://dlt.by/image/catalog/easyphoto/1065/dvoynaya-prisoska-dlya-gladkoy-i-sherohovatoy-poverhnosti-rubi-10.jpg,https://dlt.by/image/catalog/easyphoto/1065/dvoynaya-prisoska-dlya-gladkoy-i-sherohovatoy-poverhnosti-rubi-12.jpg,https://dlt.by/image/catalog/easyphoto/1065/dvoynaya-prisoska-dlya-gladkoy-i-sherohovatoy-poverhnosti-rubi-13.jpg,https://dlt.by/image/catalog/easyphoto/1065/dvoynaya-prisoska-dlya-gladkoy-i-sherohovatoy-poverhnosti-rubi-14.png,https://dlt.by/image/catalog/easyphoto/1065/dvoynaya-prisoska-dlya-gladkoy-i-sherohovatoy-poverhnosti-rubi-22.png,https://dlt.by/image/catalog/easyphoto/1065/dvoynaya-prisoska-dlya-gladkoy-i-sherohovatoy-poverhnosti-rubi-21.png,https://dlt.by/image/catalog/easyphoto/1065/dvoynaya-prisoska-dlya-gladkoy-i-sherohovatoy-poverhnosti-rubi-19.jpg,https://dlt.by/image/catalog/easyphoto/1065/dvoynaya-prisoska-dlya-gladkoy-i-sherohovatoy-poverhnosti-rubi-15.jpg,https://dlt.by/image/catalog/easyphoto/1065/dvoynaya-prisoska-dlya-gladkoy-i-sherohovatoy-poverhnosti-rubi-18.jpg,,,,,,,,,,,,,,,,,,,,,,,,,,,"
"Тройная присоска RUBI для гладкой поверхности, арт.66959",Инструмент для укладки плитки>Присоски для плитки и стекла>Обычные присоски,66959,2 317.26,"https://dlt.by/image/catalog/tovar/rubi_prisoska_3/new/1.jpg,https://dlt.by/image/catalog/tovar/rubi_prisoska_3/new/2.jpg,https://dlt.by/image/catalog/tovar/rubi_prisoska_3/new/3.jpg,https://dlt.by/image/catalog/tovar/rubi_prisoska_3/new/4.jpg,https://dlt.by/image/catalog/tovar/rubi_prisoska_3/new/5.jpg,https://dlt.by/image/catalog/tovar/rubi_prisoska_3/new/6.jpg,,,,,,,,,,,,,,,,,,,,,,,,,,,,,,,,,,,,,,,,"
"Одинарная присоска RUBI для гладкой поверхности, арт.66958",Инструмент для укладки плитки>Присоски для плитки и стекла>Обычные присоски,66958,1 504.71,"https://dlt.by/image/catalog/tovar/rubi_prisoska1/1.jpg,https://dlt.by/image/catalog/tovar/rubi_prisoska1/2.jpg,https://dlt.by/image/catalog/tovar/rubi_prisoska1/3.jpg,https://dlt.by/image/catalog/tovar/rubi_prisoska1/4.jpg,https://dlt.by/image/catalog/tovar/rubi_prisoska1/4-1.jpg,https://dlt.by/image/catalog/tovar/rubi_prisoska1/4-2.jpg,https://dlt.by/image/catalog/tovar/rubi_prisoska1/5.jpg,https://dlt.by/image/catalog/tovar/rubi_prisoska1/6.jpg,,,,,,,,,,,,,,,,,,,,,,,,,,,,,,,,,,,,,,"
"Система резки крупноформатной плитки RUBI TC-125 kit, арт.51909",Плиткорезы электрические (камнерезы/мокрорезы)>Электрические плиткорезы для крупноформатной плитки,51909,93 893.99,"https://dlt.by/image/catalog/easyphoto/1068/sistema-rezki-krupnoformatnoy-plitki-rubi-tc-125-kit-12.jpg,https://dlt.by/image/catalog/tovar/rubi_slim_system/1-1.jpg,https://dlt.by/image/catalog/easyphoto/1068/sistema-rezki-krupnoformatnoy-plitki-rubi-tc-125-kit-11.jpg,https://dlt.by/image/catalog/easyphoto/1068/sistema-rezki-krupnoformatnoy-plitki-rubi-tc-125-kit-1.jpg,https://dlt.by/image/catalog/tovar/rubi_slim_system/3.jpg,https://dlt.by/image/catalog/tovar/rubi_slim_system/4.jpg,https://dlt.by/image/catalog/tovar/rubi_slim_system/5.jpg,https://dlt.by/image/catalog/tovar/rubi_slim_system/6.png,https://dlt.by/image/catalog/tovar/rubi_slim_system/7.jpg,https://dlt.by/image/catalog/tovar/rubi_slim_system/8.jpg,https://dlt.by/image/catalog/tovar/rubi_slim_system/9.jpg,https://dlt.by/image/catalog/tovar/rubi_slim_system/10.jpg,https://dlt.by/image/catalog/easyphoto/1068/sistema-rezki-krupnoformatnoy-plitki-rubi-tc-125-kit-10.jpg,https://dlt.by/image/catalog/easyphoto/1068/sistema-rezki-krupnoformatnoy-plitki-rubi-tc-125-kit-9.jpg,https://dlt.by/image/catalog/easyphoto/1068/sistema-rezki-krupnoformatnoy-plitki-rubi-tc-125-kit-8.jpg,https://dlt.by/image/catalog/tovar/rubi_slim_system/11.png,https://dlt.by/image/catalog/easyphoto/1068/sistema-rezki-krupnoformatnoy-plitki-rubi-tc-125-kit-7.jpg,https://dlt.by/image/catalog/easyphoto/1068/sistema-rezki-krupnoformatnoy-plitki-rubi-tc-125-kit-5.jpg,https://dlt.by/image/catalog/easyphoto/1068/sistema-rezki-krupnoformatnoy-plitki-rubi-tc-125-kit-6.jpg,https://dlt.by/image/catalog/easyphoto/1068/sistema-rezki-krupnoformatnoy-plitki-rubi-tc-125-kit-4.jpg,https://dlt.by/image/catalog/tovar/rubi_slim_system/12.png,https://dlt.by/image/catalog/easyphoto/1068/sistema-rezki-krupnoformatnoy-plitki-rubi-tc-125-kit-3.jpg,https://dlt.by/image/catalog/easyphoto/1068/sistema-rezki-krupnoformatnoy-plitki-rubi-tc-125-kit-2.jpg,https://dlt.by/image/catalog/tovar/rubi_slim_system/13-1.jpg,https://dlt.by/image/catalog/tovar/rubi_slim_system/13-2.jpg,https://dlt.by/image/catalog/tovar/rubi_slim_system/13-3.jpg,https://dlt.by/image/catalog/tovar/rubi_slim_system/13-4.jpg,https://dlt.by/image/catalog/tovar/rubi_slim_system/14.png,https://dlt.by/image/catalog/tovar/rubi_slim_system/14-1.png,https://dlt.by/image/catalog/tovar/rubi_slim_system/15.png,https://dlt.by/image/catalog/tovar/rubi_slim_system/16.jpg,https://dlt.by/image/catalog/tovar/rubi_slim_system/17.png,https://dlt.by/image/catalog/tovar/rubi_slim_system/18.jpg,https://dlt.by/image/catalog/tovar/rubi_slim_system/19.jpg,,,,,,,,,,,,"
"Вибромашина RUBI TRILLER для работы с крупноформатной плитой, арт.18958",Инструмент для укладки плитки>Вибрационные присоски,18958,34 608.36,"https://dlt.by/image/catalog/image/catalog/tovar/rubi_triller/0_.jpg,https://dlt.by/image/catalog/tovar/rubi_triller/1_.jpg,https://dlt.by/image/catalog/tovar/rubi_triller/2_.jpg,https://dlt.by/image/catalog/tovar/rubi_triller/4_.jpg,https://dlt.by/image/catalog/tovar/rubi_triller/5_.jpg,https://dlt.by/image/catalog/tovar/rubi_triller/6_.jpg,https://dlt.by/image/catalog/tovar/rubi_triller/7_.jpg,https://dlt.by/image/catalog/tovar/rubi_triller/8_.jpg,https://dlt.by/image/catalog/tovar/rubi_triller/9_.jpg,https://dlt.by/image/catalog/tovar/rubi_triller/10_.jpg,https://dlt.by/image/catalog/tovar/rubi_triller/11_.jpg,,,,,,,,,,,,,,,,,,,,,,,,,,,,,,,,,,,"
"Ручной плиткорез RUBI TIGER-1600 (RUBI Hit 1600)(до 1600мм), арт.10912",Плиткорезы ручные>Плиткорезы BIHUI,10912,52 664.90,"https://dlt.by/image/catalog/tovar/rubi_tiger/1600/1.jpg,https://dlt.by/image/catalog/tovar/rubi1600/0-1.jpg,https://dlt.by/image/catalog/tovar/rubi1600/1.jpg,https://dlt.by/image/catalog/tovar/rubi1600/3.jpg,https://dlt.by/image/catalog/tovar/rubi1600/3-1.jpg,https://dlt.by/image/catalog/tovar/rubi1600/5.jpg,https://dlt.by/image/catalog/tovar/rubi1600/7.jpg,https://dlt.by/image/catalog/tovar/rubi1600/8.jpg,https://dlt.by/image/catalog/tovar/rubi1600/8-1.jpg,https://dlt.by/image/catalog/tovar/rubi1600/9.jpg,https://dlt.by/image/catalog/tovar/rubi1600/9-1.jpg,https://dlt.by/image/catalog/tovar/rubi1600/10.jpg,https://dlt.by/image/catalog/tovar/rubi1600/10-1.jpg,https://dlt.by/image/catalog/tovar/rubi1600/10-2.jpg,https://dlt.by/image/catalog/tovar/rubi1600/11.png,https://dlt.by/image/catalog/tovar/rubi1600/13.jpg,https://dlt.by/image/catalog/tovar/rubi1600/14.jpg,https://dlt.by/image/catalog/tovar/rubi1600/14-1.jpg,https://dlt.by/image/catalog/tovar/rubi1600/15.jpg,https://dlt.by/image/catalog/tovar/rubi1600/16.jpg,https://dlt.by/image/catalog/tovar/rubi1600/16-1.jpg,https://dlt.by/image/catalog/tovar/rubi1600/17.jpg,https://dlt.by/image/catalog/tovar/rubi1600/18.jpg,https://dlt.by/image/catalog/tovar/rubi1600/19.jpg,https://dlt.by/image/catalog/tovar/rubi1600/20.jpg,https://dlt.by/image/catalog/tovar/rubi1600/21.jpg,https://dlt.by/image/catalog/tovar/rubi1600/22.jpg,https://dlt.by/image/catalog/tovar/rubi1600/23.jpg,,,,,,,,,,,,,,,,,,"
"Лазерный уровень DLT EK-118G, арт.0784",Лазерные нивелиры (лазерные уровни)>3D,784,8 426.38,"https://dlt.by/image/catalog/tovar/ek-118g/luchi/181luchi.jpg,https://dlt.by/image/catalog/tovar/ek-118g/2.jpg,https://dlt.by/image/catalog/tovar/ek-118g/dlt-ek-118g.gif,https://dlt.by/image/catalog/tovar/ek-118g/3.jpg,https://dlt.by/image/catalog/tovar/ek-118g/4.jpg,https://dlt.by/image/catalog/tovar/ek-118g/5.jpg,https://dlt.by/image/catalog/tovar/ek-118g/6.jpg,https://dlt.by/image/catalog/tovar/ek-118g/7.jpg,https://dlt.by/image/catalog/tovar/ek-118g/8.jpg,https://dlt.by/image/catalog/tovar/ek-118g/9.jpg,https://dlt.by/image/catalog/tovar/ek-118g/10.jpg,https://dlt.by/image/catalog/tovar/ek-118g/11.jpg,https://dlt.by/image/catalog/tovar/ek-118g/12.jpg,https://dlt.by/image/catalog/tovar/ek-118g/13ld.png,https://dlt.by/image/catalog/tovar/ek-118g/14.jpg,,,,,,,,,,,,,,,,,,,,,,,,,,,,,,,"
"Лазерный уровень DLT EK-291G, арт.0783",Лазерные нивелиры (лазерные уровни)>4D,783,10 833.92,"https://dlt.by/image/catalog/tovar/ek-291g/luchi/291luchi.jpg,https://dlt.by/image/catalog/tovar/ek-291g/2.jpg,https://dlt.by/image/catalog/tovar/ek-291g/dlt-ek-291g.gif,https://dlt.by/image/catalog/tovar/ek-291g/3.jpg,https://dlt.by/image/catalog/tovar/ek-291g/4.jpg,https://dlt.by/image/catalog/tovar/ek-291g/5.jpg,https://dlt.by/image/catalog/tovar/ek-291g/6.jpg,https://dlt.by/image/catalog/tovar/ek-291g/7.jpg,https://dlt.by/image/catalog/tovar/ek-291g/8.jpg,https://dlt.by/image/catalog/tovar/ek-291g/9.jpg,https://dlt.by/image/catalog/tovar/ek-291g/10.jpg,https://dlt.by/image/catalog/tovar/ek-291g/11.jpg,https://dlt.by/image/catalog/image/catalog/tovar/12.jpg,,,,,,,,,,,,,,,,,,,,,,,,,,,,,,,,,"
"Алмазная коронка по керамограниту DLT CERAMIC PRO,38мм, арт.0496",Алмазная оснастка>Алмазные коронки для плитки ,496,1 444.52,"https://dlt.by/image/catalog/tovar/ceramicpro/38_new/1.jpg,https://dlt.by/image/catalog/tovar/ceramicpro/1-1-1000x1000.jpg,https://dlt.by/image/catalog/tovar/ceramicpro/38_new/1-2.jpg,https://dlt.by/image/catalog/tovar/ceramicpro/38_new/1-3.jpg,https://dlt.by/image/catalog/tovar/ceramicpro/6_new/2.jpg,https://dlt.by/image/catalog/tovar/ceramicpro/6_new/3.jpg,https://dlt.by/image/catalog/tovar/ceramicpro/6_new/4.jpg,https://dlt.by/image/catalog/tovar/ceramicpro/6_new/5.jpg,https://dlt.by/image/catalog/tovar/ceramicpro/6_new/6.jpg,https://dlt.by/image/catalog/tovar/ceramicpro/6_new/7.jpg,https://dlt.by/image/catalog/tovar/ceramicpro/6_new/8.jpg,https://dlt.by/image/catalog/tovar/ceramicpro/6_new/9.jpg,https://dlt.by/image/catalog/tovar/ceramicpro/6_new/10.jpg,,,,,,,,,,,,,,,,,,,,,,,,,,,,,,,,,"
"Алмазная конусная фреза DLT CERAMIC CONE PRO, 20-48мм, арт.0513",Алмазная оснастка>Алмазные коронки для плитки ,513,2 678.39,"https://dlt.by/image/catalog/tovar/alm-freza/dlt_premium/20-48/1.jpg,https://dlt.by/image/catalog/tovar/alm-freza/dlt_premium/20-48/2.jpg,https://dlt.by/image/catalog/tovar/alm-freza/dlt_premium/20-48/3.jpg,https://dlt.by/image/catalog/tovar/alm-freza/dlt_premium/20-48/4.jpg,https://dlt.by/image/catalog/tovar/alm-freza/dlt_premium/20-48/5.jpg,https://dlt.by/image/catalog/tovar/alm-freza/dlt_premium/20-48/6.jpg,https://dlt.by/image/catalog/tovar/alm-freza/dlt_premium/20-48/7.jpg,https://dlt.by/image/catalog/tovar/alm-freza/dlt_premium/20-48/8.jpg,,,,,,,,,,,,,,,,,,,,,,,,,,,,,,,,,,,,,,"
"Алмазная фреза для плитки DLT CERAMIC, 8мм, арт.0508",Алмазная оснастка>Алмазные коронки для плитки ,508,1 173.67,"https://dlt.by/image/catalog/tovar/alm-freza/dlt_ceramic/8mm/1.jpg,https://dlt.by/image/catalog/tovar/alm-freza/dlt_ceramic/8mm/1-1.jpg,https://dlt.by/image/catalog/tovar/alm-freza/dlt_ceramic/8mm/2.jpg,https://dlt.by/image/catalog/tovar/alm-freza/dlt_ceramic/8mm/3.jpg,https://dlt.by/image/catalog/tovar/alm-freza/dlt_ceramic/8mm/4.jpg,,,,,,,,,,,,,,,,,,,,,,,,,,,,,,,,,,,,,,,,,"
"Адаптер-переходник BIHUI с гайки М14 на дрель, арт.DBAMH",Алмазная оснастка>Алмазные коронки для плитки>Аксессуары для алмазных коронок,DBAMH,571.79,"https://dlt.by/image/catalog/dbamh/1.jpg,https://dlt.by/image/catalog/dbamh/2.jpg,https://dlt.by/image/catalog/dbamh/3.jpg,,,,,,,,,,,,,,,,,,,,,,,,,,,,,,,,,,,,,,,,,,,"
"Алмазная фреза для плитки DLT CERAMIC, 6мм, арт.0507",Алмазная оснастка>Алмазные коронки для плитки ,507,1 263.96,"https://dlt.by/image/catalog/tovar/alm-freza/dlt_ceramic/6mm/1.jpg,https://dlt.by/image/catalog/tovar/alm-freza/dlt_ceramic/6mm/2.jpg,https://dlt.by/image/catalog/tovar/alm-freza/dlt_ceramic/6mm/3.jpg,https://dlt.by/image/catalog/tovar/alm-freza/dlt_ceramic/6mm/4.jpg,https://dlt.by/image/catalog/tovar/alm-freza/dlt_ceramic/6mm/5.jpg,,,,,,,,,,,,,,,,,,,,,,,,,,,,,,,,,,,,,,,,,"
"Коронка алмазная DLT&9plitok, ПРЕМИУМ класс, вакуумная пайка, 38мм, арт.0487",Алмазная оснастка>Алмазные коронки для плитки ,487,1 564.90,"https://dlt.by/image/catalog/image/catalog/tovar/1-1000x1000.jpg,https://dlt.by/image/catalog/image/catalog/tovar/2-1000x1000(1).jpg,https://dlt.by/image/catalog/tovar/koronka/32_new/new/3.jpg,https://dlt.by/image/catalog/tovar/koronka/32_new/new/5.jpg,https://dlt.by/image/catalog/tovar/koronka/32_new/new/6.jpg,https://dlt.by/image/catalog/tovar/koronka/32_new/new/7.jpg,https://dlt.by/image/catalog/tovar/koronka/32_new/new/7-1.jpg,https://dlt.by/image/catalog/tovar/koronka/32_new/new/8.jpg,https://dlt.by/image/catalog/tovar/koronka/32_new/new/8-1.jpg,https://dlt.by/image/catalog/tovar/koronka/32_new/new/9.jpg,https://dlt.by/image/catalog/tovar/koronka/32_new/new/9-1.jpg,https://dlt.by/image/catalog/tovar/koronka/32_new/new/10.jpg,https://dlt.by/image/catalog/tovar/koronka/32_new/new/10-1.jpg,https://dlt.by/image/catalog/tovar/koronka/32_new/new/11.jpg,https://dlt.by/image/catalog/tovar/koronka/32_new/new/12.jpg,,,,,,,,,,,,,,,,,,,,,,,,,,,,,,,"
"Коронка алмазная по керамограниту BIHUI, 20мм (вакуумная пайка), арт.DBDF20",Алмазная оснастка>Алмазные коронки для плитки ,DBDF20,1 113.49,"https://dlt.by/image/catalog/tovar/dbdm20/1.jpg,https://dlt.by/image/catalog/tovar/dbdm20/2.jpg,https://dlt.by/image/catalog/tovar/dbdm20/3.jpg,https://dlt.by/image/catalog/tovar/dbdm20/4.png,https://dlt.by/image/catalog/tovar/dbdm20/6.jpg,https://dlt.by/image/catalog/tovar/dbdm20/8.jpg,https://dlt.by/image/catalog/tovar/dbdm20/9.jpg,https://dlt.by/image/catalog/tovar/dbdm20/10.jpg,https://dlt.by/image/catalog/tovar/dbdm20/11.jpg,https://dlt.by/image/catalog/tovar/dbdm20/12.jpg,,,,,,,,,,,,,,,,,,,,,,,,,,,,,,,,,,,,"
"Коронка алмазная по керамограниту BIHUI, 28мм (вакуумная пайка), арт.DBDM28 ",Алмазная оснастка>Алмазные коронки для плитки ,DBDM28,1 444.52,"https://dlt.by/image/catalog/tovar/dbdm28/1.jpg,https://dlt.by/image/catalog/tovar/dbdm28/2.jpg,https://dlt.by/image/catalog/tovar/dbdm28/3.jpg,https://dlt.by/image/catalog/tovar/dbdm28/4.png,https://dlt.by/image/catalog/tovar/dbdm28/6.jpg,https://dlt.by/image/catalog/tovar/dbdm28/8.jpg,https://dlt.by/image/catalog/tovar/dbdm28/9.jpg,https://dlt.by/image/catalog/tovar/dbdm28/10.jpg,https://dlt.by/image/catalog/tovar/dbdm28/11.jpg,https://dlt.by/image/catalog/tovar/dbdm28/12.jpg,,,,,,,,,,,,,,,,,,,,,,,,,,,,,,,,,,,,"
"Алмазный отрезной диск 9plitok&DLT (Turbo-X), 125мм, арт.0515",Алмазная оснастка>Алмазные диски>Алмазные диски по керамике/керамограниту/граниту/мрамору,515,902.83,"https://dlt.by/image/catalog/tovar/almdisk/diskdltzaglavnie/1-800x800.jpg,https://dlt.by/image/catalog/tovar/almdisk/2.jpg,https://dlt.by/image/catalog/tovar/almdisk/3.jpg,,,,,,,,,,,,,,,,,,,,,,,,,,,,,,,,,,,,,,,,,,,"
"Набор алмазных коронок №20, арт.1032",Алмазная оснастка >Наборы алмазных коронок,1032,3 159.89,"https://dlt.by/image/catalog/tovar/nabordlti9plitok/new_zaglavnye/20-1.jpg,https://dlt.by/image/catalog/tovar/naboralmkoronok/nabor20/2.jpg,https://dlt.by/image/catalog/tovar/naboralmkoronok/nabor20/3.jpg,https://dlt.by/image/catalog/tovar/naboralmkoronok/nabor20/4.jpg,https://dlt.by/image/catalog/tovar/naboralmkoronok/nabor20/5.jpg,,,,,,,,,,,,,,,,,,,,,,,,,,,,,,,,,,,,,,,,,"
"Набор алмазных коронок №21, арт.1033",Алмазная оснастка >Наборы алмазных коронок,1033,8 697.23,"https://dlt.by/image/catalog/tovar/nabordlti9plitok/new_zaglavnye/21-1.jpg,https://dlt.by/image/catalog/tovar/naboralmkoronok/nabor21/2.jpg,https://dlt.by/image/catalog/tovar/naboralmkoronok/nabor21/3.jpg,https://dlt.by/image/catalog/tovar/naboralmkoronok/nabor21/4.jpg,https://dlt.by/image/catalog/tovar/naboralmkoronok/nabor21/5.jpg,,,,,,,,,,,,,,,,,,,,,,,,,,,,,,,,,,,,,,,,,"
"Набор алмазных коронок №4/1, арт.1037",Алмазная оснастка >Наборы алмазных коронок,1037,12 428.92,"https://dlt.by/image/catalog/tovar/nabor_koronok_ceramic_pro/nab4/new/1.jpg,https://dlt.by/image/catalog/tovar/naboralmkoronok/nab21/4-1_1-.jpg,https://dlt.by/image/catalog/tovar/nabordlti9plitok/keysi/nom1/kejs_4_2_.jpg,,,,,,,,,,,,,,,,,,,,,,,,,,,,,,,,,,,,,,,,,,,"
"Алмазная конусная фреза DLT CERAMIC CONE PRO, 3-75мм, арт.0514",Алмазная оснастка>Алмазные коронки для плитки ,514,6 018.85,"https://dlt.by/image/catalog/tovar/alm-freza/dlt_premium/3-75/1.jpg,https://dlt.by/image/catalog/tovar/alm-freza/dlt_premium/3-75/2.jpg,https://dlt.by/image/catalog/tovar/alm-freza/dlt_premium/3-75/3.jpg,https://dlt.by/image/catalog/tovar/alm-freza/dlt_premium/3-75/4.jpg,https://dlt.by/image/catalog/tovar/alm-freza/dlt_premium/3-75/5.jpg,https://dlt.by/image/catalog/tovar/alm-freza/dlt_premium/3-75/6.jpg,https://dlt.by/image/catalog/tovar/alm-freza/dlt_premium/3-75/7.jpg,,,,,,,,,,,,,,,,,,,,,,,,,,,,,,,,,,,,,,,"
"Алмазная конусная фреза DLT CERAMIC CONE PRO, 2-38мм, арт.0512",Алмазная оснастка>Алмазные коронки для плитки ,512,2 407.54,"https://dlt.by/image/catalog/tovar/alm-freza/dlt_premium/2-38/1.jpg,https://dlt.by/image/catalog/tovar/alm-freza/dlt_premium/2-38/2.jpg,https://dlt.by/image/catalog/tovar/alm-freza/dlt_premium/2-38/3.jpg,https://dlt.by/image/catalog/tovar/alm-freza/dlt_premium/2-38/4.jpg,https://dlt.by/image/catalog/tovar/alm-freza/dlt_premium/2-38/5.jpg,https://dlt.by/image/catalog/tovar/alm-freza/dlt_premium/2-38/6.jpg,https://dlt.by/image/catalog/tovar/alm-freza/dlt_premium/2-38/7.jpg,,,,,,,,,,,,,,,,,,,,,,,,,,,,,,,,,,,,,,,"
"Алмазная фреза для плитки DLT CERAMIC, 20мм, арт.0511",Алмазная оснастка>Пальчиковые алмазные фрезы (шарошки),511,1 805.65,"https://dlt.by/image/catalog/tovar/alm-freza/dlt_ceramic/20mm/1.jpg,https://dlt.by/image/catalog/tovar/alm-freza/dlt_ceramic/20mm/1-1.jpg,https://dlt.by/image/catalog/tovar/alm-freza/dlt_ceramic/20mm/2.jpg,https://dlt.by/image/catalog/tovar/alm-freza/dlt_ceramic/20mm/3.jpg,https://dlt.by/image/catalog/tovar/alm-freza/dlt_ceramic/6mm/5.jpg,,,,,,,,,,,,,,,,,,,,,,,,,,,,,,,,,,,,,,,,,"
"Алмазная фреза для плитки DLT CERAMIC, 12мм, арт.0510",Алмазная оснастка>Алмазные коронки для плитки,510,1 294.05,"https://dlt.by/image/catalog/tovar/alm-freza/dlt_ceramic/12mm/1.jpg,https://dlt.by/image/catalog/tovar/alm-freza/dlt_ceramic/12mm/1-1.jpg,https://dlt.by/image/catalog/tovar/alm-freza/dlt_ceramic/12mm/2.jpg,https://dlt.by/image/catalog/tovar/alm-freza/dlt_ceramic/12mm/3.jpg,https://dlt.by/image/catalog/tovar/alm-freza/dlt_ceramic/6mm/5.jpg,,,,,,,,,,,,,,,,,,,,,,,,,,,,,,,,,,,,,,,,,"
"Алмазная фреза для плитки DLT CERAMIC, 10мм, арт.0509",Алмазная оснастка>Алмазные коронки для плитки>Пальчиковые алмазные фрезы (шарошки),509,1 203.77,"https://dlt.by/image/catalog/tovar/alm-freza/dlt_ceramic/10mm/1.jpg,https://dlt.by/image/catalog/tovar/alm-freza/dlt_ceramic/10mm/1-1.jpg,https://dlt.by/image/catalog/tovar/alm-freza/dlt_ceramic/10mm/2.jpg,https://dlt.by/image/catalog/tovar/alm-freza/dlt_ceramic/10mm/3.jpg,https://dlt.by/image/catalog/tovar/alm-freza/dlt_ceramic/6mm/5.jpg,,,,,,,,,,,,,,,,,,,,,,,,,,,,,,,,,,,,,,,,,"
"Киянка резиновая для крупноформатной плитки BIHUI, арт.BLFTBT",Акции на строительный инструмент,BLFTBT,2 708.48,"https://dlt.by/image/catalog/tovar/molotok_ploskii/izobrazhenie_viber_2022-03-31_13-36-11-364.jpg,https://dlt.by/image/catalog/tovar/molotok_ploskii/shpatel_2_2.jpg,,,,,,,,,,,,,,,,,,,,,,,,,,,,,,,,,,,,,,,,,,,,"
"Сверло алмазное корончатое DLT Premium, 182мм, арт.0480",Алмазная оснастка>Алмазные кольцевые сверла коронки,480,14 445.23,"https://dlt.by/image/catalog/tovar/sverlo_almaznoe_koronchatoe/182mm/1.jpg,https://dlt.by/image/catalog/tovar/sverlo_almaznoe_koronchatoe/182mm/2.jpg,https://dlt.by/image/catalog/tovar/sverlo_almaznoe_koronchatoe/182mm/3.jpg,https://dlt.by/image/catalog/tovar/sverlo_almaznoe_koronchatoe/182mm/182_zheltyj_2.jpg,,,,,,,,,,,,,,,,,,,,,,,,,,,,,,,,,,,,,,,,,,"
"Сверло алмазное корончатое DLT Premium, 200мм, арт.0481",Алмазная оснастка>Алмазные кольцевые сверла коронки,481,17 003.24,"https://dlt.by/image/catalog/tovar/sverlo_almaznoe_koronchatoe/200mm/1.jpg,https://dlt.by/image/catalog/tovar/sverlo_almaznoe_koronchatoe/200mm/2.jpg,https://dlt.by/image/catalog/tovar/sverlo_almaznoe_koronchatoe/200mm/3.jpg,https://dlt.by/image/catalog/tovar/sverlo_almaznoe_koronchatoe/200mm/4.jpg,,,,,,,,,,,,,,,,,,,,,,,,,,,,,,,,,,,,,,,,,,"
"Сверло алмазное корончатое DLT Premium, 320мм, арт.0482",Алмазная оснастка>Алмазные кольцевые сверла коронки,482,29 642.81,"https://dlt.by/image/catalog/tovar/sverlo_almaznoe_koronchatoe/320mm/1.jpg,https://dlt.by/image/catalog/tovar/sverlo_almaznoe_koronchatoe/320mm/2.jpg,https://dlt.by/image/catalog/tovar/sverlo_almaznoe_koronchatoe/320mm/3.jpg,https://dlt.by/image/catalog/tovar/sverlo_almaznoe_koronchatoe/320mm/4.jpg,,,,,,,,,,,,,,,,,,,,,,,,,,,,,,,,,,,,,,,,,,"
"Сверло алмазное корончатое DLT Standard, 200мм, арт.0462",Алмазная оснастка>Алмазные кольцевые сверла коронки,462,11 736.75,"https://dlt.by/image/catalog/tovar/sverlo_almaznoe_koronchatoe/standart/200mm/1.jpg,https://dlt.by/image/catalog/tovar/sverlo_almaznoe_koronchatoe/standart/200mm/2.jpg,https://dlt.by/image/catalog/tovar/sverlo_almaznoe_koronchatoe/standart/200mm/3.jpg,https://dlt.by/image/catalog/tovar/sverlo_almaznoe_koronchatoe/standart/200mm/4.jpg,,,,,,,,,,,,,,,,,,,,,,,,,,,,,,,,,,,,,,,,,,"
"Сверло алмазное корончатое DLT Standard, 182мм, арт.0461",Алмазная оснастка>Алмазные кольцевые сверла коронки,461,10 382.51,"https://dlt.by/image/catalog/tovar/sverlo_almaznoe_koronchatoe/standart/182mm/1.jpg,https://dlt.by/image/catalog/tovar/sverlo_almaznoe_koronchatoe/standart/182mm/2.jpg,https://dlt.by/image/catalog/tovar/sverlo_almaznoe_koronchatoe/standart/182mm/3.jpg,https://dlt.by/image/catalog/tovar/sverlo_almaznoe_koronchatoe/standart/182mm/4.jpg,,,,,,,,,,,,,,,,,,,,,,,,,,,,,,,,,,,,,,,,,,"
"Сверло алмазное корончатое DLT Standard, 400мм, арт.0464",Алмазная оснастка>Алмазные кольцевые сверла коронки,464,34 608.36,"https://dlt.by/image/catalog/tovar/sverlo_almaznoe_koronchatoe/standart/400mm/1.jpg,https://dlt.by/image/catalog/tovar/sverlo_almaznoe_koronchatoe/standart/400mm/2.jpg,https://dlt.by/image/catalog/tovar/sverlo_almaznoe_koronchatoe/standart/400mm/3.jpg,https://dlt.by/image/catalog/tovar/sverlo_almaznoe_koronchatoe/standart/400mm/4.jpg,,,,,,,,,,,,,,,,,,,,,,,,,,,,,,,,,,,,,,,,,,"
"Плиткорез DLT MAXLINE, рез до 2400мм, арт.2916",Плиткорезы ручные>Плиткорезы DLT,2916,64 702.59,"https://dlt.by/image/catalog/tovar/dlt_maxline/new/1.jpg,https://dlt.by/image/catalog/tovar/dlt_maxline/new/1-1.jpg,https://dlt.by/image/catalog/tovar/dlt_maxline/new/1-2.jpg,https://dlt.by/image/catalog/tovar/dlt_maxline/new/3.jpg,https://dlt.by/image/catalog/tovar/dlt_maxline/new/4.jpg,https://dlt.by/image/catalog/tovar/dlt_maxline/new/5.jpg,https://dlt.by/image/catalog/tovar/dlt_maxline/new/6.jpg,https://dlt.by/image/catalog/tovar/dlt_maxline/new/7.jpg,https://dlt.by/image/catalog/tovar/dlt_maxline/new/7-1.jpg,https://dlt.by/image/catalog/tovar/dlt_maxline/new/8.jpg,https://dlt.by/image/catalog/tovar/dlt_maxline/new/8-1.jpg,https://dlt.by/image/catalog/tovar/dlt_maxline/new/9.jpg,https://dlt.by/image/catalog/tovar/dlt_maxline/new/10.jpg,https://dlt.by/image/catalog/tovar/dlt_maxline/new/11.jpg,https://dlt.by/image/catalog/tovar/dlt_maxline/new/12.jpg,https://dlt.by/image/catalog/easyphoto/1460/plitkorez-dlt-maxline-rez-do-2400mm-1.jpg,https://dlt.by/image/catalog/easyphoto/1460/plitkorez-dlt-maxline-rez-do-2400mm-2.jpg,https://dlt.by/image/catalog/easyphoto/1460/plitkorez-dlt-maxline-rez-do-2400mm-3.jpg,https://dlt.by/image/catalog/easyphoto/1460/plitkorez-dlt-maxline-rez-do-2400mm-4.jpg,https://dlt.by/image/catalog/easyphoto/1460/plitkorez-dlt-maxline-rez-do-2400mm-5.jpg,https://dlt.by/image/catalog/tovar/dlt_maxline/new/13.jpg,https://dlt.by/image/catalog/tovar/dlt_maxline/new/14.jpg,https://dlt.by/image/catalog/tovar/dlt_maxline/new/15.jpg,https://dlt.by/image/catalog/tovar/dlt_maxline/new/16.jpg,https://dlt.by/image/catalog/tovar/dlt_maxline/new/17.jpg,https://dlt.by/image/catalog/tovar/dlt_maxline/new/18.jpg,https://dlt.by/image/catalog/tovar/dlt_maxline/new/19.jpg,,,,,,,,,,,,,,,,,,,"
"Система переноски крупноформатного керамогранита BIHUI SLIM TRANS 8, арт.LFCSV8",Инструмент для укладки плитки>Крупноформат,LFCSV8,183 875.72,"https://dlt.by/image/catalog/tovar/systemperen/8prisosok/1.jpg,https://dlt.by/image/catalog/tovar/systemperen/8prisosok/2.jpg,https://dlt.by/image/catalog/tovar/systemperen/8prisosok/3.jpg,https://dlt.by/image/catalog/tovar/systemperen/8prisosok/4.jpg,https://dlt.by/image/catalog/tovar/systemperen/8prisosok/5.jpg,https://dlt.by/image/catalog/tovar/systemperen/8prisosok/6.jpg,https://dlt.by/image/catalog/tovar/systemperen/8prisosok/7.jpg,https://dlt.by/image/catalog/tovar/systemperen/8prisosok/8.jpg,https://dlt.by/image/catalog/tovar/systemperen/8prisosok/9.jpg,https://dlt.by/image/catalog/tovar/systemperen/8prisosok/10.jpg,https://dlt.by/image/catalog/tovar/systemperen/8prisosok/11.jpg,,,,,,,,,,,,,,,,,,,,,,,,,,,,,,,,,,,"
"Набор алмазных коронок №18/1, арт.1040",Алмазная оснастка>Алмазные коронки для плитки>Наборы алмазных коронок,1040,8 336.10,"https://dlt.by/image/catalog/tovar/nabor_koronok_ceramic_pro/nab18/new/1.jpg,https://dlt.by/image/catalog/tovar/nabor_koronok_ceramic_pro/nab18/new/2.jpg,https://dlt.by/image/catalog/tovar/nabordlti9plitok/keysi/nom6/kejs_1_2_.jpg,,,,,,,,,,,,,,,,,,,,,,,,,,,,,,,,,,,,,,,,,,,"
"Плиткорез DLT MAXLINE, рез до 870мм, арт.0605",Плиткорезы ручные>Плиткорезы DLT,605,22 119.26,"https://dlt.by/image/catalog/easyphoto/1168/plitkorez-dlt-maxline-rez-do-870mm-1.jpg,https://dlt.by/image/catalog/tovar/dlt_maxline/new/1-1.jpg,https://dlt.by/image/catalog/tovar/dlt_maxline/new/1-2.jpg,https://dlt.by/image/catalog/tovar/dlt_maxline/new/2.jpg,https://dlt.by/image/catalog/tovar/dlt_maxline/new/3.jpg,https://dlt.by/image/catalog/tovar/dlt_maxline/new/4.jpg,https://dlt.by/image/catalog/tovar/dlt_maxline/new/5.jpg,https://dlt.by/image/catalog/tovar/dlt_maxline/new/6.jpg,https://dlt.by/image/catalog/tovar/dlt_maxline/new/7.jpg,https://dlt.by/image/catalog/tovar/dlt_maxline/new/7-1.jpg,https://dlt.by/image/catalog/tovar/dlt_maxline/new/8.jpg,https://dlt.by/image/catalog/tovar/dlt_maxline/new/8-1.jpg,https://dlt.by/image/catalog/tovar/dlt_maxline/new/9.jpg,https://dlt.by/image/catalog/tovar/dlt_maxline/new/10.jpg,https://dlt.by/image/catalog/tovar/dlt_maxline/new/11.jpg,https://dlt.by/image/catalog/tovar/dlt_maxline/new/12.jpg,https://dlt.by/image/catalog/easyphoto/1168/plitkorez-dlt-maxline-rez-do-870mm-2.jpg,https://dlt.by/image/catalog/easyphoto/1168/plitkorez-dlt-maxline-rez-do-870mm-3.jpg,https://dlt.by/image/catalog/easyphoto/1168/plitkorez-dlt-maxline-rez-do-870mm-4.jpg,https://dlt.by/image/catalog/easyphoto/1168/plitkorez-dlt-maxline-rez-do-870mm-5.jpg,https://dlt.by/image/catalog/easyphoto/1168/plitkorez-dlt-maxline-rez-do-870mm-6.jpg,https://dlt.by/image/catalog/tovar/dlt_maxline/new/13.jpg,https://dlt.by/image/catalog/tovar/dlt_maxline/new/14.jpg,https://dlt.by/image/catalog/tovar/dlt_maxline/new/15.jpg,https://dlt.by/image/catalog/tovar/dlt_maxline/new/16.jpg,https://dlt.by/image/catalog/tovar/dlt_maxline/new/17.jpg,https://dlt.by/image/catalog/tovar/dlt_maxline/new/18.jpg,https://dlt.by/image/catalog/tovar/dlt_maxline/new/1.jpg,https://dlt.by/image/catalog/tovar/dlt_maxline/new/19.jpg,,,,,,,,,,,,,,,,,"
"Плиткорез DLT MAXLINE, рез до 1070мм, арт.0606",Плиткорезы ручные>Плиткорезы DLT,606,24 376.32,"https://dlt.by/image/catalog/easyphoto/1169/plitkorez-dlt-maxline-rez-do-1070mm-1.jpg,https://dlt.by/image/catalog/tovar/dlt_maxline/new/2.jpg,https://dlt.by/image/catalog/tovar/dlt_maxline/new/3.jpg,https://dlt.by/image/catalog/tovar/dlt_maxline/new/4.jpg,https://dlt.by/image/catalog/tovar/dlt_maxline/new/5.jpg,https://dlt.by/image/catalog/tovar/dlt_maxline/new/6.jpg,https://dlt.by/image/catalog/tovar/dlt_maxline/new/7.jpg,https://dlt.by/image/catalog/tovar/dlt_maxline/new/7-1.jpg,https://dlt.by/image/catalog/tovar/dlt_maxline/new/8.jpg,https://dlt.by/image/catalog/tovar/dlt_maxline/new/8-1.jpg,https://dlt.by/image/catalog/tovar/dlt_maxline/new/9.jpg,https://dlt.by/image/catalog/tovar/dlt_maxline/new/10.jpg,https://dlt.by/image/catalog/tovar/dlt_maxline/new/11.jpg,https://dlt.by/image/catalog/tovar/dlt_maxline/new/12.jpg,https://dlt.by/image/catalog/easyphoto/1169/plitkorez-dlt-maxline-rez-do-1070mm-2.jpg,https://dlt.by/image/catalog/easyphoto/1169/plitkorez-dlt-maxline-rez-do-1070mm-3.jpg,https://dlt.by/image/catalog/easyphoto/1169/plitkorez-dlt-maxline-rez-do-1070mm-4.jpg,https://dlt.by/image/catalog/easyphoto/1169/plitkorez-dlt-maxline-rez-do-1070mm-5.jpg,https://dlt.by/image/catalog/easyphoto/1169/plitkorez-dlt-maxline-rez-do-1070mm-6.jpg,https://dlt.by/image/catalog/tovar/dlt_maxline/new/13.jpg,https://dlt.by/image/catalog/tovar/dlt_maxline/new/14.jpg,https://dlt.by/image/catalog/tovar/dlt_maxline/new/15.jpg,https://dlt.by/image/catalog/tovar/dlt_maxline/new/16.jpg,https://dlt.by/image/catalog/tovar/dlt_maxline/new/17.jpg,https://dlt.by/image/catalog/tovar/dlt_maxline/new/18.jpg,https://dlt.by/image/catalog/tovar/dlt_maxline/new/19.jpg,,,,,,,,,,,,,,,,,,,,"
"Плиткорез DLT MAXLINE, рез до 1270мм, арт.0607",Плиткорезы ручные>Плиткорезы DLT,607,29 492.34,"https://dlt.by/image/catalog/easyphoto/1170/plitkorez-dlt-maxline-rez-do-1270mm-1.jpg,https://dlt.by/image/catalog/tovar/dlt_maxline/new/1-1.jpg,https://dlt.by/image/catalog/tovar/dlt_maxline/new/1-2.jpg,https://dlt.by/image/catalog/tovar/dlt_maxline/new/3.jpg,https://dlt.by/image/catalog/tovar/dlt_maxline/new/4.jpg,https://dlt.by/image/catalog/tovar/dlt_maxline/new/5.jpg,https://dlt.by/image/catalog/tovar/dlt_maxline/new/6.jpg,https://dlt.by/image/catalog/tovar/dlt_maxline/new/7.jpg,https://dlt.by/image/catalog/tovar/dlt_maxline/new/7-1.jpg,https://dlt.by/image/catalog/tovar/dlt_maxline/new/8.jpg,https://dlt.by/image/catalog/tovar/dlt_maxline/new/8-1.jpg,https://dlt.by/image/catalog/tovar/dlt_maxline/new/9.jpg,https://dlt.by/image/catalog/tovar/dlt_maxline/new/10.jpg,https://dlt.by/image/catalog/tovar/dlt_maxline/new/11.jpg,https://dlt.by/image/catalog/easyphoto/1170/plitkorez-dlt-maxline-rez-do-1270mm-2.jpg,https://dlt.by/image/catalog/easyphoto/1170/plitkorez-dlt-maxline-rez-do-1270mm-4.jpg,https://dlt.by/image/catalog/easyphoto/1170/plitkorez-dlt-maxline-rez-do-1270mm-6.jpg,https://dlt.by/image/catalog/easyphoto/1170/plitkorez-dlt-maxline-rez-do-1270mm-5.jpg,https://dlt.by/image/catalog/tovar/dlt_maxline/new/12.jpg,https://dlt.by/image/catalog/easyphoto/1170/plitkorez-dlt-maxline-rez-do-1270mm-3.jpg,https://dlt.by/image/catalog/tovar/dlt_maxline/new/13.jpg,https://dlt.by/image/catalog/tovar/dlt_maxline/new/14.jpg,https://dlt.by/image/catalog/tovar/dlt_maxline/new/15.jpg,https://dlt.by/image/catalog/tovar/dlt_maxline/new/16.jpg,https://dlt.by/image/catalog/tovar/dlt_maxline/new/17.jpg,https://dlt.by/image/catalog/tovar/dlt_maxline/new/18.jpg,https://dlt.by/image/catalog/tovar/dlt_maxline/new/19.jpg,https://dlt.by/image/catalog/tovar/dlt_maxline/new/1.jpg,,,,,,,,,,,,,,,,,,"
"Плиткорез DLT MAXLINE, рез до 1670мм, арт.0608",Плиткорезы ручные>Плиткорезы DLT,608,35 210.24,"https://dlt.by/image/catalog/easyphoto/1171/plitkorez-dlt-maxline-rez-do-1670mm-art-0608-7.jpg,https://dlt.by/image/catalog/easyphoto/1171/plitkorez-dlt-maxline-rez-do-1670mm-art-0608-8.jpg,https://dlt.by/image/catalog/easyphoto/1171/plitkorez-dlt-maxline-rez-do-1670mm-art-0608-11.jpg,https://dlt.by/image/catalog/easyphoto/1171/plitkorez-dlt-maxline-rez-do-1670mm-art-0608-9.jpg,https://dlt.by/image/catalog/easyphoto/1171/plitkorez-dlt-maxline-rez-do-1670mm-art-0608-13.jpg,https://dlt.by/image/catalog/easyphoto/1171/plitkorez-dlt-maxline-rez-do-1670mm-art-0608-10.jpg,https://dlt.by/image/catalog/easyphoto/1171/plitkorez-dlt-maxline-rez-do-1670mm-art-0608-12.jpg,https://dlt.by/image/catalog/easyphoto/1171/plitkorez-dlt-maxline-rez-do-1670mm-art-0608-14.jpg,https://dlt.by/image/catalog/easyphoto/1171/plitkorez-dlt-maxline-rez-do-1670mm-art-0608-16.jpg,https://dlt.by/image/catalog/easyphoto/1171/plitkorez-dlt-maxline-rez-do-1670mm-art-0608-15.jpg,https://dlt.by/image/catalog/easyphoto/1171/plitkorez-dlt-maxline-rez-do-1670mm-art-0608-17.jpg,https://dlt.by/image/catalog/easyphoto/1171/plitkorez-dlt-maxline-rez-do-1670mm-art-0608-18.jpg,https://dlt.by/image/catalog/easyphoto/1171/plitkorez-dlt-maxline-rez-do-1670mm-art-0608-19.jpg,https://dlt.by/image/catalog/easyphoto/1171/plitkorez-dlt-maxline-rez-do-1670mm-art-0608-20.jpg,https://dlt.by/image/catalog/easyphoto/1171/plitkorez-dlt-maxline-rez-do-1670mm-art-0608-21.jpg,https://dlt.by/image/catalog/easyphoto/1171/plitkorez-dlt-maxline-rez-do-1670mm-art-0608-22.jpg,https://dlt.by/image/catalog/easyphoto/1171/plitkorez-dlt-maxline-rez-do-1670mm-art-0608-23.jpg,https://dlt.by/image/catalog/easyphoto/1171/plitkorez-dlt-maxline-rez-do-1670mm-art-0608-24.jpg,https://dlt.by/image/catalog/easyphoto/1171/plitkorez-dlt-maxline-rez-do-1670mm-art-0608-25.jpg,https://dlt.by/image/catalog/easyphoto/1171/plitkorez-dlt-maxline-rez-do-1670mm-art-0608-26.jpg,https://dlt.by/image/catalog/easyphoto/1171/plitkorez-dlt-maxline-rez-do-1670mm-art-0608-27.jpg,https://dlt.by/image/catalog/easyphoto/1171/plitkorez-dlt-maxline-rez-do-1670mm-art-0608-28.jpg,,,,,,,,,,,,,,,,,,,,,,,,"
"Плиткорез DLT MAXLINE, рез до 1870мм, арт.0609",Плиткорезы ручные>Плиткорезы DLT,609,38 219.67,"https://dlt.by/image/catalog/easyphoto/1172/plitkorez-dlt-maxline-rez-do-1870mm-art-0609-8.jpg,https://dlt.by/image/catalog/easyphoto/1172/plitkorez-dlt-maxline-rez-do-1870mm-art-0609-9.jpg,https://dlt.by/image/catalog/easyphoto/1172/plitkorez-dlt-maxline-rez-do-1870mm-art-0609-10.jpg,https://dlt.by/image/catalog/easyphoto/1172/plitkorez-dlt-maxline-rez-do-1870mm-art-0609-11.jpg,https://dlt.by/image/catalog/easyphoto/1172/plitkorez-dlt-maxline-rez-do-1870mm-art-0609-12.jpg,https://dlt.by/image/catalog/easyphoto/1172/plitkorez-dlt-maxline-rez-do-1870mm-art-0609-13.jpg,https://dlt.by/image/catalog/easyphoto/1172/plitkorez-dlt-maxline-rez-do-1870mm-art-0609-14.jpg,https://dlt.by/image/catalog/easyphoto/1172/plitkorez-dlt-maxline-rez-do-1870mm-art-0609-15.jpg,https://dlt.by/image/catalog/easyphoto/1172/plitkorez-dlt-maxline-rez-do-1870mm-art-0609-16.jpg,https://dlt.by/image/catalog/easyphoto/1172/plitkorez-dlt-maxline-rez-do-1870mm-art-0609-17.jpg,https://dlt.by/image/catalog/easyphoto/1172/plitkorez-dlt-maxline-rez-do-1870mm-art-0609-18.jpg,https://dlt.by/image/catalog/easyphoto/1172/plitkorez-dlt-maxline-rez-do-1870mm-art-0609-19.jpg,https://dlt.by/image/catalog/easyphoto/1172/plitkorez-dlt-maxline-rez-do-1870mm-art-0609-20.jpg,https://dlt.by/image/catalog/easyphoto/1172/plitkorez-dlt-maxline-rez-do-1870mm-art-0609-21.jpg,https://dlt.by/image/catalog/easyphoto/1172/plitkorez-dlt-maxline-rez-do-1870mm-art-0609-22.jpg,https://dlt.by/image/catalog/easyphoto/1172/plitkorez-dlt-maxline-rez-do-1870mm-art-0609-23.jpg,https://dlt.by/image/catalog/easyphoto/1172/plitkorez-dlt-maxline-rez-do-1870mm-art-0609-24.jpg,https://dlt.by/image/catalog/easyphoto/1172/plitkorez-dlt-maxline-rez-do-1870mm-art-0609-25.jpg,https://dlt.by/image/catalog/easyphoto/1172/plitkorez-dlt-maxline-rez-do-1870mm-art-0609-26.jpg,https://dlt.by/image/catalog/easyphoto/1172/plitkorez-dlt-maxline-rez-do-1870mm-art-0609-27.jpg,https://dlt.by/image/catalog/easyphoto/1172/plitkorez-dlt-maxline-rez-do-1870mm-art-0609-28.jpg,https://dlt.by/image/catalog/easyphoto/1172/plitkorez-dlt-maxline-rez-do-1870mm-art-0609-29.jpg,,,,,,,,,,,,,,,,,,,,,,,,"
"Одинарная присоска для гладкой поверхности P610, арт.0602",Инструмент для укладки плитки>Присоски для плитки и стекла>Обычные присоски,602,872.73,"https://dlt.by/image/catalog/easyphoto/1173/odinarnaya-prisoska-dlya-gladkoy-i-sherohovatoy-poverhnosti-p610-1.jpg,https://dlt.by/image/catalog/easyphoto/1173/odinarnaya-prisoska-dlya-gladkoy-i-sherohovatoy-poverhnosti-p610-2.jpg,https://dlt.by/image/catalog/easyphoto/1173/odinarnaya-prisoska-dlya-gladkoy-i-sherohovatoy-poverhnosti-p610-3.jpg,https://dlt.by/image/catalog/easyphoto/1173/odinarnaya-prisoska-dlya-gladkoy-i-sherohovatoy-poverhnosti-p610-4.jpg,,,,,,,,,,,,,,,,,,,,,,,,,,,,,,,,,,,,,,,,,,"
"Двойная присоска DLT P620 для гладкой поверхности, арт.0601",Инструмент для укладки плитки>Присоски для плитки и стекла>Обычные присоски,601,1 715.37,"https://dlt.by/image/catalog/easyphoto/1174/dvoynaya-prisoska-dlya-gladkoy-i-sherohovatoy-poverhnosti-dlt-p620-2.jpg,https://dlt.by/image/catalog/easyphoto/1174/dvoynaya-prisoska-dlya-gladkoy-i-sherohovatoy-poverhnosti-dlt-p620-3.jpg,https://dlt.by/image/catalog/easyphoto/1174/dvoynaya-prisoska-dlya-gladkoy-i-sherohovatoy-poverhnosti-dlt-p620-4.jpg,https://dlt.by/image/catalog/easyphoto/1174/dvoynaya-prisoska-dlya-gladkoy-i-sherohovatoy-poverhnosti-dlt-p620-5.jpg,https://dlt.by/image/catalog/easyphoto/1174/dvoynaya-prisoska-dlya-gladkoy-i-sherohovatoy-poverhnosti-dlt-p620-6.jpg,https://dlt.by/image/catalog/easyphoto/1174/dvoynaya-prisoska-dlya-gladkoy-i-sherohovatoy-poverhnosti-dlt-p620-7.jpg,,,,,,,,,,,,,,,,,,,,,,,,,,,,,,,,,,,,,,,,"
"Система фиксации углов DLT P621, арт.0600",Инструмент для укладки плитки>Присоски для плитки и стекла>Системы стягивания и фиксации,600,2 407.54,"https://dlt.by/image/catalog/easyphoto/1175/sistema-fiksatsii-uglov-dlt-p621-1.jpg,https://dlt.by/image/catalog/easyphoto/1175/sistema-fiksatsii-uglov-dlt-p621-2.jpg,https://dlt.by/image/catalog/easyphoto/1175/sistema-fiksatsii-uglov-dlt-p621-3.jpg,https://dlt.by/image/catalog/easyphoto/1175/sistema-fiksatsii-uglov-dlt-p621-4.jpg,https://dlt.by/image/catalog/easyphoto/1175/sistema-fiksatsii-uglov-dlt-p621-5.jpg,https://dlt.by/image/catalog/easyphoto/1175/sistema-fiksatsii-uglov-dlt-p621-6.jpg,https://dlt.by/image/catalog/easyphoto/1175/sistema-fiksatsii-uglov-dlt-p621-7.jpg,https://dlt.by/image/catalog/easyphoto/1175/sistema-fiksatsii-uglov-dlt-p621-8.jpg,https://dlt.by/image/catalog/easyphoto/1175/sistema-fiksatsii-uglov-dlt-p621-9.jpg,https://dlt.by/image/catalog/easyphoto/1175/sistema-fiksatsii-uglov-dlt-p621-10.jpg,,,,,,,,,,,,,,,,,,,,,,,,,,,,,,,,,,,,"
"Регулятор плиточного пространства DLT (система стягивания) P622, арт.0599","Акции на строительный инструмент,Инструмент для укладки плитки>Присоски для плитки и стекла>Обычные присоски,Инструмент для укладки плитки>Присоски для плитки и стекла>Системы стягивания и фиксации,Инструмент для укладки плитки>Крупноформат,Инструмент для укладки плитки>Системы стягивания и фиксации",599,2 407.54,"https://dlt.by/image/catalog/easyphoto/1176/regulyator-plitochnogo-prostranstva-dlt-sistema-styagivaniya-p622-1.jpg,https://dlt.by/image/catalog/easyphoto/1176/regulyator-plitochnogo-prostranstva-dlt-sistema-styagivaniya-p622-2.jpg,https://dlt.by/image/catalog/easyphoto/1176/regulyator-plitochnogo-prostranstva-dlt-sistema-styagivaniya-p622-3.jpg,https://dlt.by/image/catalog/easyphoto/1176/regulyator-plitochnogo-prostranstva-dlt-sistema-styagivaniya-p622-4.jpg,https://dlt.by/image/catalog/easyphoto/1176/regulyator-plitochnogo-prostranstva-dlt-sistema-styagivaniya-p622-5.jpg,https://dlt.by/image/catalog/easyphoto/1176/regulyator-plitochnogo-prostranstva-dlt-sistema-styagivaniya-p622-6.jpg,https://dlt.by/image/catalog/easyphoto/1176/regulyator-plitochnogo-prostranstva-dlt-sistema-styagivaniya-p622-7.jpg,https://dlt.by/image/catalog/easyphoto/1176/regulyator-plitochnogo-prostranstva-dlt-sistema-styagivaniya-p622-8.jpg,,,,,,,,,,,,,,,,,,,,,,,,,,,,,,,,,,,,,,"
"Алмазный диск для резки и заусовки плитки под 45°, DLT №1, арт.0939",Алмазная оснастка>Алмазные диски>Алмазные диски для заусовки плитки под 45°,939,1 564.90,"https://dlt.by/image/catalog/tovar/dlt1_45/1.jpg,https://dlt.by/image/catalog/tovar/almdisk/0939/2-800x800.jpg,https://dlt.by/image/catalog/tovar/dlt1_45/3.jpg,,,,,,,,,,,,,,,,,,,,,,,,,,,,,,,,,,,,,,,,,,,"
"Набор алмазных коронок №9/1, арт.1085",Алмазная оснастка>Алмазные коронки для плитки>Наборы алмазных коронок,1085,7 192.52,"https://dlt.by/image/catalog/tovar/nabor_koronok_ceramic_pro/nab9/1.jpg,https://dlt.by/image/catalog/tovar/nabor_koronok_ceramic_pro/nab9/2.jpg,https://dlt.by/image/catalog/tovar/nabordlti9plitok/keysi/nom2/kejs_6_2_.jpg,,,,,,,,,,,,,,,,,,,,,,,,,,,,,,,,,,,,,,,,,,,"
"Маяк для наливного пола 70 мм 3D KRESTIKI (20 шт.), арт.1101",Система выравнивания плитки (СВП),1101,367.15,"https://dlt.by/image/catalog/tovar/svp_new/mayak/1_1_1.jpg,https://dlt.by/image/catalog/tovar/svp_new/mayak/1-1.jpg,https://dlt.by/image/catalog/tovar/svp_new/mayak/1-2.png,https://dlt.by/image/catalog/tovar/svp_new/mayak/1-3.png,https://dlt.by/image/catalog/tovar/svp_new/mayak/2.jpg,https://dlt.by/image/catalog/tovar/svp_new/mayak/3.jpg,https://dlt.by/image/catalog/tovar/svp_new/mayak/4.jpg,https://dlt.by/image/catalog/tovar/svp_new/mayak/5.jpg,https://dlt.by/image/catalog/tovar/svp_new/mayak/6.jpg,https://dlt.by/image/catalog/tovar/svp_new/mayak/7.jpg,https://dlt.by/image/catalog/tovar/svp_new/mayak/8.jpg,https://dlt.by/image/catalog/tovar/svp_new/mayak/9.jpg,https://dlt.by/image/catalog/tovar/svp_new/mayak/10.jpg,https://dlt.by/image/catalog/tovar/svp_new/mayak/11.jpg,https://dlt.by/image/catalog/tovar/svp_new/mayak/12.jpg,https://dlt.by/image/catalog/tovar/svp_new/mayak/13.jpg,https://dlt.by/image/catalog/tovar/svp_new/mayak/14.jpg,https://dlt.by/image/catalog/tovar/svp_new/mayak/15.jpg,https://dlt.by/image/catalog/tovar/svp_new/mayak/16.jpg,https://dlt.by/image/catalog/tovar/svp_new/mayak/17.jpg,,,,,,,,,,,,,,,,,,,,,,,,,,"
"Окошко защитное для лазерного уровня HUEPAR (GW01V-902), арт.1124",Лазерные нивелиры (лазерные уровни)>Аксессуары,1124,1 504.71,"https://dlt.by/image/catalog/tovar/okoshko/gw01v-902/1.jpg,https://dlt.by/image/catalog/tovar/okoshko/gw01v-902/2.jpg,,,,,,,,,,,,,,,,,,,,,,,,,,,,,,,,,,,,,,,,,,,,"
"Винт-переходник DLT с резьбы 5/8 дюйма на 1/4 дюйма, арт.0004",Аксессуары к нивелирам,4,216.68,"https://dlt.by/image/catalog/image/catalog/tovar/5814/0.jpg,https://dlt.by/image/catalog/tovar/5814/1.jpg,https://dlt.by/image/catalog/tovar/5814/3.jpg,https://dlt.by/image/catalog/tovar/5814/4.jpg,https://dlt.by/image/catalog/tovar/5814/5.jpg,https://dlt.by/image/catalog/tovar/5814/6.jpg,,,,,,,,,,,,,,,,,,,,,,,,,,,,,,,,,,,,,,,,"
"Алмазный диск BIHUI MINI THIN TURBO, 50мм, арт.DCW50",Алмазная оснастка>Алмазные диски>Алмазные диски под СВП (T-диски),DCW50,1 083.39,"https://dlt.by/image/catalog/tovar/almdiskbihb/50mm/new/1.jpg,https://dlt.by/image/catalog/tovar/almdiskbihb/50mm/new/3.jpg,https://dlt.by/image/catalog/tovar/almdiskbihb/50mm/new/2.jpg,https://dlt.by/image/catalog/easyphoto/1178/almaznyy-disk-bihui-mini-thin-turbo-50mm-art-dcw50-1.png,,,,,,,,,,,,,,,,,,,,,,,,,,,,,,,,,,,,,,,,,,"
"Система водяного охлаждения для плиткореза BIHUI, арт.LFECP",Плиткорезы электрические (камнерезы/мокрорезы)>Аксессуары для электрических плиткорезов,LFECP,4 062.72,"https://dlt.by/image/catalog/tovar/vodnik/1.jpg,https://dlt.by/image/catalog/tovar/vodnik/2.jpg,https://dlt.by/image/catalog/tovar/vodnik/3.jpg,,,,,,,,,,,,,,,,,,,,,,,,,,,,,,,,,,,,,,,,,,,"
"Мешок-пылесборник для строительного пылесоса DLT EXTRALINE PL30, бумажный, арт.0588",Пылесосы строительные>Фильтры и мешки-пылесборники,588,337.06,"https://dlt.by/image/catalog/meshok_pl30/1.jpg,https://dlt.by/image/catalog/meshok_pl30/2.jpg,https://dlt.by/image/catalog/meshok_pl30/3.jpg,,,,,,,,,,,,,,,,,,,,,,,,,,,,,,,,,,,,,,,,,,,"
"Стол для работы с крупноформатным керамогранитом DLT TL180, арт.0795",Инструмент для укладки плитки>Крупноформат,795,49 655.47,"https://dlt.by/image/catalog/tovar/stol_dlt/new_1/1.jpg,https://dlt.by/image/catalog/tovar/stol_dlt/new_1/1-1.jpg,https://dlt.by/image/catalog/tovar/stol_dlt/new_1/2.jpg,https://dlt.by/image/catalog/tovar/stol_dlt/new_1/3.jpg,https://dlt.by/image/catalog/tovar/stol_dlt/new_1/3-1.png,https://dlt.by/image/catalog/tovar/stol_dlt/new_1/3-2.jpg,https://dlt.by/image/catalog/tovar/stol_dlt/new_1/4.png,https://dlt.by/image/catalog/tovar/stol_dlt/new_1/4-1.jpg,https://dlt.by/image/catalog/tovar/stol_dlt/new_1/5.jpg,https://dlt.by/image/catalog/tovar/stol_dlt/new_1/7.jpg,https://dlt.by/image/catalog/tovar/stol_dlt/new_1/8.jpg,https://dlt.by/image/catalog/tovar/stol_dlt/new_1/9.jpg,https://dlt.by/image/catalog/tovar/stol_dlt/new_1/10.jpg,https://dlt.by/image/catalog/tovar/stol_dlt/new_1/11.jpg,https://dlt.by/image/catalog/tovar/stol_dlt/new_1/12.jpg,https://dlt.by/image/catalog/tovar/stol_dlt/new_1/13.jpg,https://dlt.by/image/catalog/tovar/stol_dlt/new_1/14.jpg,https://dlt.by/image/catalog/tovar/stol_dlt/new_1/15.jpg,https://dlt.by/image/catalog/tovar/stol_dlt/new_1/16.jpg,,,,,,,,,,,,,,,,,,,,,,,,,,,"
"АГШК DLT №1, для сухой и мокрой шлифовки, #50, 100мм, арт.0644",Инструмент для укладки плитки>Круг алмазный гибкий шлифовальный>АГШК #50-60,644,541.70,"https://dlt.by/image/catalog/tovar/aghk_dlt/dlt_1/zer_50/1.jpg,https://dlt.by/image/catalog/tovar/aghk_dlt/dlt_1/zer_50/2.jpg,https://dlt.by/image/catalog/tovar/aghk_dlt/dlt_1/zer_50/3.jpg,https://dlt.by/image/catalog/tovar/aghk_dlt/dlt_1/zer_50/4.jpg,https://dlt.by/image/catalog/tovar/aghk_dlt/dlt_1/zer_50/5.jpg,,,,,,,,,,,,,,,,,,,,,,,,,,,,,,,,,,,,,,,,,"
"Разделитель (сепаратор) BIHUI, арт.LFTBD",Плиткорезы ручные>Аксессуары для ручных плиткорезов,LFTBD,6 018.85,"https://dlt.by/image/catalog/tovar/lftbd/1.jpg,https://dlt.by/image/catalog/tovar/lftbd/2.jpg,https://dlt.by/image/catalog/tovar/lftbd/3.jpg,https://dlt.by/image/catalog/tovar/lftbd/4.jpg,,,,,,,,,,,,,,,,,,,,,,,,,,,,,,,,,,,,,,,,,,"
"Кованый гвоздь DLT Bullet Point по бетону металлу и кирпичу,16мм, (1000шт) , арт.0115",Монтажные пистолеты>Гвозди для монтажных пистолетов,115,1 655.18,"https://dlt.by/image/catalog/image/catalog/tovar/gvozdi/1.jpg,https://dlt.by/image/catalog/tovar/gvozdi/11_1615788478.jpg,https://dlt.by/image/catalog/tovar/gvozdi/izobrazhenie_viber_2020-08-31_10-20-22.jpg,https://dlt.by/image/catalog/tovar/gvozdi/2.jpg,https://dlt.by/image/catalog/tovar/gvozdi/3.jpg,https://dlt.by/image/catalog/tovar/gvozdi/4.jpg,https://dlt.by/image/catalog/tovar/gvozdi/5.jpg,https://dlt.by/image/catalog/tovar/gvozdi/6.png,,,,,,,,,,,,,,,,,,,,,,,,,,,,,,,,,,,,,,"
"Кованый гвоздь DLT Bullet Point по бетону металлу и кирпичу,19мм, (1000шт) , арт.0117",Монтажные пистолеты>Гвозди для монтажных пистолетов,117,1 745.47,"https://dlt.by/image/catalog/image/catalog/tovar/gvozdi/1-1.jpg,https://dlt.by/image/catalog/tovar/gvozdi/11_1615788478.jpg,https://dlt.by/image/catalog/tovar/gvozdi/izobrazhenie_viber_2020-08-31_10-20-22.jpg,https://dlt.by/image/catalog/tovar/gvozdi/2.jpg,https://dlt.by/image/catalog/tovar/gvozdi/3.jpg,https://dlt.by/image/catalog/tovar/gvozdi/4.jpg,https://dlt.by/image/catalog/tovar/gvozdi/5.jpg,https://dlt.by/image/catalog/tovar/gvozdi/6.png,,,,,,,,,,,,,,,,,,,,,,,,,,,,,,,,,,,,,,"
"Кованый гвоздь DLT Bullet Point по бетону металлу и кирпичу,22мм, (1000шт) , арт.0116",Монтажные пистолеты>Гвозди для монтажных пистолетов,116,1 805.65,"https://dlt.by/image/catalog/image/catalog/tovar/gvozdi/1-2.jpg,https://dlt.by/image/catalog/tovar/gvozdi/11_1615788478.jpg,https://dlt.by/image/catalog/tovar/gvozdi/izobrazhenie_viber_2020-08-31_10-20-22.jpg,https://dlt.by/image/catalog/tovar/gvozdi/2.jpg,https://dlt.by/image/catalog/tovar/gvozdi/3.jpg,https://dlt.by/image/catalog/tovar/gvozdi/4.jpg,https://dlt.by/image/catalog/tovar/gvozdi/5.jpg,https://dlt.by/image/catalog/tovar/gvozdi/6.png,,,,,,,,,,,,,,,,,,,,,,,,,,,,,,,,,,,,,,"
"Кованый гвоздь DLT Bullet Point по бетону металлу и кирпичу,25мм,(1000шт) , арт.0118",Монтажные пистолеты>Гвозди для монтажных пистолетов,118,1 895.94,"https://dlt.by/image/catalog/image/catalog/tovar/gvozdi/1-3.jpg,https://dlt.by/image/catalog/tovar/gvozdi/11_1615788478.jpg,https://dlt.by/image/catalog/tovar/gvozdi/izobrazhenie_viber_2020-08-31_10-20-22.jpg,https://dlt.by/image/catalog/tovar/gvozdi/2.jpg,https://dlt.by/image/catalog/tovar/gvozdi/3.jpg,https://dlt.by/image/catalog/tovar/gvozdi/4.jpg,https://dlt.by/image/catalog/tovar/gvozdi/5.jpg,https://dlt.by/image/catalog/tovar/gvozdi/6.png,,,,,,,,,,,,,,,,,,,,,,,,,,,,,,,,,,,,,,"
"Кованый гвоздь DLT Bullet Point по бетону металлу и кирпичу,32мм, (1000шт) , арт.0119",Монтажные пистолеты>Гвозди для монтажных пистолетов,119,2 106.60,"https://dlt.by/image/catalog/image/catalog/tovar/gvozdi/1-4.jpg,https://dlt.by/image/catalog/tovar/gvozdi/11_1615788478.jpg,https://dlt.by/image/catalog/tovar/gvozdi/izobrazhenie_viber_2020-08-31_10-20-22.jpg,https://dlt.by/image/catalog/tovar/gvozdi/2.jpg,https://dlt.by/image/catalog/tovar/gvozdi/3.jpg,https://dlt.by/image/catalog/tovar/gvozdi/4.jpg,https://dlt.by/image/catalog/tovar/gvozdi/5.jpg,https://dlt.by/image/catalog/tovar/gvozdi/6.png,,,,,,,,,,,,,,,,,,,,,,,,,,,,,,,,,,,,,,"
"Набор алмазных коронок №14/1, арт.1089",Алмазная оснастка>Наборы алмазных коронок,1089,12 880.33,"https://dlt.by/image/catalog/tovar/nabor_koronok_ceramic_pro/nab14/new/1.jpg,https://dlt.by/image/catalog/tovar/nabor_koronok_ceramic_pro/nab14/14-_1-.jpg,https://dlt.by/image/catalog/tovar/nabordlti9plitok/keysi/nom4/kejs_3_2_.jpg,,,,,,,,,,,,,,,,,,,,,,,,,,,,,,,,,,,,,,,,,,,"
"Набор алмазных коронок №2/1, арт.1035",Алмазная оснастка>Наборы алмазных коронок,1035,11 736.75,"https://dlt.by/image/catalog/tovar/nabor_koronok_ceramic_pro/nab2/new/1.jpg,https://dlt.by/image/catalog/tovar/nabor_koronok_ceramic_pro/nab2/2-1_1-.jpg,https://dlt.by/image/catalog/tovar/nabordlti9plitok/keysi/nom1/kejs_4_2_.jpg,,,,,,,,,,,,,,,,,,,,,,,,,,,,,,,,,,,,,,,,,,,"
"Набор алмазных коронок №6/1, арт.1038",Алмазная оснастка>Наборы алмазных коронок,1038,4 754.89,"https://dlt.by/image/catalog/tovar/nabor_koronok_ceramic_pro/nab6/new/1.jpg,https://dlt.by/image/catalog/tovar/nabor_koronok_ceramic_pro/nab6/6-1_1-.jpg,https://dlt.by/image/catalog/tovar/nabordlti9plitok/keysi/nom2/kejs_6_2_.jpg,,,,,,,,,,,,,,,,,,,,,,,,,,,,,,,,,,,,,,,,,,,"
"Набор алмазных коронок №7/1, арт.1083",Алмазная оснастка>Наборы алмазных коронок,1083,5 416.96,"https://dlt.by/image/catalog/tovar/nabor_koronok_ceramic_pro/nab7/new/1.jpg,https://dlt.by/image/catalog/tovar/nabor_koronok_ceramic_pro/nab7/7-1_1-.jpg,https://dlt.by/image/catalog/tovar/nabordlti9plitok/keysi/nom2/kejs_6_2_.jpg,,,,,,,,,,,,,,,,,,,,,,,,,,,,,,,,,,,,,,,,,,,"
"Очки HUEPAR Laser Glasses RED для лазерного нивелира, арт.0740",Лазерные нивелиры (лазерные уровни)>Аксессуары,740,752.36,"https://dlt.by/image/catalog/tovar/ochred/new/1.jpg,https://dlt.by/image/catalog/tovar/ochred/new/2.jpg,https://dlt.by/image/catalog/tovar/ochred/new/3.jpg,https://dlt.by/image/catalog/tovar/ochred/new/3-1.jpg,https://dlt.by/image/catalog/tovar/ochred/new/4.jpg,https://dlt.by/image/catalog/tovar/ochred/new/5.jpg,https://dlt.by/image/catalog/tovar/ochred/new/8.jpg,https://dlt.by/image/catalog/tovar/ochred/new/9.jpg,,,,,,,,,,,,,,,,,,,,,,,,,,,,,,,,,,,,,,"
"Очки HUEPAR Laser Glasses GREEN для лазерного нивелира, арт.0739",Аксессуары к нивелирам,739,601.88,"https://dlt.by/image/catalog/tovar/ochgreen/new/1.jpg,https://dlt.by/image/catalog/tovar/ochgreen/new/2.jpg,https://dlt.by/image/catalog/tovar/ochgreen/new/3.jpg,https://dlt.by/image/catalog/tovar/ochgreen/new/4.jpg,https://dlt.by/image/catalog/tovar/ochgreen/new/5.jpg,https://dlt.by/image/catalog/tovar/ochgreen/new/6.jpg,https://dlt.by/image/catalog/tovar/ochgreen/new/7.jpg,https://dlt.by/image/catalog/tovar/ochgreen/new/8.jpg,,,,,,,,,,,,,,,,,,,,,,,,,,,,,,,,,,,,,,"
"Уровень лазерный Huepar S03CG-L, арт.0735",Лазерные нивелиры (лазерные уровни)>3D,735,16 401.35,"https://dlt.by/image/catalog/easyphoto/1200/uroven-lazernyy-huepar-s03cg-l-2.jpg,https://dlt.by/image/catalog/easyphoto/1200/uroven-lazernyy-huepar-s03cg-l-4.jpg,https://dlt.by/image/catalog/easyphoto/1200/uroven-lazernyy-huepar-s03cg-l-5.jpg,https://dlt.by/image/catalog/easyphoto/1200/uroven-lazernyy-huepar-s03cg-l-6.jpg,https://dlt.by/image/catalog/easyphoto/1200/uroven-lazernyy-huepar-s03cg-l-7.jpg,https://dlt.by/image/catalog/easyphoto/1200/uroven-lazernyy-huepar-s03cg-l-11.jpg,https://dlt.by/image/catalog/easyphoto/1200/uroven-lazernyy-huepar-s03cg-l-8.jpg,https://dlt.by/image/catalog/easyphoto/1200/uroven-lazernyy-huepar-s03cg-l-9.jpg,https://dlt.by/image/catalog/easyphoto/1200/uroven-lazernyy-huepar-s03cg-l-10.jpg,https://dlt.by/image/catalog/easyphoto/1200/uroven-lazernyy-huepar-s03cg-l-12.jpg,https://dlt.by/image/catalog/easyphoto/1200/uroven-lazernyy-huepar-s03cg-l-13.jpg,https://dlt.by/image/catalog/easyphoto/1200/uroven-lazernyy-huepar-s03cg-l-14.jpg,https://dlt.by/image/catalog/easyphoto/1200/uroven-lazernyy-huepar-s03cg-l-15.jpg,https://dlt.by/image/catalog/easyphoto/1200/uroven-lazernyy-huepar-s03cg-l-16.jpg,https://dlt.by/image/catalog/easyphoto/1200/uroven-lazernyy-huepar-s03cg-l-17.jpg,https://dlt.by/image/catalog/easyphoto/1200/uroven-lazernyy-huepar-s03cg-l-18.jpg,https://dlt.by/image/catalog/easyphoto/1200/uroven-lazernyy-huepar-s03cg-l-19.jpg,https://dlt.by/image/catalog/easyphoto/1200/uroven-lazernyy-huepar-s03cg-l-20.jpg,https://dlt.by/image/catalog/easyphoto/1200/uroven-lazernyy-huepar-s03cg-l-21.jpg,https://dlt.by/image/catalog/easyphoto/1200/uroven-lazernyy-huepar-s03cg-l-22.jpg,https://dlt.by/image/catalog/easyphoto/1200/uroven-lazernyy-huepar-s03cg-l-23.jpg,https://dlt.by/image/catalog/easyphoto/1200/uroven-lazernyy-huepar-s03cg-l-24.jpg,,,,,,,,,,,,,,,,,,,,,,,,"
"Крепление лазерного уровня PV10+Set, арт.0738",Аксессуары к нивелирам,738,3 611.31,"https://dlt.by/image/catalog/tovar/pv10+set/new/1.jpg,https://dlt.by/image/catalog/tovar/pv10+set/new/1-1.jpg,https://dlt.by/image/catalog/tovar/pv10+set/new/1-2.jpg,https://dlt.by/image/catalog/tovar/pv10+set/new/3.jpg,https://dlt.by/image/catalog/tovar/pv10+set/new/4.jpg,https://dlt.by/image/catalog/tovar/pv10+set/new/5.jpg,https://dlt.by/image/catalog/tovar/pv10+set/new/6.jpg,,,,,,,,,,,,,,,,,,,,,,,,,,,,,,,,,,,,,,,"
"Приемник лазерного луча (ресивер) LR-6RG, арт.0737",Аксессуары к нивелирам,737,3 912.25,"https://dlt.by/image/catalog/tovar/priemnic/new_lr-6rg/new/1.jpg,https://dlt.by/image/catalog/tovar/priemnic/new_lr-6rg/new/2.jpg,https://dlt.by/image/catalog/tovar/priemnic/new_lr-6rg/new/3.jpg,https://dlt.by/image/catalog/tovar/priemnic/new_lr-6rg/new/4.jpg,https://dlt.by/image/catalog/tovar/priemnic/new_lr-6rg/new/5.jpg,https://dlt.by/image/catalog/tovar/priemnic/new_lr-6rg/new/6.jpg,https://dlt.by/image/catalog/tovar/priemnic/new_lr-6rg/new/7.jpg,https://dlt.by/image/catalog/tovar/priemnic/new_lr-6rg/new/10.png,https://dlt.by/image/catalog/tovar/priemnic/new_lr-6rg/new/11.png,https://dlt.by/image/catalog/tovar/priemnic/new_lr-6rg/new/12.png,https://dlt.by/image/catalog/tovar/priemnic/new_lr-6rg/new/13.png,https://dlt.by/image/catalog/tovar/priemnic/new_lr-6rg/new/5.png,https://dlt.by/image/catalog/tovar/priemnic/new_lr-6rg/new/9.png,,,,,,,,,,,,,,,,,,,,,,,,,,,,,,,,,"
"АГШК DLT №1, для сухой и мокрой шлифовки, #200, 100мм, арт.0646",Инструмент для укладки плитки>Круг алмазный гибкий шлифовальный>АГШК #200,646,541.70,"https://dlt.by/image/catalog/tovar/aghk_dlt/dlt_1/zer_200/1.jpg,https://dlt.by/image/catalog/tovar/aghk_dlt/dlt_1/zer_200/2.jpg,https://dlt.by/image/catalog/tovar/aghk_dlt/dlt_1/zer_200/3.jpg,https://dlt.by/image/catalog/tovar/aghk_dlt/dlt_1/zer_200/4.jpg,https://dlt.by/image/catalog/tovar/aghk_dlt/dlt_1/zer_200/5.jpg,,,,,,,,,,,,,,,,,,,,,,,,,,,,,,,,,,,,,,,,,"
"АГШК DLT №1, для сухой и мокрой шлифовки, #400, 100мм, арт.1164",Инструмент для укладки плитки>Круг алмазный гибкий шлифовальный>АГШК #400,1164,601.88,"https://dlt.by/image/catalog/tovar/aghk_dlt/dlt_1/zer_400/1.jpg,https://dlt.by/image/catalog/tovar/aghk_dlt/dlt_1/zer_400/2.jpg,https://dlt.by/image/catalog/tovar/aghk_dlt/dlt_1/zer_400/3.jpg,,,,,,,,,,,,,,,,,,,,,,,,,,,,,,,,,,,,,,,,,,,"
"АГШК DLT №2, для сухой шлифовки, #50, 100мм, арт.0641",Инструмент для укладки плитки>Круг алмазный гибкий шлифовальный>АГШК #50-60,641,511.60,"https://dlt.by/image/catalog/tovar/aghk_dlt/dlt_2/zer_50/1.jpg,https://dlt.by/image/catalog/tovar/aghk_dlt/dlt_2/zer_50/2.jpg,https://dlt.by/image/catalog/tovar/aghk_dlt/dlt_2/zer_50/3.jpg,https://dlt.by/image/catalog/tovar/aghk_dlt/dlt_2/zer_50/4.jpg,https://dlt.by/image/catalog/tovar/aghk_dlt/dlt_2/zer_50/5.jpg,,,,,,,,,,,,,,,,,,,,,,,,,,,,,,,,,,,,,,,,,"
"Механический регулятор высоты плитки DLT, арт.6523S",Инструмент для укладки плитки>Разное для укладки,6523S (0867),481.51,"https://dlt.by/image/catalog/easyphoto/1380/mehanicheskiy-regulyator-vysoty-plitki-dlt-7.jpg,https://dlt.by/image/catalog/easyphoto/1380/mehanicheskiy-regulyator-vysoty-plitki-dlt-8.jpg,https://dlt.by/image/catalog/easyphoto/1380/mehanicheskiy-regulyator-vysoty-plitki-dlt-9.jpg,https://dlt.by/image/catalog/easyphoto/1380/mehanicheskiy-regulyator-vysoty-plitki-dlt-10.jpg,https://dlt.by/image/catalog/easyphoto/1380/mehanicheskiy-regulyator-vysoty-plitki-dlt-11.jpg,https://dlt.by/image/catalog/easyphoto/1380/mehanicheskiy-regulyator-vysoty-plitki-dlt-12.jpg,,,,,,,,,,,,,,,,,,,,,,,,,,,,,,,,,,,,,,,,"
"Сумка DLT для механического плиткореза до 900мм, арт.0863",Плиткорезы ручные>Аксессуары для ручных плиткорезов>Сумки,863,1 655.18,"https://dlt.by/image/catalog/easyphoto/1377/sumka-dlya-mehanicheskogo-plitkoreza-dlt-900-1.jpg,https://dlt.by/image/catalog/easyphoto/1377/sumka-dlya-mehanicheskogo-plitkoreza-dlt-900-2.jpg,https://dlt.by/image/catalog/easyphoto/1377/sumka-dlya-mehanicheskogo-plitkoreza-dlt-900-3.jpg,,,,,,,,,,,,,,,,,,,,,,,,,,,,,,,,,,,,,,,,,,,"
"Гальванический алмазный гибкий шлифовальный круг DLT&9plitok, #400, 100мм, Премиум класс, арт.0633",Инструмент для укладки плитки>Круг алмазный гибкий шлифовальный>АГШК #400,633,1 504.71,"https://dlt.by/image/catalog/tovar/aghk_dlt/dlt_9plitok_gal/zer_400/0.jpg,https://dlt.by/image/catalog/tovar/aghk_dlt/dlt_9plitok_gal/zer_400/1.jpg,https://dlt.by/image/catalog/tovar/aghk_dlt/dlt_9plitok_gal/zer_400/2.jpg,https://dlt.by/image/catalog/tovar/aghk_dlt/dlt_9plitok_gal/zer_400/3.jpg,https://dlt.by/image/catalog/tovar/aghk_dlt/dlt_9plitok_gal/zer_400/3-1.jpg,https://dlt.by/image/catalog/tovar/aghk_dlt/dlt_9plitok_gal/zer_50/4.jpg,https://dlt.by/image/catalog/tovar/aghk_dlt/dlt_9plitok_gal/zer_50/5.jpg,https://dlt.by/image/catalog/tovar/aghk_dlt/dlt_9plitok_gal/zer_50/6.jpg,,,,,,,,,,,,,,,,,,,,,,,,,,,,,,,,,,,,,,"
"Гальванический алмазный гибкий шлифовальный круг DLT&9plitok, #60, 100мм, Премиум класс, арт.0630",Инструмент для укладки плитки>Круг алмазный гибкий шлифовальный>АГШК #50-60,630,1 504.71,"https://dlt.by/image/catalog/easyphoto/1237/galvanicheskiy-almaznyy-gibkiy-shlifovalnyy-krug-dlt-9plitok-60-100mm-premium-klass-2.jpg,https://dlt.by/image/catalog/tovar/aghk_dlt/dlt_9plitok_gal/zer_50/3.jpg,https://dlt.by/image/catalog/tovar/aghk_dlt/dlt_9plitok_gal/zer_50/3-1.jpg,https://dlt.by/image/catalog/tovar/aghk_dlt/dlt_9plitok_gal/zer_50/4.jpg,https://dlt.by/image/catalog/tovar/aghk_dlt/dlt_9plitok_gal/zer_50/5.jpg,https://dlt.by/image/catalog/tovar/aghk_dlt/dlt_9plitok_gal/zer_50/6.jpg,https://dlt.by/image/catalog/tovar/aghk_dlt/dlt_9plitok_gal/zer_50/1.jpg,,,,,,,,,,,,,,,,,,,,,,,,,,,,,,,,,,,,,,,"
"АГШК DLT №3, сверхгибкие, для сухой шлифовки, #50,100мм, арт.0634",Инструмент для укладки плитки>Круг алмазный гибкий шлифовальный>АГШК #50-60,634,722.26,"https://dlt.by/image/catalog/tovar/aghk_dlt/dlt_3/zer_50/1.jpg,https://dlt.by/image/catalog/tovar/aghk_dlt/dlt_3/zer_50/2.jpg,https://dlt.by/image/catalog/tovar/aghk_dlt/dlt_3/zer_50/3.jpg,https://dlt.by/image/catalog/tovar/aghk_dlt/dlt_3/zer_50/4.jpg,https://dlt.by/image/catalog/tovar/aghk_dlt/dlt_3/zer_50/5.jpg,https://dlt.by/image/catalog/tovar/aghk_dlt/dlt_3/zer_50/6.jpg,https://dlt.by/image/catalog/tovar/aghk_dlt/dlt_3/zer_50/7.jpg,https://dlt.by/image/catalog/tovar/aghk_dlt/dlt_3/zer_50/8.jpg,,,,,,,,,,,,,,,,,,,,,,,,,,,,,,,,,,,,,,"
"Алмазный шлифовальный круг DLT №5, для шлифовки и запила, #50, 100мм, арт.0650",Инструмент для укладки плитки>Круг алмазный гибкий шлифовальный>АГШК #50-60,650,1 835.75,"https://dlt.by/image/catalog/tovar/aghk_dlt/dlt_5/zer_50/1.jpg,https://dlt.by/image/catalog/tovar/aghk_dlt/dlt_5/zer_50/2.jpg,https://dlt.by/image/catalog/tovar/aghk_dlt/dlt_5/zer_50/3.jpg,https://dlt.by/image/catalog/tovar/aghk_dlt/dlt_5/zer_50/4.jpg,https://dlt.by/image/catalog/tovar/aghk_dlt/dlt_5/zer_50/4-1.jpg,https://dlt.by/image/catalog/tovar/aghk_dlt/dlt_5/zer_50/5.jpg,https://dlt.by/image/catalog/tovar/aghk_dlt/dlt_5/zer_50/6.jpg,https://dlt.by/image/catalog/tovar/aghk_dlt/dlt_5/zer_50/7.jpg,https://dlt.by/image/catalog/tovar/aghk_dlt/dlt_5/zer_50/8.jpg,,,,,,,,,,,,,,,,,,,,,,,,,,,,,,,,,,,,,"
"АГШК DLT №3, сверхгибкие, для сухой шлифовки, #100, 100мм, арт.0635",Инструмент для укладки плитки>Круг алмазный гибкий шлифовальный>АГШК #100,635,722.26,"https://dlt.by/image/catalog/tovar/aghk_dlt/dlt_3/zer_100/1.jpg,https://dlt.by/image/catalog/tovar/aghk_dlt/dlt_3/zer_100/2.jpg,https://dlt.by/image/catalog/tovar/aghk_dlt/dlt_3/zer_100/3.jpg,https://dlt.by/image/catalog/tovar/aghk_dlt/dlt_3/zer_100/4.jpg,https://dlt.by/image/catalog/tovar/aghk_dlt/dlt_3/zer_50/5.jpg,https://dlt.by/image/catalog/tovar/aghk_dlt/dlt_3/zer_50/6.jpg,https://dlt.by/image/catalog/tovar/aghk_dlt/dlt_3/zer_100/7.jpg,https://dlt.by/image/catalog/tovar/aghk_dlt/dlt_3/zer_50/8.jpg,,,,,,,,,,,,,,,,,,,,,,,,,,,,,,,,,,,,,,"
"АГШК DLT №3, сверхгибкие, для сухой шлифовки, #400, 100мм, арт.1295",Инструмент для укладки плитки>Круг алмазный гибкий шлифовальный>АГШК #400,1295,722.26,"https://dlt.by/image/catalog/easyphoto/1236/agshk-dlt-3-sverhgibkie-dlya-suhoy-shlifovki-400-100mm-3.jpg,https://dlt.by/image/catalog/easyphoto/1236/agshk-dlt-3-sverhgibkie-dlya-suhoy-shlifovki-400-100mm-2.jpg,https://dlt.by/image/catalog/easyphoto/1236/agshk-dlt-3-sverhgibkie-dlya-suhoy-shlifovki-400-100mm-5.jpg,https://dlt.by/image/catalog/easyphoto/1236/agshk-dlt-3-sverhgibkie-dlya-suhoy-shlifovki-400-100mm-4.jpg,,,,,,,,,,,,,,,,,,,,,,,,,,,,,,,,,,,,,,,,,,"
"АГШК DLT №2, для сухой шлифовки, #200, 100мм, арт.0643",Инструмент для укладки плитки>Круг алмазный гибкий шлифовальный>АГШК #200,643,511.60,"https://dlt.by/image/catalog/tovar/aghk_dlt/dlt_2/zer_200/1.jpg,https://dlt.by/image/catalog/tovar/aghk_dlt/dlt_2/zer_200/2.jpg,https://dlt.by/image/catalog/tovar/aghk_dlt/dlt_2/zer_200/3.jpg,https://dlt.by/image/catalog/tovar/aghk_dlt/dlt_2/zer_200/4.jpg,https://dlt.by/image/catalog/tovar/aghk_dlt/dlt_2/zer_200/5.jpg,,,,,,,,,,,,,,,,,,,,,,,,,,,,,,,,,,,,,,,,,"
"АГШК DLT №2, для сухой шлифовки, #100, 100мм, арт.0642",Инструмент для укладки плитки>Круг алмазный гибкий шлифовальный>АГШК #100,642,511.60,"https://dlt.by/image/catalog/tovar/aghk_dlt/dlt_2/zer_100/1.jpg,https://dlt.by/image/catalog/tovar/aghk_dlt/dlt_2/zer_100/2.jpg,https://dlt.by/image/catalog/tovar/aghk_dlt/dlt_2/zer_100/3.jpg,https://dlt.by/image/catalog/tovar/aghk_dlt/dlt_2/zer_100/4.jpg,https://dlt.by/image/catalog/tovar/aghk_dlt/dlt_2/zer_100/5.jpg,,,,,,,,,,,,,,,,,,,,,,,,,,,,,,,,,,,,,,,,,"
"Набор алмазных коронок №8/1, арт.1084",Алмазная оснастка>Наборы алмазных коронок,1084,6 680.92,"https://dlt.by/image/catalog/tovar/nabor_koronok_ceramic_pro/nab8/1.jpg,https://dlt.by/image/catalog/tovar/nabor_koronok_ceramic_pro/nab8/2.jpg,https://dlt.by/image/catalog/tovar/nabordlti9plitok/keysi/nom2/kejs_6_2_.jpg,,,,,,,,,,,,,,,,,,,,,,,,,,,,,,,,,,,,,,,,,,,"
"Набор алмазных коронок №5/1, арт.1082",Алмазная оснастка>Наборы алмазных коронок,1082,12 639.57,"https://dlt.by/image/catalog/tovar/nabor_koronok_ceramic_pro/nab5/1.jpg,https://dlt.by/image/catalog/tovar/nabor_koronok_ceramic_pro/nab5/2.jpg,https://dlt.by/image/catalog/image/catalog/tovar/kejs_4_2_-1000x1000.jpg,,,,,,,,,,,,,,,,,,,,,,,,,,,,,,,,,,,,,,,,,,,"
"Набор алмазных коронок №3/1, арт.1036",Алмазная оснастка>Наборы алмазных коронок,1036,12 037.69,"https://dlt.by/image/catalog/tovar/nabor_koronok_ceramic_pro/nab3/1.jpg,https://dlt.by/image/catalog/tovar/nabor_koronok_ceramic_pro/nab3/2.jpg,https://dlt.by/image/catalog/tovar/nabordlti9plitok/keysi/nom1/kejs_4_2_.jpg,,,,,,,,,,,,,,,,,,,,,,,,,,,,,,,,,,,,,,,,,,,"
"Набор алмазных коронок №17/1, арт.1092",Алмазная оснастка>Наборы алмазных коронок,1092,28 770.08,"https://dlt.by/image/catalog/tovar/nabor_koronok_ceramic_pro/nab17/1.jpg,https://dlt.by/image/catalog/tovar/nabor_koronok_ceramic_pro/nab17/2.jpg,https://dlt.by/image/catalog/tovar/nabordlti9plitok/keysi/nom5/kejs_5_2__.jpg,,,,,,,,,,,,,,,,,,,,,,,,,,,,,,,,,,,,,,,,,,,"
"Набор алмазных коронок №16/1, арт.1091",Алмазная оснастка>Наборы алмазных коронок,1091,28 348.76,"https://dlt.by/image/catalog/tovar/nabor_koronok_ceramic_pro/nab16/1.jpg,https://dlt.by/image/catalog/tovar/nabor_koronok_ceramic_pro/nab16/2.jpg,https://dlt.by/image/catalog/tovar/nabordlti9plitok/keysi/nom5/kejs_5_2__.jpg,,,,,,,,,,,,,,,,,,,,,,,,,,,,,,,,,,,,,,,,,,,"
"Набор алмазных коронок №15/1, арт.1090",Алмазная оснастка>Наборы алмазных коронок,1090,27 686.69,"https://dlt.by/image/catalog/tovar/nabor_koronok_ceramic_pro/nab15/1.jpg,https://dlt.by/image/catalog/tovar/nabor_koronok_ceramic_pro/nab15/2.jpg,https://dlt.by/image/catalog/tovar/nabordlti9plitok/keysi/nom5/kejs_5_2__.jpg,,,,,,,,,,,,,,,,,,,,,,,,,,,,,,,,,,,,,,,,,,,"
"Набор алмазных коронок №13/1, арт.1194",Алмазная оснастка>Наборы алмазных коронок,1194,11 827.03,"https://dlt.by/image/catalog/tovar/nabor_koronok_ceramic_pro/nab13/1.jpg,https://dlt.by/image/catalog/tovar/nabor_koronok_ceramic_pro/nab13/2.jpg,https://dlt.by/image/catalog/tovar/nabordlti9plitok/keysi/nom3/kejs_2_2_.jpg,,,,,,,,,,,,,,,,,,,,,,,,,,,,,,,,,,,,,,,,,,,"
"Набор алмазных коронок №12/1, арт.1189",Алмазная оснастка>Наборы алмазных коронок,1189,11 827.03,"https://dlt.by/image/catalog/tovar/nabor_koronok_ceramic_pro/nab12/1.jpg,https://dlt.by/image/catalog/tovar/nabor_koronok_ceramic_pro/nab12/2.jpg,https://dlt.by/image/catalog/tovar/nabordlti9plitok/keysi/nom3/kejs_2_2_.jpg,,,,,,,,,,,,,,,,,,,,,,,,,,,,,,,,,,,,,,,,,,,"
"Набор алмазных коронок №11/1, арт.1086",Алмазная оснастка>Наборы алмазных коронок,1086,11 887.22,"https://dlt.by/image/catalog/tovar/nabor_koronok_ceramic_pro/nab11/1.jpg,https://dlt.by/image/catalog/tovar/nabor_koronok_ceramic_pro/nab11/2.jpg,https://dlt.by/image/catalog/tovar/nabordlti9plitok/keysi/nom3/kejs_2_2_.jpg,,,,,,,,,,,,,,,,,,,,,,,,,,,,,,,,,,,,,,,,,,,"
"Набор алмазных коронок №1/1, арт.1034",Алмазная оснастка>Наборы алмазных коронок,1034,11 586.28,"https://dlt.by/image/catalog/tovar/nabor_koronok_ceramic_pro/nab1/1.jpg,https://dlt.by/image/catalog/tovar/nabor_koronok_ceramic_pro/nab1/2.jpg,https://dlt.by/image/catalog/tovar/nabordlti9plitok/keysi/nom1/kejs_4_2_.jpg,,,,,,,,,,,,,,,,,,,,,,,,,,,,,,,,,,,,,,,,,,,"
"Система фиксации углов DLT P625, арт.0769",Инструмент для укладки плитки>Присоски для плитки и стекла>Системы стягивания и фиксации,769,15 047.11,"https://dlt.by/image/catalog/tovar/dlt_shijing/sistema_fiksacii_uglov/new/1.jpg,https://dlt.by/image/catalog/tovar/dlt_shijing/sistema_fiksacii_uglov/new/2.jpg,https://dlt.by/image/catalog/tovar/dlt_shijing/sistema_fiksacii_uglov/new/keys/625s.jpg,https://dlt.by/image/catalog/tovar/dlt_shijing/sistema_fiksacii_uglov/new/4.jpg,https://dlt.by/image/catalog/tovar/dlt_shijing/sistema_fiksacii_uglov/new/5.jpg,https://dlt.by/image/catalog/tovar/dlt_shijing/sistema_fiksacii_uglov/new/6.jpg,https://dlt.by/image/catalog/tovar/dlt_shijing/sistema_fiksacii_uglov/new/7.jpg,https://dlt.by/image/catalog/tovar/dlt_shijing/sistema_fiksacii_uglov/new/8.jpg,https://dlt.by/image/catalog/tovar/dlt_shijing/sistema_fiksacii_uglov/new/9.jpg,https://dlt.by/image/catalog/tovar/dlt_shijing/sistema_fiksacii_uglov/new/10.jpg,https://dlt.by/image/catalog/tovar/dlt_shijing/sistema_fiksacii_uglov/new/11.jpg,https://dlt.by/image/catalog/tovar/dlt_shijing/sistema_fiksacii_uglov/new/12.jpg,https://dlt.by/image/catalog/tovar/dlt_shijing/sistema_fiksacii_uglov/new/13.jpg,https://dlt.by/image/catalog/tovar/dlt_shijing/sistema_fiksacii_uglov/new/14.jpg,https://dlt.by/image/catalog/tovar/dlt_shijing/sistema_fiksacii_uglov/new/15.jpg,https://dlt.by/image/catalog/tovar/dlt_shijing/sistema_fiksacii_uglov/new/16.jpg,https://dlt.by/image/catalog/tovar/dlt_shijing/sistema_fiksacii_uglov/new/17.jpg,https://dlt.by/image/catalog/tovar/dlt_shijing/sistema_fiksacii_uglov/new/18.jpg,https://dlt.by/image/catalog/tovar/dlt_shijing/sistema_fiksacii_uglov/new/19.jpg,,,,,,,,,,,,,,,,,,,,,,,,,,,"
"Антиплевковая насадка HYVST Clean shot (клин шот), арт.0930",Окрасочные аппараты и аксессуары>Аксессуары,930,5 416.96,"https://dlt.by/image/catalog/easyphoto/1427/antiplevkovaya-nasadka-hyvst-clean-shot-klin-shot-1.jpg,https://dlt.by/image/catalog/easyphoto/1427/antiplevkovaya-nasadka-hyvst-clean-shot-klin-shot-2.jpg,https://dlt.by/image/catalog/easyphoto/1427/antiplevkovaya-nasadka-hyvst-clean-shot-klin-shot-3.jpg,https://dlt.by/image/catalog/easyphoto/1427/antiplevkovaya-nasadka-hyvst-clean-shot-klin-shot-4.jpg,https://dlt.by/image/catalog/easyphoto/1427/antiplevkovaya-nasadka-hyvst-clean-shot-klin-shot-5.jpg,,,,,,,,,,,,,,,,,,,,,,,,,,,,,,,,,,,,,,,,,"
"Лезвие для шпателя DLT Finish SILVER, толщина 0,35мм, 120см, арт.0753",Шпателя для механизированной шпатлевки>Шпателя для механизированного нанесения>Сменные лезвия и аксессуары>Лезвия для шпателя DLT Finish версия SILVER,753,1 203.77,"https://dlt.by/image/catalog/tovar/dlt_silver/lezvie/0.3/80cm/1.jpg,https://dlt.by/image/catalog/tovar/dlt_silver/lezvie/0.3/80cm/2.jpg,https://dlt.by/image/catalog/tovar/dlt_silver/lezvie/0.3/80cm/3.jpg,https://dlt.by/image/catalog/tovar/dlt_silver/lezvie/0.3/80cm/4.jpg,,,,,,,,,,,,,,,,,,,,,,,,,,,,,,,,,,,,,,,,,,"
"Лезвие для шпателя DLT Finish SILVER, толщина 0,35мм, 20см, арт.0749",Шпателя для механизированной шпатлевки>Шпателя для механизированного нанесения>Сменные лезвия и аксессуары>Лезвия для шпателя DLT Finish версия SILVER,749,367.15,"https://dlt.by/image/catalog/tovar/dlt_silver/lezvie/0.3/20cm/1.jpg,https://dlt.by/image/catalog/tovar/dlt_silver/lezvie/0.3/20cm/2.jpg,https://dlt.by/image/catalog/tovar/dlt_silver/lezvie/0.3/20cm/3.jpg,https://dlt.by/image/catalog/tovar/dlt_silver/lezvie/0.3/20cm/4.jpg,,,,,,,,,,,,,,,,,,,,,,,,,,,,,,,,,,,,,,,,,,"
Стержень-удлинитель для шпателей DLT Finish SILVER/DLT Finish версия PRO арт.0759,Шпателя для механизированной шпатлевки>Шпателя для механизированного нанесения>Сменные лезвия и аксессуары>Аксессуары,759,1 956.12,"https://dlt.by/image/catalog/easyphoto/1288/sterzhen-udlinitel-dlya-shpateley-dlt-finish-silver-1.jpg,https://dlt.by/image/catalog/tovar/dlt_silver/stergen/2.jpg,https://dlt.by/image/catalog/tovar/dlt_silver/stergen/3.jpg,https://dlt.by/image/catalog/tovar/dlt_silver/stergen/4.jpg,https://dlt.by/image/catalog/tovar/dlt_silver/stergen/5.jpg,,,,,,,,,,,,,,,,,,,,,,,,,,,,,,,,,,,,,,,,,"
"Набор шпателей механизированного нанесения DLT Finish SILVER (лезвия 0.3, 0.5, 0.7 мм), арт.0375 NEW",Шпателя для механизированной шпатлевки>Шпателя для механизированного нанесения> Наборы шпателей,375,18 056.54,"https://dlt.by/image/catalog/easyphoto/1287/nabor-shpateley-mehanizirovannogo-naneseniya-dlt-finish-silver-lezviya-0-3-0-5-0-7-mm-art-0375-new-1.jpg,https://dlt.by/image/catalog/easyphoto/1287/nabor-shpateley-mehanizirovannogo-naneseniya-dlt-finish-silver-lezviya-0-3-0-5-0-7-mm-art-0375-new-2.jpg,https://dlt.by/image/catalog/easyphoto/1287/nabor-shpateley-mehanizirovannogo-naneseniya-dlt-finish-silver-lezviya-0-3-0-5-0-7-mm-art-0375-new-3.jpg,https://dlt.by/image/catalog/easyphoto/1287/nabor-shpateley-mehanizirovannogo-naneseniya-dlt-finish-silver-lezviya-0-3-0-5-0-7-mm-art-0375-new-4.jpg,https://dlt.by/image/catalog/easyphoto/1287/nabor-shpateley-mehanizirovannogo-naneseniya-dlt-finish-silver-lezviya-0-3-0-5-0-7-mm-art-0375-new-5.jpg,https://dlt.by/image/catalog/easyphoto/1287/nabor-shpateley-mehanizirovannogo-naneseniya-dlt-finish-silver-lezviya-0-3-0-5-0-7-mm-art-0375-new-6.jpg,https://dlt.by/image/catalog/easyphoto/1287/nabor-shpateley-mehanizirovannogo-naneseniya-dlt-finish-silver-lezviya-0-3-0-5-0-7-mm-art-0375-new-7.jpg,https://dlt.by/image/catalog/easyphoto/1287/nabor-shpateley-mehanizirovannogo-naneseniya-dlt-finish-silver-lezviya-0-3-0-5-0-7-mm-art-0375-new-8.jpg,https://dlt.by/image/catalog/easyphoto/1287/nabor-shpateley-mehanizirovannogo-naneseniya-dlt-finish-silver-lezviya-0-3-0-5-0-7-mm-art-0375-new-9.jpg,https://dlt.by/image/catalog/easyphoto/1287/nabor-shpateley-mehanizirovannogo-naneseniya-dlt-finish-silver-lezviya-0-3-0-5-0-7-mm-art-0375-new-10.jpg,https://dlt.by/image/catalog/easyphoto/1287/nabor-shpateley-mehanizirovannogo-naneseniya-dlt-finish-silver-lezviya-0-3-0-5-0-7-mm-art-0375-new-11.jpg,https://dlt.by/image/catalog/easyphoto/1287/nabor-shpateley-mehanizirovannogo-naneseniya-dlt-finish-silver-lezviya-0-3-0-5-0-7-mm-art-0375-new-12.jpg,https://dlt.by/image/catalog/easyphoto/1287/nabor-shpateley-mehanizirovannogo-naneseniya-dlt-finish-silver-lezviya-0-3-0-5-0-7-mm-art-0375-new-13.jpg,https://dlt.by/image/catalog/easyphoto/1287/nabor-shpateley-mehanizirovannogo-naneseniya-dlt-finish-silver-lezviya-0-3-0-5-0-7-mm-art-0375-new-14.jpg,https://dlt.by/image/catalog/easyphoto/1287/nabor-shpateley-mehanizirovannogo-naneseniya-dlt-finish-silver-lezviya-0-3-0-5-0-7-mm-art-0375-new-15.jpg,https://dlt.by/image/catalog/easyphoto/1287/nabor-shpateley-mehanizirovannogo-naneseniya-dlt-finish-silver-lezviya-0-3-0-5-0-7-mm-art-0375-new-16.jpg,https://dlt.by/image/catalog/easyphoto/1287/nabor-shpateley-mehanizirovannogo-naneseniya-dlt-finish-silver-lezviya-0-3-0-5-0-7-mm-art-0375-new-17.jpg,https://dlt.by/image/catalog/easyphoto/1287/nabor-shpateley-mehanizirovannogo-naneseniya-dlt-finish-silver-lezviya-0-3-0-5-0-7-mm-art-0375-new-18.jpg,https://dlt.by/image/catalog/easyphoto/1287/nabor-shpateley-mehanizirovannogo-naneseniya-dlt-finish-silver-lezviya-0-3-0-5-0-7-mm-art-0375-new-19.jpg,https://dlt.by/image/catalog/easyphoto/1287/nabor-shpateley-mehanizirovannogo-naneseniya-dlt-finish-silver-lezviya-0-3-0-5-0-7-mm-art-0375-new-20.jpg,,,,,,,,,,,,,,,,,,,,,,,,,,"
"Лезвие для шпателя DLT Finish SILVER, толщина 0,5мм, 120см, арт.0758",Шпателя для механизированной шпатлевки>Шпателя для механизированного нанесения>Сменные лезвия и аксессуары>Лезвия для шпателя DLT Finish версия SILVER,758,1 594.99,"https://dlt.by/image/catalog/tovar/dlt_silver/lezvie/0.5/80cm/1.jpg,https://dlt.by/image/catalog/tovar/dlt_silver/lezvie/0.5/80cm/2.jpg,https://dlt.by/image/catalog/tovar/dlt_silver/lezvie/0.5/80cm/3.jpg,,,,,,,,,,,,,,,,,,,,,,,,,,,,,,,,,,,,,,,,,,,"
"Лезвие для шпателя DLT Finish SILVER, толщина 0,5мм, 20см, арт.0754",Шпателя для механизированной шпатлевки>Шпателя для механизированного нанесения>Сменные лезвия и аксессуары>Лезвия для шпателя DLT Finish версия SILVER,7541,367.15,"https://dlt.by/image/catalog/tovar/dlt_silver/lezvie/0.5/20sm/1.jpg,https://dlt.by/image/catalog/tovar/dlt_silver/lezvie/0.5/20sm/2.jpg,https://dlt.by/image/catalog/tovar/dlt_silver/lezvie/0.5/20sm/3.jpg,,,,,,,,,,,,,,,,,,,,,,,,,,,,,,,,,,,,,,,,,,,"
"Шпатель для механизированного нанесения DLT Finish SILVER + лезвие 0,35мм +лезвие 0,5мм, 20см, арт.0744",Шпателя для механизированной шпатлевки>Шпателя для механизированного нанесения,744,1 805.65,"https://dlt.by/image/catalog/tovar/dlt_silver/shpatel/20cm/new/1.jpg,https://dlt.by/image/catalog/tovar/dlt_silver/shpatel/20cm/new/2.jpg,https://dlt.by/image/catalog/tovar/dlt_silver/shpatel/20cm/new/3.jpg,https://dlt.by/image/catalog/tovar/dlt_silver/shpatel/20cm/new/4.jpg,https://dlt.by/image/catalog/tovar/dlt_silver/shpatel/20cm/new/5.jpg,https://dlt.by/image/catalog/tovar/dlt_silver/shpatel/20cm/new/6.jpg,,,,,,,,,,,,,,,,,,,,,,,,,,,,,,,,,,,,,,,,"
"Пальчиковая алмазная фреза, 8мм, CERAMIC PRO DLT&9plitok, арт.0505",Алмазная оснастка>Алмазные коронки для плитки>Пальчиковые алмазные фрезы (шарошки),505,1 655.18,"https://dlt.by/image/catalog/tovar/frez/palch/8mm/1.jpg,https://dlt.by/image/catalog/tovar/frez/palch/8mm/2.jpg,https://dlt.by/image/catalog/tovar/frez/palch/8mm/333.jpg,,,,,,,,,,,,,,,,,,,,,,,,,,,,,,,,,,,,,,,,,,,"
"Корзина для инструментов Tactix, арт.320370",Ящики для инструмента. Модульные системы.,320370 (Tactix)	,3 159.89,"https://dlt.by/image/catalog/tovar/320370/1.jpg,https://dlt.by/image/catalog/tovar/320370/2.jpeg,https://dlt.by/image/catalog/tovar/320370/3.jpg,https://dlt.by/image/catalog/tovar/320370/4.jpg,https://dlt.by/image/catalog/tovar/320370/5.jpg,https://dlt.by/image/catalog/tovar/320370/6.jpg,https://dlt.by/image/catalog/tovar/320370/7.jpg,https://dlt.by/image/catalog/tovar/320370/8.jpg,https://dlt.by/image/catalog/tovar/320370/9.jpeg,,,,,,,,,,,,,,,,,,,,,,,,,,,,,,,,,,,,,"
"Шпатель для механизированного нанесения DLT Finish SILVER + лезвие 0,35мм +лезвие 0,5мм, 120см, арт.0745",Шпателя для механизированной шпатлевки,745,4 529.18,"https://dlt.by/image/catalog/tovar/dlt_silver/shpatel/120cm/new/1.jpg,https://dlt.by/image/catalog/tovar/dlt_silver/shpatel/120cm/3.jpg,https://dlt.by/image/catalog/tovar/dlt_silver/shpatel/120cm/new/9.jpg,https://dlt.by/image/catalog/tovar/dlt_silver/shpatel/120cm/new/10.jpg,https://dlt.by/image/catalog/tovar/dlt_silver/shpatel/120cm/new/11.jpg,https://dlt.by/image/catalog/tovar/dlt_silver/shpatel/120cm/new/12.jpg,,,,,,,,,,,,,,,,,,,,,,,,,,,,,,,,,,,,,,,,"
"Система переноски крупноформатного керамогранита DLT, арт.0770",Инструмент для укладки плитки,770,75 235.57,"https://dlt.by/image/catalog/easyphoto/1299/sistema-perenoski-krupnoformatnogo-keramogranita-dlt-1.jpg,https://dlt.by/image/catalog/easyphoto/1299/sistema-perenoski-krupnoformatnogo-keramogranita-dlt-4.jpg,https://dlt.by/image/catalog/easyphoto/1299/sistema-perenoski-krupnoformatnogo-keramogranita-dlt-2.jpg,https://dlt.by/image/catalog/easyphoto/1299/sistema-perenoski-krupnoformatnogo-keramogranita-dlt-3.jpg,https://dlt.by/image/catalog/tovar/systemperen/dlt/5.jpg,https://dlt.by/image/catalog/tovar/systemperen/dlt/6.jpg,https://dlt.by/image/catalog/tovar/systemperen/dlt/7.jpg,https://dlt.by/image/catalog/tovar/systemperen/dlt/13.jpg,https://dlt.by/image/catalog/tovar/systemperen/dlt/14.jpg,https://dlt.by/image/catalog/tovar/systemperen/dlt/15.jpg,https://dlt.by/image/catalog/tovar/systemperen/dlt/2.png,,,,,,,,,,,,,,,,,,,,,,,,,,,,,,,,,,,"
"Плиткорез электрический DLT SlimTronic, 3200мм, арт.0772",Плиткорезы электрические (камнерезы/мокрорезы)>Плиткорезы DLT,772,165 367.77,"https://dlt.by/image/catalog/easyphoto/1300/plitkorez-elektricheskiy-dlt-slimtronic-3200mm-1.jpg,https://dlt.by/image/catalog/tovar/shijing_9510/new/new/1-1.jpg,https://dlt.by/image/catalog/tovar/shijing_9510/new/new/2.jpg,https://dlt.by/image/catalog/tovar/shijing_9510/new/new/4.jpg,https://dlt.by/image/catalog/tovar/shijing_9510/new/new/5.jpg,https://dlt.by/image/catalog/tovar/shijing_9510/new/new/5-1.jpg,https://dlt.by/image/catalog/tovar/shijing_9510/new/new/5-2.jpg,https://dlt.by/image/catalog/tovar/shijing_9510/new/new/6.jpg,https://dlt.by/image/catalog/tovar/shijing_9510/new/new/6-1.jpg,https://dlt.by/image/catalog/tovar/shijing_9510/new/new/r7.png,https://dlt.by/image/catalog/tovar/shijing_9510/new/new/8.jpg,https://dlt.by/image/catalog/tovar/shijing_9510/new/new/9.jpg,https://dlt.by/image/catalog/tovar/shijing_9510/new/new/10.jpg,https://dlt.by/image/catalog/tovar/shijing_9510/new/new/11.jpg,https://dlt.by/image/catalog/tovar/shijing_9510/new/new/11-1.jpg,https://dlt.by/image/catalog/tovar/shijing_9510/new/new/11-2.jpg,https://dlt.by/image/catalog/tovar/shijing_9510/new/new/12.jpg,https://dlt.by/image/catalog/tovar/shijing_9510/new/new/13.jpg,https://dlt.by/image/catalog/tovar/shijing_9510/new/new/14.jpg,https://dlt.by/image/catalog/tovar/shijing_9510/new/new/r15.png,https://dlt.by/image/catalog/tovar/shijing_9510/new/new/16.jpg,https://dlt.by/image/catalog/tovar/shijing_9510/new/new/17.jpg,https://dlt.by/image/catalog/tovar/shijing_9510/new/new/18.jpg,https://dlt.by/image/catalog/tovar/shijing_9510/new/new/19.jpg,https://dlt.by/image/catalog/tovar/0772/imja-fotosessii-005.jpg,https://dlt.by/image/catalog/tovar/0772/imja-fotosessii-007.jpg,https://dlt.by/image/catalog/tovar/0772/imja-fotosessii-008.jpg,https://dlt.by/image/catalog/tovar/shijing_9510/new/new/1.jpg,,,,,,,,,,,,,,,,,,"
"Плиткорез для керамогранита большого формата RUBI Slim System Cutter PLUS, арт.18959",Плиткорезы ручные>Плиткорезы RUBI,18959,49 655.47,"https://dlt.by/image/catalog/easyphoto/1304/plitkorez-dlya-keramogranita-bolshogo-formata-rubi-slim-system-cutter-plus-4.jpg,https://dlt.by/image/catalog/easyphoto/1304/plitkorez-dlya-keramogranita-bolshogo-formata-rubi-slim-system-cutter-plus-5.jpg,https://dlt.by/image/catalog/easyphoto/1304/plitkorez-dlya-keramogranita-bolshogo-formata-rubi-slim-system-cutter-plus-2.jpg,https://dlt.by/image/catalog/easyphoto/1304/plitkorez-dlya-keramogranita-bolshogo-formata-rubi-slim-system-cutter-plus-3.jpg,https://dlt.by/image/catalog/easyphoto/1304/plitkorez-dlya-keramogranita-bolshogo-formata-rubi-slim-system-cutter-plus-1.jpg,https://dlt.by/image/catalog/easyphoto/1304/plitkorez-dlya-keramogranita-bolshogo-formata-rubi-slim-system-cutter-plus-6.jpg,https://dlt.by/image/catalog/easyphoto/1304/plitkorez-dlya-keramogranita-bolshogo-formata-rubi-slim-system-cutter-plus-7.jpg,https://dlt.by/image/catalog/easyphoto/1304/plitkorez-dlya-keramogranita-bolshogo-formata-rubi-slim-system-cutter-plus-8.jpg,https://dlt.by/image/catalog/easyphoto/1304/plitkorez-dlya-keramogranita-bolshogo-formata-rubi-slim-system-cutter-plus-9.jpg,https://dlt.by/image/catalog/easyphoto/1304/plitkorez-dlya-keramogranita-bolshogo-formata-rubi-slim-system-cutter-plus-10.jpg,https://dlt.by/image/catalog/easyphoto/1304/plitkorez-dlya-keramogranita-bolshogo-formata-rubi-slim-system-cutter-plus-11.jpg,https://dlt.by/image/catalog/easyphoto/1304/plitkorez-dlya-keramogranita-bolshogo-formata-rubi-slim-system-cutter-plus-12.jpg,https://dlt.by/image/catalog/easyphoto/1304/plitkorez-dlya-keramogranita-bolshogo-formata-rubi-slim-system-cutter-plus-13.jpg,https://dlt.by/image/catalog/easyphoto/1304/plitkorez-dlya-keramogranita-bolshogo-formata-rubi-slim-system-cutter-plus-14.jpg,https://dlt.by/image/catalog/easyphoto/1304/plitkorez-dlya-keramogranita-bolshogo-formata-rubi-slim-system-cutter-plus-15.jpg,https://dlt.by/image/catalog/easyphoto/1304/plitkorez-dlya-keramogranita-bolshogo-formata-rubi-slim-system-cutter-plus-16.jpg,https://dlt.by/image/catalog/easyphoto/1304/plitkorez-dlya-keramogranita-bolshogo-formata-rubi-slim-system-cutter-plus-17.jpg,,,,,,,,,,,,,,,,,,,,,,,,,,,,,"
"Лезвие для шпателя DLT Finish SILVER, толщина 0,35мм, 30см, арт.0750",Шпателя для механизированной шпатлевки>Шпателя для механизированного нанесения>Сменные лезвия и аксессуары>Лезвия для шпателя DLT Finish версия SILVER,750,367.15,"https://dlt.by/image/catalog/tovar/dlt_silver/lezvie/0.3/30cm/1.jpg,https://dlt.by/image/catalog/tovar/dlt_silver/lezvie/0.3/30cm/2.jpg,https://dlt.by/image/catalog/tovar/dlt_silver/lezvie/0.3/30cm/3.jpg,https://dlt.by/image/catalog/tovar/dlt_silver/lezvie/0.3/30cm/4.jpg,,,,,,,,,,,,,,,,,,,,,,,,,,,,,,,,,,,,,,,,,,"
"Лезвие для шпателя DLT Finish SILVER, толщина 0,5мм, 30 см, арт.0755",Шпателя для механизированной шпатлевки>Шпателя для механизированного нанесения>Сменные лезвия и аксессуары>Лезвия для шпателя DLT Finish версия SILVER,7551,511.60,"https://dlt.by/image/catalog/tovar/dlt_silver/lezvie/0.5/30cm/1.jpg,https://dlt.by/image/catalog/tovar/dlt_silver/lezvie/0.5/30cm/2.jpg,https://dlt.by/image/catalog/tovar/dlt_silver/lezvie/0.5/30cm/3.jpg,,,,,,,,,,,,,,,,,,,,,,,,,,,,,,,,,,,,,,,,,,,"
"Лезвие для шпателя DLT Finish SILVER, толщина 0,5 мм, 55 см, арт.0756",Шпателя для механизированной шпатлевки>Шпателя для механизированного нанесения>Сменные лезвия и аксессуары>Лезвия для шпателя DLT Finish версия SILVER,7561,812.54,"https://dlt.by/image/catalog/tovar/dlt_silver/lezvie/0.5/55cm/1.jpg,https://dlt.by/image/catalog/tovar/dlt_silver/lezvie/0.5/55cm/2.jpg,https://dlt.by/image/catalog/tovar/dlt_silver/lezvie/0.5/55cm/3.jpg,,,,,,,,,,,,,,,,,,,,,,,,,,,,,,,,,,,,,,,,,,,"
"Лезвие для шпателя DLT Finish SILVER, толщина 0,5мм, 80см, арт.0757",Шпателя для механизированной шпатлевки>Шпателя для механизированного нанесения>Сменные лезвия и аксессуары>Лезвия для шпателя DLT Finish версия SILVER,757,1 113.49,"https://dlt.by/image/catalog/tovar/dlt_silver/lezvie/0.5/120cm/1.jpg,https://dlt.by/image/catalog/tovar/dlt_silver/lezvie/0.5/80cm/2.jpg,https://dlt.by/image/catalog/tovar/dlt_silver/lezvie/0.5/80cm/3.jpg,,,,,,,,,,,,,,,,,,,,,,,,,,,,,,,,,,,,,,,,,,,"
"Набор запасных лезвий для шпателя DLT Finish SILVER 80 см, 2 шт., толщина 0.35 мм, арт.0752",Шпателя для механизированной шпатлевки,752,0.00,"https://dlt.by/image/catalog/easyphoto/1314/lezvie-dlya-shpatelya-dlt-finish-silver-tolshchina-0-35mm-80sm-art-0752-4.jpg,https://dlt.by/image/catalog/easyphoto/1314/lezvie-dlya-shpatelya-dlt-finish-silver-tolshchina-0-35mm-80sm-art-0752-2.jpg,https://dlt.by/image/catalog/easyphoto/1314/lezvie-dlya-shpatelya-dlt-finish-silver-tolshchina-0-35mm-80sm-art-0752-3.jpg,https://dlt.by/image/catalog/easyphoto/1314/lezvie-dlya-shpatelya-dlt-finish-silver-tolshchina-0-35mm-80sm-art-0752-1.jpg,,,,,,,,,,,,,,,,,,,,,,,,,,,,,,,,,,,,,,,,,,"
"Удлинитель 1360мм для плиткореза механического DLT SLim System Cutter, арт.0807",Инструмент для укладки плитки>Аксессуары для ручных плиткорезов,807,4 965.55,"https://dlt.by/image/catalog/tovar/dltslimsystemcutter/aks/ydlinitel_1360/2.jpg,,,,,,,,,,,,,,,,,,,,,,,,,,,,,,,,,,,,,,,,,,,,,"
"Чехол для плиткореза механического DLT SLim System Cutter, арт.0813",Акции на строительный инструмент,813,3 310.36,"https://dlt.by/image/catalog/tovar/dltslimsystemcutter/aks/chehol/1.jpg,,,,,,,,,,,,,,,,,,,,,,,,,,,,,,,,,,,,,,,,,,,,,"
"Соединитель для плиткореза механического DLT SLim System Cutter, арт.0811",Запчасти>Системы резки крупноформата,811,1 203.77,"https://dlt.by/image/catalog/tovar/dltslimsystemcutter/aks/soedinitel/1.jpg,https://dlt.by/image/catalog/tovar/dltslimsystemcutter/aks/soedinitel/2.jpg,https://dlt.by/image/catalog/tovar/dltslimsystemcutter/aks/soedinitel/3.jpg,,,,,,,,,,,,,,,,,,,,,,,,,,,,,,,,,,,,,,,,,,,"
"Разделитель (сепаратор) для плиткореза механического DLT SLim System CutterI, арт.8877",Инструмент для укладки плитки>Сепараторы (разделитель плитки),8877,3 310.36,"https://dlt.by/image/catalog/tovar/dltslimsystemcutter/aks/razdelitel/1.jpg,https://dlt.by/image/catalog/tovar/dltslimsystemcutter/aks/razdelitel/2.jpg,https://dlt.by/image/catalog/tovar/dltslimsystemcutter/aks/razdelitel/3.jpg,,,,,,,,,,,,,,,,,,,,,,,,,,,,,,,,,,,,,,,,,,,"
"Шлифмашина Жираф DLT GrandFlex V37 PLUS (R7237), арт.0886","Шлифовальные машины для стен, потолков и пола>Шлифмашины Жираф",886,26 783.86,"https://dlt.by/image/catalog/easyphoto/1391/shlifmashina-zhiraf-dlt-grandflex-v37-plus-r7237-2.jpg,https://dlt.by/image/catalog/easyphoto/1391/shlifmashina-zhiraf-dlt-grandflex-v37-plus-r7237-3.jpg,https://dlt.by/image/catalog/easyphoto/1391/shlifmashina-zhiraf-dlt-grandflex-v37-plus-r7237-4.jpg,https://dlt.by/image/catalog/easyphoto/1391/shlifmashina-zhiraf-dlt-grandflex-v37-plus-r7237-5.jpg,https://dlt.by/image/catalog/easyphoto/1391/shlifmashina-zhiraf-dlt-grandflex-v37-plus-r7237-6.jpg,https://dlt.by/image/catalog/easyphoto/1391/shlifmashina-zhiraf-dlt-grandflex-v37-plus-r7237-7.jpg,https://dlt.by/image/catalog/easyphoto/1391/shlifmashina-zhiraf-dlt-grandflex-v37-plus-r7237-8.jpg,https://dlt.by/image/catalog/easyphoto/1391/shlifmashina-zhiraf-dlt-grandflex-v37-plus-r7237-9.jpg,https://dlt.by/image/catalog/easyphoto/1391/shlifmashina-zhiraf-dlt-grandflex-v37-plus-r7237-10.jpg,https://dlt.by/image/catalog/easyphoto/1391/shlifmashina-zhiraf-dlt-grandflex-v37-plus-r7237-11.jpg,https://dlt.by/image/catalog/easyphoto/1391/shlifmashina-zhiraf-dlt-grandflex-v37-plus-r7237-12.jpg,https://dlt.by/image/catalog/easyphoto/1391/shlifmashina-zhiraf-dlt-grandflex-v37-plus-r7237-13.jpg,https://dlt.by/image/catalog/easyphoto/1391/shlifmashina-zhiraf-dlt-grandflex-v37-plus-r7237-14.jpg,https://dlt.by/image/catalog/easyphoto/1391/shlifmashina-zhiraf-dlt-grandflex-v37-plus-r7237-15.jpg,https://dlt.by/image/catalog/easyphoto/1391/shlifmashina-zhiraf-dlt-grandflex-v37-plus-r7237-16.jpg,https://dlt.by/image/catalog/easyphoto/1391/shlifmashina-zhiraf-dlt-grandflex-v37-plus-r7237-17.jpg,https://dlt.by/image/catalog/easyphoto/1391/shlifmashina-zhiraf-dlt-grandflex-v37-plus-r7237-18.jpg,https://dlt.by/image/catalog/easyphoto/1391/shlifmashina-zhiraf-dlt-grandflex-v37-plus-r7237-20.jpg,https://dlt.by/image/catalog/easyphoto/1391/shlifmashina-zhiraf-dlt-grandflex-v37-plus-r7237-19.jpg,,,,,,,,,,,,,,,,,,,,,,,,,,,"
"Алмазная коронка по плитке и керамограниту DLT CERAMIC, 14мм, арт.0665",Алмазная оснастка>Алмазные коронки для плитки,665,306.96,"https://dlt.by/image/catalog/tovar/almkorposteklu/new/novye_razmery/14mm/new/14_chernye_2.jpg,https://dlt.by/image/catalog/tovar/almkorposteklu/new/novye_razmery/14mm/14_chernye_1.jpg,https://dlt.by/image/catalog/tovar/almkorposteklu/new/novye_razmery/14mm/14_chernye_3.jpg,https://dlt.by/image/catalog/tovar/almkorposteklu/new/100mm/4.png,,,,,,,,,,,,,,,,,,,,,,,,,,,,,,,,,,,,,,,,,,"
"Алмазная коронка по плитке и керамограниту DLT CERAMIC, 18мм, арт.0668",Алмазная оснастка>Алмазные коронки для плитки,668,367.15,"https://dlt.by/image/catalog/tovar/almkorposteklu/new/novye_razmery/18mm/new/18_chernye_2.jpg,https://dlt.by/image/catalog/tovar/almkorposteklu/new/novye_razmery/18mm/18_chernye_1.jpg,https://dlt.by/image/catalog/tovar/almkorposteklu/new/novye_razmery/18mm/18_chernye_3.jpg,https://dlt.by/image/catalog/tovar/almkorposteklu/new/10mm/4.png,,,,,,,,,,,,,,,,,,,,,,,,,,,,,,,,,,,,,,,,,,"
"Алмазная коронка по плитке и керамограниту DLT CERAMIC, 20мм, арт.0669",Алмазная оснастка>Алмазные коронки для плитки,669,367.15,"https://dlt.by/image/catalog/tovar/almkorposteklu/new/novye_razmery/20mm/new/20_chernye_2.jpg,https://dlt.by/image/catalog/tovar/almkorposteklu/new/novye_razmery/20mm/20_chernye_1.jpg,https://dlt.by/image/catalog/tovar/almkorposteklu/new/110mm/4.png,,,,,,,,,,,,,,,,,,,,,,,,,,,,,,,,,,,,,,,,,,,"
"Алмазная коронка по плитке и керамограниту DLT CERAMIC, 28мм, арт.0670",Алмазная оснастка>Алмазные коронки для плитки,670,541.70,"https://dlt.by/image/catalog/tovar/almkorposteklu/new/novye_razmery/28mm/new/28_chernye_2.jpg,https://dlt.by/image/catalog/tovar/almkorposteklu/new/novye_razmery/20mm/20_chernye_1.jpg,https://dlt.by/image/catalog/tovar/almkorposteklu/new/novye_razmery/28mm/28_chernye_3.jpg,https://dlt.by/image/catalog/tovar/almkorposteklu/new/125mm/4.png,,,,,,,,,,,,,,,,,,,,,,,,,,,,,,,,,,,,,,,,,,"
"Алмазная коронка по плитке и керамограниту DLT CERAMIC, 32мм, арт.0671",Алмазная оснастка>Алмазные коронки для плитки,671,601.88,"https://dlt.by/image/catalog/tovar/almkorposteklu/new/novye_razmery/32mm/new/32_chernye_2.jpg,https://dlt.by/image/catalog/tovar/almkorposteklu/new/novye_razmery/28mm/28_chernye_1.jpg,https://dlt.by/image/catalog/tovar/almkorposteklu/new/novye_razmery/32mm/32_chernye_3.jpg,https://dlt.by/image/catalog/tovar/almkorposteklu/new/12mm/4.png,,,,,,,,,,,,,,,,,,,,,,,,,,,,,,,,,,,,,,,,,,"
"Алмазная коронка по плитке и керамограниту DLT CERAMIC, 38мм, арт.0672",Алмазная оснастка>Алмазные коронки для плитки,672,722.26,"https://dlt.by/image/catalog/tovar/almkorposteklu/new/novye_razmery/38mm/new/38_chernye_2.jpg,https://dlt.by/image/catalog/tovar/almkorposteklu/new/novye_razmery/38mm/38_chernye_1.jpg,https://dlt.by/image/catalog/tovar/almkorposteklu/new/novye_razmery/38mm/38_chernye_3.jpg,https://dlt.by/image/catalog/tovar/almkorposteklu/new/35mm/4.png,,,,,,,,,,,,,,,,,,,,,,,,,,,,,,,,,,,,,,,,,,"
"Алмазная коронка по плитке и керамограниту DLT CERAMIC, 45мм, арт.0673",Алмазная оснастка>Алмазные коронки для плитки,673,842.64,"https://dlt.by/image/catalog/tovar/almkorposteklu/new/novye_razmery/45mm/new/45_chernye_2.jpg,https://dlt.by/image/catalog/tovar/almkorposteklu/new/novye_razmery/45mm/45_chernye_1.jpg,https://dlt.by/image/catalog/tovar/almkorposteklu/new/novye_razmery/45mm/45_chernye_3.jpg,https://dlt.by/image/catalog/tovar/almkorposteklu/new/40mm/4.png,,,,,,,,,,,,,,,,,,,,,,,,,,,,,,,,,,,,,,,,,,"
"Алмазная коронка по плитке и керамограниту DLT CERAMIC, 50мм, арт.0674",Алмазная оснастка>Алмазные коронки для плитки,674,963.02,"https://dlt.by/image/catalog/tovar/almkorposteklu/new/novye_razmery/50mm/new/50_chernye_2.jpg,https://dlt.by/image/catalog/tovar/almkorposteklu/new/novye_razmery/50mm/50_chernye_1.jpg,https://dlt.by/image/catalog/tovar/almkorposteklu/new/60mm/4.png,,,,,,,,,,,,,,,,,,,,,,,,,,,,,,,,,,,,,,,,,,,"
"Алмазная коронка по плитке и керамограниту DLT CERAMIC, 55мм, арт.0675",Алмазная оснастка>Алмазные коронки для плитки,675,1 023.20,"https://dlt.by/image/catalog/tovar/almkorposteklu/new/novye_razmery/55mm/new/55_chernye_2.jpg,https://dlt.by/image/catalog/tovar/almkorposteklu/new/novye_razmery/55mm/55_chernye_1.jpg,https://dlt.by/image/catalog/tovar/almkorposteklu/new/novye_razmery/55mm/55_chernye_3.jpg,https://dlt.by/image/catalog/tovar/almkorposteklu/new/68mm/4.png,,,,,,,,,,,,,,,,,,,,,,,,,,,,,,,,,,,,,,,,,,"
"Алмазная коронка по плитке и керамограниту DLT CERAMIC, 105мм, арт.0676",Алмазная оснастка>Алмазные коронки для плитки,676,2 106.60,"https://dlt.by/image/catalog/tovar/almkorposteklu/new/novye_razmery/105mm/105_chernye_2.jpg,https://dlt.by/image/catalog/tovar/almkorposteklu/new/novye_razmery/105mm/105_chernye_1.jpg,https://dlt.by/image/catalog/tovar/almkorposteklu/new/novye_razmery/105mm/120115105_chernye_3.jpg,https://dlt.by/image/catalog/tovar/almkorposteklu/new/6mm/4.png,,,,,,,,,,,,,,,,,,,,,,,,,,,,,,,,,,,,,,,,,,"
"Алмазная коронка по плитке и керамограниту DLT CERAMIC, 115мм, арт.0678",Алмазная оснастка>Алмазные коронки для плитки,678,2 407.54,"https://dlt.by/image/catalog/tovar/almkorposteklu/new/novye_razmery/115mm/new/115_chernye_2.jpg,https://dlt.by/image/catalog/tovar/almkorposteklu/new/novye_razmery/115mm/115_chernye_1.jpg,https://dlt.by/image/catalog/tovar/almkorposteklu/new/novye_razmery/115mm/120115105_chernye_3.jpg,https://dlt.by/image/catalog/tovar/almkorposteklu/new/70mm/4.png,,,,,,,,,,,,,,,,,,,,,,,,,,,,,,,,,,,,,,,,,,"
"Алмазная коронка по плитке и керамограниту DLT CERAMIC, 120мм, арт.0677",Алмазная оснастка>Алмазные коронки для плитки,677,2 558.01,"https://dlt.by/image/catalog/tovar/dlt_ceramic_150/120_chernye_2.jpg,https://dlt.by/image/catalog/tovar/almkorposteklu/new/novye_razmery/120mm/120_chernye_1.jpg,https://dlt.by/image/catalog/tovar/almkorposteklu/new/novye_razmery/120mm/120115105_chernye_3.jpg,https://dlt.by/image/catalog/tovar/almkorposteklu/new/8mm/4.png,,,,,,,,,,,,,,,,,,,,,,,,,,,,,,,,,,,,,,,,,,"
"Алмазная коронка по плитке и керамограниту DLT CERAMIC, 15мм, арт.0666",Алмазная оснастка>Алмазные коронки для плитки,666,306.96,"https://dlt.by/image/catalog/tovar/almkorposteklu/new/novye_razmery/15mm/new/15_chernye_2.jpg,https://dlt.by/image/catalog/tovar/almkorposteklu/new/novye_razmery/15mm/15_chernye_1.jpg,https://dlt.by/image/catalog/tovar/almkorposteklu/new/novye_razmery/15mm/15_chernye_3.jpg,https://dlt.by/image/catalog/tovar/almkorposteklu/new/100mm/4.png,,,,,,,,,,,,,,,,,,,,,,,,,,,,,,,,,,,,,,,,,,"
"Алмазная коронка по плитке и керамограниту DLT CERAMIC, 16мм, арт.0667",Алмазная оснастка>Алмазные коронки для плитки,667,367.15,"https://dlt.by/image/catalog/tovar/almkorposteklu/new/novye_razmery/16mm/new/16_chernye_2.jpg,https://dlt.by/image/catalog/tovar/almkorposteklu/new/novye_razmery/15mm/15_chernye_1.jpg,https://dlt.by/image/catalog/tovar/almkorposteklu/new/100mm/4.png,,,,,,,,,,,,,,,,,,,,,,,,,,,,,,,,,,,,,,,,,,,"
"Раздвижная гребёнка-трансформер, зуб 12мм.I, арт.1214",Инструмент для укладки плитки>Гребенки,1214,4 965.55,"https://dlt.by/image/catalog/tovar/gr8mm/new/1.jpg,https://dlt.by/image/catalog/tovar/gr8mm/new/2.jpg,https://dlt.by/image/catalog/tovar/gr8mm/new/izobrazhenie_viber_2021-03-10_16-17-21.jpg,https://dlt.by/image/catalog/tovar/gr8mm/new/4.jpg,https://dlt.by/image/catalog/tovar/gr8mm/new/izobrazhenie_viber_2021-03-10_16-17-22.jpg,https://dlt.by/image/catalog/tovar/gr8mm/new/new/6(1).png,https://dlt.by/image/catalog/tovar/gr8mm/new/7.png,https://dlt.by/image/catalog/tovar/gr8mm/new/8.png,https://dlt.by/image/catalog/tovar/gr8mm/new/new/9(1).png,https://dlt.by/image/catalog/tovar/gr8mm/new/new/10(1).png,,,,,,,,,,,,,,,,,,,,,,,,,,,,,,,,,,,,"
"Указатель лазерный для плиткорезов DLT, арт. 0776",Инструмент для укладки плитки>Гребенки,776,2 257.07,"https://dlt.by/image/catalog/tovar/lazernyj_ukazatel/1.jpg,https://dlt.by/image/catalog/tovar/lazernyj_ukazatel/2.jpg,https://dlt.by/image/catalog/tovar/lazernyj_ukazatel/3.jpg,https://dlt.by/image/catalog/easyphoto/1340/ukazatel-lazernyy-dlya-plitkorezov-dlt-art-0776-2.jpg,,,,,,,,,,,,,,,,,,,,,,,,,,,,,,,,,,,,,,,,,,"
"Отрезной диск для станков Shijing и DLT, 106мм, арт.1360",Алмазная оснастка>Алмазные диски>Алмазные диски для электрических плиткорезов,1360,451.41,"https://dlt.by/image/catalog/tovar/diski_shijing/106mm/0.jpg,https://dlt.by/image/catalog/tovar/diski_shijing/106mm/1.jpg,https://dlt.by/image/catalog/tovar/diski_shijing/106mm/2.jpg,https://dlt.by/image/catalog/tovar/diski_shijing/106mm/3.jpg,https://dlt.by/image/catalog/tovar/diski_shijing/106mm/4.jpg,https://dlt.by/image/catalog/tovar/diski_shijing/106mm/5.jpg,https://dlt.by/image/catalog/tovar/diski_shijing/106mm/new/6-1000x1000.jpg,,,,,,,,,,,,,,,,,,,,,,,,,,,,,,,,,,,,,,,"
"Шаблон форм (кондуктор строительный) DLT H1, 12,5см, арт.0801",Инструмент для укладки плитки>Шаблоны строительные,801,541.70,"https://dlt.by/image/catalog/tovar/shablon_dlt/12.5mm/img_2837.jpg,https://dlt.by/image/catalog/tovar/shablon_dlt/12.5mm/img_2843.jpg,https://dlt.by/image/catalog/tovar/shablon_dlt/12.5mm/img_2842.jpg,https://dlt.by/image/catalog/tovar/shablon_dlt/12.5mm/img_2835.jpg,https://dlt.by/image/catalog/tovar/shablon_dlt/12.5mm/img_2838.jpg,https://dlt.by/image/catalog/tovar/shablon_dlt/12.5mm/img_2831.jpg,,,,,,,,,,,,,,,,,,,,,,,,,,,,,,,,,,,,,,,,"
"Шаблон форм (кондуктор строительный) DLT H2, 25,5см, арт.0802",Инструмент для укладки плитки>Шаблоны строительные,802,1 173.67,"https://dlt.by/image/catalog/tovar/shablon_dlt/25.5/1.jpg,https://dlt.by/image/catalog/tovar/shablon_dlt/25.5/2.jpg,https://dlt.by/image/catalog/tovar/shablon_dlt/25.5/3.jpg,https://dlt.by/image/catalog/tovar/shablon_dlt/25.5/4.jpg,https://dlt.by/image/catalog/tovar/shablon_dlt/25.5/5.jpg,https://dlt.by/image/catalog/tovar/shablon_dlt/25.5/6.jpg,,,,,,,,,,,,,,,,,,,,,,,,,,,,,,,,,,,,,,,,"
"АГШК DLT №2, для сухой шлифовки, #30, 100мм, арт.0938",Инструмент для укладки плитки>Круг алмазный гибкий шлифовальный>АГШК #30,938,511.60,"https://dlt.by/image/catalog/easyphoto/1424/agshk-dlt-2-dlya-suhoy-shlifovki-30-100mm-2.jpg,https://dlt.by/image/catalog/easyphoto/1424/agshk-dlt-2-dlya-suhoy-shlifovki-30-100mm-4.jpg,https://dlt.by/image/catalog/easyphoto/1424/agshk-dlt-2-dlya-suhoy-shlifovki-30-100mm-3.jpg,https://dlt.by/image/catalog/easyphoto/1424/agshk-dlt-2-dlya-suhoy-shlifovki-30-100mm-5.jpg,,,,,,,,,,,,,,,,,,,,,,,,,,,,,,,,,,,,,,,,,,"
"Газовый монтажный пистолет (нейлер) Hybest GFN3490B, арт.0860",Монтажные пистолеты,860,29 191.40,"https://dlt.by/image/catalog/tovar/hubestgfn3490b/1.jpg,https://dlt.by/image/catalog/tovar/hubestgfn3490b/2.jpg,https://dlt.by/image/catalog/tovar/hubestgfn3490b/3.jpg,https://dlt.by/image/catalog/tovar/hubestgfn3490b/4.jpg,https://dlt.by/image/catalog/tovar/hubestgfn3490b/5.jpg,https://dlt.by/image/catalog/tovar/hubestgfn3490b/6.jpg,https://dlt.by/image/catalog/tovar/hubestgfn3490b/7.jpg,https://dlt.by/image/catalog/tovar/hubestgfn3490b/8.jpg,https://dlt.by/image/catalog/tovar/hubestgfn3490b/9.jpg,https://dlt.by/image/catalog/tovar/hubestgfn3490b/10.jpg,https://dlt.by/image/catalog/tovar/hubestgfn3490b/11.jpg,https://dlt.by/image/catalog/tovar/hubestgfn3490b/12.jpg,,,,,,,,,,,,,,,,,,,,,,,,,,,,,,,,,,"
"Малярный шпатель DLT Finish, h-образный, толщина 0,3мм, 25см, арт.1044",Инструмент для укладки плитки>Круг алмазный гибкий шлифовальный>АГШК #30,1044,752.36,"https://dlt.by/image/catalog/tovar/shpateli/25cm/25smsvodnym.jpg,https://dlt.by/image/catalog/tovar/shpateli/35_n/new/2.jpg,https://dlt.by/image/catalog/tovar/shpateli/35_n/new/3.jpg,https://dlt.by/image/catalog/tovar/shpateli/35_n/new/4.jpg,https://dlt.by/image/catalog/tovar/shpateli/35_n/new/5.jpg,https://dlt.by/image/catalog/tovar/shpateli/35_n/new/6.jpg,https://dlt.by/image/catalog/tovar/shpateli/35_n/new/7.jpg,https://dlt.by/image/catalog/tovar/shpateli/35_n/new/8.jpg,https://dlt.by/image/catalog/tovar/shpateli/35_n/new/9.jpg,https://dlt.by/image/catalog/tovar/shpateli/35_n/new/10.jpg,https://dlt.by/image/catalog/tovar/shpateli/35_n/new/11.jpg,https://dlt.by/image/catalog/tovar/shpateli/35_n/new/12.jpg,https://dlt.by/image/catalog/tovar/shpateli/35_n/new_png/10.png,https://dlt.by/image/catalog/tovar/shpateli/35_n/new_png/8.png,,,,,,,,,,,,,,,,,,,,,,,,,,,,,,,,"
"Малярный шпатель DLT Finish, h-образный, толщина 0,5мм, 15см, арт.1050","Шпателя для механизированной шпатлевки>Шпателя для механизированного нанесения>Шпатели с лезвием 0,5мм",1050,662.07,"https://dlt.by/image/catalog/tovar/shpateli/15cm/15smsvodnym.jpg,https://dlt.by/image/catalog/tovar/shpateli/35_n/new/2.jpg,https://dlt.by/image/catalog/tovar/shpateli/35_n/new/3.jpg,https://dlt.by/image/catalog/tovar/shpateli/35_n/new/4.jpg,https://dlt.by/image/catalog/tovar/shpateli/35_n/new/5.jpg,https://dlt.by/image/catalog/tovar/shpateli/35_n/new/6.jpg,https://dlt.by/image/catalog/tovar/shpateli/35_n/new/7.jpg,https://dlt.by/image/catalog/tovar/shpateli/35_n/new/8.jpg,https://dlt.by/image/catalog/tovar/shpateli/35_n/new/9.jpg,https://dlt.by/image/catalog/tovar/shpateli/35_n/new/10.jpg,https://dlt.by/image/catalog/tovar/shpateli/35_n/new/11.jpg,https://dlt.by/image/catalog/tovar/shpateli/35_n/new/12.jpg,https://dlt.by/image/catalog/tovar/shpateli/35_n/new_png/10.png,https://dlt.by/image/catalog/tovar/shpateli/35_n/new_png/8.png,,,,,,,,,,,,,,,,,,,,,,,,,,,,,,,,"
"Крепление для лазерного уровня (нивелира) DLT ND6, арт.0815",Аксессуары к нивелирам,815,1 775.56,"https://dlt.by/image/catalog/tovar/dlt_nd6/shtanga_8kr1000h1000svodnymi.jpg,https://dlt.by/image/catalog/tovar/dlt_nd6/shtanga_7kr1000h1000svodnymi.jpg,,,,,,,,,,,,,,,,,,,,,,,,,,,,,,,,,,,,,,,,,,,,"
"Пылесос строительный DLT PL501 с полуавтоматической системой очистки фильтра (обратный поток)I, арт.0793",Пылесосы строительные>Пылесосы,793,26 332.45,"https://dlt.by/image/catalog/tovar/dlt_pylesosy/pl_501/1.jpg,https://dlt.by/image/catalog/tovar/dlt_pylesosy/pl_501/2.jpg,https://dlt.by/image/catalog/tovar/dlt_pylesosy/pl_501/3.jpg,https://dlt.by/image/catalog/tovar/dlt_pylesosy/pl_501/4.jpg,https://dlt.by/image/catalog/tovar/dlt_pylesosy/pl_501/5.jpg,https://dlt.by/image/catalog/tovar/dlt_pylesosy/pl_501/6.jpg,https://dlt.by/image/catalog/tovar/dlt_pylesosy/pl_501/7.jpg,https://dlt.by/image/catalog/tovar/dlt_pylesosy/pl_501/8.jpg,https://dlt.by/image/catalog/tovar/dlt_pylesosy/pl_501/9.jpg,https://dlt.by/image/catalog/tovar/dlt_pylesosy/pl_501/10.jpg,https://dlt.by/image/catalog/tovar/dlt_pylesosy/pl_501/11.jpg,https://dlt.by/image/catalog/tovar/dlt_pylesosy/pl_501/12.jpg,https://dlt.by/image/catalog/tovar/dlt_pylesosy/pl_501/13.jpg,,,,,,,,,,,,,,,,,,,,,,,,,,,,,,,,,"
"Пылесос строительный DLT PL208 - старая версия - НОВАЯ модель DLT PL PROI, арт.0792(ST)",Пылесосы строительные>Пылесосы,0792(ST),22 871.61,"https://dlt.by/image/catalog/easyphoto/1367/pylesos-stroitelnyy-dlt-pl208-s-avto-ochistkoy-filtra-vibro-ochistka-1.jpg,https://dlt.by/image/catalog/easyphoto/1367/pylesos-stroitelnyy-dlt-pl208-s-avto-ochistkoy-filtra-vibro-ochistka-2.jpg,https://dlt.by/image/catalog/easyphoto/1367/pylesos-stroitelnyy-dlt-pl208-s-avto-ochistkoy-filtra-vibro-ochistka-3.jpg,https://dlt.by/image/catalog/easyphoto/1367/pylesos-stroitelnyy-dlt-pl208-s-avto-ochistkoy-filtra-vibro-ochistka-4.jpg,https://dlt.by/image/catalog/easyphoto/1367/pylesos-stroitelnyy-dlt-pl208-s-avto-ochistkoy-filtra-vibro-ochistka-5.jpg,https://dlt.by/image/catalog/easyphoto/1367/pylesos-stroitelnyy-dlt-pl208-s-avto-ochistkoy-filtra-vibro-ochistka-6.jpg,https://dlt.by/image/catalog/easyphoto/1367/pylesos-stroitelnyy-dlt-pl208-s-avto-ochistkoy-filtra-vibro-ochistka-7.jpg,https://dlt.by/image/catalog/easyphoto/1367/pylesos-stroitelnyy-dlt-pl208-s-avto-ochistkoy-filtra-vibro-ochistka-8.jpg,https://dlt.by/image/catalog/easyphoto/1367/pylesos-stroitelnyy-dlt-pl208-s-avto-ochistkoy-filtra-vibro-ochistka-9.jpg,https://dlt.by/image/catalog/easyphoto/1367/pylesos-stroitelnyy-dlt-pl208-s-avto-ochistkoy-filtra-vibro-ochistka-10.jpg,https://dlt.by/image/catalog/easyphoto/1367/pylesos-stroitelnyy-dlt-pl208-s-avto-ochistkoy-filtra-vibro-ochistka-11.jpg,https://dlt.by/image/catalog/easyphoto/1367/pylesos-stroitelnyy-dlt-pl208-s-avto-ochistkoy-filtra-vibro-ochistka-12.jpg,,,,,,,,,,,,,,,,,,,,,,,,,,,,,,,,,,"
"Набор алмазных коронок BIHUI, арт.DBDMS6 ",Алмазная оснастка>Алмазные коронки для плитки,DBDMS6,14 896.64,"https://dlt.by/image/catalog/tovar/nabory_koronok_bihui/dbdms6/1.jpg,https://dlt.by/image/catalog/tovar/nabory_koronok_bihui/dbdms6/2.jpg,https://dlt.by/image/catalog/tovar/nabory_koronok_bihui/dbdms6/3.jpg,,,,,,,,,,,,,,,,,,,,,,,,,,,,,,,,,,,,,,,,,,,"
"HEPA фильтр для пылесоса DLT PL PRO / PL208/ PL PRO MAX, арт. 0797",Пылесосы строительные>Фильтры и мешки-пылесборники,797,1 504.71,"https://dlt.by/image/catalog/tovar/pl208hepa/1.jpg,https://dlt.by/image/catalog/tovar/pl208hepa/2.jpg,https://dlt.by/image/catalog/tovar/pl208hepa/3.jpg,,,,,,,,,,,,,,,,,,,,,,,,,,,,,,,,,,,,,,,,,,,"
"HEPA фильтр для пылесоса DLT PL501, арт.0800",Пылесосы строительные>Фильтры и мешки-пылесборники,800,1 354.24,"https://dlt.by/image/catalog/tovar/pl501hepa/1.jpg,https://dlt.by/image/catalog/tovar/pl501hepa/2.jpg,https://dlt.by/image/catalog/tovar/pl501hepa/3.jpg,,,,,,,,,,,,,,,,,,,,,,,,,,,,,,,,,,,,,,,,,,,"
"Губчатый фильтр для пылесоса DLT PL501, арт.0799",Пылесосы строительные>Фильтры и мешки-пылесборники,799,812.54,"https://dlt.by/image/catalog/tovar/pl501filtr/1.jpg,https://dlt.by/image/catalog/tovar/pl501filtr/2.jpg,https://dlt.by/image/catalog/tovar/pl501filtr/3.jpg,,,,,,,,,,,,,,,,,,,,,,,,,,,,,,,,,,,,,,,,,,,"
"Мешок-пылесборник для пылесоса DLT PL PRO/ PL208, бумажный, арт.0796",Пылесосы строительные>Фильтры и мешки-пылесборники,796,246.77,"https://dlt.by/image/catalog/tovar/pl208meshok/1.jpg,https://dlt.by/image/catalog/tovar/pl208meshok/2.jpg,https://dlt.by/image/catalog/tovar/pl208meshok/3.jpg,,,,,,,,,,,,,,,,,,,,,,,,,,,,,,,,,,,,,,,,,,,"
"Мешок-пылесборник для пылесоса DLT PL501, многоразовый, арт.0798",Пылесосы строительные>Фильтры и мешки-пылесборники,798,601.88,"https://dlt.by/image/catalog/tovar/pl501meshok/1.jpg,https://dlt.by/image/catalog/tovar/pl501meshok/2.jpg,https://dlt.by/image/catalog/tovar/pl501meshok/3.jpg,,,,,,,,,,,,,,,,,,,,,,,,,,,,,,,,,,,,,,,,,,,"
"Коронка алмазная по керамограниту BIHUI, 60мм (вакуумная пайка), арт.DBDF60",Алмазная оснастка>Алмазные коронки для плитки,DBDF60,2 889.05,"https://dlt.by/image/catalog/tovar/koronkialmbihui/60_new/60_2svodnym.jpg,https://dlt.by/image/catalog/tovar/koronkialmbihui/60_new/60_1svodnym.jpg,https://dlt.by/image/catalog/tovar/koronkialmbihui/65_new/new/3.jpg,https://dlt.by/image/catalog/tovar/koronkialmbihui/6_new/new/eregfd.png,https://dlt.by/image/catalog/tovar/koronkialmbihui/65_new/new/new/rt5.png,https://dlt.by/image/catalog/tovar/koronkialmbihui/65_new/6.jpg,https://dlt.by/image/catalog/tovar/koronkialmbihui/65_new/8.jpg,https://dlt.by/image/catalog/tovar/koronkialmbihui/65_new/9.jpg,https://dlt.by/image/catalog/tovar/koronkialmbihui/65_new/new/new/10.png,https://dlt.by/image/catalog/tovar/koronkialmbihui/65_new/11.jpg,https://dlt.by/image/catalog/tovar/koronkialmbihui/65_new/12.jpg,,,,,,,,,,,,,,,,,,,,,,,,,,,,,,,,,,,"
"Сумка DLT для механического плиткореза до 1000мм, арт.0864",Плиткорезы ручные>Аксессуары для ручных плиткорезов>Сумки,864,1 655.18,"https://dlt.by/image/catalog/easyphoto/1378/sumka-dlya-mehanicheskogo-plitkoreza-dlt-1000-1.jpg,https://dlt.by/image/catalog/easyphoto/1378/sumka-dlya-mehanicheskogo-plitkoreza-dlt-1000-2.jpg,https://dlt.by/image/catalog/easyphoto/1378/sumka-dlya-mehanicheskogo-plitkoreza-dlt-1000-3.jpg,,,,,,,,,,,,,,,,,,,,,,,,,,,,,,,,,,,,,,,,,,,"
"Сумка DLT для механического плиткореза до 1300мм, арт.0865",Плиткорезы ручные>Аксессуары для ручных плиткорезов>Сумки,865,1 655.18,"https://dlt.by/image/catalog/easyphoto/1379/sumka-dlya-mehanicheskogo-plitkoreza-dlt-1300-1.jpg,https://dlt.by/image/catalog/easyphoto/1379/sumka-dlya-mehanicheskogo-plitkoreza-dlt-1300-2.jpg,https://dlt.by/image/catalog/easyphoto/1379/sumka-dlya-mehanicheskogo-plitkoreza-dlt-1300-3.jpg,,,,,,,,,,,,,,,,,,,,,,,,,,,,,,,,,,,,,,,,,,,"
"Клин (СВП) 3D KRESTIKI (200 шт.), арт.1103",Система выравнивания плитки (СВП),1103,1 053.30,"https://dlt.by/image/catalog/tovar/svp_new/klin_50/7.jpg,https://dlt.by/image/catalog/tovar/svp_new/klin-200/2.jpg,,,,,,,,,,,,,,,,,,,,,,,,,,,,,,,,,,,,,,,,,,,,"
"Алмазный диск DUAL-ROW MAX, 180мм, арт.CG1900W",Алмазная оснастка>Алмазные диски>Чашки алмазные шлифовальные (алмазные фрезы),CG1900W,4 303.47,"https://dlt.by/image/catalog/tovar/cg1900w/1.jpg,https://dlt.by/image/catalog/tovar/cg1900w/2.jpg,https://dlt.by/image/catalog/tovar/cg1900w/3.jpg,,,,,,,,,,,,,,,,,,,,,,,,,,,,,,,,,,,,,,,,,,,"
"Губка строительная для затирки BIHUI, нейлон, арт.CSPW ",Плиткорезы ручные,CSPW,246.77,"https://dlt.by/image/catalog/tovar/cspw/1.jpg,https://dlt.by/image/catalog/tovar/cspw/2.jpg,https://dlt.by/image/catalog/tovar/cspw/3.jpg,,,,,,,,,,,,,,,,,,,,,,,,,,,,,,,,,,,,,,,,,,,"
"Насадка на присоску вибрационную для плитки BIHUI, арт.LFTBV-BB ",Инструмент для укладки плитки>Присоски для плитки и стекла>Вибрационные присоски,LFTBV-BB,1 895.94,"https://dlt.by/image/catalog/easyphoto/1386/nasadka-na-prisosku-vibratsionnuyu-dlya-plitki-bihui-art-lftbv-bb-1.jpg,https://dlt.by/image/catalog/tovar/lftbv-bb/1.jpg,https://dlt.by/image/catalog/tovar/lftbv-bb/4.jpg,https://dlt.by/image/catalog/tovar/lftbv-bb/2021-11-01_15-43-58.png,https://dlt.by/image/catalog/tovar/lftbv-bb/2.jpg,https://dlt.by/image/catalog/tovar/lftbv-bb/3.jpg,,,,,,,,,,,,,,,,,,,,,,,,,,,,,,,,,,,,,,,,"
"Пылесос промышленный BIHUI, С полуавтоматической очисткой фильтра, арт.VCH30 ",Пылесосы строительные>Пылесосы,VCH30,19 561.25,"https://dlt.by/image/catalog/tovar/vch30/1.jpg,https://dlt.by/image/catalog/tovar/vch30/1-1.jpg,https://dlt.by/image/catalog/tovar/vch30/1-2.jpg,https://dlt.by/image/catalog/tovar/vch30/2.jpg,https://dlt.by/image/catalog/tovar/vch30/3.jpg,https://dlt.by/image/catalog/tovar/vch30/4.jpg,https://dlt.by/image/catalog/tovar/vch30/5.jpg,https://dlt.by/image/catalog/tovar/vch30/6.jpg,https://dlt.by/image/catalog/tovar/vch30/7.jpg,https://dlt.by/image/catalog/tovar/vch30/8.jpg,https://dlt.by/image/catalog/tovar/vch30/9.jpg,https://dlt.by/image/catalog/tovar/vch30/10.jpg,https://dlt.by/image/catalog/tovar/vch30/11.jpg,https://dlt.by/image/catalog/tovar/vch30/12.jpg,,,,,,,,,,,,,,,,,,,,,,,,,,,,,,,,"
"Система выравнивания плитки BIHUI (СВП многоразовая), 50шт, арт.TSL50",Система выравнивания плитки (СВП)>СВП BIHUI,TSL50,1 685.28,"https://dlt.by/image/catalog/tovar/tsl50/1.jpg,https://dlt.by/image/catalog/tovar/tsl50/2.jpg,https://dlt.by/image/catalog/tovar/tsl50/3.jpg,https://dlt.by/image/catalog/tovar/tsl50/4.jpg,,,,,,,,,,,,,,,,,,,,,,,,,,,,,,,,,,,,,,,,,,"
"Шлифовальный круг 225мм (упаковка 10шт) 8 отверстий, P320, арт.0883","Шлифовальные машины для стен, потолков и пола>Шлифовальные круги и сетки>P240-320",883,902.83,"https://dlt.by/image/catalog/image/catalog/tovar/dlt_p60/1.jpg,https://dlt.by/image/catalog/tovar/dlt_p60/2.jpg,https://dlt.by/image/catalog/tovar/dlt_p60/3.jpg,,,,,,,,,,,,,,,,,,,,,,,,,,,,,,,,,,,,,,,,,,,"
"Подкова для регулировки шва BIHU, 2мм, 350шт, арт.HSP350",Система выравнивания плитки (СВП)>Крестики/клинья/подковы,HSP350,1 384.33,"https://dlt.by/image/catalog/hsp350/1.jpg,https://dlt.by/image/catalog/hsp350/2.jpg,https://dlt.by/image/catalog/hsp350/3.jpg,https://dlt.by/image/catalog/hsp350/4.jpg,https://dlt.by/image/catalog/hsp350/5.png,,,,,,,,,,,,,,,,,,,,,,,,,,,,,,,,,,,,,,,,,"
"Набор алмазных коронок BIHUI, арт.DBDMK5",Алмазная оснастка>Алмазные коронки для плитки,DBDMK5,4 965.55,"https://dlt.by/image/catalog/tovar/nabory_koronok_bihui/dbdmk5/1.jpg,https://dlt.by/image/catalog/tovar/nabory_koronok_bihui/dbdmk5/2.jpg,https://dlt.by/image/catalog/tovar/nabory_koronok_bihui/dbdmk5/3.jpg,,,,,,,,,,,,,,,,,,,,,,,,,,,,,,,,,,,,,,,,,,,"
"Гильотина для резки ламината Magnusson 220, арт.0921",Резаки для ламината,921,5 266.49,"https://dlt.by/image/catalog/magnusson320/2.jpg,https://dlt.by/image/catalog/magnusson320/3.jpg,https://dlt.by/image/catalog/magnusson320/4.jpg,https://dlt.by/image/catalog/magnusson320/5.jpg,https://dlt.by/image/catalog/magnusson320/6.jpg,https://dlt.by/image/catalog/magnusson320/7.jpg,https://dlt.by/image/catalog/magnusson320/8.jpg,https://dlt.by/image/catalog/magnusson320/9.jpg,https://dlt.by/image/catalog/magnusson320/10.jpg,,,,,,,,,,,,,,,,,,,,,,,,,,,,,,,,,,,,,"
"Губка строительная для затирки BIHUI 165 * 110 * 60 мм, арт.CFHS165",Инструмент для укладки плитки>Губки,CFHS165,276.87,"https://dlt.by/image/catalog/tovar/gubka/cfhs165_new/1.jpg,https://dlt.by/image/catalog/tovar/gubka/cfhs165_new/2.jpg,https://dlt.by/image/catalog/tovar/gubka/cfhs165_new/3.jpg,,,,,,,,,,,,,,,,,,,,,,,,,,,,,,,,,,,,,,,,,,,"
"Набор губок для затирки BIHUI, арт.CSPK4",Инструмент для укладки плитки>Губки,CSPK4,872.73,"https://dlt.by/image/catalog/cspk4/1.jpg,https://dlt.by/image/catalog/cspk4/2.jpg,https://dlt.by/image/catalog/cspk4/3.jpg,https://dlt.by/image/catalog/cspk4/4.jpg,https://dlt.by/image/catalog/cspk4/5.jpg,,,,,,,,,,,,,,,,,,,,,,,,,,,,,,,,,,,,,,,,,"
"Губка строительная для затирки BIHUI, арт.CSPB",Инструмент для укладки плитки>Губки,CSPB,186.58,"https://dlt.by/image/catalog/easyphoto/1407/gubka-stroitelnaya-dlya-zatirki-bihui-art-cspb-1.jpg,https://dlt.by/image/catalog/easyphoto/1407/gubka-stroitelnaya-dlya-zatirki-bihui-art-cspb-2.jpg,https://dlt.by/image/catalog/easyphoto/1407/gubka-stroitelnaya-dlya-zatirki-bihui-art-cspb-3.jpg,,,,,,,,,,,,,,,,,,,,,,,,,,,,,,,,,,,,,,,,,,,"
"Наколенники BIHUI, арт.TKPT",Инструмент для укладки плитки>Наколенники строительные,TKPT,2 527.91,"https://dlt.by/image/catalog/tkpt2/1.jpg,https://dlt.by/image/catalog/tkpt2/1-1.jpg,https://dlt.by/image/catalog/tkpt2/2.jpg,https://dlt.by/image/catalog/tkpt2/3.jpg,https://dlt.by/image/catalog/tkpt2/4.jpg,https://dlt.by/image/catalog/tkpt2/5.jpg,https://dlt.by/image/catalog/tkpt2/6.jpg,https://dlt.by/image/catalog/tkpt2/7.jpg,https://dlt.by/image/catalog/tkpt2/8.jpg,,,,,,,,,,,,,,,,,,,,,,,,,,,,,,,,,,,,,"
"Сменная щетка на кожух-пылеуловитель BIHUI, арт.DCWDEB ",Инструмент для укладки плитки>Кожухи для УШМ/Пылеуловители/Кондукторы,DCWDEB,367.15,"https://dlt.by/image/catalog/dcwdeb/1.jpg,https://dlt.by/image/catalog/dcwdeb/2.jpg,https://dlt.by/image/catalog/dcwdeb/3.jpg,,,,,,,,,,,,,,,,,,,,,,,,,,,,,,,,,,,,,,,,,,,"
"АГШК BIHUI (вакуумная пайка) для шлифовки и полировки, #50, Ø100мм, арт.DPV405",Инструмент для укладки плитки>Круг алмазный гибкий шлифовальный>АГШК #50-60,DPV405,2 768.67,"https://dlt.by/image/catalog/dpv405/1.jpg,https://dlt.by/image/catalog/dpv405/2.jpg,https://dlt.by/image/catalog/dpv405/3.jpg,,,,,,,,,,,,,,,,,,,,,,,,,,,,,,,,,,,,,,,,,,,"
"АГШК BIHUI (вакуумная пайка) для шлифовки и полировки, #100, Ø100мм , арт.DPV410",Инструмент для укладки плитки>Круг алмазный гибкий шлифовальный>АГШК #100,DPV410,2 768.67,"https://dlt.by/image/catalog/dpv410/1.jpg,https://dlt.by/image/catalog/dpv410/2.jpg,https://dlt.by/image/catalog/dpv410/3.jpg,,,,,,,,,,,,,,,,,,,,,,,,,,,,,,,,,,,,,,,,,,,"
"Набор алмазных коронок BIHUI, 4шт, арт.DBDMK4",Алмазная оснастка>Алмазные коронки для плитки>Наборы алмазных коронок,DBDMK4,11 947.41,"https://dlt.by/image/catalog/dbdmk4/1.jpg,https://dlt.by/image/catalog/dbdmk4/2.jpg,,,,,,,,,,,,,,,,,,,,,,,,,,,,,,,,,,,,,,,,,,,,"
"Проявочная лампа маляра Lossew Lamp P2, арт.0925",Лампы маляра,925,9 630.15,"https://dlt.by/image/catalog/lampp2/1.jpg,https://dlt.by/image/catalog/lampp2/2.jpg,https://dlt.by/image/catalog/lampp2/3.jpg,https://dlt.by/image/catalog/lampp2/4.jpg,https://dlt.by/image/catalog/lampp2/5.jpg,https://dlt.by/image/catalog/lampp2/6.jpg,https://dlt.by/image/catalog/lampp2/7.jpg,https://dlt.by/image/catalog/lampp2/9.jpg,,,,,,,,,,,,,,,,,,,,,,,,,,,,,,,,,,,,,,"
"Проявочная лампа маляра Lossew Lamp P2 TWL, арт.0926",Лампы маляра,926,17 153.71,"https://dlt.by/image/catalog/twl/1.jpg,https://dlt.by/image/catalog/twl/2.jpg,https://dlt.by/image/catalog/twl/3.jpg,https://dlt.by/image/catalog/twl/4.jpg,https://dlt.by/image/catalog/twl/5.jpg,https://dlt.by/image/catalog/twl/6.jpg,https://dlt.by/image/catalog/twl/7.jpg,https://dlt.by/image/catalog/twl/8.jpg,,,,,,,,,,,,,,,,,,,,,,,,,,,,,,,,,,,,,,"
"Алмазная коронка по стеклу и керамике BIHUI (гальваническая алмазная коронка), 6мм, арт.DBW06",Алмазная оснастка>Алмазные коронки для плитки,DBW06,367.15,"https://dlt.by/image/catalog/tovar/almkorposteklu_new/new/6_new/1.jpg,https://dlt.by/image/catalog/tovar/almkorposteklu_new/new/6_new/3.jpg,https://dlt.by/image/catalog/tovar/almkorposteklu_new/new/6_new/2.jpg,https://dlt.by/image/catalog/tovar/almkorposteklu_new/new/8.png,,,,,,,,,,,,,,,,,,,,,,,,,,,,,,,,,,,,,,,,,,"
"Проявочная лампа маляра Lossew Lamp P2 Ultra, арт.0927",Лампы маляра,927,12 188.16,"https://dlt.by/image/catalog/ultralossew/1.jpg,https://dlt.by/image/catalog/ultralossew/2.jpg,https://dlt.by/image/catalog/ultralossew/3.jpg,https://dlt.by/image/catalog/ultralossew/4.jpg,https://dlt.by/image/catalog/ultralossew/5.jpg,https://dlt.by/image/catalog/ultralossew/6.jpg,https://dlt.by/image/catalog/ultralossew/10.jpg,,,,,,,,,,,,,,,,,,,,,,,,,,,,,,,,,,,,,,,"
"Проявочная лампа маляра Lossew Lamp P2 Ultra Pro, арт.0928",Лампы маляра,928,14 896.64,"https://dlt.by/image/catalog/ultraprolossew/1.jpg,https://dlt.by/image/catalog/ultraprolossew/2.jpg,https://dlt.by/image/catalog/ultraprolossew/3.jpg,https://dlt.by/image/catalog/ultraprolossew/4.jpg,https://dlt.by/image/catalog/ultraprolossew/5.jpg,https://dlt.by/image/catalog/ultraprolossew/6.jpg,https://dlt.by/image/catalog/ultraprolossew/8.jpg,,,,,,,,,,,,,,,,,,,,,,,,,,,,,,,,,,,,,,,"
"Алмазная коронка по плитке и керамограниту DLT CERAMIC, 150мм, арт.0947",Алмазная оснастка>Алмазные коронки для плитки,947,2 858.95,"https://dlt.by/image/catalog/tovar/dlt_ceramic_150/1.jpg,https://dlt.by/image/catalog/tovar/dlt_ceramic_150/2.jpg,https://dlt.by/image/catalog/tovar/dlt_ceramic_150/3.jpg,https://dlt.by/image/catalog/tovar/dlt_ceramic_150/4.png,,,,,,,,,,,,,,,,,,,,,,,,,,,,,,,,,,,,,,,,,,"
"АГШК DLT №11, для сухой шлифовки, #30, 100мм, арт.0935",Инструмент для укладки плитки>Круг алмазный гибкий шлифовальный>АГШК #30,935,451.41,"https://dlt.by/image/catalog/tovar/dlt11_30/1.jpg,https://dlt.by/image/catalog/tovar/dlt11_30/2.jpg,,,,,,,,,,,,,,,,,,,,,,,,,,,,,,,,,,,,,,,,,,,,"
"АГШК DLT №11, для сухой шлифовки, #100, 100мм, арт.0933",Инструмент для укладки плитки>Круг алмазный гибкий шлифовальный>АГШК #100,933,451.41,"https://dlt.by/image/catalog/tovar/dlt11_100/1.jpg,https://dlt.by/image/catalog/tovar/dlt11_100/2.jpg,,,,,,,,,,,,,,,,,,,,,,,,,,,,,,,,,,,,,,,,,,,,"
"АГШК DLT №11, для сухой шлифовки, #200, 100мм, арт.0934",Инструмент для укладки плитки>Круг алмазный гибкий шлифовальный>АГШК #200,934,451.41,"https://dlt.by/image/catalog/tovar/dlt11_200/1.jpg,https://dlt.by/image/catalog/tovar/dlt11_200/2.jpg,,,,,,,,,,,,,,,,,,,,,,,,,,,,,,,,,,,,,,,,,,,,"
"АГШК DLT №11, для сухой шлифовки, #400, 100мм, арт.0936",Инструмент для укладки плитки>Круг алмазный гибкий шлифовальный>АГШК #400,936,571.79,"https://dlt.by/image/catalog/tovar/dlt11_400/1.jpg,https://dlt.by/image/catalog/tovar/dlt11_400/2.jpg,,,,,,,,,,,,,,,,,,,,,,,,,,,,,,,,,,,,,,,,,,,,"
"АГШК DLT №10, для сухой шлифовки, #100, 100мм, арт.0931",Инструмент для укладки плитки>Круг алмазный гибкий шлифовальный>АГШК #100,931,511.60,"https://dlt.by/image/catalog/tovar/dlt10_100/1.jpg,https://dlt.by/image/catalog/tovar/dlt10_100/2.jpg,,,,,,,,,,,,,,,,,,,,,,,,,,,,,,,,,,,,,,,,,,,,"
"АГШК DLT №11, для сухой шлифовки, #50, 100мм, арт.0937",Инструмент для укладки плитки>Круг алмазный гибкий шлифовальный>АГШК #50-60,937,451.41,"https://dlt.by/image/catalog/tovar/dlt11_50/1.jpg,https://dlt.by/image/catalog/tovar/dlt11_50/2.jpg,,,,,,,,,,,,,,,,,,,,,,,,,,,,,,,,,,,,,,,,,,,,"
"Набор алмазных коронок BIHUI (10 предметов), арт.DBDMS10",Алмазная оснастка>Алмазные коронки для плитки,DBDMS10,21 517.37,"https://dlt.by/image/catalog/tovar/nabory_koronok_bihui/dbdms10/1.jpg,https://dlt.by/image/catalog/tovar/nabory_koronok_bihui/dbdms10/2.jpg,https://dlt.by/image/catalog/tovar/nabory_koronok_bihui/dbdms10/3.jpg,,,,,,,,,,,,,,,,,,,,,,,,,,,,,,,,,,,,,,,,,,,"
"Система выравнивания плитки (СВП многоразовая) DLT, 50шт арт.0961",Инструмент для укладки плитки>Система выравнивания плитки (СВП)>СВП DLT,961,963.02,"https://dlt.by/image/catalog/tovar/dlt_svp/new/1.jpg,https://dlt.by/image/catalog/tovar/dlt_svp/new/1-1.jpg,https://dlt.by/image/catalog/tovar/dlt_svp/new/1-2.jpg,https://dlt.by/image/catalog/tovar/dlt_svp/new/1-3.jpg,https://dlt.by/image/catalog/tovar/dlt_svp/new/1-4.jpg,https://dlt.by/image/catalog/tovar/dlt_svp/new/2.jpg,https://dlt.by/image/catalog/tovar/dlt_svp/new/3.jpg,https://dlt.by/image/catalog/tovar/dlt_svp/new/4.jpg,https://dlt.by/image/catalog/tovar/dlt_svp/new/5.jpg,https://dlt.by/image/catalog/tovar/dlt_svp/new/6.jpg,https://dlt.by/image/catalog/tovar/dlt_svp/new/7.jpg,https://dlt.by/image/catalog/tovar/dlt_svp/new/8.jpg,,,,,,,,,,,,,,,,,,,,,,,,,,,,,,,,,,"
"Система выравнивания плитки (СВП многоразовая) BIHUI, 100шт арт.TSS100",Инструмент для укладки плитки>Система выравнивания плитки (СВП)>СВП DLT,TSS100,2 046.41,"https://dlt.by/image/catalog/tovar/systemaviravn/new/1.jpg,https://dlt.by/image/catalog/tovar/systemaviravn/new/1.jpg,https://dlt.by/image/catalog/tovar/systemaviravn/new/2.jpg,https://dlt.by/image/catalog/tovar/systemaviravn/new/3.jpg,https://dlt.by/image/catalog/tovar/systemaviravn/2.jpg,https://dlt.by/image/catalog/tovar/systemaviravn/3.jpg,https://dlt.by/image/catalog/tovar/systemaviravn/4.jpg,https://dlt.by/image/catalog/tovar/systemaviravn/5.jpg,https://dlt.by/image/catalog/tovar/systemaviravn/6.jpg,,,,,,,,,,,,,,,,,,,,,,,,,,,,,,,,,,,,,"
"Набор губок для зачистки плитки DLT, арт.0969",Инструмент для укладки плитки>Губки,969,812.54,"https://dlt.by/image/catalog/tovar/dlt_gub/new/1.jpg,https://dlt.by/image/catalog/tovar/dlt_gub/new/2.jpg,https://dlt.by/image/catalog/tovar/dlt_gub/new/3.jpg,https://dlt.by/image/catalog/tovar/dlt_gub/new/4.jpg,,,,,,,,,,,,,,,,,,,,,,,,,,,,,,,,,,,,,,,,,,"
"Лазерный уровень SHIJING 7859E, арт.0952",Лазерные нивелиры (лазерные уровни)>3D,952,10 833.92,"https://dlt.by/image/catalog/tovar/7859e/new/1.jpg,https://dlt.by/image/catalog/tovar/7859e/new/2.jpg,https://dlt.by/image/catalog/tovar/gif_anim/gifka-7859e_.gif,https://dlt.by/image/catalog/tovar/7859e/new/3-1.jpg,https://dlt.by/image/catalog/tovar/7859e/new/4.jpg,https://dlt.by/image/catalog/tovar/7859e/new/5.png,https://dlt.by/image/catalog/tovar/7859e/new/6.jpg,https://dlt.by/image/catalog/tovar/7859e/new/7.jpg,https://dlt.by/image/catalog/tovar/7859e/new/8.jpg,https://dlt.by/image/catalog/tovar/7859e/new/9.jpg,https://dlt.by/image/catalog/tovar/7859e/new/10.jpg,https://dlt.by/image/catalog/tovar/7859e/new/11.jpg,https://dlt.by/image/catalog/tovar/7859e/new/11-1.jpg,https://dlt.by/image/catalog/tovar/7859e/new/12.jpg,https://dlt.by/image/catalog/tovar/7859e/new/13.jpg,https://dlt.by/image/catalog/tovar/7859e/new/13-1.jpg,https://dlt.by/image/catalog/tovar/7859e/new/13-2.jpg,https://dlt.by/image/catalog/tovar/7859e/new/13-3.jpg,https://dlt.by/image/catalog/tovar/7859e/new/14.jpg,https://dlt.by/image/catalog/tovar/7859e/new/14-1.jpg,https://dlt.by/image/catalog/tovar/7859e/new/14-2.jpg,https://dlt.by/image/catalog/tovar/7859e/new/15.jpg,,,,,,,,,,,,,,,,,,,,,,,,"
"Лазерный уровень SHIJING 7859F, арт.0953",Лазерные нивелиры (лазерные уровни)>3D,953,11 134.86,"https://dlt.by/image/catalog/easyphoto/1457/lazernyy-uroven-shijing-7859f-1.jpg,https://dlt.by/image/catalog/tovar/7859f/new/2.jpg,https://dlt.by/image/catalog/tovar/gif_anim/gifka-7859f.gif,https://dlt.by/image/catalog/tovar/7859f/new/3-1.jpg,https://dlt.by/image/catalog/tovar/7859f/new/4.jpg,https://dlt.by/image/catalog/tovar/7859f/new/5.jpg,https://dlt.by/image/catalog/tovar/7859f/new/6.jpg,https://dlt.by/image/catalog/tovar/7859f/new/7.jpg,https://dlt.by/image/catalog/tovar/7859f/new/8.jpg,https://dlt.by/image/catalog/tovar/7859f/new/10.jpg,https://dlt.by/image/catalog/tovar/7859f/new/11.jpg,https://dlt.by/image/catalog/tovar/7859f/new/11-1.jpg,https://dlt.by/image/catalog/tovar/7859f/new/11-2.jpg,https://dlt.by/image/catalog/tovar/7859f/new/12.jpg,https://dlt.by/image/catalog/tovar/7859f/new/13.jpg,https://dlt.by/image/catalog/tovar/7859f/new/14.jpg,https://dlt.by/image/catalog/tovar/7859f/new/15.jpg,https://dlt.by/image/catalog/tovar/7859f/new/16.jpg,https://dlt.by/image/catalog/tovar/7859f/new/17.jpg,https://dlt.by/image/catalog/tovar/7859f/new/18.jpg,https://dlt.by/image/catalog/tovar/7859f/new/18-2.jpg,https://dlt.by/image/catalog/tovar/7859f/new/19.jpg,,,,,,,,,,,,,,,,,,,,,,,,"
"Коронка алмазная по керамограниту BIHUI, 38мм (вакуумная пайка), арт.DBDF38",Алмазная оснастка>Алмазные коронки для плитки,DBDF38,1 865.84,"https://dlt.by/image/catalog/tovar/dbdm38/1.jpg,https://dlt.by/image/catalog/tovar/dbdm38/2.jpg,https://dlt.by/image/catalog/tovar/dbdm38/3.jpg,https://dlt.by/image/catalog/tovar/dbdm38/4.png,https://dlt.by/image/catalog/tovar/dbdm38/6.jpg,https://dlt.by/image/catalog/tovar/dbdm38/8.jpg,https://dlt.by/image/catalog/tovar/dbdm38/9.jpg,https://dlt.by/image/catalog/tovar/dbdm38/10.jpg,https://dlt.by/image/catalog/tovar/dbdm38/11.jpg,https://dlt.by/image/catalog/tovar/dbdm38/12.jpg,,,,,,,,,,,,,,,,,,,,,,,,,,,,,,,,,,,,"
"Коронка алмазная по керамограниту BIHUI, 45мм (вакуумная пайка), арт.DBDF45",Алмазная оснастка>Алмазные коронки для плитки,DBDF45,2 076.50,"https://dlt.by/image/catalog/tovar/dbdm45/1.jpg,https://dlt.by/image/catalog/tovar/dbdm45/2.jpg,https://dlt.by/image/catalog/tovar/dbdm45/3.jpg,https://dlt.by/image/catalog/tovar/dbdm45/4.png,https://dlt.by/image/catalog/tovar/dbdm45/6.jpg,https://dlt.by/image/catalog/tovar/dbdm45/8.jpg,https://dlt.by/image/catalog/tovar/dbdm45/9.jpg,https://dlt.by/image/catalog/tovar/dbdm45/10.jpg,https://dlt.by/image/catalog/tovar/dbdm45/11.jpg,https://dlt.by/image/catalog/tovar/dbdm45/12.jpg,,,,,,,,,,,,,,,,,,,,,,,,,,,,,,,,,,,,"
"Шаблон-линейка (кондуктор) DLT (Алюминий), арт.8122",Инструмент для укладки плитки>Инструмент для измерения и разметки,8122,1 113.49,"https://dlt.by/image/catalog/tovar/dlt_h3/1.jpg,https://dlt.by/image/catalog/tovar/dlt_h3/1-0.jpg,https://dlt.by/image/catalog/tovar/dlt_h3/1-1.jpg,https://dlt.by/image/catalog/tovar/dlt_h3/1-2.jpg,https://dlt.by/image/catalog/tovar/dlt_h3/2.jpg,https://dlt.by/image/catalog/tovar/dlt_h3/3.jpg,https://dlt.by/image/catalog/tovar/dlt_h3/4.jpg,https://dlt.by/image/catalog/tovar/dlt_h3/4-1.jpg,https://dlt.by/image/catalog/tovar/dlt_h3/5.jpg,https://dlt.by/image/catalog/tovar/dlt_h3/6.jpg,https://dlt.by/image/catalog/tovar/dlt_h3/7.jpg,https://dlt.by/image/catalog/tovar/dlt_h3/7-1.jpg,https://dlt.by/image/catalog/tovar/dlt_h3/8.jpg,https://dlt.by/image/catalog/tovar/dlt_h3/9.jpg,,,,,,,,,,,,,,,,,,,,,,,,,,,,,,,,"
"Механический регулятор высоты плитки BIHUI 1-25 см, 2шт, арт.TAS25",Инструмент для укладки плитки>Разное для укладки,TAS25,1 715.37,"https://dlt.by/image/catalog/tovar/tas25/1.jpg,https://dlt.by/image/catalog/tovar/tas25/2.jpg,https://dlt.by/image/catalog/tovar/tas25/3.jpg,https://dlt.by/image/catalog/tovar/tas25/4.jpg,https://dlt.by/image/catalog/tovar/tas25/5.jpg,https://dlt.by/image/catalog/tovar/tas25/5.jpg,https://dlt.by/image/catalog/tovar/tas25/6.jpg,https://dlt.by/image/catalog/tovar/tas25/7.jpg,https://dlt.by/image/catalog/tovar/tas25/8.jpg,,,,,,,,,,,,,,,,,,,,,,,,,,,,,,,,,,,,,"
"Зажим (СВП) 1.5 мм 3D KRESTIKI Profi (100 шт.), арт.1107",Инструмент для укладки плитки>Система выравнивания плитки (СВП)>СВП 3D KRESTIKI,1107,276.87,"https://dlt.by/image/catalog/tovar/svp_new/1.5_100/1.2.jpg,,,,,,,,,,,,,,,,,,,,,,,,,,,,,,,,,,,,,,,,,,,,,"
"Зажим (СВП) 1.5 мм 3D KRESTIKI Profi (500 шт.), арт.1106",Инструмент для укладки плитки>Система выравнивания плитки (СВП)>СВП 3D KRESTIKI,1106,1 053.30,"https://dlt.by/image/catalog/tovar/svp_new/1.5_100/1.2.jpg,https://dlt.by/image/catalog/tovar/svp_new/1.5_100/2.jpg,,,,,,,,,,,,,,,,,,,,,,,,,,,,,,,,,,,,,,,,,,,,"
"Насадка для смесителя RUBI, M-140-R, арт.76919",Малярный и штукатурный инструмент>Венчики и насадки строительные,76919,1 956.12,"https://dlt.by/image/catalog/tovar/vinchiki_rubi/76919/new/1.jpg,https://dlt.by/image/catalog/tovar/vinchiki_rubi/76919/new/2.jpg,https://dlt.by/image/catalog/tovar/vinchiki_rubi/76919/new/3.jpg,,,,,,,,,,,,,,,,,,,,,,,,,,,,,,,,,,,,,,,,,,,"
"Помповая присоска DLT VST-209 для гладкой и слаборельефной поверхности, Ø8 дюймов, арт.1114",Инструмент для укладки плитки>Присоски для плитки и стекла>Помповые присоски,1114,2 257.07,"https://dlt.by/image/catalog/easyphoto/1514/pompovaya-prisoska-dlt-vst-209-dlya-gladkoy-i-sherohovatoy-plitki-8-dyuymov-15.jpg,https://dlt.by/image/catalog/easyphoto/1514/pompovaya-prisoska-dlt-vst-209-dlya-gladkoy-i-sherohovatoy-plitki-8-dyuymov-12.jpg,https://dlt.by/image/catalog/easyphoto/1514/pompovaya-prisoska-dlt-vst-209-dlya-gladkoy-i-sherohovatoy-plitki-8-dyuymov-13.jpg,https://dlt.by/image/catalog/easyphoto/1514/pompovaya-prisoska-dlt-vst-209-dlya-gladkoy-i-sherohovatoy-plitki-8-dyuymov-14.jpg,https://dlt.by/image/catalog/easyphoto/1514/pompovaya-prisoska-dlt-vst-209-dlya-gladkoy-i-sherohovatoy-plitki-8-dyuymov-16.jpg,https://dlt.by/image/catalog/easyphoto/1514/pompovaya-prisoska-dlt-vst-209-dlya-gladkoy-i-sherohovatoy-plitki-8-dyuymov-17.jpg,https://dlt.by/image/catalog/easyphoto/1514/pompovaya-prisoska-dlt-vst-209-dlya-gladkoy-i-sherohovatoy-plitki-8-dyuymov-18.jpg,,,,,,,,,,,,,,,,,,,,,,,,,,,,,,,,,,,,,,,"
"Притир алмазный RUBI, #60, арт.61974",Инструмент для укладки плитки>Алмазные притиры>Р50-60,61974,2 407.54,"https://dlt.by/image/catalog/tovar/almbruski/rubi/rubi60/1.jpg,https://dlt.by/image/catalog/tovar/almbruski/rubi/rubi60/1-1.jpg,https://dlt.by/image/catalog/tovar/almbruski/rubi/rubi60/2.jpg,https://dlt.by/image/catalog/tovar/almbruski/rubi/rubi60/3.jpg,https://dlt.by/image/catalog/tovar/almbruski/rubi/rubi60/6.jpg,,,,,,,,,,,,,,,,,,,,,,,,,,,,,,,,,,,,,,,,,"
"Тарелка для черепашек Ø100мм, Полиуретановая, арт.1299",Инструмент для укладки плитки>Круг алмазный гибкий шлифовальный,1299,276.87,"https://dlt.by/image/catalog/easyphoto/1583/tarelka-dlya-cherepashek-100mm-poliuretanova-utolshchennaya-1.jpg,https://dlt.by/image/catalog/easyphoto/1583/tarelka-dlya-cherepashek-100mm-poliuretanova-utolshchennaya-2.jpg,https://dlt.by/image/catalog/easyphoto/1583/tarelka-dlya-cherepashek-100mm-poliuretanova-utolshchennaya-3.jpg,,,,,,,,,,,,,,,,,,,,,,,,,,,,,,,,,,,,,,,,,,,"
"Алмазный гибкий шлифовальный круг DLT №15, #200, арт.1169",Инструмент для укладки плитки>Круг алмазный гибкий шлифовальный>АГШК #200,1169,571.79,"https://dlt.by/image/catalog/tovar/aghk_dlt/dlt_№15/zer200/new2022/1.jpg,https://dlt.by/image/catalog/tovar/aghk_dlt/dlt_№15/zer200/new2022/2.jpg,https://dlt.by/image/catalog/tovar/aghk_dlt/dlt_№15/zer200/new2022/3.jpg,https://dlt.by/image/catalog/tovar/aghk_dlt/dlt_№15/zer200/new2022/4.jpg,https://dlt.by/image/catalog/tovar/aghk_dlt/dlt_№15/zer200/new2022/5.jpg,https://dlt.by/image/catalog/tovar/aghk_dlt/dlt_№15/zer200/new2022/6.jpg,https://dlt.by/image/catalog/tovar/aghk_dlt/dlt_№15/zer200/new2022/7.jpg,https://dlt.by/image/catalog/tovar/aghk_dlt/dlt_№15/zer200/new2022/8.jpg,,,,,,,,,,,,,,,,,,,,,,,,,,,,,,,,,,,,,,"
"Аккумулятор литий-ионный, для присоски электрической GRABO, арт.1223",Запчасти>Присоски электрические,1223,4 363.66,"https://dlt.by/image/catalog/tovar/akb_grabo/1.jpg,https://dlt.by/image/catalog/tovar/akb_grabo/2.jpg,https://dlt.by/image/catalog/tovar/akb_grabo/3.jpg,https://dlt.by/image/catalog/tovar/akb_grabo/4.jpg,,,,,,,,,,,,,,,,,,,,,,,,,,,,,,,,,,,,,,,,,,"
"Помповая присоска BIHUI для гладкой и слаборельефной поверхности, Ø8 дюймов, арт.SCVG8  ",Инструмент для укладки плитки>Присоски для плитки и стекла>Помповые присоски,SCVG8,10 984.39,"https://dlt.by/image/catalog/tovar/prisoskasdatchikom/izobrazhenie_viber_2021-02-08_18-42-45.jpg,https://dlt.by/image/catalog/tovar/prisoskasdatchikom/2.jpg,https://dlt.by/image/catalog/tovar/prisoskasdatchikom/3.jpg,https://dlt.by/image/catalog/tovar/prisoskasdatchikom/4.jpg,https://dlt.by/image/catalog/tovar/prisoskasdatchikom/5.jpg,https://dlt.by/image/catalog/tovar/prisoskasdatchikom/6.jpg,https://dlt.by/image/catalog/tovar/prisoskasdatchikom/7.jpg,https://dlt.by/image/catalog/tovar/prisoskasdatchikom/8.jpg,https://dlt.by/image/catalog/tovar/prisoskasdatchikom/9.jpg,https://dlt.by/image/catalog/tovar/prisoskasdatchikom/10.jpg,https://dlt.by/image/catalog/tovar/prisoskasdatchikom/10-1.png,https://dlt.by/image/catalog/tovar/prisoskasdatchikom/11.png,,,,,,,,,,,,,,,,,,,,,,,,,,,,,,,,,,"
"Алмазная коронка по стеклу и керамике BIHUI (гальваническая алмазная коронка), 8мм, арт.DBW08",Инструмент для укладки плитки>Алмазные коронки для плитки,DBW08,337.06,"https://dlt.by/image/catalog/tovar/almkorposteklu_new/new/8_new/1.jpg,https://dlt.by/image/catalog/tovar/almkorposteklu_new/new/8_new/3.jpg,https://dlt.by/image/catalog/tovar/almkorposteklu_new/new/8_new/2.jpg,https://dlt.by/image/catalog/tovar/almkorposteklu_new/new/8.png,,,,,,,,,,,,,,,,,,,,,,,,,,,,,,,,,,,,,,,,,,"
"Алмазная коронка по стеклу и керамике BIHUI (гальваническая алмазная коронка), 10мм, арт.DBW10",Инструмент для укладки плитки>Алмазные коронки для плитки,DBW10,391.22,"https://dlt.by/image/catalog/tovar/almkorposteklu_new/new/10_new/1.jpg,https://dlt.by/image/catalog/tovar/almkorposteklu_new/new/10_new/3.jpg,https://dlt.by/image/catalog/tovar/almkorposteklu_new/new/10_new/2.jpg,https://dlt.by/image/catalog/tovar/almkorposteklu_new/new/8.png,,,,,,,,,,,,,,,,,,,,,,,,,,,,,,,,,,,,,,,,,,"
"Гребенка из нерж. стали BIHUI 280*120 мм, зуб 12 мм, арт.PTSB12",Инструмент для укладки плитки>Гребенки>Зуб 12мм,PTSB12,902.83,"https://dlt.by/image/catalog/tovar/zubchshp/8_mm/new_8/1.jpg,https://dlt.by/image/catalog/tovar/zubchshp/8_mm/new/1-1.jpg,https://dlt.by/image/catalog/tovar/zubchshp/8_mm/new/1-2.jpg,https://dlt.by/image/catalog/tovar/zubchshp/8_mm/new/1-3.jpg,https://dlt.by/image/catalog/tovar/zubchshp/8_mm/2.jpg,https://dlt.by/image/catalog/tovar/zubchshp/8_mm/3.jpg,https://dlt.by/image/catalog/tovar/zubchshp/8_mm/4.jpg,,,,,,,,,,,,,,,,,,,,,,,,,,,,,,,,,,,,,,,"
"Алмазная коронка по стеклу и керамике BIHUI (гальваническая алмазная коронка), 25мм, арт.DBW25",Инструмент для укладки плитки>Алмазные коронки для плитки,DBW25,722.26,"https://dlt.by/image/catalog/tovar/almkorposteklu_new/new/25_new/1.jpg,https://dlt.by/image/catalog/tovar/almkorposteklu_new/new/25_new/3.jpg,https://dlt.by/image/catalog/tovar/almkorposteklu_new/new/25_new/2.jpg,https://dlt.by/image/catalog/tovar/almkorposteklu_new/new/8.png,,,,,,,,,,,,,,,,,,,,,,,,,,,,,,,,,,,,,,,,,,"
"Гребенка из нерж. стали BIHUI 280*120 мм, зуб 10 мм, арт.PTSB10",Инструмент для укладки плитки>Гребенки>Зуб 10мм,PTSB10,902.83,"https://dlt.by/image/catalog/tovar/zubchshp/8_mm/new/1.jpg,https://dlt.by/image/catalog/tovar/zubchshp/10_mm/1-2.jpg,https://dlt.by/image/catalog/tovar/zubchshp/10_mm/1-3.jpg,https://dlt.by/image/catalog/tovar/zubchshp/10_mm/1-4.jpg,https://dlt.by/image/catalog/tovar/zubchshp/8_mm/2.jpg,https://dlt.by/image/catalog/tovar/zubchshp/8_mm/3.jpg,https://dlt.by/image/catalog/tovar/zubchshp/8_mm/4.jpg,,,,,,,,,,,,,,,,,,,,,,,,,,,,,,,,,,,,,,,"
"Алмазная коронка по стеклу и керамике BIHUI (гальваническая алмазная коронка), 45мм, арт.DBW45",Инструмент для укладки плитки>Алмазные коронки для плитки,DBW45,1 173.67,"https://dlt.by/image/catalog/tovar/almkorposteklu_new/new/45_new/1.jpg,https://dlt.by/image/catalog/tovar/almkorposteklu_new/new/45_new/3.jpg,https://dlt.by/image/catalog/tovar/almkorposteklu_new/new/45_new/2.jpg,https://dlt.by/image/catalog/tovar/almkorposteklu_new/new/8.png,,,,,,,,,,,,,,,,,,,,,,,,,,,,,,,,,,,,,,,,,,"
"Алмазная коронка по стеклу и керамике BIHUI (гальваническая алмазная коронка), 55мм, арт.DBW55",Инструмент для укладки плитки>Алмазные коронки для плитки,DBW55,1 474.62,"https://dlt.by/image/catalog/tovar/almkorposteklu_new/new/55_new/1.jpg,https://dlt.by/image/catalog/tovar/almkorposteklu_new/new/55_new/3.jpg,https://dlt.by/image/catalog/tovar/almkorposteklu_new/new/55_new/2.jpg,https://dlt.by/image/catalog/tovar/almkorposteklu_new/new/8.png,,,,,,,,,,,,,,,,,,,,,,,,,,,,,,,,,,,,,,,,,,"
"Алмазная коронка по стеклу и керамике BIHUI (гальваническая алмазная коронка), 35мм, арт.DBW35",Инструмент для укладки плитки>Алмазные коронки для плитки,DBW35,842.64,"https://dlt.by/image/catalog/tovar/almkorposteklu_new/new/35_new/1.jpg,https://dlt.by/image/catalog/tovar/almkorposteklu_new/new/35_new/3.jpg,https://dlt.by/image/catalog/tovar/almkorposteklu_new/new/35_new/2.jpg,https://dlt.by/image/catalog/tovar/almkorposteklu_new/new/8.png,,,,,,,,,,,,,,,,,,,,,,,,,,,,,,,,,,,,,,,,,,"
"Алмазная коронка по стеклу и керамике BIHUI (гальваническая алмазная коронка), 68мм, арт.DBW68",Инструмент для укладки плитки>Алмазные коронки для плитки,DBW68,1 655.18,"https://dlt.by/image/catalog/tovar/almkorposteklu_new/new/68_new/1.jpg,https://dlt.by/image/catalog/tovar/almkorposteklu_new/new/68_new/3.jpg,https://dlt.by/image/catalog/tovar/almkorposteklu_new/new/68_new/2.jpg,https://dlt.by/image/catalog/tovar/almkorposteklu_new/new/8.png,,,,,,,,,,,,,,,,,,,,,,,,,,,,,,,,,,,,,,,,,,"
"Гребенка из нерж. стали BIHUI 280*120 мм, зуб 8 мм, арт.PTSB08",Инструмент для укладки плитки>Гребенки>Зуб 8мм,PTSB08,902.83,"https://dlt.by/image/catalog/tovar/zubchshp/8_mm/new_8/1.jpg,https://dlt.by/image/catalog/tovar/zubchshp/8_mm/new_8/1-1.jpg,https://dlt.by/image/catalog/tovar/zubchshp/8_mm/new_8/1-2.jpg,https://dlt.by/image/catalog/tovar/zubchshp/8_mm/new_8/1-3.jpg,https://dlt.by/image/catalog/tovar/zubchshp/8_mm/2.jpg,https://dlt.by/image/catalog/tovar/zubchshp/8_mm/3.jpg,https://dlt.by/image/catalog/tovar/zubchshp/8_mm/4.jpg,,,,,,,,,,,,,,,,,,,,,,,,,,,,,,,,,,,,,,,"
"Электрический плиткорез для крупноформатной плитки BIHUI — БЕЗ направляющей, арт.LFEC New",Плиткорезы электрические (камнерезы/мокрорезы)>Электрические плиткорезы для крупноформатной плитки,LFEC New,42 131.92,"https://dlt.by/image/catalog/easyphoto/758/elektricheskiy-plitkorez-dlya-krupnoformatnoy-plitki-bihui-bez-napravlyayushchey-lfec-new-3.jpg,https://dlt.by/image/catalog/easyphoto/758/elektricheskiy-plitkorez-dlya-krupnoformatnoy-plitki-bihui-bez-napravlyayushchey-lfec-new-1.jpg,https://dlt.by/image/catalog/easyphoto/758/elektricheskiy-plitkorez-dlya-krupnoformatnoy-plitki-bihui-bez-napravlyayushchey-lfec-new-2.jpg,,,,,,,,,,,,,,,,,,,,,,,,,,,,,,,,,,,,,,,,,,,"
"Система фиксации углов и регулировки плиточного пространства BIHUI, арт.LFTFV6",Инструмент для укладки плитки>Присоски для плитки и стекла>Системы стягивания и фиксации,LFTFV6,15 649.00,"https://dlt.by/image/catalog/tovar/lftfv6/new/1.jpg,https://dlt.by/image/catalog/tovar/lftfv6/new/0.jpg,https://dlt.by/image/catalog/tovar/lftfv6/new/0-1.jpg,https://dlt.by/image/catalog/tovar/lftfv6/new/2.jpg,https://dlt.by/image/catalog/tovar/lftfv6/new/3.jpg,https://dlt.by/image/catalog/tovar/lftfv6/new/4.jpg,https://dlt.by/image/catalog/tovar/lftfv6/new/5.jpg,https://dlt.by/image/catalog/tovar/lftfv6/new/6.jpg,https://dlt.by/image/catalog/tovar/lftfv6/new/7.jpg,https://dlt.by/image/catalog/tovar/lftfv6/new/8.jpg,https://dlt.by/image/catalog/tovar/lftfv6/new/9.jpg,,,,,,,,,,,,,,,,,,,,,,,,,,,,,,,,,,,"
"Резец для плиткореза BIHUI Ø6мм, арт. LFM-SW",Инструмент для укладки плитки>Аксессуары для ручных плиткорезов,LFM-SW,752.36,"https://dlt.by/image/catalog/tovar/lfmcs_s/1.jpg,https://dlt.by/image/catalog/tovar/lfmcs_s/1-1.jpg,https://dlt.by/image/catalog/tovar/lfmcs_s/1-2.jpg,https://dlt.by/image/catalog/tovar/lfmcs_s/2.jpg,https://dlt.by/image/catalog/tovar/lfmcs_s/3.jpg,https://dlt.by/image/catalog/tovar/lfmcs_s/4.jpg,https://dlt.by/image/catalog/tovar/lfmcs_s/5.jpg,,,,,,,,,,,,,,,,,,,,,,,,,,,,,,,,,,,,,,,"
"Набор алмазных коронок BIHUI (6 предметов), арт.DBDMK6",Алмазная оснастка>Алмазные коронки для плитки,DBDMK6,12 639.57,"https://dlt.by/image/catalog/tovar/nabory_koronok_bihui/dbdmk6/1.jpg,https://dlt.by/image/catalog/tovar/nabory_koronok_bihui/dbdmk6/2.jpg,https://dlt.by/image/catalog/tovar/nabory_koronok_bihui/dbdmk6/3.jpg,,,,,,,,,,,,,,,,,,,,,,,,,,,,,,,,,,,,,,,,,,,"
"Губка строительная для затирки BIHUI, сегментированная, арт.CFHSP11",Инструмент для укладки плитки>Губки,CFHSP11,481.51,"https://dlt.by/image/catalog/tovar/cfhsp11/1-1.jpg,https://dlt.by/image/catalog/tovar/cfhsp11/2.jpg,https://dlt.by/image/catalog/tovar/cfhsp11/3.jpg,,,,,,,,,,,,,,,,,,,,,,,,,,,,,,,,,,,,,,,,,,,"
"Губка строительная для затирки BIHUI, целлюлозная, арт.CFCSP11",Инструмент для укладки плитки>Губки,CFCSP11,842.64,"https://dlt.by/image/catalog/tovar/cfcsp1/1.jpg,https://dlt.by/image/catalog/tovar/cfcsp1/5.jpg,https://dlt.by/image/catalog/tovar/cfcsp1/6.jpg,,,,,,,,,,,,,,,,,,,,,,,,,,,,,,,,,,,,,,,,,,,"
"Алмазный диск BIHUI SUPER THIN TURBO, 125мм, арт.DCBN5",Алмазная оснастка>Алмазные диски>Алмазные диски по керамике/керамограниту/граниту/мрамору,DCBN5,1 414.43,"https://dlt.by/image/catalog/tovar/almdiskbihb/disk_wandeli_125/new/1.jpg,https://dlt.by/image/catalog/easyphoto/827/almaznyy-disk-bihui-super-thin-turbo-125mm-dcbn5-1.jpg,https://dlt.by/image/catalog/easyphoto/827/almaznyy-disk-bihui-super-thin-turbo-125mm-dcbn5-2.jpg,https://dlt.by/image/catalog/easyphoto/827/almaznyy-disk-bihui-super-thin-turbo-125mm-dcbn5-3.jpg,,,,,,,,,,,,,,,,,,,,,,,,,,,,,,,,,,,,,,,,,,"
"Чехол для системы переноски BIHUI, арт.LFCSBAG",Инструмент для укладки плитки>Крупноформат,LFCSBAG,4 514.13,"https://dlt.by/image/catalog/tovar/cheholbihui/bez_koles/imja-fotosessii-170.jpg,https://dlt.by/image/catalog/tovar/cheholbihui/bez_koles/imja-fotosessii-163.jpg,https://dlt.by/image/catalog/tovar/cheholbihui/bez_koles/imja-fotosessii-154.jpg,,,,,,,,,,,,,,,,,,,,,,,,,,,,,,,,,,,,,,,,,,,"
"Комплект для затирки герметика BIHUI, арт.STARK3",Инструмент для укладки плитки>Шпатели для силикона и герметика>Шпатели и насадки,STARK3,481.51,"https://dlt.by/image/catalog/image/catalog/tovar/nabor_silicon_bihui/1.jpg,https://dlt.by/image/catalog/tovar/nabor_silicon_bihui/2.jpg,https://dlt.by/image/catalog/tovar/nabor_silicon_bihui/3.jpg,https://dlt.by/image/catalog/tovar/nabor_silicon_bihui/4.jpg,https://dlt.by/image/catalog/tovar/nabor_silicon_bihui/5.jpg,https://dlt.by/image/catalog/tovar/nabor_silicon_bihui/6.jpg,https://dlt.by/image/catalog/tovar/nabor_silicon_bihui/7.jpg,https://dlt.by/image/catalog/tovar/nabor_silicon_bihui/8.jpg,https://dlt.by/image/catalog/tovar/nabor_silicon_bihui/9.jpg,,,,,,,,,,,,,,,,,,,,,,,,,,,,,,,,,,,,,"
"Коронка алмазная по керамограниту BIHUI, 12мм (вакуумная пайка), арт.DBDF12",Алмазная оснастка>Алмазные коронки для плитки,DBDF12,1 023.20,"https://dlt.by/image/catalog/tovar/koronkialmbihui/12_new/zel_12_2svodnym.jpg,https://dlt.by/image/catalog/tovar/koronkialmbihui/12_new/zel_12_1svodnym.jpg,https://dlt.by/image/catalog/tovar/koronkialmbihui/10_new/3.jpg,https://dlt.by/image/catalog/tovar/koronkialmbihui/6_new/new/2.png,https://dlt.by/image/catalog/tovar/koronkialmbihui/6_new/new/4.png,https://dlt.by/image/catalog/tovar/koronkialmbihui/6_new/new/3.png,https://dlt.by/image/catalog/tovar/koronkialmbihui/6_new/new/5.png,,,,,,,,,,,,,,,,,,,,,,,,,,,,,,,,,,,,,,,"
"Двойная присоска BIHUI для гладкой поверхности, арт.SCDB4",Инструмент для укладки плитки>Присоски для плитки и стекла>Обычные присоски,SCDB4,2 226.97,"https://dlt.by/image/catalog/tovar/dvoynayapris/new1/zaglavnaya/izobrazhenie_viber_2021-07-28_08-05-32-760.jpg,https://dlt.by/image/catalog/tovar/dvoynayapris/new1/2.jpg,https://dlt.by/image/catalog/tovar/dvoynayapris/new1/3.jpg,https://dlt.by/image/catalog/tovar/dvoynayapris/new1/4.jpg,https://dlt.by/image/catalog/tovar/dvoynayapris/new1/5.jpg,https://dlt.by/image/catalog/tovar/dvoynayapris/new1/6.jpg,https://dlt.by/image/catalog/tovar/dvoynayapris/new1/6-1.jpg,https://dlt.by/image/catalog/tovar/dvoynayapris/new1/7.jpg,https://dlt.by/image/catalog/tovar/dvoynayapris/new1/8.jpg,https://dlt.by/image/catalog/tovar/dvoynayapris/new1/9.jpg,https://dlt.by/image/catalog/tovar/dvoynayapris/new1/10.jpg,https://dlt.by/image/catalog/tovar/dvoynayapris/new1/11.jpg,,,,,,,,,,,,,,,,,,,,,,,,,,,,,,,,,,"
"Ящик для инструментов Tactix, арт.320365,серия PRO", Ящики для инструмента/Модульные системы,320365 (Tactix)	,12 338.63,"https://dlt.by/image/catalog/tovar/320365/1.jpg,https://dlt.by/image/catalog/tovar/320365/2.jpeg,https://dlt.by/image/catalog/tovar/320365/3.jpg,https://dlt.by/image/catalog/tovar/320365/4.jpg,https://dlt.by/image/catalog/tovar/320365/5.jpg,https://dlt.by/image/catalog/tovar/320365/6.jpg,https://dlt.by/image/catalog/tovar/320365/7.jpg,https://dlt.by/image/catalog/tovar/320365/8.jpg,https://dlt.by/image/catalog/tovar/320365/9.jpg,https://dlt.by/image/catalog/tovar/320365/10.jpg,https://dlt.by/image/catalog/tovar/320365/11.jpg,https://dlt.by/image/catalog/tovar/320365/12.jpg,https://dlt.by/image/catalog/tovar/320365/13.jpg,https://dlt.by/image/catalog/tovar/320365/14.jpeg,https://dlt.by/image/catalog/tovar/320365/15.jpg,https://dlt.by/image/catalog/tovar/320365/16.jpg,https://dlt.by/image/catalog/tovar/320365/17.jpg,,,,,,,,,,,,,,,,,,,,,,,,,,,,,"
"Помповая присоска BIHUI для гладкой и слаборельефной поверхности, Ø6 дюймов, арт.SCVG6 ",Инструмент для укладки плитки>Присоски для плитки и стекла>Помповые присоски,SCVG6,9 329.21,"https://dlt.by/image/catalog/tovar/bihui06monomentr/new/izobrazhenie_viber_2021-04-29_10-23-27.jpg,https://dlt.by/image/catalog/tovar/bihui06monomentr/2.jpg,https://dlt.by/image/catalog/tovar/bihui06monomentr/3.jpg,https://dlt.by/image/catalog/tovar/bihui06monomentr/4.jpg,https://dlt.by/image/catalog/tovar/bihui06monomentr/5.jpg,https://dlt.by/image/catalog/tovar/bihui06monomentr/6.jpg,https://dlt.by/image/catalog/tovar/bihui06monomentr/7.jpg,https://dlt.by/image/catalog/tovar/bihui06monomentr/8.jpg,https://dlt.by/image/catalog/tovar/bihui06monomentr/9.png,https://dlt.by/image/catalog/tovar/bihui06monomentr/10.png,https://dlt.by/image/catalog/tovar/bihui06monomentr/10-1.png,https://dlt.by/image/catalog/tovar/bihui06monomentr/11.png,https://dlt.by/image/catalog/tovar/bihui06monomentr/12.jpg,,,,,,,,,,,,,,,,,,,,,,,,,,,,,,,,,"
"Охлаждающий гель для сухого сверления BIHUI, арт.DBCW20",Алмазная оснастка>Аксессуары для алмазных коронок,DBCW20,306.96,"https://dlt.by/image/catalog/tovar/ohlazhdgel/bihui/new/1.jpg,https://dlt.by/image/catalog/tovar/ohlazhdgel/bihui/new/2.jpg,https://dlt.by/image/catalog/tovar/ohlazhdgel/bihui/new/3.jpg,https://dlt.by/image/catalog/easyphoto/1058/ohlazhdayushchiy-gel-dlya-suhogo-sverleniya-bihui-art-dbcw20-2.png,,,,,,,,,,,,,,,,,,,,,,,,,,,,,,,,,,,,,,,,,,"
"Насос водяной DLT для электрического плиткореза DLT MAXSLim power, арт.1390",Инструмент для укладки плитки>Аксессуары для электрических плиткорезов,1390,2 257.07,"https://dlt.by/image/catalog/tovar/1390/1.jpg,https://dlt.by/image/catalog/easyphoto/1755/nasos-vodyanoy-dlt-dlya-elektricheskogo-plitkoreza-dlt-maxslim-power-1.jpg,https://dlt.by/image/catalog/easyphoto/1755/nasos-vodyanoy-dlt-dlya-elektricheskogo-plitkoreza-dlt-maxslim-power-2.jpg,https://dlt.by/image/catalog/easyphoto/1755/nasos-vodyanoy-dlt-dlya-elektricheskogo-plitkoreza-dlt-maxslim-power-3.jpg,https://dlt.by/image/catalog/easyphoto/1755/nasos-vodyanoy-dlt-dlya-elektricheskogo-plitkoreza-dlt-maxslim-power-6.jpg,https://dlt.by/image/catalog/easyphoto/1755/nasos-vodyanoy-dlt-dlya-elektricheskogo-plitkoreza-dlt-maxslim-power-4.jpg,https://dlt.by/image/catalog/easyphoto/1755/nasos-vodyanoy-dlt-dlya-elektricheskogo-plitkoreza-dlt-maxslim-power-5.jpg,https://dlt.by/image/catalog/easyphoto/1755/nasos-vodyanoy-dlt-dlya-elektricheskogo-plitkoreza-dlt-maxslim-power-7.jpg,https://dlt.by/image/catalog/easyphoto/1755/nasos-vodyanoy-dlt-dlya-elektricheskogo-plitkoreza-dlt-maxslim-power-8.jpg,,,,,,,,,,,,,,,,,,,,,,,,,,,,,,,,,,,,,"
"Присоска электрическая GRABO H, BIHUI, арт.LFEVC-H",Инструмент для укладки плитки>Присоски для плитки и стекла>Электрические присоски и поршни,LFEVC-H,16 280.98,"https://dlt.by/image/catalog/tovar/grabo_bihui/new/1.jpg,https://dlt.by/image/catalog/tovar/grabo_bihui/new/2.jpg,https://dlt.by/image/catalog/tovar/grabo_bihui/new/2-1.jpg,https://dlt.by/image/catalog/tovar/grabo_bihui/new/3.jpg,https://dlt.by/image/catalog/tovar/grabo_bihui/new/4.jpg,https://dlt.by/image/catalog/tovar/grabo_bihui/new/5.jpg,https://dlt.by/image/catalog/tovar/grabo_bihui/new/6.jpg,https://dlt.by/image/catalog/tovar/grabo_bihui/new/7.jpg,,,,,,,,,,,,,,,,,,,,,,,,,,,,,,,,,,,,,,"
"Окошко защитное для лазерного уровня HUEPAR (GW01V-S), арт.1125",Лазерные нивелиры (лазерные уровни)>Аксессуары,1125,1 504.71,"https://dlt.by/image/catalog/tovar/okoshko/gw01v-s/1.jpg,https://dlt.by/image/catalog/tovar/okoshko/gw01v-s/2.jpg,,,,,,,,,,,,,,,,,,,,,,,,,,,,,,,,,,,,,,,,,,,,"
"Одинарная присоска BIHUI для гладкой поверхности, арт.SCSP4",Инструмент для укладки плитки>Присоски для плитки и стекла>Обычные присоски,SCSP4,511.60,"https://dlt.by/image/catalog/scsp4/1.jpg,https://dlt.by/image/catalog/scsp4/2.jpg,https://dlt.by/image/catalog/scsp4/3.jpg,,,,,,,,,,,,,,,,,,,,,,,,,,,,,,,,,,,,,,,,,,,"
"Губка строительная для затирки BIHUI, целлюлозная, арт.CFCS165 ",Инструмент для укладки плитки>Губки,CFCS165,451.41,"https://dlt.by/image/catalog/cfcs165/1.jpg,https://dlt.by/image/catalog/cfcs165/2.jpg,https://dlt.by/image/catalog/cfcs165/3.jpg,,,,,,,,,,,,,,,,,,,,,,,,,,,,,,,,,,,,,,,,,,,"
"Алмазная коронка по плитке и керамограниту DLT CERAMIC, 140мм, арт.1042",Алмазная оснастка>Алмазные коронки для плитки,1042,2 858.95,"https://dlt.by/image/catalog/tovar/almkorposteklu_new/new/140new/1.jpg,https://dlt.by/image/catalog/tovar/almkorposteklu_new/new/140new/2.jpg,https://dlt.by/image/catalog/tovar/almkorposteklu_new/new/140new/3.jpg,https://dlt.by/image/catalog/tovar/almkorposteklu_new/new/140new/4.png,,,,,,,,,,,,,,,,,,,,,,,,,,,,,,,,,,,,,,,,,,"
"Набор алмазных коронок BIHUI, арт.DBDMS7",Инструмент для укладки плитки>Алмазные коронки,DBDMS7,15 949.94,"https://dlt.by/image/catalog/tovar/nabory_koronok_bihui/dbdms7/1.jpg,https://dlt.by/image/catalog/tovar/nabory_koronok_bihui/dbdms7/2.jpg,https://dlt.by/image/catalog/tovar/nabory_koronok_bihui/dbdms7/3.jpg,,,,,,,,,,,,,,,,,,,,,,,,,,,,,,,,,,,,,,,,,,,"
"Разделитель плитки (сепаратор) DLT Slim Cut, арт.1312",Инструмент для крупноформатной плитки,1312,631.98,"https://dlt.by/image/catalog/easyphoto/1696/razdelitel-plitki-separator-dlt-slim-cut-1.jpg,https://dlt.by/image/catalog/easyphoto/1696/razdelitel-plitki-separator-dlt-slim-cut-2.jpg,https://dlt.by/image/catalog/easyphoto/1696/razdelitel-plitki-separator-dlt-slim-cut-3.jpg,https://dlt.by/image/catalog/easyphoto/1696/razdelitel-plitki-separator-dlt-slim-cut-4.jpg,https://dlt.by/image/catalog/easyphoto/1696/razdelitel-plitki-separator-dlt-slim-cut-5.jpg,,,,,,,,,,,,,,,,,,,,,,,,,,,,,,,,,,,,,,,,,"
"Алмазная фреза для плитки DLT CERAMIC, 25мм, арт.0985",Алмазная оснастка>Алмазные коронки для плитки>Пальчиковые алмазные фрезы (шарошки),985,2 558.01,"https://dlt.by/image/catalog/tovar/alm-freza/dlt_ceramic/25_vrem/1.jpg,https://dlt.by/image/catalog/tovar/alm-freza/dlt_ceramic/25_vrem/1-1.jpg,https://dlt.by/image/catalog/tovar/alm-freza/dlt_ceramic/25_vrem/2.jpg,https://dlt.by/image/catalog/tovar/alm-freza/dlt_ceramic/20mm/3.jpg,https://dlt.by/image/catalog/tovar/alm-freza/dlt_ceramic/6mm/5.jpg,,,,,,,,,,,,,,,,,,,,,,,,,,,,,,,,,,,,,,,,,"
"Насадка для смесителя RUBIMX-9N, M-120-R, арт.76918",Малярный и штукатурный инструмент>Венчики и насадки строительные,76918,1 805.65,"https://dlt.by/image/catalog/tovar/vinchiki_rubi/76918/1.jpg,https://dlt.by/image/catalog/tovar/vinchiki_rubi/76918/2.jpg,https://dlt.by/image/catalog/tovar/vinchiki_rubi/76918/3.jpg,https://dlt.by/image/catalog/tovar/vinchiki_rubi/76918/4.jpg,,,,,,,,,,,,,,,,,,,,,,,,,,,,,,,,,,,,,,,,,,"
"Гребенка (шпатель строительный) RUBI 280*120 мм, зуб 8 мм, арт.25905",Инструмент для укладки плитки>Гребенки>Зуб 8мм,25905,601.88,"https://dlt.by/image/catalog/tovar/shpatel_rubi/25905/1n.jpg,https://dlt.by/image/catalog/tovar/shpatel_rubi/25905/1-1.jpg,https://dlt.by/image/catalog/tovar/shpatel_rubi/25905/2.jpg,https://dlt.by/image/catalog/tovar/shpatel_rubi/25905/3.jpg,https://dlt.by/image/catalog/tovar/shpatel_rubi/25905/4.jpg,https://dlt.by/image/catalog/tovar/shpatel_rubi/25905/5.jpg,https://dlt.by/image/catalog/tovar/shpatel_rubi/25905/7.jpg,https://dlt.by/image/catalog/tovar/shpatel_rubi/25905/8.jpg,https://dlt.by/image/catalog/tovar/shpatel_rubi/25905/9.jpg,,,,,,,,,,,,,,,,,,,,,,,,,,,,,,,,,,,,,"
"Гребенка (шпатель строительный) RUBI 280*120 мм, зуб 10 мм, арт.25906",Инструмент для укладки плитки>Гребенки>Зуб 10мм,25906,601.88,"https://dlt.by/image/catalog/tovar/shpatel_rubi/25906/1n.jpg,https://dlt.by/image/catalog/tovar/shpatel_rubi/25906/1-1.jpg,https://dlt.by/image/catalog/tovar/shpatel_rubi/25906/2.jpg,https://dlt.by/image/catalog/tovar/shpatel_rubi/25906/3.jpg,https://dlt.by/image/catalog/tovar/shpatel_rubi/25906/4.jpg,https://dlt.by/image/catalog/tovar/shpatel_rubi/25906/5.jpg,https://dlt.by/image/catalog/tovar/shpatel_rubi/25906/7.jpg,https://dlt.by/image/catalog/tovar/shpatel_rubi/25906/8.jpg,https://dlt.by/image/catalog/tovar/shpatel_rubi/25906/9.jpg,,,,,,,,,,,,,,,,,,,,,,,,,,,,,,,,,,,,,"
"Гребенка (шпатель строительный) RUBI 280*120 мм, зуб 12 мм, арт.25907",Инструмент для укладки плитки>Гребенки>Зуб 12мм,25907,601.88,"https://dlt.by/image/catalog/tovar/shpatel_rubi/25907/1n.jpg,https://dlt.by/image/catalog/tovar/shpatel_rubi/25907/1-1.jpg,https://dlt.by/image/catalog/tovar/shpatel_rubi/25907/2.jpg,https://dlt.by/image/catalog/tovar/shpatel_rubi/25907/3.jpg,https://dlt.by/image/catalog/tovar/shpatel_rubi/25907/4.jpg,https://dlt.by/image/catalog/tovar/shpatel_rubi/25907/7.jpg,https://dlt.by/image/catalog/tovar/shpatel_rubi/25907/8.jpg,https://dlt.by/image/catalog/tovar/shpatel_rubi/25907/9.jpg,,,,,,,,,,,,,,,,,,,,,,,,,,,,,,,,,,,,,,"
"Смеситель строительный (миксер) RUBIMIX-9N, арт.25940",Миксер строительный/дрель-миксер,25940,21 065.96,"https://dlt.by/image/catalog/tovar/smesitel_rubi/25940/1.jpg,https://dlt.by/image/catalog/tovar/smesitel_rubi/25940/2.jpg,https://dlt.by/image/catalog/tovar/smesitel_rubi/25940/3.jpg,https://dlt.by/image/catalog/tovar/smesitel_rubi/25940/4.jpg,https://dlt.by/image/catalog/tovar/smesitel_rubi/25940/5.jpg,https://dlt.by/image/catalog/tovar/smesitel_rubi/25940/6.jpg,https://dlt.by/image/catalog/tovar/smesitel_rubi/25940/8.jpg,https://dlt.by/image/catalog/tovar/smesitel_rubi/25940/9.jpg,https://dlt.by/image/catalog/tovar/smesitel_rubi/25940/11.jpg,https://dlt.by/image/catalog/tovar/smesitel_rubi/25940/12.jpg,https://dlt.by/image/catalog/tovar/smesitel_rubi/25940/12-1.jpg,https://dlt.by/image/catalog/tovar/smesitel_rubi/25940/12-2.jpg,https://dlt.by/image/catalog/tovar/smesitel_rubi/25940/13.jpg,,,,,,,,,,,,,,,,,,,,,,,,,,,,,,,,,"
"Смеситель строительный (миксер) RUBIMIX-9N PLUS, арт.26922",Миксер строительный/дрель-миксер,26922,21 667.84,"https://dlt.by/image/catalog/tovar/smesitel_rubi/26922/1.jpg,https://dlt.by/image/catalog/tovar/smesitel_rubi/26922/1-1.jpg,https://dlt.by/image/catalog/tovar/smesitel_rubi/26922/2.jpg,https://dlt.by/image/catalog/tovar/smesitel_rubi/26922/2-1.jpg,https://dlt.by/image/catalog/tovar/smesitel_rubi/26922/2-2.jpg,https://dlt.by/image/catalog/tovar/smesitel_rubi/26922/2-3.jpg,https://dlt.by/image/catalog/tovar/smesitel_rubi/26922/2-4.jpg,https://dlt.by/image/catalog/tovar/smesitel_rubi/26922/2-5.jpg,https://dlt.by/image/catalog/tovar/smesitel_rubi/26922/2-6.jpg,https://dlt.by/image/catalog/tovar/smesitel_rubi/26922/2-7.jpg,https://dlt.by/image/catalog/tovar/smesitel_rubi/26922/3.jpg,https://dlt.by/image/catalog/tovar/smesitel_rubi/26922/3-1.jpg,https://dlt.by/image/catalog/tovar/smesitel_rubi/26922/3-2.jpg,https://dlt.by/image/catalog/tovar/smesitel_rubi/26922/4.jpg,https://dlt.by/image/catalog/tovar/smesitel_rubi/26922/4-1.jpg,https://dlt.by/image/catalog/tovar/smesitel_rubi/26922/5.jpg,https://dlt.by/image/catalog/tovar/smesitel_rubi/26922/6.jpg,https://dlt.by/image/catalog/tovar/smesitel_rubi/26922/7.jpg,,,,,,,,,,,,,,,,,,,,,,,,,,,,"
"Наколенники RUBI ГЕЛЬ КОМФОРТ, арт.81998",Инструмент для укладки плитки>Наколенники строительные,81998,2 858.95,"https://dlt.by/image/catalog/easyphoto/1484/nakolenniki-rubi-gel-komfort-1.jpg,https://dlt.by/image/catalog/easyphoto/1484/nakolenniki-rubi-gel-komfort-2.jpg,https://dlt.by/image/catalog/easyphoto/1484/nakolenniki-rubi-gel-komfort-5.jpg,https://dlt.by/image/catalog/easyphoto/1484/nakolenniki-rubi-gel-komfort-6.jpg,https://dlt.by/image/catalog/easyphoto/1484/nakolenniki-rubi-gel-komfort-3.jpg,https://dlt.by/image/catalog/easyphoto/1484/nakolenniki-rubi-gel-komfort-4.jpg,,,,,,,,,,,,,,,,,,,,,,,,,,,,,,,,,,,,,,,,"
"Сидение эргономичное для укладчика плитки, RUBI, арт.81999",Инструмент для укладки плитки>Плиткорезы ручные,81999,22 269.73,"https://dlt.by/image/catalog/tovar/sidenye_rubi/1.jpg,https://dlt.by/image/catalog/tovar/sidenye_rubi/1-1.jpg,https://dlt.by/image/catalog/tovar/sidenye_rubi/2.jpg,https://dlt.by/image/catalog/tovar/sidenye_rubi/3.jpg,https://dlt.by/image/catalog/tovar/sidenye_rubi/3-1.jpg,https://dlt.by/image/catalog/tovar/sidenye_rubi/5.jpg,https://dlt.by/image/catalog/tovar/sidenye_rubi/6.jpg,https://dlt.by/image/catalog/tovar/sidenye_rubi/7.jpg,https://dlt.by/image/catalog/tovar/sidenye_rubi/8.jpg,https://dlt.by/image/catalog/tovar/sidenye_rubi/razmerysidenija.jpg,,,,,,,,,,,,,,,,,,,,,,,,,,,,,,,,,,,,"
"Регулятор плиточного пространства RUBI (система стягивания), арт.3923",Инструмент для укладки плитки>Присоски для плитки и стекла>Системы стягивания и фиксации,3923,20 163.13,"https://dlt.by/image/catalog/tovar/systema_rubi/1.jpg,https://dlt.by/image/catalog/tovar/systema_rubi/1-1.jpg,https://dlt.by/image/catalog/tovar/systema_rubi/2.jpg,https://dlt.by/image/catalog/tovar/systema_rubi/3.jpg,https://dlt.by/image/catalog/tovar/systema_rubi/4.jpg,https://dlt.by/image/catalog/tovar/systema_rubi/5.jpg,https://dlt.by/image/catalog/tovar/systema_rubi/6.jpg,https://dlt.by/image/catalog/tovar/systema_rubi/7.jpg,https://dlt.by/image/catalog/tovar/systema_rubi/8.jpg,https://dlt.by/image/catalog/tovar/systema_rubi/9.jpg,,,,,,,,,,,,,,,,,,,,,,,,,,,,,,,,,,,,"
"Алмазный ручной брусок DLT #200, арт.1175",Инструмент для укладки плитки>Алмазные притиры>Р200,1175,367.15,"https://dlt.by/image/catalog/easyphoto/1567/almaznyy-ruchnoy-brusok-dlt-200-art-1175-1.jpg,https://dlt.by/image/catalog/easyphoto/1567/almaznyy-ruchnoy-brusok-dlt-200-art-1175-2.jpg,https://dlt.by/image/catalog/easyphoto/1567/almaznyy-ruchnoy-brusok-dlt-200-art-1175-3.jpg,https://dlt.by/image/catalog/easyphoto/1567/almaznyy-ruchnoy-brusok-dlt-200-art-1175-4.jpg,https://dlt.by/image/catalog/easyphoto/1567/almaznyy-ruchnoy-brusok-dlt-200-art-1175-5.jpg,https://dlt.by/image/catalog/easyphoto/1567/almaznyy-ruchnoy-brusok-dlt-200-art-1175-6.jpg,,,,,,,,,,,,,,,,,,,,,,,,,,,,,,,,,,,,,,,,"
"Присоска электрическая GRABO Nemo BIHUII, арт.Nemo BIHUI",Инструмент для укладки плитки>Присоски для плитки и стекла>Электрические присоски и поршни,Nemo BIHUI,14 896.64,"https://dlt.by/image/catalog/tovar/grabo_bihui/1.jpg,https://dlt.by/image/catalog/tovar/grabo_bihui/2.jpg,https://dlt.by/image/catalog/tovar/grabo_bihui/3.jpg,https://dlt.by/image/catalog/tovar/grabo_bihui/3-1.jpg,https://dlt.by/image/catalog/tovar/grabo_bihui/4.jpg,https://dlt.by/image/catalog/tovar/grabo_bihui/5.jpg,,,,,,,,,,,,,,,,,,,,,,,,,,,,,,,,,,,,,,,,"
"Алмазный ручной брусок DLT #400, арт.1177",Инструмент для укладки плитки>Алмазные притиры>Р300-400,1177,367.15,"https://dlt.by/image/catalog/easyphoto/1569/almaznyy-ruchnoy-brusok-dlt-400-art-1177-1.jpg,https://dlt.by/image/catalog/easyphoto/1569/almaznyy-ruchnoy-brusok-dlt-400-art-1177-2.jpg,https://dlt.by/image/catalog/easyphoto/1569/almaznyy-ruchnoy-brusok-dlt-400-art-1177-4.jpg,https://dlt.by/image/catalog/easyphoto/1569/almaznyy-ruchnoy-brusok-dlt-400-art-1177-3.jpg,,,,,,,,,,,,,,,,,,,,,,,,,,,,,,,,,,,,,,,,,,"
"Пальчиковая алмазная фреза, 10мм, CERAMIC PRO DLT&9plitok, арт.0506",Алмазная оснастка>Алмазные коронки для плитки,506,1 805.65,"https://dlt.by/image/catalog/tovar/frez/palch/10mm/1.jpg,https://dlt.by/image/catalog/tovar/frez/palch/12mm/2.jpg,https://dlt.by/image/catalog/tovar/frez/palch/10mm/3.jpg,,,,,,,,,,,,,,,,,,,,,,,,,,,,,,,,,,,,,,,,,,,"
"Зажим (СВП) 0.8 мм 3D KRESTIKI Profi (100 шт.), арт.1109",Система выравнивания плитки (СВП)>СВП 3D KRESTIKI,1109,276.87,"https://dlt.by/image/catalog/tovar/svp_new/0.8_100/11.jpg,https://dlt.by/image/catalog/tovar/svp_new/0.8_100/izobrazhenie_viber_2022-05-18_16-28-04-258.jpg,,,,,,,,,,,,,,,,,,,,,,,,,,,,,,,,,,,,,,,,,,,,"
"Лезвие для шпателя DLT Finish, толщина 0,5мм, 35см, арт.0827",Шпателя для механизированной шпатлевки>Шпателя для механизированного нанесения>Сменные лезвия и аксессуары>Лезвия для шпателя DLT Finish,827,631.98,"https://dlt.by/image/catalog/image/catalog/tovar/lezvie/05mm/45cm/1.jpg,https://dlt.by/image/catalog/tovar/lezvie/03mm/35cm/2.jpg,https://dlt.by/image/catalog/tovar/lezvie/03mm/35cm/3.jpg,,,,,,,,,,,,,,,,,,,,,,,,,,,,,,,,,,,,,,,,,,,"
"Лазерный уровень (нивелир) Fukuda MW-93T-2-3GX Standard, арт.0536",Лазерные нивелиры (лазерные уровни)>3D,536,16 250.88,"https://dlt.by/image/catalog/easyphoto/1490/lazernyy-uroven-nivelir-fukuda-mw-93t-2-3gx-standard-1.jpg,https://dlt.by/image/catalog/tovar/fukuda_93t_2_3g_x_r/fukuda-mw-93t-2-3gx.gif,https://dlt.by/image/catalog/tovar/2-3gxpro_red/y2.jpg,https://dlt.by/image/catalog/tovar/2-3gxpro_red/y4.jpg,https://dlt.by/image/catalog/tovar/2-3gxpro_red/y5.jpg,https://dlt.by/image/catalog/tovar/2-3gxpro_red/y6.jpg,https://dlt.by/image/catalog/tovar/2-3gxpro_red/y7.jpg,https://dlt.by/image/catalog/tovar/mw-93t-2-3gx/fgdf.jpg,https://dlt.by/image/catalog/tovar/2-3gxpro_red/y9.jpg,https://dlt.by/image/catalog/tovar/2-3gxpro_red/y10.jpg,https://dlt.by/image/catalog/tovar/2-3gxpro_red/y11.jpg,https://dlt.by/image/catalog/tovar/2-3gxpro_red/y12.jpg,https://dlt.by/image/catalog/tovar/2-3gxpro_red/y13.jpg,https://dlt.by/image/catalog/tovar/2-3gxpro_red/y14.jpg,https://dlt.by/image/catalog/tovar/2-3gxpro_red/y15.jpg,https://dlt.by/image/catalog/tovar/2-3gxpro_red/y16.jpg,https://dlt.by/image/catalog/tovar/2-3gxpro_red/y17.jpg,https://dlt.by/image/catalog/tovar/2-3gxpro_red/y18.jpg,https://dlt.by/image/catalog/tovar/2-3gxpro_red/y19.jpg,https://dlt.by/image/catalog/tovar/2-3gxpro_red/y20.jpg,https://dlt.by/image/catalog/tovar/2-3gxpro_red/y21.jpg,https://dlt.by/image/catalog/tovar/2-3gxpro_red/y22.jpg,https://dlt.by/image/catalog/tovar/2-3gxpro_red/y23.jpg,https://dlt.by/image/catalog/tovar/2-3gxpro_red/y24.jpg,https://dlt.by/image/catalog/tovar/2-3gxpro_red/y25.jpg,,,,,,,,,,,,,,,,,,,,,"
"Насадка для смесителя (миксера) BIHUI, арт.MPGZ600",Малярный и штукатурный инструмент>Венчики и насадки строительные,MPGZ600,1 263.96,"https://dlt.by/image/catalog/easyphoto/1602/nasadka-dlya-smesitelya-miksera-bihui-mpgz600-2.jpg,https://dlt.by/image/catalog/easyphoto/1602/nasadka-dlya-smesitelya-miksera-bihui-mpgz600-1.jpg,https://dlt.by/image/catalog/easyphoto/1602/nasadka-dlya-smesitelya-miksera-bihui-mpgz600-3.jpg,,,,,,,,,,,,,,,,,,,,,,,,,,,,,,,,,,,,,,,,,,,"
"Аккумулятор BIHUI, 2000 м/а, 16 В, 2,0 а/ч, для виброприсоски для укладки плитки, арт.LFTBV-BAT",Запчасти>Вибрационные присоски>BIHUI,LFTBV-BAT,3 310.36,"https://dlt.by/image/catalog/easyphoto/1496/akkumulyator-bihui-2000-m-a-16-v-2-0-a-ch-dlya-vibroprisoski-dlya-ukladki-plitki-lftbv-bat-4.jpg,https://dlt.by/image/catalog/easyphoto/1496/akkumulyator-bihui-2000-m-a-16-v-2-0-a-ch-dlya-vibroprisoski-dlya-ukladki-plitki-lftbv-bat-6.jpg,https://dlt.by/image/catalog/easyphoto/1496/akkumulyator-bihui-2000-m-a-16-v-2-0-a-ch-dlya-vibroprisoski-dlya-ukladki-plitki-lftbv-bat-5.jpg,,,,,,,,,,,,,,,,,,,,,,,,,,,,,,,,,,,,,,,,,,,"
"Ведро строительное гибкое (голубое), 40л, арт.88722",Гибкие ведра и гибкие ёмкости,88722,941.95,"https://dlt.by/image/catalog/easyphoto/1685/vedro-stroitelnoe-gibkoe-goluboe-40l-art-88722-7.jpg,https://dlt.by/image/catalog/easyphoto/1685/vedro-stroitelnoe-gibkoe-goluboe-40l-art-88722-8.jpg,https://dlt.by/image/catalog/easyphoto/1685/vedro-stroitelnoe-gibkoe-goluboe-40l-art-88722-9.jpg,https://dlt.by/image/catalog/easyphoto/1685/vedro-stroitelnoe-gibkoe-goluboe-40l-art-88722-10.jpg,,,,,,,,,,,,,,,,,,,,,,,,,,,,,,,,,,,,,,,,,,"
"Ящик для инструментов Tactix, арт.320360,серия PRO",Ящики для инструмента/Модульные системы. ,320360 (Tactix)	,6 470.26,"https://dlt.by/image/catalog/tovar/320360/1.jpg,https://dlt.by/image/catalog/tovar/320360/2.jpeg,https://dlt.by/image/catalog/tovar/320360/3.jpg,https://dlt.by/image/catalog/tovar/320360/4.jpg,https://dlt.by/image/catalog/tovar/320360/5.jpg,https://dlt.by/image/catalog/tovar/320360/6.jpg,https://dlt.by/image/catalog/tovar/320360/7.jpg,https://dlt.by/image/catalog/tovar/320360/8.jpg,https://dlt.by/image/catalog/tovar/320360/9.jpg,https://dlt.by/image/catalog/tovar/320360/10.jpg,https://dlt.by/image/catalog/tovar/320360/11.jpg,,,,,,,,,,,,,,,,,,,,,,,,,,,,,,,,,,,"
"Шаблон (кондуктор) для монтажа водорозеток INSTALLER S (400мм), арт.1195",Инструмент для укладки плитки>Шаблоны строительные,1195,2 257.07,"https://dlt.by/image/catalog/easyphoto/1590/shablon-dlya-montazha-vodorozetok-installer-s-400mm-1.jpg,https://dlt.by/image/catalog/easyphoto/1590/shablon-dlya-montazha-vodorozetok-installer-s-400mm-2.jpg,https://dlt.by/image/catalog/easyphoto/1590/shablon-dlya-montazha-vodorozetok-installer-s-400mm-3.jpg,https://dlt.by/image/catalog/easyphoto/1590/shablon-dlya-montazha-vodorozetok-installer-s-400mm-4.jpg,https://dlt.by/image/catalog/easyphoto/1590/shablon-dlya-montazha-vodorozetok-installer-s-400mm-5.jpg,https://dlt.by/image/catalog/easyphoto/1590/shablon-dlya-montazha-vodorozetok-installer-s-400mm-6.jpg,https://dlt.by/image/catalog/easyphoto/1590/shablon-dlya-montazha-vodorozetok-installer-s-400mm-7.jpg,https://dlt.by/image/catalog/easyphoto/1590/shablon-dlya-montazha-vodorozetok-installer-s-400mm-8.jpg,https://dlt.by/image/catalog/easyphoto/1590/shablon-dlya-montazha-vodorozetok-installer-s-400mm-9.jpg,https://dlt.by/image/catalog/easyphoto/1590/shablon-dlya-montazha-vodorozetok-installer-s-400mm-10.jpg,,,,,,,,,,,,,,,,,,,,,,,,,,,,,,,,,,,,"
Зажим (СВП) 2 мм 3D KRESTIKI Strong (100 шт.),Система выравнивания плитки (СВП)>СВП 3D KRESTIKI, 3D KRESTIKI 2 (100шт),246.77,"https://dlt.by/image/catalog/tovar/svp_new/2_100/1.3.jpg,https://dlt.by/image/catalog/tovar/svp_new/2_100/strong-100-up-1000x1000.jpg,,,,,,,,,,,,,,,,,,,,,,,,,,,,,,,,,,,,,,,,,,,,"
"Зажим (СВП) 0.8 мм 3D KRESTIKI Profi (500шт.), арт.1108",Система выравнивания плитки (СВП)>СВП 3D KRESTIKI,1108,1 053.30,"https://dlt.by/image/catalog/tovar/svp_new/0.8_100/11.jpg,https://dlt.by/image/catalog/tovar/svp_new/0.8_500/izobrazhenie_viber_2022-05-18_16-26-02-264.jpg,,,,,,,,,,,,,,,,,,,,,,,,,,,,,,,,,,,,,,,,,,,,"
"Зажим (СВП) 2 мм 3D KRESTIKI Strong (500 шт.), арт.1105",Система выравнивания плитки (СВП)>СВП 3D KRESTIKI,1105,1 053.30,"https://dlt.by/image/catalog/tovar/svp_new/2_100/1.3.jpg,https://dlt.by/image/catalog/tovar/svp_new/2_500/2.jpg,https://dlt.by/image/catalog/tovar/svp_new/2_500/3.jpg,,,,,,,,,,,,,,,,,,,,,,,,,,,,,,,,,,,,,,,,,,,"
"Электрическая присоска GRABO PRO-Lifter с АВТО подкачкой, для гладкой и рельефной поверхности, арт.1134",Инструмент для укладки плитки>Присоски для плитки и стекла>Электрические присоски и поршни,1134,14 445.23,"https://dlt.by/image/catalog/easyphoto/1538/prisoska-elektricheskaya-grabo-pro-lifter-1.jpg,https://dlt.by/image/catalog/easyphoto/1538/prisoska-elektricheskaya-grabo-pro-lifter-2.jpg,https://dlt.by/image/catalog/easyphoto/1538/prisoska-elektricheskaya-grabo-pro-lifter-3.jpg,https://dlt.by/image/catalog/easyphoto/1538/prisoska-elektricheskaya-grabo-pro-lifter-4.jpg,https://dlt.by/image/catalog/easyphoto/1538/prisoska-elektricheskaya-grabo-pro-lifter-5.jpg,https://dlt.by/image/catalog/easyphoto/1538/prisoska-elektricheskaya-grabo-pro-lifter-6.jpg,https://dlt.by/image/catalog/easyphoto/1538/prisoska-elektricheskaya-grabo-pro-lifter-7.jpg,https://dlt.by/image/catalog/easyphoto/1538/prisoska-elektricheskaya-grabo-pro-lifter-8.jpg,https://dlt.by/image/catalog/easyphoto/1538/prisoska-elektricheskaya-grabo-pro-lifter-9.jpg,https://dlt.by/image/catalog/easyphoto/1538/prisoska-elektricheskaya-grabo-pro-lifter-10.jpg,https://dlt.by/image/catalog/easyphoto/1538/prisoska-elektricheskaya-grabo-pro-lifter-11.jpg,https://dlt.by/image/catalog/easyphoto/1538/prisoska-elektricheskaya-grabo-pro-lifter-12.jpg,https://dlt.by/image/catalog/easyphoto/1538/prisoska-elektricheskaya-grabo-pro-lifter-13.jpg,https://dlt.by/image/catalog/easyphoto/1538/prisoska-elektricheskaya-grabo-pro-lifter-14.jpg,https://dlt.by/image/catalog/easyphoto/1538/prisoska-elektricheskaya-grabo-pro-lifter-15.jpg,https://dlt.by/image/catalog/easyphoto/1538/prisoska-elektricheskaya-grabo-pro-lifter-16.jpg,https://dlt.by/image/catalog/easyphoto/1538/prisoska-elektricheskaya-grabo-pro-lifter-17.jpg,https://dlt.by/image/catalog/easyphoto/1538/prisoska-elektricheskaya-grabo-pro-lifter-18.jpg,https://dlt.by/image/catalog/easyphoto/1538/prisoska-elektricheskaya-grabo-pro-lifter-19.jpg,https://dlt.by/image/catalog/easyphoto/1538/prisoska-elektricheskaya-grabo-pro-lifter-21.jpg,https://dlt.by/image/catalog/easyphoto/1538/prisoska-elektricheskaya-grabo-pro-lifter-23.jpg,https://dlt.by/image/catalog/easyphoto/1538/prisoska-elektricheskaya-grabo-pro-lifter-20.jpg,https://dlt.by/image/catalog/easyphoto/1538/prisoska-elektricheskaya-grabo-pro-lifter-22.jpg,,,,,,,,,,,,,,,,,,,,,,,"
"АГШК DLT №1, для сухой и мокрой шлифовки, #100, 100мм, арт.0645",Инструмент для укладки плитки>Круг алмазный гибкий шлифовальный>АГШК #100,645,541.70,"https://dlt.by/image/catalog/tovar/aghk_dlt/dlt_1/zer_100/1.jpg,https://dlt.by/image/catalog/tovar/aghk_dlt/dlt_1/zer_100/2.jpg,https://dlt.by/image/catalog/tovar/aghk_dlt/dlt_1/zer_100/3.jpg,https://dlt.by/image/catalog/tovar/aghk_dlt/dlt_1/zer_100/4.jpg,https://dlt.by/image/catalog/tovar/aghk_dlt/dlt_1/zer_100/5.jpg,,,,,,,,,,,,,,,,,,,,,,,,,,,,,,,,,,,,,,,,,"
"Набор алмазных ручных брусков (#200, #300, #400), арт.1174",Инструмент для укладки плитки>Алмазные притиры>Р200,1174,752.36,"https://dlt.by/image/catalog/tovar/ruchnye_bruski_dlt/nabor/new/1.jpg,https://dlt.by/image/catalog/tovar/ruchnye_bruski_dlt/nabor/new/2.jpg,https://dlt.by/image/catalog/tovar/ruchnye_bruski_dlt/nabor/new/3.jpg,https://dlt.by/image/catalog/tovar/ruchnye_bruski_dlt/nabor/new/4.jpg,https://dlt.by/image/catalog/tovar/ruchnye_bruski_dlt/nabor/new/5.jpg,https://dlt.by/image/catalog/tovar/ruchnye_bruski_dlt/nabor/new/6.jpg,https://dlt.by/image/catalog/tovar/ruchnye_bruski_dlt/nabor/new/7.jpg,https://dlt.by/image/catalog/tovar/ruchnye_bruski_dlt/nabor/new/8.jpg,,,,,,,,,,,,,,,,,,,,,,,,,,,,,,,,,,,,,,"
"Диск алмазный DLT MINI TURBO, 75мм, арт.1179",Алмазная оснастка>Алмазные диски>Алмазные диски под СВП (T-диски),1179,993.11,"https://dlt.by/image/catalog/tovar/dlt_mini_turbo/75new/1.jpg,https://dlt.by/image/catalog/tovar/dlt_mini_turbo/75new/2.jpg,https://dlt.by/image/catalog/tovar/dlt_mini_turbo/75new/3.jpg,,,,,,,,,,,,,,,,,,,,,,,,,,,,,,,,,,,,,,,,,,,"
"Алмазный диск DLT №3 (KING), 125мм, арт.1287",Алмазная оснастка>Алмазные диски>Алмазные диски по керамике/керамограниту/граниту/мрамору,1287,842.64,"https://dlt.by/image/catalog/tovar/almdisk/diskdltzaglavnie/almaznyy-disk-dlt-3-king-125mm-1-800x800.jpg,https://dlt.by/image/catalog/easyphoto/1699/almaznyy-disk-dlt-3-king-125mm-1.jpg,https://dlt.by/image/catalog/easyphoto/1699/almaznyy-disk-dlt-3-king-125mm-2.jpg,,,,,,,,,,,,,,,,,,,,,,,,,,,,,,,,,,,,,,,,,,,"
"Алмазный диск BIHUI B-MAGIC, X-LOCK, 125мм, арт.DCXW125",Алмазная оснастка>Алмазные диски>Алмазные диски по керамике/керамограниту/граниту/мрамору,DCXW125,2 136.69,"https://dlt.by/image/catalog/tovar/dcxw125/1.jpg,https://dlt.by/image/catalog/tovar/dcxw125/1-1.jpg,https://dlt.by/image/catalog/tovar/dcxw125/1-2.jpg,https://dlt.by/image/catalog/tovar/dcxw125/2.jpg,https://dlt.by/image/catalog/tovar/dcxw125/3.jpg,https://dlt.by/image/catalog/tovar/dcxw125/4.jpg,,,,,,,,,,,,,,,,,,,,,,,,,,,,,,,,,,,,,,,,"
"Помповая присоска DLT VST-207 для гладкой и слаборельефной поверхности, Ø7 дюймов, арт.1192",Инструмент для укладки плитки>Присоски для плитки и стекла>Помповые присоски,1192,1 805.65,"https://dlt.by/image/catalog/easyphoto/1586/prisoska-pompovaya-dlt-vst-207-mini-7-dyuymov-110kg-1.jpg,https://dlt.by/image/catalog/easyphoto/1586/prisoska-pompovaya-dlt-vst-207-mini-7-dyuymov-110kg-3.jpg,https://dlt.by/image/catalog/easyphoto/1586/prisoska-pompovaya-dlt-vst-207-mini-7-dyuymov-110kg-2.jpg,https://dlt.by/image/catalog/easyphoto/1586/prisoska-pompovaya-dlt-vst-207-mini-7-dyuymov-110kg-6.jpg,https://dlt.by/image/catalog/easyphoto/1586/prisoska-pompovaya-dlt-vst-207-mini-7-dyuymov-110kg-5.jpg,https://dlt.by/image/catalog/easyphoto/1586/prisoska-pompovaya-dlt-vst-207-mini-7-dyuymov-110kg-4.jpg,,,,,,,,,,,,,,,,,,,,,,,,,,,,,,,,,,,,,,,,"
"Алмазный диск для заусовки плитки под 45°, 9plitok&DLT №1, арт.1172",Алмазная оснастка>Алмазные диски,1172,1 655.18,"https://dlt.by/image/catalog/tovar/krug_zausovka/nomer_1/new2022/1.jpg,https://dlt.by/image/catalog/tovar/krug_zausovka/nomer_1/new2022/3.jpg,,,,,,,,,,,,,,,,,,,,,,,,,,,,,,,,,,,,,,,,,,,,"
"Диск алмазный DLT MINI TURBO, 50мм, арт.1178",Алмазная оснастка>Алмазные диски>Алмазные диски под СВП (T-диски),1178,752.36,"https://dlt.by/image/catalog/tovar/dlt_mini_turbo/new50/1.jpg,https://dlt.by/image/catalog/tovar/dlt_mini_turbo/new50/2.jpg,https://dlt.by/image/catalog/tovar/dlt_mini_turbo/new50/3.jpg,,,,,,,,,,,,,,,,,,,,,,,,,,,,,,,,,,,,,,,,,,,"
"Алмазный диск для заусовки плитки под 45°, 9plitok&DLT №2, арт.1173",Алмазная оснастка>Алмазные диски,1173,1 865.84,"https://dlt.by/image/catalog/tovar/krug_zausovka/nomer_2/new2022/1.jpg,https://dlt.by/image/catalog/tovar/krug_zausovka/nomer_2/new2022/2.jpg,https://dlt.by/image/catalog/tovar/krug_zausovka/nomer_2/new2022/3.jpg,,,,,,,,,,,,,,,,,,,,,,,,,,,,,,,,,,,,,,,,,,,"
"Уровень лазерный Fukuda MW-301D-4GX, СЕРВОПРИВОД, арт.1129",Лазерные нивелиры (лазерные уровни)>4D,1129,36 113.07,"https://dlt.by/image/catalog/izobrazhenie_viber_2022-06-15_15-12-46-519-800x800.jpg,https://dlt.by/image/catalog/easyphoto/1816/uroven-lazernyy-fukuda-mw-301d-gx-servoprivod-12.jpg,https://dlt.by/image/catalog/easyphoto/1816/uroven-lazernyy-fukuda-mw-301d-gx-servoprivod-14.gif,https://dlt.by/image/catalog/easyphoto/1816/uroven-lazernyy-fukuda-mw-301d-gx-servoprivod-13.jpg,https://dlt.by/image/catalog/easyphoto/1816/uroven-lazernyy-fukuda-mw-301d-gx-servoprivod-11.jpg,https://dlt.by/image/catalog/easyphoto/1816/uroven-lazernyy-fukuda-mw-301d-gx-servoprivod-10.jpg,https://dlt.by/image/catalog/easyphoto/1816/uroven-lazernyy-fukuda-mw-301d-gx-servoprivod-9.jpg,https://dlt.by/image/catalog/easyphoto/1816/uroven-lazernyy-fukuda-mw-301d-gx-servoprivod-8.jpg,https://dlt.by/image/catalog/easyphoto/1816/uroven-lazernyy-fukuda-mw-301d-gx-servoprivod-7.jpg,https://dlt.by/image/catalog/easyphoto/1816/uroven-lazernyy-fukuda-mw-301d-gx-servoprivod-5.jpg,https://dlt.by/image/catalog/easyphoto/1816/uroven-lazernyy-fukuda-mw-301d-gx-servoprivod-6.jpg,https://dlt.by/image/catalog/easyphoto/1816/uroven-lazernyy-fukuda-mw-301d-gx-servoprivod-3.jpg,https://dlt.by/image/catalog/easyphoto/1816/uroven-lazernyy-fukuda-mw-301d-gx-servoprivod-1.jpg,https://dlt.by/image/catalog/easyphoto/1816/uroven-lazernyy-fukuda-mw-301d-gx-servoprivod-4.jpg,https://dlt.by/image/catalog/easyphoto/1816/uroven-lazernyy-fukuda-mw-301d-gx-servoprivod-2.jpg,,,,,,,,,,,,,,,,,,,,,,,,,,,,,,,"
"Лазерный уровень (нивелир) 3D Huepar 603CG PRO, арт.0881",Лазерные нивелиры (лазерные уровни),881,17 755.59,"https://dlt.by/image/catalog/tovar/603cg/fgyrgthfggfd.jpg,https://dlt.by/image/catalog/tovar/603cg/izobrazhenie_viber_2020-08-07_10-59-35-1000x1000.jpg,https://dlt.by/image/catalog/tovar/hp-603cgpro/r4.jpg,https://dlt.by/image/catalog/tovar/hp-603cgpro/r5.jpg,https://dlt.by/image/catalog/tovar/603cg/fdsfsdgfsd.jpg,https://dlt.by/image/catalog/tovar/hp-603cgpro/r7.jpg,https://dlt.by/image/catalog/tovar/hp-603cgpro/r8.jpg,https://dlt.by/image/catalog/tovar/hp-603cgpro/r9.jpg,https://dlt.by/image/catalog/tovar/hp-603cgpro/r10.jpg,https://dlt.by/image/catalog/tovar/hp-603cgpro/r11.jpg,https://dlt.by/image/catalog/tovar/603cg/reterfgfwef.jpg,https://dlt.by/image/catalog/tovar/hp-603cgpro/r13.jpg,https://dlt.by/image/catalog/tovar/hp-603cgpro/r14.jpg,https://dlt.by/image/catalog/tovar/hp-603cgpro/r15.jpg,https://dlt.by/image/catalog/tovar/hp-603cgpro/r16.jpg,https://dlt.by/image/catalog/tovar/hp-603cgpro/r17.jpg,https://dlt.by/image/catalog/tovar/hp-603cgpro/r19.jpg,https://dlt.by/image/catalog/tovar/hp-603cgpro/r20.jpg,https://dlt.by/image/catalog/tovar/hp-603cgpro/r21.jpg,https://dlt.by/image/catalog/tovar/hp-603cgpro/r22.jpg,https://dlt.by/image/catalog/tovar/hp-603cgpro/r23.jpg,https://dlt.by/image/catalog/tovar/hp-603cgpro/r24.jpg,https://dlt.by/image/catalog/tovar/hp-603cgpro/r25.jpg,https://dlt.by/image/catalog/tovar/hp-603cgpro/r26.jpg,https://dlt.by/image/catalog/tovar/hp-603cgpro/r27.jpg,https://dlt.by/image/catalog/tovar/hp-603cgpro/r28.jpg,https://dlt.by/image/catalog/tovar/hp-603cgpro/r29.jpg,https://dlt.by/image/catalog/tovar/hp-603cgpro/r30.jpg,https://dlt.by/image/catalog/tovar/hp-603cgpro/r31.jpg,https://dlt.by/image/catalog/tovar/hp-603cgpro/r32.jpg,https://dlt.by/image/catalog/tovar/hp-603cgpro/r33.jpg,https://dlt.by/image/catalog/tovar/hp-603cgpro/r34.jpg,https://dlt.by/image/catalog/tovar/hp-603cgpro/r35.jpg,https://dlt.by/image/catalog/tovar/hp-603cgpro/r36.jpg,https://dlt.by/image/catalog/tovar/hp-603cgpro/r37.jpg,,,,,,,,,,,"
"Зажим (СВП) ECO Light СВП, 1мм, (500 шт), 3dkrestiki, арт.1099",Система выравнивания плитки (СВП)>СВП 3D KRESTIKI,1099,662.07,"https://dlt.by/image/catalog/tovar/svp_new/Eco_Light/Zazhim ECO Light SVP, 1mm, (500 sht)/1.jpg,https://dlt.by/image/catalog/tovar/svp_new/Eco_Light/Zazhim ECO Light SVP,1mm,(500 sht)/2.jpg,https://dlt.by/image/catalog/tovar/svp_new/Eco_Light/Zazhim ECO Light SVP,1mm,(500 sht)/3.jpg,https://dlt.by/image/catalog/tovar/svp_new/Eco_Light/Zazhim ECO Light SVP,1mm,(500 sht)/4.jpg,,,,,,,,,,,,,,,,,,,,,,,,,,,,,,,,,,,,"
"Указатель лазерный для плиткореза DLT Optima, арт.1076",Плиткорезы ручные>Аксессуары для ручных плиткорезов>Разное,1076,601.88,"https://dlt.by/image/catalog/tovar/lazernyj_ukazatel/optima/1.jpg,https://dlt.by/image/catalog/tovar/lazernyj_ukazatel/optima/2.jpg,https://dlt.by/image/catalog/tovar/lazernyj_ukazatel/optima/3.jpg,,,,,,,,,,,,,,,,,,,,,,,,,,,,,,,,,,,,,,,,,,,"
"Зажим для выравнивания плитки (СВП) Profi Level Master 1 мм LONG, 300 шт, арт.1138",Система выравнивания плитки (СВП)>СВП Profi Level Master,1138,631.98,"https://dlt.by/image/catalog/tovar/svp_new/PROFI_LEVEL_MASTER/Зажим для выравнивания плитки Profi Level Master 1 мм, 300 шт/1.png,https://dlt.by/image/catalog/tovar/svp_new/PROFI_LEVEL_MASTER/Зажим для выравнивания плитки Profi Level Master 1 мм,300 шт/2-1.png,https://dlt.by/image/catalog/tovar/svp_new/PROFI_LEVEL_MASTER/Зажим для выравнивания плитки Profi Level Master 1 мм,300 шт/3.jpg,https://dlt.by/image/catalog/tovar/svp_new/PROFI_LEVEL_MASTER/Зажим для выравнивания плитки Profi Level Master 1 мм,300 шт/4.jpg,https://dlt.by/image/catalog/tovar/svp_new/PROFI_LEVEL_MASTER/Зажим для выравнивания плитки Profi Level Master 1 мм,300 шт/5.jpg,https://dlt.by/image/catalog/tovar/svp_new/PROFI_LEVEL_MASTER/Зажим для выравнивания плитки Profi Level Master 1 мм,300 шт/6.jpg,https://dlt.by/image/catalog/tovar/svp_new/PROFI_LEVEL_MASTER/Зажим для выравнивания плитки Profi Level Master 1 мм,300 шт/7.jpg,https://dlt.by/image/catalog/tovar/svp_new/PROFI_LEVEL_MASTER/Зажим для выравнивания плитки Profi Level Master 1 мм,300 шт/10.jpg,https://dlt.by/image/catalog/tovar/svp_new/PROFI_LEVEL_MASTER/Зажим для выравнивания плитки Profi Level Master 1 мм,300 шт/11.jpg,https://dlt.by/image/catalog/tovar/svp_new/PROFI_LEVEL_MASTER/Зажим для выравнивания плитки Profi Level Master 1 мм,300 шт/12.jpg,https://dlt.by/image/catalog/tovar/svp_new/PROFI_LEVEL_MASTER/Зажим для выравнивания плитки Profi Level Master 1 мм,300 шт/13.jpg,,,,,,,,,,,,,,,,,,,,,,,,,"
"Клин (СВП) Profi Level Master (100 шт.), арт.1137",Система выравнивания плитки (СВП)>СВП Profi Level Master,1137,481.51,"https://dlt.by/image/catalog/tovar/svp_new/PROFI_LEVEL_MASTER/Клин Profi Level Master (100 шт.)/1.jpg,https://dlt.by/image/catalog/tovar/svp_new/PROFI_LEVEL_MASTER/Клин Profi Level Master (100 шт.)/2.jpg,https://dlt.by/image/catalog/tovar/svp_new/PROFI_LEVEL_MASTER/Клин Profi Level Master (100 шт.)/3.jpg,https://dlt.by/image/catalog/tovar/svp_new/PROFI_LEVEL_MASTER/Клин Profi Level Master (100 шт.)/3-1.png,https://dlt.by/image/catalog/tovar/svp_new/PROFI_LEVEL_MASTER/Клин Profi Level Master (100 шт.)/4.jpg,https://dlt.by/image/catalog/tovar/svp_new/PROFI_LEVEL_MASTER/Клин Profi Level Master (100 шт.)/5.jpg,https://dlt.by/image/catalog/tovar/svp_new/PROFI_LEVEL_MASTER/Клин Profi Level Master (100 шт.)/6.jpg,https://dlt.by/image/catalog/tovar/svp_new/PROFI_LEVEL_MASTER/Клин Profi Level Master (100 шт.)/10.jpg,https://dlt.by/image/catalog/tovar/svp_new/PROFI_LEVEL_MASTER/Клин Profi Level Master (100 шт.)/11.jpg,https://dlt.by/image/catalog/tovar/svp_new/PROFI_LEVEL_MASTER/Клин Profi Level Master (100 шт.)/12.jpg,https://dlt.by/image/catalog/tovar/svp_new/PROFI_LEVEL_MASTER/Клин Profi Level Master (100 шт.)/13.jpg,,,,,,,,,,,,,,,,,,,,,,,,,,,,,,,,,,,"
"Защитная пластина (СВП) PROFI LEVEL MASTER (50 шт.), арт.1140",Система выравнивания плитки (СВП)>СВП Profi Level Master,1140,246.77,"https://dlt.by/image/catalog/tovar/svp_new/PROFI_LEVEL_MASTER/Защитная пластина PROFI LEVEL MASTER (50 шт.)/1.jpg,https://dlt.by/image/catalog/tovar/svp_new/PROFI_LEVEL_MASTER/Защитная пластина PROFI LEVEL MASTER (50 шт.)/2.jpg,https://dlt.by/image/catalog/tovar/svp_new/PROFI_LEVEL_MASTER/Защитная пластина PROFI LEVEL MASTER (50 шт.)/3.jpg,https://dlt.by/image/catalog/tovar/svp_new/PROFI_LEVEL_MASTER/Защитная пластина PROFI LEVEL MASTER (50 шт.)/4.jpg,https://dlt.by/image/catalog/tovar/svp_new/PROFI_LEVEL_MASTER/Защитная пластина PROFI LEVEL MASTER (50 шт.)/5.jpg,https://dlt.by/image/catalog/tovar/svp_new/PROFI_LEVEL_MASTER/Защитная пластина PROFI LEVEL MASTER (50 шт.)/6.jpg,https://dlt.by/image/catalog/tovar/svp_new/PROFI_LEVEL_MASTER/Защитная пластина PROFI LEVEL MASTER (50 шт.)/7.jpg,https://dlt.by/image/catalog/tovar/svp_new/PROFI_LEVEL_MASTER/Защитная пластина PROFI LEVEL MASTER (50 шт.)/9.jpg,https://dlt.by/image/catalog/tovar/svp_new/PROFI_LEVEL_MASTER/Защитная пластина PROFI LEVEL MASTER (50 шт.)/9-1.jpg,https://dlt.by/image/catalog/tovar/svp_new/PROFI_LEVEL_MASTER/Защитная пластина PROFI LEVEL MASTER (50 шт.)/9-2.jpg,https://dlt.by/image/catalog/tovar/svp_new/PROFI_LEVEL_MASTER/Защитная пластина PROFI LEVEL MASTER (50 шт.)/10.jpg,https://dlt.by/image/catalog/tovar/svp_new/PROFI_LEVEL_MASTER/Защитная пластина PROFI LEVEL MASTER (50 шт.)/11.jpg,https://dlt.by/image/catalog/tovar/svp_new/PROFI_LEVEL_MASTER/Защитная пластина PROFI LEVEL MASTER (50 шт.)/12.jpg,https://dlt.by/image/catalog/tovar/svp_new/PROFI_LEVEL_MASTER/Защитная пластина PROFI LEVEL MASTER (50 шт.)/13.jpg,,,,,,,,,,,,,,,,,,,,,,,,,,,,,,,,"
"Универсальный крестик PROFI LEVEL MASTER (50 шт.), арт.1139",Инструмент для укладки плитки>Крестики/клинья/подковы,1139,306.96,"https://dlt.by/image/catalog/easyphoto/1550/universalnyy-krestik-profi-level-master-50-sht-2.jpg,https://dlt.by/image/catalog/easyphoto/1550/universalnyy-krestik-profi-level-master-50-sht-5.jpg,https://dlt.by/image/catalog/easyphoto/1550/universalnyy-krestik-profi-level-master-50-sht-1.jpg,https://dlt.by/image/catalog/easyphoto/1550/universalnyy-krestik-profi-level-master-50-sht-3.png,https://dlt.by/image/catalog/easyphoto/1550/universalnyy-krestik-profi-level-master-50-sht-6.jpg,https://dlt.by/image/catalog/easyphoto/1550/universalnyy-krestik-profi-level-master-50-sht-4.jpg,https://dlt.by/image/catalog/easyphoto/1550/universalnyy-krestik-profi-level-master-50-sht-7.jpg,https://dlt.by/image/catalog/easyphoto/1550/universalnyy-krestik-profi-level-master-50-sht-9.jpg,https://dlt.by/image/catalog/easyphoto/1550/universalnyy-krestik-profi-level-master-50-sht-10.jpg,https://dlt.by/image/catalog/easyphoto/1550/universalnyy-krestik-profi-level-master-50-sht-8.jpg,https://dlt.by/image/catalog/easyphoto/1550/universalnyy-krestik-profi-level-master-50-sht-13.jpg,https://dlt.by/image/catalog/easyphoto/1550/universalnyy-krestik-profi-level-master-50-sht-11.jpg,https://dlt.by/image/catalog/easyphoto/1550/universalnyy-krestik-profi-level-master-50-sht-12.jpg,https://dlt.by/image/catalog/easyphoto/1550/universalnyy-krestik-profi-level-master-50-sht-14.jpg,,,,,,,,,,,,,,,,,,,,,,,,,,,,,,,,"
"Инструмент для укладки PLM (малый, П-образный), (регулируемые щипцы), арт.1141",Система выравнивания плитки (СВП)>СВП Profi Level Master,1141,1 564.90,"https://dlt.by/image/catalog/easyphoto/1551/reguliruemye-shchiptsy-dlya-svp-profi-level-master-1.jpg,https://dlt.by/image/catalog/easyphoto/1551/reguliruemye-shchiptsy-dlya-svp-profi-level-master-2.jpg,https://dlt.by/image/catalog/easyphoto/1551/reguliruemye-shchiptsy-dlya-svp-profi-level-master-3.jpg,https://dlt.by/image/catalog/easyphoto/1551/reguliruemye-shchiptsy-dlya-svp-profi-level-master-4.jpg,https://dlt.by/image/catalog/easyphoto/1551/reguliruemye-shchiptsy-dlya-svp-profi-level-master-5.jpg,https://dlt.by/image/catalog/easyphoto/1551/reguliruemye-shchiptsy-dlya-svp-profi-level-master-6.jpg,https://dlt.by/image/catalog/easyphoto/1551/reguliruemye-shchiptsy-dlya-svp-profi-level-master-7.jpg,https://dlt.by/image/catalog/easyphoto/1551/reguliruemye-shchiptsy-dlya-svp-profi-level-master-8.jpg,https://dlt.by/image/catalog/easyphoto/1551/reguliruemye-shchiptsy-dlya-svp-profi-level-master-9.jpg,https://dlt.by/image/catalog/easyphoto/1551/reguliruemye-shchiptsy-dlya-svp-profi-level-master-10.jpg,https://dlt.by/image/catalog/easyphoto/1551/reguliruemye-shchiptsy-dlya-svp-profi-level-master-11.jpg,https://dlt.by/image/catalog/easyphoto/1551/reguliruemye-shchiptsy-dlya-svp-profi-level-master-12.jpg,https://dlt.by/image/catalog/easyphoto/1551/reguliruemye-shchiptsy-dlya-svp-profi-level-master-13.jpg,https://dlt.by/image/catalog/easyphoto/1551/reguliruemye-shchiptsy-dlya-svp-profi-level-master-14.jpg,,,,,,,,,,,,,,,,,,,,,,,,,,,,,,,,"
"Поршень DLT VSP-1 для помповой присоски (подходит для разных), арт.1215",Инструмент для укладки плитки>Присоски для плитки и стекла,1215,1 173.67,"https://dlt.by/image/catalog/easyphoto/1598/porshen-dlt-vsp-1-dlya-pompovoy-prisoski-podhodit-dlya-raznyh-3.jpg,https://dlt.by/image/catalog/easyphoto/1598/porshen-dlt-vsp-1-dlya-pompovoy-prisoski-podhodit-dlya-raznyh-4.jpg,https://dlt.by/image/catalog/easyphoto/1598/porshen-dlt-vsp-1-dlya-pompovoy-prisoski-podhodit-dlya-raznyh-5.jpg,https://dlt.by/image/catalog/easyphoto/1598/porshen-dlt-vsp-1-dlya-pompovoy-prisoski-podhodit-dlya-raznyh-6.jpg,https://dlt.by/image/catalog/easyphoto/1598/porshen-dlt-vsp-1-dlya-pompovoy-prisoski-podhodit-dlya-raznyh-7.jpg,https://dlt.by/image/catalog/easyphoto/1598/porshen-dlt-vsp-1-dlya-pompovoy-prisoski-podhodit-dlya-raznyh-8.jpg,https://dlt.by/image/catalog/easyphoto/1598/porshen-dlt-vsp-1-dlya-pompovoy-prisoski-podhodit-dlya-raznyh-9.jpg,https://dlt.by/image/catalog/easyphoto/1598/porshen-dlt-vsp-1-dlya-pompovoy-prisoski-podhodit-dlya-raznyh-10.jpg,https://dlt.by/image/catalog/easyphoto/1598/porshen-dlt-vsp-1-dlya-pompovoy-prisoski-podhodit-dlya-raznyh-1.jpg,https://dlt.by/image/catalog/easyphoto/1598/porshen-dlt-vsp-1-dlya-pompovoy-prisoski-podhodit-dlya-raznyh-2.jpg,,,,,,,,,,,,,,,,,,,,,,,,,,,,,,,,,,,,"
"Шаблон (кондуктор) для монтажа водорозеток INSTALLER L (740мм), арт.1196",Инструмент для укладки плитки>Шаблоны строительные,1196,3 912.25,"https://dlt.by/image/catalog/easyphoto/1591/shablon-dlya-montazha-vodorozetok-installer-l-740mm-1.jpg,https://dlt.by/image/catalog/easyphoto/1591/shablon-dlya-montazha-vodorozetok-installer-l-740mm-2.jpg,https://dlt.by/image/catalog/easyphoto/1591/shablon-dlya-montazha-vodorozetok-installer-l-740mm-3.jpg,https://dlt.by/image/catalog/easyphoto/1591/shablon-dlya-montazha-vodorozetok-installer-l-740mm-4.jpg,https://dlt.by/image/catalog/easyphoto/1591/shablon-dlya-montazha-vodorozetok-installer-l-740mm-5.jpg,https://dlt.by/image/catalog/easyphoto/1591/shablon-dlya-montazha-vodorozetok-installer-l-740mm-6.jpg,https://dlt.by/image/catalog/easyphoto/1591/shablon-dlya-montazha-vodorozetok-installer-l-740mm-7.jpg,https://dlt.by/image/catalog/easyphoto/1591/shablon-dlya-montazha-vodorozetok-installer-l-740mm-8.jpg,https://dlt.by/image/catalog/easyphoto/1591/shablon-dlya-montazha-vodorozetok-installer-l-740mm-9.jpg,https://dlt.by/image/catalog/easyphoto/1591/shablon-dlya-montazha-vodorozetok-installer-l-740mm-10.jpg,https://dlt.by/image/catalog/easyphoto/1591/shablon-dlya-montazha-vodorozetok-installer-l-740mm-11.jpg,https://dlt.by/image/catalog/easyphoto/1591/shablon-dlya-montazha-vodorozetok-installer-l-740mm-12.jpg,https://dlt.by/image/catalog/easyphoto/1591/shablon-dlya-montazha-vodorozetok-installer-l-740mm-13.jpg,https://dlt.by/image/catalog/easyphoto/1591/shablon-dlya-montazha-vodorozetok-installer-l-740mm-14.jpg,,,,,,,,,,,,,,,,,,,,,,,,,,,,,,,,"
"АГШК DLT №10, для сухой шлифовки, #30, 100мм, арт.1166",Инструмент для укладки плитки>Круг алмазный гибкий шлифовальный>АГШК #30,1166,511.60,"https://dlt.by/image/catalog/tovar/aghk_dlt/dlt_n10/zer_30/1.jpg,https://dlt.by/image/catalog/tovar/aghk_dlt/dlt_n10/zer_30/2.jpg,,,,,,,,,,,,,,,,,,,,,,,,,,,,,,,,,,,,,,,,,,,,"
"Запасной уплотнитель для присоски электрической GRABO PRO, арт.1447",Запчасти,1447,3 310.36,"https://dlt.by/image/catalog/tovar/grabo_nas/1.jpg,https://dlt.by/image/catalog/tovar/grabo_nas/2.jpg,https://dlt.by/image/catalog/tovar/grabo_nas/3.jpg,https://dlt.by/image/catalog/tovar/grabo_nas/z8a0220-scaled.jpg,,,,,,,,,,,,,,,,,,,,,,,,,,,,,,,,,,,,,,,,,,"
"АГШК DLT №10, для сухой шлифовки, #200, 100мм, арт.1185",Инструмент для укладки плитки>Круг алмазный гибкий шлифовальный>АГШК #200,1185,511.60,"https://dlt.by/image/catalog/tovar/aghk_dlt/dlt_n10/zer_200/1.jpg,https://dlt.by/image/catalog/tovar/aghk_dlt/dlt_n10/zer_200/2.jpg,,,,,,,,,,,,,,,,,,,,,,,,,,,,,,,,,,,,,,,,,,,,"
"Насадка для смесителя (миксера) BIHUI, арт.MPSC600",Малярный и штукатурный инструмент>Венчики и насадки строительные,MPSC600,1 083.39,"https://dlt.by/image/catalog/easyphoto/1603/nasadka-dlya-smesitelya-miksera-bihui-mpsc600-3.jpg,https://dlt.by/image/catalog/easyphoto/1603/nasadka-dlya-smesitelya-miksera-bihui-mpsc600-2.jpg,https://dlt.by/image/catalog/easyphoto/1603/nasadka-dlya-smesitelya-miksera-bihui-mpsc600-1.jpg,,,,,,,,,,,,,,,,,,,,,,,,,,,,,,,,,,,,,,,,,,,"
"Роликовый резец для плиткореза RUBI Ø8мм, арт.01942 ",Плиткорезы ручные>Аксессуары для ручных плиткорезов>Резцы,1942,1 053.30,"https://dlt.by/image/catalog/easyphoto/1694/rezets-dlya-plitkoreza-rubi-ref-01942-6.jpg,https://dlt.by/image/catalog/easyphoto/1694/rezets-dlya-plitkoreza-rubi-ref-01942-7.jpg,https://dlt.by/image/catalog/easyphoto/1694/rezets-dlya-plitkoreza-rubi-ref-01942-8.jpg,https://dlt.by/image/catalog/easyphoto/1694/rezets-dlya-plitkoreza-rubi-ref-01942-9.jpg,https://dlt.by/image/catalog/easyphoto/1694/rezets-dlya-plitkoreza-rubi-ref-01942-10.jpg,https://dlt.by/image/catalog/easyphoto/1694/rezets-dlya-plitkoreza-rubi-ref-01942-11.jpg,,,,,,,,,,,,,,,,,,,,,,,,,,,,,,,,,,,,,,,,"
"Электрический плиткорез Shijing 9261,(авто),рез до 1600мм с одной направляющей, арт.1274",Инструмент для укладки плитки>Плиткорезы электрические (камнерезы/мокрорезы),1274,120 376.90,"https://dlt.by/image/catalog/tovar/shijing-dlina-reza/kombinirovannye/1600-1000x1000.jpg,https://dlt.by/image/catalog/tovar/shijing_novi_keys/studio-session-059.jpg,https://dlt.by/image/catalog/tovar/shijing9011/1-1.jpg,https://dlt.by/image/catalog/tovar/shijing9011/1-2.jpg,https://dlt.by/image/catalog/tovar/shijing9011/1-3.jpg,https://dlt.by/image/catalog/tovar/shijing9011/1-4.jpg,https://dlt.by/image/catalog/tovar/shijing9011/1-5.jpg,https://dlt.by/image/catalog/tovar/shijing9011/1-6.jpg,https://dlt.by/image/catalog/tovar/shijing9011/1-7.jpg,https://dlt.by/image/catalog/tovar/shijing9011/1-8.jpg,https://dlt.by/image/catalog/tovar/shijing9011/0-02-0a-c75e5129fb88f5cf7fcd357e56f5e0a9fb8461619e3f17837bd0cb43b7b26d47_a75ac6b59aad28e6.jpg,https://dlt.by/image/catalog/tovar/shijing9011/4.jpg,https://dlt.by/image/catalog/tovar/shijing9011/5-1.jpg,https://dlt.by/image/catalog/tovar/shijing9011/6.png,https://dlt.by/image/catalog/tovar/shijing9011/7.png,https://dlt.by/image/catalog/tovar/shijing9011/8.png,https://dlt.by/image/catalog/tovar/shijing9011/8-1.png,https://dlt.by/image/catalog/tovar/shijing9011/9.png,https://dlt.by/image/catalog/tovar/shijing9011/10.png,https://dlt.by/image/catalog/tovar/shijing9011/11.png,https://dlt.by/image/catalog/tovar/shijing9011/12.jpg,https://dlt.by/image/catalog/tovar/shijing9011/13.png,https://dlt.by/image/catalog/tovar/shijing9011/14.png,https://dlt.by/image/catalog/tovar/shijing9011/14-1.png,https://dlt.by/image/catalog/tovar/shijing_laser/15-1000x1000.png,https://dlt.by/image/catalog/tovar/shijing9011/17.png,https://dlt.by/image/catalog/tovar/shijing9011/21.png,https://dlt.by/image/catalog/tovar/shijing9011/22.png,https://dlt.by/image/catalog/tovar/shijing9011/23.png,https://dlt.by/image/catalog/tovar/shijing9011/24.png,https://dlt.by/image/catalog/tovar/shijing9011/25.jpg,https://dlt.by/image/catalog/tovar/shijing9011/26.jpg,https://dlt.by/image/catalog/tovar/shijing9011/27.jpg,https://dlt.by/image/catalog/tovar/shijing9011/27-1.jpg,https://dlt.by/image/catalog/tovar/shijing_novi_keys/studio-session-051.jpg,https://dlt.by/image/catalog/tovar/shijing_novi_keys/studio-session-056.jpg,https://dlt.by/image/catalog/tovar/shijing9011/28.jpg,https://dlt.by/image/catalog/tovar/shijing9011/28-1.png,https://dlt.by/image/catalog/tovar/shijing9011/28-2.png,https://dlt.by/image/catalog/tovar/shijing9011/29.png,https://dlt.by/image/catalog/tovar/shijing9011/30.png,https://dlt.by/image/catalog/tovar/shijing9011/31.png,https://dlt.by/image/catalog/tovar/shijing9011/32.png,https://dlt.by/image/catalog/tovar/shijing9011/33.jpg,https://dlt.by/image/catalog/tovar/shijing9033/new_photo_06.10/new+/imja-fotosessii-005.jpg,https://dlt.by/image/catalog/tovar/shijing9033/new_photo_06.10/new+/imja-fotosessii-007.jpg"
"Электрический плиткорез Shijing 9251,(авто),рез до 1800мм с одной направляющей, арт.1342",Инструмент для укладки плитки>Плиткорезы электрические (камнерезы/мокрорезы),1342,135 424.02,"https://dlt.by/image/catalog/tovar/shijing-dlina-reza/kombinirovannye/1800-1000x1000.jpg,https://dlt.by/image/catalog/tovar/shijing_novi_keys/studio-session-059.jpg,https://dlt.by/image/catalog/tovar/shijing9011/1-1.jpg,https://dlt.by/image/catalog/tovar/shijing9011/1-2.jpg,https://dlt.by/image/catalog/tovar/shijing9011/1-3.jpg,https://dlt.by/image/catalog/tovar/shijing9011/1-4.jpg,https://dlt.by/image/catalog/tovar/shijing9011/1-5.jpg,https://dlt.by/image/catalog/tovar/shijing9011/1-6.jpg,https://dlt.by/image/catalog/tovar/shijing9011/1-7.jpg,https://dlt.by/image/catalog/tovar/shijing9011/1-8.jpg,https://dlt.by/image/catalog/tovar/shijing9011/0-02-0a-c75e5129fb88f5cf7fcd357e56f5e0a9fb8461619e3f17837bd0cb43b7b26d47_a75ac6b59aad28e6.jpg,https://dlt.by/image/catalog/tovar/shijing9011/3.jpg,https://dlt.by/image/catalog/tovar/shijing9011/4.jpg,https://dlt.by/image/catalog/tovar/shijing9011/5.jpg,https://dlt.by/image/catalog/tovar/shijing9011/5-1.jpg,https://dlt.by/image/catalog/tovar/shijing9011/6.png,https://dlt.by/image/catalog/tovar/shijing9011/7.png,https://dlt.by/image/catalog/tovar/shijing9011/8.png,https://dlt.by/image/catalog/tovar/shijing9011/8-1.png,https://dlt.by/image/catalog/tovar/shijing9011/9.png,https://dlt.by/image/catalog/tovar/shijing9011/10.png,https://dlt.by/image/catalog/tovar/shijing9011/11.png,https://dlt.by/image/catalog/tovar/shijing9011/12.jpg,https://dlt.by/image/catalog/tovar/shijing9011/13.png,https://dlt.by/image/catalog/tovar/shijing9011/14.png,https://dlt.by/image/catalog/tovar/shijing9011/14-1.png,https://dlt.by/image/catalog/tovar/shijing_laser/15-1000x1000.png,https://dlt.by/image/catalog/tovar/shijing9011/17.png,https://dlt.by/image/catalog/tovar/shijing9011/21.png,https://dlt.by/image/catalog/tovar/shijing9011/22.png,https://dlt.by/image/catalog/tovar/shijing9011/23.png,https://dlt.by/image/catalog/tovar/shijing9011/24.png,https://dlt.by/image/catalog/tovar/shijing9011/25.jpg,https://dlt.by/image/catalog/tovar/shijing9011/26.jpg,https://dlt.by/image/catalog/tovar/shijing9011/27.jpg,https://dlt.by/image/catalog/tovar/shijing9011/27-1.jpg,https://dlt.by/image/catalog/tovar/shijing_novi_keys/studio-session-051.jpg,https://dlt.by/image/catalog/tovar/shijing_novi_keys/studio-session-056.jpg,https://dlt.by/image/catalog/tovar/shijing9011/28.jpg,https://dlt.by/image/catalog/tovar/shijing9011/28-1.png,https://dlt.by/image/catalog/tovar/shijing9011/28-2.png,https://dlt.by/image/catalog/tovar/shijing9011/29.png,https://dlt.by/image/catalog/tovar/shijing9011/30.png,https://dlt.by/image/catalog/tovar/shijing9011/31.png,https://dlt.by/image/catalog/tovar/shijing9011/32.png,https://dlt.by/image/catalog/tovar/shijing9011/33.jpg"
"Ящик для инструментов Tactix, арт.320361,серия PRO",Ящики для инструмента. Модульные системы.,320361 (Tactix)	,7 674.03,"https://dlt.by/image/catalog/tovar/320361/1.jpg,https://dlt.by/image/catalog/tovar/320361/2.jpeg,https://dlt.by/image/catalog/tovar/320361/3.jpg,https://dlt.by/image/catalog/tovar/320361/4.jpg,https://dlt.by/image/catalog/tovar/320361/5.jpg,https://dlt.by/image/catalog/tovar/320361/6.jpg,https://dlt.by/image/catalog/tovar/320361/7.jpg,https://dlt.by/image/catalog/tovar/320361/8.jpg,https://dlt.by/image/catalog/tovar/320361/9.jpg,https://dlt.by/image/catalog/tovar/320361/10.jpg,https://dlt.by/image/catalog/tovar/320361/11.jpg,https://dlt.by/image/catalog/tovar/320361/12.jpg,https://dlt.by/image/catalog/tovar/320361/13.jpg,https://dlt.by/image/catalog/tovar/320361/14.jpg,https://dlt.by/image/catalog/tovar/320361/15.jpg,https://dlt.by/image/catalog/tovar/320361/16.jpg,,,,,,,,,,,,,,,,,,,,,,,,,,,,,,"
"Слайдер DLT power PRO (45°, 90°, 180°) для плиткореза DLT MAXSLim, арт.1389",Инструмент для укладки плитки>Плиткорезы электрические (камнерезы/мокрорезы),1389,37 617.78,"https://dlt.by/image/catalog/easyphoto/1760/slayder-dlt-power-pro-45-90-180-dlya-plitkoreza-dlt-maxslim-art-1389-15.jpg,https://dlt.by/image/catalog/easyphoto/1760/slayder-dlt-power-pro-45-90-180-dlya-plitkoreza-dlt-maxslim-art-1389-32.jpg,https://dlt.by/image/catalog/easyphoto/1760/slayder-dlt-power-pro-45-90-180-dlya-plitkoreza-dlt-maxslim-art-1389-17.jpg,https://dlt.by/image/catalog/easyphoto/1760/slayder-dlt-power-pro-45-90-180-dlya-plitkoreza-dlt-maxslim-art-1389-18.jpg,https://dlt.by/image/catalog/easyphoto/1760/slayder-dlt-power-pro-45-90-180-dlya-plitkoreza-dlt-maxslim-art-1389-19.jpg,https://dlt.by/image/catalog/easyphoto/1760/slayder-dlt-power-pro-45-90-180-dlya-plitkoreza-dlt-maxslim-art-1389-20.jpg,https://dlt.by/image/catalog/easyphoto/1760/slayder-dlt-power-pro-45-90-180-dlya-plitkoreza-dlt-maxslim-art-1389-21.jpg,https://dlt.by/image/catalog/easyphoto/1760/slayder-dlt-power-pro-45-90-180-dlya-plitkoreza-dlt-maxslim-art-1389-22.jpg,https://dlt.by/image/catalog/easyphoto/1760/slayder-dlt-power-pro-45-90-180-dlya-plitkoreza-dlt-maxslim-art-1389-23.jpg,https://dlt.by/image/catalog/easyphoto/1760/slayder-dlt-power-pro-45-90-180-dlya-plitkoreza-dlt-maxslim-art-1389-24.jpg,https://dlt.by/image/catalog/easyphoto/1760/slayder-dlt-power-pro-45-90-180-dlya-plitkoreza-dlt-maxslim-art-1389-25.jpg,https://dlt.by/image/catalog/easyphoto/1760/slayder-dlt-power-pro-45-90-180-dlya-plitkoreza-dlt-maxslim-art-1389-26.jpg,https://dlt.by/image/catalog/easyphoto/1760/slayder-dlt-power-pro-45-90-180-dlya-plitkoreza-dlt-maxslim-art-1389-27.jpg,https://dlt.by/image/catalog/easyphoto/1760/slayder-dlt-power-pro-45-90-180-dlya-plitkoreza-dlt-maxslim-art-1389-28.jpg,https://dlt.by/image/catalog/easyphoto/1760/slayder-dlt-power-pro-45-90-180-dlya-plitkoreza-dlt-maxslim-art-1389-29.jpg,https://dlt.by/image/catalog/easyphoto/1760/slayder-dlt-power-pro-45-90-180-dlya-plitkoreza-dlt-maxslim-art-1389-30.jpg,https://dlt.by/image/catalog/easyphoto/1760/slayder-dlt-power-pro-45-90-180-dlya-plitkoreza-dlt-maxslim-art-1389-31.jpg,,,,,,,,,,,,,,,,,,,,,,,,,,,,,"
"Зажим (СВП) SVP-PROFI mini (0,7 мм) 100 шт ПЛАСТИК РУСИ, арт.1228",Инструмент для укладки плитки>Система выравнивания плитки (СВП),1228,276.87,"https://dlt.by/image/catalog/easyphoto/1623/zazhim-svp-profi-mini-0-7-mm-100-sht-plastik-rusi-5.jpg,https://dlt.by/image/catalog/easyphoto/1623/zazhim-svp-profi-mini-0-7-mm-100-sht-plastik-russi-3.jpg,https://dlt.by/image/catalog/easyphoto/1623/zazhim-svp-profi-mini-0-7-mm-100-sht-plastik-russi-4.jpg,https://dlt.by/image/catalog/easyphoto/1623/zazhim-svp-profi-mini-0-7-mm-100-sht-plastik-russi-1.jpg,,,,,,,,,,,,,,,,,,,,,,,,,,,,,,,,,,,,,,,,,,"
"Регулируемые щипцы для СВП универсальные металл ПЛАСТИК РУСИ, арт.1245",Инструмент для укладки плитки>Система выравнивания плитки (СВП),1245,1 799.63,"https://dlt.by/image/catalog/easyphoto/1624/reguliruemye-shchiptsy-dlya-svp-universalnye-metall-plastik-rusi-14.jpg,https://dlt.by/image/catalog/easyphoto/1624/reguliruemye-shchiptsy-dlya-svp-universalnye-metall-plastik-rusi-9.jpg,https://dlt.by/image/catalog/easyphoto/1624/reguliruemye-shchiptsy-dlya-svp-universalnye-metall-plastik-rusi-10.jpg,https://dlt.by/image/catalog/easyphoto/1624/reguliruemye-shchiptsy-dlya-svp-universalnye-metall-plastik-russi-6.jpg,https://dlt.by/image/catalog/easyphoto/1624/reguliruemye-shchiptsy-dlya-svp-universalnye-metall-plastik-russi-4.jpg,https://dlt.by/image/catalog/easyphoto/1624/reguliruemye-shchiptsy-dlya-svp-universalnye-metall-plastik-russi-5.jpg,,,,,,,,,,,,,,,,,,,,,,,,,,,,,,,,,,,,,,,,"
"Клин (СВП) SVP-PROFI mini (П) 200 шт ПЛАСТИК РУСИ, арт.1239",Инструмент для укладки плитки>Система выравнивания плитки (СВП),1239,782.45,"https://dlt.by/image/catalog/easyphoto/1625/klin-svp-profi-mini-p-200-sht-plastik-russi-6.jpeg,https://dlt.by/image/catalog/easyphoto/1625/klin-svp-profi-mini-p-100-sht-plastik-russi-3.jpg,https://dlt.by/image/catalog/easyphoto/1625/klin-svp-profi-mini-p-100-sht-plastik-russi-4.jpg,https://dlt.by/image/catalog/easyphoto/1625/klin-svp-profi-mini-p-100-sht-plastik-russi-1.jpg,,,,,,,,,,,,,,,,,,,,,,,,,,,,,,,,,,,,,,,,,,"
"Маяк для наливного пола ПЛАСТИК РУСИ (40 шт.), арт.2621",Инструмент для укладки плитки>Система выравнивания плитки (СВП),2621,481.51,"https://dlt.by/image/catalog/easyphoto/1626/mayak-dlya-np-50-sht-plastik-russi-1.jpg,,,,,,,,,,,,,,,,,,,,,,,,,,,,,,,,,,,,,,,,,,,,,"
"Зажим (СВП) SVP-PROFI mini (0,7 мм) 500 шт ПЛАСТИК РУСИ, арт.1229",Инструмент для укладки плитки>Система выравнивания плитки (СВП),1229,1 083.39,"https://dlt.by/image/catalog/easyphoto/1627/zazhim-svp-profi-mini-0-7-mm-500-sht-plastik-rusi-5.jpg,https://dlt.by/image/catalog/easyphoto/1627/zazhim-svp-profi-mini-0-7-mm-500-sht-plastik-russi-3.jpg,https://dlt.by/image/catalog/easyphoto/1627/zazhim-svp-profi-mini-0-7-mm-500-sht-plastik-russi-4.jpg,https://dlt.by/image/catalog/easyphoto/1627/zazhim-svp-profi-mini-0-7-mm-500-sht-plastik-russi-1.jpg,,,,,,,,,,,,,,,,,,,,,,,,,,,,,,,,,,,,,,,,,,"
"Клин (СВП) SVP-PROFI mini (П) 100 шт ПЛАСТИК РУСИ, арт.1238",Инструмент для укладки плитки>Система выравнивания плитки (СВП),1238,421.32,"https://dlt.by/image/catalog/easyphoto/1628/klin-svp-profi-mini-p-100-sht-plastik-russi-2.jpeg,https://dlt.by/image/catalog/easyphoto/1628/klin-svp-profi-mini-p-100-sht-plastik-russi-3.jpg,https://dlt.by/image/catalog/easyphoto/1628/klin-svp-profi-mini-p-100-sht-plastik-russi-4.jpg,https://dlt.by/image/catalog/easyphoto/1628/klin-svp-profi-mini-p-100-sht-plastik-russi-1.jpg,,,,,,,,,,,,,,,,,,,,,,,,,,,,,,,,,,,,,,,,,,"
"Набор (СВП) PROFI mini (0,7 мм) 50шт. БЦ + Клин PROFI mini (П) 50шт ПЛАСТИК РУСИ, арт.1242",Инструмент для укладки плитки>Система выравнивания плитки (СВП),1242,306.96,"https://dlt.by/image/catalog/easyphoto/1629/nabor-profi-mini-0-7-mm-50sht-bts-klin-profi-mini-p-50sht-plastik-rusi-5.jpg,https://dlt.by/image/catalog/easyphoto/1629/nabor-profi-mini-0-7-mm-50sht-bts-klin-profi-mini-p-50sht-plastik-russi-3.jpg,https://dlt.by/image/catalog/easyphoto/1629/nabor-profi-mini-0-7-mm-50sht-bts-klin-profi-mini-p-50sht-plastik-russi-4.jpg,https://dlt.by/image/catalog/easyphoto/1629/nabor-profi-mini-0-7-mm-50sht-bts-klin-profi-mini-p-50sht-plastik-russi-1.jpg,,,,,,,,,,,,,,,,,,,,,,,,,,,,,,,,,,,,,,,,,,"
"Зажим (СВП) SVP-PROFI mini (1 мм) 100 шт ПЛАСТИК РУСИ, арт.1230",Инструмент для укладки плитки>Система выравнивания плитки (СВП),1230,276.87,"https://dlt.by/image/catalog/easyphoto/1630/zazhim-svp-profi-mini-1-mm-100-sht-plastik-rusi-5.jpg,https://dlt.by/image/catalog/easyphoto/1630/zazhim-svp-profi-mini-1-mm-100-sht-plastik-russi-3.jpg,https://dlt.by/image/catalog/easyphoto/1630/zazhim-svp-profi-mini-1-mm-100-sht-plastik-russi-1.jpg,https://dlt.by/image/catalog/easyphoto/1630/zazhim-svp-profi-mini-1-mm-100-sht-plastik-russi-4.jpg,,,,,,,,,,,,,,,,,,,,,,,,,,,,,,,,,,,,,,,,,,"
"Зажим (СВП) SVP-PROFI mini (1 мм) 500 шт ПЛАСТИК РУСИ, арт.1231",Инструмент для укладки плитки>Система выравнивания плитки (СВП),1231,1 083.39,"https://dlt.by/image/catalog/easyphoto/1631/zazhim-svp-profi-mini-1-mm-500-sht-plastik-rusi-9.jpg,https://dlt.by/image/catalog/easyphoto/1631/zazhim-svp-profi-mini-1-4-mm-100-sht-plastik-russi-8.jpg,https://dlt.by/image/catalog/easyphoto/1631/zazhim-svp-profi-mini-1-4-mm-100-sht-plastik-russi-6.jpg,https://dlt.by/image/catalog/easyphoto/1631/zazhim-svp-profi-mini-1-4-mm-100-sht-plastik-russi-5.jpg,https://dlt.by/image/catalog/easyphoto/1631/zazhim-svp-profi-mini-1-4-mm-100-sht-plastik-russi-7.jpg,,,,,,,,,,,,,,,,,,,,,,,,,,,,,,,,,,,,,,,,,"
"Зажим (СВП) SVP-PROFI mini (1,4 мм) 100 шт ПЛАСТИК РУСИ, арт.1232",Инструмент для укладки плитки>Система выравнивания плитки (СВП),1232,276.87,"https://dlt.by/image/catalog/easyphoto/1632/zazhim-svp-profi-mini-1-4-mm-100-sht-plastik-rusi-5.jpg,https://dlt.by/image/catalog/easyphoto/1632/zazhim-svp-profi-mini-1-4-mm-100-sht-plastik-russi-2.jpg,https://dlt.by/image/catalog/easyphoto/1632/zazhim-svp-profi-mini-1-4-mm-100-sht-plastik-russi-3.jpg,https://dlt.by/image/catalog/easyphoto/1632/zazhim-svp-profi-mini-1-4-mm-100-sht-plastik-russi-1.jpg,,,,,,,,,,,,,,,,,,,,,,,,,,,,,,,,,,,,,,,,,,"
"Зажим (СВП) SVP-PROFI mini (1,4 мм) 500 шт ПЛАСТИК РУСИ, арт.1233",Инструмент для укладки плитки>Система выравнивания плитки (СВП),1233,1 053.30,"https://dlt.by/image/catalog/easyphoto/1633/zazhim-svp-profi-mini-1-4-mm-500-sht-plastik-rusi-5.jpg,https://dlt.by/image/catalog/easyphoto/1633/zazhim-svp-profi-mini-1-4-mm-500-sht-plastik-russi-3.jpg,https://dlt.by/image/catalog/easyphoto/1633/zazhim-svp-profi-mini-1-4-mm-500-sht-plastik-russi-4.jpg,https://dlt.by/image/catalog/easyphoto/1633/zazhim-svp-profi-mini-1-4-mm-500-sht-plastik-russi-1.jpg,,,,,,,,,,,,,,,,,,,,,,,,,,,,,,,,,,,,,,,,,,"
"Зажим (СВП) Кольцо (1,5 мм) 100 шт ПЛАСТИК РУСИ, арт.1234",Инструмент для укладки плитки>Система выравнивания плитки (СВП),1234,246.77,"https://dlt.by/image/catalog/easyphoto/1636/zazhim-svp-koltso-1-5-mm-100-sht-plastik-rusi-2.jpg,,,,,,,,,,,,,,,,,,,,,,,,,,,,,,,,,,,,,,,,,,,,,"
"Зажим (СВП) Стандарт (1,5 мм) 100 шт ПЛАСТИК РУСИ, арт.1237",Инструмент для укладки плитки>Система выравнивания плитки (СВП),1237,246.77,"https://dlt.by/image/catalog/easyphoto/1642/zazhim-svp-standart-1-5-mm-100-sht-plastik-rusi-2.jpg,,,,,,,,,,,,,,,,,,,,,,,,,,,,,,,,,,,,,,,,,,,,,"
"Зажим (СВП) Кольцо (1,5 мм) 500 шт ПЛАСТИК РУСИ, арт.1235",Инструмент для укладки плитки>Система выравнивания плитки (СВП),1235,993.11,"https://dlt.by/image/catalog/easyphoto/1641/zazhim-svp-koltso-1-5-mm-500-sht-plastik-rusi-1.jpg,,,,,,,,,,,,,,,,,,,,,,,,,,,,,,,,,,,,,,,,,,,,,"
"Зажим (СВП) СВП Стандарт (1,5 мм) 500 шт ПЛАСТИК РУСИ, арт.1236",Инструмент для укладки плитки>Система выравнивания плитки (СВП),1236,812.54,"https://dlt.by/image/catalog/easyphoto/1640/zazhim-svp-standart-1-5-mm-500-sht-plastik-rusi-3.jpg,,,,,,,,,,,,,,,,,,,,,,,,,,,,,,,,,,,,,,,,,,,,,"
"Клин СВП (П) 200шт ПЛАСТИК РУСИ, арт.1240",Инструмент для укладки плитки>Система выравнивания плитки (СВП),1240,1 113.49,"https://dlt.by/image/catalog/easyphoto/1643/klin-svp-p-200sht-plastik-rusi-3.jpg,,,,,,,,,,,,,,,,,,,,,,,,,,,,,,,,,,,,,,,,,,,,,"
"Набор (СВП) PROFI mini (1,0 мм) 50шт. БЦ + Клин PROFI mini (П) 50шт ПЛАСТИК РУСИ, арт.1243",Инструмент для укладки плитки>Система выравнивания плитки (СВП),1243,337.06,"https://dlt.by/image/catalog/easyphoto/1644/nabor-profi-mini-1-0-mm-50sht-bts-klin-profi-mini-p-50sht-plastik-rusi-5.jpg,https://dlt.by/image/catalog/easyphoto/1644/nabor-profi-mini-1-0-mm-50sht-bts-klin-profi-mini-p-50sht-plastik-russi-3.jpg,https://dlt.by/image/catalog/easyphoto/1644/nabor-profi-mini-1-0-mm-50sht-bts-klin-profi-mini-p-50sht-plastik-russi-4.jpg,https://dlt.by/image/catalog/easyphoto/1644/nabor-profi-mini-1-0-mm-50sht-bts-klin-profi-mini-p-50sht-plastik-russi-1.jpg,,,,,,,,,,,,,,,,,,,,,,,,,,,,,,,,,,,,,,,,,,"
"Набор (СВП) PROFI mini (1,4 мм) 50шт. БЦ СФ + Клин PROFI mini (П) 50шт, арт.1244",Инструмент для укладки плитки>Система выравнивания плитки (СВП),1244,337.06,"https://dlt.by/image/catalog/easyphoto/1645/nabor-profi-mini-1-4-mm-50sht-bts-sf-klin-profi-mini-p-50sht-5.jpg,https://dlt.by/image/catalog/easyphoto/1645/nabor-profi-mini-1-4-mm-50sht-bts-sf-klin-profi-mini-p-50sht-4.jpg,https://dlt.by/image/catalog/easyphoto/1645/nabor-profi-mini-1-4-mm-50sht-bts-sf-klin-profi-mini-p-50sht-2.jpg,https://dlt.by/image/catalog/easyphoto/1645/nabor-profi-mini-1-4-mm-50sht-bts-sf-klin-profi-mini-p-50sht-3.jpg,,,,,,,,,,,,,,,,,,,,,,,,,,,,,,,,,,,,,,,,,,"
"Присоска DLT VST-200 для рельефной плитки с АВТО подкачкой, арт.1260",Инструмент для укладки плитки>Присоски для плитки и стекла>Электрические присоски и поршни,1260,5 266.49,"https://dlt.by/image/catalog/easyphoto/1658/alt_prisoska-dlt-vst-200-dlya-relefnoy-plitki-s-avto-podkachkoy-11.jpg,https://dlt.by/image/catalog/easyphoto/1658/prisoska-dlt-vst-200-dlya-relefnoy-plitki-s-avto-podkachkoy-22.jpg,https://dlt.by/image/catalog/easyphoto/1658/prisoska-dlt-vst-200-dlya-relefnoy-plitki-s-avto-podkachkoy-14.jpg,https://dlt.by/image/catalog/easyphoto/1658/prisoska-dlt-vst-200-dlya-relefnoy-plitki-s-avto-podkachkoy-15.jpg,https://dlt.by/image/catalog/easyphoto/1658/prisoska-dlt-vst-200-dlya-relefnoy-plitki-s-avto-podkachkoy-16.jpg,https://dlt.by/image/catalog/easyphoto/1658/prisoska-dlt-vst-200-dlya-relefnoy-plitki-s-avto-podkachkoy-17.jpg,https://dlt.by/image/catalog/easyphoto/1658/prisoska-dlt-vst-200-dlya-relefnoy-plitki-s-avto-podkachkoy-18.jpg,https://dlt.by/image/catalog/easyphoto/1658/prisoska-dlt-vst-200-dlya-relefnoy-plitki-s-avto-podkachkoy-19.jpg,https://dlt.by/image/catalog/easyphoto/1658/prisoska-dlt-vst-200-dlya-relefnoy-plitki-s-avto-podkachkoy-8.jpg,https://dlt.by/image/catalog/easyphoto/1658/prisoska-dlt-vst-200-dlya-relefnoy-plitki-s-avto-podkachkoy-12.jpg,,,,,,,,,,,,,,,,,,,,,,,,,,,,,,,,,,,,"
"Пленка защитная, для ламп Lossew, арт.1148",Лампы маляра,1148,156.49,"https://dlt.by/image/catalog/easyphoto/1646/svetilnik-obshchego-sveta-i-dlya-pokrasochnyh-rabot-lossew-lamp-c1-pro-1.jpg,,,,,,,,,,,,,,,,,,,,,,,,,,,,,,,,,,,,,,,,,,,,,"
"Пленка защитная С1, для ламп Lossew С1, арт.1147",Лампы маляра,1147,306.96,"https://dlt.by/image/catalog/easyphoto/1647/plenka-zashchitnaya-dlya-lamp-lossew-1.jpg,,,,,,,,,,,,,,,,,,,,,,,,,,,,,,,,,,,,,,,,,,,,,"
"Плиткорез механический DLT Optima-800, (версия Plus), рез до 800мм, арт.1093",Плиткорезы ручные>Плиткорезы DLT,1093,13 542.40,"https://dlt.by/image/catalog/easyphoto/1657/plitkorez-mehanicheskiy-dlt-optima-plus-800-rez-do-800mm-2.jpg,https://dlt.by/image/catalog/easyphoto/1657/plitkorez-mehanicheskiy-dlt-optima-plus-800-rez-do-800mm-3.jpg,https://dlt.by/image/catalog/easyphoto/1657/plitkorez-mehanicheskiy-dlt-optima-plus-800-rez-do-800mm-4.jpg,https://dlt.by/image/catalog/easyphoto/1657/plitkorez-mehanicheskiy-dlt-optima-plus-800-rez-do-800mm-5.jpg,https://dlt.by/image/catalog/easyphoto/1657/plitkorez-mehanicheskiy-dlt-optima-plus-800-rez-do-800mm-6.jpg,https://dlt.by/image/catalog/easyphoto/1657/plitkorez-mehanicheskiy-dlt-optima-plus-800-rez-do-800mm-7.jpg,https://dlt.by/image/catalog/easyphoto/1657/plitkorez-mehanicheskiy-dlt-optima-plus-800-rez-do-800mm-8.jpg,https://dlt.by/image/catalog/easyphoto/1657/plitkorez-mehanicheskiy-dlt-optima-plus-800-rez-do-800mm-9.jpg,https://dlt.by/image/catalog/easyphoto/1657/plitkorez-mehanicheskiy-dlt-optima-plus-800-rez-do-800mm-10.jpg,https://dlt.by/image/catalog/easyphoto/1657/plitkorez-mehanicheskiy-dlt-optima-plus-800-rez-do-800mm-11.jpg,https://dlt.by/image/catalog/easyphoto/1657/plitkorez-mehanicheskiy-dlt-optima-plus-800-rez-do-800mm-13.jpg,https://dlt.by/image/catalog/easyphoto/1657/plitkorez-mehanicheskiy-dlt-optima-plus-800-rez-do-800mm-14.jpg,https://dlt.by/image/catalog/easyphoto/1657/plitkorez-mehanicheskiy-dlt-optima-plus-800-rez-do-800mm-15.jpg,https://dlt.by/image/catalog/easyphoto/1657/plitkorez-mehanicheskiy-dlt-optima-plus-800-rez-do-800mm-16.jpg,https://dlt.by/image/catalog/easyphoto/1657/plitkorez-mehanicheskiy-dlt-optima-plus-800-rez-do-800mm-17.jpg,,,,,,,,,,,,,,,,,,,,,,,,,,,,,,,"
"Заусовщик для запила плитки под 45 градусов (универсальный), PRO версия, арт.1256",Плиткорезы электрические (камнерезы/мокрорезы)>Плиткорезы DLT,1256,12 037.69,"https://dlt.by/image/catalog/tovar/1256/1.jpg,https://dlt.by/image/catalog/tovar/1256/2.jpg,https://dlt.by/image/catalog/tovar/1256/3.jpg,https://dlt.by/image/catalog/tovar/1256/4.jpg,https://dlt.by/image/catalog/tovar/1256/5.jpg,https://dlt.by/image/catalog/tovar/1256/6.jpg,https://dlt.by/image/catalog/tovar/1256/7.jpg,https://dlt.by/image/catalog/tovar/1256/8.jpg,https://dlt.by/image/catalog/tovar/1256/10.jpg,,,,,,,,,,,,,,,,,,,,,,,,,,,,,,,,,,,,,"
"Плиткорез механический DLT Optima-1200, (версия Plus), рез до 1200мм, арт.1094",Плиткорезы ручные>Плиткорезы DLT,1094,17 906.06,"https://dlt.by/image/catalog/easyphoto/1654/plitkorez-mehanicheskiy-dlt-optima-plus-1200-rez-do-1200mm-17.jpg,https://dlt.by/image/catalog/easyphoto/1654/plitkorez-mehanicheskiy-dlt-optima-plus-1200-rez-do-1200mm-18.jpg,https://dlt.by/image/catalog/easyphoto/1654/plitkorez-mehanicheskiy-dlt-optima-plus-1200-rez-do-1200mm-19.jpg,https://dlt.by/image/catalog/easyphoto/1654/plitkorez-mehanicheskiy-dlt-optima-plus-1200-rez-do-1200mm-20.jpg,https://dlt.by/image/catalog/easyphoto/1654/plitkorez-mehanicheskiy-dlt-optima-plus-1200-rez-do-1200mm-21.jpg,https://dlt.by/image/catalog/easyphoto/1654/plitkorez-mehanicheskiy-dlt-optima-plus-1200-rez-do-1200mm-22.jpg,https://dlt.by/image/catalog/easyphoto/1654/plitkorez-mehanicheskiy-dlt-optima-plus-1200-rez-do-1200mm-7.jpg,https://dlt.by/image/catalog/easyphoto/1654/plitkorez-mehanicheskiy-dlt-optima-plus-1200-rez-do-1200mm-8.jpg,https://dlt.by/image/catalog/easyphoto/1654/plitkorez-mehanicheskiy-dlt-optima-plus-1200-rez-do-1200mm-10.jpg,https://dlt.by/image/catalog/easyphoto/1654/plitkorez-mehanicheskiy-dlt-optima-plus-1200-rez-do-1200mm-11.jpg,https://dlt.by/image/catalog/easyphoto/1654/plitkorez-mehanicheskiy-dlt-optima-plus-1200-rez-do-1200mm-13.jpg,https://dlt.by/image/catalog/easyphoto/1654/plitkorez-mehanicheskiy-dlt-optima-plus-1200-rez-do-1200mm-9.jpg,https://dlt.by/image/catalog/easyphoto/1654/plitkorez-mehanicheskiy-dlt-optima-plus-1200-rez-do-1200mm-14.jpg,https://dlt.by/image/catalog/easyphoto/1654/plitkorez-mehanicheskiy-dlt-optima-plus-1200-rez-do-1200mm-15.jpg,https://dlt.by/image/catalog/easyphoto/1654/plitkorez-mehanicheskiy-dlt-optima-plus-1200-rez-do-1200mm-16.jpg,,,,,,,,,,,,,,,,,,,,,,,,,,,,,,,"
"Плиткорез механический DLT Slim Cutter MAX-Plus 3.8м, арт.1263",Плиткорезы ручные>Плиткорезы DLT,1263,31 598.94,"https://dlt.by/image/catalog/easyphoto/1660/plitkorez-mehanicheskiy-dlt-slim-cutter-max-plus-3-8m-31.jpg,https://dlt.by/image/catalog/easyphoto/1660/plitkorez-mehanicheskiy-dlt-slim-cutter-max-plus-3-8m-32.jpg,https://dlt.by/image/catalog/easyphoto/1660/plitkorez-mehanicheskiy-dlt-slim-cutter-max-plus-3-8m-33.jpg,https://dlt.by/image/catalog/easyphoto/1660/plitkorez-mehanicheskiy-dlt-slim-cutter-max-plus-3-8m-34.jpg,https://dlt.by/image/catalog/easyphoto/1660/plitkorez-mehanicheskiy-dlt-slim-cutter-max-plus-3-8m-35.jpg,https://dlt.by/image/catalog/easyphoto/1660/plitkorez-mehanicheskiy-dlt-slim-cutter-max-plus-3-8m-36.jpg,https://dlt.by/image/catalog/easyphoto/1660/plitkorez-mehanicheskiy-dlt-slim-cutter-max-plus-3-8m-37.jpg,https://dlt.by/image/catalog/easyphoto/1660/plitkorez-mehanicheskiy-dlt-slim-cutter-max-plus-3-8m-38.jpg,https://dlt.by/image/catalog/easyphoto/1660/plitkorez-mehanicheskiy-dlt-slim-cutter-max-plus-3-8m-39.jpg,https://dlt.by/image/catalog/easyphoto/1660/plitkorez-mehanicheskiy-dlt-slim-cutter-max-plus-3-8m-40.jpg,https://dlt.by/image/catalog/easyphoto/1660/plitkorez-mehanicheskiy-dlt-slim-cutter-max-plus-3-8m-41.jpg,https://dlt.by/image/catalog/easyphoto/1660/plitkorez-mehanicheskiy-dlt-slim-cutter-max-plus-3-8m-42.jpg,https://dlt.by/image/catalog/easyphoto/1660/plitkorez-mehanicheskiy-dlt-slim-cutter-max-plus-3-8m-43.jpg,https://dlt.by/image/catalog/easyphoto/1660/plitkorez-mehanicheskiy-dlt-slim-cutter-max-plus-3-8m-44.jpg,https://dlt.by/image/catalog/easyphoto/1660/plitkorez-mehanicheskiy-dlt-slim-cutter-max-plus-3-8m-45.jpg,https://dlt.by/image/catalog/easyphoto/1660/plitkorez-mehanicheskiy-dlt-slim-cutter-max-plus-3-8m-46.jpg,https://dlt.by/image/catalog/easyphoto/1660/plitkorez-mehanicheskiy-dlt-slim-cutter-max-plus-3-8m-47.jpg,https://dlt.by/image/catalog/easyphoto/1660/plitkorez-mehanicheskiy-dlt-slim-cutter-max-plus-3-8m-48.jpg,https://dlt.by/image/catalog/easyphoto/1660/plitkorez-mehanicheskiy-dlt-slim-cutter-max-plus-3-8m-49.jpg,https://dlt.by/image/catalog/easyphoto/1660/plitkorez-mehanicheskiy-dlt-slim-cutter-max-plus-3-8m-50.jpg,https://dlt.by/image/catalog/easyphoto/1660/plitkorez-mehanicheskiy-dlt-slim-cutter-max-plus-3-8m-51.jpg,https://dlt.by/image/catalog/easyphoto/1660/plitkorez-mehanicheskiy-dlt-slim-cutter-max-plus-3-8m-52.jpg,https://dlt.by/image/catalog/easyphoto/1660/plitkorez-mehanicheskiy-dlt-slim-cutter-max-plus-3-8m-53.jpg,https://dlt.by/image/catalog/easyphoto/1660/plitkorez-mehanicheskiy-dlt-slim-cutter-max-plus-3-8m-54.jpg,,,,,,,,,,,,,,,,,,,,,,"
"Переходник-адаптер для проявочных ламп маляра Lossew, арт.1222",Переходники и адаптеры,1222,1 053.30,"https://dlt.by/image/catalog/easyphoto/1718/alt_perehodnik-adapter-dlya-proyavochnyh-lamp-malyara-lossew-8.jpg,https://dlt.by/image/catalog/easyphoto/1718/perehodnik-adapter-dlya-proyavochnyh-lamp-malyara-lossew-9.jpg,https://dlt.by/image/catalog/easyphoto/1718/perehodnik-adapter-dlya-proyavochnyh-lamp-malyara-lossew-10.jpg,https://dlt.by/image/catalog/easyphoto/1718/perehodnik-adapter-dlya-proyavochnyh-lamp-malyara-lossew-11.jpg,,,,,,,,,,,,,,,,,,,,,,,,,,,,,,,,,,,,,,,,,,"
"Система ручной резки для широкоформатной плиты BIHUI, арт.LFMCS New",Плиткорезы ручные>Плиткорезы для крупноформатной плитки,LFMCS New,45 321.90,"https://dlt.by/image/catalog/tovar/lfmcs/new/new/1.jpg,https://dlt.by/image/catalog/tovar/lfmcs/new/new/2.jpg,https://dlt.by/image/catalog/tovar/lfmcs/new/new/3.jpg,https://dlt.by/image/catalog/tovar/lfmcs/new/new/4.jpg,https://dlt.by/image/catalog/tovar/lfmcs/new/new/5.jpg,https://dlt.by/image/catalog/tovar/lfmcs/new/new/6.jpg,https://dlt.by/image/catalog/tovar/lfmcs/new/new/7.jpg,https://dlt.by/image/catalog/tovar/lfmcs/new/new/8.jpg,https://dlt.by/image/catalog/tovar/lfmcs/new/new/9.jpg,https://dlt.by/image/catalog/tovar/lfmcs/new/new/10.jpg,https://dlt.by/image/catalog/tovar/lfmcs/new/new/11.jpg,https://dlt.by/image/catalog/tovar/lfmcs/new/new/12.jpg,https://dlt.by/image/catalog/tovar/lfmcs/new/new/13.jpg,https://dlt.by/image/catalog/tovar/lfmcs/new/new/14.jpg,https://dlt.by/image/catalog/tovar/lfmcs/new/new/15.jpg,https://dlt.by/image/catalog/tovar/lfmcs/new/new/16.jpg,https://dlt.by/image/catalog/tovar/lfmcs/new/new/17.jpg,https://dlt.by/image/catalog/tovar/lfmcs/new/new/18.jpg,https://dlt.by/image/catalog/tovar/lfmcs/new/new/19.jpg,https://dlt.by/image/catalog/tovar/lfmcs/new/new/20.jpg,https://dlt.by/image/catalog/tovar/lfmcs/new/new/21.jpg,https://dlt.by/image/catalog/tovar/lfmcs/new/new/22.jpg,,,,,,,,,,,,,,,,,,,,,,,,"
"Алмазный диск для заусовки плитки под 45° BIHUI, арт.DPE125",Алмазная оснастка>Алмазные диски>Алмазные диски для заусовки плитки под 45°,DPE125,2 377.44,"https://dlt.by/image/catalog/tovar/dpe125/q1.jpg,https://dlt.by/image/catalog/tovar/dpe125/2.jpg,https://dlt.by/image/catalog/tovar/dpe125/3.jpg,,,,,,,,,,,,,,,,,,,,,,,,,,,,,,,,,,,,,,,,,,,"
"Электрический плиткорез для крупноформатной плитки BIHUI, арт.LFECMR New",Плиткорезы электрические (камнерезы/мокрорезы)>Электрические плиткорезы для крупноформатной плитки,LFECMR New,71 925.20,"https://dlt.by/image/catalog/tovar/lfecmr_water/new/new/1.jpg,https://dlt.by/image/catalog/tovar/lfecmr_water/new/new/2.jpg,https://dlt.by/image/catalog/tovar/lfecmr_water/new/new/3.jpg,https://dlt.by/image/catalog/tovar/lfecmr_water/new/new/4.jpg,https://dlt.by/image/catalog/tovar/lfecmr_water/new/new/5.jpg,https://dlt.by/image/catalog/tovar/lfecmr_water/new/new/5-1.jpg,https://dlt.by/image/catalog/tovar/lfecmr_water/new/new/6.jpg,https://dlt.by/image/catalog/tovar/lfecmr_water/new/new/7.jpg,https://dlt.by/image/catalog/tovar/lfecmr_water/new/new/8.jpg,https://dlt.by/image/catalog/tovar/lfecmr_water/new/new/9.jpg,https://dlt.by/image/catalog/tovar/lfecmr_water/new/new/10.jpg,https://dlt.by/image/catalog/tovar/lfecmr_water/new/new/11.jpg,,,,,,,,,,,,,,,,,,,,,,,,,,,,,,,,,,"
"Разделитель плитки (сепаратор) BIHUI, арт.LFTBE",Плиткорезы ручные>Аксессуары для ручных плиткорезов>Разделители (сепараторы),LFTBE,1 625.09,"https://dlt.by/image/catalog/tovar/lftbe/new/1.jpg,https://dlt.by/image/catalog/tovar/lftbe/new/2.jpg,https://dlt.by/image/catalog/tovar/lftbe/new/3.jpg,,,,,,,,,,,,,,,,,,,,,,,,,,,,,,,,,,,,,,,,,,,"
"Слайдер DLT MAXSLim power AUTO (45°, 90°, 180°) для плиткореза DLT MAXSLim, арт.1387",Плиткорезы электрические (камнерезы/мокрорезы)>Электрические плиткорезы для крупноформатной плитки,1387,81 254.41,"https://dlt.by/image/catalog/easyphoto/1758/slayder-dlt-maxslim-power-auto-45-90-180-dlya-plitkoreza-dlt-maxslim-art-1387-17.jpg,https://dlt.by/image/catalog/easyphoto/1758/slayder-dlt-maxslim-power-auto-45-90-180-dlya-plitkoreza-dlt-maxslim-art-1387-18.jpg,https://dlt.by/image/catalog/easyphoto/1758/slayder-dlt-maxslim-power-auto-45-90-180-dlya-plitkoreza-dlt-maxslim-art-1387-19.jpg,https://dlt.by/image/catalog/easyphoto/1758/slayder-dlt-maxslim-power-auto-45-90-180-dlya-plitkoreza-dlt-maxslim-art-1387-20.jpg,https://dlt.by/image/catalog/easyphoto/1758/slayder-dlt-maxslim-power-auto-45-90-180-dlya-plitkoreza-dlt-maxslim-art-1387-21.jpg,https://dlt.by/image/catalog/easyphoto/1758/slayder-dlt-maxslim-power-auto-45-90-180-dlya-plitkoreza-dlt-maxslim-art-1387-22.jpg,https://dlt.by/image/catalog/easyphoto/1758/slayder-dlt-maxslim-power-auto-45-90-180-dlya-plitkoreza-dlt-maxslim-art-1387-23.jpg,https://dlt.by/image/catalog/easyphoto/1758/slayder-dlt-maxslim-power-auto-45-90-180-dlya-plitkoreza-dlt-maxslim-art-1387-24.jpg,https://dlt.by/image/catalog/easyphoto/1758/slayder-dlt-maxslim-power-auto-45-90-180-dlya-plitkoreza-dlt-maxslim-art-1387-25.jpg,https://dlt.by/image/catalog/easyphoto/1758/slayder-dlt-maxslim-power-auto-45-90-180-dlya-plitkoreza-dlt-maxslim-art-1387-26.jpg,https://dlt.by/image/catalog/easyphoto/1758/slayder-dlt-maxslim-power-auto-45-90-180-dlya-plitkoreza-dlt-maxslim-art-1387-27.jpg,https://dlt.by/image/catalog/easyphoto/1758/slayder-dlt-maxslim-power-auto-45-90-180-dlya-plitkoreza-dlt-maxslim-art-1387-28.jpg,https://dlt.by/image/catalog/easyphoto/1758/slayder-dlt-maxslim-power-auto-45-90-180-dlya-plitkoreza-dlt-maxslim-art-1387-29.jpg,https://dlt.by/image/catalog/easyphoto/1758/slayder-dlt-maxslim-power-auto-45-90-180-dlya-plitkoreza-dlt-maxslim-art-1387-31.jpg,https://dlt.by/image/catalog/easyphoto/1758/slayder-dlt-maxslim-power-auto-45-90-180-dlya-plitkoreza-dlt-maxslim-art-1387-33.jpg,https://dlt.by/image/catalog/easyphoto/1758/slayder-dlt-maxslim-power-auto-45-90-180-dlya-plitkoreza-dlt-maxslim-art-1387-37.jpg,https://dlt.by/image/catalog/easyphoto/1758/slayder-dlt-maxslim-power-auto-45-90-180-dlya-plitkoreza-dlt-maxslim-art-1387-30.jpg,https://dlt.by/image/catalog/easyphoto/1758/slayder-dlt-maxslim-power-auto-45-90-180-dlya-plitkoreza-dlt-maxslim-art-1387-35.jpg,https://dlt.by/image/catalog/easyphoto/1758/slayder-dlt-maxslim-power-auto-45-90-180-dlya-plitkoreza-dlt-maxslim-art-1387-36.jpg,https://dlt.by/image/catalog/easyphoto/1758/slayder-dlt-maxslim-power-auto-45-90-180-dlya-plitkoreza-dlt-maxslim-art-1387-32.jpg,https://dlt.by/image/catalog/easyphoto/1758/slayder-dlt-maxslim-power-auto-45-90-180-dlya-plitkoreza-dlt-maxslim-art-1387-34.jpg,,,,,,,,,,,,,,,,,,,,,,,,,"
"Шлифмашина для стен и потолков, DLT max-XT R7503, арт.1112",Шлифовальные машины для стен/потолков/пола>Шлифмашины ручные,1112,10 532.98,"https://dlt.by/image/catalog/tovar/7503/1.jpg,https://dlt.by/image/catalog/easyphoto/1743/shlifmashina-dlya-sten-i-potolkov-dlt-max-xt-r7235-4.jpg,https://dlt.by/image/catalog/easyphoto/1743/shlifmashina-dlya-sten-i-potolkov-dlt-max-xt-r7235-1.jpg,https://dlt.by/image/catalog/easyphoto/1743/shlifmashina-dlya-sten-i-potolkov-dlt-max-xt-r7235-2.jpg,https://dlt.by/image/catalog/easyphoto/1743/shlifmashina-dlya-sten-i-potolkov-dlt-max-xt-r7235-3.jpg,https://dlt.by/image/catalog/easyphoto/1743/shlifmashina-dlya-sten-i-potolkov-dlt-max-xt-r7235-5.jpg,https://dlt.by/image/catalog/easyphoto/1743/shlifmashina-dlya-sten-i-potolkov-dlt-max-xt-r7235-6.jpg,,,,,,,,,,,,,,,,,,,,,,,,,,,,,,,,,,,,,,,"
"Кейс для инструментов Tactix, арт.320384, серия Standard",Ящики для инструмента. Модульные системы.,320384 (Tactix),4 213.19,"https://dlt.by/image/catalog/tovar/320384/1.jpeg,https://dlt.by/image/catalog/tovar/320384/2.jpeg,https://dlt.by/image/catalog/tovar/320384/3.jpg,https://dlt.by/image/catalog/tovar/320384/9.jpg,https://dlt.by/image/catalog/tovar/320384/9-1.jpeg,https://dlt.by/image/catalog/tovar/320384/12.jpg,https://dlt.by/image/catalog/tovar/320384/13.jpg,https://dlt.by/image/catalog/tovar/320384/31.png,,,,,,,,,,,,,,,,,,,,,,,,,,,,,,,,,,,,,,"
"Набор кейсов для инструментов Tactix, арт.320310",Ящики для инструмента. Модульные системы.,320310 (Tactix),9 329.21,"https://dlt.by/image/catalog/tovar/320310/1.jpg,https://dlt.by/image/catalog/easyphoto/1745/nabor-keysov-dlya-instrumentov-tactix-art-320310-2.jpg,https://dlt.by/image/catalog/easyphoto/1745/nabor-keysov-dlya-instrumentov-tactix-art-320310-3.jpg,https://dlt.by/image/catalog/easyphoto/1745/nabor-keysov-dlya-instrumentov-tactix-art-320310-4.jpg,https://dlt.by/image/catalog/easyphoto/1745/nabor-keysov-dlya-instrumentov-tactix-art-320310-5.jpg,https://dlt.by/image/catalog/easyphoto/1745/nabor-keysov-dlya-instrumentov-tactix-art-320310-6.jpg,https://dlt.by/image/catalog/easyphoto/1745/nabor-keysov-dlya-instrumentov-tactix-art-320310-7.jpg,https://dlt.by/image/catalog/tovar/320310/new/imgonline-com-ua-compressbysize-uf92srbdiepx98o.png,https://dlt.by/image/catalog/tovar/320310/new/9.png,https://dlt.by/image/catalog/tovar/320310/new/knrea.png,https://dlt.by/image/catalog/easyphoto/1745/nabor-keysov-dlya-instrumentov-tactix-art-320310-11.jpg,https://dlt.by/image/catalog/easyphoto/1745/nabor-keysov-dlya-instrumentov-tactix-art-320310-12.jpg,https://dlt.by/image/catalog/tovar/320310/new/13.png,,,,,,,,,,,,,,,,,,,,,,,,,,,,,,,,,"
"Тележка для инструментов Tactix, арт.320364",Ящики для инструмента. Модульные системы.,320364 (Tactix)	,11 435.81,"https://dlt.by/image/catalog/tovar/320364/1.jpg,https://dlt.by/image/catalog/tovar/320364/2.jpg,https://dlt.by/image/catalog/tovar/320364/3.jpg,https://dlt.by/image/catalog/tovar/320364/4.jpg,https://dlt.by/image/catalog/tovar/320364/npng/5.png,https://dlt.by/image/catalog/tovar/320364/6.jpg,https://dlt.by/image/catalog/tovar/320364/npng/7.png,,,,,,,,,,,,,,,,,,,,,,,,,,,,,,,,,,,,,,,"
"Разделитель (сепаратор) для плиткореза DLT Slim Cutter MAXI, арт.1262",Плиткорезы ручные>Аксессуары для ручных плиткорезов>Разделители (сепараторы),1262,4 213.19,"https://dlt.by/image/catalog/easyphoto/1763/razdelitel-separator-dlya-plitkoreza-dlt-slim-cutter-max-5.jpg,https://dlt.by/image/catalog/easyphoto/1763/razdelitel-separator-dlya-plitkoreza-dlt-slim-cutter-max-6.jpg,https://dlt.by/image/catalog/easyphoto/1763/razdelitel-separator-dlya-plitkoreza-dlt-slim-cutter-max-7.jpg,,,,,,,,,,,,,,,,,,,,,,,,,,,,,,,,,,,,,,,,,,,"
"Плиткорез DLT MAXSLim NEW, арт.1393",Плиткорезы ручные>Плиткорезы для крупноформатной плитки,1393,44 539.45,"https://dlt.by/image/catalog/easyphoto/1756/plitkorez-dlt-maxslim-new-47.jpg,https://dlt.by/image/catalog/easyphoto/1756/plitkorez-dlt-maxslim-new-48.jpg,https://dlt.by/image/catalog/easyphoto/1756/plitkorez-dlt-maxslim-42.jpg,https://dlt.by/image/catalog/easyphoto/1756/plitkorez-dlt-maxslim-43.jpg,https://dlt.by/image/catalog/easyphoto/1756/plitkorez-dlt-maxslim-44.jpg,https://dlt.by/image/catalog/easyphoto/1756/plitkorez-dlt-maxslim-26.jpg,https://dlt.by/image/catalog/easyphoto/1756/plitkorez-dlt-maxslim-32.jpg,https://dlt.by/image/catalog/easyphoto/1756/plitkorez-dlt-maxslim-28.jpg,https://dlt.by/image/catalog/easyphoto/1756/plitkorez-dlt-maxslim-33.jpg,https://dlt.by/image/catalog/easyphoto/1756/plitkorez-dlt-maxslim-34.jpg,https://dlt.by/image/catalog/easyphoto/1756/plitkorez-dlt-maxslim-35.jpg,https://dlt.by/image/catalog/easyphoto/1756/plitkorez-dlt-maxslim-40.jpg,,,,,,,,,,,,,,,,,,,,,,,,,,,,,,,,,,"
"Электрическая присоска GRABO H V2 с АВТО подкачкой, для гладкой и рельефной поверхности, арт.1362",Инструмент для укладки плитки>Присоски для плитки и стекла>Электрические присоски и поршни,1362,10 382.51,"https://dlt.by/image/catalog/tovar/grabo_h/new/1.jpg,https://dlt.by/image/catalog/tovar/grabo_h/new/2.jpg,https://dlt.by/image/catalog/tovar/grabo_h/new/new3.png,https://dlt.by/image/catalog/tovar/grabo_h/new/4.jpg,https://dlt.by/image/catalog/tovar/grabo_h/new/5.jpg,https://dlt.by/image/catalog/tovar/grabo_h/new/6.jpg,https://dlt.by/image/catalog/tovar/grabo_h/new/7.jpg,https://dlt.by/image/catalog/tovar/grabo_h/new/8.jpg,https://dlt.by/image/catalog/tovar/grabo_h/new/9.jpg,https://dlt.by/image/catalog/tovar/grabo_h/new/10.jpg,https://dlt.by/image/catalog/tovar/grabo_h/new/11.jpg,https://dlt.by/image/catalog/tovar/grabo_h/new/12.jpg,https://dlt.by/image/catalog/tovar/grabo_h/new/13.jpg,https://dlt.by/image/catalog/tovar/grabo_h/new/14.jpg,https://dlt.by/image/catalog/tovar/grabo_h/new/nnneew.png,https://dlt.by/image/catalog/tovar/grabo_h/new/16.jpg,https://dlt.by/image/catalog/tovar/grabo_h/new/17.jpg,https://dlt.by/image/catalog/tovar/grabo_h/new/18.jpg,,,,,,,,,,,,,,,,,,,,,,,,,,,,"
"Губка универсальная DLT, 190x130x50мм, арт.8127",Инструмент для укладки плитки>Губки,8127,216.68,"https://dlt.by/image/catalog/tovar/8127/new/1.jpg,https://dlt.by/image/catalog/tovar/8127/new/2.jpg,https://dlt.by/image/catalog/tovar/8127/new/3.jpg,,,,,,,,,,,,,,,,,,,,,,,,,,,,,,,,,,,,,,,,,,,"
"Гребенка для плитки DLT, 12мм, арт.8512",Инструмент для укладки плитки>Гребенки>Зуб 12мм,8512,692.17,"https://dlt.by/image/catalog/tovar/8512/nwe/1.jpg,https://dlt.by/image/catalog/tovar/8512/nwe/2.jpg,https://dlt.by/image/catalog/tovar/8512/nwe/3.jpg,,,,,,,,,,,,,,,,,,,,,,,,,,,,,,,,,,,,,,,,,,,"
"Кейс для инструментов Tactix, арт.320383, серия Standard",Ящики для инструмента. Модульные системы.,320383 (Tactix),4 664.61,"https://dlt.by/image/catalog/tovar/320383/1.jpeg,https://dlt.by/image/catalog/tovar/320383/2.jpg,https://dlt.by/image/catalog/tovar/320383/3.jpg,https://dlt.by/image/catalog/tovar/320383/4.jpg,https://dlt.by/image/catalog/tovar/320383/5.jpg,https://dlt.by/image/catalog/tovar/320383/9-1.jpeg,,,,,,,,,,,,,,,,,,,,,,,,,,,,,,,,,,,,,,,,"
"Слайдер DLT MAXSLim power MAX (45°, 90°, 180°) для плиткореза DLT MAXSLim, арт.1388",Плиткорезы электрические (камнерезы/мокрорезы)>Плиткорезы DLT,1388,61 693.16,"https://dlt.by/image/catalog/easyphoto/1759/slayder-dlt-maxslim-power-max-45-90-180-dlya-plitkoreza-dlt-maxslim-art-1388-18.jpg,https://dlt.by/image/catalog/easyphoto/1759/slayder-dlt-maxslim-power-max-45-90-180-dlya-plitkoreza-dlt-maxslim-art-1388-19.jpg,https://dlt.by/image/catalog/easyphoto/1759/slayder-dlt-maxslim-power-max-45-90-180-dlya-plitkoreza-dlt-maxslim-art-1388-20.jpg,https://dlt.by/image/catalog/easyphoto/1759/slayder-dlt-maxslim-power-max-45-90-180-dlya-plitkoreza-dlt-maxslim-art-1388-21.jpg,https://dlt.by/image/catalog/easyphoto/1759/slayder-dlt-maxslim-power-max-45-90-180-dlya-plitkoreza-dlt-maxslim-art-1388-22.jpg,https://dlt.by/image/catalog/easyphoto/1759/slayder-dlt-maxslim-power-max-45-90-180-dlya-plitkoreza-dlt-maxslim-art-1388-23.jpg,https://dlt.by/image/catalog/easyphoto/1759/slayder-dlt-maxslim-power-max-45-90-180-dlya-plitkoreza-dlt-maxslim-art-1388-24.jpg,https://dlt.by/image/catalog/easyphoto/1759/slayder-dlt-maxslim-power-max-45-90-180-dlya-plitkoreza-dlt-maxslim-art-1388-25.jpg,https://dlt.by/image/catalog/easyphoto/1759/slayder-dlt-maxslim-power-max-45-90-180-dlya-plitkoreza-dlt-maxslim-art-1388-26.jpg,https://dlt.by/image/catalog/easyphoto/1759/slayder-dlt-maxslim-power-max-45-90-180-dlya-plitkoreza-dlt-maxslim-art-1388-27.jpg,https://dlt.by/image/catalog/easyphoto/1759/slayder-dlt-maxslim-power-max-45-90-180-dlya-plitkoreza-dlt-maxslim-art-1388-28.jpg,https://dlt.by/image/catalog/easyphoto/1759/slayder-dlt-maxslim-power-max-45-90-180-dlya-plitkoreza-dlt-maxslim-art-1388-29.jpg,https://dlt.by/image/catalog/easyphoto/1759/slayder-dlt-maxslim-power-max-45-90-180-dlya-plitkoreza-dlt-maxslim-art-1388-32.jpg,https://dlt.by/image/catalog/easyphoto/1759/slayder-dlt-maxslim-power-max-45-90-180-dlya-plitkoreza-dlt-maxslim-art-1388-34.jpg,https://dlt.by/image/catalog/easyphoto/1759/slayder-dlt-maxslim-power-max-45-90-180-dlya-plitkoreza-dlt-maxslim-art-1388-30.jpg,https://dlt.by/image/catalog/easyphoto/1759/slayder-dlt-maxslim-power-max-45-90-180-dlya-plitkoreza-dlt-maxslim-art-1388-31.jpg,https://dlt.by/image/catalog/easyphoto/1759/slayder-dlt-maxslim-power-max-45-90-180-dlya-plitkoreza-dlt-maxslim-art-1388-33.jpg,,,,,,,,,,,,,,,,,,,,,,,,,,,,,"
"Роликовый резец для плиткореза BIHUI Ø12мм, посадка 3мм, арт.LFMCS-SW",Плиткорезы ручные>Аксессуары для ручных плиткорезов>Резцы,LFMCS-SW,752.36,"https://dlt.by/image/catalog/tovar/tca-sw/new/1.jpg,https://dlt.by/image/catalog/tovar/tca-sw/new/2.jpg,https://dlt.by/image/catalog/tovar/tca-sw/new/3.jpg,,,,,,,,,,,,,,,,,,,,,,,,,,,,,,,,,,,,,,,,,,,"
"Слайдер DLT MAXSLim power (45°, 90°) для плиткореза DLT MAXSLim, арт.1386",Плиткорезы электрические (камнерезы/мокрорезы)>Плиткорезы DLT,1386,29 191.40,"https://dlt.by/image/catalog/easyphoto/1757/slayder-dlt-maxslim-power-45-90-dlya-plitkoreza-dlt-maxslim-art-1386-13.jpg,https://dlt.by/image/catalog/easyphoto/1757/slayder-dlt-maxslim-power-45-90-dlya-plitkoreza-dlt-maxslim-art-1386-28.jpg,https://dlt.by/image/catalog/easyphoto/1757/slayder-dlt-maxslim-power-45-90-dlya-plitkoreza-dlt-maxslim-art-1386-15.jpg,https://dlt.by/image/catalog/easyphoto/1757/slayder-dlt-maxslim-power-45-90-dlya-plitkoreza-dlt-maxslim-art-1386-16.jpg,https://dlt.by/image/catalog/easyphoto/1757/slayder-dlt-maxslim-power-45-90-dlya-plitkoreza-dlt-maxslim-art-1386-17.jpg,https://dlt.by/image/catalog/easyphoto/1757/slayder-dlt-maxslim-power-45-90-dlya-plitkoreza-dlt-maxslim-art-1386-18.jpg,https://dlt.by/image/catalog/easyphoto/1757/slayder-dlt-maxslim-power-45-90-dlya-plitkoreza-dlt-maxslim-art-1386-19.jpg,https://dlt.by/image/catalog/easyphoto/1757/slayder-dlt-maxslim-power-45-90-dlya-plitkoreza-dlt-maxslim-art-1386-20.jpg,https://dlt.by/image/catalog/easyphoto/1757/slayder-dlt-maxslim-power-45-90-dlya-plitkoreza-dlt-maxslim-art-1386-21.jpg,https://dlt.by/image/catalog/easyphoto/1757/slayder-dlt-maxslim-power-45-90-dlya-plitkoreza-dlt-maxslim-art-1386-22.jpg,https://dlt.by/image/catalog/easyphoto/1757/slayder-dlt-maxslim-power-45-90-dlya-plitkoreza-dlt-maxslim-art-1386-23.jpg,https://dlt.by/image/catalog/easyphoto/1757/slayder-dlt-maxslim-power-45-90-dlya-plitkoreza-dlt-maxslim-art-1386-24.jpg,https://dlt.by/image/catalog/easyphoto/1757/slayder-dlt-maxslim-power-45-90-dlya-plitkoreza-dlt-maxslim-art-1386-25.jpg,https://dlt.by/image/catalog/easyphoto/1757/slayder-dlt-maxslim-power-45-90-dlya-plitkoreza-dlt-maxslim-art-1386-26.jpg,https://dlt.by/image/catalog/easyphoto/1757/slayder-dlt-maxslim-power-45-90-dlya-plitkoreza-dlt-maxslim-art-1386-27.jpg,,,,,,,,,,,,,,,,,,,,,,,,,,,,,,,"
"Гребенка для плитки DLT, 8мм, арт.8508",Плиткорезы электрические (камнерезы/мокрорезы),8508,692.17,"https://dlt.by/image/catalog/tovar/8508/new/1.jpg,https://dlt.by/image/catalog/tovar/8508/new/2.jpg,https://dlt.by/image/catalog/tovar/8508/new/3.jpg,,,,,,,,,,,,,,,,,,,,,,,,,,,,,,,,,,,,,,,,,,,"
"Кейс для инструментов Tactix, арт.320390",Ящики для инструмента. Модульные системы.,320390 (Tactix)	,4 514.13,"https://dlt.by/image/catalog/tovar/320390/1.jpg,https://dlt.by/image/catalog/tovar/320390/2.jpg,,,,,,,,,,,,,,,,,,,,,,,,,,,,,,,,,,,,,,,,,,,,"
"Набор роликов пластиковых для плиткореза DLT Slim Cutter MAX, (5шт.), арт.1404",Запчасти>Системы резки крупноформата,1404,1 203.77,"https://dlt.by/image/catalog/tovar/4444/smrol/1.jpg,https://dlt.by/image/catalog/tovar/4444/smrol/2.jpg,https://dlt.by/image/catalog/tovar/4444/smrol/3.jpg,https://dlt.by/image/catalog/tovar/4444/smrol/4.jpg,https://dlt.by/image/catalog/tovar/4444/smrol/5.jpg,,,,,,,,,,,,,,,,,,,,,,,,,,,,,,,,,,,,,,,,,"
"Алмазный диск DLT №4 (Turbo-А), 125мм, арт.1288",Алмазная оснастка>Алмазные диски>Алмазные диски по керамике/керамограниту/граниту/мрамору,1288,872.73,"https://dlt.by/image/catalog/tovar/almdisk/diskdltzaglavnie/almaznyy-disk-dlt-4-turbo-a-125mm-1-800x800.jpg,https://dlt.by/image/catalog/easyphoto/1700/almaznyy-disk-dlt-4-turbo-a-125mm-2.jpg,https://dlt.by/image/catalog/easyphoto/1700/almaznyy-disk-dlt-4-turbo-a-125mm-3.jpg,,,,,,,,,,,,,,,,,,,,,,,,,,,,,,,,,,,,,,,,,,,"
"Подстолье складное DLT Сороконожка, 3м х 1,5м NEW, арт.1391",Плиткорезы ручные,1391,21 968.79,"https://dlt.by/image/catalog/easyphoto/1761/podstole-skladnoe-dlt-sorokonozhka-3m-h-1-5m-new-art-1391-8.jpg,https://dlt.by/image/catalog/easyphoto/1761/podstole-skladnoe-dlt-sorokonozhka-3m-h-1-5m-new-art-1391-9.jpg,https://dlt.by/image/catalog/easyphoto/1761/podstole-skladnoe-dlt-sorokonozhka-3m-h-1-5m-new-art-1391-10.jpg,https://dlt.by/image/catalog/easyphoto/1761/podstole-skladnoe-dlt-sorokonozhka-3m-h-1-5m-new-art-1391-11.jpg,https://dlt.by/image/catalog/easyphoto/1761/podstole-skladnoe-dlt-sorokonozhka-3m-h-1-5m-new-art-1391-12.jpg,https://dlt.by/image/catalog/easyphoto/1761/podstole-skladnoe-dlt-sorokonozhka-3m-h-1-5m-new-art-1391-13.jpg,https://dlt.by/image/catalog/easyphoto/1761/podstole-skladnoe-dlt-sorokonozhka-3m-h-1-5m-new-art-1391-14.jpg,https://dlt.by/image/catalog/easyphoto/1761/podstole-skladnoe-dlt-sorokonozhka-3m-h-1-5m-new-art-1391-15.jpg,https://dlt.by/image/catalog/easyphoto/1761/podstole-skladnoe-dlt-sorokonozhka-3m-h-1-5m-new-art-1391-16.jpg,https://dlt.by/image/catalog/easyphoto/1761/podstole-skladnoe-dlt-sorokonozhka-3m-h-1-5m-new-art-1391-17.jpg,https://dlt.by/image/catalog/easyphoto/1761/podstole-skladnoe-dlt-sorokonozhka-3m-h-1-5m-new-art-1391-18.jpg,https://dlt.by/image/catalog/easyphoto/1761/podstole-skladnoe-dlt-sorokonozhka-3m-h-1-5m-new-art-1391-19.jpg,https://dlt.by/image/catalog/easyphoto/1761/podstole-skladnoe-dlt-sorokonozhka-3m-h-1-5m-new-art-1391-20.jpg,https://dlt.by/image/catalog/easyphoto/1761/podstole-skladnoe-dlt-sorokonozhka-3m-h-1-5m-new-art-1391-21.jpg,,,,,,,,,,,,,,,,,,,,,,,,,,,,,,,,"
"Алмазный диск DLT №5 (Turbo-K), 125мм, арт.1289",Алмазная оснастка>Алмазные диски>Алмазные диски по керамике/керамограниту/граниту/мрамору,1289,932.92,"https://dlt.by/image/catalog/tovar/almdisk/diskdltzaglavnie/almaznyy-disk-dlt-5-turbo-k-125mm-4-800x800.jpg,https://dlt.by/image/catalog/easyphoto/1697/almaznyy-disk-dlt-5-turbo-k-125mm-5.jpg,https://dlt.by/image/catalog/easyphoto/1697/almaznyy-disk-dlt-5-turbo-k-125mm-6.jpg,,,,,,,,,,,,,,,,,,,,,,,,,,,,,,,,,,,,,,,,,,,"
"Алмазный диск DLT №6 (Turbo-Y), 125мм (золотистый), арт.1290",Алмазная оснастка>Алмазные диски>Алмазные диски по керамике/керамограниту/граниту/мрамору,1290,752.36,"https://dlt.by/image/catalog/tovar/almdisk/diskdltzaglavnie/almaznyy-disk-dlt-6-turbo-y-125mm-1-800x800.jpg,https://dlt.by/image/catalog/easyphoto/1698/almaznyy-disk-dlt-6-turbo-y-125mm-2.jpg,https://dlt.by/image/catalog/easyphoto/1698/almaznyy-disk-dlt-6-turbo-y-125mm-3.jpg,,,,,,,,,,,,,,,,,,,,,,,,,,,,,,,,,,,,,,,,,,,"
"Алмазный диск DLT №7 (Slim-CERAMIC), 125мм, арт.1291",Алмазная оснастка>Алмазные диски>Алмазные диски по керамике/керамограниту/граниту/мрамору,1291,1 354.24,"https://dlt.by/image/catalog/tovar/almdisk/diskdltzaglavnie/almaznyy-disk-dlt-7-sim-ceramic-125mm-1-800x800.jpg,https://dlt.by/image/catalog/easyphoto/1701/almaznyy-disk-dlt-7-sim-ceramic-125mm-2.jpg,https://dlt.by/image/catalog/easyphoto/1701/almaznyy-disk-dlt-7-sim-ceramic-125mm-3.jpg,,,,,,,,,,,,,,,,,,,,,,,,,,,,,,,,,,,,,,,,,,,"
"Кейс-тележка для инструментов Tactix, арт.320394",Ящики для инструмента. Модульные системы.,320394 (Tactix)	,8 727.33,"https://dlt.by/image/catalog/tovar/320394/1.jpg,https://dlt.by/image/catalog/tovar/320394/2.jpg,https://dlt.by/image/catalog/tovar/320394/3.jpg,https://dlt.by/image/catalog/tovar/320394/3-1.jpg,https://dlt.by/image/catalog/tovar/320394/4.jpg,https://dlt.by/image/catalog/tovar/320394/5.jpg,https://dlt.by/image/catalog/tovar/320394/6.png,https://dlt.by/image/catalog/tovar/320394/6-1.jpg,https://dlt.by/image/catalog/tovar/320394/7.png,https://dlt.by/image/catalog/tovar/320394/8.png,https://dlt.by/image/catalog/tovar/320394/9.png,https://dlt.by/image/catalog/tovar/320394/10.png,https://dlt.by/image/catalog/tovar/320394/320394-10.png,https://dlt.by/image/catalog/tovar/320394/320394-12-scaled.png,,,,,,,,,,,,,,,,,,,,,,,,,,,,,,,,"
"Ролик пластиковый для плиткореза DLT Slim Cutter MAX, арт.1327",Запчасти,1327,391.22,"https://dlt.by/image/catalog/tovar/4444/1.jpg,https://dlt.by/image/catalog/tovar/4444/2.jpg,https://dlt.by/image/catalog/tovar/4444/3.jpg,,,,,,,,,,,,,,,,,,,,,,,,,,,,,,,,,,,,,,,,,,,"
"Кейс для инструментов Tactix, арт.320314",Ящики для инструмента. Модульные системы.,320314 (Tactix),11 736.75,"https://dlt.by/image/catalog/tovar/320314/new/1.jpg,https://dlt.by/image/catalog/tovar/320314/new/2.jpg,https://dlt.by/image/catalog/tovar/320314/new/3.jpg,https://dlt.by/image/catalog/tovar/320314/new/pnh/4.png,https://dlt.by/image/catalog/tovar/320314/new/5.jpg,https://dlt.by/image/catalog/tovar/320314/new/pnh/6.png,https://dlt.by/image/catalog/tovar/320314/new/pnh/7.png,https://dlt.by/image/catalog/tovar/320314/new/pnh/yva.png,https://dlt.by/image/catalog/tovar/320314/new/pnh/9.png,https://dlt.by/image/catalog/tovar/320314/new/pnh/ayva.png,,,,,,,,,,,,,,,,,,,,,,,,,,,,,,,,,,,,"
"Кейс-тележка для инструментов Tactix, арт.320385, серия Standard",Ящики для инструмента. Модульные системы.,320385 (Tactix),8 275.91,"https://dlt.by/image/catalog/tovar/320385/4.jpg,https://dlt.by/image/catalog/tovar/320385/3.jpg,https://dlt.by/image/catalog/tovar/320385/2.png,https://dlt.by/image/catalog/tovar/320385/5.jpg,https://dlt.by/image/catalog/tovar/320385/6.jpg,,,,,,,,,,,,,,,,,,,,,,,,,,,,,,,,,,,,,,,,,"
"Кейс для инструментов Tactix, арт.320392",Ящики для инструмента. Модульные системы.,320392 (Tactix)	,6 470.26,"https://dlt.by/image/catalog/tovar/320392/0.jpg,https://dlt.by/image/catalog/tovar/320392/1.jpg,https://dlt.by/image/catalog/tovar/320392/2.jpg,https://dlt.by/image/catalog/tovar/320392/3.jpg,https://dlt.by/image/catalog/tovar/320392/3-1.jpg,https://dlt.by/image/catalog/tovar/320392/4.jpg,https://dlt.by/image/catalog/tovar/320392/5.jpg,https://dlt.by/image/catalog/tovar/320392/6.png,https://dlt.by/image/catalog/tovar/320392/7.png,https://dlt.by/image/catalog/tovar/320392/8.png,https://dlt.by/image/catalog/tovar/320392/9.png,,,,,,,,,,,,,,,,,,,,,,,,,,,,,,,,,,,"
"Электрический плиткорез для крупноформатной плитки BIHUI+ водяное охлаждение, арт.LFECMR New water",Плиткорезы электрические (камнерезы/мокрорезы)>Электрические плиткорезы для крупноформатной плитки,LFECMR New Water,75 987.92,"https://dlt.by/image/catalog/tovar/lfecmr_water/new/new/w1.jpg,https://dlt.by/image/catalog/tovar/lfecmr_water/new/new/2.jpg,https://dlt.by/image/catalog/tovar/lfecmr_water/new/new/3.jpg,https://dlt.by/image/catalog/tovar/lfecmr_water/new/new/4.jpg,https://dlt.by/image/catalog/tovar/lfecmr_water/new/new/5.jpg,https://dlt.by/image/catalog/tovar/lfecmr_water/new/new/5-1.jpg,https://dlt.by/image/catalog/tovar/lfecmr_water/new/new/6.jpg,https://dlt.by/image/catalog/tovar/lfecmr_water/new/new/7.jpg,https://dlt.by/image/catalog/tovar/lfecmr_water/new/new/8.jpg,https://dlt.by/image/catalog/tovar/lfecmr_water/new/new/9.jpg,https://dlt.by/image/catalog/tovar/lfecmr_water/new/new/10.jpg,https://dlt.by/image/catalog/tovar/lfecmr_water/new/new/11.jpg,,,,,,,,,,,,,,,,,,,,,,,,,,,,,,,,,,"
"Лазерный уровень (нивелир) DLT EK-500, арт.1361",Лазерные нивелиры (лазерные уровни)>4D,1361,8 877.80,"https://dlt.by/image/catalog/tovar/dlt_ek-500/new/new/1.png,https://dlt.by/image/catalog/tovar/dlt_ek-500/new/new/2.gif,https://dlt.by/image/catalog/tovar/dlt_ek-500/new/2.jpg,https://dlt.by/image/catalog/tovar/dlt_ek-500/new/3.jpg,https://dlt.by/image/catalog/tovar/dlt_ek-500/new/4.jpg,https://dlt.by/image/catalog/tovar/dlt_ek-500/new/5.jpg,https://dlt.by/image/catalog/tovar/dlt_ek-500/new/7.jpg,https://dlt.by/image/catalog/tovar/dlt_ek-500/new/8.jpg,https://dlt.by/image/catalog/tovar/dlt_ek-500/new/9.jpg,https://dlt.by/image/catalog/tovar/dlt_ek-500/new/10.jpg,https://dlt.by/image/catalog/tovar/dlt_ek-500/new/11.jpg,https://dlt.by/image/catalog/tovar/dlt_ek-500/new/12.jpg,,,,,,,,,,,,,,,,,,,,,,,,,,,,,,,,,,"
"Гребенка для плитки DLT, 10мм, арт.8210",Инструмент для укладки плитки>Гребенки,8510,692.17,"https://dlt.by/image/catalog/tovar/8510/new/1.jpg,https://dlt.by/image/catalog/tovar/8510/new/2.jpg,https://dlt.by/image/catalog/tovar/8510/new/3.jpg,,,,,,,,,,,,,,,,,,,,,,,,,,,,,,,,,,,,,,,,,,,"
"Губка универсальная целлюлозная DLT, 165x100x50мм, арт.8130",Инструмент для укладки плитки>Губки,8130,391.22,"https://dlt.by/image/catalog/tovar/8130/1.jpg,https://dlt.by/image/catalog/easyphoto/1721/gubka-universalnaya-dlt-19013050mm-1.jpg,,,,,,,,,,,,,,,,,,,,,,,,,,,,,,,,,,,,,,,,,,,,"
"Наколенники строительные DLT Гель комфорт, арт.8129",Наколенники строительные,8129,1 655.18,"https://dlt.by/image/catalog/easyphoto/1722/nakolenniki-stroitelnye-dlt-gel-komfort-art-8129-4.jpg,https://dlt.by/image/catalog/easyphoto/1722/nakolenniki-stroitelnye-dlt-gel-komfort-art-8129-5.jpg,https://dlt.by/image/catalog/easyphoto/1722/nakolenniki-stroitelnye-dlt-gel-komfort-art-8129-6.jpg,https://dlt.by/image/catalog/easyphoto/1722/nakolenniki-stroitelnye-dlt-gel-komfort-art-8129-7.jpg,https://dlt.by/image/catalog/easyphoto/1722/nakolenniki-stroitelnye-dlt-gel-komfort-art-8129-8.jpg,https://dlt.by/image/catalog/easyphoto/1722/nakolenniki-stroitelnye-dlt-gel-komfort-art-8129-9.jpg,https://dlt.by/image/catalog/easyphoto/1722/nakolenniki-stroitelnye-dlt-gel-komfort-art-8129-10.jpg,,,,,,,,,,,,,,,,,,,,,,,,,,,,,,,,,,,,,,,"
"Подкова для регулировки шва DLT, 1.5мм, 200шт, арт.8015",Инструмент для укладки плитки>Крестики/клинья/подковы,8015,391.22,"https://dlt.by/image/catalog/tovar/8015/1.jpg,https://dlt.by/image/catalog/easyphoto/1723/podkova-dlya-regulirovki-shva-bihu-6mm-150sht-hsb150-1.jpg,,,,,,,,,,,,,,,,,,,,,,,,,,,,,,,,,,,,,,,,,,,,"
"Терка для эпоксидной затирки DLT, арт.8131",Инструмент для укладки плитки>Шпатели для затирки,8131,601.88,"https://dlt.by/image/catalog/easyphoto/1727/terka-dlya-epoksidnoy-zatirki-dlt-art-8131-1.jpg,https://dlt.by/image/catalog/easyphoto/1727/terka-dlya-epoksidnoy-zatirki-dlt-art-8131-2.jpg,https://dlt.by/image/catalog/easyphoto/1727/terka-dlya-epoksidnoy-zatirki-dlt-art-8131-3.jpg,,,,,,,,,,,,,,,,,,,,,,,,,,,,,,,,,,,,,,,,,,,"
"Гладилка для цементной затирки DLT, арт.8203",Инструмент для укладки плитки>Шпатели для затирки,8203,511.60,"https://dlt.by/image/catalog/easyphoto/1728/gladilka-dlya-tsementnoy-zatirki-dlt-art-8203-1.jpg,https://dlt.by/image/catalog/easyphoto/1728/gladilka-dlya-tsementnoy-zatirki-dlt-art-8203-2.jpg,https://dlt.by/image/catalog/easyphoto/1728/gladilka-dlya-tsementnoy-zatirki-dlt-art-8203-3.jpg,,,,,,,,,,,,,,,,,,,,,,,,,,,,,,,,,,,,,,,,,,,"
"Электрический плиткорез SHIJING 9063, рез до 1600мм (с АВТОМАТИКОЙ), арт.1357",Плиткорезы электрические (камнерезы/мокрорезы)>Плиткорезы SHIJING,1357,162 508.82,"https://dlt.by/image/catalog/tovar/1357/vaya.jpg,https://dlt.by/image/catalog/tovar/shijing9033/new_photo_06.10/2.png,https://dlt.by/image/catalog/tovar/shijing9033/new_photo_06.10/3.png,https://dlt.by/image/catalog/tovar/shijing9033/new_photo_06.10/4.png,https://dlt.by/image/catalog/tovar/shijing9033/new_photo_06.10/5.png,https://dlt.by/image/catalog/tovar/shijing9033/new_photo_06.10/6.png,https://dlt.by/image/catalog/tovar/shijing9033/new_photo_06.10/7.png,https://dlt.by/image/catalog/tovar/shijing9033/new_photo_06.10/8.png,https://dlt.by/image/catalog/tovar/shijing9033/new_photo_06.10/9.png,https://dlt.by/image/catalog/tovar/shijing9033/new_photo_06.10/9-1.png,https://dlt.by/image/catalog/tovar/shijing9033/new_photo_06.10/9-2.png,https://dlt.by/image/catalog/tovar/shijing9033/new_photo_06.10/9-3.png,https://dlt.by/image/catalog/tovar/shijing9033/new_photo_06.10/9-4.png,https://dlt.by/image/catalog/tovar/shijing9033/new_photo_06.10/9-5.png,https://dlt.by/image/catalog/tovar/shijing9033/new_photo_06.10/9-6.png,https://dlt.by/image/catalog/tovar/shijing9033/new_photo_06.10/9-7.png,https://dlt.by/image/catalog/tovar/shijing9033/new_photo_06.10/9-8.jpg,https://dlt.by/image/catalog/tovar/shijing9033/new_photo_06.10/10.jpg,https://dlt.by/image/catalog/tovar/shijing9033/new_photo_06.10/11.jpg,https://dlt.by/image/catalog/tovar/shijing9033/new_photo_06.10/12.jpg,https://dlt.by/image/catalog/tovar/shijing9033/new_photo_06.10/13.jpg,https://dlt.by/image/catalog/tovar/shijing9033/new_photo_06.10/13-1.jpg,https://dlt.by/image/catalog/tovar/shijing9033/new_photo_06.10/13-2.jpg,https://dlt.by/image/catalog/tovar/shijing9033/new_photo_06.10/14.png,https://dlt.by/image/catalog/tovar/shijing9033/new_photo_06.10/15.png,https://dlt.by/image/catalog/tovar/shijing9033/new_photo_06.10/16.png,https://dlt.by/image/catalog/tovar/shijing9033/new_photo_06.10/16-1.png,https://dlt.by/image/catalog/tovar/shijing9033/new_photo_06.10/16-2.png,https://dlt.by/image/catalog/tovar/shijing9033/new_photo_06.10/18.png,https://dlt.by/image/catalog/tovar/shijing9033/new_photo_06.10/18-1.png,https://dlt.by/image/catalog/tovar/shijing9033/new_photo_06.10/19.png,https://dlt.by/image/catalog/tovar/shijing9033/new_photo_06.10/20.png,https://dlt.by/image/catalog/tovar/shijing9033/new_photo_06.10/20-1.png,https://dlt.by/image/catalog/tovar/shijing9033/new_photo_06.10/21.png,https://dlt.by/image/catalog/tovar/shijing9033/new_photo_06.10/21-1.png,https://dlt.by/image/catalog/tovar/shijing9033/new_photo_06.10/22.png,https://dlt.by/image/catalog/tovar/shijing9033/new_photo_06.10/23.png,https://dlt.by/image/catalog/tovar/shijing9033/new_photo_06.10/24.png,https://dlt.by/image/catalog/tovar/shijing9033/new_photo_06.10/25.png,https://dlt.by/image/catalog/tovar/shijing9033/new_photo_06.10/26.png,https://dlt.by/image/catalog/tovar/shijing9033/new_photo_06.10/27.png,https://dlt.by/image/catalog/tovar/shijing9033/new_photo_06.10/28.png,https://dlt.by/image/catalog/tovar/shijing9033/new_photo_06.10/29.jpg,https://dlt.by/image/catalog/tovar/shijing9033/new_photo_06.10/30.jpg,https://dlt.by/image/catalog/tovar/shijing9033/new_photo_06.10/30-1.jpg,https://dlt.by/image/catalog/tovar/shijing9033/new_photo_06.10/30-2.jpg"
"Система ручной резки для широкоформатной плиты BIHUI - БЕЗ направляющей, арт.LFMC New",Плиткорезы ручные>Плиткорезы BIHUI,LFMC New,13 843.34,"https://dlt.by/image/catalog/tovar/lfmc/new/1.jpg,https://dlt.by/image/catalog/tovar/lfmc/new/2.jpg,https://dlt.by/image/catalog/tovar/lfmc/new/3.jpg,https://dlt.by/image/catalog/tovar/lfmc/new/4.jpg,https://dlt.by/image/catalog/tovar/lfmc/new/5.jpg,https://dlt.by/image/catalog/tovar/lfmc/new/6.jpg,https://dlt.by/image/catalog/tovar/lfmc/new/7.jpg,https://dlt.by/image/catalog/tovar/lfmc/new/8.jpg,https://dlt.by/image/catalog/tovar/lfmc/new/9.jpg,https://dlt.by/image/catalog/tovar/lfmc/new/10.jpg,https://dlt.by/image/catalog/tovar/lfmc/new/11.jpg,https://dlt.by/image/catalog/tovar/lfmc/new/12.jpg,https://dlt.by/image/catalog/tovar/lfmc/new/13.jpg,,,,,,,,,,,,,,,,,,,,,,,,,,,,,,,,,"
"Плиткорез механический BIHUI, 1200мм, арт.TCS1200",Плиткорезы ручные>Плиткорезы BIHUI,TCS1200,26 934.33,"https://dlt.by/image/catalog/tovar/tcs1200/new/1.jpg,https://dlt.by/image/catalog/tovar/tcs1200/new/2.jpg,https://dlt.by/image/catalog/tovar/tcs1200/new/3.jpg,https://dlt.by/image/catalog/tovar/tcs1200/new/4.jpg,https://dlt.by/image/catalog/tovar/tcs1200/new/5.jpg,https://dlt.by/image/catalog/tovar/tcs1200/new/6.jpg,https://dlt.by/image/catalog/tovar/tcs1200/new/7.jpg,https://dlt.by/image/catalog/tovar/tcs1200/new/8.jpg,https://dlt.by/image/catalog/tovar/tcs1200/new/9.jpg,https://dlt.by/image/catalog/tovar/tcs1200/new/10.jpg,https://dlt.by/image/catalog/tovar/tcs1200/new/11.jpg,https://dlt.by/image/catalog/tovar/tcs1200/new/12.jpg,,,,,,,,,,,,,,,,,,,,,,,,,,,,,,,,,,"
"Виброприсоска для укладки плитки BIHUI, арт.LFTBA",Инструмент для укладки плитки>Вибрационные присоски,LFTBA,12 549.29,"https://dlt.by/image/catalog/tovar/lftba/new/1.jpg,https://dlt.by/image/catalog/tovar/lftba/new/2.jpg,https://dlt.by/image/catalog/easyphoto/1734/vibroprisoska-dlya-ukladki-plitki-bihui-lftba-1.jpg,https://dlt.by/image/catalog/easyphoto/1734/vibroprisoska-dlya-ukladki-plitki-bihui-lftba-2.jpg,https://dlt.by/image/catalog/easyphoto/1734/vibroprisoska-dlya-ukladki-plitki-bihui-lftba-3.jpg,https://dlt.by/image/catalog/easyphoto/1734/vibroprisoska-dlya-ukladki-plitki-bihui-lftba-4.jpg,https://dlt.by/image/catalog/easyphoto/1734/vibroprisoska-dlya-ukladki-plitki-bihui-lftba-6.jpg,https://dlt.by/image/catalog/easyphoto/1734/vibroprisoska-dlya-ukladki-plitki-bihui-lftba-7.jpg,https://dlt.by/image/catalog/easyphoto/1734/vibroprisoska-dlya-ukladki-plitki-bihui-lftba-5.jpg,https://dlt.by/image/catalog/easyphoto/1734/vibroprisoska-dlya-ukladki-plitki-bihui-lftba-8.jpg,,,,,,,,,,,,,,,,,,,,,,,,,,,,,,,,,,,,"
"Виброприсоска для укладки плитки BIHUI, арт.LFTBA-Plus",Инструмент для укладки плитки>Вибрационные присоски,LFTBA-Plus,15 197.58,"https://dlt.by/image/catalog/tovar/lftba/plus/new/1.jpg,https://dlt.by/image/catalog/tovar/lftba/plus/new/2.jpg,https://dlt.by/image/catalog/easyphoto/1735/vibroprisoska-dlya-ukladki-plitki-bihui-lftba-plus-1.jpg,https://dlt.by/image/catalog/easyphoto/1735/vibroprisoska-dlya-ukladki-plitki-bihui-lftba-plus-2.jpg,https://dlt.by/image/catalog/easyphoto/1735/vibroprisoska-dlya-ukladki-plitki-bihui-lftba-plus-3.jpg,https://dlt.by/image/catalog/easyphoto/1735/vibroprisoska-dlya-ukladki-plitki-bihui-lftba-plus-4.jpg,https://dlt.by/image/catalog/easyphoto/1735/vibroprisoska-dlya-ukladki-plitki-bihui-lftba-plus-5.jpg,https://dlt.by/image/catalog/easyphoto/1735/vibroprisoska-dlya-ukladki-plitki-bihui-lftba-plus-6.jpg,https://dlt.by/image/catalog/easyphoto/1735/vibroprisoska-dlya-ukladki-plitki-bihui-lftba-plus-7.jpg,https://dlt.by/image/catalog/easyphoto/1735/vibroprisoska-dlya-ukladki-plitki-bihui-lftba-plus-8.jpg,,,,,,,,,,,,,,,,,,,,,,,,,,,,,,,,,,,,"
"Шпатель малярный BIHUI, 220мм, арт.PTK22",Шпателя для механизированной шпатлевки>Фасадные шпателя,PTK22,246.77,"https://dlt.by/image/catalog/tovar/ptk22/new/1.jpg,https://dlt.by/image/catalog/tovar/ptk22/new/2.jpg,https://dlt.by/image/catalog/tovar/ptk22/new/3.jpg,,,,,,,,,,,,,,,,,,,,,,,,,,,,,,,,,,,,,,,,,,,"
"Шпатель малярный BIHUI, 300мм, арт.PTK30",Шпателя для механизированной шпатлевки>Фасадные шпателя,PTK30,415.30,"https://dlt.by/image/catalog/tovar/ptk30/new/1.jpg,https://dlt.by/image/catalog/tovar/ptk30/new/2.jpg,https://dlt.by/image/catalog/tovar/ptk30/new/3.jpg,,,,,,,,,,,,,,,,,,,,,,,,,,,,,,,,,,,,,,,,,,,"
"Шпатель малярный BIHUI, 500мм, арт.PTK50",Шпателя для механизированной шпатлевки>Фасадные шпателя,PTK50,601.88,"https://dlt.by/image/catalog/tovar/ptk50/new/1.jpg,https://dlt.by/image/catalog/tovar/ptk50/new/2.jpg,https://dlt.by/image/catalog/tovar/ptk50/new/3.jpg,,,,,,,,,,,,,,,,,,,,,,,,,,,,,,,,,,,,,,,,,,,"
"Шпатель малярный BIHUI, 600мм, арт.PTK60",Шпателя для механизированной шпатлевки>Фасадные шпателя,PTK60,571.79,"https://dlt.by/image/catalog/tovar/ptk60/new/1.jpg,https://dlt.by/image/catalog/tovar/ptk60/new/2.jpg,https://dlt.by/image/catalog/tovar/ptk60/new/3.jpg,,,,,,,,,,,,,,,,,,,,,,,,,,,,,,,,,,,,,,,,,,,"
"Плиткорез механический DLT Slim Cutter MAX-Plus 1.5м, арт.1325",Плиткорезы ручные>Плиткорезы DLT,1325,24 075.38,"https://dlt.by/image/catalog/easyphoto/1768/plitkorez-mehanicheskiy-dlt-slim-cutter-max-plus-1-5m-5.jpg,https://dlt.by/image/catalog/easyphoto/1768/plitkorez-mehanicheskiy-dlt-slim-cutter-max-plus-1-5m-6.jpg,https://dlt.by/image/catalog/easyphoto/1768/plitkorez-mehanicheskiy-dlt-slim-cutter-max-plus-1-5m-7.jpg,https://dlt.by/image/catalog/easyphoto/1768/plitkorez-mehanicheskiy-dlt-slim-cutter-max-plus-1-5m-8.jpg,https://dlt.by/image/catalog/easyphoto/1768/plitkorez-mehanicheskiy-dlt-slim-cutter-max-plus-1-5m-9.jpg,https://dlt.by/image/catalog/easyphoto/1768/plitkorez-mehanicheskiy-dlt-slim-cutter-max-plus-1-5m-10.jpg,https://dlt.by/image/catalog/easyphoto/1768/plitkorez-mehanicheskiy-dlt-slim-cutter-max-plus-1-5m-11.jpg,https://dlt.by/image/catalog/easyphoto/1768/plitkorez-mehanicheskiy-dlt-slim-cutter-max-plus-1-5m-12.jpg,https://dlt.by/image/catalog/easyphoto/1768/plitkorez-mehanicheskiy-dlt-slim-cutter-max-plus-1-5m-13.jpg,https://dlt.by/image/catalog/easyphoto/1768/plitkorez-mehanicheskiy-dlt-slim-cutter-max-plus-1-5m-14.jpg,https://dlt.by/image/catalog/easyphoto/1768/plitkorez-mehanicheskiy-dlt-slim-cutter-max-plus-1-5m-15.jpg,https://dlt.by/image/catalog/easyphoto/1768/plitkorez-mehanicheskiy-dlt-slim-cutter-max-plus-1-5m-16.jpg,https://dlt.by/image/catalog/easyphoto/1768/plitkorez-mehanicheskiy-dlt-slim-cutter-max-plus-1-5m-17.jpg,https://dlt.by/image/catalog/easyphoto/1768/plitkorez-mehanicheskiy-dlt-slim-cutter-max-plus-1-5m-18.jpg,https://dlt.by/image/catalog/easyphoto/1768/plitkorez-mehanicheskiy-dlt-slim-cutter-max-plus-1-5m-19.jpg,https://dlt.by/image/catalog/easyphoto/1768/plitkorez-mehanicheskiy-dlt-slim-cutter-max-plus-1-5m-20.jpg,https://dlt.by/image/catalog/easyphoto/1768/plitkorez-mehanicheskiy-dlt-slim-cutter-max-plus-1-5m-21.jpg,https://dlt.by/image/catalog/easyphoto/1768/plitkorez-mehanicheskiy-dlt-slim-cutter-max-plus-1-5m-22.jpg,https://dlt.by/image/catalog/easyphoto/1768/plitkorez-mehanicheskiy-dlt-slim-cutter-max-plus-1-5m-23.jpg,https://dlt.by/image/catalog/easyphoto/1768/plitkorez-mehanicheskiy-dlt-slim-cutter-max-plus-1-5m-24.jpg,https://dlt.by/image/catalog/easyphoto/1768/plitkorez-mehanicheskiy-dlt-slim-cutter-max-plus-1-5m-25.jpg,https://dlt.by/image/catalog/easyphoto/1768/plitkorez-mehanicheskiy-dlt-slim-cutter-max-plus-1-5m-26.jpg,,,,,,,,,,,,,,,,,,,,,,,,"
"Плиткорез механический DLT Slim Cutter MAX-Plus 2.3м, арт.1326",Плиткорезы ручные>Плиткорезы DLT,1326,25 881.03,"https://dlt.by/image/catalog/easyphoto/1767/plitkorez-mehanicheskiy-dlt-slim-cutter-max-plus-2-3m-24.jpg,https://dlt.by/image/catalog/easyphoto/1767/plitkorez-mehanicheskiy-dlt-slim-cutter-max-plus-2-3m-26.jpg,https://dlt.by/image/catalog/easyphoto/1767/plitkorez-mehanicheskiy-dlt-slim-cutter-max-plus-2-3m-29.jpg,https://dlt.by/image/catalog/easyphoto/1767/plitkorez-mehanicheskiy-dlt-slim-cutter-max-plus-2-3m-25.jpg,https://dlt.by/image/catalog/easyphoto/1767/plitkorez-mehanicheskiy-dlt-slim-cutter-max-plus-2-3m-27.jpg,https://dlt.by/image/catalog/easyphoto/1767/plitkorez-mehanicheskiy-dlt-slim-cutter-max-plus-2-3m-28.jpg,https://dlt.by/image/catalog/easyphoto/1767/plitkorez-mehanicheskiy-dlt-slim-cutter-max-plus-2-3m-30.jpg,https://dlt.by/image/catalog/easyphoto/1767/plitkorez-mehanicheskiy-dlt-slim-cutter-max-plus-2-3m-31.jpg,https://dlt.by/image/catalog/easyphoto/1767/plitkorez-mehanicheskiy-dlt-slim-cutter-max-plus-2-3m-32.jpg,https://dlt.by/image/catalog/easyphoto/1767/plitkorez-mehanicheskiy-dlt-slim-cutter-max-plus-2-3m-33.jpg,https://dlt.by/image/catalog/easyphoto/1767/plitkorez-mehanicheskiy-dlt-slim-cutter-max-plus-2-3m-34.jpg,https://dlt.by/image/catalog/easyphoto/1767/plitkorez-mehanicheskiy-dlt-slim-cutter-max-plus-2-3m-35.jpg,https://dlt.by/image/catalog/easyphoto/1767/plitkorez-mehanicheskiy-dlt-slim-cutter-max-plus-2-3m-36.jpg,https://dlt.by/image/catalog/easyphoto/1767/plitkorez-mehanicheskiy-dlt-slim-cutter-max-plus-2-3m-37.jpg,https://dlt.by/image/catalog/easyphoto/1767/plitkorez-mehanicheskiy-dlt-slim-cutter-max-plus-2-3m-38.jpg,https://dlt.by/image/catalog/easyphoto/1767/plitkorez-mehanicheskiy-dlt-slim-cutter-max-plus-2-3m-39.jpg,https://dlt.by/image/catalog/easyphoto/1767/plitkorez-mehanicheskiy-dlt-slim-cutter-max-plus-2-3m-40.jpg,https://dlt.by/image/catalog/easyphoto/1767/plitkorez-mehanicheskiy-dlt-slim-cutter-max-plus-2-3m-41.jpg,https://dlt.by/image/catalog/easyphoto/1767/plitkorez-mehanicheskiy-dlt-slim-cutter-max-plus-2-3m-42.jpg,https://dlt.by/image/catalog/easyphoto/1767/plitkorez-mehanicheskiy-dlt-slim-cutter-max-plus-2-3m-43.jpg,https://dlt.by/image/catalog/easyphoto/1767/plitkorez-mehanicheskiy-dlt-slim-cutter-max-plus-2-3m-44.jpg,https://dlt.by/image/catalog/easyphoto/1767/plitkorez-mehanicheskiy-dlt-slim-cutter-max-plus-2-3m-45.jpg,,,,,,,,,,,,,,,,,,,,,,,,"
"Газовый гвоздезабивной монтажный пистолет Toua GSN50С, арт.1392",Монтажные пистолеты>Монтажные гвоздезабивные пистолеты,1392,34 487.98,"https://dlt.by/image/catalog/tovar/gsn50/50c/1.jpg,https://dlt.by/image/catalog/tovar/gsn50/50c/2.jpg,https://dlt.by/image/catalog/easyphoto/1765/gazovyy-gvozdezabivnoy-montazhnyy-pistolet-toua-gsn50s-1.jpg,https://dlt.by/image/catalog/easyphoto/1765/gazovyy-gvozdezabivnoy-montazhnyy-pistolet-toua-gsn50s-2.jpg,https://dlt.by/image/catalog/tovar/gsn50/50c/5.jpg,https://dlt.by/image/catalog/tovar/gsn50/50c/6.jpg,https://dlt.by/image/catalog/tovar/gsn50/50c/7.jpg,https://dlt.by/image/catalog/tovar/gsn50/50c/8.jpg,https://dlt.by/image/catalog/tovar/gsn50/50c/9.jpg,https://dlt.by/image/catalog/tovar/gsn50/50c/10.jpg,https://dlt.by/image/catalog/tovar/gsn50/50c/11.jpg,https://dlt.by/image/catalog/tovar/gsn50/50c/12.jpg,https://dlt.by/image/catalog/tovar/gsn50/50c/13.jpg,https://dlt.by/image/catalog/tovar/gsn50/50c/14.jpg,https://dlt.by/image/catalog/tovar/gsn50/50c/15.jpg,https://dlt.by/image/catalog/tovar/gsn50/50c/16.jpg,https://dlt.by/image/catalog/tovar/gsn50/50c/17.jpg,https://dlt.by/image/catalog/tovar/gsn50/50c/18.jpg,https://dlt.by/image/catalog/tovar/gsn50/50c/19.jpg,https://dlt.by/image/catalog/tovar/gsn50/50c/20.jpg,,,,,,,,,,,,,,,,,,,,,,,,,,"
"Сменная щетка на шлифмашину 225мм , арт.1323",Шлифовальные машины для стен/потолков/пола,1323,1 053.30,"https://dlt.by/image/catalog/tovar/1323/1.jpg,https://dlt.by/image/catalog/tovar/1323/2.jpg,,,,,,,,,,,,,,,,,,,,,,,,,,,,,,,,,,,,,,,,,,,,"
"Виброприсоска для укладки плитки DLT Vibro PRO-MAX, арт.1549",Инструмент для укладки плитки>Вибрационные присоски,1549,12 338.63,"https://dlt.by/image/catalog/easyphoto/1965/vibroprisoska-dlya-ukladki-plitki-dlt-vibro-pro-max-2.jpg,https://dlt.by/image/catalog/easyphoto/1965/vibroprisoska-dlya-ukladki-plitki-dlt-vibro-pro-max-3.jpg,https://dlt.by/image/catalog/easyphoto/1965/vibroprisoska-dlya-ukladki-plitki-dlt-vibro-pro-max-4.jpg,https://dlt.by/image/catalog/easyphoto/1965/vibroprisoska-dlya-ukladki-plitki-dlt-vibro-pro-max-5.jpg,https://dlt.by/image/catalog/easyphoto/1965/vibroprisoska-dlya-ukladki-plitki-dlt-vibro-pro-max-6.jpg,https://dlt.by/image/catalog/easyphoto/1965/vibroprisoska-dlya-ukladki-plitki-dlt-vibro-pro-max-7.jpg,https://dlt.by/image/catalog/easyphoto/1965/vibroprisoska-dlya-ukladki-plitki-dlt-vibro-pro-max-8.jpg,https://dlt.by/image/catalog/easyphoto/1965/vibroprisoska-dlya-ukladki-plitki-dlt-vibro-pro-max-9.jpg,https://dlt.by/image/catalog/easyphoto/1965/vibroprisoska-dlya-ukladki-plitki-dlt-vibro-pro-max-10.jpg,https://dlt.by/image/catalog/easyphoto/1965/vibroprisoska-dlya-ukladki-plitki-dlt-vibro-pro-max-11.jpg,https://dlt.by/image/catalog/easyphoto/1965/vibroprisoska-dlya-ukladki-plitki-dlt-vibro-pro-max-12.jpg,,,,,,,,,,,,,,,,,,,,,,,,,,,,,,,,,,,"
"Алмазный диск DLT №6 (Turbo-Y), 125мм (синий), арт.1290",Алмазная оснастка>Алмазные диски>Алмазные диски по керамике/керамограниту/граниту/мрамору,1290,752.36,"https://dlt.by/image/catalog/easyphoto/1771/almaznyy-disk-dlt-6-turbo-y-125mm-siniy-3.jpg,https://dlt.by/image/catalog/easyphoto/1771/almaznyy-disk-dlt-6-turbo-y-125mm-siniy-4.jpg,https://dlt.by/image/catalog/easyphoto/1771/almaznyy-disk-dlt-6-turbo-y-125mm-siniy-2.jpg,,,,,,,,,,,,,,,,,,,,,,,,,,,,,,,,,,,,,,,,,,,"
"Алмазный диск DLT №8 (Slim-CERAMIC), 115мм, арт.1410",Алмазная оснастка>Алмазные диски>Алмазные диски по керамике/керамограниту/граниту/мрамору,1410,1 294.05,"https://dlt.by/image/catalog/easyphoto/1772/almaznyy-disk-dlt-8-slim-ceramic-115mm-2.jpg,https://dlt.by/image/catalog/easyphoto/1772/almaznyy-disk-dlt-8-slim-ceramic-115mm-3.jpg,https://dlt.by/image/catalog/easyphoto/1772/almaznyy-disk-dlt-8-slim-ceramic-115mm-4.jpg,,,,,,,,,,,,,,,,,,,,,,,,,,,,,,,,,,,,,,,,,,,"
"Алмазный диск DLT №13 Turbo-X, 125мм, арт.1409",Алмазная оснастка>Алмазные диски>Алмазные диски по керамике/керамограниту/граниту/мрамору,1409,752.36,"https://dlt.by/image/catalog/tovar/almdisk/1409/new/1.jpg,https://dlt.by/image/catalog/tovar/almdisk/1409/new/2.jpg,https://dlt.by/image/catalog/tovar/almdisk/1409/new/3.jpg,,,,,,,,,,,,,,,,,,,,,,,,,,,,,,,,,,,,,,,,,,,"
"Алмазный диск по бетону DLT DLT №20 (Super Turbo), 125мм, арт.1420",Алмазная оснастка>Алмазные диски>Алмазные диски по бетону/железобетону,1420,872.73,"https://dlt.by/image/catalog/tovar/almdisk/1420/new/1.jpg,https://dlt.by/image/catalog/tovar/almdisk/1420/new/2.jpg,https://dlt.by/image/catalog/tovar/almdisk/1420/new/3.jpg,,,,,,,,,,,,,,,,,,,,,,,,,,,,,,,,,,,,,,,,,,,"
"Диск алмазный (алмазная чашка) DLT, 125мм FAN Standard, арт.1418",Алмазная оснастка>Алмазные диски>Чашки алмазные шлифовальные (алмазные фрезы),1418,1 354.24,"https://dlt.by/image/catalog/tovar/almdisk/1418/new/1.jpg,https://dlt.by/image/catalog/tovar/almdisk/1418/new/2.jpg,https://dlt.by/image/catalog/tovar/almdisk/1418/new/3.jpg,,,,,,,,,,,,,,,,,,,,,,,,,,,,,,,,,,,,,,,,,,,"
"Диск алмазный (алмазная чашка) DLT, 125мм FAN TOP, арт.1419",Алмазная оснастка>Алмазные диски>Чашки алмазные шлифовальные (алмазные фрезы),1419,2 046.41,"https://dlt.by/image/catalog/tovar/almdisk/1419/new/1.jpg,https://dlt.by/image/catalog/tovar/almdisk/1419/new/2.jpg,https://dlt.by/image/catalog/tovar/almdisk/1419/new/3.jpg,,,,,,,,,,,,,,,,,,,,,,,,,,,,,,,,,,,,,,,,,,,"
"Универсальный шлифовально-отрезной алмазный диск DLT №10 VACUUM, арт.1407",Алмазная оснастка>Алмазные диски>Универсальные шлифовально - отрезные алмазные диски,1407,1 504.71,"https://dlt.by/image/catalog/tovar/almdisk/1407/new/1.jpg,https://dlt.by/image/catalog/tovar/almdisk/1407/new/2.jpg,https://dlt.by/image/catalog/tovar/almdisk/1407/new/3.jpg,,,,,,,,,,,,,,,,,,,,,,,,,,,,,,,,,,,,,,,,,,,"
"Универсальный шлифовально-отрезной алмазный диск DLT №11 VACUUM, 115мм, арт.1421",Алмазная оснастка>Алмазные диски>Алмазные диски для мозаики и стекла,1421,511.60,"https://dlt.by/image/catalog/tovar/almdisk/1421/new/1.jpg,https://dlt.by/image/catalog/tovar/almdisk/1421/new/2.jpg,https://dlt.by/image/catalog/tovar/almdisk/1421/new/3.jpg,,,,,,,,,,,,,,,,,,,,,,,,,,,,,,,,,,,,,,,,,,,"
"Универсальный шлифовально-отрезной алмазный диск DLT №12 VACUUM, 125мм, арт.1422",Алмазная оснастка>Алмазные диски>Алмазные диски для мозаики и стекла,1422,571.79,"https://dlt.by/image/catalog/tovar/almdisk/1422/new/1.jpg,https://dlt.by/image/catalog/tovar/almdisk/1422/new/2.jpg,https://dlt.by/image/catalog/tovar/almdisk/1422/new/3.jpg,,,,,,,,,,,,,,,,,,,,,,,,,,,,,,,,,,,,,,,,,,,"
"Шлифмашина для стен и потолков MAX-XT R7503, арт.3344",Шлифовальные машины для стен/потолков/пола,3344,11 134.86,"https://dlt.by/image/catalog/easyphoto/4256/shlifmashina-dlya-sten-i-potolkov-max-xt-r7503-4.jpg,https://dlt.by/image/catalog/easyphoto/4256/shlifmashina-dlya-sten-i-potolkov-max-xt-r7503-5.jpg,https://dlt.by/image/catalog/easyphoto/4256/shlifmashina-dlya-sten-i-potolkov-max-xt-r7503-6.jpg,https://dlt.by/image/catalog/easyphoto/4256/shlifmashina-dlya-sten-i-potolkov-max-xt-r7503-7.jpg,https://dlt.by/image/catalog/easyphoto/4256/shlifmashina-dlya-sten-i-potolkov-max-xt-r7503-8.jpg,https://dlt.by/image/catalog/easyphoto/4256/shlifmashina-dlya-sten-i-potolkov-max-xt-r7503-9.jpg,https://dlt.by/image/catalog/easyphoto/4256/shlifmashina-dlya-sten-i-potolkov-max-xt-r7503-10.jpg,,,,,,,,,,,,,,,,,,,,,,,,,,,,,,,,,,,,,,,"
"Безвоздушный покрасочный аппарат MAX-XT R9221, арт.3345",Окрасочные аппараты и аксессуары,3345,21 968.79,"https://dlt.by/image/catalog/easyphoto/4254/bezvozdushnyy-pokrasochnyy-apparat-max-xt-r9221-art-3345-2.jpg,https://dlt.by/image/catalog/easyphoto/4254/bezvozdushnyy-pokrasochnyy-apparat-max-xt-r9221-art-3345-3.jpg,https://dlt.by/image/catalog/easyphoto/4254/bezvozdushnyy-pokrasochnyy-apparat-max-xt-r9221-art-3345-4.jpg,https://dlt.by/image/catalog/easyphoto/4254/bezvozdushnyy-pokrasochnyy-apparat-max-xt-r9221-art-3345-5.jpg,https://dlt.by/image/catalog/easyphoto/4254/bezvozdushnyy-pokrasochnyy-apparat-max-xt-r9221-art-3345-6.jpg,https://dlt.by/image/catalog/easyphoto/4254/bezvozdushnyy-pokrasochnyy-apparat-max-xt-r9221-art-3345-7.jpg,https://dlt.by/image/catalog/easyphoto/4254/bezvozdushnyy-pokrasochnyy-apparat-max-xt-r9221-art-3345-8.jpg,https://dlt.by/image/catalog/easyphoto/4254/bezvozdushnyy-pokrasochnyy-apparat-max-xt-r9221-art-3345-9.jpg,https://dlt.by/image/catalog/easyphoto/4254/bezvozdushnyy-pokrasochnyy-apparat-max-xt-r9221-art-3345-10.jpg,https://dlt.by/image/catalog/easyphoto/4254/bezvozdushnyy-pokrasochnyy-apparat-max-xt-r9221-art-3345-11.jpg,,,,,,,,,,,,,,,,,,,,,,,,,,,,,,,,,,,,"
"Плиткорез электрический DLT OptiTronic Auto-1200, рез до 1200мм, с АВТОМАТИКОЙ , арт.1405",Плиткорезы электрические (камнерезы/мокрорезы)>Плиткорезы DLT,1405,98 709.06,"https://dlt.by/image/catalog/easyphoto/1785/plitkorez-elektricheskiy-dlt-optitronic-auto-1200-rez-do-1200mm-s-avtomatikoy-shijing-9231-79.jpg,https://dlt.by/image/catalog/easyphoto/1785/plitkorez-elektricheskiy-dlt-optitronic-auto-1200-rez-do-1200mm-s-avtomatikoy-shijing-9231-37.jpg,https://dlt.by/image/catalog/easyphoto/1785/plitkorez-elektricheskiy-dlt-optitronic-auto-1200-rez-do-1200mm-s-avtomatikoy-shijing-9231-38.jpg,https://dlt.by/image/catalog/easyphoto/1785/plitkorez-elektricheskiy-dlt-optitronic-auto-1200-rez-do-1200mm-s-avtomatikoy-shijing-9231-39.jpg,https://dlt.by/image/catalog/easyphoto/1785/plitkorez-elektricheskiy-dlt-optitronic-auto-1200-rez-do-1200mm-s-avtomatikoy-shijing-9231-40.jpg,https://dlt.by/image/catalog/easyphoto/1785/plitkorez-elektricheskiy-dlt-optitronic-auto-1200-rez-do-1200mm-s-avtomatikoy-shijing-9231-41.jpg,https://dlt.by/image/catalog/easyphoto/1785/plitkorez-elektricheskiy-dlt-optitronic-auto-1200-rez-do-1200mm-s-avtomatikoy-shijing-9231-42.jpg,https://dlt.by/image/catalog/easyphoto/1785/plitkorez-elektricheskiy-dlt-optitronic-auto-1200-rez-do-1200mm-s-avtomatikoy-shijing-9231-43.jpg,https://dlt.by/image/catalog/easyphoto/1785/plitkorez-elektricheskiy-dlt-optitronic-auto-1200-rez-do-1200mm-s-avtomatikoy-shijing-9231-80.jpg,https://dlt.by/image/catalog/easyphoto/1785/plitkorez-elektricheskiy-dlt-optitronic-auto-1200-rez-do-1200mm-s-avtomatikoy-shijing-9231-45.jpg,https://dlt.by/image/catalog/easyphoto/1785/plitkorez-elektricheskiy-dlt-optitronic-auto-1200-rez-do-1200mm-s-avtomatikoy-shijing-9231-46.jpg,https://dlt.by/image/catalog/easyphoto/1785/plitkorez-elektricheskiy-dlt-optitronic-auto-1200-rez-do-1200mm-s-avtomatikoy-shijing-9231-47.jpg,https://dlt.by/image/catalog/easyphoto/1785/plitkorez-elektricheskiy-dlt-optitronic-auto-1200-rez-do-1200mm-s-avtomatikoy-shijing-9231-48.jpg,https://dlt.by/image/catalog/easyphoto/1785/plitkorez-elektricheskiy-dlt-optitronic-auto-1200-rez-do-1200mm-s-avtomatikoy-shijing-9231-49.png,https://dlt.by/image/catalog/easyphoto/1785/plitkorez-elektricheskiy-dlt-optitronic-auto-1200-rez-do-1200mm-s-avtomatikoy-shijing-9231-50.png,https://dlt.by/image/catalog/easyphoto/1785/plitkorez-elektricheskiy-dlt-optitronic-auto-1200-rez-do-1200mm-s-avtomatikoy-shijing-9231-51.png,https://dlt.by/image/catalog/easyphoto/1785/plitkorez-elektricheskiy-dlt-optitronic-auto-1200-rez-do-1200mm-s-avtomatikoy-shijing-9231-52.png,https://dlt.by/image/catalog/easyphoto/1785/plitkorez-elektricheskiy-dlt-optitronic-auto-1200-rez-do-1200mm-s-avtomatikoy-shijing-9231-53.png,https://dlt.by/image/catalog/easyphoto/1785/plitkorez-elektricheskiy-dlt-optitronic-auto-1200-rez-do-1200mm-s-avtomatikoy-shijing-9231-54.png,https://dlt.by/image/catalog/easyphoto/1785/plitkorez-elektricheskiy-dlt-optitronic-auto-1200-rez-do-1200mm-s-avtomatikoy-shijing-9231-55.png,https://dlt.by/image/catalog/easyphoto/1785/plitkorez-elektricheskiy-dlt-optitronic-auto-1200-rez-do-1200mm-s-avtomatikoy-shijing-9231-56.png,https://dlt.by/image/catalog/easyphoto/1785/plitkorez-elektricheskiy-dlt-optitronic-auto-1200-rez-do-1200mm-s-avtomatikoy-shijing-9231-57.png,https://dlt.by/image/catalog/easyphoto/1785/plitkorez-elektricheskiy-dlt-optitronic-auto-1200-rez-do-1200mm-s-avtomatikoy-shijing-9231-58.png,https://dlt.by/image/catalog/easyphoto/1785/plitkorez-elektricheskiy-dlt-optitronic-auto-1200-rez-do-1200mm-s-avtomatikoy-shijing-9231-59.jpg,https://dlt.by/image/catalog/easyphoto/1785/plitkorez-elektricheskiy-dlt-optitronic-auto-1200-rez-do-1200mm-s-avtomatikoy-shijing-9231-60.png,https://dlt.by/image/catalog/easyphoto/1785/plitkorez-elektricheskiy-dlt-optitronic-auto-1200-rez-do-1200mm-s-avtomatikoy-shijing-9231-61.jpg,https://dlt.by/image/catalog/easyphoto/1785/plitkorez-elektricheskiy-dlt-optitronic-auto-1200-rez-do-1200mm-s-avtomatikoy-shijing-9231-62.jpg,https://dlt.by/image/catalog/easyphoto/1785/plitkorez-elektricheskiy-dlt-optitronic-auto-1200-rez-do-1200mm-s-avtomatikoy-shijing-9231-63.jpg,https://dlt.by/image/catalog/easyphoto/1785/plitkorez-elektricheskiy-dlt-optitronic-auto-1200-rez-do-1200mm-s-avtomatikoy-shijing-9231-64.jpg,https://dlt.by/image/catalog/easyphoto/1785/plitkorez-elektricheskiy-dlt-optitronic-auto-1200-rez-do-1200mm-s-avtomatikoy-shijing-9231-65.jpg,https://dlt.by/image/catalog/easyphoto/1785/plitkorez-elektricheskiy-dlt-optitronic-auto-1200-rez-do-1200mm-s-avtomatikoy-shijing-9231-66.jpg,https://dlt.by/image/catalog/easyphoto/1785/plitkorez-elektricheskiy-dlt-optitronic-auto-1200-rez-do-1200mm-s-avtomatikoy-shijing-9231-68.png,https://dlt.by/image/catalog/easyphoto/1785/plitkorez-elektricheskiy-dlt-optitronic-auto-1200-rez-do-1200mm-s-avtomatikoy-shijing-9231-69.png,https://dlt.by/image/catalog/easyphoto/1785/plitkorez-elektricheskiy-dlt-optitronic-auto-1200-rez-do-1200mm-s-avtomatikoy-shijing-9231-70.png,https://dlt.by/image/catalog/easyphoto/1785/plitkorez-elektricheskiy-dlt-optitronic-auto-1200-rez-do-1200mm-s-avtomatikoy-shijing-9231-71.png,https://dlt.by/image/catalog/easyphoto/1785/plitkorez-elektricheskiy-dlt-optitronic-auto-1200-rez-do-1200mm-s-avtomatikoy-shijing-9231-72.jpg,https://dlt.by/image/catalog/easyphoto/1785/plitkorez-elektricheskiy-dlt-optitronic-auto-1200-rez-do-1200mm-s-avtomatikoy-shijing-9231-73.jpg,https://dlt.by/image/catalog/easyphoto/1785/plitkorez-elektricheskiy-dlt-optitronic-auto-1200-rez-do-1200mm-s-avtomatikoy-shijing-9231-74.jpg,https://dlt.by/image/catalog/easyphoto/1785/plitkorez-elektricheskiy-dlt-optitronic-auto-1200-rez-do-1200mm-s-avtomatikoy-shijing-9231-75.jpg,https://dlt.by/image/catalog/easyphoto/1785/plitkorez-elektricheskiy-dlt-optitronic-auto-1200-rez-do-1200mm-s-avtomatikoy-shijing-9231-76.jpg,https://dlt.by/image/catalog/easyphoto/1785/plitkorez-elektricheskiy-dlt-optitronic-auto-1200-rez-do-1200mm-s-avtomatikoy-shijing-9231-77.jpg,https://dlt.by/image/catalog/easyphoto/1785/plitkorez-elektricheskiy-dlt-optitronic-auto-1200-rez-do-1200mm-s-avtomatikoy-shijing-9231-78.jpg,,,,"
"Плиткорез электрический DLT OptiTronic Auto-1800, рез до 1800мм, с АВТОМАТИКОЙ , арт.1406",Плиткорезы электрические (камнерезы/мокрорезы)>Плиткорезы DLT,1406,141 442.86,"https://dlt.by/image/catalog/easyphoto/1786/plitkorez-elektricheskiy-dlt-optitronic-auto-1800-rez-do-1800mm-s-avtomatikoy-shijing-9251-37.jpg,https://dlt.by/image/catalog/easyphoto/1786/plitkorez-elektricheskiy-dlt-optitronic-auto-1800-rez-do-1800mm-s-avtomatikoy-shijing-9251-38.jpg,https://dlt.by/image/catalog/easyphoto/1786/plitkorez-elektricheskiy-dlt-optitronic-auto-1800-rez-do-1800mm-s-avtomatikoy-shijing-9251-39.jpg,https://dlt.by/image/catalog/easyphoto/1786/plitkorez-elektricheskiy-dlt-optitronic-auto-1800-rez-do-1800mm-s-avtomatikoy-shijing-9251-40.jpg,https://dlt.by/image/catalog/easyphoto/1786/plitkorez-elektricheskiy-dlt-optitronic-auto-1800-rez-do-1800mm-s-avtomatikoy-shijing-9251-41.jpg,https://dlt.by/image/catalog/easyphoto/1786/plitkorez-elektricheskiy-dlt-optitronic-auto-1800-rez-do-1800mm-s-avtomatikoy-shijing-9251-42.jpg,https://dlt.by/image/catalog/easyphoto/1786/plitkorez-elektricheskiy-dlt-optitronic-auto-1800-rez-do-1800mm-s-avtomatikoy-shijing-9251-43.jpg,https://dlt.by/image/catalog/easyphoto/1786/plitkorez-elektricheskiy-dlt-optitronic-auto-1800-rez-do-1800mm-s-avtomatikoy-shijing-9251-44.jpg,https://dlt.by/image/catalog/easyphoto/1786/plitkorez-elektricheskiy-dlt-optitronic-auto-1800-rez-do-1800mm-s-avtomatikoy-shijing-9251-45.jpg,https://dlt.by/image/catalog/easyphoto/1786/plitkorez-elektricheskiy-dlt-optitronic-auto-1800-rez-do-1800mm-s-avtomatikoy-shijing-9251-46.jpg,https://dlt.by/image/catalog/easyphoto/1786/plitkorez-elektricheskiy-dlt-optitronic-auto-1800-rez-do-1800mm-s-avtomatikoy-shijing-9251-47.jpg,https://dlt.by/image/catalog/easyphoto/1786/plitkorez-elektricheskiy-dlt-optitronic-auto-1800-rez-do-1800mm-s-avtomatikoy-shijing-9251-48.jpg,https://dlt.by/image/catalog/easyphoto/1786/plitkorez-elektricheskiy-dlt-optitronic-auto-1800-rez-do-1800mm-s-avtomatikoy-shijing-9251-49.jpg,https://dlt.by/image/catalog/easyphoto/1786/plitkorez-elektricheskiy-dlt-optitronic-auto-1800-rez-do-1800mm-s-avtomatikoy-shijing-9251-50.png,https://dlt.by/image/catalog/easyphoto/1786/plitkorez-elektricheskiy-dlt-optitronic-auto-1800-rez-do-1800mm-s-avtomatikoy-shijing-9251-51.png,https://dlt.by/image/catalog/easyphoto/1786/plitkorez-elektricheskiy-dlt-optitronic-auto-1800-rez-do-1800mm-s-avtomatikoy-shijing-9251-52.png,https://dlt.by/image/catalog/easyphoto/1786/plitkorez-elektricheskiy-dlt-optitronic-auto-1800-rez-do-1800mm-s-avtomatikoy-shijing-9251-53.png,https://dlt.by/image/catalog/easyphoto/1786/plitkorez-elektricheskiy-dlt-optitronic-auto-1800-rez-do-1800mm-s-avtomatikoy-shijing-9251-54.png,https://dlt.by/image/catalog/easyphoto/1786/plitkorez-elektricheskiy-dlt-optitronic-auto-1800-rez-do-1800mm-s-avtomatikoy-shijing-9251-55.png,https://dlt.by/image/catalog/easyphoto/1786/plitkorez-elektricheskiy-dlt-optitronic-auto-1800-rez-do-1800mm-s-avtomatikoy-shijing-9251-56.png,https://dlt.by/image/catalog/easyphoto/1786/plitkorez-elektricheskiy-dlt-optitronic-auto-1800-rez-do-1800mm-s-avtomatikoy-shijing-9251-57.png,https://dlt.by/image/catalog/easyphoto/1786/plitkorez-elektricheskiy-dlt-optitronic-auto-1800-rez-do-1800mm-s-avtomatikoy-shijing-9251-58.png,https://dlt.by/image/catalog/easyphoto/1786/plitkorez-elektricheskiy-dlt-optitronic-auto-1800-rez-do-1800mm-s-avtomatikoy-shijing-9251-59.png,https://dlt.by/image/catalog/easyphoto/1786/plitkorez-elektricheskiy-dlt-optitronic-auto-1800-rez-do-1800mm-s-avtomatikoy-shijing-9251-60.jpg,https://dlt.by/image/catalog/easyphoto/1786/plitkorez-elektricheskiy-dlt-optitronic-auto-1800-rez-do-1800mm-s-avtomatikoy-shijing-9251-61.png,https://dlt.by/image/catalog/easyphoto/1786/plitkorez-elektricheskiy-dlt-optitronic-auto-1800-rez-do-1800mm-s-avtomatikoy-shijing-9251-62.jpg,https://dlt.by/image/catalog/easyphoto/1786/plitkorez-elektricheskiy-dlt-optitronic-auto-1800-rez-do-1800mm-s-avtomatikoy-shijing-9251-63.jpg,https://dlt.by/image/catalog/easyphoto/1786/plitkorez-elektricheskiy-dlt-optitronic-auto-1800-rez-do-1800mm-s-avtomatikoy-shijing-9251-64.jpg,https://dlt.by/image/catalog/easyphoto/1786/plitkorez-elektricheskiy-dlt-optitronic-auto-1800-rez-do-1800mm-s-avtomatikoy-shijing-9251-65.jpg,https://dlt.by/image/catalog/easyphoto/1786/plitkorez-elektricheskiy-dlt-optitronic-auto-1800-rez-do-1800mm-s-avtomatikoy-shijing-9251-66.jpg,https://dlt.by/image/catalog/easyphoto/1786/plitkorez-elektricheskiy-dlt-optitronic-auto-1800-rez-do-1800mm-s-avtomatikoy-shijing-9251-67.jpg,https://dlt.by/image/catalog/easyphoto/1786/plitkorez-elektricheskiy-dlt-optitronic-auto-1800-rez-do-1800mm-s-avtomatikoy-shijing-9251-69.png,https://dlt.by/image/catalog/easyphoto/1786/plitkorez-elektricheskiy-dlt-optitronic-auto-1800-rez-do-1800mm-s-avtomatikoy-shijing-9251-70.png,https://dlt.by/image/catalog/easyphoto/1786/plitkorez-elektricheskiy-dlt-optitronic-auto-1800-rez-do-1800mm-s-avtomatikoy-shijing-9251-71.png,https://dlt.by/image/catalog/easyphoto/1786/plitkorez-elektricheskiy-dlt-optitronic-auto-1800-rez-do-1800mm-s-avtomatikoy-shijing-9251-72.png,https://dlt.by/image/catalog/easyphoto/1786/plitkorez-elektricheskiy-dlt-optitronic-auto-1800-rez-do-1800mm-s-avtomatikoy-shijing-9251-73.jpg,https://dlt.by/image/catalog/easyphoto/1786/plitkorez-elektricheskiy-dlt-optitronic-auto-1800-rez-do-1800mm-s-avtomatikoy-shijing-9251-74.jpg,https://dlt.by/image/catalog/easyphoto/1786/plitkorez-elektricheskiy-dlt-optitronic-auto-1800-rez-do-1800mm-s-avtomatikoy-shijing-9251-75.jpg,https://dlt.by/image/catalog/easyphoto/1786/plitkorez-elektricheskiy-dlt-optitronic-auto-1800-rez-do-1800mm-s-avtomatikoy-shijing-9251-76.jpg,https://dlt.by/image/catalog/easyphoto/1786/plitkorez-elektricheskiy-dlt-optitronic-auto-1800-rez-do-1800mm-s-avtomatikoy-shijing-9251-77.jpg,https://dlt.by/image/catalog/easyphoto/1786/plitkorez-elektricheskiy-dlt-optitronic-auto-1800-rez-do-1800mm-s-avtomatikoy-shijing-9251-78.jpg,https://dlt.by/image/catalog/easyphoto/1786/plitkorez-elektricheskiy-dlt-optitronic-auto-1800-rez-do-1800mm-s-avtomatikoy-shijing-9251-79.jpg,,,,"
"Шлифмашина Жираф DLT GrandFlex V02 (R7202), арт.1413",Шлифовальные машины для стен/потолков/пола>Шлифмашины Жираф,1413,20 765.02,"https://dlt.by/image/catalog/easyphoto/1787/shlifmashina-zhiraf-dlt-max-xt-r7202-1.jpg,https://dlt.by/image/catalog/easyphoto/1787/shlifmashina-zhiraf-dlt-max-xt-r7202-2.jpg,https://dlt.by/image/catalog/easyphoto/1787/shlifmashina-zhiraf-dlt-max-xt-r7202-3.jpg,https://dlt.by/image/catalog/easyphoto/1787/shlifmashina-zhiraf-dlt-max-xt-r7202-4.jpg,https://dlt.by/image/catalog/easyphoto/1787/shlifmashina-zhiraf-dlt-max-xt-r7202-5.jpg,https://dlt.by/image/catalog/easyphoto/1787/shlifmashina-zhiraf-dlt-max-xt-r7202-6.jpg,https://dlt.by/image/catalog/easyphoto/1787/shlifmashina-zhiraf-dlt-max-xt-r7202-7.jpg,https://dlt.by/image/catalog/easyphoto/1787/shlifmashina-zhiraf-dlt-max-xt-r7202-8.jpg,https://dlt.by/image/catalog/easyphoto/1787/shlifmashina-zhiraf-dlt-max-xt-r7202-9.jpg,https://dlt.by/image/catalog/easyphoto/1787/shlifmashina-zhiraf-dlt-max-xt-r7202-10.jpg,https://dlt.by/image/catalog/easyphoto/1787/shlifmashina-zhiraf-dlt-max-xt-r7202-11.jpg,https://dlt.by/image/catalog/easyphoto/1787/shlifmashina-zhiraf-dlt-max-xt-r7202-12.jpg,,,,,,,,,,,,,,,,,,,,,,,,,,,,,,,,,,"
"Шлифмашина эксцентриковая (орбитальная) DLT max-XT R7303, арт.1412",Шлифовальные машины для стен/потолков/пола>Шлифмашины Жираф,1412,21 818.31,"https://dlt.by/image/catalog/tovar/7303/new/1.jpg,https://dlt.by/image/catalog/tovar/7303/new/2.jpg,https://dlt.by/image/catalog/tovar/7303/new/3.jpg,https://dlt.by/image/catalog/tovar/7303/new/4.jpg,https://dlt.by/image/catalog/tovar/7303/new/5.jpg,https://dlt.by/image/catalog/tovar/7303/new/6.jpg,https://dlt.by/image/catalog/tovar/7303/new/7.jpg,https://dlt.by/image/catalog/tovar/7303/new/8.jpg,https://dlt.by/image/catalog/tovar/7303/new/9.jpg,https://dlt.by/image/catalog/tovar/7303/new/10.jpg,,,,,,,,,,,,,,,,,,,,,,,,,,,,,,,,,,,,"
"Запасной защитный кожух для шлифмашины DLT R7232/GrandFlex V32, арт.2026",Запчасти>Шлифмашины ручные/жираф,2026,692.17,",,,,,,,,,,,,,,,,,,,,,,,,,,,,,,,,,,,,,,,,,,,,,"
"Быстросъемная струбцина (прищепка) для держателя DLT ND1, арт.0622",Аксессуары к нивелирам,622,1 053.30,"https://dlt.by/image/catalog/tovar/str/izobrazhenie_viber_2023-02-23_15-56-08-495.jpg,https://dlt.by/image/catalog/easyphoto/1791/bystrosemnaya-strubtsina-prishchepka-dlt-str1-1.jpg,,,,,,,,,,,,,,,,,,,,,,,,,,,,,,,,,,,,,,,,,,,,"
"Светильник общего света и для покрасочных работ Lossew Lamp C1, арт.1430",Лампы маляра,1430,10 232.04,"https://dlt.by/image/catalog/easyphoto/1792/svetilnik-obshchego-sveta-i-dlya-pokrasochnyh-rabot-lossew-lamp-c1-art-1430-3.jpg,https://dlt.by/image/catalog/easyphoto/1792/svetilnik-obshchego-sveta-i-dlya-pokrasochnyh-rabot-lossew-lamp-c1-art-1430-4.jpg,https://dlt.by/image/catalog/easyphoto/1792/svetilnik-obshchego-sveta-i-dlya-pokrasochnyh-rabot-lossew-lamp-c1-art-1430-5.jpg,https://dlt.by/image/catalog/easyphoto/1792/svetilnik-obshchego-sveta-i-dlya-pokrasochnyh-rabot-lossew-lamp-c1-art-1430-6.jpg,https://dlt.by/image/catalog/easyphoto/1792/svetilnik-obshchego-sveta-i-dlya-pokrasochnyh-rabot-lossew-lamp-c1-art-1430-7.jpg,https://dlt.by/image/catalog/easyphoto/1792/svetilnik-obshchego-sveta-i-dlya-pokrasochnyh-rabot-lossew-lamp-c1-art-1430-8.jpg,,,,,,,,,,,,,,,,,,,,,,,,,,,,,,,,,,,,,,,,"
"Алмазный диск DLT №17 (Slim-CERAMIC), 125мм, арт.1417",Алмазная оснастка>Алмазные диски>Алмазные диски по керамике/керамограниту/граниту/мрамору,1417,1 354.24,"https://dlt.by/image/catalog/easyphoto/1793/almaznyy-disk-dlt-17-slim-ceramic-125mm-1.jpg,https://dlt.by/image/catalog/easyphoto/1793/almaznyy-disk-dlt-17-slim-ceramic-125mm-2.jpg,https://dlt.by/image/catalog/easyphoto/1793/almaznyy-disk-dlt-17-slim-ceramic-125mm-3.jpg,,,,,,,,,,,,,,,,,,,,,,,,,,,,,,,,,,,,,,,,,,,"
"Алмазный диск DLT №19 (SUPER THIN TURBO), 125мм, арт.1424",Алмазная оснастка>Алмазные диски>Алмазные диски по керамике/керамограниту/граниту/мрамору,1424,842.64,"https://dlt.by/image/catalog/easyphoto/1794/almaznyy-disk-dlt-19-super-thin-turbo-125mm-1.jpg,https://dlt.by/image/catalog/easyphoto/1794/almaznyy-disk-dlt-19-super-thin-turbo-125mm-2.jpg,https://dlt.by/image/catalog/easyphoto/1794/almaznyy-disk-dlt-19-super-thin-turbo-125mm-3.jpg,,,,,,,,,,,,,,,,,,,,,,,,,,,,,,,,,,,,,,,,,,,"
"Скребок многофункциональный строительный №1, арт.1425",Инструмент для укладки плитки>Многофункц. шпатели (скребки),1425,752.36,"https://dlt.by/image/catalog/tovar/skr/num1/new/1.jpg,https://dlt.by/image/catalog/tovar/skr/num1/new/2.jpg,https://dlt.by/image/catalog/tovar/skr/num1/new/3.jpg,https://dlt.by/image/catalog/tovar/skr/num1/new/4.jpg,,,,,,,,,,,,,,,,,,,,,,,,,,,,,,,,,,,,,,,,,,"
"Скребок многофункциональный строительный №2, арт.1426",Инструмент для укладки плитки>Многофункц. шпатели (скребки),1426,511.60,"https://dlt.by/image/catalog/tovar/skr/num2/new/1.jpg,https://dlt.by/image/catalog/easyphoto/1796/skrebok-mnogofunktsionalnyy-stroitelnyy-2-1.jpg,https://dlt.by/image/catalog/easyphoto/1796/skrebok-mnogofunktsionalnyy-stroitelnyy-2-2.jpg,https://dlt.by/image/catalog/easyphoto/1796/skrebok-mnogofunktsionalnyy-stroitelnyy-2-3.jpg,,,,,,,,,,,,,,,,,,,,,,,,,,,,,,,,,,,,,,,,,,"
"Скребок многофункциональный строительный №3, арт.1427",Инструмент для укладки плитки>Многофункц. шпатели (скребки),1427,511.60,"https://dlt.by/image/catalog/tovar/skr/num3/new/1.jpg,https://dlt.by/image/catalog/easyphoto/1797/skrebok-mnogofunktsionalnyy-stroitelnyy-3-1.jpg,https://dlt.by/image/catalog/easyphoto/1797/skrebok-mnogofunktsionalnyy-stroitelnyy-3-2.jpg,https://dlt.by/image/catalog/easyphoto/1797/skrebok-mnogofunktsionalnyy-stroitelnyy-3-3.jpg,,,,,,,,,,,,,,,,,,,,,,,,,,,,,,,,,,,,,,,,,,"
"Шлифовальный круг DLT №21, #60, арт.1428",Алмазная оснастка>Алмазные диски>Чашки алмазные шлифовальные (алмазные фрезы),1428,3 912.25,"https://dlt.by/image/catalog/tovar/almdisk/1428/1.jpg,https://dlt.by/image/catalog/tovar/almdisk/1428/2.jpg,https://dlt.by/image/catalog/tovar/almdisk/1428/3.jpg,,,,,,,,,,,,,,,,,,,,,,,,,,,,,,,,,,,,,,,,,,,"
"Шлифовальный круг DLT №22, #120, арт.1429",Алмазная оснастка>Алмазные диски,1429,3 912.25,"https://dlt.by/image/catalog/tovar/almdisk/1429/1.jpg,https://dlt.by/image/catalog/tovar/almdisk/1429/2.jpg,https://dlt.by/image/catalog/tovar/almdisk/1429/3.jpg,,,,,,,,,,,,,,,,,,,,,,,,,,,,,,,,,,,,,,,,,,,"
"Крепления для штукатурных маяков (50шт.), арт.1435",Инструмент для укладки плитки>Маяки для наливного пола,1435,276.87,"https://dlt.by/image/catalog/easyphoto/1800/krepleniya-dlya-shtukaturnyh-mayakov-50sht-1.jpg,https://dlt.by/image/catalog/tovar/krepl/mv0an0zu-800x800.jpg,https://dlt.by/image/catalog/tovar/krepl/oriprg.png,,,,,,,,,,,,,,,,,,,,,,,,,,,,,,,,,,,,,,,,,,,"
"HEPA-фильтр для пылесоса, арт.1113",Пылесосы строительные>Фильтры и мешки-пылесборники,1113,752.36,"https://dlt.by/image/catalog/tovar/hepa/izobrazhenie_viber_2023-03-10_10-49-10-672.jpg,https://dlt.by/image/catalog/tovar/hepa/izobrazhenie_viber_2023-03-10_10-49-10-103.jpg,https://dlt.by/image/catalog/tovar/hepa/izobrazhenie_viber_2023-03-10_10-49-10-391.jpg,,,,,,,,,,,,,,,,,,,,,,,,,,,,,,,,,,,,,,,,,,,"
"Виброприсоска для укладки плитки BIHUI, арт.LFTBU",Инструмент для укладки плитки>Вибрационные присоски,LFTBU,13 542.40,"https://dlt.by/image/catalog/tovar/lftbu/1-800x800.jpg,https://dlt.by/image/catalog/easyphoto/1802/vibroprisoska-dlya-ukladki-plitki-bihui-lftbu-3.jpg,https://dlt.by/image/catalog/easyphoto/1802/vibroprisoska-dlya-ukladki-plitki-bihui-lftbu-4.jpg,https://dlt.by/image/catalog/easyphoto/1802/vibroprisoska-dlya-ukladki-plitki-bihui-lftbu-5.jpg,https://dlt.by/image/catalog/easyphoto/1802/vibroprisoska-dlya-ukladki-plitki-bihui-lftbu-6.jpg,https://dlt.by/image/catalog/easyphoto/1802/vibroprisoska-dlya-ukladki-plitki-bihui-lftbu-7.jpg,https://dlt.by/image/catalog/easyphoto/1802/vibroprisoska-dlya-ukladki-plitki-bihui-lftbu-8.jpg,https://dlt.by/image/catalog/easyphoto/1802/vibroprisoska-dlya-ukladki-plitki-bihui-lftbu-9.jpg,https://dlt.by/image/catalog/easyphoto/1802/vibroprisoska-dlya-ukladki-plitki-bihui-lftbu-10.jpg,https://dlt.by/image/catalog/easyphoto/1802/vibroprisoska-dlya-ukladki-plitki-bihui-lftbu-11.jpg,https://dlt.by/image/catalog/easyphoto/1802/vibroprisoska-dlya-ukladki-plitki-bihui-lftbu-12.jpg,https://dlt.by/image/catalog/easyphoto/1802/vibroprisoska-dlya-ukladki-plitki-bihui-lftbu-13.jpg,https://dlt.by/image/catalog/easyphoto/1802/vibroprisoska-dlya-ukladki-plitki-bihui-lftbu-14.jpg,https://dlt.by/image/catalog/easyphoto/1802/vibroprisoska-dlya-ukladki-plitki-bihui-lftbu-15.jpg,,,,,,,,,,,,,,,,,,,,,,,,,,,,,,,,"
"Запасные щётки электрического плиткореза DLT OptiTronic Auto, версия MAX, арт.3271",Запчасти>Плиткорезы электрические,3271,963.02,"https://dlt.by/image/catalog/easyphoto/4229/zapasnye-shchetki-elektricheskogo-plitkoreza-dlt-optitronic-auto-versiya-max-art-3271-2.jpg,,,,,,,,,,,,,,,,,,,,,,,,,,,,,,,,,,,,,,,,,,,,,"
"Разделитель плитки (сепаратор) DLT от 0 до 30мм, арт.1448",Плиткорезы ручные>Аксессуары для ручных плиткорезов ,1448,4 514.13,"https://dlt.by/image/catalog/easyphoto/1807/razdelitel-plitki-separator-dlt-ot-0-do-30mm-1.jpg,https://dlt.by/image/catalog/easyphoto/1807/razdelitel-plitki-separator-dlt-ot-0-do-30mm-2.jpg,https://dlt.by/image/catalog/easyphoto/1807/razdelitel-plitki-separator-dlt-ot-0-do-30mm-3.jpg,,,,,,,,,,,,,,,,,,,,,,,,,,,,,,,,,,,,,,,,,,,"
"Алмазный диск KATANA X-Type 125мм, арт.1726",Алмазная оснастка>Алмазные диски>Алмазные диски по керамике/керамограниту/граниту/мрамору,1726,1 655.18,"https://dlt.by/image/catalog/easyphoto/1808/almaznyy-disk-katana-x-type-125mm-2.jpg,https://dlt.by/image/catalog/easyphoto/1808/almaznyy-disk-katana-x-type-125mm-3.jpg,https://dlt.by/image/catalog/easyphoto/1808/almaznyy-disk-katana-x-type-125mm-4.jpg,https://dlt.by/image/catalog/easyphoto/1808/almaznyy-disk-katana-x-type-125mm-5.jpg,https://dlt.by/image/catalog/easyphoto/1808/almaznyy-disk-katana-x-type-125mm-6.jpg,https://dlt.by/image/catalog/easyphoto/1808/disk-almaznyy-dlya-plitkoreza-shijing-105mm-slab-1.jpg,https://dlt.by/image/catalog/easyphoto/1808/almaznyy-disk-katana-x-type-125mm-9.jpg,https://dlt.by/image/catalog/easyphoto/1808/almaznyy-disk-katana-x-type-125mm-8.jpg,https://dlt.by/image/catalog/easyphoto/1808/almaznyy-disk-katana-x-type-125mm-7.jpg,https://dlt.by/image/catalog/easyphoto/1808/almaznyy-disk-katana-x-type-125mm-10.jpg,,,,,,,,,,,,,,,,,,,,,,,,,,,,,,,,,,,,"
"Инструмент для очистки плиточных швов BIHUI, арт.TGRS2",Бренды>BIHUI Tools Инструмент для укладки плитки Бихуэй (бихуй),TGRS2,421.32,"https://dlt.by/image/catalog/easyphoto/1916/instrument-dlya-ochistki-plitochnyh-shvov-bihui-art-tgrs2-4.jpg,https://dlt.by/image/catalog/easyphoto/2011/instrument-dlya-ochistki-plitochnyh-shvov-bihui-art-tgrs2-1.jpg,https://dlt.by/image/catalog/easyphoto/2011/instrument-dlya-ochistki-plitochnyh-shvov-bihui-art-tgrs2-3.jpg,https://dlt.by/image/catalog/easyphoto/2011/instrument-dlya-ochistki-plitochnyh-shvov-bihui-art-tgrs2-2.jpg,,,,,,,,,,,,,,,,,,,,,,,,,,,,,,,,,,,,,,,,,,"
"Диск алмазный для плиткореза, SHIJING, 105мм, SLAB TOP, арт.1443",Алмазная оснастка>Алмазные диски>Алмазные диски для электрических плиткорезов,1443,932.92,"https://dlt.by/image/catalog/easyphoto/1809/disk-almaznyy-dlya-plitkoreza-shijing-105mm-slab-top-1.jpg,https://dlt.by/image/catalog/easyphoto/1809/disk-almaznyy-dlya-plitkoreza-shijing-105mm-slab-top-2.jpg,https://dlt.by/image/catalog/easyphoto/1809/disk-almaznyy-dlya-plitkoreza-shijing-105mm-slab-top-3.jpg,https://dlt.by/image/catalog/easyphoto/1809/disk-almaznyy-dlya-plitkoreza-shijing-105mm-slab-top-4.jpg,,,,,,,,,,,,,,,,,,,,,,,,,,,,,,,,,,,,,,,,,,"
"Диск алмазный для плиткореза, SHIJING, 105мм, Сeramics TOP, арт.1442",Алмазная оснастка>Алмазные диски>Алмазные диски для электрических плиткорезов,1442,752.36,"https://dlt.by/image/catalog/easyphoto/1810/disk-almaznyy-dlya-plitkoreza-shijing-105mm-seramics-top-1.jpg,https://dlt.by/image/catalog/easyphoto/1810/disk-almaznyy-dlya-plitkoreza-shijing-105mm-seramics-top-2.jpg,https://dlt.by/image/catalog/easyphoto/1810/disk-almaznyy-dlya-plitkoreza-shijing-105mm-seramics-top-3.jpg,https://dlt.by/image/catalog/easyphoto/1810/disk-almaznyy-dlya-plitkoreza-shijing-105mm-seramics-top-4.jpg,,,,,,,,,,,,,,,,,,,,,,,,,,,,,,,,,,,,,,,,,,"
"Валик для нанесения шпатлевки с бюгелем DLT 23см, ворс 10мм, арт.1438",Малярный и штукатурный инструмент>Валики для нанесения шпатлевки,1438,662.07,"https://dlt.by/image/catalog/easyphoto/1811/valik-dlya-naneseniya-shpatlevki-s-byugelem-dlt-23sm-vors-10mm-art-1438-5.jpg,https://dlt.by/image/catalog/easyphoto/1811/valik-dlya-naneseniya-shpatlevki-s-byugelem-dlt-23sm-vors-10mm-art-1438-8.jpg,https://dlt.by/image/catalog/easyphoto/1811/valik-dlya-naneseniya-shpatlevki-s-byugelem-dlt-23sm-vors-10mm-art-1438-6.jpg,https://dlt.by/image/catalog/easyphoto/1811/valik-dlya-naneseniya-shpatlevki-s-byugelem-dlt-23sm-vors-10mm-art-1438-7.jpg,,,,,,,,,,,,,,,,,,,,,,,,,,,,,,,,,,,,,,,,,,"
"Диск алмазный для плиткореза, SHIJING, 130мм, арт.1446",Алмазная оснастка>Алмазные диски>Алмазные диски для электрических плиткорезов,1446,902.83,"https://dlt.by/image/catalog/tovar/almdisk_shijing/2-1.jpg,https://dlt.by/image/catalog/tovar/almdisk_shijing/3.jpg,https://dlt.by/image/catalog/tovar/almdisk_shijing/1-1.jpg,,,,,,,,,,,,,,,,,,,,,,,,,,,,,,,,,,,,,,,,,,,"
"Перчатки строительные BIHUI с латексным покрытием, размер 11(XXL), арт.TGDXXL",Плиткорезы ручные,TGDXXL,367.15,"https://dlt.by/image/catalog/easyphoto/1817/perchatki-stroitelnye-bihui-s-lateksnym-pokrytiem-razmer-11-xxl-art-tgdxxl-1.jpg,https://dlt.by/image/catalog/easyphoto/1817/perchatki-stroitelnye-bihui-s-lateksnym-pokrytiem-razmer-11-xxl-art-tgdxxl-2.jpg,https://dlt.by/image/catalog/easyphoto/1817/perchatki-stroitelnye-bihui-s-lateksnym-pokrytiem-razmer-11-xxl-art-tgdxxl-3.jpg,https://dlt.by/image/catalog/easyphoto/1817/perchatki-stroitelnye-bihui-s-lateksnym-pokrytiem-razmer-11-xxl-art-tgdxxl-4.jpg,,,,,,,,,,,,,,,,,,,,,,,,,,,,,,,,,,,,,,,,,,"
"Кельма четырехугольная BIHUI,120мм (мастерок), арт.BTCHB4",Шпателя для механизированной шпатлевки>Кельмы/мастерки,BTCHB4,391.22,"https://dlt.by/image/catalog/easyphoto/1818/kelma-chetyrehugolnaya-bihui-120mm-masterok-art-btchb4-2.jpg,https://dlt.by/image/catalog/easyphoto/1818/kelma-chetyrehugolnaya-bihui-120mm-masterok-art-btchb4-3.jpg,https://dlt.by/image/catalog/easyphoto/1818/kelma-chetyrehugolnaya-bihui-120mm-masterok-art-btchb4-4.jpg,,,,,,,,,,,,,,,,,,,,,,,,,,,,,,,,,,,,,,,,,,,"
"Терка для цементной затирки BIHUI 280 * 140 мм, полиуретан, арт.CFES11",Малярный и штукатурный инструмент>Тёрки для отделочных работ,CFES11,391.22,"https://dlt.by/image/catalog/easyphoto/1819/shpatel-zatirochnyy-dlya-tsementnoy-zatirki-bihui-art-cfes11-2.jpg,https://dlt.by/image/catalog/easyphoto/1819/shpatel-zatirochnyy-dlya-tsementnoy-zatirki-bihui-art-cfes11-3.jpg,https://dlt.by/image/catalog/easyphoto/1819/shpatel-zatirochnyy-dlya-tsementnoy-zatirki-bihui-art-cfes11-4.jpg,,,,,,,,,,,,,,,,,,,,,,,,,,,,,,,,,,,,,,,,,,,"
"Диск алмазный BIHUI B-Fast, 125мм, арт.DCDF125",Алмазная оснастка>Алмазные диски>Алмазные диски по керамике/керамограниту/граниту/мрамору,DCDF125,3 942.34,"https://dlt.by/image/catalog/easyphoto/1820/disk-almaznyy-bihui-b-fast-125mm-art-dcdf125-4.jpg,https://dlt.by/image/catalog/easyphoto/1820/disk-almaznyy-bihui-b-fast-125mm-art-dcdf125-2.jpg,https://dlt.by/image/catalog/easyphoto/1820/disk-almaznyy-bihui-b-fast-125mm-art-dcdf125-3.jpg,https://dlt.by/image/catalog/easyphoto/1820/disk-almaznyy-bihui-b-fast-125mm-art-dcdf125-5.jpg,,,,,,,,,,,,,,,,,,,,,,,,,,,,,,,,,,,,,,,,,,"
"Шлифовальный круг для плитки и камня BIHUI, арт.DGW50",Алмазная оснастка>Алмазные диски>Чашки алмазные шлифовальные (алмазные фрезы),DGW50,2 196.88,"https://dlt.by/image/catalog/easyphoto/1821/shlifovalnyy-krug-dlya-plitki-i-kamnya-bihui-art-dgw50-3.jpg,https://dlt.by/image/catalog/easyphoto/1821/shlifovalnyy-krug-dlya-plitki-i-kamnya-bihui-art-dgw50-4.jpg,https://dlt.by/image/catalog/easyphoto/1821/shlifovalnyy-krug-dlya-plitki-i-kamnya-bihui-art-dgw50-5.jpg,https://dlt.by/image/catalog/easyphoto/1821/shlifovalnyy-krug-dlya-plitki-i-kamnya-bihui-art-dgw50-6.jpg,,,,,,,,,,,,,,,,,,,,,,,,,,,,,,,,,,,,,,,,,,"
"Гребенка из пружинной стали BIHUI 280*115 мм, зуб 8мм, арт.PTCB08",Инструмент для укладки плитки>Гребенки>Зуб 8мм,PTCB08,631.98,"https://dlt.by/image/catalog/easyphoto/1822/zubchatyy-shpatel-grebenka-bihui-zub-8mm-art-ptcb08-2.jpg,https://dlt.by/image/catalog/easyphoto/1822/zubchatyy-shpatel-grebenka-bihui-zub-8mm-art-ptcb08-3.jpg,https://dlt.by/image/catalog/easyphoto/1822/zubchatyy-shpatel-grebenka-bihui-zub-8mm-art-ptcb08-4.jpg,https://dlt.by/image/catalog/easyphoto/1822/zubchatyy-shpatel-grebenka-bihui-zub-8mm-art-ptcb08-5.jpg,,,,,,,,,,,,,,,,,,,,,,,,,,,,,,,,,,,,,,,,,,"
"Гребенка из пружинной стали BIHUI 280*115 мм, зуб 10мм, арт.PTCB10",Инструмент для укладки плитки>Гребенки>Зуб 10мм,PTCB10,631.98,"https://dlt.by/image/catalog/easyphoto/1823/zubchatyy-shpatel-grebenka-bihui-zub-10mm-art-ptcb10-2.jpg,https://dlt.by/image/catalog/easyphoto/1823/zubchatyy-shpatel-grebenka-bihui-zub-10mm-art-ptcb10-3.jpg,https://dlt.by/image/catalog/easyphoto/1823/zubchatyy-shpatel-grebenka-bihui-zub-10mm-art-ptcb10-4.jpg,https://dlt.by/image/catalog/easyphoto/1823/zubchatyy-shpatel-grebenka-bihui-zub-10mm-art-ptcb10-5.jpg,,,,,,,,,,,,,,,,,,,,,,,,,,,,,,,,,,,,,,,,,,"
"Гребенка из пружинной стали BIHUI 280*115 мм, зуб 12мм, арт.PTCB12",Инструмент для укладки плитки>Гребенки>Зуб 12мм,PTCB12,631.98,"https://dlt.by/image/catalog/easyphoto/1824/zubchatyy-shpatel-grebenka-bihui-zub-12mm-art-ptcb12-2.jpg,https://dlt.by/image/catalog/easyphoto/1824/zubchatyy-shpatel-grebenka-bihui-zub-12mm-art-ptcb12-3.jpg,https://dlt.by/image/catalog/easyphoto/1824/zubchatyy-shpatel-grebenka-bihui-zub-12mm-art-ptcb12-4.jpg,https://dlt.by/image/catalog/easyphoto/1824/zubchatyy-shpatel-grebenka-bihui-zub-12mm-art-ptcb12-5.jpg,,,,,,,,,,,,,,,,,,,,,,,,,,,,,,,,,,,,,,,,,,"
"Гребенка из пружинной стали BIHUI 280*115 мм «Тигриный коготь», арт. PTCBTG",Инструмент для укладки плитки>Гребенки>Фигурный зуб,PTCBTG,722.26,"https://dlt.by/image/catalog/easyphoto/1825/zubchatyy-shpatel-grebenka-bihui-tigrovyy-kogot-art-ptcbtg-2.jpg,https://dlt.by/image/catalog/easyphoto/1825/zubchatyy-shpatel-grebenka-bihui-tigrovyy-kogot-art-ptcbtg-3.jpg,https://dlt.by/image/catalog/easyphoto/1825/zubchatyy-shpatel-grebenka-bihui-tigrovyy-kogot-art-ptcbtg-4.jpg,https://dlt.by/image/catalog/easyphoto/1825/zubchatyy-shpatel-grebenka-bihui-tigrovyy-kogot-art-ptcbtg-5.jpg,,,,,,,,,,,,,,,,,,,,,,,,,,,,,,,,,,,,,,,,,,"
"Диск алмазный BIHUI SUPER THIN TURBO, 115мм, арт.DCBN115",Алмазная оснастка>Алмазные диски>Алмазные диски по керамике/керамограниту/граниту/мрамору,DCBN115,1 263.96,"https://dlt.by/image/catalog/easyphoto/1826/disk-almaznyy-bihui-super-thin-turbo-115mm-art-dcbn115-6.jpg,https://dlt.by/image/catalog/easyphoto/1826/disk-almaznyy-bihui-super-thin-turbo-115mm-art-dcbn115-3.jpg,https://dlt.by/image/catalog/easyphoto/1826/disk-almaznyy-bihui-super-thin-turbo-115mm-art-dcbn115-4.jpg,https://dlt.by/image/catalog/easyphoto/1826/disk-almaznyy-bihui-super-thin-turbo-115mm-art-dcbn115-5.jpg,,,,,,,,,,,,,,,,,,,,,,,,,,,,,,,,,,,,,,,,,,"
"Механическая каретка для плиткореза BIHUI, арт.LFMCS-CH",Инструмент для укладки плитки>Аксессуары для ручных плиткорезов,LFMCS-CH,5 868.37,"https://dlt.by/image/catalog/easyphoto/1827/mehanicheskaya-karetka-dlya-plitkoreza-bihui-art-lfmcs-ch-2.jpg,https://dlt.by/image/catalog/easyphoto/1827/mehanicheskaya-karetka-dlya-plitkoreza-bihui-art-lfmcs-ch-5.jpg,https://dlt.by/image/catalog/easyphoto/1827/mehanicheskaya-karetka-dlya-plitkoreza-bihui-art-lfmcs-ch-3.jpg,https://dlt.by/image/catalog/easyphoto/1827/mehanicheskaya-karetka-dlya-plitkoreza-bihui-art-lfmcs-ch-4.jpg,https://dlt.by/image/catalog/easyphoto/1827/mehanicheskaya-karetka-dlya-plitkoreza-bihui-art-lfmcs-ch-6.jpg,https://dlt.by/image/catalog/easyphoto/1827/mehanicheskaya-karetka-dlya-plitkoreza-bihui-art-lfmcs-ch-7.jpg,https://dlt.by/image/catalog/easyphoto/1827/mehanicheskaya-karetka-dlya-plitkoreza-bihui-art-lfmcs-ch-8.jpg,,,,,,,,,,,,,,,,,,,,,,,,,,,,,,,,,,,,,,,"
"Запасное лезвие для набора гребенок BIHUI 280*115 мм, зуб 4мм, арт.PTSJ04",Инструмент для укладки плитки>Гребенки>Зуб 3-6мм,PTSJ04,662.07,"https://dlt.by/image/catalog/easyphoto/1828/zapasnoe-lezvie-dlya-nabora-grebenok-bihui-4mm-art-ptsj04-2.jpg,,,,,,,,,,,,,,,,,,,,,,,,,,,,,,,,,,,,,,,,,,,,,"
"Запасное лезвие для набора гребенок BIHUI 280*115 мм, зуб 6мм, арт.PTSJ06",Инструмент для укладки плитки>Гребенки>Зуб 3-6мм,PTSJ06,631.98,"https://dlt.by/image/catalog/easyphoto/1829/zapasnoe-lezvie-dlya-nabora-grebenok-bihui-6mm-art-ptsj06-4.jpg,,,,,,,,,,,,,,,,,,,,,,,,,,,,,,,,,,,,,,,,,,,,,"
"Запасное лезвие для набора гребенок BIHUI 280*115 мм, зуб 8мм, арт.PTSJ08",Инструмент для укладки плитки>Гребенки>Зуб 8мм,PTSJ08,631.98,"https://dlt.by/image/catalog/easyphoto/1830/zapasnoe-lezvie-dlya-nabora-grebenok-bihui-8mm-art-ptsj08-4.jpg,,,,,,,,,,,,,,,,,,,,,,,,,,,,,,,,,,,,,,,,,,,,,"
"Запасное лезвие для набора гребенок BIHUI 280*115 мм, зуб 10 мм, арт.PTSJ10",Инструмент для укладки плитки>Гребенки>Зуб 10мм,PTSJ10,631.98,"https://dlt.by/image/catalog/easyphoto/1831/zapasnoe-lezvie-dlya-nabora-grebenok-bihui-10mm-art-ptsj10-4.jpg,,,,,,,,,,,,,,,,,,,,,,,,,,,,,,,,,,,,,,,,,,,,,"
"Запасное лезвие для набора гребенок BIHUI 280*115 мм, U-образный зуб 20мм, арт.PTSJ20",Инструмент для укладки плитки>Гребенки>Фигурный зуб,PTSJ20,631.98,"https://dlt.by/image/catalog/easyphoto/1832/zapasnoe-lezvie-dlya-nabora-grebenok-bihui-u-obraznyy-zub-20mm-art-ptsj20-4.jpg,https://dlt.by/image/catalog/easyphoto/1832/zapasnoe-lezvie-dlya-nabora-grebenok-bihui-10mm-ptsj10-1.jpg,https://dlt.by/image/catalog/easyphoto/1832/zapasnoe-lezvie-dlya-nabora-grebenok-bihui-10mm-ptsj10-2.jpg,https://dlt.by/image/catalog/easyphoto/1832/zapasnoe-lezvie-dlya-nabora-grebenok-bihui-u-obraznyy-zub-20mm-ptsj20-3.jpg,,,,,,,,,,,,,,,,,,,,,,,,,,,,,,,,,,,,,,,,,,"
"Запасное лезвие для набора гребенок BIHUI 280*115 мм, наклонный зуб 10мм, арт.PTSJSN",Инструмент для укладки плитки>Гребенки>Фигурный зуб,PTSJSN,631.98,"https://dlt.by/image/catalog/easyphoto/1833/zapasnoe-lezvie-dlya-nabora-grebenok-bihui-naklonnyy-zub-10mm-art-ptsjsn-5.jpg,,,,,,,,,,,,,,,,,,,,,,,,,,,,,,,,,,,,,,,,,,,,,"
"АГШК DLT №3, сверхгибкие, для сухой шлифовки, #200,100мм, арт.0636",Инструмент для укладки плитки>Круг алмазный гибкий шлифовальный>АГШК #200,636,722.26,"https://dlt.by/image/catalog/easyphoto/1835/agshk-dlt-3-sverhgibkie-dlya-suhoy-shlifovki-200-100mm-12.jpg,https://dlt.by/image/catalog/easyphoto/1835/agshk-dlt-3-sverhgibkie-dlya-suhoy-shlifovki-200-100mm-11.jpg,https://dlt.by/image/catalog/easyphoto/1835/agshk-dlt-3-sverhgibkie-dlya-suhoy-shlifovki-200-100mm-9.jpg,https://dlt.by/image/catalog/easyphoto/1835/agshk-dlt-3-sverhgibkie-dlya-suhoy-shlifovki-200-100mm-10.jpg,https://dlt.by/image/catalog/easyphoto/1835/agshk-dlt-3-sverhgibkie-dlya-suhoy-shlifovki-50-100mm-4.jpg,https://dlt.by/image/catalog/easyphoto/1835/agshk-dlt-3-sverhgibkie-dlya-suhoy-shlifovki-50-100mm-3.jpg,https://dlt.by/image/catalog/easyphoto/1835/agshk-dlt-3-sverhgibkie-dlya-suhoy-shlifovki-50-100mm-2.jpg,https://dlt.by/image/catalog/easyphoto/1835/agshk-dlt-3-sverhgibkie-dlya-suhoy-shlifovki-50-100mm-1.jpg,,,,,,,,,,,,,,,,,,,,,,,,,,,,,,,,,,,,,,"
"Алмазный гибкий шлифовальный круг DLT №16, #30, арт.1469",Инструмент для укладки плитки>Круг алмазный гибкий шлифовальный>АГШК #30,1469,511.60,"https://dlt.by/image/catalog/easyphoto/1836/almaznyy-gibkiy-shlifovalnyy-krug-dlt-16-30-5.jpg,https://dlt.by/image/catalog/easyphoto/1836/almaznyy-gibkiy-shlifovalnyy-krug-dlt-16-30-7.jpg,https://dlt.by/image/catalog/easyphoto/1836/almaznyy-gibkiy-shlifovalnyy-krug-dlt-16-30-8.jpg,https://dlt.by/image/catalog/easyphoto/1836/almaznyy-gibkiy-shlifovalnyy-krug-dlt-16-30-6.jpg,,,,,,,,,,,,,,,,,,,,,,,,,,,,,,,,,,,,,,,,,,"
"Алмазный гибкий шлифовальный круг DLT №16, #50, арт.1470",Инструмент для укладки плитки>Круг алмазный гибкий шлифовальный>АГШК #50-60,1470,511.60,"https://dlt.by/image/catalog/easyphoto/1837/almaznyy-gibkiy-shlifovalnyy-krug-dlt-16-50-4.jpg,https://dlt.by/image/catalog/easyphoto/1837/almaznyy-gibkiy-shlifovalnyy-krug-dlt-16-50-5.jpg,https://dlt.by/image/catalog/easyphoto/1837/almaznyy-gibkiy-shlifovalnyy-krug-dlt-16-50-6.jpg,https://dlt.by/image/catalog/easyphoto/1837/almaznyy-gibkiy-shlifovalnyy-krug-dlt-16-50-7.jpg,,,,,,,,,,,,,,,,,,,,,,,,,,,,,,,,,,,,,,,,,,"
"Алмазный гибкий шлифовальный круг DLT №16,  #100, арт.1471",Инструмент для укладки плитки>Круг алмазный гибкий шлифовальный>АГШК #100,1471,511.60,"https://dlt.by/image/catalog/easyphoto/1838/almaznyy-gibkiy-shlifovalnyy-krug-dlt-16-100-4.jpg,https://dlt.by/image/catalog/easyphoto/1838/almaznyy-gibkiy-shlifovalnyy-krug-dlt-16-100-5.jpg,https://dlt.by/image/catalog/easyphoto/1838/almaznyy-gibkiy-shlifovalnyy-krug-dlt-16-100-6.jpg,https://dlt.by/image/catalog/easyphoto/1838/almaznyy-gibkiy-shlifovalnyy-krug-dlt-16-100-7.jpg,,,,,,,,,,,,,,,,,,,,,,,,,,,,,,,,,,,,,,,,,,"
"Алмазный гибкий шлифовальный круг DLT №16, #200, арт.1472",Инструмент для укладки плитки>Круг алмазный гибкий шлифовальный>АГШК #200,1472,511.60,"https://dlt.by/image/catalog/easyphoto/1839/almaznyy-gibkiy-shlifovalnyy-krug-dlt-16-200-4.jpg,https://dlt.by/image/catalog/easyphoto/1839/almaznyy-gibkiy-shlifovalnyy-krug-dlt-16-200-5.jpg,https://dlt.by/image/catalog/easyphoto/1839/almaznyy-gibkiy-shlifovalnyy-krug-dlt-16-200-6.jpg,https://dlt.by/image/catalog/easyphoto/1839/almaznyy-gibkiy-shlifovalnyy-krug-dlt-16-200-7.jpg,,,,,,,,,,,,,,,,,,,,,,,,,,,,,,,,,,,,,,,,,,"
"Алмазный гибкий шлифовальный круг DLT №17, #30, арт.1473",Инструмент для укладки плитки>Круг алмазный гибкий шлифовальный>АГШК #30,1473,511.60,"https://dlt.by/image/catalog/easyphoto/1840/almaznyy-gibkiy-shlifovalnyy-krug-dlt-17-30-4.jpg,https://dlt.by/image/catalog/easyphoto/1840/almaznyy-gibkiy-shlifovalnyy-krug-dlt-17-30-5.jpg,https://dlt.by/image/catalog/easyphoto/1840/almaznyy-gibkiy-shlifovalnyy-krug-dlt-17-30-6.jpg,https://dlt.by/image/catalog/easyphoto/1840/almaznyy-gibkiy-shlifovalnyy-krug-dlt-17-30-7.jpg,,,,,,,,,,,,,,,,,,,,,,,,,,,,,,,,,,,,,,,,,,"
"Алмазный гибкий шлифовальный круг DLT №17, #50, арт.1474",Инструмент для укладки плитки>Круг алмазный гибкий шлифовальный>АГШК #50-60,1474,511.60,"https://dlt.by/image/catalog/easyphoto/1841/almaznyy-gibkiy-shlifovalnyy-krug-dlt-17-50-3.jpg,https://dlt.by/image/catalog/easyphoto/1841/almaznyy-gibkiy-shlifovalnyy-krug-dlt-17-50-4.jpg,https://dlt.by/image/catalog/easyphoto/1841/almaznyy-gibkiy-shlifovalnyy-krug-dlt-17-50-5.jpg,https://dlt.by/image/catalog/easyphoto/1841/almaznyy-gibkiy-shlifovalnyy-krug-dlt-17-50-6.jpg,,,,,,,,,,,,,,,,,,,,,,,,,,,,,,,,,,,,,,,,,,"
"Алмазный гибкий шлифовальный круг DLT №17, #100, арт.1475",Инструмент для укладки плитки>Круг алмазный гибкий шлифовальный>АГШК #100,1475,511.60,"https://dlt.by/image/catalog/easyphoto/1842/almaznyy-gibkiy-shlifovalnyy-krug-dlt-17-100-3.jpg,https://dlt.by/image/catalog/easyphoto/1842/almaznyy-gibkiy-shlifovalnyy-krug-dlt-17-100-4.jpg,https://dlt.by/image/catalog/easyphoto/1842/almaznyy-gibkiy-shlifovalnyy-krug-dlt-17-100-5.jpg,https://dlt.by/image/catalog/easyphoto/1842/almaznyy-gibkiy-shlifovalnyy-krug-dlt-17-100-6.jpg,,,,,,,,,,,,,,,,,,,,,,,,,,,,,,,,,,,,,,,,,,"
"Алмазный гибкий шлифовальный круг DLT №17, #200, арт.1476",Инструмент для укладки плитки>Круг алмазный гибкий шлифовальный>АГШК #200,1476,601.88,"https://dlt.by/image/catalog/easyphoto/1843/almaznyy-gibkiy-shlifovalnyy-krug-dlt-17-200-3.jpg,https://dlt.by/image/catalog/easyphoto/1843/almaznyy-gibkiy-shlifovalnyy-krug-dlt-17-200-4.jpg,https://dlt.by/image/catalog/easyphoto/1843/almaznyy-gibkiy-shlifovalnyy-krug-dlt-17-200-5.jpg,https://dlt.by/image/catalog/easyphoto/1843/almaznyy-gibkiy-shlifovalnyy-krug-dlt-17-200-6.jpg,,,,,,,,,,,,,,,,,,,,,,,,,,,,,,,,,,,,,,,,,,"
"Алмазный диск DLT №8 (Slim-CERAMIC super thin), 125мм, арт.1481",Алмазная оснастка>Алмазные диски>Алмазные диски по керамике/керамограниту/граниту/мрамору,1481,1 053.30,"https://dlt.by/image/catalog/easyphoto/1844/almaznyy-disk-dlt-8-slim-ceramic-super-thin-125mm-2.jpg,https://dlt.by/image/catalog/easyphoto/1844/almaznyy-disk-dlt-8-slim-ceramic-super-thin-125mm-3.jpg,https://dlt.by/image/catalog/easyphoto/1844/almaznyy-disk-dlt-8-slim-ceramic-super-thin-125mm-4.jpg,,,,,,,,,,,,,,,,,,,,,,,,,,,,,,,,,,,,,,,,,,,"
"Гальванический гибкий шлифовальный круг DLT №14, #100, арт.1478",Инструмент для укладки плитки>Круг алмазный гибкий шлифовальный,1478,1 203.77,"https://dlt.by/image/catalog/easyphoto/1864/galvanicheskiy-almaznyy-gibkiy-shlifovalnyy-krug-dlt-14-100-100mm-premium-klass-2.jpg,https://dlt.by/image/catalog/easyphoto/1864/galvanicheskiy-almaznyy-gibkiy-shlifovalnyy-krug-dlt-14-100-100mm-premium-klass-3.jpg,https://dlt.by/image/catalog/easyphoto/1864/galvanicheskiy-almaznyy-gibkiy-shlifovalnyy-krug-dlt-14-100-100mm-premium-klass-4.jpg,https://dlt.by/image/catalog/easyphoto/1864/galvanicheskiy-almaznyy-gibkiy-shlifovalnyy-krug-dlt-14-100-100mm-premium-klass-5.jpg,,,,,,,,,,,,,,,,,,,,,,,,,,,,,,,,,,,,,,,,,,"
"Алмазный диск DLT №9 (КОРОЛЬ ДИСКОВ), 125мм, арт.1482",Алмазная оснастка>Алмазные диски>Алмазные диски по керамике/керамограниту/граниту/мрамору,1482,1 324.15,"https://dlt.by/image/catalog/easyphoto/1845/almaznyy-disk-dlt-9-korol-diskov-125mm-5.jpg,https://dlt.by/image/catalog/easyphoto/1845/almaznyy-disk-dlt-9-korol-diskov-125mm-7.jpg,https://dlt.by/image/catalog/easyphoto/1845/almaznyy-disk-dlt-9-korol-diskov-125mm-6.jpg,,,,,,,,,,,,,,,,,,,,,,,,,,,,,,,,,,,,,,,,,,,"
"Алмазная коронка-фреза DLT CERAMIC CONE PRO, 40-60мм, (для УШМ), арт.1491",Алмазная оснастка>Алмазные коронки для плитки,1491,2 257.07,"https://dlt.by/image/catalog/easyphoto/1846/almaznaya-koronka-freza-dlt-ceramic-cone-pro-40-60mm-dlya-ushm-4.jpg,https://dlt.by/image/catalog/easyphoto/1846/almaznaya-koronka-freza-dlt-ceramic-cone-pro-40-60mm-dlya-ushm-5.jpg,https://dlt.by/image/catalog/easyphoto/1846/almaznaya-koronka-freza-dlt-ceramic-cone-pro-40-60mm-dlya-ushm-6.jpg,https://dlt.by/image/catalog/easyphoto/1846/almaznaya-koronka-freza-dlt-ceramic-cone-pro-40-60mm-dlya-ushm-7.jpg,https://dlt.by/image/catalog/easyphoto/1846/almaznaya-koronka-freza-dlt-ceramic-cone-pro-40-60mm-dlya-ushm-8.jpg,,,,,,,,,,,,,,,,,,,,,,,,,,,,,,,,,,,,,,,,,"
"Алмазная коронка-фреза DLT CERAMIC CONE PRO, 45-60мм, (для УШМ), арт.1492",Алмазная оснастка>Алмазные коронки для плитки,1492,2 257.07,"https://dlt.by/image/catalog/easyphoto/1847/almaznaya-koronka-freza-dlt-ceramic-cone-pro-45-60mm-dlya-ushm-3.jpg,https://dlt.by/image/catalog/easyphoto/1847/almaznaya-koronka-freza-dlt-ceramic-cone-pro-45-60mm-dlya-ushm-4.jpg,https://dlt.by/image/catalog/easyphoto/1847/almaznaya-koronka-freza-dlt-ceramic-cone-pro-45-60mm-dlya-ushm-6.jpg,https://dlt.by/image/catalog/easyphoto/1847/almaznaya-koronka-freza-dlt-ceramic-cone-pro-45-60mm-dlya-ushm-5.jpg,https://dlt.by/image/catalog/easyphoto/1847/almaznaya-koronka-freza-dlt-ceramic-cone-pro-45-60mm-dlya-ushm-7.jpg,,,,,,,,,,,,,,,,,,,,,,,,,,,,,,,,,,,,,,,,,"
"Алмазная коронка-фреза DLT CERAMIC CONE PRO, 45-65мм, (для УШМ), арт.1493",Алмазная оснастка>Алмазные коронки для плитки,1493,2 257.07,"https://dlt.by/image/catalog/easyphoto/1848/almaznaya-koronka-freza-dlt-ceramic-cone-pro-45-65mm-dlya-ushm-3.jpg,https://dlt.by/image/catalog/easyphoto/1848/almaznaya-koronka-freza-dlt-ceramic-cone-pro-45-65mm-dlya-ushm-4.jpg,https://dlt.by/image/catalog/easyphoto/1848/almaznaya-koronka-freza-dlt-ceramic-cone-pro-45-65mm-dlya-ushm-5.jpg,https://dlt.by/image/catalog/easyphoto/1848/almaznaya-koronka-freza-dlt-ceramic-cone-pro-45-65mm-dlya-ushm-6.jpg,https://dlt.by/image/catalog/easyphoto/1848/almaznaya-koronka-freza-dlt-ceramic-cone-pro-45-65mm-dlya-ushm-7.jpg,,,,,,,,,,,,,,,,,,,,,,,,,,,,,,,,,,,,,,,,,"
"Алмазная коронка-фреза DLT CERAMIC CONE PRO, 50-70мм, (для УШМ), арт.1494",Алмазная оснастка>Алмазные коронки для плитки,1494,2 407.54,"https://dlt.by/image/catalog/easyphoto/1849/almaznaya-koronka-freza-dlt-ceramic-cone-pro-50-70mm-dlya-ushm-3.jpg,https://dlt.by/image/catalog/easyphoto/1849/almaznaya-koronka-freza-dlt-ceramic-cone-pro-50-70mm-dlya-ushm-4.jpg,https://dlt.by/image/catalog/easyphoto/1849/almaznaya-koronka-freza-dlt-ceramic-cone-pro-50-70mm-dlya-ushm-6.jpg,https://dlt.by/image/catalog/easyphoto/1849/almaznaya-koronka-freza-dlt-ceramic-cone-pro-50-70mm-dlya-ushm-5.jpg,https://dlt.by/image/catalog/easyphoto/1849/almaznaya-koronka-freza-dlt-ceramic-cone-pro-50-70mm-dlya-ushm-7.jpg,,,,,,,,,,,,,,,,,,,,,,,,,,,,,,,,,,,,,,,,,"
"Алмазная коронка-фреза DLT CERAMIC CONE PRO, 40-60мм, (для дрели), арт.1487",Алмазная оснастка>Алмазные коронки для плитки,1487,1 504.71,"https://dlt.by/image/catalog/easyphoto/1850/almaznaya-koronka-freza-dlt-ceramic-cone-pro-40-60mm-dlya-dreli-3.jpg,https://dlt.by/image/catalog/easyphoto/1850/almaznaya-koronka-freza-dlt-ceramic-cone-pro-40-60mm-dlya-dreli-4.jpg,https://dlt.by/image/catalog/easyphoto/1850/almaznaya-koronka-freza-dlt-ceramic-cone-pro-40-60mm-dlya-dreli-5.jpg,https://dlt.by/image/catalog/easyphoto/1850/almaznaya-koronka-freza-dlt-ceramic-cone-pro-40-60mm-dlya-dreli-6.jpg,https://dlt.by/image/catalog/easyphoto/1850/almaznaya-koronka-freza-dlt-ceramic-cone-pro-40-60mm-dlya-dreli-7.jpg,,,,,,,,,,,,,,,,,,,,,,,,,,,,,,,,,,,,,,,,,"
"Алмазная коронка-фреза DLT CERAMIC CONE PRO, 45-65мм, (для дрели), арт.1489",Алмазная оснастка>Алмазные коронки для плитки,1489,2 166.78,"https://dlt.by/image/catalog/easyphoto/1851/almaznaya-koronka-freza-dlt-ceramic-cone-pro-45-65mm-dlya-dreli-3.jpg,https://dlt.by/image/catalog/easyphoto/1851/almaznaya-koronka-freza-dlt-ceramic-cone-pro-45-65mm-dlya-dreli-4.jpg,https://dlt.by/image/catalog/easyphoto/1851/almaznaya-koronka-freza-dlt-ceramic-cone-pro-45-65mm-dlya-dreli-5.jpg,https://dlt.by/image/catalog/easyphoto/1851/almaznaya-koronka-freza-dlt-ceramic-cone-pro-45-65mm-dlya-dreli-6.jpg,https://dlt.by/image/catalog/easyphoto/1851/almaznaya-koronka-freza-dlt-ceramic-cone-pro-45-65mm-dlya-dreli-7.jpg,,,,,,,,,,,,,,,,,,,,,,,,,,,,,,,,,,,,,,,,,"
"Алмазная коронка-фреза DLT CERAMIC CONE PRO, 45-60мм, (для дрели), арт.1488",Алмазная оснастка>Алмазные коронки для плитки,1488,1 805.65,"https://dlt.by/image/catalog/easyphoto/1852/almaznaya-koronka-freza-dlt-ceramic-cone-pro-45-60mm-dlya-dreli-3.jpg,https://dlt.by/image/catalog/easyphoto/1852/almaznaya-koronka-freza-dlt-ceramic-cone-pro-45-60mm-dlya-dreli-4.jpg,https://dlt.by/image/catalog/easyphoto/1852/almaznaya-koronka-freza-dlt-ceramic-cone-pro-45-60mm-dlya-dreli-5.jpg,https://dlt.by/image/catalog/easyphoto/1852/almaznaya-koronka-freza-dlt-ceramic-cone-pro-45-60mm-dlya-dreli-6.jpg,https://dlt.by/image/catalog/easyphoto/1852/almaznaya-koronka-freza-dlt-ceramic-cone-pro-45-60mm-dlya-dreli-7.jpg,,,,,,,,,,,,,,,,,,,,,,,,,,,,,,,,,,,,,,,,,"
"Алмазная коронка-фреза DLT CERAMIC CONE PRO, 50-70мм, (для дрели), арт.1490",Алмазная оснастка>Алмазные коронки для плитки,1490,2 106.60,"https://dlt.by/image/catalog/easyphoto/1853/almaznaya-koronka-freza-dlt-ceramic-cone-pro-50-70mm-dlya-dreli-3.jpg,https://dlt.by/image/catalog/easyphoto/1853/almaznaya-koronka-freza-dlt-ceramic-cone-pro-50-70mm-dlya-dreli-4.jpg,https://dlt.by/image/catalog/easyphoto/1853/almaznaya-koronka-freza-dlt-ceramic-cone-pro-50-70mm-dlya-dreli-5.jpg,https://dlt.by/image/catalog/easyphoto/1853/almaznaya-koronka-freza-dlt-ceramic-cone-pro-50-70mm-dlya-dreli-6.jpg,https://dlt.by/image/catalog/easyphoto/1853/almaznaya-koronka-freza-dlt-ceramic-cone-pro-50-70mm-dlya-dreli-7.jpg,,,,,,,,,,,,,,,,,,,,,,,,,,,,,,,,,,,,,,,,,"
"Набор алмазных дисков DLT с титановым покрытием для гравера, 10шт, 18мм, арт.1495",Алмазная оснастка>Алмазные диски>Алмазные диски для гравера,1495,451.41,"https://dlt.by/image/catalog/easyphoto/1854/nabor-almaznyh-diskov-dlt-s-titanovym-pokrytiem-dlya-gravera-10sht-18mm-7.jpg,https://dlt.by/image/catalog/easyphoto/1854/nabor-almaznyh-diskov-dlt-s-titanovym-pokrytiem-dlya-gravera-10sht-18mm-8.jpg,https://dlt.by/image/catalog/easyphoto/1854/nabor-almaznyh-diskov-dlt-s-titanovym-pokrytiem-dlya-gravera-10sht-18mm-9.jpg,https://dlt.by/image/catalog/easyphoto/1854/nabor-almaznyh-diskov-dlt-s-titanovym-pokrytiem-dlya-gravera-10sht-18mm-10.jpg,https://dlt.by/image/catalog/easyphoto/1854/nabor-almaznyh-diskov-dlt-s-titanovym-pokrytiem-dlya-gravera-10sht-18mm-11.jpg,https://dlt.by/image/catalog/easyphoto/1854/nabor-almaznyh-diskov-dlt-s-titanovym-pokrytiem-dlya-gravera-10sht-18mm-12.jpg,,,,,,,,,,,,,,,,,,,,,,,,,,,,,,,,,,,,,,,,"
"Набор алмазных дисков DLT с титановым покрытием для гравера, 10шт, 20мм, арт.1496",Алмазная оснастка>Алмазные диски>Алмазные диски для гравера,1496,511.60,"https://dlt.by/image/catalog/easyphoto/1855/nabor-almaznyh-diskov-dlt-s-titanovym-pokrytiem-dlya-gravera-10sht-20mm-4.jpg,https://dlt.by/image/catalog/easyphoto/1855/nabor-almaznyh-diskov-dlt-s-titanovym-pokrytiem-dlya-gravera-10sht-20mm-5.jpg,https://dlt.by/image/catalog/easyphoto/1855/nabor-almaznyh-diskov-dlt-s-titanovym-pokrytiem-dlya-gravera-10sht-20mm-6.jpg,https://dlt.by/image/catalog/easyphoto/1855/nabor-almaznyh-diskov-dlt-s-titanovym-pokrytiem-dlya-gravera-10sht-20mm-7.jpg,https://dlt.by/image/catalog/easyphoto/1855/nabor-almaznyh-diskov-dlt-s-titanovym-pokrytiem-dlya-gravera-10sht-20mm-8.jpg,https://dlt.by/image/catalog/easyphoto/1855/nabor-almaznyh-diskov-dlt-s-titanovym-pokrytiem-dlya-gravera-10sht-20mm-9.jpg,,,,,,,,,,,,,,,,,,,,,,,,,,,,,,,,,,,,,,,,"
"Набор алмазных дисков DLT с титановым покрытием для гравера, 10шт, 25мм, арт.1497",Алмазная оснастка>Алмазные диски>Алмазные диски для гравера,1497,631.98,"https://dlt.by/image/catalog/easyphoto/1856/nabor-almaznyh-diskov-dlt-s-titanovym-pokrytiem-dlya-gravera-10sht-25mm-4.jpg,https://dlt.by/image/catalog/easyphoto/1856/nabor-almaznyh-diskov-dlt-s-titanovym-pokrytiem-dlya-gravera-10sht-25mm-5.jpg,https://dlt.by/image/catalog/easyphoto/1856/nabor-almaznyh-diskov-dlt-s-titanovym-pokrytiem-dlya-gravera-10sht-25mm-6.jpg,https://dlt.by/image/catalog/easyphoto/1856/nabor-almaznyh-diskov-dlt-s-titanovym-pokrytiem-dlya-gravera-10sht-25mm-7.jpg,https://dlt.by/image/catalog/easyphoto/1856/nabor-almaznyh-diskov-dlt-s-titanovym-pokrytiem-dlya-gravera-10sht-25mm-8.jpg,https://dlt.by/image/catalog/easyphoto/1856/nabor-almaznyh-diskov-dlt-s-titanovym-pokrytiem-dlya-gravera-10sht-25mm-9.jpg,,,,,,,,,,,,,,,,,,,,,,,,,,,,,,,,,,,,,,,,"
"Набор алмазных дисков DLT с титановым покрытием для гравера, 10шт, 30мм, арт.1503",Алмазная оснастка>Алмазные диски>Алмазные диски для гравера,1503,782.45,"https://dlt.by/image/catalog/easyphoto/1857/nabor-almaznyh-diskov-dlt-s-titanovym-pokrytiem-dlya-gravera-10sht-30mm-4.jpg,https://dlt.by/image/catalog/easyphoto/1857/nabor-almaznyh-diskov-dlt-s-titanovym-pokrytiem-dlya-gravera-10sht-30mm-5.jpg,https://dlt.by/image/catalog/easyphoto/1857/nabor-almaznyh-diskov-dlt-s-titanovym-pokrytiem-dlya-gravera-10sht-30mm-6.jpg,https://dlt.by/image/catalog/easyphoto/1857/nabor-almaznyh-diskov-dlt-s-titanovym-pokrytiem-dlya-gravera-10sht-30mm-7.jpg,https://dlt.by/image/catalog/easyphoto/1857/nabor-almaznyh-diskov-dlt-s-titanovym-pokrytiem-dlya-gravera-10sht-30mm-8.jpg,https://dlt.by/image/catalog/easyphoto/1857/nabor-almaznyh-diskov-dlt-s-titanovym-pokrytiem-dlya-gravera-10sht-30mm-9.jpg,,,,,,,,,,,,,,,,,,,,,,,,,,,,,,,,,,,,,,,,"
"Набор алмазных дисков DLT с титановым покрытием для гравера, 10шт, 40мм, арт.1498",Алмазная оснастка>Алмазные диски>Алмазные диски для гравера,1498,1 083.39,"https://dlt.by/image/catalog/easyphoto/1858/nabor-almaznyh-diskov-dlt-s-titanovym-pokrytiem-dlya-gravera-10sht-40mm-4.jpg,https://dlt.by/image/catalog/easyphoto/1858/nabor-almaznyh-diskov-dlt-s-titanovym-pokrytiem-dlya-gravera-10sht-40mm-5.jpg,https://dlt.by/image/catalog/easyphoto/1858/nabor-almaznyh-diskov-dlt-s-titanovym-pokrytiem-dlya-gravera-10sht-40mm-6.jpg,https://dlt.by/image/catalog/easyphoto/1858/nabor-almaznyh-diskov-dlt-s-titanovym-pokrytiem-dlya-gravera-10sht-40mm-7.jpg,https://dlt.by/image/catalog/easyphoto/1858/nabor-almaznyh-diskov-dlt-s-titanovym-pokrytiem-dlya-gravera-10sht-40mm-8.jpg,https://dlt.by/image/catalog/easyphoto/1858/nabor-almaznyh-diskov-dlt-s-titanovym-pokrytiem-dlya-gravera-10sht-40mm-9.jpg,,,,,,,,,,,,,,,,,,,,,,,,,,,,,,,,,,,,,,,,"
"Набор алмазных дисков DLT с титановым покрытием для гравера, 10шт, 50мм, арт.1499",Алмазная оснастка>Алмазные диски>Алмазные диски для гравера,1499,1 444.52,"https://dlt.by/image/catalog/easyphoto/1859/nabor-almaznyh-diskov-dlt-s-titanovym-pokrytiem-dlya-gravera-10sht-50mm-4.jpg,https://dlt.by/image/catalog/easyphoto/1859/nabor-almaznyh-diskov-dlt-s-titanovym-pokrytiem-dlya-gravera-10sht-50mm-5.jpg,https://dlt.by/image/catalog/easyphoto/1859/nabor-almaznyh-diskov-dlt-s-titanovym-pokrytiem-dlya-gravera-10sht-50mm-6.jpg,https://dlt.by/image/catalog/easyphoto/1859/nabor-almaznyh-diskov-dlt-s-titanovym-pokrytiem-dlya-gravera-10sht-50mm-7.jpg,https://dlt.by/image/catalog/easyphoto/1859/nabor-almaznyh-diskov-dlt-s-titanovym-pokrytiem-dlya-gravera-10sht-50mm-8.jpg,https://dlt.by/image/catalog/easyphoto/1859/nabor-almaznyh-diskov-dlt-s-titanovym-pokrytiem-dlya-gravera-10sht-50mm-9.jpg,,,,,,,,,,,,,,,,,,,,,,,,,,,,,,,,,,,,,,,,"
"Набор алмазных дисков DLT с титановым покрытием для гравера, 10шт, от 16 до 40мм, арт.1500",Алмазная оснастка>Алмазные диски>Алмазные диски для гравера,1500,1 354.24,"https://dlt.by/image/catalog/easyphoto/1860/nabor-almaznyh-diskov-dlt-s-titanovym-pokrytiem-dlya-gravera-10sht-ot-16-do-40mm-5.jpg,https://dlt.by/image/catalog/easyphoto/1860/nabor-almaznyh-diskov-dlt-s-titanovym-pokrytiem-dlya-gravera-10sht-ot-16-do-40mm-6.jpg,https://dlt.by/image/catalog/easyphoto/1860/nabor-almaznyh-diskov-dlt-s-titanovym-pokrytiem-dlya-gravera-10sht-ot-16-do-40mm-7.jpg,,,,,,,,,,,,,,,,,,,,,,,,,,,,,,,,,,,,,,,,,,,"
"Алмазный диск по бетону DLT №21 (Turbo), 125мм, арт.1501",Алмазная оснастка>Алмазные диски>Алмазные диски по бетону/железобетону,1501,601.88,"https://dlt.by/image/catalog/easyphoto/1862/almaznyy-disk-po-betonu-dlt-21-turbo-125mm-2.jpg,https://dlt.by/image/catalog/easyphoto/1862/almaznyy-disk-po-betonu-dlt-21-turbo-125mm-3.jpg,https://dlt.by/image/catalog/easyphoto/1862/almaznyy-disk-po-betonu-dlt-21-turbo-125mm-4.jpg,,,,,,,,,,,,,,,,,,,,,,,,,,,,,,,,,,,,,,,,,,,"
"Алмазный диск по бетону DLT №22 (Turbo-V), 125мм, арт.1502",Алмазная оснастка>Алмазные диски>Алмазные диски по бетону/железобетону,1502,662.07,"https://dlt.by/image/catalog/easyphoto/1863/almaznyy-disk-po-betonu-dlt-22-turbo-v-125mm-2.jpg,https://dlt.by/image/catalog/easyphoto/1863/almaznyy-disk-po-betonu-dlt-22-turbo-v-125mm-3.jpg,https://dlt.by/image/catalog/easyphoto/1863/almaznyy-disk-po-betonu-dlt-22-turbo-v-125mm-4.jpg,,,,,,,,,,,,,,,,,,,,,,,,,,,,,,,,,,,,,,,,,,,"
"Гальванический гибкий шлифовальный круг DLT №14, #200, арт.1479",Инструмент для укладки плитки>Круг алмазный гибкий шлифовальный>АГШК #200,1479,1 354.24,"https://dlt.by/image/catalog/easyphoto/1865/galvanicheskiy-almaznyy-gibkiy-shlifovalnyy-krug-dlt-14-200-100mm-premium-klass-2.jpg,https://dlt.by/image/catalog/easyphoto/1865/galvanicheskiy-almaznyy-gibkiy-shlifovalnyy-krug-dlt-14-200-100mm-premium-klass-3.jpg,https://dlt.by/image/catalog/easyphoto/1865/galvanicheskiy-almaznyy-gibkiy-shlifovalnyy-krug-dlt-14-200-100mm-premium-klass-4.jpg,https://dlt.by/image/catalog/easyphoto/1865/galvanicheskiy-almaznyy-gibkiy-shlifovalnyy-krug-dlt-14-200-100mm-premium-klass-5.jpg,,,,,,,,,,,,,,,,,,,,,,,,,,,,,,,,,,,,,,,,,,"
"Гальванический гибкий шлифовальный круг DLT №14, #400, арт.1480",Инструмент для укладки плитки>Круг алмазный гибкий шлифовальный>АГШК #400,1480,1 203.77,"https://dlt.by/image/catalog/easyphoto/1866/galvanicheskiy-almaznyy-gibkiy-shlifovalnyy-krug-dlt-14-400-100mm-premium-klass-2.jpg,https://dlt.by/image/catalog/easyphoto/1866/galvanicheskiy-almaznyy-gibkiy-shlifovalnyy-krug-dlt-14-400-100mm-premium-klass-3.jpg,https://dlt.by/image/catalog/easyphoto/1866/galvanicheskiy-almaznyy-gibkiy-shlifovalnyy-krug-dlt-14-400-100mm-premium-klass-4.jpg,https://dlt.by/image/catalog/easyphoto/1866/galvanicheskiy-almaznyy-gibkiy-shlifovalnyy-krug-dlt-14-400-100mm-premium-klass-5.jpg,,,,,,,,,,,,,,,,,,,,,,,,,,,,,,,,,,,,,,,,,,"
"Гальванический гибкий шлифовальный круг DLT №14, #60, арт.1477",Инструмент для укладки плитки>Круг алмазный гибкий шлифовальный>АГШК #50-60,1477,1 203.77,"https://dlt.by/image/catalog/easyphoto/1867/galvanicheskiy-almaznyy-gibkiy-shlifovalnyy-krug-dlt-14-60-100mm-premium-klass-2.jpg,https://dlt.by/image/catalog/easyphoto/1867/galvanicheskiy-almaznyy-gibkiy-shlifovalnyy-krug-dlt-14-60-100mm-premium-klass-3.jpg,https://dlt.by/image/catalog/easyphoto/1867/galvanicheskiy-almaznyy-gibkiy-shlifovalnyy-krug-dlt-14-60-100mm-premium-klass-5.jpg,https://dlt.by/image/catalog/easyphoto/1867/galvanicheskiy-almaznyy-gibkiy-shlifovalnyy-krug-dlt-14-60-100mm-premium-klass-4.jpg,,,,,,,,,,,,,,,,,,,,,,,,,,,,,,,,,,,,,,,,,,"
"Охлаждающий гель для сухого сверления DLT, арт.1486",Алмазная оснастка>Алмазные коронки для плитки,1486,276.87,"https://dlt.by/image/catalog/easyphoto/1868/ohlazhdayushchiy-gel-dlya-suhogo-sverleniya-dlt-2.jpg,https://dlt.by/image/catalog/easyphoto/1868/ohlazhdayushchiy-gel-dlya-suhogo-sverleniya-dlt-3.jpg,https://dlt.by/image/catalog/easyphoto/1868/ohlazhdayushchiy-gel-dlya-suhogo-sverleniya-dlt-4.jpg,,,,,,,,,,,,,,,,,,,,,,,,,,,,,,,,,,,,,,,,,,,"
"Уровень строительный 40см, RUBI арт. 76920",Инструмент для укладки плитки>Уровни строительные,76920,1 534.81,"https://dlt.by/image/catalog/easyphoto/1870/uroven-stroitelnyy-40sm-rubi-art-76920-2.jpg,https://dlt.by/image/catalog/easyphoto/1870/uroven-stroitelnyy-40sm-rubi-art-76920-3.jpg,https://dlt.by/image/catalog/easyphoto/1870/uroven-stroitelnyy-40sm-rubi-art-76920-4.jpg,https://dlt.by/image/catalog/easyphoto/1870/uroven-stroitelnyy-40sm-rubi-art-76920-5.jpg,https://dlt.by/image/catalog/easyphoto/1870/uroven-stroitelnyy-40sm-rubi-art-76920-6.jpg,,,,,,,,,,,,,,,,,,,,,,,,,,,,,,,,,,,,,,,,,"
"Уровень строительный 60см, RUBI арт. 76932",Инструмент для укладки плитки>Уровни строительные,76932,3 551.12,"https://dlt.by/image/catalog/easyphoto/1871/uroven-stroitelnyy-60sm-rubi-art-76932-2.jpg,https://dlt.by/image/catalog/easyphoto/1871/uroven-stroitelnyy-60sm-rubi-art-76932-3.jpg,https://dlt.by/image/catalog/easyphoto/1871/uroven-stroitelnyy-60sm-rubi-art-76932-4.jpg,https://dlt.by/image/catalog/easyphoto/1871/uroven-stroitelnyy-60sm-rubi-art-76932-5.jpg,https://dlt.by/image/catalog/easyphoto/1871/uroven-stroitelnyy-60sm-rubi-art-76932-6.jpg,https://dlt.by/image/catalog/easyphoto/1871/uroven-stroitelnyy-60sm-rubi-art-76932-7.jpg,https://dlt.by/image/catalog/easyphoto/1871/uroven-stroitelnyy-60sm-rubi-art-76932-8.jpg,https://dlt.by/image/catalog/easyphoto/1871/uroven-stroitelnyy-60sm-rubi-art-76932-9.jpg,https://dlt.by/image/catalog/easyphoto/1871/uroven-stroitelnyy-60sm-rubi-art-76932-10.jpg,https://dlt.by/image/catalog/easyphoto/1871/uroven-stroitelnyy-60sm-rubi-art-76932-11.jpg,,,,,,,,,,,,,,,,,,,,,,,,,,,,,,,,,,,,"
"Уровень строительный 100см, RUBI арт. 76934",Инструмент для укладки плитки>Уровни строительные,76934,5 055.83,"https://dlt.by/image/catalog/easyphoto/1872/uroven-stroitelnyy-100sm-rubi-art-76934-2.jpg,https://dlt.by/image/catalog/easyphoto/1872/uroven-stroitelnyy-100sm-rubi-art-76934-3.jpg,https://dlt.by/image/catalog/easyphoto/1872/uroven-stroitelnyy-100sm-rubi-art-76934-4.jpg,https://dlt.by/image/catalog/easyphoto/1872/uroven-stroitelnyy-100sm-rubi-art-76934-5.jpg,https://dlt.by/image/catalog/easyphoto/1872/uroven-stroitelnyy-100sm-rubi-art-76934-6.jpg,https://dlt.by/image/catalog/easyphoto/1872/uroven-stroitelnyy-100sm-rubi-art-76934-7.jpg,https://dlt.by/image/catalog/easyphoto/1872/uroven-stroitelnyy-100sm-rubi-art-76934-8.jpg,https://dlt.by/image/catalog/easyphoto/1872/uroven-stroitelnyy-100sm-rubi-art-76934-9.jpg,https://dlt.by/image/catalog/easyphoto/1872/uroven-stroitelnyy-100sm-rubi-art-76934-10.jpg,https://dlt.by/image/catalog/easyphoto/1872/uroven-stroitelnyy-100sm-rubi-art-76934-11.jpg,,,,,,,,,,,,,,,,,,,,,,,,,,,,,,,,,,,,"
"Уровень строительный 120см, RUBI арт. 76935",Инструмент для укладки плитки>Уровни строительные,76935,6 139.22,"https://dlt.by/image/catalog/easyphoto/1873/uroven-stroitelnyy-120sm-rubi-art-76935-2.jpg,https://dlt.by/image/catalog/easyphoto/1873/uroven-stroitelnyy-120sm-rubi-art-76935-3.jpg,https://dlt.by/image/catalog/easyphoto/1873/uroven-stroitelnyy-120sm-rubi-art-76935-4.jpg,https://dlt.by/image/catalog/easyphoto/1873/uroven-stroitelnyy-120sm-rubi-art-76935-5.jpg,https://dlt.by/image/catalog/easyphoto/1873/uroven-stroitelnyy-120sm-rubi-art-76935-6.jpg,https://dlt.by/image/catalog/easyphoto/1873/uroven-stroitelnyy-120sm-rubi-art-76935-7.jpg,https://dlt.by/image/catalog/easyphoto/1873/uroven-stroitelnyy-120sm-rubi-art-76935-8.jpg,https://dlt.by/image/catalog/easyphoto/1873/uroven-stroitelnyy-120sm-rubi-art-76935-9.jpg,https://dlt.by/image/catalog/easyphoto/1873/uroven-stroitelnyy-120sm-rubi-art-76935-10.jpg,https://dlt.by/image/catalog/easyphoto/1873/uroven-stroitelnyy-120sm-rubi-art-76935-11.jpg,,,,,,,,,,,,,,,,,,,,,,,,,,,,,,,,,,,,"
"Уровень строительный 60см, RUBI арт. 76922",Инструмент для укладки плитки>Уровни строительные,76922,1 926.03,"https://dlt.by/image/catalog/easyphoto/1874/uroven-stroitelnyy-60sm-rubi-art-76922-1.jpg,https://dlt.by/image/catalog/easyphoto/1874/uroven-stroitelnyy-60sm-rubi-art-76922-2.jpg,https://dlt.by/image/catalog/easyphoto/1874/uroven-stroitelnyy-60sm-rubi-art-76922-3.jpg,https://dlt.by/image/catalog/easyphoto/1874/uroven-stroitelnyy-60sm-rubi-art-76922-4.jpg,https://dlt.by/image/catalog/easyphoto/1874/uroven-stroitelnyy-60sm-rubi-art-76922-5.jpg,,,,,,,,,,,,,,,,,,,,,,,,,,,,,,,,,,,,,,,,,"
"Уровень строительный 100см, RUBI арт. 76924",Инструмент для укладки плитки>Уровни строительные,76924,2 618.20,"https://dlt.by/image/catalog/easyphoto/1875/uroven-stroitelnyy-100sm-rubi-art-76924-1.jpg,https://dlt.by/image/catalog/easyphoto/1875/uroven-stroitelnyy-100sm-rubi-art-76924-2.jpg,https://dlt.by/image/catalog/easyphoto/1875/uroven-stroitelnyy-100sm-rubi-art-76924-3.jpg,https://dlt.by/image/catalog/easyphoto/1875/uroven-stroitelnyy-100sm-rubi-art-76924-4.jpg,https://dlt.by/image/catalog/easyphoto/1875/uroven-stroitelnyy-100sm-rubi-art-76924-5.jpg,,,,,,,,,,,,,,,,,,,,,,,,,,,,,,,,,,,,,,,,,"
"Уровень строительный RUBI 150см, арт.76926",Инструмент для укладки плитки>Уровни строительные,76926,0.00,"https://dlt.by/image/catalog/easyphoto/1870/uroven-stroitelnyy-60sm-1.jpg,,,,,,,,,,,,,,,,,,,,,,,,,,,,,,,,,,,,,,,,,,,,,"
"Уровень строительный 60см, RUBI арт. 76938",Инструмент для укладки плитки>Уровни строительные,76938,3 611.31,"https://dlt.by/image/catalog/easyphoto/1877/uroven-stroitelnyy-60sm-rubi-art-76938-5.jpg,https://dlt.by/image/catalog/easyphoto/1877/uroven-stroitelnyy-60sm-rubi-art-76938-6.jpg,https://dlt.by/image/catalog/easyphoto/1877/uroven-stroitelnyy-60sm-rubi-art-76938-7.jpg,https://dlt.by/image/catalog/easyphoto/1877/uroven-stroitelnyy-60sm-rubi-art-76938-8.jpg,https://dlt.by/image/catalog/easyphoto/1877/uroven-stroitelnyy-60sm-rubi-art-76938-9.jpg,https://dlt.by/image/catalog/easyphoto/1877/uroven-stroitelnyy-60sm-rubi-art-76938-10.jpg,https://dlt.by/image/catalog/easyphoto/1877/uroven-stroitelnyy-60sm-rubi-art-76938-11.jpg,https://dlt.by/image/catalog/easyphoto/1877/uroven-stroitelnyy-60sm-rubi-art-76938-12.jpg,https://dlt.by/image/catalog/easyphoto/1877/uroven-stroitelnyy-60sm-rubi-art-76938-13.jpg,https://dlt.by/image/catalog/easyphoto/1877/uroven-stroitelnyy-60sm-rubi-art-76938-14.jpg,,,,,,,,,,,,,,,,,,,,,,,,,,,,,,,,,,,,"
"Алмазная конусная фреза DLT CERAMIC CONE PRO, 0-50мм, арт.1484",Алмазная оснастка>Алмазные коронки для плитки,1484,2 798.76,"https://dlt.by/image/catalog/easyphoto/1878/almaznaya-konusnaya-freza-dlt-ceramic-cone-pro-0-50mm-10.jpg,https://dlt.by/image/catalog/easyphoto/1878/almaznaya-konusnaya-freza-dlt-ceramic-cone-pro-0-50mm-11.jpg,https://dlt.by/image/catalog/easyphoto/1878/almaznaya-konusnaya-freza-dlt-ceramic-cone-pro-0-50mm-12.jpg,,,,,,,,,,,,,,,,,,,,,,,,,,,,,,,,,,,,,,,,,,,"
"Алмазный диск DLT №43 (Turbo-X Black), 125мм, арт.1483",Алмазная оснастка>Алмазные диски>Алмазные диски по керамике/керамограниту/граниту/мрамору,1483,902.83,"https://dlt.by/image/catalog/easyphoto/1879/almaznyy-disk-dlt-turbo-x-black-125mm-3.jpg,https://dlt.by/image/catalog/easyphoto/1879/almaznyy-disk-dlt-turbo-x-black-125mm-4.jpg,https://dlt.by/image/catalog/easyphoto/1879/almaznyy-disk-dlt-turbo-x-black-125mm-5.jpg,,,,,,,,,,,,,,,,,,,,,,,,,,,,,,,,,,,,,,,,,,,"
"Каретка для плиткореза DLT Slim Cutter MAX/MAX-Plus, арт.1261",Инструмент для укладки плитки>Аксессуары для ручных плиткорезов,1261,8 426.38,"https://dlt.by/image/catalog/easyphoto/1881/karetka-dlya-plitkoreza-mehanicheskogo-dlt-slim-system-cutter-1.jpg,https://dlt.by/image/catalog/easyphoto/1881/karetka-dlya-plitkoreza-mehanicheskogo-dlt-slim-system-cutter-2.jpg,https://dlt.by/image/catalog/easyphoto/1881/karetka-dlya-plitkoreza-mehanicheskogo-dlt-slim-system-cutter-3.jpg,,,,,,,,,,,,,,,,,,,,,,,,,,,,,,,,,,,,,,,,,,,"
"Набор инструментов DLT для ремонта (реставрации) плитки и ламината, арт.1532",Инструмент для укладки плитки>Разное для укладки,1532,1 956.12,"https://dlt.by/image/catalog/easyphoto/1882/nabor-instrumentov-dlya-remonta-plitki-dlt-7.png,https://dlt.by/image/catalog/easyphoto/1882/nabor-instrumentov-dlya-remonta-plitki-dlt-5.png,https://dlt.by/image/catalog/easyphoto/1882/nabor-instrumentov-dlya-remonta-plitki-dlt-6.png,,,,,,,,,,,,,,,,,,,,,,,,,,,,,,,,,,,,,,,,,,,"
"Наушники защитные (противошумные) Tactix, арт. 488133",Средства индивидуальной защиты,488133,8 426.38,"https://dlt.by/image/catalog/easyphoto/1883/naushniki-zashchitnye-protivoshumnye-tactix-art-488133-3.jpg,https://dlt.by/image/catalog/easyphoto/1883/naushniki-zashchitnye-protivoshumnye-tactix-art-488133-4.jpg,https://dlt.by/image/catalog/easyphoto/1883/naushniki-zashchitnye-protivoshumnye-tactix-art-488133-5.jpg,https://dlt.by/image/catalog/easyphoto/1883/naushniki-zashchitnye-protivoshumnye-tactix-art-488133-6.jpg,https://dlt.by/image/catalog/easyphoto/1883/naushniki-zashchitnye-protivoshumnye-tactix-art-488133-7.jpg,https://dlt.by/image/catalog/easyphoto/1883/naushniki-zashchitnye-protivoshumnye-tactix-art-488133-8.jpg,https://dlt.by/image/catalog/easyphoto/1883/naushniki-zashchitnye-protivoshumnye-tactix-art-488133-9.jpg,https://dlt.by/image/catalog/easyphoto/1883/naushniki-zashchitnye-protivoshumnye-tactix-art-488133-10.jpg,,,,,,,,,,,,,,,,,,,,,,,,,,,,,,,,,,,,,,"
"Наушники защитные (противошумные) Tactix, арт. 488132",Бренды>Tactix,488132,16 551.82,"https://dlt.by/image/catalog/easyphoto/1884/naushniki-zashchitnye-protivoshumnye-tactix-art-488132-14.jpg,https://dlt.by/image/catalog/easyphoto/1884/naushniki-zashchitnye-protivoshumnye-tactix-art-488132-15.jpg,https://dlt.by/image/catalog/easyphoto/1884/naushniki-zashchitnye-protivoshumnye-tactix-art-488132-16.jpg,https://dlt.by/image/catalog/easyphoto/1884/naushniki-zashchitnye-protivoshumnye-tactix-art-488132-17.jpg,https://dlt.by/image/catalog/easyphoto/1884/naushniki-zashchitnye-protivoshumnye-tactix-art-488132-18.jpg,https://dlt.by/image/catalog/easyphoto/1884/naushniki-zashchitnye-protivoshumnye-tactix-art-488132-19.jpg,https://dlt.by/image/catalog/easyphoto/1884/naushniki-zashchitnye-protivoshumnye-tactix-art-488132-20.jpg,https://dlt.by/image/catalog/easyphoto/1884/naushniki-zashchitnye-protivoshumnye-tactix-art-488132-21.jpg,https://dlt.by/image/catalog/easyphoto/1884/naushniki-zashchitnye-protivoshumnye-tactix-art-488132-22.jpg,https://dlt.by/image/catalog/easyphoto/1884/naushniki-zashchitnye-protivoshumnye-tactix-art-488132-23.jpg,https://dlt.by/image/catalog/easyphoto/1884/naushniki-zashchitnye-protivoshumnye-tactix-art-488132-24.jpg,https://dlt.by/image/catalog/easyphoto/1884/naushniki-zashchitnye-protivoshumnye-tactix-art-488132-25.jpg,https://dlt.by/image/catalog/easyphoto/1884/naushniki-zashchitnye-protivoshumnye-tactix-art-488132-26.jpg,https://dlt.by/image/catalog/easyphoto/1884/naushniki-zashchitnye-protivoshumnye-tactix-art-488132-27.jpg,,,,,,,,,,,,,,,,,,,,,,,,,,,,,,,,"
"Наушники защитные (противошумные) Tactix, арт. 488131",Средства индивидуальной защиты,488131,9 931.09,"https://dlt.by/image/catalog/easyphoto/1885/naushniki-zashchitnye-protivoshumnye-tactix-art-488131-13.jpg,https://dlt.by/image/catalog/easyphoto/1885/naushniki-zashchitnye-protivoshumnye-tactix-art-488131-14.jpg,https://dlt.by/image/catalog/easyphoto/1885/naushniki-zashchitnye-protivoshumnye-tactix-art-488131-15.jpg,https://dlt.by/image/catalog/easyphoto/1885/naushniki-zashchitnye-protivoshumnye-tactix-art-488131-16.jpg,https://dlt.by/image/catalog/easyphoto/1885/naushniki-zashchitnye-protivoshumnye-tactix-art-488131-17.jpg,https://dlt.by/image/catalog/easyphoto/1885/naushniki-zashchitnye-protivoshumnye-tactix-art-488131-18.jpg,https://dlt.by/image/catalog/easyphoto/1885/naushniki-zashchitnye-protivoshumnye-tactix-art-488131-19.jpg,https://dlt.by/image/catalog/easyphoto/1885/naushniki-zashchitnye-protivoshumnye-tactix-art-488131-20.jpg,https://dlt.by/image/catalog/easyphoto/1885/naushniki-zashchitnye-protivoshumnye-tactix-art-488131-21.jpg,https://dlt.by/image/catalog/easyphoto/1885/naushniki-zashchitnye-protivoshumnye-tactix-art-488131-22.jpg,https://dlt.by/image/catalog/easyphoto/1885/naushniki-zashchitnye-protivoshumnye-tactix-art-488131-23.jpg,https://dlt.by/image/catalog/easyphoto/1885/naushniki-zashchitnye-protivoshumnye-tactix-art-488131-24.jpg,https://dlt.by/image/catalog/easyphoto/1885/naushniki-zashchitnye-protivoshumnye-tactix-art-488131-25.jpg,,,,,,,,,,,,,,,,,,,,,,,,,,,,,,,,,"
"Ролик пластиковый для плиткореза/слайдера DLT MAXSLIM, арт.1533",Запчасти,1533,451.41,"https://dlt.by/image/catalog/easyphoto/1886/rolik-plastikovyy-dlya-plitkoreza-slaydera-dlt-maxslim-4.jpg,https://dlt.by/image/catalog/easyphoto/1886/rolik-plastikovyy-dlya-plitkoreza-slaydera-dlt-maxslim-5.jpg,https://dlt.by/image/catalog/easyphoto/1886/rolik-plastikovyy-dlya-plitkoreza-slaydera-dlt-maxslim-6.jpg,https://dlt.by/image/catalog/easyphoto/1886/rolik-plastikovyy-dlya-plitkoreza-slaydera-dlt-maxslim-7.jpg,,,,,,,,,,,,,,,,,,,,,,,,,,,,,,,,,,,,,,,,,,"
"Виброприсоска для укладки плитки RUBI VIBRATOR RV-20, арт.60933",Инструмент для укладки плитки>Вибрационные присоски,60933,13 843.34,"https://dlt.by/image/catalog/easyphoto/1887/vibroprisoska-dlya-ukladki-plitki-rubi-vibrator-rv-20-art-60933-10.jpg,https://dlt.by/image/catalog/easyphoto/1887/vibroprisoska-dlya-ukladki-plitki-rubi-vibrator-rv-20-art-60933-12.jpg,https://dlt.by/image/catalog/easyphoto/1887/vibroprisoska-dlya-ukladki-plitki-rubi-vibrator-rv-20-art-60933-21.jpg,https://dlt.by/image/catalog/easyphoto/1887/vibroprisoska-dlya-ukladki-plitki-rubi-vibrator-rv-20-art-60933-17.jpg,https://dlt.by/image/catalog/easyphoto/1887/vibroprisoska-dlya-ukladki-plitki-rubi-vibrator-rv-20-art-60933-11.jpg,https://dlt.by/image/catalog/easyphoto/1887/vibroprisoska-dlya-ukladki-plitki-rubi-vibrator-rv-20-art-60933-13.jpg,https://dlt.by/image/catalog/easyphoto/1887/vibroprisoska-dlya-ukladki-plitki-rubi-vibrator-rv-20-art-60933-26.png,https://dlt.by/image/catalog/easyphoto/1887/vibroprisoska-dlya-ukladki-plitki-rubi-vibrator-rv-20-art-60933-19.jpg,https://dlt.by/image/catalog/easyphoto/1887/vibroprisoska-dlya-ukladki-plitki-rubi-vibrator-rv-20-art-60933-15.jpg,https://dlt.by/image/catalog/easyphoto/1887/vibroprisoska-dlya-ukladki-plitki-rubi-vibrator-rv-20-art-60933-16.jpg,https://dlt.by/image/catalog/easyphoto/1887/vibroprisoska-dlya-ukladki-plitki-rubi-vibrator-rv-20-art-60933-18.jpg,https://dlt.by/image/catalog/easyphoto/1887/vibroprisoska-dlya-ukladki-plitki-rubi-vibrator-rv-20-art-60933-20.jpg,https://dlt.by/image/catalog/easyphoto/1887/vibroprisoska-dlya-ukladki-plitki-rubi-vibrator-rv-20-art-60933-22.jpg,https://dlt.by/image/catalog/easyphoto/1887/vibroprisoska-dlya-ukladki-plitki-rubi-vibrator-rv-20-art-60933-23.jpg,https://dlt.by/image/catalog/easyphoto/1887/vibroprisoska-dlya-ukladki-plitki-rubi-vibrator-rv-20-art-60933-24.jpg,,,,,,,,,,,,,,,,,,,,,,,,,,,,,,,"
"Шлифовальный круг DLT №20, арт.1547",Алмазная оснастка>Алмазные диски>Чашки алмазные шлифовальные (алмазные фрезы),1547,4 213.19,"https://dlt.by/image/catalog/easyphoto/1889/shlifovalnyy-krug-dlt-20-2.jpg,https://dlt.by/image/catalog/easyphoto/1889/shlifovalnyy-krug-dlt-20-3.jpg,https://dlt.by/image/catalog/easyphoto/1889/shlifovalnyy-krug-dlt-20-4.jpg,,,,,,,,,,,,,,,,,,,,,,,,,,,,,,,,,,,,,,,,,,,"
"Шлифовальный алмазный диск DLT №29 VACUUM, арт.1545",Алмазная оснастка>Алмазные диски>Чашки алмазные шлифовальные (алмазные фрезы),1545,993.11,"https://dlt.by/image/catalog/easyphoto/1890/shlifovalnyy-almaznyy-disk-dlt-29-vacuum-2.jpg,https://dlt.by/image/catalog/easyphoto/1890/shlifovalnyy-almaznyy-disk-dlt-29-vacuum-3.jpg,https://dlt.by/image/catalog/easyphoto/1890/shlifovalnyy-almaznyy-disk-dlt-29-vacuum-4.jpg,,,,,,,,,,,,,,,,,,,,,,,,,,,,,,,,,,,,,,,,,,,"
"Шлифовальный алмазный диск DLT №27 VACUUM, арт.1543",Алмазная оснастка>Алмазные диски>Чашки алмазные шлифовальные (алмазные фрезы),1543,1 263.96,"https://dlt.by/image/catalog/easyphoto/1891/shlifovalnyy-almaznyy-disk-dlt-27-vacuum-3.jpg,https://dlt.by/image/catalog/easyphoto/1891/shlifovalnyy-almaznyy-disk-dlt-27-vacuum-4.jpg,https://dlt.by/image/catalog/easyphoto/1891/shlifovalnyy-almaznyy-disk-dlt-27-vacuum-5.jpg,,,,,,,,,,,,,,,,,,,,,,,,,,,,,,,,,,,,,,,,,,,"
"Универсальный шлифовально-отрезной алмазный диск DLT №30 GALVANIC, арт.1546",Алмазная оснастка>Алмазные диски>Универсальные шлифовально - отрезные алмазные диски,1546,2 046.41,"https://dlt.by/image/catalog/easyphoto/1892/universalnyy-shlifovalno-otreznoy-almaznyy-disk-dlt-30-galvanic-3.jpg,https://dlt.by/image/catalog/easyphoto/1892/universalnyy-shlifovalno-otreznoy-almaznyy-disk-dlt-30-galvanic-4.jpg,https://dlt.by/image/catalog/easyphoto/1892/universalnyy-shlifovalno-otreznoy-almaznyy-disk-dlt-30-galvanic-5.jpg,,,,,,,,,,,,,,,,,,,,,,,,,,,,,,,,,,,,,,,,,,,"
"Шлифовальный алмазный диск DLT №28 VACUUM, арт.1544",Алмазная оснастка>Алмазные диски>Чашки алмазные шлифовальные (алмазные фрезы),1544,993.11,"https://dlt.by/image/catalog/easyphoto/1893/shlifovalnyy-almaznyy-disk-dlt-28-vacuum-2.jpg,https://dlt.by/image/catalog/easyphoto/1893/shlifovalnyy-almaznyy-disk-dlt-28-vacuum-4.jpg,https://dlt.by/image/catalog/easyphoto/1893/shlifovalnyy-almaznyy-disk-dlt-28-vacuum-3.jpg,,,,,,,,,,,,,,,,,,,,,,,,,,,,,,,,,,,,,,,,,,,"
"Тележка DLT для пылесоса и циклона 435мм, арт.1636",Пылесосы строительные>Аксессуары,1636,8 125.44,"https://dlt.by/image/catalog/easyphoto/1894/telezhka-dlt-dlya-pylesosa-550mm-7.jpg,https://dlt.by/image/catalog/easyphoto/1894/telezhka-dlt-dlya-pylesosa-550mm-11.jpg,https://dlt.by/image/catalog/easyphoto/1894/telezhka-dlt-dlya-pylesosa-435mm-art-1636-17.png,https://dlt.by/image/catalog/easyphoto/1894/telezhka-dlt-dlya-pylesosa-550mm-10.jpg,https://dlt.by/image/catalog/easyphoto/1894/telezhka-dlt-dlya-pylesosa-550mm-9.jpg,https://dlt.by/image/catalog/easyphoto/1894/telezhka-dlt-dlya-pylesosa-550mm-13.jpg,https://dlt.by/image/catalog/easyphoto/1894/telezhka-dlt-dlya-pylesosa-550mm-12.jpg,https://dlt.by/image/catalog/easyphoto/1894/telezhka-dlt-dlya-pylesosa-550mm-15.jpg,https://dlt.by/image/catalog/easyphoto/1894/telezhka-dlt-dlya-pylesosa-550mm-14.jpg,https://dlt.by/image/catalog/easyphoto/1894/telezhka-dlt-dlya-pylesosa-550mm-16.jpg,,,,,,,,,,,,,,,,,,,,,,,,,,,,,,,,,,,,"
"Набор запасных шпателей для DLT Silicone, (размер 2С) ОРАНЖЕВЫЕ, арт.1583",Акции на строительный инструмент,1583,186.58,"https://dlt.by/image/catalog/easyphoto/1895/nabor-zapasnyh-shpateley-dlya-dlt-silicone-razmer-2s-4.jpg,https://dlt.by/image/catalog/easyphoto/1895/nabor-zapasnyh-shpateley-dlya-dlt-silicone-razmer-2s-6.jpg,https://dlt.by/image/catalog/easyphoto/1895/nabor-zapasnyh-shpateley-dlya-dlt-silicone-razmer-2s-5.jpg,,,,,,,,,,,,,,,,,,,,,,,,,,,,,,,,,,,,,,,,,,,"
"Набор запасных шпателей для DLT Silicone, (размер 3С) ОРАНЖЕВЫЕ, арт.1586",Акции на строительный инструмент,1586,186.58,"https://dlt.by/image/catalog/easyphoto/1896/nabor-zapasnyh-shpateley-dlya-dlt-silicone-razmer-3s-7.jpg,https://dlt.by/image/catalog/easyphoto/1896/nabor-zapasnyh-shpateley-dlya-dlt-silicone-razmer-3s-5.jpg,https://dlt.by/image/catalog/easyphoto/1896/nabor-zapasnyh-shpateley-dlya-dlt-silicone-razmer-3s-6.jpg,,,,,,,,,,,,,,,,,,,,,,,,,,,,,,,,,,,,,,,,,,,"
"Набор запасных шпателей для DLT Silicone, (размер 4С) ОРАНЖЕВЫЕ, арт.1584",Акции на строительный инструмент,1584,186.58,"https://dlt.by/image/catalog/easyphoto/1897/nabor-zapasnyh-shpateley-dlya-dlt-silicone-razmer-4s-6.jpg,https://dlt.by/image/catalog/easyphoto/1897/nabor-zapasnyh-shpateley-dlya-dlt-silicone-razmer-4s-4.jpg,https://dlt.by/image/catalog/easyphoto/1897/nabor-zapasnyh-shpateley-dlya-dlt-silicone-razmer-4s-5.jpg,,,,,,,,,,,,,,,,,,,,,,,,,,,,,,,,,,,,,,,,,,,"
"Набор запасных шпателей для DLT Silicone, (размер 12) ОРАНЖЕВЫЕ, арт.1582",Акции на строительный инструмент,1582,186.58,"https://dlt.by/image/catalog/easyphoto/1898/nabor-zapasnyh-shpateley-dlya-dlt-silicone-razmer-12-6.jpg,https://dlt.by/image/catalog/easyphoto/1898/nabor-zapasnyh-shpateley-dlya-dlt-silicone-razmer-12-4.jpg,https://dlt.by/image/catalog/easyphoto/1898/nabor-zapasnyh-shpateley-dlya-dlt-silicone-razmer-12-5.jpg,,,,,,,,,,,,,,,,,,,,,,,,,,,,,,,,,,,,,,,,,,,"
"Набор шпателей для силикона DLT Silicone, комплект 9 насадок, арт.1581",Инструмент для укладки плитки>Шпатели для силикона и герметика>Шпатели и насадки,1581,662.07,"https://dlt.by/image/catalog/easyphoto/1899/nabor-shpateley-dlya-silikona-dlt-silicone-komplekt-9-nasadok-14.jpg,https://dlt.by/image/catalog/easyphoto/1899/nabor-shpateley-dlya-silikona-dlt-silicone-komplekt-9-nasadok-12.jpg,https://dlt.by/image/catalog/easyphoto/1899/nabor-shpateley-dlya-silikona-dlt-silicone-komplekt-9-nasadok-13.jpg,https://dlt.by/image/catalog/easyphoto/1899/nabor-shpateley-dlya-silikona-dlt-silicone-komplekt-9-nasadok-16.jpg,https://dlt.by/image/catalog/easyphoto/1899/nabor-shpateley-dlya-silikona-dlt-silicone-komplekt-9-nasadok-17.jpg,https://dlt.by/image/catalog/easyphoto/1899/nabor-shpateley-dlya-silikona-dlt-silicone-komplekt-9-nasadok-15.jpg,,,,,,,,,,,,,,,,,,,,,,,,,,,,,,,,,,,,,,,,"
"Система резки крупноформатной плитки DLT SLim Cutter KIT-Plus, арт.1548",Плиткорезы электрические (камнерезы/мокрорезы)>Электрические плиткорезы для крупноформатной плитки,1548,76 138.39,"https://dlt.by/image/catalog/easyphoto/1900/sistema-rezki-krupnoformatnoy-plitki-dlt-slim-cutter-kit-plus-25.jpg,https://dlt.by/image/catalog/easyphoto/1900/sistema-rezki-krupnoformatnoy-plitki-dlt-slim-cutter-kit-plus-26.jpg,https://dlt.by/image/catalog/easyphoto/1900/sistema-rezki-krupnoformatnoy-plitki-dlt-slim-cutter-kit-plus-27.jpg,https://dlt.by/image/catalog/easyphoto/1900/sistema-rezki-krupnoformatnoy-plitki-dlt-slim-cutter-kit-plus-28.jpg,https://dlt.by/image/catalog/easyphoto/1900/sistema-rezki-krupnoformatnoy-plitki-dlt-slim-cutter-kit-plus-29.jpg,https://dlt.by/image/catalog/easyphoto/1900/sistema-rezki-krupnoformatnoy-plitki-dlt-slim-cutter-kit-plus-30.jpg,https://dlt.by/image/catalog/easyphoto/1900/sistema-rezki-krupnoformatnoy-plitki-dlt-slim-cutter-kit-plus-31.jpg,https://dlt.by/image/catalog/easyphoto/1900/sistema-rezki-krupnoformatnoy-plitki-dlt-slim-cutter-kit-plus-32.jpg,https://dlt.by/image/catalog/easyphoto/1900/sistema-rezki-krupnoformatnoy-plitki-dlt-slim-cutter-kit-plus-33.jpg,https://dlt.by/image/catalog/easyphoto/1900/alt_sistema-rezki-krupnoformatnoy-plitki-dlt-slim-cutter-kit-plus-34.jpg,https://dlt.by/image/catalog/easyphoto/1900/alt_sistema-rezki-krupnoformatnoy-plitki-dlt-slim-cutter-kit-plus-35.jpg,https://dlt.by/image/catalog/easyphoto/1900/alt_sistema-rezki-krupnoformatnoy-plitki-dlt-slim-cutter-kit-plus-36.jpg,https://dlt.by/image/catalog/easyphoto/1900/alt_sistema-rezki-krupnoformatnoy-plitki-dlt-slim-cutter-kit-plus-37.jpg,https://dlt.by/image/catalog/easyphoto/1900/alt_sistema-rezki-krupnoformatnoy-plitki-dlt-slim-cutter-kit-plus-38.jpg,https://dlt.by/image/catalog/easyphoto/1900/alt_sistema-rezki-krupnoformatnoy-plitki-dlt-slim-cutter-kit-plus-39.jpg,https://dlt.by/image/catalog/easyphoto/1900/alt_sistema-rezki-krupnoformatnoy-plitki-dlt-slim-cutter-kit-plus-40.jpg,https://dlt.by/image/catalog/easyphoto/1900/alt_sistema-rezki-krupnoformatnoy-plitki-dlt-slim-cutter-kit-plus-41.jpg,https://dlt.by/image/catalog/easyphoto/1900/alt_sistema-rezki-krupnoformatnoy-plitki-dlt-slim-cutter-kit-plus-42.jpg,https://dlt.by/image/catalog/easyphoto/1900/alt_sistema-rezki-krupnoformatnoy-plitki-dlt-slim-cutter-kit-plus-43.jpg,https://dlt.by/image/catalog/easyphoto/1900/sistema-rezki-krupnoformatnoy-plitki-dlt-slim-cutter-kit-plus-44.jpg,https://dlt.by/image/catalog/easyphoto/1900/sistema-rezki-krupnoformatnoy-plitki-dlt-slim-cutter-kit-plus-45.jpg,https://dlt.by/image/catalog/easyphoto/1900/sistema-rezki-krupnoformatnoy-plitki-dlt-slim-cutter-kit-plus-46.jpg,https://dlt.by/image/catalog/easyphoto/1900/sistema-rezki-krupnoformatnoy-plitki-dlt-slim-cutter-kit-plus-47.jpg,https://dlt.by/image/catalog/easyphoto/1900/sistema-rezki-krupnoformatnoy-plitki-dlt-slim-cutter-kit-plus-48.jpg,https://dlt.by/image/catalog/easyphoto/1900/sistema-rezki-krupnoformatnoy-plitki-dlt-slim-cutter-kit-plus-49.jpg,https://dlt.by/image/catalog/easyphoto/1900/sistema-rezki-krupnoformatnoy-plitki-dlt-slim-cutter-kit-plus-50.jpg,https://dlt.by/image/catalog/easyphoto/1900/sistema-rezki-krupnoformatnoy-plitki-dlt-slim-cutter-kit-plus-51.png,https://dlt.by/image/catalog/easyphoto/1900/alt_sistema-rezki-krupnoformatnoy-plitki-dlt-slim-cutter-kit-plus-52.jpg,https://dlt.by/image/catalog/easyphoto/1900/sistema-rezki-krupnoformatnoy-plitki-dlt-slim-cutter-kit-plus-53.jpg,https://dlt.by/image/catalog/easyphoto/1900/sistema-rezki-krupnoformatnoy-plitki-dlt-slim-cutter-kit-plus-34.jpg,,,,,,,,,,,,,,,,"
"Каретка для плиткореза DLT MAXSLim, арт.1640",Инструмент для укладки плитки>Аксессуары для ручных плиткорезов,1640,5 868.37,"https://dlt.by/image/catalog/easyphoto/1901/karetka-dlya-plitkoreza-dlt-maxslim-17.jpg,https://dlt.by/image/catalog/easyphoto/1901/karetka-dlya-plitkoreza-dlt-maxslim-24.jpg,https://dlt.by/image/catalog/easyphoto/1901/karetka-dlya-plitkoreza-dlt-maxslim-19.jpg,https://dlt.by/image/catalog/easyphoto/1901/karetka-dlya-plitkoreza-dlt-maxslim-18.jpg,https://dlt.by/image/catalog/easyphoto/1901/karetka-dlya-plitkoreza-dlt-maxslim-21.jpg,https://dlt.by/image/catalog/easyphoto/1901/karetka-dlya-plitkoreza-dlt-maxslim-23.jpg,https://dlt.by/image/catalog/easyphoto/1901/karetka-dlya-plitkoreza-dlt-maxslim-20.jpg,https://dlt.by/image/catalog/easyphoto/1901/karetka-dlya-plitkoreza-dlt-maxslim-22.jpg,,,,,,,,,,,,,,,,,,,,,,,,,,,,,,,,,,,,,,"
"Универсальный пылеотвод для АГШК, арт.1642",Инструмент для укладки плитки>Кожухи для УШМ/Пылеуловители/Кондукторы>Пылеуловители для УШМ,1642,3 611.31,"https://dlt.by/image/catalog/easyphoto/1905/universalnyy-pyleotvod-dlya-agshk-3.jpg,https://dlt.by/image/catalog/easyphoto/1905/universalnyy-pyleotvod-dlya-agshk-4.jpg,https://dlt.by/image/catalog/easyphoto/1905/universalnyy-pyleotvod-dlya-agshk-5.jpg,,,,,,,,,,,,,,,,,,,,,,,,,,,,,,,,,,,,,,,,,,,"
"Уплотнительное кольцо для присоски GRABO H V2,, арт.3843",Запчасти,3843,3 310.36,"https://dlt.by/image/catalog/easyphoto/1906/uplotnitelnoe-koltso-dlya-prisoski-grabo-hobby-h-v2-2.jpg,https://dlt.by/image/catalog/easyphoto/1906/uplotnitelnoe-koltso-dlya-prisoski-grabo-hobby-h-v2-3.jpg,https://dlt.by/image/catalog/easyphoto/1906/uplotnitelnoe-koltso-dlya-prisoski-grabo-hobby-h-v2-4.jpg,,,,,,,,,,,,,,,,,,,,,,,,,,,,,,,,,,,,,,,,,,,"
"Шпатель малярный BIHUI, 1,5 дюйма (38мм) из нержавеющей стали, арт.PTS1NH",Шпателя для механизированной шпатлевки>Малярные шпателя,PTS1NH,662.07,"https://dlt.by/image/catalog/easyphoto/1908/shpatel-malyarnyy-bihui-1-5-dyuyma-38mm-iz-nerzhaveyushchey-stali-art-pts1nh-3.jpg,https://dlt.by/image/catalog/easyphoto/1908/shpatel-malyarnyy-bihui-1-5-dyuyma-38mm-iz-nerzhaveyushchey-stali-art-pts1nh-4.jpg,https://dlt.by/image/catalog/easyphoto/1908/shpatel-malyarnyy-bihui-1-5-dyuyma-38mm-iz-nerzhaveyushchey-stali-art-pts1nh-5.jpg,,,,,,,,,,,,,,,,,,,,,,,,,,,,,,,,,,,,,,,,,,,"
"Шпатель малярный BIHUI, 2 дюйма (50мм) из нержавеющей стали, арт.PTS2",Шпателя для механизированной шпатлевки>Малярные шпателя,PTS2,692.17,"https://dlt.by/image/catalog/easyphoto/1909/shpatel-malyarnyy-bihui-2-dyuyma-50mm-iz-nerzhaveyushchey-stali-art-pts2-3.jpg,https://dlt.by/image/catalog/easyphoto/1909/shpatel-malyarnyy-bihui-2-dyuyma-50mm-iz-nerzhaveyushchey-stali-art-pts2-4.jpg,https://dlt.by/image/catalog/easyphoto/1909/shpatel-malyarnyy-bihui-2-dyuyma-50mm-iz-nerzhaveyushchey-stali-art-pts2-5.jpg,,,,,,,,,,,,,,,,,,,,,,,,,,,,,,,,,,,,,,,,,,,"
"Шпатель малярный BIHUI, 3 дюйма (75мм) из нержавеющей стали, арт.PTS3",Шпателя для механизированной шпатлевки>Малярные шпателя,PTS3,692.17,"https://dlt.by/image/catalog/easyphoto/1910/shpatel-malyarnyy-bihui-3-dyuyma-75mm-iz-nerzhaveyushchey-stali-art-pts3-3.jpg,https://dlt.by/image/catalog/easyphoto/1910/shpatel-malyarnyy-bihui-3-dyuyma-75mm-iz-nerzhaveyushchey-stali-art-pts3-4.jpg,https://dlt.by/image/catalog/easyphoto/1910/shpatel-malyarnyy-bihui-3-dyuyma-75mm-iz-nerzhaveyushchey-stali-art-pts3-5.jpg,,,,,,,,,,,,,,,,,,,,,,,,,,,,,,,,,,,,,,,,,,,"
"Шпатель малярный BIHUI, 4 дюйма (100мм) из нержавеющей стали, арт.PTS4",Шпателя для механизированной шпатлевки>Малярные шпателя,PTS4,722.26,"https://dlt.by/image/catalog/easyphoto/1911/shpatel-malyarnyy-bihui-4-dyuyma-100mm-iz-nerzhaveyushchey-stali-art-pts4-5.jpg,https://dlt.by/image/catalog/easyphoto/1911/shpatel-malyarnyy-bihui-4-dyuyma-100mm-iz-nerzhaveyushchey-stali-art-pts4-3.jpg,https://dlt.by/image/catalog/easyphoto/1911/shpatel-malyarnyy-bihui-4-dyuyma-100mm-iz-nerzhaveyushchey-stali-art-pts4-4.jpg,,,,,,,,,,,,,,,,,,,,,,,,,,,,,,,,,,,,,,,,,,,"
"Шпатель малярный BIHUI, 5 дюйма (125мм) из нержавеющей стали, арт.PTS5",Шпателя для механизированной шпатлевки>Малярные шпателя,PTS5,767.40,"https://dlt.by/image/catalog/easyphoto/1912/shpatel-malyarnyy-bihui-5-dyuyma-125mm-iz-nerzhaveyushchey-stali-art-pts5-3.jpg,https://dlt.by/image/catalog/easyphoto/1912/shpatel-malyarnyy-bihui-5-dyuyma-125mm-iz-nerzhaveyushchey-stali-art-pts5-5.jpg,https://dlt.by/image/catalog/easyphoto/1912/shpatel-malyarnyy-bihui-5-dyuyma-125mm-iz-nerzhaveyushchey-stali-art-pts5-4.jpg,,,,,,,,,,,,,,,,,,,,,,,,,,,,,,,,,,,,,,,,,,,"
"Шпатель малярный BIHUI, 6 дюйма (150мм) из нержавеющей стали, арт.PTS6",Шпателя для механизированной шпатлевки>Малярные шпателя,PTS6,809.53,"https://dlt.by/image/catalog/easyphoto/1913/shpatel-malyarnyy-bihui-6-dyuyma-150mm-iz-nerzhaveyushchey-stali-art-pts6-5.jpg,https://dlt.by/image/catalog/easyphoto/1913/shpatel-malyarnyy-bihui-6-dyuyma-150mm-iz-nerzhaveyushchey-stali-art-pts6-3.jpg,https://dlt.by/image/catalog/easyphoto/1913/shpatel-malyarnyy-bihui-6-dyuyma-150mm-iz-nerzhaveyushchey-stali-art-pts6-4.jpg,,,,,,,,,,,,,,,,,,,,,,,,,,,,,,,,,,,,,,,,,,,"
"Скребок многофункциональный строительный BIHUI, арт.PTS10IN1",Малярный и штукатурный инструмент>Скребки малярные,PTS10IN1,752.36,"https://dlt.by/image/catalog/easyphoto/1914/skrebok-mnogofunktsionalnyy-stroitelnyy-bihui-art-pts10in1-3.jpg,https://dlt.by/image/catalog/easyphoto/1914/skrebok-mnogofunktsionalnyy-stroitelnyy-bihui-art-pts10in1-4.jpg,https://dlt.by/image/catalog/easyphoto/1914/skrebok-mnogofunktsionalnyy-stroitelnyy-bihui-art-pts10in1-5.jpg,https://dlt.by/image/catalog/easyphoto/1914/skrebok-mnogofunktsionalnyy-stroitelnyy-bihui-art-pts10in1-6.jpg,https://dlt.by/image/catalog/easyphoto/1914/skrebok-mnogofunktsionalnyy-stroitelnyy-bihui-art-pts10in1-7.jpg,,,,,,,,,,,,,,,,,,,,,,,,,,,,,,,,,,,,,,,,,"
"HEPA-фильтр для пылесоса BIHUI, арт.VCH30-07",Пылесосы строительные>Фильтры и мешки-пылесборники,VCH30-07,812.54,"https://dlt.by/image/catalog/easyphoto/1915/hepa-filtr-dlya-pylesosa-bihui-art-vch30-07-3.jpg,https://dlt.by/image/catalog/easyphoto/1915/hepa-filtr-dlya-pylesosa-bihui-art-vch30-07-4.jpg,https://dlt.by/image/catalog/easyphoto/1915/hepa-filtr-dlya-pylesosa-bihui-art-vch30-07-5.jpg,,,,,,,,,,,,,,,,,,,,,,,,,,,,,,,,,,,,,,,,,,,"
"Сменные лезвия для чистки плиточных швов BIHUI, арт. TGRSB2",Инструмент для укладки плитки>Инструмент для очистки швов,TGRSB2,246.77,"https://dlt.by/image/catalog/easyphoto/1916/smennye-lezviya-dlya-chistki-plitochnyh-shvov-bihui-art-tgrsb2-9.jpg,https://dlt.by/image/catalog/easyphoto/1916/smennye-lezviya-dlya-chistki-plitochnyh-shvov-bihui-art-tgrsb2-10.jpg,https://dlt.by/image/catalog/easyphoto/1916/smennye-lezviya-dlya-chistki-plitochnyh-shvov-bihui-art-tgrsb2-11.jpg,,,,,,,,,,,,,,,,,,,,,,,,,,,,,,,,,,,,,,,,,,,"
"Запасное лезвие для набора гребенок BIHUI 280*115 мм, зуб 12мм, арт.PTSJ12",Бренды>BIHUI Tools Инструмент для укладки плитки Бихуэй (бихуй),PTSJ12,631.98,"https://dlt.by/image/catalog/easyphoto/1917/zapasnoe-lezvie-dlya-nabora-grebenok-bihui-12mm-art-ptsj12-1.jpg,,,,,,,,,,,,,,,,,,,,,,,,,,,,,,,,,,,,,,,,,,,,,"