Название,Родительская категория>Подкатегория>Подподкатегория,Артикул,ЦенаRUB,
"Многоразовый тюбик (пакет) для затирки швов BIHUI, арт.GBS21",Инструмент для укладки плитки>Разное для укладки,GBS21,391.22,"https://dlt.by/image/catalog/easyphoto/1918/mnogorazovyy-tyubik-paket-dlya-zatirki-shvov-bihui-art-gbs21-4.jpg,https://dlt.by/image/catalog/easyphoto/1918/mnogorazovyy-tyubik-paket-dlya-zatirki-shvov-bihui-art-gbs21-5.jpg,https://dlt.by/image/catalog/easyphoto/1918/mnogorazovyy-tyubik-paket-dlya-zatirki-shvov-bihui-art-gbs21-6.jpg,https://dlt.by/image/catalog/easyphoto/1918/mnogorazovyy-tyubik-paket-dlya-zatirki-shvov-bihui-art-gbs21-7.jpg,,,,,,,,,,,,,,,,,,,,,,,,,,,,,,,,,,,,,,,,,,"
"Маяк для наливного пола BIHUI, 100шт., арт.MSLP100",Малярный и штукатурный инструмент>Маяки для наливного пола,MSLP100,1 745.47,"https://dlt.by/image/catalog/easyphoto/1919/mayak-dlya-nalivnogo-pola-bihui-upakovka-100sht-art-mslp100-6.jpg,https://dlt.by/image/catalog/easyphoto/1919/mayak-dlya-nalivnogo-pola-bihui-upakovka-100sht-art-mslp100-9.jpg,https://dlt.by/image/catalog/easyphoto/1919/mayak-dlya-nalivnogo-pola-bihui-upakovka-100sht-art-mslp100-7.jpg,https://dlt.by/image/catalog/easyphoto/1919/mayak-dlya-nalivnogo-pola-bihui-upakovka-100sht-art-mslp100-8.jpg,,,,,,,,,,,,,,,,,,,,,,,,,,,,,,,,,,,,,,,,,,"
"Электрическая присоска BIHUI с АВТО подкачкой, для гладкой и рельефной поверхности, Ø8 дюймов, арт.SCBA8 ",Инструмент для укладки плитки>Присоски для плитки и стекла>Электрические присоски и поршни,SCBA8,6 169.32,"https://dlt.by/image/catalog/easyphoto/1920/prisoska-bihui-s-avto-podkachkoy-art-scba8-5.jpg,https://dlt.by/image/catalog/easyphoto/1920/prisoska-bihui-s-avto-podkachkoy-art-scba8-6.jpg,https://dlt.by/image/catalog/easyphoto/1920/prisoska-bihui-s-avto-podkachkoy-art-scba8-7.jpg,https://dlt.by/image/catalog/easyphoto/1920/prisoska-bihui-s-avto-podkachkoy-art-scba8-8.jpg,https://dlt.by/image/catalog/easyphoto/1920/prisoska-bihui-s-avto-podkachkoy-art-scba8-9.jpg,https://dlt.by/image/catalog/easyphoto/1920/prisoska-bihui-s-avto-podkachkoy-art-scba8-14.jpg,https://dlt.by/image/catalog/easyphoto/1920/prisoska-bihui-s-avto-podkachkoy-art-scba8-10.jpg,https://dlt.by/image/catalog/easyphoto/1920/prisoska-bihui-s-avto-podkachkoy-art-scba8-13.jpg,https://dlt.by/image/catalog/easyphoto/1920/prisoska-bihui-s-avto-podkachkoy-art-scba8-11.jpg,https://dlt.by/image/catalog/easyphoto/1920/prisoska-bihui-s-avto-podkachkoy-art-scba8-12.jpg,,,,,,,,,,,,,,,,,,,,,,,,,,,,,,,,,,,,"
"Кювета для мытья керамической плитки BIHUI, 24 литра, арт.TWS24",Инструмент для укладки плитки>Ведро плиточника,TWS24,3 310.36,"https://dlt.by/image/catalog/easyphoto/1921/kyuveta-dlya-mytya-keramicheskoy-plitki-bihui-24-litra-art-tws24-4.jpg,https://dlt.by/image/catalog/easyphoto/1921/kyuveta-dlya-mytya-keramicheskoy-plitki-bihui-24-litra-art-tws24-5.jpg,https://dlt.by/image/catalog/easyphoto/1921/kyuveta-dlya-mytya-keramicheskoy-plitki-bihui-24-litra-art-tws24-6.jpg,https://dlt.by/image/catalog/easyphoto/1921/kyuveta-dlya-mytya-keramicheskoy-plitki-bihui-24-litra-art-tws24-7.jpg,https://dlt.by/image/catalog/easyphoto/1921/kyuveta-dlya-mytya-keramicheskoy-plitki-bihui-24-litra-art-tws24-9.jpg,https://dlt.by/image/catalog/easyphoto/1921/kyuveta-dlya-mytya-keramicheskoy-plitki-bihui-24-litra-art-tws24-8.jpg,https://dlt.by/image/catalog/easyphoto/1921/kyuveta-dlya-mytya-keramicheskoy-plitki-bihui-24-litra-art-tws24-10.jpg,,,,,,,,,,,,,,,,,,,,,,,,,,,,,,,,,,,,,,,"
"Кондуктор (шаблон) BIHUI для алмазных коронок Ø4,5,6,8,10,12,14мм, арт.DBGU",Алмазная оснастка>Алмазные коронки для плитки,DBGU,541.70,"https://dlt.by/image/catalog/easyphoto/1922/konduktor-bihui-dlya-almaznyh-koronok-4-5-6-8-10-12-14mm-art-dbgu-4.jpg,https://dlt.by/image/catalog/easyphoto/1922/konduktor-bihui-dlya-almaznyh-koronok-4-5-6-8-10-12-14mm-art-dbgu-5.jpg,https://dlt.by/image/catalog/easyphoto/1922/konduktor-bihui-dlya-almaznyh-koronok-4-5-6-8-10-12-14mm-art-dbgu-6.jpg,https://dlt.by/image/catalog/easyphoto/1922/konduktor-bihui-dlya-almaznyh-koronok-4-5-6-8-10-12-14mm-art-dbgu-8.jpg,https://dlt.by/image/catalog/easyphoto/1922/konduktor-bihui-dlya-almaznyh-koronok-4-5-6-8-10-12-14mm-art-dbgu-7.jpg,,,,,,,,,,,,,,,,,,,,,,,,,,,,,,,,,,,,,,,,,"
"Электрический плиткорез (заусовщик) BIHUI, арт.LFMBF",Плиткорезы электрические (камнерезы/мокрорезы)>Плиткорезы BIHUI,LFMBF,29 793.28,"https://dlt.by/image/catalog/easyphoto/1923/elektricheskiy-plitkorez-zausovshchik-bihui-art-lfmbf-8.jpg,https://dlt.by/image/catalog/easyphoto/1923/elektricheskiy-plitkorez-zausovshchik-bihui-art-lfmbf-22.jpg,https://dlt.by/image/catalog/easyphoto/1923/elektricheskiy-plitkorez-zausovshchik-bihui-art-lfmbf-11.jpg,https://dlt.by/image/catalog/easyphoto/1923/elektricheskiy-plitkorez-zausovshchik-bihui-art-lfmbf-15.jpg,https://dlt.by/image/catalog/easyphoto/1923/elektricheskiy-plitkorez-zausovshchik-bihui-art-lfmbf-12.jpg,https://dlt.by/image/catalog/easyphoto/1923/elektricheskiy-plitkorez-zausovshchik-bihui-art-lfmbf-13.jpg,https://dlt.by/image/catalog/easyphoto/1923/elektricheskiy-plitkorez-zausovshchik-bihui-art-lfmbf-14.jpg,https://dlt.by/image/catalog/easyphoto/1923/elektricheskiy-plitkorez-zausovshchik-bihui-art-lfmbf-18.jpg,https://dlt.by/image/catalog/easyphoto/1923/elektricheskiy-plitkorez-zausovshchik-bihui-art-lfmbf-16.jpg,https://dlt.by/image/catalog/easyphoto/1923/elektricheskiy-plitkorez-zausovshchik-bihui-art-lfmbf-17.jpg,https://dlt.by/image/catalog/easyphoto/1923/elektricheskiy-plitkorez-zausovshchik-bihui-art-lfmbf-19.jpg,https://dlt.by/image/catalog/easyphoto/1923/elektricheskiy-plitkorez-zausovshchik-bihui-art-lfmbf-21.jpg,,,,,,,,,,,,,,,,,,,,,,,,,,,,,,,,,,"
"Диск алмазный BIHUI, 125мм, арт.DSBC125",Алмазная оснастка>Алмазные диски>Универсальные диски,DSBC125,1 083.39,"https://dlt.by/image/catalog/easyphoto/1924/disk-almaznyy-bihui-125mm-art-dsbc125-3.jpg,https://dlt.by/image/catalog/easyphoto/1924/disk-almaznyy-bihui-125mm-art-dsbc125-4.jpg,https://dlt.by/image/catalog/easyphoto/1924/disk-almaznyy-bihui-125mm-art-dsbc125-5.jpg,https://dlt.by/image/catalog/easyphoto/1924/disk-almaznyy-bihui-125mm-art-dsbc125-6.jpg,,,,,,,,,,,,,,,,,,,,,,,,,,,,,,,,,,,,,,,,,,"
"Диск алмазный BIHUI, 180мм, арт. DSBM180",Алмазная оснастка>Алмазные диски>Универсальные диски,DSBM180,2 317.26,"https://dlt.by/image/catalog/easyphoto/1925/disk-almaznyy-bihui-180mm-art-dsbm180-3.jpg,https://dlt.by/image/catalog/easyphoto/1925/disk-almaznyy-bihui-180mm-art-dsbm180-4.jpg,https://dlt.by/image/catalog/easyphoto/1925/disk-almaznyy-bihui-180mm-art-dsbm180-6.jpg,https://dlt.by/image/catalog/easyphoto/1925/disk-almaznyy-bihui-180mm-art-dsbm180-5.jpg,,,,,,,,,,,,,,,,,,,,,,,,,,,,,,,,,,,,,,,,,,"
"Диск алмазный BIHUI, 125мм, арт.DSBS125",Алмазная оснастка>Алмазные диски>Универсальные диски,DSBS125,1 143.58,"https://dlt.by/image/catalog/easyphoto/1926/disk-almaznyy-bihui-125mm-art-dsbs125-3.jpg,https://dlt.by/image/catalog/easyphoto/1926/disk-almaznyy-bihui-125mm-art-dsbs125-4.jpg,https://dlt.by/image/catalog/easyphoto/1926/disk-almaznyy-bihui-125mm-art-dsbs125-5.jpg,https://dlt.by/image/catalog/easyphoto/1926/disk-almaznyy-bihui-125mm-art-dsbs125-6.jpg,,,,,,,,,,,,,,,,,,,,,,,,,,,,,,,,,,,,,,,,,,"
"Уровень строительный BIHUI, 600мм, арт.TSL060",Инструмент для укладки плитки>Уровни строительные,TSL060,1 435.49,"https://dlt.by/image/catalog/easyphoto/1927/uroven-stroitelnyy-bihui-600mm-art-tsl060-4.jpg,https://dlt.by/image/catalog/easyphoto/1927/uroven-stroitelnyy-bihui-600mm-art-tsl060-5.jpg,https://dlt.by/image/catalog/easyphoto/1927/uroven-stroitelnyy-bihui-600mm-art-tsl060-6.jpg,https://dlt.by/image/catalog/easyphoto/1927/uroven-stroitelnyy-bihui-600mm-art-tsl060-7.jpg,https://dlt.by/image/catalog/easyphoto/1927/uroven-stroitelnyy-bihui-600mm-art-tsl060-9.jpg,https://dlt.by/image/catalog/easyphoto/1927/uroven-stroitelnyy-bihui-600mm-art-tsl060-8.jpg,,,,,,,,,,,,,,,,,,,,,,,,,,,,,,,,,,,,,,,,"
"Уровень строительный BIHUI, 800мм, арт.TSL080",Инструмент для укладки плитки>Уровни строительные,TSL080,1 727.41,"https://dlt.by/image/catalog/easyphoto/1928/uroven-stroitelnyy-bihui-800mm-art-tsl080-3.jpg,https://dlt.by/image/catalog/easyphoto/1928/uroven-stroitelnyy-bihui-800mm-art-tsl080-4.jpg,https://dlt.by/image/catalog/easyphoto/1928/uroven-stroitelnyy-bihui-800mm-art-tsl080-5.jpg,https://dlt.by/image/catalog/easyphoto/1928/uroven-stroitelnyy-bihui-800mm-art-tsl080-6.jpg,https://dlt.by/image/catalog/easyphoto/1928/uroven-stroitelnyy-bihui-800mm-art-tsl080-7.jpg,https://dlt.by/image/catalog/easyphoto/1928/uroven-stroitelnyy-bihui-800mm-art-tsl080-8.jpg,,,,,,,,,,,,,,,,,,,,,,,,,,,,,,,,,,,,,,,,"
"Уровень строительный BIHUI, 1000мм, арт.TSL100",Инструмент для укладки плитки>Уровни строительные,TSL100,1 986.22,"https://dlt.by/image/catalog/easyphoto/1929/uroven-stroitelnyy-bihui-1000mm-art-tsl100-5.jpg,https://dlt.by/image/catalog/easyphoto/1929/uroven-stroitelnyy-bihui-1000mm-art-tsl100-3.jpg,https://dlt.by/image/catalog/easyphoto/1929/uroven-stroitelnyy-bihui-1000mm-art-tsl100-4.jpg,https://dlt.by/image/catalog/easyphoto/1929/uroven-stroitelnyy-bihui-1000mm-art-tsl100-6.jpg,https://dlt.by/image/catalog/easyphoto/1929/uroven-stroitelnyy-bihui-1000mm-art-tsl100-7.jpg,https://dlt.by/image/catalog/easyphoto/1929/uroven-stroitelnyy-bihui-1000mm-art-tsl100-8.jpg,,,,,,,,,,,,,,,,,,,,,,,,,,,,,,,,,,,,,,,,"
"Уровень строительный BIHUI, 1200мм, арт.TSL120",Инструмент для укладки плитки>Уровни строительные,TSL120,2 377.44,"https://dlt.by/image/catalog/easyphoto/1930/uroven-stroitelnyy-bihui-1200mm-art-tsl120-8.jpg,https://dlt.by/image/catalog/easyphoto/1930/uroven-stroitelnyy-bihui-1200mm-art-tsl120-3.jpg,https://dlt.by/image/catalog/easyphoto/1930/uroven-stroitelnyy-bihui-1200mm-art-tsl120-4.jpg,https://dlt.by/image/catalog/easyphoto/1930/uroven-stroitelnyy-bihui-1200mm-art-tsl120-5.jpg,https://dlt.by/image/catalog/easyphoto/1930/uroven-stroitelnyy-bihui-1200mm-art-tsl120-6.jpg,https://dlt.by/image/catalog/easyphoto/1930/uroven-stroitelnyy-bihui-1200mm-art-tsl120-7.jpg,,,,,,,,,,,,,,,,,,,,,,,,,,,,,,,,,,,,,,,,"
"Кельма четырехугольная BIHUI,180мм (мастерок), арт.BTCHB7",Инструмент для укладки плитки>Мастерки,BTCHB7,391.22,"https://dlt.by/image/catalog/easyphoto/1931/kelma-chetyrehugolnaya-bihui-180mm-masterok-art-btchb7-4.jpg,https://dlt.by/image/catalog/easyphoto/1931/kelma-chetyrehugolnaya-bihui-180mm-masterok-art-btchb7-5.jpg,https://dlt.by/image/catalog/easyphoto/1931/kelma-chetyrehugolnaya-bihui-180mm-masterok-art-btchb7-6.jpg,https://dlt.by/image/catalog/easyphoto/1931/kelma-chetyrehugolnaya-bihui-180mm-masterok-art-btchb7-7.jpg,,,,,,,,,,,,,,,,,,,,,,,,,,,,,,,,,,,,,,,,,,"
"Мастерок из нерж. стали BIHUI 100*110 мм, арт.BTSHP4",Инструмент для укладки плитки>Мастерки,BTSHP4,391.22,"https://dlt.by/image/catalog/easyphoto/1932/masterok-bihui-100x110mm-masterok-iz-nerzh-stali-art-btshp4-4.jpg,https://dlt.by/image/catalog/easyphoto/1932/masterok-bihui-100x110mm-masterok-iz-nerzh-stali-art-btshp4-2.jpg,https://dlt.by/image/catalog/easyphoto/1932/masterok-bihui-100x110mm-masterok-iz-nerzh-stali-art-btshp4-3.jpg,https://dlt.by/image/catalog/easyphoto/1932/masterok-bihui-100x110mm-masterok-iz-nerzh-stali-art-btshp4-5.jpg,,,,,,,,,,,,,,,,,,,,,,,,,,,,,,,,,,,,,,,,,,"
"Мастерок четырехугольный BIHUI 140мм, арт.BTCHB5",Шпателя для механизированной шпатлевки>Кельмы/мастерки ,BTCHB5,367.15,"https://dlt.by/image/catalog/easyphoto/1933/kelma-chetyrehugolnaya-bihui-140mm-masterok-art-btchb5-2.jpg,https://dlt.by/image/catalog/easyphoto/1933/kelma-chetyrehugolnaya-bihui-140mm-masterok-art-btchb5-3.jpg,https://dlt.by/image/catalog/easyphoto/1933/kelma-chetyrehugolnaya-bihui-140mm-masterok-art-btchb5-4.jpg,https://dlt.by/image/catalog/easyphoto/1933/kelma-chetyrehugolnaya-bihui-140mm-masterok-art-btchb5-5.jpg,,,,,,,,,,,,,,,,,,,,,,,,,,,,,,,,,,,,,,,,,,"
"Щетки для электрического плиткореза BIHUI LFECMR, арт. LFECMR-B",Плиткорезы ручные,LFECMR-B,306.96,"https://dlt.by/image/catalog/easyphoto/1934/shchetki-dlya-elektricheskogo-plitkoreza-bihui-lfecmr-art-lfecmr-b-3.jpg,,,,,,,,,,,,,,,,,,,,,,,,,,,,,,,,,,,,,,,,,,,,,"
"Роликовый резец BIHUI для плиткореза Ø22мм, посадка 5мм, арт.TCS-SW",Плиткорезы ручные>Аксессуары для ручных плиткорезов,TCS-SW,842.64,"https://dlt.by/image/catalog/easyphoto/1935/rezets-dlya-plitkoreza-bihui-art-tcs-sw-12.jpg,https://dlt.by/image/catalog/easyphoto/1935/rezets-dlya-plitkoreza-bihui-art-tcs-sw-13.jpg,https://dlt.by/image/catalog/easyphoto/1935/rezets-dlya-plitkoreza-bihui-art-tcs-sw-14.jpg,https://dlt.by/image/catalog/easyphoto/1935/rezets-dlya-plitkoreza-bihui-art-tcs-sw-15.jpg,https://dlt.by/image/catalog/easyphoto/1935/rezets-dlya-plitkoreza-bihui-art-tcs-sw-16.jpg,,,,,,,,,,,,,,,,,,,,,,,,,,,,,,,,,,,,,,,,,"
"Уровень строительный BIHUI, 1800мм, арт.TSL180",Инструмент для укладки плитки>Уровни строительные,TSL180,3 581.21,"https://dlt.by/image/catalog/easyphoto/1936/uroven-stroitelnyy-bihui-1800mm-art-tsl180-1.jpg,https://dlt.by/image/catalog/easyphoto/1936/uroven-stroitelnyy-bihui-1800mm-art-tsl180-2.jpg,https://dlt.by/image/catalog/easyphoto/1936/uroven-stroitelnyy-bihui-1800mm-art-tsl180-3.jpg,https://dlt.by/image/catalog/easyphoto/1936/uroven-stroitelnyy-bihui-1800mm-art-tsl180-4.jpg,https://dlt.by/image/catalog/easyphoto/1936/uroven-stroitelnyy-bihui-1800mm-art-tsl180-5.jpg,https://dlt.by/image/catalog/easyphoto/1936/uroven-stroitelnyy-bihui-1800mm-art-tsl180-6.jpg,,,,,,,,,,,,,,,,,,,,,,,,,,,,,,,,,,,,,,,,"
"Запасное лезвие для набора гребенок BIHUI 280*115 мм, без зубьев, арт.PTSJPL",Бренды>BIHUI Tools Инструмент для укладки плитки Бихуэй (бихуй),PTSJPL,631.98,"https://dlt.by/image/catalog/easyphoto/1937/zapasnoe-lezvie-dlya-nabora-grebenok-bez-zubev-bihui-art-ptsjpl-3.jpg,,,,,,,,,,,,,,,,,,,,,,,,,,,,,,,,,,,,,,,,,,,,,"
"Уголок монтажный, 90 градусов, 14см, (L-образный зажим), набор 2шт, арт.1556",Инструмент для укладки плитки>Уголки для фиксации плитки,1556,1 203.77,"https://dlt.by/image/catalog/easyphoto/1939/ugolok-montazhnyy-90-gradusov-14sm-l-obraznyy-zazhim-nabor-2sht-3.jpg,https://dlt.by/image/catalog/easyphoto/1939/ugolok-montazhnyy-90-gradusov-14sm-l-obraznyy-zazhim-nabor-2sht-4.jpg,https://dlt.by/image/catalog/easyphoto/1939/ugolok-montazhnyy-90-gradusov-14sm-l-obraznyy-zazhim-nabor-2sht-5.jpg,https://dlt.by/image/catalog/easyphoto/1939/ugolok-montazhnyy-90-gradusov-14sm-l-obraznyy-zazhim-nabor-2sht-6.jpg,https://dlt.by/image/catalog/easyphoto/1939/ugolok-montazhnyy-90-gradusov-14sm-l-obraznyy-zazhim-nabor-2sht-7.jpg,https://dlt.by/image/catalog/easyphoto/1939/ugolok-montazhnyy-90-gradusov-14sm-l-obraznyy-zazhim-nabor-2sht-8.jpg,https://dlt.by/image/catalog/easyphoto/1939/ugolok-montazhnyy-90-gradusov-14sm-l-obraznyy-zazhim-nabor-2sht-9.jpg,https://dlt.by/image/catalog/easyphoto/1939/ugolok-montazhnyy-90-gradusov-14sm-l-obraznyy-zazhim-nabor-2sht-10.jpg,https://dlt.by/image/catalog/easyphoto/1939/ugolok-montazhnyy-90-gradusov-14sm-l-obraznyy-zazhim-nabor-2sht-11.jpg,,,,,,,,,,,,,,,,,,,,,,,,,,,,,,,,,,,,,"
"Алмазный диск для гравировальной машинки DLT Slim-CERAMIC, 55 мм ВАЖНО - концевик 6мм, арт.1551",Алмазная оснастка>Алмазные диски>Алмазные диски для гравера,1551,337.06,"https://dlt.by/image/catalog/easyphoto/1940/almaznyy-disk-dlya-gravirovalnoy-mashinki-dlt-slim-ceramic-55-mm-3.jpg,https://dlt.by/image/catalog/easyphoto/1940/almaznyy-disk-dlya-gravirovalnoy-mashinki-dlt-slim-ceramic-55-mm-4.jpg,https://dlt.by/image/catalog/easyphoto/1940/almaznyy-disk-dlya-gravirovalnoy-mashinki-dlt-slim-ceramic-55-mm-5.jpg,https://dlt.by/image/catalog/easyphoto/1940/almaznyy-disk-dlya-gravirovalnoy-mashinki-dlt-slim-ceramic-55-mm-6.jpg,,,,,,,,,,,,,,,,,,,,,,,,,,,,,,,,,,,,,,,,,,"
"Набор сменных стержней к карандашам (набор грифелей), ЖЕЛТЫЙ, арт.1570",Акции на строительный инструмент,1570,306.96,"https://dlt.by/image/catalog/easyphoto/1943/nabor-smennyh-sterzhney-k-karandasham-nabor-grifeley-zheltyy-4.jpg,https://dlt.by/image/catalog/easyphoto/1943/nabor-smennyh-sterzhney-k-karandasham-nabor-grifeley-zheltyy-5.jpg,https://dlt.by/image/catalog/easyphoto/1943/nabor-smennyh-sterzhney-k-karandasham-nabor-grifeley-zheltyy-6.jpg,https://dlt.by/image/catalog/easyphoto/1943/nabor-smennyh-sterzhney-k-karandasham-nabor-grifeley-zheltyy-7.jpg,https://dlt.by/image/catalog/easyphoto/1943/nabor-smennyh-sterzhney-k-karandasham-nabor-grifeley-zheltyy-8.jpg,https://dlt.by/image/catalog/easyphoto/1943/nabor-smennyh-sterzhney-k-karandasham-nabor-grifeley-zheltyy-9.jpg,https://dlt.by/image/catalog/easyphoto/1943/nabor-smennyh-sterzhney-k-karandasham-nabor-grifeley-zheltyy-10.jpg,,,,,,,,,,,,,,,,,,,,,,,,,,,,,,,,,,,,,,,"
"Строительный карандаш DLT СИНИЙ, арт.1567",Инструмент для укладки плитки>Строительные маркеры и карандаши,1567,692.17,"https://dlt.by/image/catalog/easyphoto/1944/stroitelnyy-karandash-dlt-siniy-4.jpg,https://dlt.by/image/catalog/easyphoto/1944/stroitelnyy-karandash-dlt-siniy-5.jpg,https://dlt.by/image/catalog/easyphoto/1944/stroitelnyy-karandash-dlt-siniy-7.jpg,https://dlt.by/image/catalog/easyphoto/1944/stroitelnyy-karandash-dlt-siniy-6.jpg,,,,,,,,,,,,,,,,,,,,,,,,,,,,,,,,,,,,,,,,,,"
"Переходник DLT с X-LOCK на M14, арт.1550",Алмазная оснастка>Алмазные коронки для плитки>Аксессуары для алмазных коронок,1550,1 444.52,"https://dlt.by/image/catalog/easyphoto/1945/perehodnik-x-lock-na-m14-dlt-2.jpg,https://dlt.by/image/catalog/easyphoto/1945/perehodnik-x-lock-na-m14-dlt-3.jpg,https://dlt.by/image/catalog/easyphoto/1945/perehodnik-x-lock-na-m14-dlt-4.jpg,,,,,,,,,,,,,,,,,,,,,,,,,,,,,,,,,,,,,,,,,,,"
"Диск отрезной для гравировальной машинки DLT, 24 мм (набор 36шт), арт.1552",Алмазная оснастка>Алмазные диски>Алмазные диски для гравера,1552,306.96,"https://dlt.by/image/catalog/easyphoto/1948/disk-otreznoy-dlya-gravirovalnoy-mashinki-dlt-24-mm-nabor-36sht-6.jpg,https://dlt.by/image/catalog/easyphoto/1948/disk-otreznoy-dlya-gravirovalnoy-mashinki-dlt-24-mm-nabor-36sht-5.jpg,https://dlt.by/image/catalog/easyphoto/1948/disk-otreznoy-dlya-gravirovalnoy-mashinki-dlt-24-mm-nabor-36sht-7.jpg,,,,,,,,,,,,,,,,,,,,,,,,,,,,,,,,,,,,,,,,,,,"
"Набор алмазных фрез для гравировальной машинки, 138шт, (шарошки для гравера), арт.1553",Алмазная оснастка>Алмазные диски>Алмазные диски для гравера,1553,3 761.78,"https://dlt.by/image/catalog/easyphoto/1949/nabor-almaznyh-frez-dlya-gravirovalnoy-mashinki-138sht-sharoshki-dlya-gravera-2.jpg,https://dlt.by/image/catalog/easyphoto/1949/nabor-almaznyh-frez-dlya-gravirovalnoy-mashinki-138sht-sharoshki-dlya-gravera-3.jpg,https://dlt.by/image/catalog/easyphoto/1949/nabor-almaznyh-frez-dlya-gravirovalnoy-mashinki-138sht-sharoshki-dlya-gravera-4.jpg,https://dlt.by/image/catalog/easyphoto/1949/nabor-almaznyh-frez-dlya-gravirovalnoy-mashinki-138sht-sharoshki-dlya-gravera-5.jpg,https://dlt.by/image/catalog/easyphoto/1949/nabor-almaznyh-frez-dlya-gravirovalnoy-mashinki-138sht-sharoshki-dlya-gravera-6.jpg,https://dlt.by/image/catalog/easyphoto/1949/nabor-almaznyh-frez-dlya-gravirovalnoy-mashinki-138sht-sharoshki-dlya-gravera-7.jpg,,,,,,,,,,,,,,,,,,,,,,,,,,,,,,,,,,,,,,,,"
"Набор алмазных фрез для гравировальной машинки, 256шт, (шарошки для гравера), арт.1554",Алмазная оснастка>Алмазные диски>Алмазные диски для гравера,1554,6 319.79,"https://dlt.by/image/catalog/easyphoto/1950/nabor-almaznyh-frez-dlya-gravirovalnoy-mashinki-256sht-sharoshki-dlya-gravera-2.jpg,https://dlt.by/image/catalog/easyphoto/1950/nabor-almaznyh-frez-dlya-gravirovalnoy-mashinki-256sht-sharoshki-dlya-gravera-3.jpg,https://dlt.by/image/catalog/easyphoto/1950/nabor-almaznyh-frez-dlya-gravirovalnoy-mashinki-256sht-sharoshki-dlya-gravera-4.jpg,https://dlt.by/image/catalog/easyphoto/1950/nabor-almaznyh-frez-dlya-gravirovalnoy-mashinki-256sht-sharoshki-dlya-gravera-6.jpg,https://dlt.by/image/catalog/easyphoto/1950/nabor-almaznyh-frez-dlya-gravirovalnoy-mashinki-256sht-sharoshki-dlya-gravera-7.jpg,https://dlt.by/image/catalog/easyphoto/1950/nabor-almaznyh-frez-dlya-gravirovalnoy-mashinki-256sht-sharoshki-dlya-gravera-5.jpg,,,,,,,,,,,,,,,,,,,,,,,,,,,,,,,,,,,,,,,,"
"Универсальный пылеотвод для запила под 45, арт.1646",Инструмент для укладки плитки>Кожухи для УШМ/Пылеуловители/Кондукторы>Пылеуловители для УШМ,1646,5 025.74,"https://dlt.by/image/catalog/easyphoto/1951/universalnyy-pyleotvod-dlya-zapila-pod-45-3.jpg,https://dlt.by/image/catalog/easyphoto/1951/universalnyy-pyleotvod-dlya-zapila-pod-45-4.jpg,https://dlt.by/image/catalog/easyphoto/1951/universalnyy-pyleotvod-dlya-zapila-pod-45-5.jpg,https://dlt.by/image/catalog/easyphoto/1951/universalnyy-pyleotvod-dlya-zapila-pod-45-8.jpg,https://dlt.by/image/catalog/easyphoto/1951/universalnyy-pyleotvod-dlya-zapila-pod-45-6.jpg,https://dlt.by/image/catalog/easyphoto/1951/universalnyy-pyleotvod-dlya-zapila-pod-45-7.jpg,,,,,,,,,,,,,,,,,,,,,,,,,,,,,,,,,,,,,,,,"
"Набор сменных стержней к карандашам (набор грифелей), СЕРЫЙ, арт.1571",Инструмент для укладки плитки>Строительные маркеры и карандаши,1571,276.87,"https://dlt.by/image/catalog/easyphoto/1952/nabor-smennyh-sterzhney-k-karandasham-nabor-grifeley-seryy-10.jpg,https://dlt.by/image/catalog/easyphoto/1952/nabor-smennyh-sterzhney-k-karandasham-nabor-grifeley-seryy-11.jpg,,,,,,,,,,,,,,,,,,,,,,,,,,,,,,,,,,,,,,,,,,,,"
"Набор сменных стержней к карандашам (набор грифелей), КРАСНЫЙ, арт.1569",Инструмент для укладки плитки>Строительные маркеры и карандаши,1569,306.96,"https://dlt.by/image/catalog/easyphoto/1954/nabor-smennyh-sterzhney-k-karandasham-nabor-grifeley-krasnyy-5.jpg,https://dlt.by/image/catalog/easyphoto/1954/nabor-smennyh-sterzhney-k-karandasham-nabor-grifeley-krasnyy-7.jpg,https://dlt.by/image/catalog/easyphoto/1954/nabor-smennyh-sterzhney-k-karandasham-nabor-grifeley-krasnyy-4.jpg,https://dlt.by/image/catalog/easyphoto/1954/nabor-smennyh-sterzhney-k-karandasham-nabor-grifeley-krasnyy-6.jpg,https://dlt.by/image/catalog/easyphoto/1954/nabor-smennyh-sterzhney-k-karandasham-nabor-grifeley-krasnyy-8.jpg,https://dlt.by/image/catalog/easyphoto/1954/nabor-smennyh-sterzhney-k-karandasham-nabor-grifeley-krasnyy-9.jpg,https://dlt.by/image/catalog/easyphoto/1954/nabor-smennyh-sterzhney-k-karandasham-nabor-grifeley-krasnyy-10.jpg,,,,,,,,,,,,,,,,,,,,,,,,,,,,,,,,,,,,,,,"
"Виброприсоска для укладки плитки DLT Vibro EVOLUTION, арт.1505",Инструмент для укладки плитки>Вибрационные присоски,1505,9 931.09,"https://dlt.by/image/catalog/easyphoto/1955/vibroprisoska-dlya-ukladki-plitki-dlt-vibro-evolution-4.jpg,https://dlt.by/image/catalog/easyphoto/1955/vibroprisoska-dlya-ukladki-plitki-dlt-vibro-evolution-5.jpg,https://dlt.by/image/catalog/easyphoto/1955/vibroprisoska-dlya-ukladki-plitki-dlt-vibro-evolution-13.jpg,https://dlt.by/image/catalog/easyphoto/1955/vibroprisoska-dlya-ukladki-plitki-dlt-vibro-evolution-6.jpg,https://dlt.by/image/catalog/easyphoto/1955/vibroprisoska-dlya-ukladki-plitki-dlt-vibro-evolution-7.jpg,https://dlt.by/image/catalog/easyphoto/1955/vibroprisoska-dlya-ukladki-plitki-dlt-vibro-evolution-8.jpg,https://dlt.by/image/catalog/easyphoto/1955/vibroprisoska-dlya-ukladki-plitki-dlt-vibro-evolution-9.jpg,https://dlt.by/image/catalog/easyphoto/1955/vibroprisoska-dlya-ukladki-plitki-dlt-vibro-evolution-10.jpg,https://dlt.by/image/catalog/easyphoto/1955/vibroprisoska-dlya-ukladki-plitki-dlt-vibro-evolution-11.jpg,https://dlt.by/image/catalog/easyphoto/1955/vibroprisoska-dlya-ukladki-plitki-dlt-vibro-evolution-12.jpg,,,,,,,,,,,,,,,,,,,,,,,,,,,,,,,,,,,,"
"Виброприсоска для укладки плитки DLT VIBRO Mini, арт.1504",Инструмент для укладки плитки>Вибрационные присоски,1504,6 771.20,"https://dlt.by/image/catalog/easyphoto/1957/vibroprisoska-dlya-ukladki-plitki-dlt-vibro-mini-3.jpg,https://dlt.by/image/catalog/easyphoto/1957/vibroprisoska-dlya-ukladki-plitki-dlt-vibro-mini-4.jpg,https://dlt.by/image/catalog/easyphoto/1957/vibroprisoska-dlya-ukladki-plitki-dlt-vibro-mini-5.jpg,https://dlt.by/image/catalog/easyphoto/1957/vibroprisoska-dlya-ukladki-plitki-dlt-vibro-mini-6.jpg,https://dlt.by/image/catalog/easyphoto/1957/vibroprisoska-dlya-ukladki-plitki-dlt-vibro-mini-7.jpg,https://dlt.by/image/catalog/easyphoto/1957/vibroprisoska-dlya-ukladki-plitki-dlt-vibro-mini-8.jpg,https://dlt.by/image/catalog/easyphoto/1957/vibroprisoska-dlya-ukladki-plitki-dlt-vibro-mini-9.jpg,https://dlt.by/image/catalog/easyphoto/1957/vibroprisoska-dlya-ukladki-plitki-dlt-vibro-mini-10.jpg,https://dlt.by/image/catalog/easyphoto/1957/vibroprisoska-dlya-ukladki-plitki-dlt-vibro-mini-11.jpg,,,,,,,,,,,,,,,,,,,,,,,,,,,,,,,,,,,,,"
"Строительный карандаш DLT ЧЕРНЫЙ, арт.1568",Инструмент для укладки плитки>Строительные маркеры и карандаши,1568,704.20,"https://dlt.by/image/catalog/easyphoto/1958/stroitelnyy-karandash-dlt-chernyy-4.jpg,https://dlt.by/image/catalog/easyphoto/1958/stroitelnyy-karandash-dlt-chernyy-5.jpg,https://dlt.by/image/catalog/easyphoto/1958/stroitelnyy-karandash-dlt-chernyy-6.jpg,https://dlt.by/image/catalog/easyphoto/1958/stroitelnyy-karandash-dlt-chernyy-7.jpg,,,,,,,,,,,,,,,,,,,,,,,,,,,,,,,,,,,,,,,,,,"
"Аккумулятор DLT для виброприсоски Vibro EVOLUTION, арт.1506",Запчасти>Присоски вибро,1506,3 159.89,"https://dlt.by/image/catalog/easyphoto/1959/akkumulyator-dlt-dlya-vibroprisoski-vibro-evolution-3.jpg,https://dlt.by/image/catalog/easyphoto/1959/akkumulyator-dlt-dlya-vibroprisoski-vibro-evolution-4.jpg,https://dlt.by/image/catalog/easyphoto/1959/akkumulyator-dlt-dlya-vibroprisoski-vibro-evolution-5.jpg,,,,,,,,,,,,,,,,,,,,,,,,,,,,,,,,,,,,,,,,,,,"
"Переноска крупноформатного керамогранита DLT Auto mini, арт.2630",Инструмент для укладки плитки>Крупноформат,2630,35 511.19,"https://dlt.by/image/catalog/easyphoto/4061/perenoska-krupnoformatnogo-keramogranita-dlt-auto-mini-3.jpg,https://dlt.by/image/catalog/easyphoto/4061/perenoska-krupnoformatnogo-keramogranita-dlt-auto-mini-4.jpg,https://dlt.by/image/catalog/easyphoto/4061/perenoska-krupnoformatnogo-keramogranita-dlt-auto-mini-5.jpg,,,,,,,,,,,,,,,,,,,,,,,,,,,,,,,,,,,,,,,,,,,"
"Универсальный пылеотвод для прямого реза 90⁰, арт.1768",Инструмент для укладки плитки>Кожухи для УШМ/Пылеуловители/Кондукторы>Пылеуловители для УШМ,1768,1 956.12,"https://dlt.by/image/catalog/easyphoto/1964/universalnyy-pyleotvod-dlya-pryamogo-reza-90-6.jpg,https://dlt.by/image/catalog/easyphoto/1964/universalnyy-pyleotvod-dlya-pryamogo-reza-90-7.jpg,https://dlt.by/image/catalog/easyphoto/1964/universalnyy-pyleotvod-dlya-pryamogo-reza-90-8.jpg,https://dlt.by/image/catalog/easyphoto/1964/universalnyy-pyleotvod-dlya-pryamogo-reza-90-9.jpg,https://dlt.by/image/catalog/easyphoto/1964/universalnyy-pyleotvod-dlya-pryamogo-reza-90-10.jpg,https://dlt.by/image/catalog/easyphoto/1964/universalnyy-pyleotvod-dlya-pryamogo-reza-90-11.jpg,https://dlt.by/image/catalog/easyphoto/1964/universalnyy-pyleotvod-dlya-pryamogo-reza-90-12.jpg,https://dlt.by/image/catalog/easyphoto/1964/universalnyy-pyleotvod-dlya-pryamogo-reza-90-14.jpg,https://dlt.by/image/catalog/easyphoto/1964/universalnyy-pyleotvod-dlya-pryamogo-reza-90-15.jpg,,,,,,,,,,,,,,,,,,,,,,,,,,,,,,,,,,,,,"
"Шаблон (кондуктор) для монтажа электрических подрозетников INSTALLER Electric-5, арт.1579",Инструмент для укладки плитки>Шаблоны строительные,1579,3 611.31,"https://dlt.by/image/catalog/easyphoto/1966/shablon-dlya-montazha-elektricheskih-podrozetnikov-installer-electric-5-4.jpg,https://dlt.by/image/catalog/easyphoto/1966/shablon-dlya-montazha-elektricheskih-podrozetnikov-installer-electric-5-5.jpg,https://dlt.by/image/catalog/easyphoto/1966/shablon-dlya-montazha-elektricheskih-podrozetnikov-installer-electric-5-6.jpg,https://dlt.by/image/catalog/easyphoto/1966/shablon-dlya-montazha-elektricheskih-podrozetnikov-installer-electric-5-7.jpg,https://dlt.by/image/catalog/easyphoto/1966/shablon-dlya-montazha-elektricheskih-podrozetnikov-installer-electric-5-8.jpg,https://dlt.by/image/catalog/easyphoto/1966/shablon-dlya-montazha-elektricheskih-podrozetnikov-installer-electric-5-9.jpg,,,,,,,,,,,,,,,,,,,,,,,,,,,,,,,,,,,,,,,,"
"Шаблон (кондуктор) для монтажа электрических подрозетников INSTALLER Electric-3, арт.1578",Инструмент для укладки плитки>Шаблоны строительные,1578,2 858.95,"https://dlt.by/image/catalog/easyphoto/1967/shablon-dlya-montazha-elektricheskih-podrozetnikov-installer-electric-3-3.jpg,https://dlt.by/image/catalog/easyphoto/1967/shablon-dlya-montazha-elektricheskih-podrozetnikov-installer-electric-3-4.jpg,https://dlt.by/image/catalog/easyphoto/1967/shablon-dlya-montazha-elektricheskih-podrozetnikov-installer-electric-3-5.jpg,https://dlt.by/image/catalog/easyphoto/1967/shablon-dlya-montazha-elektricheskih-podrozetnikov-installer-electric-3-6.jpg,https://dlt.by/image/catalog/easyphoto/1967/shablon-dlya-montazha-elektricheskih-podrozetnikov-installer-electric-3-7.jpg,https://dlt.by/image/catalog/easyphoto/1967/shablon-dlya-montazha-elektricheskih-podrozetnikov-installer-electric-3-8.jpg,,,,,,,,,,,,,,,,,,,,,,,,,,,,,,,,,,,,,,,,"
"Шаблон (кондуктор) для монтажа водорозеток INSTALLER PRO, арт.1580",Инструмент для укладки плитки>Шаблоны строительные,1580,7 523.56,"https://dlt.by/image/catalog/easyphoto/1968/shablon-dlya-montazha-vodorozetok-installer-pro-2.jpg,https://dlt.by/image/catalog/easyphoto/1968/shablon-dlya-montazha-vodorozetok-installer-pro-3.jpg,https://dlt.by/image/catalog/easyphoto/1968/shablon-dlya-montazha-vodorozetok-installer-pro-4.jpg,https://dlt.by/image/catalog/easyphoto/1968/shablon-dlya-montazha-vodorozetok-installer-pro-5.jpg,https://dlt.by/image/catalog/easyphoto/1968/shablon-dlya-montazha-vodorozetok-installer-pro-6.jpg,https://dlt.by/image/catalog/easyphoto/1968/shablon-dlya-montazha-vodorozetok-installer-pro-7.jpg,https://dlt.by/image/catalog/easyphoto/1968/shablon-dlya-montazha-vodorozetok-installer-pro-8.jpg,https://dlt.by/image/catalog/easyphoto/1968/shablon-dlya-montazha-vodorozetok-installer-pro-9.jpg,https://dlt.by/image/catalog/easyphoto/1968/shablon-dlya-montazha-vodorozetok-installer-pro-10.jpg,https://dlt.by/image/catalog/easyphoto/1968/shablon-dlya-montazha-vodorozetok-installer-pro-11.jpg,,,,,,,,,,,,,,,,,,,,,,,,,,,,,,,,,,,,"
"Адаптер INSTALLER BOLT, арт.1577",Инструмент для укладки плитки>Шаблоны строительные,1577,1 805.65,"https://dlt.by/image/catalog/easyphoto/1969/adapter-installer-bolt-7.jpg,https://dlt.by/image/catalog/easyphoto/1969/adapter-installer-bolt-8.jpg,https://dlt.by/image/catalog/easyphoto/1969/adapter-installer-bolt-9.jpg,,,,,,,,,,,,,,,,,,,,,,,,,,,,,,,,,,,,,,,,,,,"
"Диск алмазный для плиткореза, SHIJING, 105мм, SLAB, арт.1444",Алмазная оснастка>Алмазные диски,1444,902.83,"https://dlt.by/image/catalog/easyphoto/1970/disk-almaznyy-dlya-plitkoreza-shijing-105mm-slab-1.jpg,https://dlt.by/image/catalog/easyphoto/1970/disk-almaznyy-dlya-plitkoreza-shijing-105mm-slab-2.jpg,https://dlt.by/image/catalog/easyphoto/1970/disk-almaznyy-dlya-plitkoreza-shijing-105mm-slab-3.jpg,https://dlt.by/image/catalog/easyphoto/1970/disk-almaznyy-dlya-plitkoreza-shijing-105mm-slab-4.jpg,,,,,,,,,,,,,,,,,,,,,,,,,,,,,,,,,,,,,,,,,,"
"Диск алмазный для СВП PLM T-Disc 50мм с переходником на шуруповерт, арт.1727",Алмазная оснастка>Алмазные диски>Алмазные диски под СВП (T-диски),1727,1 113.49,"https://dlt.by/image/catalog/easyphoto/1971/disk-almaznyy-dlya-svp-plm-t-disc-50mm-s-perehodnikom-na-shurupovert-5.jpg,https://dlt.by/image/catalog/easyphoto/1971/disk-almaznyy-dlya-svp-plm-t-disc-50mm-s-perehodnikom-na-shurupovert-6.jpg,https://dlt.by/image/catalog/easyphoto/1971/disk-almaznyy-dlya-svp-plm-t-disc-50mm-s-perehodnikom-na-shurupovert-7.jpg,,,,,,,,,,,,,,,,,,,,,,,,,,,,,,,,,,,,,,,,,,,"
"Губка алмазная Katana #60, арт.1723",Инструмент для укладки плитки>Алмазные притиры>Р50-60,1723,1 655.18,"https://dlt.by/image/catalog/easyphoto/1972/gubka-almaznaya-katana-60-4.jpg,https://dlt.by/image/catalog/easyphoto/1972/gubka-almaznaya-katana-60-2.jpg,https://dlt.by/image/catalog/easyphoto/1972/gubka-almaznaya-katana-60-10.jpg,https://dlt.by/image/catalog/easyphoto/1972/gubka-almaznaya-katana-60-8.jpg,https://dlt.by/image/catalog/easyphoto/1972/gubka-almaznaya-katana-60-3.jpg,https://dlt.by/image/catalog/easyphoto/1972/gubka-almaznaya-katana-60-6.jpg,https://dlt.by/image/catalog/easyphoto/1972/gubka-almaznaya-katana-60-5.jpg,https://dlt.by/image/catalog/easyphoto/1972/gubka-almaznaya-katana-60-7.jpg,https://dlt.by/image/catalog/easyphoto/1972/gubka-almaznaya-katana-60-9.jpg,https://dlt.by/image/catalog/easyphoto/1972/gubka-almaznaya-katana-60-11.jpg,,,,,,,,,,,,,,,,,,,,,,,,,,,,,,,,,,,,"
"Губка алмазная Katana #120, арт.1724",Инструмент для укладки плитки>Алмазные притиры>Р100-120,1724,1 715.37,"https://dlt.by/image/catalog/easyphoto/1973/gubka-almaznaya-katana-120-2.jpg,https://dlt.by/image/catalog/easyphoto/1973/gubka-almaznaya-katana-120-3.jpg,https://dlt.by/image/catalog/easyphoto/1973/gubka-almaznaya-katana-120-4.jpg,https://dlt.by/image/catalog/easyphoto/1973/gubka-almaznaya-katana-120-5.jpg,https://dlt.by/image/catalog/easyphoto/1973/gubka-almaznaya-katana-120-6.jpg,https://dlt.by/image/catalog/easyphoto/1973/gubka-almaznaya-katana-120-7.jpg,https://dlt.by/image/catalog/easyphoto/1973/gubka-almaznaya-katana-120-8.jpg,https://dlt.by/image/catalog/easyphoto/1973/gubka-almaznaya-katana-120-9.jpg,https://dlt.by/image/catalog/easyphoto/1973/gubka-almaznaya-katana-120-10.jpg,https://dlt.by/image/catalog/easyphoto/1973/gubka-almaznaya-katana-120-11.jpg,,,,,,,,,,,,,,,,,,,,,,,,,,,,,,,,,,,,"
"Губка алмазная Katana #200, арт.1720",Инструмент для укладки плитки>Алмазные притиры>Р200,1720,1 655.18,"https://dlt.by/image/catalog/easyphoto/1974/gubka-almaznaya-katana-200-2.jpg,https://dlt.by/image/catalog/easyphoto/1974/gubka-almaznaya-katana-200-3.jpg,https://dlt.by/image/catalog/easyphoto/1974/gubka-almaznaya-katana-200-4.jpg,https://dlt.by/image/catalog/easyphoto/1974/gubka-almaznaya-katana-200-5.jpg,https://dlt.by/image/catalog/easyphoto/1974/gubka-almaznaya-katana-200-6.jpg,https://dlt.by/image/catalog/easyphoto/1974/gubka-almaznaya-katana-200-7.jpg,https://dlt.by/image/catalog/easyphoto/1974/gubka-almaznaya-katana-200-8.jpg,https://dlt.by/image/catalog/easyphoto/1974/gubka-almaznaya-katana-200-9.jpg,https://dlt.by/image/catalog/easyphoto/1974/gubka-almaznaya-katana-200-10.jpg,https://dlt.by/image/catalog/easyphoto/1974/gubka-almaznaya-katana-200-11.jpg,,,,,,,,,,,,,,,,,,,,,,,,,,,,,,,,,,,,"
"Алмазный гибкий шлифовальный круг (АГШК) Katana, #50, арт.1721",Инструмент для укладки плитки>Круг алмазный гибкий шлифовальный>АГШК #50-60,1721,993.11,"https://dlt.by/image/catalog/easyphoto/1976/almaznyy-gibkiy-shlifovalnyy-krug-agshk-katana-50-3.jpg,https://dlt.by/image/catalog/easyphoto/1976/almaznyy-gibkiy-shlifovalnyy-krug-agshk-katana-50-7.jpg,https://dlt.by/image/catalog/easyphoto/1976/almaznyy-gibkiy-shlifovalnyy-krug-agshk-katana-50-4.jpg,https://dlt.by/image/catalog/easyphoto/1976/almaznyy-gibkiy-shlifovalnyy-krug-agshk-katana-50-5.jpg,https://dlt.by/image/catalog/easyphoto/1976/almaznyy-gibkiy-shlifovalnyy-krug-agshk-katana-50-6.jpg,https://dlt.by/image/catalog/easyphoto/1976/almaznyy-gibkiy-shlifovalnyy-krug-agshk-katana-50-8.jpg,,,,,,,,,,,,,,,,,,,,,,,,,,,,,,,,,,,,,,,,"
"Алмазный гибкий шлифовальный круг (АГШК) Katana, #100, арт.1722",Инструмент для укладки плитки>Круг алмазный гибкий шлифовальный>АГШК #100,1722,1 143.58,"https://dlt.by/image/catalog/easyphoto/1977/almaznyy-gibkiy-shlifovalnyy-krug-agshk-katana-100-3.jpg,https://dlt.by/image/catalog/easyphoto/1977/almaznyy-gibkiy-shlifovalnyy-krug-agshk-katana-100-4.jpg,https://dlt.by/image/catalog/easyphoto/1977/almaznyy-gibkiy-shlifovalnyy-krug-agshk-katana-100-5.jpg,https://dlt.by/image/catalog/easyphoto/1977/almaznyy-gibkiy-shlifovalnyy-krug-agshk-katana-100-6.jpg,https://dlt.by/image/catalog/easyphoto/1977/almaznyy-gibkiy-shlifovalnyy-krug-agshk-katana-100-7.jpg,https://dlt.by/image/catalog/easyphoto/1977/almaznyy-gibkiy-shlifovalnyy-krug-agshk-katana-100-8.jpg,,,,,,,,,,,,,,,,,,,,,,,,,,,,,,,,,,,,,,,,"
"Алмазный гибкий шлифовальный круг (АГШК) Katana, #200, арт.1725",Инструмент для укладки плитки>Круг алмазный гибкий шлифовальный>АГШК #200,1725,1 143.58,"https://dlt.by/image/catalog/easyphoto/1978/almaznyy-gibkiy-shlifovalnyy-krug-agshk-katana-200-3.jpg,https://dlt.by/image/catalog/easyphoto/1978/almaznyy-gibkiy-shlifovalnyy-krug-agshk-katana-200-4.jpg,https://dlt.by/image/catalog/easyphoto/1978/almaznyy-gibkiy-shlifovalnyy-krug-agshk-katana-200-5.jpg,https://dlt.by/image/catalog/easyphoto/1978/almaznyy-gibkiy-shlifovalnyy-krug-agshk-katana-200-6.jpg,https://dlt.by/image/catalog/easyphoto/1978/almaznyy-gibkiy-shlifovalnyy-krug-agshk-katana-200-7.jpg,https://dlt.by/image/catalog/easyphoto/1978/almaznyy-gibkiy-shlifovalnyy-krug-agshk-katana-200-8.jpg,,,,,,,,,,,,,,,,,,,,,,,,,,,,,,,,,,,,,,,,"
"Набор кейсов для инструментов DLT, арт.320382",Ящики для инструмента. Модульные системы.,320382,17 755.59,"https://dlt.by/image/catalog/easyphoto/1979/nabor-keysov-dlya-instrumentov-dlt-art-320382-30.jpg,https://dlt.by/image/catalog/easyphoto/1979/nabor-keysov-dlya-instrumentov-dlt-art-320382-31.jpeg,https://dlt.by/image/catalog/easyphoto/1979/nabor-keysov-dlya-instrumentov-dlt-art-320382-32.jpg,https://dlt.by/image/catalog/easyphoto/1979/nabor-keysov-dlya-instrumentov-dlt-art-320382-33.jpg,https://dlt.by/image/catalog/easyphoto/1979/nabor-keysov-dlya-instrumentov-dlt-art-320382-34.jpg,https://dlt.by/image/catalog/easyphoto/1979/nabor-keysov-dlya-instrumentov-dlt-art-320382-35.png,https://dlt.by/image/catalog/easyphoto/1979/nabor-keysov-dlya-instrumentov-dlt-art-320382-36.jpg,https://dlt.by/image/catalog/easyphoto/1979/nabor-keysov-dlya-instrumentov-dlt-art-320382-37.jpg,https://dlt.by/image/catalog/easyphoto/1979/nabor-keysov-dlya-instrumentov-dlt-art-320382-38.jpeg,https://dlt.by/image/catalog/easyphoto/1979/nabor-keysov-dlya-instrumentov-dlt-art-320382-39.jpg,https://dlt.by/image/catalog/easyphoto/1979/nabor-keysov-dlya-instrumentov-dlt-art-320382-40.jpg,https://dlt.by/image/catalog/easyphoto/1979/nabor-keysov-dlya-instrumentov-dlt-art-320382-41.jpg,https://dlt.by/image/catalog/easyphoto/1979/nabor-keysov-dlya-instrumentov-dlt-art-320382-42.jpg,https://dlt.by/image/catalog/easyphoto/1979/nabor-keysov-dlya-instrumentov-dlt-art-320382-63.png,https://dlt.by/image/catalog/easyphoto/1979/nabor-keysov-dlya-instrumentov-dlt-art-320382-43.jpg,https://dlt.by/image/catalog/easyphoto/1979/nabor-keysov-dlya-instrumentov-dlt-art-320382-45.jpg,https://dlt.by/image/catalog/easyphoto/1979/nabor-keysov-dlya-instrumentov-dlt-art-320382-46.jpg,https://dlt.by/image/catalog/easyphoto/1979/nabor-keysov-dlya-instrumentov-dlt-art-320382-47.jpg,https://dlt.by/image/catalog/easyphoto/1979/nabor-keysov-dlya-instrumentov-dlt-art-320382-59.png,https://dlt.by/image/catalog/easyphoto/1979/nabor-keysov-dlya-instrumentov-dlt-art-320382-49.jpeg,https://dlt.by/image/catalog/easyphoto/1979/nabor-keysov-dlya-instrumentov-dlt-art-320382-50.jpg,https://dlt.by/image/catalog/easyphoto/1979/nabor-keysov-dlya-instrumentov-dlt-art-320382-51.jpg,https://dlt.by/image/catalog/easyphoto/1979/nabor-keysov-dlya-instrumentov-dlt-art-320382-52.jpg,https://dlt.by/image/catalog/easyphoto/1979/nabor-keysov-dlya-instrumentov-dlt-art-320382-53.jpg,https://dlt.by/image/catalog/easyphoto/1979/nabor-keysov-dlya-instrumentov-dlt-art-320382-54.jpg,https://dlt.by/image/catalog/easyphoto/1979/nabor-keysov-dlya-instrumentov-dlt-art-320382-55.jpg,https://dlt.by/image/catalog/easyphoto/1979/nabor-keysov-dlya-instrumentov-dlt-art-320382-56.jpg,,,,,,,,,,,,,,,,,,,"
"Пистолет монтажный Toua DCCN40A, арт.1717",Монтажные пистолеты>Монтажные гвоздезабивные пистолеты,1717,54 410.36,"https://dlt.by/image/catalog/easyphoto/1980/pistolet-montazhnyy-toua-dccn40a-19.jpg,https://dlt.by/image/catalog/easyphoto/1980/pistolet-montazhnyy-toua-dccn40a-20.jpg,https://dlt.by/image/catalog/easyphoto/1980/pistolet-montazhnyy-toua-dccn40a-21.jpg,https://dlt.by/image/catalog/easyphoto/1980/pistolet-montazhnyy-toua-dccn40a-22.jpg,https://dlt.by/image/catalog/easyphoto/1980/pistolet-montazhnyy-toua-dccn40a-23.jpg,https://dlt.by/image/catalog/easyphoto/1980/pistolet-montazhnyy-toua-dccn40a-24.jpg,https://dlt.by/image/catalog/easyphoto/1980/pistolet-montazhnyy-toua-dccn40a-25.jpg,https://dlt.by/image/catalog/easyphoto/1980/pistolet-montazhnyy-toua-dccn40a-26.jpg,https://dlt.by/image/catalog/easyphoto/1980/pistolet-montazhnyy-toua-dccn40a-27.jpg,https://dlt.by/image/catalog/easyphoto/1980/pistolet-montazhnyy-toua-dccn40a-28.jpg,https://dlt.by/image/catalog/easyphoto/1980/pistolet-montazhnyy-toua-dccn40a-29.jpg,https://dlt.by/image/catalog/easyphoto/1980/pistolet-montazhnyy-toua-dccn40a-30.jpg,https://dlt.by/image/catalog/easyphoto/1980/pistolet-montazhnyy-toua-dccn40a-31.jpg,https://dlt.by/image/catalog/easyphoto/1980/pistolet-montazhnyy-toua-dccn40a-32.jpg,https://dlt.by/image/catalog/easyphoto/1980/pistolet-montazhnyy-toua-dccn40a-33.jpg,https://dlt.by/image/catalog/easyphoto/1980/pistolet-montazhnyy-toua-dccn40a-34.jpg,https://dlt.by/image/catalog/easyphoto/1980/pistolet-montazhnyy-toua-dccn40a-35.jpg,,,,,,,,,,,,,,,,,,,,,,,,,,,,,"
"Уголок монтажный, 90 градусов, 15см, (L-образный зажим), набор 4шт, арт.1719",Инструмент для укладки плитки>Уголки для фиксации плитки,1719,1 956.12,"https://dlt.by/image/catalog/easyphoto/1981/ugolok-montazhnyy-90-gradusov-15sm-l-obraznyy-zazhim-nabor-4sht-2.jpg,https://dlt.by/image/catalog/easyphoto/1981/ugolok-montazhnyy-90-gradusov-15sm-l-obraznyy-zazhim-nabor-4sht-3.jpg,https://dlt.by/image/catalog/easyphoto/1981/ugolok-montazhnyy-90-gradusov-15sm-l-obraznyy-zazhim-nabor-4sht-4.jpg,https://dlt.by/image/catalog/easyphoto/1981/ugolok-montazhnyy-90-gradusov-15sm-l-obraznyy-zazhim-nabor-4sht-5.jpg,https://dlt.by/image/catalog/easyphoto/1981/ugolok-montazhnyy-90-gradusov-15sm-l-obraznyy-zazhim-nabor-4sht-6.jpg,https://dlt.by/image/catalog/easyphoto/1981/ugolok-montazhnyy-90-gradusov-15sm-l-obraznyy-zazhim-nabor-4sht-7.jpg,https://dlt.by/image/catalog/easyphoto/1981/ugolok-montazhnyy-90-gradusov-15sm-l-obraznyy-zazhim-nabor-4sht-8.jpg,https://dlt.by/image/catalog/easyphoto/1981/ugolok-montazhnyy-90-gradusov-15sm-l-obraznyy-zazhim-nabor-4sht-9.jpg,https://dlt.by/image/catalog/easyphoto/1981/ugolok-montazhnyy-90-gradusov-15sm-l-obraznyy-zazhim-nabor-4sht-10.jpg,,,,,,,,,,,,,,,,,,,,,,,,,,,,,,,,,,,,,"
"Электрическая присоска DLT VST-200 с АВТО подкачкой, для гладкой и рельефной поверхности, Ø8 дюймов, арт.1716",Инструмент для укладки плитки>Присоски для плитки и стекла>Электрические присоски и поршни,1716,4 514.13,"https://dlt.by/image/catalog/easyphoto/1984/prisoska-dlt-vst-200-dlya-relefnoy-plitki-s-avto-podkachkoy-new-belaya-2.jpg,https://dlt.by/image/catalog/easyphoto/1984/prisoska-dlt-vst-200-dlya-relefnoy-plitki-s-avto-podkachkoy-new-belaya-3.jpg,https://dlt.by/image/catalog/easyphoto/1984/prisoska-dlt-vst-200-dlya-relefnoy-plitki-s-avto-podkachkoy-new-belaya-4.jpg,https://dlt.by/image/catalog/easyphoto/1984/prisoska-dlt-vst-200-dlya-relefnoy-plitki-s-avto-podkachkoy-new-belaya-5.jpg,https://dlt.by/image/catalog/easyphoto/1984/prisoska-dlt-vst-200-dlya-relefnoy-plitki-s-avto-podkachkoy-new-belaya-6.jpg,https://dlt.by/image/catalog/easyphoto/1984/prisoska-dlt-vst-200-dlya-relefnoy-plitki-s-avto-podkachkoy-new-belaya-7.jpg,https://dlt.by/image/catalog/easyphoto/1984/prisoska-dlt-vst-200-dlya-relefnoy-plitki-s-avto-podkachkoy-new-belaya-8.jpg,,,,,,,,,,,,,,,,,,,,,,,,,,,,,,,,,,,,,,,"
"Ходули строительные STILTS (36-48), арт.1767",Ходули строительные,1767,27 084.80,"https://dlt.by/image/catalog/easyphoto/1985/hoduli-stroitelnye-stilts-36-48-2.jpg,https://dlt.by/image/catalog/easyphoto/1985/hoduli-stroitelnye-stilts-36-48-4.jpg,https://dlt.by/image/catalog/easyphoto/1985/hoduli-stroitelnye-stilts-36-48-3.jpg,https://dlt.by/image/catalog/easyphoto/1985/hoduli-stroitelnye-stilts-36-48-5.jpg,https://dlt.by/image/catalog/easyphoto/1985/hoduli-stroitelnye-stilts-36-48-6.jpg,https://dlt.by/image/catalog/easyphoto/1985/hoduli-stroitelnye-stilts-36-48-7.jpg,https://dlt.by/image/catalog/easyphoto/1985/hoduli-stroitelnye-stilts-36-48-8.jpg,https://dlt.by/image/catalog/easyphoto/1985/hoduli-stroitelnye-stilts-36-48-9.jpg,https://dlt.by/image/catalog/easyphoto/1985/hoduli-stroitelnye-stilts-36-48-10.jpg,https://dlt.by/image/catalog/easyphoto/1985/hoduli-stroitelnye-stilts-36-48-11.jpg,https://dlt.by/image/catalog/easyphoto/1985/hoduli-stroitelnye-stilts-36-48-12.jpg,https://dlt.by/image/catalog/easyphoto/1985/hoduli-stroitelnye-stilts-36-48-13.jpg,https://dlt.by/image/catalog/easyphoto/1985/hoduli-stroitelnye-stilts-36-48-15.jpg,https://dlt.by/image/catalog/easyphoto/1985/hoduli-stroitelnye-stilts-36-48-14.jpg,https://dlt.by/image/catalog/easyphoto/1985/hoduli-stroitelnye-stilts-36-48-16.jpg,https://dlt.by/image/catalog/easyphoto/1985/hoduli-stroitelnye-stilts-36-48-17.jpg,https://dlt.by/image/catalog/easyphoto/1985/hoduli-stroitelnye-stilts-36-48-18.jpg,https://dlt.by/image/catalog/easyphoto/1985/hoduli-stroitelnye-stilts-36-48-19.jpg,https://dlt.by/image/catalog/easyphoto/1985/hoduli-stroitelnye-stilts-36-48-20.jpg,https://dlt.by/image/catalog/easyphoto/1985/hoduli-stroitelnye-stilts-36-48-21.jpg,https://dlt.by/image/catalog/easyphoto/1985/hoduli-stroitelnye-stilts-36-48-22.png,https://dlt.by/image/catalog/easyphoto/1985/hoduli-stroitelnye-stilts-36-48-23.jpg,https://dlt.by/image/catalog/easyphoto/1985/hoduli-stroitelnye-stilts-36-48-25.png,https://dlt.by/image/catalog/easyphoto/1985/hoduli-stroitelnye-stilts-36-48-24.jpg,https://dlt.by/image/catalog/easyphoto/1985/hoduli-stroitelnye-stilts-36-48-26.jpg,https://dlt.by/image/catalog/easyphoto/1985/hoduli-stroitelnye-stilts-36-48-27.jpg,https://dlt.by/image/catalog/easyphoto/1985/hoduli-stroitelnye-stilts-36-48-28.jpg,https://dlt.by/image/catalog/easyphoto/1985/hoduli-stroitelnye-stilts-36-48-29.jpg,https://dlt.by/image/catalog/easyphoto/1985/hoduli-stroitelnye-stilts-36-48-30.jpg,https://dlt.by/image/catalog/easyphoto/1985/hoduli-stroitelnye-stilts-36-48-31.png,,,,,,,,,,,,,,,,"
"Дверь защитная многоразовая на молнии против пыли BIHUI, арт.TDZD",Малярный и штукатурный инструмент>Двери временные для малярных работ,TDZD,1 023.20,"https://dlt.by/image/catalog/easyphoto/1986/dver-zashchitnaya-mnogorazovaya-na-molnii-protiv-pyli-bihui-art-tdzd-5.jpg,https://dlt.by/image/catalog/easyphoto/1986/dver-zashchitnaya-mnogorazovaya-na-molnii-protiv-pyli-bihui-art-tdzd-6.jpg,https://dlt.by/image/catalog/easyphoto/1986/dver-zashchitnaya-mnogorazovaya-na-molnii-protiv-pyli-bihui-art-tdzd-7.jpg,,,,,,,,,,,,,,,,,,,,,,,,,,,,,,,,,,,,,,,,,,,"
"Выдвижной универсальный строительный нож TACTIX, арт.261223",Акции на строительный инструмент,261223,1 294.05,"https://dlt.by/image/catalog/easyphoto/1987/vydvizhnoy-universalnyy-stroitelnyy-nozh-tactix-art-261223-3.jpg,https://dlt.by/image/catalog/easyphoto/1987/vydvizhnoy-universalnyy-stroitelnyy-nozh-tactix-art-261223-4.jpg,https://dlt.by/image/catalog/easyphoto/1987/vydvizhnoy-universalnyy-stroitelnyy-nozh-tactix-art-261223-5.jpg,https://dlt.by/image/catalog/easyphoto/1987/vydvizhnoy-universalnyy-stroitelnyy-nozh-tactix-art-261223-6.jpg,https://dlt.by/image/catalog/easyphoto/1987/vydvizhnoy-universalnyy-stroitelnyy-nozh-tactix-art-261223-7.jpg,https://dlt.by/image/catalog/easyphoto/1987/vydvizhnoy-universalnyy-stroitelnyy-nozh-tactix-art-261223-8.jpg,https://dlt.by/image/catalog/easyphoto/1987/vydvizhnoy-universalnyy-stroitelnyy-nozh-tactix-art-261223-9.jpg,https://dlt.by/image/catalog/easyphoto/1987/vydvizhnoy-universalnyy-stroitelnyy-nozh-tactix-art-261223-10.jpg,,,,,,,,,,,,,,,,,,,,,,,,,,,,,,,,,,,,,,"
"Пила для гипсокартона TACTIX 150мм, арт.266051",Малярный и штукатурный инструмент>Ножи малярные и лезвия к ним,266051,541.70,"https://dlt.by/image/catalog/easyphoto/1988/pila-dlya-gipsokartona-tactix-150mm-art-266051-3.jpg,https://dlt.by/image/catalog/easyphoto/1988/pila-dlya-gipsokartona-tactix-150mm-art-266051-4.jpg,https://dlt.by/image/catalog/easyphoto/1988/pila-dlya-gipsokartona-tactix-150mm-art-266051-5.jpg,https://dlt.by/image/catalog/easyphoto/1988/pila-dlya-gipsokartona-tactix-150mm-art-266051-6.jpg,https://dlt.by/image/catalog/easyphoto/1988/pila-dlya-gipsokartona-tactix-150mm-art-266051-7.jpg,,,,,,,,,,,,,,,,,,,,,,,,,,,,,,,,,,,,,,,,,"
"Сокол штукатурный TACTIX 300MM, арт.281330",Акции на строительный инструмент,281330,1 444.52,"https://dlt.by/image/catalog/easyphoto/1989/sokol-shtukaturnyy-tactix-300mm-art-281330-2.jpg,https://dlt.by/image/catalog/easyphoto/1989/sokol-shtukaturnyy-tactix-300mm-art-281330-3.jpg,https://dlt.by/image/catalog/easyphoto/1989/sokol-shtukaturnyy-tactix-300mm-art-281330-4.jpg,https://dlt.by/image/catalog/easyphoto/1989/sokol-shtukaturnyy-tactix-300mm-art-281330-5.jpg,,,,,,,,,,,,,,,,,,,,,,,,,,,,,,,,,,,,,,,,,,"
"Гладилка губчатая TACTIX, арт.281408",Акции на строительный инструмент,281408,601.88,"https://dlt.by/image/catalog/easyphoto/1990/gladilka-gubchataya-dlya-tsementnoy-zatirki-tactix-art-281408-3.jpg,https://dlt.by/image/catalog/easyphoto/1990/gladilka-gubchataya-dlya-tsementnoy-zatirki-tactix-art-281408-4.jpg,https://dlt.by/image/catalog/easyphoto/1990/gladilka-gubchataya-dlya-tsementnoy-zatirki-tactix-art-281408-5.jpg,,,,,,,,,,,,,,,,,,,,,,,,,,,,,,,,,,,,,,,,,,,"
"Формирователь шва для стяжки TACTIX, арт.282051",Инструмент для укладки плитки>Инструмент для стяжки пола,282051,631.98,"https://dlt.by/image/catalog/easyphoto/1991/formirovatel-shva-dlya-styazhki-tactix-art-282051-2.jpg,https://dlt.by/image/catalog/easyphoto/1991/formirovatel-shva-dlya-styazhki-tactix-art-282051-4.jpg,https://dlt.by/image/catalog/easyphoto/1991/formirovatel-shva-dlya-styazhki-tactix-art-282051-3.jpg,https://dlt.by/image/catalog/easyphoto/1991/formirovatel-shva-dlya-styazhki-tactix-art-282051-5.jpg,,,,,,,,,,,,,,,,,,,,,,,,,,,,,,,,,,,,,,,,,,"
"Кельма каменщика TACTIX 150мм, арт.283012",Малярный и штукатурный инструмент>Мастерки и кельмы ,283012,367.15,"https://dlt.by/image/catalog/easyphoto/1992/kelma-kamenshchika-tactix-150mm-art-283012-2.jpg,https://dlt.by/image/catalog/easyphoto/1992/kelma-kamenshchika-tactix-150mm-art-283012-3.jpg,https://dlt.by/image/catalog/easyphoto/1992/kelma-kamenshchika-tactix-150mm-art-283012-4.jpg,https://dlt.by/image/catalog/easyphoto/1992/kelma-kamenshchika-tactix-150mm-art-283012-5.jpg,https://dlt.by/image/catalog/easyphoto/1992/kelma-kamenshchika-tactix-150mm-art-283012-6.jpg,,,,,,,,,,,,,,,,,,,,,,,,,,,,,,,,,,,,,,,,,"
"Кельма каменщика TACTIX 178мм, арт.283014",Малярный и штукатурный инструмент>Мастерки и кельмы ,283014,388.22,"https://dlt.by/image/catalog/easyphoto/1993/kelma-kamenshchika-tactix-178mm-art-283014-1.jpg,https://dlt.by/image/catalog/easyphoto/1993/kelma-kamenshchika-tactix-178mm-art-283014-2.jpg,https://dlt.by/image/catalog/easyphoto/1993/kelma-kamenshchika-tactix-178mm-art-283014-3.jpg,https://dlt.by/image/catalog/easyphoto/1993/kelma-kamenshchika-tactix-178mm-art-283014-4.jpg,https://dlt.by/image/catalog/easyphoto/1993/kelma-kamenshchika-tactix-178mm-art-283014-5.jpg,,,,,,,,,,,,,,,,,,,,,,,,,,,,,,,,,,,,,,,,,"
"Кельма каменщика TACTIX 227мм, арт.283022",Малярный и штукатурный инструмент>Мастерки и кельмы ,283022,499.56,"https://dlt.by/image/catalog/easyphoto/1994/kelma-kamenshchika-tactix-227mm-art-283022-2.jpg,https://dlt.by/image/catalog/easyphoto/1994/kelma-kamenshchika-tactix-227mm-art-283022-3.jpg,https://dlt.by/image/catalog/easyphoto/1994/kelma-kamenshchika-tactix-227mm-art-283022-4.jpg,https://dlt.by/image/catalog/easyphoto/1994/kelma-kamenshchika-tactix-227mm-art-283022-5.jpg,https://dlt.by/image/catalog/easyphoto/1994/kelma-kamenshchika-tactix-227mm-art-283022-6.jpg,,,,,,,,,,,,,,,,,,,,,,,,,,,,,,,,,,,,,,,,,"
"Кельма каменщика TACTIX 254мм, арт.283024",Малярный и штукатурный инструмент>Мастерки и кельмы ,283024,541.70,"https://dlt.by/image/catalog/easyphoto/1995/kelma-kamenshchika-tactix-254mm-art-283024-2.jpg,https://dlt.by/image/catalog/easyphoto/1995/kelma-kamenshchika-tactix-254mm-art-283024-5.jpg,https://dlt.by/image/catalog/easyphoto/1995/kelma-kamenshchika-tactix-254mm-art-283024-1.jpg,https://dlt.by/image/catalog/easyphoto/1995/kelma-kamenshchika-tactix-254mm-art-283024-3.jpg,https://dlt.by/image/catalog/easyphoto/1995/kelma-kamenshchika-tactix-254mm-art-283024-4.jpg,,,,,,,,,,,,,,,,,,,,,,,,,,,,,,,,,,,,,,,,,"
"Кельма каменщика TACTIX 277мм, арт.283026",Малярный и штукатурный инструмент>Мастерки и кельмы ,283026,613.92,"https://dlt.by/image/catalog/easyphoto/1996/kelma-kamenshchika-tactix-277mm-art-283026-2.jpg,https://dlt.by/image/catalog/easyphoto/1996/kelma-kamenshchika-tactix-277mm-art-283026-4.jpg,https://dlt.by/image/catalog/easyphoto/1996/kelma-kamenshchika-tactix-277mm-art-283026-5.jpg,https://dlt.by/image/catalog/easyphoto/1996/kelma-kamenshchika-tactix-277mm-art-283026-1.jpg,https://dlt.by/image/catalog/easyphoto/1996/kelma-kamenshchika-tactix-277mm-art-283026-3.jpg,,,,,,,,,,,,,,,,,,,,,,,,,,,,,,,,,,,,,,,,,"
"Мастерок TACTIX 175мм, арт.283033",Малярный и штукатурный инструмент>Мастерки и кельмы ,283033,511.60,"https://dlt.by/image/catalog/easyphoto/1997/masterok-tactix-175mm-art-283033-5.jpg,https://dlt.by/image/catalog/easyphoto/1997/masterok-tactix-175mm-art-283033-3.jpg,https://dlt.by/image/catalog/easyphoto/1997/masterok-tactix-175mm-art-283033-4.jpg,https://dlt.by/image/catalog/easyphoto/1997/masterok-tactix-175mm-art-283033-6.jpg,https://dlt.by/image/catalog/easyphoto/1997/masterok-tactix-175mm-art-283033-7.jpg,,,,,,,,,,,,,,,,,,,,,,,,,,,,,,,,,,,,,,,,,"
"Мастерок TACTIX 178мм, арт.283073",Малярный и штукатурный инструмент>Мастерки и кельмы ,283073,541.70,"https://dlt.by/image/catalog/easyphoto/1998/masterok-tactix-178mm-art-283073-3.jpg,https://dlt.by/image/catalog/easyphoto/1998/masterok-tactix-178mm-art-283073-4.jpg,https://dlt.by/image/catalog/easyphoto/1998/masterok-tactix-178mm-art-283073-5.jpg,https://dlt.by/image/catalog/easyphoto/1998/masterok-tactix-178mm-art-283073-6.jpg,https://dlt.by/image/catalog/easyphoto/1998/masterok-tactix-178mm-art-283073-7.jpg,,,,,,,,,,,,,,,,,,,,,,,,,,,,,,,,,,,,,,,,,"
"Мастерок TACTIX 190X50мм, арт.283065",Акции на строительный инструмент,283065,421.32,"https://dlt.by/image/catalog/easyphoto/1999/masterok-tactix-190x50mm-art-283065-5.jpg,https://dlt.by/image/catalog/easyphoto/1999/masterok-tactix-190x50mm-art-283065-7.jpg,https://dlt.by/image/catalog/easyphoto/1999/masterok-tactix-190x50mm-art-283065-3.jpg,https://dlt.by/image/catalog/easyphoto/1999/masterok-tactix-190x50mm-art-283065-4.jpg,https://dlt.by/image/catalog/easyphoto/1999/masterok-tactix-190x50mm-art-283065-6.jpg,,,,,,,,,,,,,,,,,,,,,,,,,,,,,,,,,,,,,,,,,"
"Расшивка каменщика TACTIX 10мм, арт.283083",Акции на строительный инструмент,283083,421.32,"https://dlt.by/image/catalog/easyphoto/2000/rasshivka-kamenshchika-tactix-10mm-art-283083-3.jpg,https://dlt.by/image/catalog/easyphoto/2000/rasshivka-kamenshchika-tactix-10mm-art-283083-4.jpg,https://dlt.by/image/catalog/easyphoto/2000/rasshivka-kamenshchika-tactix-10mm-art-283083-5.jpg,https://dlt.by/image/catalog/easyphoto/2000/rasshivka-kamenshchika-tactix-10mm-art-283083-6.jpg,https://dlt.by/image/catalog/easyphoto/2000/rasshivka-kamenshchika-tactix-10mm-art-283083-7.jpg,,,,,,,,,,,,,,,,,,,,,,,,,,,,,,,,,,,,,,,,,"
"Расшивка каменщика TACTIX 13мм, арт.283085",Акции на строительный инструмент,283085,421.32,"https://dlt.by/image/catalog/easyphoto/2001/rasshivka-kamenshchika-tactix-12mm-art-283085-4.jpg,https://dlt.by/image/catalog/easyphoto/2001/rasshivka-kamenshchika-tactix-12mm-art-283085-1.jpg,https://dlt.by/image/catalog/easyphoto/2001/rasshivka-kamenshchika-tactix-12mm-art-283085-2.jpg,https://dlt.by/image/catalog/easyphoto/2001/rasshivka-kamenshchika-tactix-12mm-art-283085-3.jpg,https://dlt.by/image/catalog/easyphoto/2001/rasshivka-kamenshchika-tactix-12mm-art-283085-5.jpg,,,,,,,,,,,,,,,,,,,,,,,,,,,,,,,,,,,,,,,,,"
"Направляющая 1,5м, для плиткореза DLT Slim Cutter MAX, арт.1702",Акции на строительный инструмент,1702,8 125.44,"https://dlt.by/image/catalog/easyphoto/2008/udlinitel-1360mm-dlya-plitkoreza-mehanicheskogo-dlt-slim-system-cutter-1.jpg,,,,,,,,,,,,,,,,,,,,,,,,,,,,,,,,,,,,,,,,,,,,,"
"Алмазный диск для заусовки плитки под 45°, DLT №3, арт.1631",Алмазная оснастка>Алмазные диски>Алмазные диски для заусовки плитки под 45°,1631,1 805.65,"https://dlt.by/image/catalog/easyphoto/2005/almaznyy-disk-dlya-zausovki-plitki-pod-45-dlt-3-3.jpg,https://dlt.by/image/catalog/easyphoto/2005/almaznyy-disk-dlya-zausovki-plitki-pod-45-dlt-3-4.jpg,https://dlt.by/image/catalog/easyphoto/2005/almaznyy-disk-dlya-zausovki-plitki-pod-45-dlt-3-5.jpg,,,,,,,,,,,,,,,,,,,,,,,,,,,,,,,,,,,,,,,,,,,"
"Алмазный диск для заусовки плитки под 45°, DLT №4, арт.1632",Алмазная оснастка>Алмазные диски>Алмазные диски для заусовки плитки под 45°,1632,1 805.65,"https://dlt.by/image/catalog/easyphoto/2006/alt_almaznyy-disk-dlya-zausovki-plitki-pod-45-dlt-4-3.jpg,https://dlt.by/image/catalog/easyphoto/2006/almaznyy-disk-dlya-zausovki-plitki-pod-45-dlt-4-4.jpg,https://dlt.by/image/catalog/easyphoto/2006/almaznyy-disk-dlya-zausovki-plitki-pod-45-dlt-4-5.jpg,,,,,,,,,,,,,,,,,,,,,,,,,,,,,,,,,,,,,,,,,,,"
"Угольник строительный 300мм Tactix, арт.239111",Бренды>Tactix,239111,1 173.67,"https://dlt.by/image/catalog/easyphoto/2007/ugolnik-stroitelnyy-300mm-tactix-art-239111-3.jpg,https://dlt.by/image/catalog/easyphoto/2007/ugolnik-stroitelnyy-300mm-tactix-art-239111-4.jpg,https://dlt.by/image/catalog/easyphoto/2007/ugolnik-stroitelnyy-300mm-tactix-art-239111-5.jpg,https://dlt.by/image/catalog/easyphoto/2007/ugolnik-stroitelnyy-300mm-tactix-art-239111-6.jpg,https://dlt.by/image/catalog/easyphoto/2007/ugolnik-stroitelnyy-300mm-tactix-art-239111-7.jpg,,,,,,,,,,,,,,,,,,,,,,,,,,,,,,,,,,,,,,,,,"
"Кусачки для плитки BIHUI, арт.TNB8",Акции на строительный инструмент,TNB8,662.07,"https://dlt.by/image/catalog/easyphoto/2009/kusachki-dlya-plitki-bihui-art-tnb8-4.jpg,https://dlt.by/image/catalog/easyphoto/2009/kusachki-dlya-plitki-bihui-art-tnb8-5.jpg,https://dlt.by/image/catalog/easyphoto/2009/kusachki-dlya-plitki-bihui-art-tnb8-6.jpg,https://dlt.by/image/catalog/easyphoto/2009/kusachki-dlya-plitki-bihui-art-tnb8-7.jpg,,,,,,,,,,,,,,,,,,,,,,,,,,,,,,,,,,,,,,,,,,"
"Кусачки для плитки BIHUI, арт. TNS8",Инструмент для укладки плитки>Щипцы и кусачки для плитки ,TNS8,692.17,"https://dlt.by/image/catalog/easyphoto/2010/kusachki-dlya-plitki-bihui-art-tns8-2.jpg,https://dlt.by/image/catalog/easyphoto/2010/kusachki-dlya-plitki-bihui-art-tns8-3.jpg,https://dlt.by/image/catalog/easyphoto/2010/kusachki-dlya-plitki-bihui-art-tns8-4.jpg,https://dlt.by/image/catalog/easyphoto/2010/kusachki-dlya-plitki-bihui-art-tns8-5.jpg,https://dlt.by/image/catalog/easyphoto/2010/kusachki-dlya-plitki-bihui-art-tns8-6.jpg,,,,,,,,,,,,,,,,,,,,,,,,,,,,,,,,,,,,,,,,,"
"Защитные очки (прозрачные) Tactix, арт.480021",Средства индивидуальной защиты,480021,872.73,"https://dlt.by/image/catalog/easyphoto/2022/zashchitnye-ochki-prozrachnye-tactix-art-480021-3.jpg,https://dlt.by/image/catalog/easyphoto/2022/zashchitnye-ochki-prozrachnye-tactix-art-480021-4.jpg,https://dlt.by/image/catalog/easyphoto/2022/zashchitnye-ochki-prozrachnye-tactix-art-480021-5.jpg,,,,,,,,,,,,,,,,,,,,,,,,,,,,,,,,,,,,,,,,,,,"
"Уровень строительный 600мм Tactix, арт.251013",Инструмент для укладки плитки>Уровни строительные,251013,2 016.31,"https://dlt.by/image/catalog/easyphoto/2012/uroven-stroitelnyy-600mm-tactix-art-251013-3.jpg,https://dlt.by/image/catalog/easyphoto/2012/uroven-stroitelnyy-600mm-tactix-art-251013-4.jpg,https://dlt.by/image/catalog/easyphoto/2012/uroven-stroitelnyy-600mm-tactix-art-251013-5.jpg,https://dlt.by/image/catalog/easyphoto/2012/uroven-stroitelnyy-600mm-tactix-art-251013-6.jpg,https://dlt.by/image/catalog/easyphoto/2012/uroven-stroitelnyy-600mm-tactix-art-251013-7.jpg,https://dlt.by/image/catalog/easyphoto/2012/uroven-stroitelnyy-600mm-tactix-art-251013-8.jpg,https://dlt.by/image/catalog/easyphoto/2012/uroven-stroitelnyy-600mm-tactix-art-251013-9.jpg,https://dlt.by/image/catalog/easyphoto/2012/uroven-stroitelnyy-600mm-tactix-art-251013-10.jpg,https://dlt.by/image/catalog/easyphoto/2012/uroven-stroitelnyy-600mm-tactix-art-251013-11.jpg,,,,,,,,,,,,,,,,,,,,,,,,,,,,,,,,,,,,,"
"Уровень строительный 900мм Tactix, арт.251016",Инструмент для укладки плитки>Уровни строительные,251016,2 858.95,"https://dlt.by/image/catalog/easyphoto/2013/uroven-stroitelnyy-900mm-tactix-art-251016-1.jpg,https://dlt.by/image/catalog/easyphoto/2013/uroven-stroitelnyy-900mm-tactix-art-251016-2.jpg,https://dlt.by/image/catalog/easyphoto/2013/uroven-stroitelnyy-900mm-tactix-art-251016-3.jpg,https://dlt.by/image/catalog/easyphoto/2013/uroven-stroitelnyy-900mm-tactix-art-251016-4.jpg,https://dlt.by/image/catalog/easyphoto/2013/uroven-stroitelnyy-900mm-tactix-art-251016-5.jpg,https://dlt.by/image/catalog/easyphoto/2013/uroven-stroitelnyy-900mm-tactix-art-251016-6.jpg,https://dlt.by/image/catalog/easyphoto/2013/uroven-stroitelnyy-900mm-tactix-art-251016-7.jpg,https://dlt.by/image/catalog/easyphoto/2013/uroven-stroitelnyy-900mm-tactix-art-251016-8.jpg,https://dlt.by/image/catalog/easyphoto/2013/uroven-stroitelnyy-900mm-tactix-art-251016-9.jpg,,,,,,,,,,,,,,,,,,,,,,,,,,,,,,,,,,,,,"
"Уровень строительный 1200мм Tactix, арт.251019",Инструмент для укладки плитки>Уровни строительные,251019,3 581.21,"https://dlt.by/image/catalog/easyphoto/2014/uroven-stroitelnyy-1200mm-tactix-art-251019-1.jpg,https://dlt.by/image/catalog/easyphoto/2014/uroven-stroitelnyy-1200mm-tactix-art-251019-2.jpg,https://dlt.by/image/catalog/easyphoto/2014/uroven-stroitelnyy-1200mm-tactix-art-251019-3.jpg,https://dlt.by/image/catalog/easyphoto/2014/uroven-stroitelnyy-1200mm-tactix-art-251019-4.jpg,https://dlt.by/image/catalog/easyphoto/2014/uroven-stroitelnyy-1200mm-tactix-art-251019-5.jpg,https://dlt.by/image/catalog/easyphoto/2014/uroven-stroitelnyy-1200mm-tactix-art-251019-6.jpg,https://dlt.by/image/catalog/easyphoto/2014/uroven-stroitelnyy-1200mm-tactix-art-251019-7.jpg,https://dlt.by/image/catalog/easyphoto/2014/uroven-stroitelnyy-1200mm-tactix-art-251019-8.jpg,https://dlt.by/image/catalog/easyphoto/2014/uroven-stroitelnyy-1200mm-tactix-art-251019-9.jpg,,,,,,,,,,,,,,,,,,,,,,,,,,,,,,,,,,,,,"
"Уровень строительный 600см Tactix, арт.251033",Инструмент для укладки плитки>Уровни строительные,251033,1 805.65,"https://dlt.by/image/catalog/easyphoto/2015/uroven-stroitelnyy-600sm-tactix-art-251033-3.jpg,https://dlt.by/image/catalog/easyphoto/2015/uroven-stroitelnyy-600sm-tactix-art-251033-4.jpg,https://dlt.by/image/catalog/easyphoto/2015/uroven-stroitelnyy-600sm-tactix-art-251033-5.jpg,https://dlt.by/image/catalog/easyphoto/2015/uroven-stroitelnyy-600sm-tactix-art-251033-6.jpg,https://dlt.by/image/catalog/easyphoto/2015/uroven-stroitelnyy-600sm-tactix-art-251033-7.jpg,,,,,,,,,,,,,,,,,,,,,,,,,,,,,,,,,,,,,,,,,"
"Пистолет для герметика Tactix, 225мм, арт.298101",Акции на строительный инструмент,298101,902.83,"https://dlt.by/image/catalog/easyphoto/2016/pistolet-dlya-germetika-tactix-225mm-art-298101-2.jpg,https://dlt.by/image/catalog/easyphoto/2016/pistolet-dlya-germetika-tactix-225mm-art-298101-3.jpg,https://dlt.by/image/catalog/easyphoto/2016/pistolet-dlya-germetika-tactix-225mm-art-298101-4.jpg,https://dlt.by/image/catalog/easyphoto/2016/pistolet-dlya-germetika-tactix-225mm-art-298101-5.jpg,,,,,,,,,,,,,,,,,,,,,,,,,,,,,,,,,,,,,,,,,,"
"Защитные очки (затемненные) Tactix, арт.480022",Акции на строительный инструмент,480022,812.54,"https://dlt.by/image/catalog/easyphoto/2017/zashchitnye-ochki-zatemnennye-tactix-art-480022-3.jpg,https://dlt.by/image/catalog/easyphoto/2017/zashchitnye-ochki-zatemnennye-tactix-art-480022-4.jpg,https://dlt.by/image/catalog/easyphoto/2017/zashchitnye-ochki-zatemnennye-tactix-art-480022-5.jpg,,,,,,,,,,,,,,,,,,,,,,,,,,,,,,,,,,,,,,,,,,,"
"Защитные очки (зеркальные) Tactix, арт.480023",Акции на строительный инструмент,480023,902.83,"https://dlt.by/image/catalog/easyphoto/2019/zashchitnye-ochki-zerkalnye-tactix-art-480023-3.jpg,https://dlt.by/image/catalog/easyphoto/2019/zashchitnye-ochki-zerkalnye-tactix-art-480023-4.jpg,https://dlt.by/image/catalog/easyphoto/2019/zashchitnye-ochki-zerkalnye-tactix-art-480023-5.jpg,,,,,,,,,,,,,,,,,,,,,,,,,,,,,,,,,,,,,,,,,,,"
"Разделитель плитки (сепаратор) DLT от 6 до 20мм, арт.1827",Акции на строительный инструмент,1827,7 523.56,"https://dlt.by/image/catalog/easyphoto/2020/razdelitel-plitki-separator-dlt-ot-6-do-20mm-5.jpg,https://dlt.by/image/catalog/easyphoto/2020/razdelitel-plitki-separator-dlt-ot-6-do-20mm-6.jpg,https://dlt.by/image/catalog/easyphoto/2020/razdelitel-plitki-separator-dlt-ot-6-do-20mm-7.jpg,https://dlt.by/image/catalog/easyphoto/2020/razdelitel-plitki-separator-dlt-ot-6-do-20mm-8.jpg,https://dlt.by/image/catalog/easyphoto/2020/razdelitel-plitki-separator-dlt-ot-6-do-20mm-9.jpg,https://dlt.by/image/catalog/easyphoto/2020/razdelitel-plitki-separator-dlt-ot-6-do-20mm-10.jpg,https://dlt.by/image/catalog/easyphoto/2020/razdelitel-plitki-separator-dlt-ot-6-do-20mm-11.jpg,,,,,,,,,,,,,,,,,,,,,,,,,,,,,,,,,,,,,,,"
"Заусовщик для запила плитки под 45 градусов (универсальный), Standard версия, арт.1828",Плиткорезы ручные>Плиткорезы DLT,1828,7 523.56,"https://dlt.by/image/catalog/easyphoto/2021/zausovshchik-dlya-zapila-plitki-pod-45-gradusov-universalnyy-standard-versiya-2.jpg,https://dlt.by/image/catalog/easyphoto/2021/zausovshchik-dlya-zapila-plitki-pod-45-gradusov-universalnyy-standard-versiya-3.jpg,https://dlt.by/image/catalog/easyphoto/2021/zausovshchik-dlya-zapila-plitki-pod-45-gradusov-universalnyy-standard-versiya-4.jpg,https://dlt.by/image/catalog/easyphoto/2021/zausovshchik-dlya-zapila-plitki-pod-45-gradusov-universalnyy-standard-versiya-5.jpg,https://dlt.by/image/catalog/easyphoto/2021/zausovshchik-dlya-zapila-plitki-pod-45-gradusov-universalnyy-standard-versiya-6.jpg,https://dlt.by/image/catalog/easyphoto/2021/zausovshchik-dlya-zapila-plitki-pod-45-gradusov-universalnyy-standard-versiya-7.jpg,https://dlt.by/image/catalog/easyphoto/2021/zausovshchik-dlya-zapila-plitki-pod-45-gradusov-universalnyy-standard-versiya-8.jpg,https://dlt.by/image/catalog/easyphoto/2021/zausovshchik-dlya-zapila-plitki-pod-45-gradusov-universalnyy-standard-versiya-9.jpg,https://dlt.by/image/catalog/easyphoto/2021/zausovshchik-dlya-zapila-plitki-pod-45-gradusov-universalnyy-standard-versiya-10.jpg,,,,,,,,,,,,,,,,,,,,,,,,,,,,,,,,,,,,,"
"Пистолет для герметика Tactix 228мм, арт.298103",Акции на строительный инструмент,298103,1 053.30,"https://dlt.by/image/catalog/easyphoto/2023/pistolet-dlya-germetika-tactix-228mm-art-298103-2.jpg,https://dlt.by/image/catalog/easyphoto/2023/pistolet-dlya-germetika-tactix-228mm-art-298103-3.jpg,https://dlt.by/image/catalog/easyphoto/2023/pistolet-dlya-germetika-tactix-228mm-art-298103-4.jpg,https://dlt.by/image/catalog/easyphoto/2023/pistolet-dlya-germetika-tactix-228mm-art-298103-5.jpg,,,,,,,,,,,,,,,,,,,,,,,,,,,,,,,,,,,,,,,,,,"
"Наушники защитные (противошумные) Tactix, арт.488103",Средства индивидуальной защиты,488103,812.54,"https://dlt.by/image/catalog/easyphoto/2024/naushniki-zashchitnye-protivoshumnye-tactix-art-488103-3.jpg,https://dlt.by/image/catalog/easyphoto/2024/naushniki-zashchitnye-protivoshumnye-tactix-art-488103-4.jpg,https://dlt.by/image/catalog/easyphoto/2024/naushniki-zashchitnye-protivoshumnye-tactix-art-488103-6.jpg,https://dlt.by/image/catalog/easyphoto/2024/naushniki-zashchitnye-protivoshumnye-tactix-art-488103-5.jpg,,,,,,,,,,,,,,,,,,,,,,,,,,,,,,,,,,,,,,,,,,"
"Наколенники строительные Tactix, арт.482001",Наколенники строительные,482001,2 407.54,"https://dlt.by/image/catalog/easyphoto/2025/nakolenniki-stroitelnye-tactix-art-482001-3.jpg,https://dlt.by/image/catalog/easyphoto/2025/nakolenniki-stroitelnye-tactix-art-482001-4.jpg,https://dlt.by/image/catalog/easyphoto/2025/nakolenniki-stroitelnye-tactix-art-482001-5.jpg,https://dlt.by/image/catalog/easyphoto/2025/nakolenniki-stroitelnye-tactix-art-482001-6.jpg,,,,,,,,,,,,,,,,,,,,,,,,,,,,,,,,,,,,,,,,,,"
"Набор маркеров строительных Tactix 2шт, арт.900092",Инструмент для укладки плитки>Строительные маркеры и карандаши,900092,306.96,"https://dlt.by/image/catalog/easyphoto/2026/nabor-markerov-stroitelnyh-tactix-2sht-art-900092-3.jpg,https://dlt.by/image/catalog/easyphoto/2026/nabor-markerov-stroitelnyh-tactix-2sht-art-900092-4.jpg,https://dlt.by/image/catalog/easyphoto/2026/nabor-markerov-stroitelnyh-tactix-2sht-art-900092-5.jpg,https://dlt.by/image/catalog/easyphoto/2026/nabor-markerov-stroitelnyh-tactix-2sht-art-900092-6.jpg,,,,,,,,,,,,,,,,,,,,,,,,,,,,,,,,,,,,,,,,,,"
"Набор сменных диэлектрических отверток Tactix 12шт, арт.205605VD",Акции на строительный инструмент,205605VD,3 310.36,"https://dlt.by/image/catalog/easyphoto/2027/nabor-smennyh-dielektricheskih-otvertok-tactix-12sht-art-205605vd-4.jpg,https://dlt.by/image/catalog/easyphoto/2027/nabor-smennyh-dielektricheskih-otvertok-tactix-12sht-art-205605vd-2.jpg,https://dlt.by/image/catalog/easyphoto/2027/nabor-smennyh-dielektricheskih-otvertok-tactix-12sht-art-205605vd-3.jpg,https://dlt.by/image/catalog/easyphoto/2027/nabor-smennyh-dielektricheskih-otvertok-tactix-12sht-art-205605vd-5.jpg,https://dlt.by/image/catalog/easyphoto/2027/nabor-smennyh-dielektricheskih-otvertok-tactix-12sht-art-205605vd-6.jpg,https://dlt.by/image/catalog/easyphoto/2027/nabor-smennyh-dielektricheskih-otvertok-tactix-12sht-art-205605vd-7.jpg,https://dlt.by/image/catalog/easyphoto/2027/nabor-smennyh-dielektricheskih-otvertok-tactix-12sht-art-205605vd-8.jpg,https://dlt.by/image/catalog/easyphoto/2027/nabor-smennyh-dielektricheskih-otvertok-tactix-12sht-art-205605vd-9.jpg,,,,,,,,,,,,,,,,,,,,,,,,,,,,,,,,,,,,,,"
"Набор отверток Tactix 10шт, арт.205407",Ручной инструмент,205407,1 203.77,"https://dlt.by/image/catalog/easyphoto/2028/nabor-otvertok-tactix-10sht-art-205407-2.jpg,https://dlt.by/image/catalog/easyphoto/2028/nabor-otvertok-tactix-10sht-art-205407-3.jpg,https://dlt.by/image/catalog/easyphoto/2028/nabor-otvertok-tactix-10sht-art-205407-4.jpg,https://dlt.by/image/catalog/easyphoto/2028/nabor-otvertok-tactix-10sht-art-205407-5.jpg,,,,,,,,,,,,,,,,,,,,,,,,,,,,,,,,,,,,,,,,,,"
"Наушники защитные (противошумные) Tactix, арт.488109",Средства индивидуальной защиты,488109,1 474.62,"https://dlt.by/image/catalog/easyphoto/2081/naushniki-zashchitnye-protivoshumnye-tactix-art-488109-3.jpg,https://dlt.by/image/catalog/easyphoto/2081/naushniki-zashchitnye-protivoshumnye-tactix-art-488109-4.jpg,https://dlt.by/image/catalog/easyphoto/2081/naushniki-zashchitnye-protivoshumnye-tactix-art-488109-5.jpg,https://dlt.by/image/catalog/easyphoto/2081/naushniki-zashchitnye-protivoshumnye-tactix-art-488109-6.jpg,https://dlt.by/image/catalog/easyphoto/2081/naushniki-zashchitnye-protivoshumnye-tactix-art-488109-7.jpg,,,,,,,,,,,,,,,,,,,,,,,,,,,,,,,,,,,,,,,,,"
"Набор отверток Tactix 4шт, арт.205435",Ручной инструмент,205435,601.88,"https://dlt.by/image/catalog/easyphoto/2030/nabor-otvertok-tactix-4sht-art-205435-5.jpg,https://dlt.by/image/catalog/easyphoto/2030/nabor-otvertok-tactix-4sht-art-205435-3.jpg,https://dlt.by/image/catalog/easyphoto/2030/nabor-otvertok-tactix-4sht-art-205435-4.jpg,,,,,,,,,,,,,,,,,,,,,,,,,,,,,,,,,,,,,,,,,,,"
"Набор отверток Tactix 6шт, арт.205439",Ручной инструмент,205439,842.64,"https://dlt.by/image/catalog/easyphoto/2031/nabor-otvertok-tactix-6sht-art-205439-3.jpg,https://dlt.by/image/catalog/easyphoto/2031/nabor-otvertok-tactix-6sht-art-205439-4.jpg,,,,,,,,,,,,,,,,,,,,,,,,,,,,,,,,,,,,,,,,,,,,"
"Плиткорез электрический DLT OptiTronic-1200, рез до 1200мм, БЕЗ АВТОМАТИКИ, арт.1573",Плиткорезы электрические (камнерезы/мокрорезы)>Плиткорезы DLT,1573,88 176.08,"https://dlt.by/image/catalog/easyphoto/2032/plitkorez-elektricheskiy-dlt-optitronic-1200-rez-do-1200mm-bez-avtomatiki-shijing-9232-1.png,https://dlt.by/image/catalog/easyphoto/2032/plitkorez-elektricheskiy-dlt-optitronic-1200-rez-do-1200mm-bez-avtomatiki-shijing-9232-2.jpg,https://dlt.by/image/catalog/easyphoto/2032/plitkorez-elektricheskiy-dlt-optitronic-1200-rez-do-1200mm-bez-avtomatiki-shijing-9232-3.jpg,https://dlt.by/image/catalog/easyphoto/2032/plitkorez-elektricheskiy-dlt-optitronic-1200-rez-do-1200mm-bez-avtomatiki-shijing-9232-4.jpg,https://dlt.by/image/catalog/easyphoto/2032/plitkorez-elektricheskiy-dlt-optitronic-1200-rez-do-1200mm-bez-avtomatiki-shijing-9232-5.jpg,https://dlt.by/image/catalog/easyphoto/2032/plitkorez-elektricheskiy-dlt-optitronic-1200-rez-do-1200mm-bez-avtomatiki-shijing-9232-6.jpg,https://dlt.by/image/catalog/easyphoto/2032/plitkorez-elektricheskiy-dlt-optitronic-1200-rez-do-1200mm-bez-avtomatiki-shijing-9232-7.jpg,https://dlt.by/image/catalog/easyphoto/2032/plitkorez-elektricheskiy-dlt-optitronic-1200-rez-do-1200mm-bez-avtomatiki-shijing-9232-8.jpg,https://dlt.by/image/catalog/easyphoto/2032/plitkorez-elektricheskiy-dlt-optitronic-1200-rez-do-1200mm-bez-avtomatiki-shijing-9232-9.jpg,https://dlt.by/image/catalog/easyphoto/2032/plitkorez-elektricheskiy-dlt-optitronic-1200-rez-do-1200mm-bez-avtomatiki-shijing-9232-10.png,https://dlt.by/image/catalog/easyphoto/2032/plitkorez-elektricheskiy-dlt-optitronic-1200-rez-do-1200mm-bez-avtomatiki-shijing-9232-11.png,https://dlt.by/image/catalog/easyphoto/2032/plitkorez-elektricheskiy-dlt-optitronic-1200-rez-do-1200mm-bez-avtomatiki-shijing-9232-12.png,https://dlt.by/image/catalog/easyphoto/2032/plitkorez-elektricheskiy-dlt-optitronic-1200-rez-do-1200mm-bez-avtomatiki-shijing-9232-13.png,https://dlt.by/image/catalog/easyphoto/2032/plitkorez-elektricheskiy-dlt-optitronic-1200-rez-do-1200mm-bez-avtomatiki-shijing-9232-14.png,https://dlt.by/image/catalog/easyphoto/2032/plitkorez-elektricheskiy-dlt-optitronic-1200-rez-do-1200mm-bez-avtomatiki-shijing-9232-15.png,https://dlt.by/image/catalog/easyphoto/2032/plitkorez-elektricheskiy-dlt-optitronic-1200-rez-do-1200mm-bez-avtomatiki-shijing-9232-16.png,https://dlt.by/image/catalog/easyphoto/2032/plitkorez-elektricheskiy-dlt-optitronic-1200-rez-do-1200mm-bez-avtomatiki-shijing-9232-17.jpg,https://dlt.by/image/catalog/easyphoto/2032/plitkorez-elektricheskiy-dlt-optitronic-1200-rez-do-1200mm-bez-avtomatiki-shijing-9232-18.png,https://dlt.by/image/catalog/easyphoto/2032/plitkorez-elektricheskiy-dlt-optitronic-1200-rez-do-1200mm-bez-avtomatiki-shijing-9232-19.png,https://dlt.by/image/catalog/easyphoto/2032/plitkorez-elektricheskiy-dlt-optitronic-1200-rez-do-1200mm-bez-avtomatiki-shijing-9232-20.png,https://dlt.by/image/catalog/easyphoto/2032/plitkorez-elektricheskiy-dlt-optitronic-1200-rez-do-1200mm-bez-avtomatiki-shijing-9232-21.png,https://dlt.by/image/catalog/easyphoto/2032/plitkorez-elektricheskiy-dlt-optitronic-1200-rez-do-1200mm-bez-avtomatiki-shijing-9232-22.png,https://dlt.by/image/catalog/easyphoto/2032/plitkorez-elektricheskiy-dlt-optitronic-1200-rez-do-1200mm-bez-avtomatiki-shijing-9232-23.png,https://dlt.by/image/catalog/easyphoto/2032/plitkorez-elektricheskiy-dlt-optitronic-1200-rez-do-1200mm-bez-avtomatiki-shijing-9232-24.png,https://dlt.by/image/catalog/easyphoto/2032/plitkorez-elektricheskiy-dlt-optitronic-1200-rez-do-1200mm-bez-avtomatiki-shijing-9232-25.jpg,https://dlt.by/image/catalog/easyphoto/2032/plitkorez-elektricheskiy-dlt-optitronic-1200-rez-do-1200mm-bez-avtomatiki-shijing-9232-26.jpg,https://dlt.by/image/catalog/easyphoto/2032/plitkorez-elektricheskiy-dlt-optitronic-1200-rez-do-1200mm-bez-avtomatiki-shijing-9232-27.jpg,https://dlt.by/image/catalog/easyphoto/2032/plitkorez-elektricheskiy-dlt-optitronic-1200-rez-do-1200mm-bez-avtomatiki-shijing-9232-28.jpg,https://dlt.by/image/catalog/easyphoto/2032/plitkorez-elektricheskiy-dlt-optitronic-1200-rez-do-1200mm-bez-avtomatiki-shijing-9232-29.jpg,https://dlt.by/image/catalog/easyphoto/2032/plitkorez-elektricheskiy-dlt-optitronic-1200-rez-do-1200mm-bez-avtomatiki-shijing-9232-30.jpg,https://dlt.by/image/catalog/easyphoto/2032/plitkorez-elektricheskiy-dlt-optitronic-1200-rez-do-1200mm-bez-avtomatiki-shijing-9232-31.jpg,https://dlt.by/image/catalog/easyphoto/2032/plitkorez-elektricheskiy-dlt-optitronic-1200-rez-do-1200mm-bez-avtomatiki-shijing-9232-32.png,https://dlt.by/image/catalog/easyphoto/2032/plitkorez-elektricheskiy-dlt-optitronic-1200-rez-do-1200mm-bez-avtomatiki-shijing-9232-33.png,https://dlt.by/image/catalog/easyphoto/2032/plitkorez-elektricheskiy-dlt-optitronic-1200-rez-do-1200mm-bez-avtomatiki-shijing-9232-34.png,https://dlt.by/image/catalog/easyphoto/2032/plitkorez-elektricheskiy-dlt-optitronic-1200-rez-do-1200mm-bez-avtomatiki-shijing-9232-35.png,https://dlt.by/image/catalog/easyphoto/2032/plitkorez-elektricheskiy-dlt-optitronic-1200-rez-do-1200mm-bez-avtomatiki-shijing-9232-36.png,https://dlt.by/image/catalog/easyphoto/2032/plitkorez-elektricheskiy-dlt-optitronic-1200-rez-do-1200mm-bez-avtomatiki-shijing-9232-37.png,https://dlt.by/image/catalog/easyphoto/2032/plitkorez-elektricheskiy-dlt-optitronic-1200-rez-do-1200mm-bez-avtomatiki-shijing-9232-38.jpg,https://dlt.by/image/catalog/easyphoto/2032/plitkorez-elektricheskiy-dlt-optitronic-1200-rez-do-1200mm-bez-avtomatiki-shijing-9232-39.jpg,https://dlt.by/image/catalog/easyphoto/2032/plitkorez-elektricheskiy-dlt-optitronic-1200-rez-do-1200mm-bez-avtomatiki-shijing-9232-40.jpg,https://dlt.by/image/catalog/easyphoto/2032/plitkorez-elektricheskiy-dlt-optitronic-1200-rez-do-1200mm-bez-avtomatiki-shijing-9232-41.jpg,https://dlt.by/image/catalog/easyphoto/2032/plitkorez-elektricheskiy-dlt-optitronic-1200-rez-do-1200mm-bez-avtomatiki-shijing-9232-42.png,,,,"
"Гребенка из нерж.стали BIHUI (гладкое лезвие) 280*120мм, арт.PTSBPL",Малярный и штукатурный инструмент>Кельмы для декоративной отделки,PTSBPL,782.45,"https://dlt.by/image/catalog/easyphoto/2033/grebenka-iz-nerzh-stali-bihui-gladkoe-lezvie-280-120mm-art-ptsbpl-2.jpg,https://dlt.by/image/catalog/easyphoto/2033/grebenka-iz-nerzh-stali-bihui-gladkoe-lezvie-280-120mm-art-ptsbpl-4.jpg,https://dlt.by/image/catalog/easyphoto/2033/grebenka-iz-nerzh-stali-bihui-gladkoe-lezvie-280-120mm-art-ptsbpl-3.jpg,https://dlt.by/image/catalog/easyphoto/2033/grebenka-iz-nerzh-stali-bihui-gladkoe-lezvie-280-120mm-art-ptsbpl-5.jpg,,,,,,,,,,,,,,,,,,,,,,,,,,,,,,,,,,,,,,,,,,"
"Мастерок BIHUI 180мм (широкий), арт.BTCHG7",Инструмент для укладки плитки>Мастерки,BTCHG7,511.60,"https://dlt.by/image/catalog/easyphoto/2034/kelma-bihui-180mm-masterok-art-btchg7-2.jpg,https://dlt.by/image/catalog/easyphoto/2034/kelma-bihui-180mm-masterok-art-btchg7-3.jpg,https://dlt.by/image/catalog/easyphoto/2034/kelma-bihui-180mm-masterok-art-btchg7-4.jpg,https://dlt.by/image/catalog/easyphoto/2034/kelma-bihui-180mm-masterok-art-btchg7-5.jpg,,,,,,,,,,,,,,,,,,,,,,,,,,,,,,,,,,,,,,,,,,"
"Помповая присоска BIHUI для гладкой и рельефной поверхности, Ø8 дюймов, арт.SCVB8 ",Инструмент для укладки плитки>Присоски для плитки и стекла>Помповые присоски,SCVB8,4 514.13,"https://dlt.by/image/catalog/easyphoto/2035/prisoska-pompovaya-dlya-slaborelefnoy-plitki-bihui-art-scvb8-5.jpg,https://dlt.by/image/catalog/easyphoto/2035/prisoska-pompovaya-dlya-slaborelefnoy-plitki-bihui-art-scvb8-6.jpg,https://dlt.by/image/catalog/easyphoto/2035/prisoska-pompovaya-dlya-slaborelefnoy-plitki-bihui-art-scvb8-7.jpg,https://dlt.by/image/catalog/easyphoto/2035/prisoska-pompovaya-dlya-slaborelefnoy-plitki-bihui-art-scvb8-8.jpg,https://dlt.by/image/catalog/easyphoto/2035/prisoska-pompovaya-dlya-slaborelefnoy-plitki-bihui-art-scvb8-9.jpg,https://dlt.by/image/catalog/easyphoto/2035/prisoska-pompovaya-dlya-slaborelefnoy-plitki-bihui-art-scvb8-10.jpg,https://dlt.by/image/catalog/easyphoto/2035/prisoska-pompovaya-dlya-slaborelefnoy-plitki-bihui-art-scvb8-11.jpg,,,,,,,,,,,,,,,,,,,,,,,,,,,,,,,,,,,,,,,"
"Гладилка TACTIX 355×100мм, арт.281113",Шпателя для механизированной шпатлевки>Гладилки,281113,902.83,"https://dlt.by/image/catalog/easyphoto/2036/gladilka-tactix-355-100mm-art-281113-3.jpg,https://dlt.by/image/catalog/easyphoto/2036/gladilka-tactix-355-100mm-art-281113-5.jpg,https://dlt.by/image/catalog/easyphoto/2036/gladilka-tactix-355-100mm-art-281113-4.jpg,https://dlt.by/image/catalog/easyphoto/2036/gladilka-tactix-355-100mm-art-281113-6.jpg,,,,,,,,,,,,,,,,,,,,,,,,,,,,,,,,,,,,,,,,,,"
"Набор отверток Tactix 6шт, арт.205408",Ручной инструмент,205408,842.64,"https://dlt.by/image/catalog/easyphoto/2037/nabor-otvertok-tactix-6sht-art-205408-3.jpg,https://dlt.by/image/catalog/easyphoto/2037/nabor-otvertok-tactix-6sht-art-205408-4.jpg,https://dlt.by/image/catalog/easyphoto/2037/nabor-otvertok-tactix-6sht-art-205408-5.jpg,,,,,,,,,,,,,,,,,,,,,,,,,,,,,,,,,,,,,,,,,,,"
"Набор отверток Tactix 20шт, арт.205440",Акции на строительный инструмент,205440,2 106.60,"https://dlt.by/image/catalog/easyphoto/2038/nabor-otvertok-tactix-20sht-art-205440-3.jpg,https://dlt.by/image/catalog/easyphoto/2038/nabor-otvertok-tactix-20sht-art-205440-4.jpg,https://dlt.by/image/catalog/easyphoto/2038/nabor-otvertok-tactix-20sht-art-205440-5.jpg,,,,,,,,,,,,,,,,,,,,,,,,,,,,,,,,,,,,,,,,,,,"
"Набор отверток Tactix 6шт, арт.205401",Ручной инструмент,205401,692.17,"https://dlt.by/image/catalog/easyphoto/2039/nabor-otvertok-tactix-6sht-art-205401-2.jpg,https://dlt.by/image/catalog/easyphoto/2039/nabor-otvertok-tactix-6sht-art-205401-3.jpg,,,,,,,,,,,,,,,,,,,,,,,,,,,,,,,,,,,,,,,,,,,,"
"Набор из диэлектрических плоскогубцев и кусачиков Tactix, 3шт, арт.201083",Акции на строительный инструмент,201083,3 460.84,"https://dlt.by/image/catalog/easyphoto/2040/nabor-iz-dielektricheskih-ploskogubtsev-i-kusachikov-tactix-3sht-art-201083-3.jpg,https://dlt.by/image/catalog/easyphoto/2040/nabor-iz-dielektricheskih-ploskogubtsev-i-kusachikov-tactix-3sht-art-201083-4.jpg,https://dlt.by/image/catalog/easyphoto/2040/nabor-iz-dielektricheskih-ploskogubtsev-i-kusachikov-tactix-3sht-art-201083-5.jpg,https://dlt.by/image/catalog/easyphoto/2040/nabor-iz-dielektricheskih-ploskogubtsev-i-kusachikov-tactix-3sht-art-201083-6.jpg,https://dlt.by/image/catalog/easyphoto/2040/nabor-iz-dielektricheskih-ploskogubtsev-i-kusachikov-tactix-3sht-art-201083-7.jpg,,,,,,,,,,,,,,,,,,,,,,,,,,,,,,,,,,,,,,,,,"
"Набор из плоскогубцев и кусачиков Tactix, 3шт, арт.204005",Акции на строительный инструмент,204005,2 106.60,"https://dlt.by/image/catalog/easyphoto/2041/nabor-iz-ploskogubtsev-i-kusachikov-tactix-3sht-art-204005-3.jpg,https://dlt.by/image/catalog/easyphoto/2041/nabor-iz-ploskogubtsev-i-kusachikov-tactix-3sht-art-204005-4.jpg,https://dlt.by/image/catalog/easyphoto/2041/nabor-iz-ploskogubtsev-i-kusachikov-tactix-3sht-art-204005-5.jpg,https://dlt.by/image/catalog/easyphoto/2041/nabor-iz-ploskogubtsev-i-kusachikov-tactix-3sht-art-204005-7.jpg,https://dlt.by/image/catalog/easyphoto/2041/nabor-iz-ploskogubtsev-i-kusachikov-tactix-3sht-art-204005-6.jpg,,,,,,,,,,,,,,,,,,,,,,,,,,,,,,,,,,,,,,,,,"
"Набор из плоскогубцев и кусачиков Tactix 3шт, арт.204007",Акции на строительный инструмент,204007,2 558.01,"https://dlt.by/image/catalog/easyphoto/2042/nabor-iz-ploskogubtsev-i-kusachikov-tactix-3sht-art-204007-3.jpg,https://dlt.by/image/catalog/easyphoto/2042/nabor-iz-ploskogubtsev-i-kusachikov-tactix-3sht-art-204007-4.jpg,https://dlt.by/image/catalog/easyphoto/2042/nabor-iz-ploskogubtsev-i-kusachikov-tactix-3sht-art-204007-5.jpg,https://dlt.by/image/catalog/easyphoto/2042/nabor-iz-ploskogubtsev-i-kusachikov-tactix-3sht-art-204007-6.jpg,https://dlt.by/image/catalog/easyphoto/2042/nabor-iz-ploskogubtsev-i-kusachikov-tactix-3sht-art-204007-7.jpg,,,,,,,,,,,,,,,,,,,,,,,,,,,,,,,,,,,,,,,,,"
"Набор из плоскогубцев и кусачиков Tactix 4шт, арт.204009",Акции на строительный инструмент,204009,3 009.42,"https://dlt.by/image/catalog/easyphoto/2043/nabor-iz-ploskogubtsev-i-kusachikov-tactix-4sht-art-204009-3.jpg,https://dlt.by/image/catalog/easyphoto/2043/nabor-iz-ploskogubtsev-i-kusachikov-tactix-4sht-art-204009-4.jpg,https://dlt.by/image/catalog/easyphoto/2043/nabor-iz-ploskogubtsev-i-kusachikov-tactix-4sht-art-204009-5.jpg,https://dlt.by/image/catalog/easyphoto/2043/nabor-iz-ploskogubtsev-i-kusachikov-tactix-4sht-art-204009-6.jpg,https://dlt.by/image/catalog/easyphoto/2043/nabor-iz-ploskogubtsev-i-kusachikov-tactix-4sht-art-204009-7.jpg,,,,,,,,,,,,,,,,,,,,,,,,,,,,,,,,,,,,,,,,,"
Набор зубчатых строительных гребенок BIHUI (9 предметов) арт.PTSJK9 ,Шпателя для механизированной шпатлевки>Зубчатые шпатели (гребенки),PTSJK9,7 643.93,"https://dlt.by/image/catalog/easyphoto/2044/nabor-zubchatyh-stroitelnyh-grebenok-bihui-9-predmetov-art-ptsjk9-26.jpg,https://dlt.by/image/catalog/easyphoto/2044/nabor-zubchatyh-stroitelnyh-grebenok-bihui-9-predmetov-art-ptsjk9-7.jpg,https://dlt.by/image/catalog/easyphoto/2044/nabor-zubchatyh-stroitelnyh-grebenok-bihui-9-predmetov-art-ptsjk9-8.jpg,https://dlt.by/image/catalog/easyphoto/2044/nabor-zubchatyh-stroitelnyh-grebenok-bihui-9-predmetov-art-ptsjk9-9.jpg,https://dlt.by/image/catalog/easyphoto/2044/nabor-zubchatyh-stroitelnyh-grebenok-bihui-9-predmetov-art-ptsjk9-10.jpg,https://dlt.by/image/catalog/easyphoto/2044/nabor-zubchatyh-stroitelnyh-grebenok-bihui-9-predmetov-art-ptsjk9-11.jpg,https://dlt.by/image/catalog/easyphoto/2044/nabor-zubchatyh-stroitelnyh-grebenok-bihui-9-predmetov-art-ptsjk9-12.jpg,https://dlt.by/image/catalog/easyphoto/2044/nabor-zubchatyh-stroitelnyh-grebenok-bihui-9-predmetov-art-ptsjk9-13.jpg,https://dlt.by/image/catalog/easyphoto/2044/nabor-zubchatyh-stroitelnyh-grebenok-bihui-9-predmetov-art-ptsjk9-14.jpg,https://dlt.by/image/catalog/easyphoto/2044/nabor-zubchatyh-stroitelnyh-grebenok-bihui-9-predmetov-art-ptsjk9-15.jpg,https://dlt.by/image/catalog/easyphoto/2044/nabor-zubchatyh-stroitelnyh-grebenok-bihui-9-predmetov-art-ptsjk9-16.jpg,https://dlt.by/image/catalog/easyphoto/2044/nabor-zubchatyh-stroitelnyh-grebenok-bihui-9-predmetov-art-ptsjk9-17.jpg,https://dlt.by/image/catalog/easyphoto/2044/nabor-zubchatyh-stroitelnyh-grebenok-bihui-9-predmetov-art-ptsjk9-18.jpg,https://dlt.by/image/catalog/easyphoto/2044/nabor-zubchatyh-stroitelnyh-grebenok-bihui-9-predmetov-art-ptsjk9-19.jpg,https://dlt.by/image/catalog/easyphoto/2044/nabor-zubchatyh-stroitelnyh-grebenok-bihui-9-predmetov-art-ptsjk9-20.jpg,https://dlt.by/image/catalog/easyphoto/2044/nabor-zubchatyh-stroitelnyh-grebenok-bihui-9-predmetov-art-ptsjk9-21.jpg,https://dlt.by/image/catalog/easyphoto/2044/nabor-zubchatyh-stroitelnyh-grebenok-bihui-9-predmetov-art-ptsjk9-22.jpg,https://dlt.by/image/catalog/easyphoto/2044/nabor-zubchatyh-stroitelnyh-grebenok-bihui-9-predmetov-art-ptsjk9-23.jpg,https://dlt.by/image/catalog/easyphoto/2044/nabor-zubchatyh-stroitelnyh-grebenok-bihui-9-predmetov-art-ptsjk9-24.jpg,https://dlt.by/image/catalog/easyphoto/2044/nabor-zubchatyh-stroitelnyh-grebenok-bihui-9-predmetov-art-ptsjk9-25.jpg,,,,,,,,,,,,,,,,,,,,,,,,,,"
"Аккумулятор DLT для виброприсоски DLT Vibro MAX, арт.1799",Запчасти>Присоски вибро,1799,2 708.48,"https://dlt.by/image/catalog/easyphoto/2045/akkumulyator-dlt-dlya-vibroprisoski-dlt-vibro-max-3.jpg,https://dlt.by/image/catalog/easyphoto/2045/akkumulyator-dlt-dlya-vibroprisoski-dlt-vibro-max-4.jpg,,,,,,,,,,,,,,,,,,,,,,,,,,,,,,,,,,,,,,,,,,,,"
"Приводной ремень для плиткореза DLT SLIMTRONIC, арт.1801",Запчасти>Электрические плиткорезы для крупноформатной плитки>DLT SlimTronic,1801,601.88,"https://dlt.by/image/catalog/easyphoto/2046/privodnoy-remen-dlya-plitkoreza-dlt-slimtronic-2.jpg,https://dlt.by/image/catalog/easyphoto/2046/privodnoy-remen-dlya-plitkoreza-dlt-slimtronic-3.jpg,,,,,,,,,,,,,,,,,,,,,,,,,,,,,,,,,,,,,,,,,,,,"
"Запасная крышка шарикоподшипникового механизма перемещения двигателя плиткореза DLT OptiTronic, арт.1793",Запчасти,1793,2 558.01,"https://dlt.by/image/catalog/easyphoto/2047/zapasnaya-kryshka-sharikopodshipnikovogo-mehanizma-peremeshcheniya-dvigatelya-plitkoreza-dlt-optitronic-6.jpg,https://dlt.by/image/catalog/easyphoto/2047/zapasnaya-kryshka-sharikopodshipnikovogo-mehanizma-peremeshcheniya-dvigatelya-plitkoreza-dlt-optitronic-7.jpg,https://dlt.by/image/catalog/easyphoto/2047/zapasnaya-kryshka-sharikopodshipnikovogo-mehanizma-peremeshcheniya-dvigatelya-plitkoreza-dlt-optitronic-8.jpg,,,,,,,,,,,,,,,,,,,,,,,,,,,,,,,,,,,,,,,,,,,"
"Запасная направляющая механизма перемещения двигателя плиткореза DLT OptiTronic, арт.1792",Запчасти>Плиткорезы электрические,1792,1 805.65,"https://dlt.by/image/catalog/easyphoto/2048/zapasnaya-napravlyayushchaya-mehanizma-peremeshcheniya-dvigatelya-plitkoreza-dlt-optitronic-7.jpg,https://dlt.by/image/catalog/easyphoto/2048/zapasnaya-napravlyayushchaya-mehanizma-peremeshcheniya-dvigatelya-plitkoreza-dlt-optitronic-8.jpg,https://dlt.by/image/catalog/easyphoto/2048/zapasnaya-napravlyayushchaya-mehanizma-peremeshcheniya-dvigatelya-plitkoreza-dlt-optitronic-9.jpg,https://dlt.by/image/catalog/easyphoto/2048/zapasnaya-napravlyayushchaya-mehanizma-peremeshcheniya-dvigatelya-plitkoreza-dlt-optitronic-10.jpg,,,,,,,,,,,,,,,,,,,,,,,,,,,,,,,,,,,,,,,,,,"
"Запасное полиуретановое колесо плиткореза DLT OptiTronic, арт.1795",Запчасти>Плиткорезы электрические,1795,451.41,"https://dlt.by/image/catalog/easyphoto/2049/zapasnoe-poliuretanovoe-koleso-plitkoreza-dlt-optitronic-3.jpg,https://dlt.by/image/catalog/easyphoto/2049/zapasnoe-poliuretanovoe-koleso-plitkoreza-dlt-optitronic-4.jpg,https://dlt.by/image/catalog/easyphoto/2049/zapasnoe-poliuretanovoe-koleso-plitkoreza-dlt-optitronic-5.jpg,,,,,,,,,,,,,,,,,,,,,,,,,,,,,,,,,,,,,,,,,,,"
"Запасной корпус шарикоподшипникового механизма перемещения двигателя плиткореза DLT OptiTronic, арт.1794",Запчасти>Плиткорезы электрические,1794,3 009.42,"https://dlt.by/image/catalog/easyphoto/2061/zapasnoy-korpus-sharikopodshipnikovogo-mehanizma-peremeshcheniya-dvigatelya-plitkoreza-dlt-optitronic-6.jpg,https://dlt.by/image/catalog/easyphoto/2061/zapasnoy-korpus-sharikopodshipnikovogo-mehanizma-peremeshcheniya-dvigatelya-plitkoreza-dlt-optitronic-7.jpg,https://dlt.by/image/catalog/easyphoto/2061/zapasnoy-korpus-sharikopodshipnikovogo-mehanizma-peremeshcheniya-dvigatelya-plitkoreza-dlt-optitronic-8.jpg,https://dlt.by/image/catalog/easyphoto/2061/zapasnoy-korpus-sharikopodshipnikovogo-mehanizma-peremeshcheniya-dvigatelya-plitkoreza-dlt-optitronic-9.jpg,https://dlt.by/image/catalog/easyphoto/2061/zapasnoy-korpus-sharikopodshipnikovogo-mehanizma-peremeshcheniya-dvigatelya-plitkoreza-dlt-optitronic-10.jpg,,,,,,,,,,,,,,,,,,,,,,,,,,,,,,,,,,,,,,,,,"
"Запасные щётки для электродвигателя плиткореза DLT OptiTronic, арт.1787",Запчасти>Плиткорезы электрические,1787,306.96,"https://dlt.by/image/catalog/easyphoto/2050/zapasnye-shchetki-dlya-elektrodvigatelya-plitkoreza-dlt-optitronic-3.jpg,,,,,,,,,,,,,,,,,,,,,,,,,,,,,,,,,,,,,,,,,,,,,"
"Запасное стопорное кольцо для присосок DLT P611 и DLT P612, арт.1772",Запчасти>Присоски ручные,1772,156.49,"https://dlt.by/image/catalog/easyphoto/2051/zapasnoe-stopornoe-koltso-dlya-prisosok-dlt-p611-i-dlt-p612-3.jpg,,,,,,,,,,,,,,,,,,,,,,,,,,,,,,,,,,,,,,,,,,,,,"
"Ремонтный комплект для присосок DLT P611 и DLT P612, арт.1773",Запчасти>Присоски ручные,1773,306.96,"https://dlt.by/image/catalog/easyphoto/2052/remontnyy-komplekt-dlya-prisosok-dlt-p611-i-dlt-p612-2.jpg,,,,,,,,,,,,,,,,,,,,,,,,,,,,,,,,,,,,,,,,,,,,,"
"Запасная крепежная ручка для плиткорезов DLT , арт.1781",Запчасти>Присоски ручные,1781,216.68,"https://dlt.by/image/catalog/easyphoto/2053/zapasnaya-krepezhnaya-ruchka-dlya-plitkorezov-dlt-3.jpg,https://dlt.by/image/catalog/easyphoto/2053/zapasnaya-krepezhnaya-ruchka-dlya-plitkorezov-dlt-4.jpg,,,,,,,,,,,,,,,,,,,,,,,,,,,,,,,,,,,,,,,,,,,,"
"Запасной пластиковый штуцер плиткореза DLT OptiTronic, арт.1785",Запчасти>Плиткорезы электрические,1785,306.96,"https://dlt.by/image/catalog/easyphoto/2054/zapasnoy-plastikovyy-shtutser-plitkoreza-dlt-optitronic-2.jpg,https://dlt.by/image/catalog/easyphoto/2054/zapasnoy-plastikovyy-shtutser-plitkoreza-dlt-optitronic-3.jpg,,,,,,,,,,,,,,,,,,,,,,,,,,,,,,,,,,,,,,,,,,,,"
"Запасная плата для присоски DLT VST-100, арт.1777",Запчасти>Присоски электрические,1777,812.54,"https://dlt.by/image/catalog/easyphoto/2055/zapasnaya-plata-dlya-prisoski-dlt-vst-100-3.jpg,https://dlt.by/image/catalog/easyphoto/2055/zapasnaya-plata-dlya-prisoski-dlt-vst-100-4.jpg,https://dlt.by/image/catalog/easyphoto/2055/zapasnaya-plata-dlya-prisoski-dlt-vst-100-5.jpg,,,,,,,,,,,,,,,,,,,,,,,,,,,,,,,,,,,,,,,,,,,"
"Запасная ответная часть к крепежной ручке для плиткорезов DLT MAXLINE, арт.1783",Запчасти>Плиткорезы электрические,1783,186.58,"https://dlt.by/image/catalog/easyphoto/2056/zapasnaya-otvetnaya-chast-k-krepezhnoy-ruchke-dlya-plitkorezov-dlt-maxline-2.jpg,https://dlt.by/image/catalog/easyphoto/2056/zapasnaya-otvetnaya-chast-k-krepezhnoy-ruchke-dlya-plitkorezov-dlt-maxline-3.jpg,,,,,,,,,,,,,,,,,,,,,,,,,,,,,,,,,,,,,,,,,,,,"
"Запасная цельнометаллическая направляющая для плиткорезов DLT MAXLINE, рез до 1270мм, арт.1779",Запчасти>Плиткорезы ручные,1779,6 018.85,"https://dlt.by/image/catalog/easyphoto/2072/zapasnaya-tselnometallicheskaya-napravlyayushchaya-dlya-plitkorezov-dlt-maxline-rez-do-1270mm-2.jpg,https://dlt.by/image/catalog/easyphoto/2072/zapasnaya-tselnometallicheskaya-napravlyayushchaya-dlya-plitkorezov-dlt-maxline-rez-do-1270mm-3.jpg,,,,,,,,,,,,,,,,,,,,,,,,,,,,,,,,,,,,,,,,,,,,"
"Запасное крепление боковой линейки для плиткорезов DLT MAXLINE, арт.1780",Запчасти>Плиткорезы ручные,1780,216.68,"https://dlt.by/image/catalog/easyphoto/2060/zapasnoe-kreplenie-bokovoy-lineyki-dlya-plitkorezov-dlt-maxline-2.jpg,https://dlt.by/image/catalog/easyphoto/2060/zapasnoe-kreplenie-bokovoy-lineyki-dlya-plitkorezov-dlt-maxline-3.jpg,,,,,,,,,,,,,,,,,,,,,,,,,,,,,,,,,,,,,,,,,,,,"
"Плата управления для электрических плиткорезов DLT, арт.1791",Запчасти>Плиткорезы электрические,1791,3 009.42,"https://dlt.by/image/catalog/easyphoto/2062/plata-upravleniya-dlya-elektricheskih-plitkorezov-dlt-2.jpg,https://dlt.by/image/catalog/easyphoto/2062/plata-upravleniya-dlya-elektricheskih-plitkorezov-dlt-3.jpg,,,,,,,,,,,,,,,,,,,,,,,,,,,,,,,,,,,,,,,,,,,,"
"Ручка нажатия для виброприсоски DLT Vibro MAX, арт.1798",Запчасти>Присоски вибро,1798,601.88,"https://dlt.by/image/catalog/easyphoto/2063/ruchka-nazhatiya-dlya-vibroprisoski-dlt-vibro-max-2.jpg,https://dlt.by/image/catalog/easyphoto/2063/ruchka-nazhatiya-dlya-vibroprisoski-dlt-vibro-max-3.jpg,,,,,,,,,,,,,,,,,,,,,,,,,,,,,,,,,,,,,,,,,,,,"
"Запасной блок автоматики плиткореза DLT OptiTronic, арт.1790",Запчасти>Плиткорезы электрические,1790,10 532.98,"https://dlt.by/image/catalog/easyphoto/2064/zapasnoy-blok-avtomatiki-plitkoreza-dlt-optitronic-3.jpg,https://dlt.by/image/catalog/easyphoto/2064/zapasnoy-blok-avtomatiki-plitkoreza-dlt-optitronic-4.jpg,,,,,,,,,,,,,,,,,,,,,,,,,,,,,,,,,,,,,,,,,,,,"
"Запасной электродвигатель для плиткореза DLT OptiTronic, SHIJING (9231,9232,9251,9261), арт.1789",Запчасти>Плиткорезы электрические,1789,12 037.69,"https://dlt.by/image/catalog/easyphoto/2065/zapasnoy-elektrodvigatel-dlya-plitkoreza-dlt-optitronic-3.jpg,https://dlt.by/image/catalog/easyphoto/2065/zapasnoy-elektrodvigatel-dlya-plitkoreza-dlt-optitronic-4.jpg,https://dlt.by/image/catalog/easyphoto/2065/zapasnoy-elektrodvigatel-dlya-plitkoreza-dlt-optitronic-5.jpg,,,,,,,,,,,,,,,,,,,,,,,,,,,,,,,,,,,,,,,,,,,"
"Запасной выключатель плиткореза DLT OptiTronic, арт.1788",Запчасти>Плиткорезы электрические,1788,1 053.30,"https://dlt.by/image/catalog/easyphoto/2066/zapasnoy-vyklyuchatel-plitkoreza-dlt-optitronic-4.jpg,https://dlt.by/image/catalog/easyphoto/2066/zapasnoy-vyklyuchatel-plitkoreza-dlt-optitronic-3.jpg,,,,,,,,,,,,,,,,,,,,,,,,,,,,,,,,,,,,,,,,,,,,"
"Запасная масленка для плиткорезов DLT MAXLINE, арт.1784",Запчасти>Плиткорезы ручные,1784,156.49,"https://dlt.by/image/catalog/easyphoto/2067/zapasnaya-maslenka-dlya-plitkorezov-dlt-maxline-2.jpg,https://dlt.by/image/catalog/easyphoto/2067/zapasnaya-maslenka-dlya-plitkorezov-dlt-maxline-3.jpg,https://dlt.by/image/catalog/easyphoto/2067/zapasnaya-maslenka-dlya-plitkorezov-dlt-maxline-4.jpg,https://dlt.by/image/catalog/easyphoto/2067/zapasnaya-maslenka-dlya-plitkorezov-dlt-maxline-5.jpg,,,,,,,,,,,,,,,,,,,,,,,,,,,,,,,,,,,,,,,,,,"
"Запасной регулятор для виброприсоски DLT Vibro MAX, арт.1797",Запчасти>Присоски вибро,1797,902.83,"https://dlt.by/image/catalog/easyphoto/2068/zapasnoy-regulyator-dlya-vibroprisoski-dlt-vibro-max-2.jpg,https://dlt.by/image/catalog/easyphoto/2068/zapasnoy-regulyator-dlya-vibroprisoski-dlt-vibro-max-3.jpg,,,,,,,,,,,,,,,,,,,,,,,,,,,,,,,,,,,,,,,,,,,,"
"Запасной электродвигатель для присоски DLT VST-100, арт.1775",Запчасти>Присоски электрические,1775,601.88,"https://dlt.by/image/catalog/easyphoto/2069/zapasnoy-elektrodvigatel-dlya-prisoski-dlt-vst-100-2.jpg,https://dlt.by/image/catalog/easyphoto/2069/zapasnoy-elektrodvigatel-dlya-prisoski-dlt-vst-100-3.jpg,,,,,,,,,,,,,,,,,,,,,,,,,,,,,,,,,,,,,,,,,,,,"
"Аккумулятор для присоски DLT VST-100, арт.1774",Запчасти>Присоски электрические,1774,601.88,"https://dlt.by/image/catalog/easyphoto/2070/akkumulyator-dlya-prisoski-dlt-vst-100-6.jpg,https://dlt.by/image/catalog/easyphoto/2070/akkumulyator-dlya-prisoski-dlt-vst-100-5.jpg,https://dlt.by/image/catalog/easyphoto/2070/akkumulyator-dlya-prisoski-dlt-vst-100-4.jpg,,,,,,,,,,,,,,,,,,,,,,,,,,,,,,,,,,,,,,,,,,,"
"Запасной поршень для присосок DLT P611 и DLT P612, арт.1771",Запчасти>Присоски ручные,1771,421.32,"https://dlt.by/image/catalog/easyphoto/2071/zapasnoy-porshen-dlya-prisosok-dlt-p611-i-dlt-p612-2.jpg,https://dlt.by/image/catalog/easyphoto/2071/zapasnoy-porshen-dlya-prisosok-dlt-p611-i-dlt-p612-3.jpg,,,,,,,,,,,,,,,,,,,,,,,,,,,,,,,,,,,,,,,,,,,,"
"Запасная каретка на плиткорезов DLT MAXLINE (часть 2), арт.1778",Запчасти>Плиткорезы ручные,1778,2 858.95,"https://dlt.by/image/catalog/easyphoto/2073/zapasnaya-karetka-dlya-plitkorezov-dlt-maxline-5.jpg,https://dlt.by/image/catalog/easyphoto/2073/zapasnaya-karetka-dlya-plitkorezov-dlt-maxline-6.jpg,https://dlt.by/image/catalog/easyphoto/2073/zapasnaya-karetka-dlya-plitkorezov-dlt-maxline-7.jpg,https://dlt.by/image/catalog/easyphoto/2073/zapasnaya-karetka-dlya-plitkorezov-dlt-maxline-8.jpg,,,,,,,,,,,,,,,,,,,,,,,,,,,,,,,,,,,,,,,,,,"
"Запасные резиновые ножки опорной части плиткорезов DLT MAXLINE, арт.1782",Запчасти>Плиткорезы ручные,1782,156.49,"https://dlt.by/image/catalog/easyphoto/2074/zapasnye-rezinovye-nozhki-opornoy-chasti-plitkorezov-dlt-maxline-2.jpg,https://dlt.by/image/catalog/easyphoto/2074/zapasnye-rezinovye-nozhki-opornoy-chasti-plitkorezov-dlt-maxline-3.jpg,,,,,,,,,,,,,,,,,,,,,,,,,,,,,,,,,,,,,,,,,,,,"
"Запасной кнопочный переключатель плиткореза DLT OptiTronic, арт.1786",Запчасти>Плиткорезы электрические,1786,451.41,"https://dlt.by/image/catalog/easyphoto/2075/zapasnoy-knopochnyy-pereklyuchatel-plitkoreza-dlt-optitronic-5.jpg,https://dlt.by/image/catalog/easyphoto/2075/zapasnoy-knopochnyy-pereklyuchatel-plitkoreza-dlt-optitronic-6.jpg,,,,,,,,,,,,,,,,,,,,,,,,,,,,,,,,,,,,,,,,,,,,"
"Электрическая присоска DLT VST-100 с АВТО подкачкой, для гладкой и рельефной поверхности, Ø8 дюймов, арт.1574",Инструмент для укладки плитки>Присоски для плитки и стекла>Электрические присоски и поршни,1574,5 116.02,"https://dlt.by/image/catalog/easyphoto/2076/prisoska-elektricheskaya-dlt-vst-100-dlya-relefnoy-plitki-s-avto-podkachkoy-16.jpg,https://dlt.by/image/catalog/easyphoto/2076/prisoska-elektricheskaya-dlt-vst-100-dlya-relefnoy-plitki-s-avto-podkachkoy-17.jpg,https://dlt.by/image/catalog/easyphoto/2076/prisoska-elektricheskaya-dlt-vst-100-dlya-relefnoy-plitki-s-avto-podkachkoy-18.jpg,https://dlt.by/image/catalog/easyphoto/2076/prisoska-elektricheskaya-dlt-vst-100-dlya-relefnoy-plitki-s-avto-podkachkoy-19.jpg,https://dlt.by/image/catalog/easyphoto/2076/prisoska-elektricheskaya-dlt-vst-100-dlya-relefnoy-plitki-s-avto-podkachkoy-22.jpg,https://dlt.by/image/catalog/easyphoto/2076/prisoska-elektricheskaya-dlt-vst-100-dlya-relefnoy-plitki-s-avto-podkachkoy-20.jpg,https://dlt.by/image/catalog/easyphoto/2076/prisoska-elektricheskaya-dlt-vst-100-dlya-relefnoy-plitki-s-avto-podkachkoy-21.jpg,https://dlt.by/image/catalog/easyphoto/2076/prisoska-elektricheskaya-dlt-vst-100-dlya-relefnoy-plitki-s-avto-podkachkoy-23.jpg,https://dlt.by/image/catalog/easyphoto/2076/prisoska-elektricheskaya-dlt-vst-100-dlya-relefnoy-plitki-s-avto-podkachkoy-24.jpg,https://dlt.by/image/catalog/easyphoto/2076/prisoska-elektricheskaya-dlt-vst-100-dlya-relefnoy-plitki-s-avto-podkachkoy-25.jpg,https://dlt.by/image/catalog/easyphoto/2076/prisoska-elektricheskaya-dlt-vst-100-dlya-relefnoy-plitki-s-avto-podkachkoy-26.jpg,,,,,,,,,,,,,,,,,,,,,,,,,,,,,,,,,,,"
"Запасной электродвигатель для виброприсоски DLT Vibro MAX, арт.1796",Запчасти>Присоски вибро,1796,1 203.77,"https://dlt.by/image/catalog/easyphoto/2077/zapasnoy-elektrodvigatel-dlya-vibroprisoski-dlt-vibro-max-2.jpg,https://dlt.by/image/catalog/easyphoto/2077/zapasnoy-elektrodvigatel-dlya-vibroprisoski-dlt-vibro-max-3.jpg,,,,,,,,,,,,,,,,,,,,,,,,,,,,,,,,,,,,,,,,,,,,"
"Набор насадок-щеток на дрель Tactix 3шт, арт.447303",Инструмент для укладки плитки>Разное для укладки,447303,1 203.77,"https://dlt.by/image/catalog/easyphoto/2078/nabor-nasadok-shchetok-na-drel-tactix-3sht-art-447303-2.jpg,https://dlt.by/image/catalog/easyphoto/2078/nabor-nasadok-shchetok-na-drel-tactix-3sht-art-447303-3.jpg,https://dlt.by/image/catalog/easyphoto/2078/nabor-nasadok-shchetok-na-drel-tactix-3sht-art-447303-4.jpg,https://dlt.by/image/catalog/easyphoto/2078/nabor-nasadok-shchetok-na-drel-tactix-3sht-art-447303-5.jpg,https://dlt.by/image/catalog/easyphoto/2078/nabor-nasadok-shchetok-na-drel-tactix-3sht-art-447303-6.jpg,,,,,,,,,,,,,,,,,,,,,,,,,,,,,,,,,,,,,,,,,"
"Набор инструментов Tactix 40 предметов, арт.990009",Ящики для инструмента/Модульные системы,990009,3 731.68,"https://dlt.by/image/catalog/easyphoto/2079/nabor-instrumentov-tactix-40-predmetov-art-990009-5.jpg,https://dlt.by/image/catalog/easyphoto/2079/nabor-instrumentov-tactix-40-predmetov-art-990009-2.jpg,https://dlt.by/image/catalog/easyphoto/2079/nabor-instrumentov-tactix-40-predmetov-art-990009-3.jpg,https://dlt.by/image/catalog/easyphoto/2079/nabor-instrumentov-tactix-40-predmetov-art-990009-4.jpg,https://dlt.by/image/catalog/easyphoto/2079/nabor-instrumentov-tactix-40-predmetov-art-990009-6.jpg,https://dlt.by/image/catalog/easyphoto/2079/nabor-instrumentov-tactix-40-predmetov-art-990009-7.jpg,https://dlt.by/image/catalog/easyphoto/2079/nabor-instrumentov-tactix-40-predmetov-art-990009-8.jpg,https://dlt.by/image/catalog/easyphoto/2079/nabor-instrumentov-tactix-40-predmetov-art-990009-9.jpg,https://dlt.by/image/catalog/easyphoto/2079/nabor-instrumentov-tactix-40-predmetov-art-990009-10.jpg,https://dlt.by/image/catalog/easyphoto/2079/nabor-instrumentov-tactix-40-predmetov-art-990009-11.jpg,https://dlt.by/image/catalog/easyphoto/2079/nabor-instrumentov-tactix-40-predmetov-art-990009-12.jpg,,,,,,,,,,,,,,,,,,,,,,,,,,,,,,,,,,,"
"Набор отверток Tactix 6шт, арт.205426",Акции на строительный инструмент,205426,2 106.60,"https://dlt.by/image/catalog/easyphoto/2080/nabor-otvertok-tactix-6sht-art-205426-2.jpg,https://dlt.by/image/catalog/easyphoto/2080/nabor-otvertok-tactix-6sht-art-205426-3.jpg,https://dlt.by/image/catalog/easyphoto/2080/nabor-otvertok-tactix-6sht-art-205426-4.jpg,https://dlt.by/image/catalog/easyphoto/2080/nabor-otvertok-tactix-6sht-art-205426-5.jpg,,,,,,,,,,,,,,,,,,,,,,,,,,,,,,,,,,,,,,,,,,"
"Наушники защитные (противошумные) Tactix, арт.488110",Средства индивидуальной защиты,488110,1 294.05,"https://dlt.by/image/catalog/easyphoto/2082/naushniki-zashchitnye-protivoshumnye-tactix-art-488110-3.jpg,https://dlt.by/image/catalog/easyphoto/2082/naushniki-zashchitnye-protivoshumnye-tactix-art-488110-4.jpg,https://dlt.by/image/catalog/easyphoto/2082/naushniki-zashchitnye-protivoshumnye-tactix-art-488110-5.jpg,https://dlt.by/image/catalog/easyphoto/2082/naushniki-zashchitnye-protivoshumnye-tactix-art-488110-6.jpg,https://dlt.by/image/catalog/easyphoto/2082/naushniki-zashchitnye-protivoshumnye-tactix-art-488110-7.jpg,,,,,,,,,,,,,,,,,,,,,,,,,,,,,,,,,,,,,,,,,"
"Наушники защитные (противошумные) Tactix, арт.488111",Средства индивидуальной защиты,488111,1 444.52,"https://dlt.by/image/catalog/easyphoto/2083/naushniki-zashchitnye-protivoshumnye-tactix-art-488111-3.jpg,https://dlt.by/image/catalog/easyphoto/2083/naushniki-zashchitnye-protivoshumnye-tactix-art-488111-4.jpg,https://dlt.by/image/catalog/easyphoto/2083/naushniki-zashchitnye-protivoshumnye-tactix-art-488111-5.jpg,https://dlt.by/image/catalog/easyphoto/2083/naushniki-zashchitnye-protivoshumnye-tactix-art-488111-6.jpg,https://dlt.by/image/catalog/easyphoto/2083/naushniki-zashchitnye-protivoshumnye-tactix-art-488111-7.jpg,,,,,,,,,,,,,,,,,,,,,,,,,,,,,,,,,,,,,,,,,"
"Накладки (подушечки) запасные для противошумных наушников Tactix, арт.488201",Средства индивидуальной защиты,488201,511.60,"https://dlt.by/image/catalog/easyphoto/2084/nakladki-podushechki-zapasnye-dlya-protivoshumnyh-naushnikov-tactix-art-488201-4.jpg,https://dlt.by/image/catalog/easyphoto/2084/nakladki-podushechki-zapasnye-dlya-protivoshumnyh-naushnikov-tactix-art-488201-5.jpg,,,,,,,,,,,,,,,,,,,,,,,,,,,,,,,,,,,,,,,,,,,,"
"Набор столешниц для подстолья DLT Сороконожка 1,2м старой версии (4шт), арт.1831",Инструмент для укладки плитки>Строительные столы/верстаки/подстолья,1831,5 567.43,"https://dlt.by/image/catalog/easyphoto/2085/nabor-stoleshnits-dlya-podstolya-dlt-sorokonozhka-1-2m-4sht-art-1831-18.jpg,https://dlt.by/image/catalog/easyphoto/2085/nabor-stoleshnits-dlya-podstolya-dlt-sorokonozhka-1-2m-4sht-art-1831-7.jpg,https://dlt.by/image/catalog/easyphoto/2085/nabor-stoleshnits-dlya-podstolya-dlt-sorokonozhka-1-2m-4sht-art-1831-8.jpg,https://dlt.by/image/catalog/easyphoto/2085/nabor-stoleshnits-dlya-podstolya-dlt-sorokonozhka-1-2m-4sht-art-1831-10.png,https://dlt.by/image/catalog/easyphoto/2085/nabor-stoleshnits-dlya-podstolya-dlt-sorokonozhka-1-2m-4sht-art-1831-11.png,https://dlt.by/image/catalog/easyphoto/2085/nabor-stoleshnits-dlya-podstolya-dlt-sorokonozhka-1-2m-4sht-art-1831-12.png,https://dlt.by/image/catalog/easyphoto/2085/nabor-stoleshnits-dlya-podstolya-dlt-sorokonozhka-1-2m-4sht-art-1831-13.png,https://dlt.by/image/catalog/easyphoto/2085/nabor-stoleshnits-dlya-podstolya-dlt-sorokonozhka-1-2m-4sht-art-1831-14.jpg,https://dlt.by/image/catalog/easyphoto/2085/nabor-stoleshnits-dlya-podstolya-dlt-sorokonozhka-1-2m-4sht-art-1831-15.jpg,https://dlt.by/image/catalog/easyphoto/2085/nabor-stoleshnits-dlya-podstolya-dlt-sorokonozhka-1-2m-4sht-art-1831-16.jpg,https://dlt.by/image/catalog/easyphoto/2085/nabor-stoleshnits-dlya-podstolya-dlt-sorokonozhka-1-2m-4sht-art-1831-17.jpg,,,,,,,,,,,,,,,,,,,,,,,,,,,,,,,,,,,"
"Набор столешниц для подстолья DLT Сороконожка 2,35м старой версии (8шт), арт.1832",Инструмент для укладки плитки,1832,10 532.98,"https://dlt.by/image/catalog/easyphoto/2086/nabor-stoleshnits-dlya-podstolya-dlt-sorokonozhka-2-35m-8sht-art-1832-18.jpg,https://dlt.by/image/catalog/easyphoto/2086/nabor-stoleshnits-dlya-podstolya-dlt-sorokonozhka-2-35m-8sht-art-1832-8.jpg,https://dlt.by/image/catalog/easyphoto/2086/nabor-stoleshnits-dlya-podstolya-dlt-sorokonozhka-2-35m-8sht-art-1832-9.jpg,https://dlt.by/image/catalog/easyphoto/2086/nabor-stoleshnits-dlya-podstolya-dlt-sorokonozhka-2-35m-8sht-art-1832-10.png,https://dlt.by/image/catalog/easyphoto/2086/nabor-stoleshnits-dlya-podstolya-dlt-sorokonozhka-2-35m-8sht-art-1832-11.png,https://dlt.by/image/catalog/easyphoto/2086/nabor-stoleshnits-dlya-podstolya-dlt-sorokonozhka-2-35m-8sht-art-1832-12.png,https://dlt.by/image/catalog/easyphoto/2086/nabor-stoleshnits-dlya-podstolya-dlt-sorokonozhka-2-35m-8sht-art-1832-13.png,https://dlt.by/image/catalog/easyphoto/2086/nabor-stoleshnits-dlya-podstolya-dlt-sorokonozhka-2-35m-8sht-art-1832-14.jpg,https://dlt.by/image/catalog/easyphoto/2086/nabor-stoleshnits-dlya-podstolya-dlt-sorokonozhka-2-35m-8sht-art-1832-15.jpg,https://dlt.by/image/catalog/easyphoto/2086/nabor-stoleshnits-dlya-podstolya-dlt-sorokonozhka-2-35m-8sht-art-1832-16.jpg,https://dlt.by/image/catalog/easyphoto/2086/nabor-stoleshnits-dlya-podstolya-dlt-sorokonozhka-2-35m-8sht-art-1832-17.jpg,,,,,,,,,,,,,,,,,,,,,,,,,,,,,,,,,,,"
"Набор опор столешниц для подстолья DLT Сороконожка 1,2м старой версии (9шт), арт.1829",Инструмент для укладки плитки>Строительные столы/верстаки/подстолья,1829,3 912.25,"https://dlt.by/image/catalog/easyphoto/2087/nabor-opor-stoleshnits-dlya-podstolya-dlt-sorokonozhka-1-2m-9sht-art-1829-4.jpg,https://dlt.by/image/catalog/easyphoto/2087/nabor-opor-stoleshnits-dlya-podstolya-dlt-sorokonozhka-1-2m-9sht-art-1829-5.jpg,https://dlt.by/image/catalog/easyphoto/2087/nabor-opor-stoleshnits-dlya-podstolya-dlt-sorokonozhka-1-2m-9sht-art-1829-6.jpg,https://dlt.by/image/catalog/easyphoto/2087/nabor-opor-stoleshnits-dlya-podstolya-dlt-sorokonozhka-1-2m-9sht-art-1829-7.jpg,https://dlt.by/image/catalog/easyphoto/2087/nabor-opor-stoleshnits-dlya-podstolya-dlt-sorokonozhka-1-2m-9sht-art-1829-8.jpg,https://dlt.by/image/catalog/easyphoto/2087/nabor-opor-stoleshnits-dlya-podstolya-dlt-sorokonozhka-1-2m-9sht-art-1829-9.jpg,,,,,,,,,,,,,,,,,,,,,,,,,,,,,,,,,,,,,,,,"
"Набор опор столешниц для подстолья DLT Сороконожка 2,35м старой версии (15шт), арт.1830",Инструмент для укладки плитки>Строительные столы/верстаки/подстолья,1830,6 319.79,"https://dlt.by/image/catalog/easyphoto/2088/nabor-opor-stoleshnits-dlya-podstolya-dlt-sorokonozhka-2-35m-15sht-art-1830-5.jpg,https://dlt.by/image/catalog/easyphoto/2088/nabor-opor-stoleshnits-dlya-podstolya-dlt-sorokonozhka-2-35m-15sht-art-1830-6.jpg,https://dlt.by/image/catalog/easyphoto/2088/nabor-opor-stoleshnits-dlya-podstolya-dlt-sorokonozhka-2-35m-15sht-art-1830-7.jpg,https://dlt.by/image/catalog/easyphoto/2088/nabor-opor-stoleshnits-dlya-podstolya-dlt-sorokonozhka-2-35m-15sht-art-1830-8.jpg,https://dlt.by/image/catalog/easyphoto/2088/nabor-opor-stoleshnits-dlya-podstolya-dlt-sorokonozhka-2-35m-15sht-art-1830-9.jpg,https://dlt.by/image/catalog/easyphoto/2088/nabor-opor-stoleshnits-dlya-podstolya-dlt-sorokonozhka-2-35m-15sht-art-1830-10.jpg,,,,,,,,,,,,,,,,,,,,,,,,,,,,,,,,,,,,,,,,"
"Струбцина пистолетная быстрозажимная DLT 150мм, арт.65150",Инструмент для укладки плитки>Быстрозажимные струбцины,65150,932.92,"https://dlt.by/image/catalog/easyphoto/2090/strubtsina-pistoletnaya-bystrozazhimnaya-dlt-150mm-art-65150-9.jpg,https://dlt.by/image/catalog/easyphoto/2090/strubtsina-pistoletnaya-bystrozazhimnaya-dlt-150mm-art-65150-10.jpg,https://dlt.by/image/catalog/easyphoto/2090/strubtsina-pistoletnaya-bystrozazhimnaya-dlt-150mm-art-65150-12.jpg,https://dlt.by/image/catalog/easyphoto/2090/strubtsina-pistoletnaya-bystrozazhimnaya-dlt-150mm-art-65150-11.jpg,https://dlt.by/image/catalog/easyphoto/2090/strubtsina-pistoletnaya-bystrozazhimnaya-dlt-150mm-art-65150-13.jpg,https://dlt.by/image/catalog/easyphoto/2090/strubtsina-pistoletnaya-bystrozazhimnaya-dlt-150mm-art-65150-14.jpg,https://dlt.by/image/catalog/easyphoto/2090/strubtsina-pistoletnaya-bystrozazhimnaya-dlt-150mm-art-65150-15.jpg,https://dlt.by/image/catalog/easyphoto/2090/strubtsina-pistoletnaya-bystrozazhimnaya-dlt-150mm-art-65150-16.jpg,https://dlt.by/image/catalog/easyphoto/2090/strubtsina-pistoletnaya-bystrozazhimnaya-dlt-150mm-art-65150-18.jpg,https://dlt.by/image/catalog/easyphoto/2090/strubtsina-pistoletnaya-bystrozazhimnaya-dlt-150mm-art-65150-17.jpg,,,,,,,,,,,,,,,,,,,,,,,,,,,,,,,,,,,,"
"Струбцина пистолетная быстрозажимная DLT 300мм, арт.65300",Инструмент для укладки плитки>Быстрозажимные струбцины,65300,1 053.30,"https://dlt.by/image/catalog/easyphoto/2091/strubtsina-pistoletnaya-bystrozazhimnaya-dlt-300mm-art-65300-8.jpg,https://dlt.by/image/catalog/easyphoto/2091/strubtsina-pistoletnaya-bystrozazhimnaya-dlt-300mm-art-65300-9.jpg,https://dlt.by/image/catalog/easyphoto/2091/strubtsina-pistoletnaya-bystrozazhimnaya-dlt-300mm-art-65300-10.jpg,https://dlt.by/image/catalog/easyphoto/2091/strubtsina-pistoletnaya-bystrozazhimnaya-dlt-300mm-art-65300-11.jpg,https://dlt.by/image/catalog/easyphoto/2091/strubtsina-pistoletnaya-bystrozazhimnaya-dlt-300mm-art-65300-12.jpg,https://dlt.by/image/catalog/easyphoto/2091/strubtsina-pistoletnaya-bystrozazhimnaya-dlt-300mm-art-65300-13.jpg,https://dlt.by/image/catalog/easyphoto/2091/strubtsina-pistoletnaya-bystrozazhimnaya-dlt-300mm-art-65300-14.jpg,https://dlt.by/image/catalog/easyphoto/2091/strubtsina-pistoletnaya-bystrozazhimnaya-dlt-300mm-art-65300-15.jpg,https://dlt.by/image/catalog/easyphoto/2091/strubtsina-pistoletnaya-bystrozazhimnaya-dlt-300mm-art-65300-16.jpg,https://dlt.by/image/catalog/easyphoto/2091/strubtsina-pistoletnaya-bystrozazhimnaya-dlt-300mm-art-65300-17.jpg,,,,,,,,,,,,,,,,,,,,,,,,,,,,,,,,,,,,"
"Струбцина пистолетная быстрозажимная DLT 450мм, арт.65450",Инструмент для укладки плитки>Быстрозажимные струбцины,65450,1 083.39,"https://dlt.by/image/catalog/easyphoto/2092/strubtsina-pistoletnaya-bystrozazhimnaya-dlt-450mm-art-65450-8.jpg,https://dlt.by/image/catalog/easyphoto/2092/strubtsina-pistoletnaya-bystrozazhimnaya-dlt-450mm-art-65450-9.jpg,https://dlt.by/image/catalog/easyphoto/2092/strubtsina-pistoletnaya-bystrozazhimnaya-dlt-450mm-art-65450-10.jpg,https://dlt.by/image/catalog/easyphoto/2092/strubtsina-pistoletnaya-bystrozazhimnaya-dlt-450mm-art-65450-11.jpg,https://dlt.by/image/catalog/easyphoto/2092/strubtsina-pistoletnaya-bystrozazhimnaya-dlt-450mm-art-65450-12.jpg,https://dlt.by/image/catalog/easyphoto/2092/strubtsina-pistoletnaya-bystrozazhimnaya-dlt-450mm-art-65450-13.jpg,https://dlt.by/image/catalog/easyphoto/2092/strubtsina-pistoletnaya-bystrozazhimnaya-dlt-450mm-art-65450-14.jpg,https://dlt.by/image/catalog/easyphoto/2092/strubtsina-pistoletnaya-bystrozazhimnaya-dlt-450mm-art-65450-15.jpg,https://dlt.by/image/catalog/easyphoto/2092/strubtsina-pistoletnaya-bystrozazhimnaya-dlt-450mm-art-65450-16.jpg,https://dlt.by/image/catalog/easyphoto/2092/strubtsina-pistoletnaya-bystrozazhimnaya-dlt-450mm-art-65450-17.jpg,,,,,,,,,,,,,,,,,,,,,,,,,,,,,,,,,,,,"
"Струбцина пистолетная быстрозажимная DLT 600мм, арт.65600",Инструмент для укладки плитки>Быстрозажимные струбцины,65600,1 173.67,"https://dlt.by/image/catalog/easyphoto/2093/strubtsina-pistoletnaya-bystrozazhimnaya-dlt-600mm-art-65600-8.jpg,https://dlt.by/image/catalog/easyphoto/2093/strubtsina-pistoletnaya-bystrozazhimnaya-dlt-600mm-art-65600-9.jpg,https://dlt.by/image/catalog/easyphoto/2093/strubtsina-pistoletnaya-bystrozazhimnaya-dlt-600mm-art-65600-10.jpg,https://dlt.by/image/catalog/easyphoto/2093/strubtsina-pistoletnaya-bystrozazhimnaya-dlt-600mm-art-65600-11.jpg,https://dlt.by/image/catalog/easyphoto/2093/strubtsina-pistoletnaya-bystrozazhimnaya-dlt-600mm-art-65600-12.jpg,https://dlt.by/image/catalog/easyphoto/2093/strubtsina-pistoletnaya-bystrozazhimnaya-dlt-600mm-art-65600-13.jpg,https://dlt.by/image/catalog/easyphoto/2093/strubtsina-pistoletnaya-bystrozazhimnaya-dlt-600mm-art-65600-14.jpg,https://dlt.by/image/catalog/easyphoto/2093/strubtsina-pistoletnaya-bystrozazhimnaya-dlt-600mm-art-65600-15.jpg,https://dlt.by/image/catalog/easyphoto/2093/strubtsina-pistoletnaya-bystrozazhimnaya-dlt-600mm-art-65600-16.jpg,https://dlt.by/image/catalog/easyphoto/2093/strubtsina-pistoletnaya-bystrozazhimnaya-dlt-600mm-art-65600-17.jpg,,,,,,,,,,,,,,,,,,,,,,,,,,,,,,,,,,,,"
"Струбцина пистолетная быстрозажимная DLT 750мм, арт.65750",Инструмент для укладки плитки>Быстрозажимные струбцины,65750,1 354.24,"https://dlt.by/image/catalog/easyphoto/2094/strubtsina-pistoletnaya-bystrozazhimnaya-dlt-750mm-art-65750-8.jpg,https://dlt.by/image/catalog/easyphoto/2094/strubtsina-pistoletnaya-bystrozazhimnaya-dlt-750mm-art-65750-9.jpg,https://dlt.by/image/catalog/easyphoto/2094/strubtsina-pistoletnaya-bystrozazhimnaya-dlt-750mm-art-65750-10.jpg,https://dlt.by/image/catalog/easyphoto/2094/strubtsina-pistoletnaya-bystrozazhimnaya-dlt-750mm-art-65750-11.jpg,https://dlt.by/image/catalog/easyphoto/2094/strubtsina-pistoletnaya-bystrozazhimnaya-dlt-750mm-art-65750-12.jpg,https://dlt.by/image/catalog/easyphoto/2094/strubtsina-pistoletnaya-bystrozazhimnaya-dlt-750mm-art-65750-13.jpg,https://dlt.by/image/catalog/easyphoto/2094/strubtsina-pistoletnaya-bystrozazhimnaya-dlt-750mm-art-65750-14.jpg,https://dlt.by/image/catalog/easyphoto/2094/strubtsina-pistoletnaya-bystrozazhimnaya-dlt-750mm-art-65750-15.jpg,https://dlt.by/image/catalog/easyphoto/2094/strubtsina-pistoletnaya-bystrozazhimnaya-dlt-750mm-art-65750-16.jpg,https://dlt.by/image/catalog/easyphoto/2094/strubtsina-pistoletnaya-bystrozazhimnaya-dlt-750mm-art-65750-17.jpg,,,,,,,,,,,,,,,,,,,,,,,,,,,,,,,,,,,,"
Соединитель струбцин DLT арт.60000,Малярный и штукатурный инструмент>Быстрозажимные струбцины,60000,367.15,"https://dlt.by/image/catalog/easyphoto/2095/soedinitel-strubtsyn-dlt-art-60000-10.jpg,https://dlt.by/image/catalog/easyphoto/2095/soedinitel-strubtsyn-dlt-art-60000-8.jpg,https://dlt.by/image/catalog/easyphoto/2095/soedinitel-strubtsyn-dlt-art-60000-9.jpg,https://dlt.by/image/catalog/easyphoto/2095/soedinitel-strubtsyn-dlt-art-60000-22.jpg,https://dlt.by/image/catalog/easyphoto/2095/soedinitel-strubtsyn-dlt-art-60000-13.jpg,https://dlt.by/image/catalog/easyphoto/2095/soedinitel-strubtsyn-dlt-art-60000-11.jpg,https://dlt.by/image/catalog/easyphoto/2095/soedinitel-strubtsyn-dlt-art-60000-12.jpg,https://dlt.by/image/catalog/easyphoto/2095/soedinitel-strubtsyn-dlt-art-60000-14.jpg,https://dlt.by/image/catalog/easyphoto/2095/soedinitel-strubtsyn-dlt-art-60000-15.jpg,https://dlt.by/image/catalog/easyphoto/2095/soedinitel-strubtsyn-dlt-art-60000-16.jpg,https://dlt.by/image/catalog/easyphoto/2095/soedinitel-strubtsyn-dlt-art-60000-17.jpg,https://dlt.by/image/catalog/easyphoto/2095/soedinitel-strubtsyn-dlt-art-60000-19.jpg,,,,,,,,,,,,,,,,,,,,,,,,,,,,,,,,,,"
"Струбцина пистолетная быстрозажимная DLT 150мм, (версия с удлиненной накладкой), арт.90151",Инструмент для укладки плитки>Быстрозажимные струбцины,90151,2 106.60,"https://dlt.by/image/catalog/easyphoto/2096/strubtsina-pistoletnaya-bystrozazhimnaya-dlt-150mm-versiya-s-udlinennoy-nakladkoy-art-90151-13.jpg,https://dlt.by/image/catalog/easyphoto/2096/strubtsina-pistoletnaya-bystrozazhimnaya-dlt-150mm-versiya-s-udlinennoy-nakladkoy-art-90151-10.jpg,https://dlt.by/image/catalog/easyphoto/2096/strubtsina-pistoletnaya-bystrozazhimnaya-dlt-150mm-versiya-s-udlinennoy-nakladkoy-art-90151-9.jpg,https://dlt.by/image/catalog/easyphoto/2096/strubtsina-pistoletnaya-bystrozazhimnaya-dlt-150mm-versiya-s-udlinennoy-nakladkoy-art-90151-12.jpg,https://dlt.by/image/catalog/easyphoto/2096/strubtsina-pistoletnaya-bystrozazhimnaya-dlt-150mm-versiya-s-udlinennoy-nakladkoy-art-90151-14.jpg,https://dlt.by/image/catalog/easyphoto/2096/strubtsina-pistoletnaya-bystrozazhimnaya-dlt-150mm-versiya-s-udlinennoy-nakladkoy-art-90151-17.jpg,https://dlt.by/image/catalog/easyphoto/2096/strubtsina-pistoletnaya-bystrozazhimnaya-dlt-150mm-versiya-s-udlinennoy-nakladkoy-art-90151-11.jpg,https://dlt.by/image/catalog/easyphoto/2096/strubtsina-pistoletnaya-bystrozazhimnaya-dlt-150mm-versiya-s-udlinennoy-nakladkoy-art-90151-15.jpg,https://dlt.by/image/catalog/easyphoto/2096/strubtsina-pistoletnaya-bystrozazhimnaya-dlt-150mm-versiya-s-udlinennoy-nakladkoy-art-90151-16.jpg,https://dlt.by/image/catalog/easyphoto/2096/strubtsina-pistoletnaya-bystrozazhimnaya-dlt-150mm-versiya-s-udlinennoy-nakladkoy-art-90151-18.jpg,,,,,,,,,,,,,,,,,,,,,,,,,,,,,,,,,,,,"
"Струбцина пистолетная быстрозажимная DLT 300мм, (версия с удлиненной накладкой), арт.90301",Инструмент для укладки плитки>Быстрозажимные струбцины,90301,2 257.07,"https://dlt.by/image/catalog/easyphoto/2097/strubtsina-pistoletnaya-bystrozazhimnaya-dlt-300mm-versiya-s-udlinennoy-nakladkoy-art-90301-8.jpg,https://dlt.by/image/catalog/easyphoto/2097/strubtsina-pistoletnaya-bystrozazhimnaya-dlt-300mm-versiya-s-udlinennoy-nakladkoy-art-90301-11.jpg,https://dlt.by/image/catalog/easyphoto/2097/strubtsina-pistoletnaya-bystrozazhimnaya-dlt-300mm-versiya-s-udlinennoy-nakladkoy-art-90301-9.jpg,https://dlt.by/image/catalog/easyphoto/2097/strubtsina-pistoletnaya-bystrozazhimnaya-dlt-300mm-versiya-s-udlinennoy-nakladkoy-art-90301-12.jpg,https://dlt.by/image/catalog/easyphoto/2097/strubtsina-pistoletnaya-bystrozazhimnaya-dlt-300mm-versiya-s-udlinennoy-nakladkoy-art-90301-10.jpg,https://dlt.by/image/catalog/easyphoto/2097/strubtsina-pistoletnaya-bystrozazhimnaya-dlt-300mm-versiya-s-udlinennoy-nakladkoy-art-90301-13.jpg,https://dlt.by/image/catalog/easyphoto/2097/strubtsina-pistoletnaya-bystrozazhimnaya-dlt-300mm-versiya-s-udlinennoy-nakladkoy-art-90301-14.jpg,https://dlt.by/image/catalog/easyphoto/2097/strubtsina-pistoletnaya-bystrozazhimnaya-dlt-300mm-versiya-s-udlinennoy-nakladkoy-art-90301-15.jpg,https://dlt.by/image/catalog/easyphoto/2097/strubtsina-pistoletnaya-bystrozazhimnaya-dlt-300mm-versiya-s-udlinennoy-nakladkoy-art-90301-16.jpg,https://dlt.by/image/catalog/easyphoto/2097/strubtsina-pistoletnaya-bystrozazhimnaya-dlt-300mm-versiya-s-udlinennoy-nakladkoy-art-90301-17.jpg,,,,,,,,,,,,,,,,,,,,,,,,,,,,,,,,,,,,"
"Струбцина пистолетная быстрозажимная DLT 150мм, арт.89015",Инструмент для укладки плитки>Быстрозажимные струбцины,89015,1 474.62,"https://dlt.by/image/catalog/easyphoto/2103/strubtsina-pistoletnaya-bystrozazhimnaya-dlt-150mm-art-89015-10.jpg,https://dlt.by/image/catalog/easyphoto/2103/strubtsina-pistoletnaya-bystrozazhimnaya-dlt-150mm-art-89015-13.jpg,https://dlt.by/image/catalog/easyphoto/2103/strubtsina-pistoletnaya-bystrozazhimnaya-dlt-150mm-art-89015-11.jpg,https://dlt.by/image/catalog/easyphoto/2103/strubtsina-pistoletnaya-bystrozazhimnaya-dlt-150mm-art-89015-12.jpg,https://dlt.by/image/catalog/easyphoto/2103/strubtsina-pistoletnaya-bystrozazhimnaya-dlt-150mm-art-89015-16.jpg,https://dlt.by/image/catalog/easyphoto/2103/strubtsina-pistoletnaya-bystrozazhimnaya-dlt-150mm-art-89015-14.jpg,https://dlt.by/image/catalog/easyphoto/2103/strubtsina-pistoletnaya-bystrozazhimnaya-dlt-150mm-art-89015-15.jpg,https://dlt.by/image/catalog/easyphoto/2103/strubtsina-pistoletnaya-bystrozazhimnaya-dlt-150mm-art-89015-21.jpg,https://dlt.by/image/catalog/easyphoto/2103/strubtsina-pistoletnaya-bystrozazhimnaya-dlt-150mm-art-89015-17.jpg,https://dlt.by/image/catalog/easyphoto/2103/strubtsina-pistoletnaya-bystrozazhimnaya-dlt-150mm-art-89015-20.jpg,https://dlt.by/image/catalog/easyphoto/2103/strubtsina-pistoletnaya-bystrozazhimnaya-dlt-150mm-art-89015-18.jpg,https://dlt.by/image/catalog/easyphoto/2103/strubtsina-pistoletnaya-bystrozazhimnaya-dlt-150mm-art-89015-19.jpg,,,,,,,,,,,,,,,,,,,,,,,,,,,,,,,,,,"
"Струбцина пистолетная быстрозажимная DLT 600мм, (версия с удлиненной накладкой), арт.90601",Инструмент для укладки плитки>Быстрозажимные струбцины,90601,2 558.01,"https://dlt.by/image/catalog/easyphoto/2099/strubtsina-pistoletnaya-bystrozazhimnaya-dlt-600mm-versiya-s-udlinennoy-nakladkoy-art-90601-9.jpg,https://dlt.by/image/catalog/easyphoto/2099/strubtsina-pistoletnaya-bystrozazhimnaya-dlt-600mm-versiya-s-udlinennoy-nakladkoy-art-90601-11.jpg,https://dlt.by/image/catalog/easyphoto/2099/strubtsina-pistoletnaya-bystrozazhimnaya-dlt-600mm-versiya-s-udlinennoy-nakladkoy-art-90601-8.jpg,https://dlt.by/image/catalog/easyphoto/2099/strubtsina-pistoletnaya-bystrozazhimnaya-dlt-600mm-versiya-s-udlinennoy-nakladkoy-art-90601-13.jpg,https://dlt.by/image/catalog/easyphoto/2099/strubtsina-pistoletnaya-bystrozazhimnaya-dlt-600mm-versiya-s-udlinennoy-nakladkoy-art-90601-10.jpg,https://dlt.by/image/catalog/easyphoto/2099/strubtsina-pistoletnaya-bystrozazhimnaya-dlt-600mm-versiya-s-udlinennoy-nakladkoy-art-90601-17.jpg,https://dlt.by/image/catalog/easyphoto/2099/strubtsina-pistoletnaya-bystrozazhimnaya-dlt-600mm-versiya-s-udlinennoy-nakladkoy-art-90601-12.jpg,https://dlt.by/image/catalog/easyphoto/2099/strubtsina-pistoletnaya-bystrozazhimnaya-dlt-600mm-versiya-s-udlinennoy-nakladkoy-art-90601-16.jpg,https://dlt.by/image/catalog/easyphoto/2099/strubtsina-pistoletnaya-bystrozazhimnaya-dlt-600mm-versiya-s-udlinennoy-nakladkoy-art-90601-14.jpg,https://dlt.by/image/catalog/easyphoto/2099/strubtsina-pistoletnaya-bystrozazhimnaya-dlt-600mm-versiya-s-udlinennoy-nakladkoy-art-90601-15.jpg,,,,,,,,,,,,,,,,,,,,,,,,,,,,,,,,,,,,"
"Струбцина пистолетная быстрозажимная DLT 900мм, (версия с удлиненной накладкой), арт.90901",Инструмент для укладки плитки>Быстрозажимные струбцины,90901,2 708.48,"https://dlt.by/image/catalog/easyphoto/2100/strubtsina-pistoletnaya-bystrozazhimnaya-dlt-900mm-versiya-s-udlinennoy-nakladkoy-art-90901-8.jpg,https://dlt.by/image/catalog/easyphoto/2100/strubtsina-pistoletnaya-bystrozazhimnaya-dlt-900mm-versiya-s-udlinennoy-nakladkoy-art-90901-9.jpg,https://dlt.by/image/catalog/easyphoto/2100/strubtsina-pistoletnaya-bystrozazhimnaya-dlt-900mm-versiya-s-udlinennoy-nakladkoy-art-90901-14.jpg,https://dlt.by/image/catalog/easyphoto/2100/strubtsina-pistoletnaya-bystrozazhimnaya-dlt-900mm-versiya-s-udlinennoy-nakladkoy-art-90901-10.jpg,https://dlt.by/image/catalog/easyphoto/2100/strubtsina-pistoletnaya-bystrozazhimnaya-dlt-900mm-versiya-s-udlinennoy-nakladkoy-art-90901-11.jpg,https://dlt.by/image/catalog/easyphoto/2100/strubtsina-pistoletnaya-bystrozazhimnaya-dlt-900mm-versiya-s-udlinennoy-nakladkoy-art-90901-12.jpg,https://dlt.by/image/catalog/easyphoto/2100/strubtsina-pistoletnaya-bystrozazhimnaya-dlt-900mm-versiya-s-udlinennoy-nakladkoy-art-90901-16.jpg,https://dlt.by/image/catalog/easyphoto/2100/strubtsina-pistoletnaya-bystrozazhimnaya-dlt-900mm-versiya-s-udlinennoy-nakladkoy-art-90901-13.jpg,https://dlt.by/image/catalog/easyphoto/2100/strubtsina-pistoletnaya-bystrozazhimnaya-dlt-900mm-versiya-s-udlinennoy-nakladkoy-art-90901-15.jpg,https://dlt.by/image/catalog/easyphoto/2100/strubtsina-pistoletnaya-bystrozazhimnaya-dlt-900mm-versiya-s-udlinennoy-nakladkoy-art-90901-17.jpg,,,,,,,,,,,,,,,,,,,,,,,,,,,,,,,,,,,,"
"Струбцина пистолетная быстрозажимная DLT 1200мм, (версия с удлиненной накладкой), арт.90121",Инструмент для укладки плитки>Быстрозажимные струбцины,90121,3 159.89,"https://dlt.by/image/catalog/easyphoto/2101/strubtsina-pistoletnaya-bystrozazhimnaya-dlt-1200mm-versiya-s-udlinennoy-nakladkoy-art-90121-8.jpg,https://dlt.by/image/catalog/easyphoto/2101/strubtsina-pistoletnaya-bystrozazhimnaya-dlt-1200mm-versiya-s-udlinennoy-nakladkoy-art-90121-9.jpg,https://dlt.by/image/catalog/easyphoto/2101/strubtsina-pistoletnaya-bystrozazhimnaya-dlt-1200mm-versiya-s-udlinennoy-nakladkoy-art-90121-12.jpg,https://dlt.by/image/catalog/easyphoto/2101/strubtsina-pistoletnaya-bystrozazhimnaya-dlt-1200mm-versiya-s-udlinennoy-nakladkoy-art-90121-10.jpg,https://dlt.by/image/catalog/easyphoto/2101/strubtsina-pistoletnaya-bystrozazhimnaya-dlt-1200mm-versiya-s-udlinennoy-nakladkoy-art-90121-11.jpg,https://dlt.by/image/catalog/easyphoto/2101/strubtsina-pistoletnaya-bystrozazhimnaya-dlt-1200mm-versiya-s-udlinennoy-nakladkoy-art-90121-15.jpg,https://dlt.by/image/catalog/easyphoto/2101/strubtsina-pistoletnaya-bystrozazhimnaya-dlt-1200mm-versiya-s-udlinennoy-nakladkoy-art-90121-13.jpg,https://dlt.by/image/catalog/easyphoto/2101/strubtsina-pistoletnaya-bystrozazhimnaya-dlt-1200mm-versiya-s-udlinennoy-nakladkoy-art-90121-14.jpg,https://dlt.by/image/catalog/easyphoto/2101/strubtsina-pistoletnaya-bystrozazhimnaya-dlt-1200mm-versiya-s-udlinennoy-nakladkoy-art-90121-17.jpg,https://dlt.by/image/catalog/easyphoto/2101/strubtsina-pistoletnaya-bystrozazhimnaya-dlt-1200mm-versiya-s-udlinennoy-nakladkoy-art-90121-16.jpg,,,,,,,,,,,,,,,,,,,,,,,,,,,,,,,,,,,,"
"Струбцина пистолетная быстрозажимная DLT 450мм, (версия с удлиненной накладкой), арт.90451",Инструмент для укладки плитки>Быстрозажимные струбцины,90451,2 106.60,"https://dlt.by/image/catalog/easyphoto/2102/strubtsina-pistoletnaya-bystrozazhimnaya-dlt-450mm-versiya-s-udlinennoy-nakladkoy-art-90451-8.jpg,https://dlt.by/image/catalog/easyphoto/2102/strubtsina-pistoletnaya-bystrozazhimnaya-dlt-450mm-versiya-s-udlinennoy-nakladkoy-art-90451-9.jpg,https://dlt.by/image/catalog/easyphoto/2102/strubtsina-pistoletnaya-bystrozazhimnaya-dlt-450mm-versiya-s-udlinennoy-nakladkoy-art-90451-10.jpg,https://dlt.by/image/catalog/easyphoto/2102/strubtsina-pistoletnaya-bystrozazhimnaya-dlt-450mm-versiya-s-udlinennoy-nakladkoy-art-90451-14.jpg,https://dlt.by/image/catalog/easyphoto/2102/strubtsina-pistoletnaya-bystrozazhimnaya-dlt-450mm-versiya-s-udlinennoy-nakladkoy-art-90451-11.jpg,https://dlt.by/image/catalog/easyphoto/2102/strubtsina-pistoletnaya-bystrozazhimnaya-dlt-450mm-versiya-s-udlinennoy-nakladkoy-art-90451-13.jpg,https://dlt.by/image/catalog/easyphoto/2102/strubtsina-pistoletnaya-bystrozazhimnaya-dlt-450mm-versiya-s-udlinennoy-nakladkoy-art-90451-12.jpg,https://dlt.by/image/catalog/easyphoto/2102/strubtsina-pistoletnaya-bystrozazhimnaya-dlt-450mm-versiya-s-udlinennoy-nakladkoy-art-90451-15.jpg,https://dlt.by/image/catalog/easyphoto/2102/strubtsina-pistoletnaya-bystrozazhimnaya-dlt-450mm-versiya-s-udlinennoy-nakladkoy-art-90451-16.jpg,https://dlt.by/image/catalog/easyphoto/2102/strubtsina-pistoletnaya-bystrozazhimnaya-dlt-450mm-versiya-s-udlinennoy-nakladkoy-art-90451-17.jpg,,,,,,,,,,,,,,,,,,,,,,,,,,,,,,,,,,,,"
"Стеллаж DLT , арт.1921",Стеллажи для инструментов,1921,22 570.67,"https://dlt.by/image/catalog/easyphoto/2104/stellazh-dlt-8.jpg,https://dlt.by/image/catalog/easyphoto/2104/stellazh-dlt-6.jpg,https://dlt.by/image/catalog/easyphoto/2104/stellazh-dlt-7.jpg,,,,,,,,,,,,,,,,,,,,,,,,,,,,,,,,,,,,,,,,,,,"
"Балка 20х40 L 1000 с кронштейнами К 400, арт.1908",Стеллажи для инструментов,1908,872.73,"https://dlt.by/image/catalog/easyphoto/2105/balka-20h40-l-1000-s-kronshteynami-k-400-2.jpg,https://dlt.by/image/catalog/easyphoto/2105/balka-20h40-l-1000-s-kronshteynami-k-400-3.jpg,,,,,,,,,,,,,,,,,,,,,,,,,,,,,,,,,,,,,,,,,,,,"
"Держатель наклонный  H=400 (левый, правый), арт.1917",Стеллажи для инструментов,1917,692.17,"https://dlt.by/image/catalog/easyphoto/2106/derzhatel-naklonnyy-h-400-levyy-pravyy-3.jpg,https://dlt.by/image/catalog/easyphoto/2106/derzhatel-naklonnyy-h-400-levyy-pravyy-2.jpg,,,,,,,,,,,,,,,,,,,,,,,,,,,,,,,,,,,,,,,,,,,,"
"Задняя панель гладкая L1000 H300 (односторонний покрас), арт.1912",Стеллажи для инструментов,1912,631.98,"https://dlt.by/image/catalog/easyphoto/2107/zadnyaya-panel-gladkaya-l1000-h300-odnostoronniy-pokras-2.jpg,https://dlt.by/image/catalog/easyphoto/2107/zadnyaya-panel-gladkaya-l1000-h300-odnostoronniy-pokras-3.jpg,https://dlt.by/image/catalog/easyphoto/2107/zadnyaya-panel-gladkaya-l1000-h300-odnostoronniy-pokras-4.jpg,,,,,,,,,,,,,,,,,,,,,,,,,,,,,,,,,,,,,,,,,,,"
"Задняя панель гладкая L1000 H400 (односторонний покрас), арт.1918",Стеллажи для инструментов,1918,631.98,"https://dlt.by/image/catalog/easyphoto/2108/zadnyaya-panel-gladkaya-l1000-h400-odnostoronniy-pokras-4.jpg,https://dlt.by/image/catalog/easyphoto/2108/zadnyaya-panel-gladkaya-l1000-h400-odnostoronniy-pokras-3.jpg,https://dlt.by/image/catalog/easyphoto/2108/zadnyaya-panel-gladkaya-l1000-h400-odnostoronniy-pokras-2.jpg,,,,,,,,,,,,,,,,,,,,,,,,,,,,,,,,,,,,,,,,,,,"
"Задняя панель перфорированная L1000 H400 (односторонний покрас) , арт.1913",Стеллажи для инструментов,1913,1 715.37,"https://dlt.by/image/catalog/easyphoto/2109/zadnyaya-panel-perforirovannaya-l1000-h400-odnostoronniy-pokras-4.jpg,https://dlt.by/image/catalog/easyphoto/2109/zadnyaya-panel-perforirovannaya-l1000-h400-odnostoronniy-pokras-3.jpg,https://dlt.by/image/catalog/easyphoto/2109/zadnyaya-panel-perforirovannaya-l1000-h400-odnostoronniy-pokras-2.jpg,,,,,,,,,,,,,,,,,,,,,,,,,,,,,,,,,,,,,,,,,,,"
"Крюк одинарный с ц/д на перфорацию D=6 K=300 (оцинк), арт.1906",Стеллажи для инструментов,1906,126.40,"https://dlt.by/image/catalog/easyphoto/2110/kryuk-odinarnyy-s-ts-d-na-perforatsiyu-d-6-k-300-otsink-6.jpg,https://dlt.by/image/catalog/easyphoto/2110/kryuk-odinarnyy-s-ts-d-na-perforatsiyu-d-6-k-300-otsink-3.jpg,https://dlt.by/image/catalog/easyphoto/2110/kryuk-odinarnyy-s-ts-d-na-perforatsiyu-d-6-k-300-otsink-4.jpg,https://dlt.by/image/catalog/easyphoto/2110/kryuk-odinarnyy-s-ts-d-na-perforatsiyu-d-6-k-300-otsink-5.jpg,,,,,,,,,,,,,,,,,,,,,,,,,,,,,,,,,,,,,,,,,,"
"Подставка полукруглая с ц/д на балку 20х40 К=400, арт.1907",Стеллажи для инструментов,1907,842.64,"https://dlt.by/image/catalog/easyphoto/2111/podstavka-polukruglaya-s-ts-d-na-balku-20h40-k-400-4.jpg,https://dlt.by/image/catalog/easyphoto/2111/podstavka-polukruglaya-s-ts-d-na-balku-20h40-k-400-5.jpg,https://dlt.by/image/catalog/easyphoto/2111/podstavka-polukruglaya-s-ts-d-na-balku-20h40-k-400-6.jpg,https://dlt.by/image/catalog/easyphoto/2111/podstavka-polukruglaya-s-ts-d-na-balku-20h40-k-400-7.jpg,,,,,,,,,,,,,,,,,,,,,,,,,,,,,,,,,,,,,,,,,,"
"Полка L=1000 K=370 (без 1 ребра), арт.1915",Стеллажи для инструментов,1915,1 113.49,"https://dlt.by/image/catalog/easyphoto/2112/polka-l-1000-k-370-bez-1-rebra-4.jpg,https://dlt.by/image/catalog/easyphoto/2112/polka-l-1000-k-370-bez-1-rebra-5.jpg,https://dlt.by/image/catalog/easyphoto/2112/polka-l-1000-k-370-bez-1-rebra-3.jpg,,,,,,,,,,,,,,,,,,,,,,,,,,,,,,,,,,,,,,,,,,,"
"Полка L=1000 K=470 (без 1 ребра), арт.1914",Стеллажи для инструментов,1914,1 625.09,"https://dlt.by/image/catalog/easyphoto/2113/polka-l-1000-k-470-bez-1-rebra-3.jpg,https://dlt.by/image/catalog/easyphoto/2113/polka-l-1000-k-470-bez-1-rebra-4.jpg,,,,,,,,,,,,,,,,,,,,,,,,,,,,,,,,,,,,,,,,,,,,"
"Стойка 60х30 Н2400 с базой, арт.2086",Стеллажи для инструментов,2086,3 912.25,"https://dlt.by/image/catalog/easyphoto/2114/stoyka-60h30-n2400-s-bazoy-2.jpg,https://dlt.by/image/catalog/easyphoto/2114/stoyka-60h30-n2400-s-bazoy-3.jpg,https://dlt.by/image/catalog/easyphoto/2114/stoyka-60h30-n2400-s-bazoy-4.jpg,https://dlt.by/image/catalog/easyphoto/2114/stoyka-60h30-n2400-s-bazoy-6.jpg,https://dlt.by/image/catalog/easyphoto/2114/stoyka-60h30-n2400-s-bazoy-5.jpg,https://dlt.by/image/catalog/easyphoto/2114/stoyka-60h30-n2400-s-bazoy-7.jpg,,,,,,,,,,,,,,,,,,,,,,,,,,,,,,,,,,,,,,,,"
"Кронштейн 2Н К370, арт.1916",Стеллажи для инструментов,1916,186.58,"https://dlt.by/image/catalog/easyphoto/2115/kronshteyn-2n-k370-4.jpg,https://dlt.by/image/catalog/easyphoto/2115/kronshteyn-2n-k370-2.jpg,https://dlt.by/image/catalog/easyphoto/2115/kronshteyn-2n-k370-3.jpg,,,,,,,,,,,,,,,,,,,,,,,,,,,,,,,,,,,,,,,,,,,"
"Ценникодержатель пластмассовый L1000, арт.1919",Стеллажи для инструментов,1919,216.68,"https://dlt.by/image/catalog/easyphoto/2116/tsennikoderzhatel-plastmassovyy-l1000-2.jpg,https://dlt.by/image/catalog/easyphoto/2116/tsennikoderzhatel-plastmassovyy-l1000-5.jpg,https://dlt.by/image/catalog/easyphoto/2116/tsennikoderzhatel-plastmassovyy-l1000-3.jpg,https://dlt.by/image/catalog/easyphoto/2116/tsennikoderzhatel-plastmassovyy-l1000-4.jpg,,,,,,,,,,,,,,,,,,,,,,,,,,,,,,,,,,,,,,,,,,"
"Цоколь Н160 L1000 , арт.1911",Стеллажи для инструментов,1911,511.60,"https://dlt.by/image/catalog/easyphoto/2117/tsokol-n160-l1000-4.jpg,https://dlt.by/image/catalog/easyphoto/2117/tsokol-n160-l1000-3.jpg,https://dlt.by/image/catalog/easyphoto/2117/tsokol-n160-l1000-2.jpg,,,,,,,,,,,,,,,,,,,,,,,,,,,,,,,,,,,,,,,,,,,"
"Стоплок для крючков D=6 , арт.1910",Стеллажи для инструментов,1910,96.30,"https://dlt.by/image/catalog/easyphoto/2119/stoplok-dlya-kryuchkov-d-6-4.jpg,https://dlt.by/image/catalog/easyphoto/2119/stoplok-dlya-kryuchkov-d-6-5.jpg,https://dlt.by/image/catalog/easyphoto/2119/stoplok-dlya-kryuchkov-d-6-6.jpg,,,,,,,,,,,,,,,,,,,,,,,,,,,,,,,,,,,,,,,,,,,"
"Ключ для противокражного замка 21х45 мм , арт.1909",Стеллажи для инструментов,1909,2 347.35,"https://dlt.by/image/catalog/easyphoto/2120/klyuch-dlya-protivokrazhnogo-zamka-21h45-mm-3.jpg,https://dlt.by/image/catalog/easyphoto/2120/klyuch-dlya-protivokrazhnogo-zamka-21h45-mm-4.jpg,https://dlt.by/image/catalog/easyphoto/2120/klyuch-dlya-protivokrazhnogo-zamka-21h45-mm-7.jpg,https://dlt.by/image/catalog/easyphoto/2120/klyuch-dlya-protivokrazhnogo-zamka-21h45-mm-5.jpg,https://dlt.by/image/catalog/easyphoto/2120/klyuch-dlya-protivokrazhnogo-zamka-21h45-mm-6.jpg,,,,,,,,,,,,,,,,,,,,,,,,,,,,,,,,,,,,,,,,,"
"Струбцина пистолетная быстрозажимная DLT 300мм, арт.89030",Малярный и штукатурный инструмент>Быстрозажимные струбцины,89030,1 414.43,"https://dlt.by/image/catalog/easyphoto/2121/strubtsina-pistoletnaya-bystrozazhimnaya-dlt-300mm-art-89030-11.jpg,https://dlt.by/image/catalog/easyphoto/2121/strubtsina-pistoletnaya-bystrozazhimnaya-dlt-300mm-art-89030-9.jpg,https://dlt.by/image/catalog/easyphoto/2121/strubtsina-pistoletnaya-bystrozazhimnaya-dlt-300mm-art-89030-10.jpg,https://dlt.by/image/catalog/easyphoto/2121/strubtsina-pistoletnaya-bystrozazhimnaya-dlt-300mm-art-89030-15.jpg,https://dlt.by/image/catalog/easyphoto/2121/strubtsina-pistoletnaya-bystrozazhimnaya-dlt-300mm-art-89030-12.jpg,https://dlt.by/image/catalog/easyphoto/2121/strubtsina-pistoletnaya-bystrozazhimnaya-dlt-300mm-art-89030-13.jpg,https://dlt.by/image/catalog/easyphoto/2121/strubtsina-pistoletnaya-bystrozazhimnaya-dlt-300mm-art-89030-14.jpg,https://dlt.by/image/catalog/easyphoto/2121/strubtsina-pistoletnaya-bystrozazhimnaya-dlt-300mm-art-89030-19.jpg,https://dlt.by/image/catalog/easyphoto/2121/strubtsina-pistoletnaya-bystrozazhimnaya-dlt-300mm-art-89030-16.jpg,https://dlt.by/image/catalog/easyphoto/2121/strubtsina-pistoletnaya-bystrozazhimnaya-dlt-300mm-art-89030-17.jpg,https://dlt.by/image/catalog/easyphoto/2121/strubtsina-pistoletnaya-bystrozazhimnaya-dlt-300mm-art-89030-18.jpg,https://dlt.by/image/catalog/easyphoto/2121/strubtsina-pistoletnaya-bystrozazhimnaya-dlt-300mm-art-89030-20.jpg,,,,,,,,,,,,,,,,,,,,,,,,,,,,,,,,,,"
"Струбцина пистолетная быстрозажимная DLT 450мм, арт.89045",Малярный и штукатурный инструмент>Быстрозажимные струбцины,89045,1 564.90,"https://dlt.by/image/catalog/easyphoto/2122/strubtsina-pistoletnaya-bystrozazhimnaya-dlt-450mm-art-89045-9.jpg,https://dlt.by/image/catalog/easyphoto/2122/strubtsina-pistoletnaya-bystrozazhimnaya-dlt-450mm-art-89045-10.jpg,https://dlt.by/image/catalog/easyphoto/2122/strubtsina-pistoletnaya-bystrozazhimnaya-dlt-450mm-art-89045-11.jpg,https://dlt.by/image/catalog/easyphoto/2122/strubtsina-pistoletnaya-bystrozazhimnaya-dlt-450mm-art-89045-12.jpg,https://dlt.by/image/catalog/easyphoto/2122/strubtsina-pistoletnaya-bystrozazhimnaya-dlt-450mm-art-89045-14.jpg,https://dlt.by/image/catalog/easyphoto/2122/strubtsina-pistoletnaya-bystrozazhimnaya-dlt-450mm-art-89045-17.jpg,https://dlt.by/image/catalog/easyphoto/2122/strubtsina-pistoletnaya-bystrozazhimnaya-dlt-450mm-art-89045-13.jpg,https://dlt.by/image/catalog/easyphoto/2122/strubtsina-pistoletnaya-bystrozazhimnaya-dlt-450mm-art-89045-15.jpg,https://dlt.by/image/catalog/easyphoto/2122/strubtsina-pistoletnaya-bystrozazhimnaya-dlt-450mm-art-89045-16.jpg,https://dlt.by/image/catalog/easyphoto/2122/strubtsina-pistoletnaya-bystrozazhimnaya-dlt-450mm-art-89045-18.jpg,https://dlt.by/image/catalog/easyphoto/2122/strubtsina-pistoletnaya-bystrozazhimnaya-dlt-450mm-art-89045-19.jpg,https://dlt.by/image/catalog/easyphoto/2122/strubtsina-pistoletnaya-bystrozazhimnaya-dlt-450mm-art-89045-20.jpg,,,,,,,,,,,,,,,,,,,,,,,,,,,,,,,,,,"
"Струбцина пистолетная быстрозажимная DLT 600мм, арт.89060",Малярный и штукатурный инструмент>Быстрозажимные струбцины,89060,1 715.37,"https://dlt.by/image/catalog/easyphoto/2123/strubtsina-pistoletnaya-bystrozazhimnaya-dlt-600mm-art-89060-10.jpg,https://dlt.by/image/catalog/easyphoto/2123/strubtsina-pistoletnaya-bystrozazhimnaya-dlt-600mm-art-89060-11.jpg,https://dlt.by/image/catalog/easyphoto/2123/strubtsina-pistoletnaya-bystrozazhimnaya-dlt-600mm-art-89060-14.jpg,https://dlt.by/image/catalog/easyphoto/2123/strubtsina-pistoletnaya-bystrozazhimnaya-dlt-600mm-art-89060-9.jpg,https://dlt.by/image/catalog/easyphoto/2123/strubtsina-pistoletnaya-bystrozazhimnaya-dlt-600mm-art-89060-12.jpg,https://dlt.by/image/catalog/easyphoto/2123/strubtsina-pistoletnaya-bystrozazhimnaya-dlt-600mm-art-89060-13.jpg,https://dlt.by/image/catalog/easyphoto/2123/strubtsina-pistoletnaya-bystrozazhimnaya-dlt-600mm-art-89060-17.jpg,https://dlt.by/image/catalog/easyphoto/2123/strubtsina-pistoletnaya-bystrozazhimnaya-dlt-600mm-art-89060-15.jpg,https://dlt.by/image/catalog/easyphoto/2123/strubtsina-pistoletnaya-bystrozazhimnaya-dlt-600mm-art-89060-19.jpg,https://dlt.by/image/catalog/easyphoto/2123/strubtsina-pistoletnaya-bystrozazhimnaya-dlt-600mm-art-89060-16.jpg,https://dlt.by/image/catalog/easyphoto/2123/strubtsina-pistoletnaya-bystrozazhimnaya-dlt-600mm-art-89060-20.jpg,https://dlt.by/image/catalog/easyphoto/2123/strubtsina-pistoletnaya-bystrozazhimnaya-dlt-600mm-art-89060-18.jpg,,,,,,,,,,,,,,,,,,,,,,,,,,,,,,,,,,"
"Струбцина пистолетная быстрозажимная DLT 900мм, арт.89090",Малярный и штукатурный инструмент>Быстрозажимные струбцины,89090,2 106.60,"https://dlt.by/image/catalog/easyphoto/2124/strubtsina-pistoletnaya-bystrozazhimnaya-dlt-900mm-art-89090-11.jpg,https://dlt.by/image/catalog/easyphoto/2124/strubtsina-pistoletnaya-bystrozazhimnaya-dlt-900mm-art-89090-9.jpg,https://dlt.by/image/catalog/easyphoto/2124/strubtsina-pistoletnaya-bystrozazhimnaya-dlt-900mm-art-89090-13.jpg,https://dlt.by/image/catalog/easyphoto/2124/strubtsina-pistoletnaya-bystrozazhimnaya-dlt-900mm-art-89090-10.jpg,https://dlt.by/image/catalog/easyphoto/2124/strubtsina-pistoletnaya-bystrozazhimnaya-dlt-900mm-art-89090-16.jpg,https://dlt.by/image/catalog/easyphoto/2124/strubtsina-pistoletnaya-bystrozazhimnaya-dlt-900mm-art-89090-12.jpg,https://dlt.by/image/catalog/easyphoto/2124/strubtsina-pistoletnaya-bystrozazhimnaya-dlt-900mm-art-89090-14.jpg,https://dlt.by/image/catalog/easyphoto/2124/strubtsina-pistoletnaya-bystrozazhimnaya-dlt-900mm-art-89090-15.jpg,https://dlt.by/image/catalog/easyphoto/2124/strubtsina-pistoletnaya-bystrozazhimnaya-dlt-900mm-art-89090-17.jpg,https://dlt.by/image/catalog/easyphoto/2124/strubtsina-pistoletnaya-bystrozazhimnaya-dlt-900mm-art-89090-18.jpg,https://dlt.by/image/catalog/easyphoto/2124/strubtsina-pistoletnaya-bystrozazhimnaya-dlt-900mm-art-89090-19.jpg,https://dlt.by/image/catalog/easyphoto/2124/strubtsina-pistoletnaya-bystrozazhimnaya-dlt-900mm-art-89090-20.jpg,,,,,,,,,,,,,,,,,,,,,,,,,,,,,,,,,,"
"Струбцина пистолетная быстрозажимная DLT 1200мм, арт.89012",Малярный и штукатурный инструмент>Быстрозажимные струбцины,89012,2 257.07,"https://dlt.by/image/catalog/easyphoto/2125/strubtsina-pistoletnaya-bystrozazhimnaya-dlt-1200mm-art-89012-11.jpg,https://dlt.by/image/catalog/easyphoto/2125/strubtsina-pistoletnaya-bystrozazhimnaya-dlt-1200mm-art-89012-12.jpg,https://dlt.by/image/catalog/easyphoto/2125/strubtsina-pistoletnaya-bystrozazhimnaya-dlt-1200mm-art-89012-9.jpg,https://dlt.by/image/catalog/easyphoto/2125/strubtsina-pistoletnaya-bystrozazhimnaya-dlt-1200mm-art-89012-10.jpg,https://dlt.by/image/catalog/easyphoto/2125/strubtsina-pistoletnaya-bystrozazhimnaya-dlt-1200mm-art-89012-16.jpg,https://dlt.by/image/catalog/easyphoto/2125/strubtsina-pistoletnaya-bystrozazhimnaya-dlt-1200mm-art-89012-13.jpg,https://dlt.by/image/catalog/easyphoto/2125/strubtsina-pistoletnaya-bystrozazhimnaya-dlt-1200mm-art-89012-14.jpg,https://dlt.by/image/catalog/easyphoto/2125/strubtsina-pistoletnaya-bystrozazhimnaya-dlt-1200mm-art-89012-15.jpg,https://dlt.by/image/catalog/easyphoto/2125/strubtsina-pistoletnaya-bystrozazhimnaya-dlt-1200mm-art-89012-19.jpg,https://dlt.by/image/catalog/easyphoto/2125/strubtsina-pistoletnaya-bystrozazhimnaya-dlt-1200mm-art-89012-17.jpg,https://dlt.by/image/catalog/easyphoto/2125/strubtsina-pistoletnaya-bystrozazhimnaya-dlt-1200mm-art-89012-20.jpg,https://dlt.by/image/catalog/easyphoto/2125/strubtsina-pistoletnaya-bystrozazhimnaya-dlt-1200mm-art-89012-18.jpg,,,,,,,,,,,,,,,,,,,,,,,,,,,,,,,,,,"
Струбцина быстрозажимная DLT 50мм (усилие зажима 15кг) арт.62002,Малярный и штукатурный инструмент>Быстрозажимные струбцины,62002,481.51,"https://dlt.by/image/catalog/easyphoto/2126/strubtsina-bystrozazhimnaya-dlt-50mm-usilie-zazhima-15kg-art-62002-10.jpg,https://dlt.by/image/catalog/easyphoto/2126/strubtsina-bystrozazhimnaya-dlt-50mm-usilie-zazhima-15kg-art-62002-11.jpg,https://dlt.by/image/catalog/easyphoto/2126/strubtsina-bystrozazhimnaya-dlt-50mm-usilie-zazhima-15kg-art-62002-12.jpg,https://dlt.by/image/catalog/easyphoto/2126/strubtsina-bystrozazhimnaya-dlt-50mm-usilie-zazhima-15kg-art-62002-13.jpg,https://dlt.by/image/catalog/easyphoto/2126/strubtsina-bystrozazhimnaya-dlt-50mm-usilie-zazhima-15kg-art-62002-14.jpg,https://dlt.by/image/catalog/easyphoto/2126/strubtsina-bystrozazhimnaya-dlt-50mm-usilie-zazhima-15kg-art-62002-16.jpg,https://dlt.by/image/catalog/easyphoto/2126/strubtsina-bystrozazhimnaya-dlt-50mm-usilie-zazhima-15kg-art-62002-15.jpg,https://dlt.by/image/catalog/easyphoto/2126/strubtsina-bystrozazhimnaya-dlt-50mm-usilie-zazhima-15kg-art-62002-17.jpg,,,,,,,,,,,,,,,,,,,,,,,,,,,,,,,,,,,,,,"
Струбцина быстрозажимная DLT 75мм (усилие зажима 15кг) арт.62003,Малярный и штукатурный инструмент>Быстрозажимные струбцины,62003,541.70,"https://dlt.by/image/catalog/easyphoto/2127/strubtsina-bystrozazhimnaya-dlt-75mm-usilie-zazhima-15kg-art-62003-9.jpg,https://dlt.by/image/catalog/easyphoto/2127/strubtsina-bystrozazhimnaya-dlt-75mm-usilie-zazhima-15kg-art-62003-10.jpg,https://dlt.by/image/catalog/easyphoto/2127/strubtsina-bystrozazhimnaya-dlt-75mm-usilie-zazhima-15kg-art-62003-14.jpg,https://dlt.by/image/catalog/easyphoto/2127/strubtsina-bystrozazhimnaya-dlt-75mm-usilie-zazhima-15kg-art-62003-11.jpg,https://dlt.by/image/catalog/easyphoto/2127/strubtsina-bystrozazhimnaya-dlt-75mm-usilie-zazhima-15kg-art-62003-12.jpg,https://dlt.by/image/catalog/easyphoto/2127/strubtsina-bystrozazhimnaya-dlt-75mm-usilie-zazhima-15kg-art-62003-13.jpg,https://dlt.by/image/catalog/easyphoto/2127/strubtsina-bystrozazhimnaya-dlt-75mm-usilie-zazhima-15kg-art-62003-15.jpg,https://dlt.by/image/catalog/easyphoto/2127/strubtsina-bystrozazhimnaya-dlt-75mm-usilie-zazhima-15kg-art-62003-16.jpg,,,,,,,,,,,,,,,,,,,,,,,,,,,,,,,,,,,,,,"
Струбцина быстрозажимная DLT 100мм (усилие зажима 15кг) арт.62004,Малярный и штукатурный инструмент>Быстрозажимные струбцины,62004,662.07,"https://dlt.by/image/catalog/easyphoto/2128/strubtsina-bystrozazhimnaya-dlt-100mm-usilie-zazhima-15kg-art-62004-9.jpg,https://dlt.by/image/catalog/easyphoto/2128/strubtsina-bystrozazhimnaya-dlt-100mm-usilie-zazhima-15kg-art-62004-10.jpg,https://dlt.by/image/catalog/easyphoto/2128/strubtsina-bystrozazhimnaya-dlt-100mm-usilie-zazhima-15kg-art-62004-11.jpg,https://dlt.by/image/catalog/easyphoto/2128/strubtsina-bystrozazhimnaya-dlt-100mm-usilie-zazhima-15kg-art-62004-12.jpg,https://dlt.by/image/catalog/easyphoto/2128/strubtsina-bystrozazhimnaya-dlt-100mm-usilie-zazhima-15kg-art-62004-13.jpg,https://dlt.by/image/catalog/easyphoto/2128/strubtsina-bystrozazhimnaya-dlt-100mm-usilie-zazhima-15kg-art-62004-14.jpg,https://dlt.by/image/catalog/easyphoto/2128/strubtsina-bystrozazhimnaya-dlt-100mm-usilie-zazhima-15kg-art-62004-15.jpg,https://dlt.by/image/catalog/easyphoto/2128/strubtsina-bystrozazhimnaya-dlt-100mm-usilie-zazhima-15kg-art-62004-16.jpg,,,,,,,,,,,,,,,,,,,,,,,,,,,,,,,,,,,,,,"
"Набор быстрозажимных струбцин DLT, 38мм, (усилие зажима 15кг), 5 шт., арт.82515",Малярный и штукатурный инструмент>Быстрозажимные струбцины,82515,421.32,"https://dlt.by/image/catalog/easyphoto/2129/nabor-bystrozazhimnyh-strubtsin-dlt-38mm-usilie-zazhima-15kg-5-sht-art-82515-8.jpg,https://dlt.by/image/catalog/easyphoto/2129/nabor-bystrozazhimnyh-strubtsin-dlt-38mm-usilie-zazhima-15kg-5-sht-art-82515-9.jpg,https://dlt.by/image/catalog/easyphoto/2129/nabor-bystrozazhimnyh-strubtsin-dlt-38mm-usilie-zazhima-15kg-5-sht-art-82515-10.jpg,https://dlt.by/image/catalog/easyphoto/2129/nabor-bystrozazhimnyh-strubtsin-dlt-38mm-usilie-zazhima-15kg-5-sht-art-82515-11.jpg,https://dlt.by/image/catalog/easyphoto/2129/nabor-bystrozazhimnyh-strubtsin-dlt-38mm-usilie-zazhima-15kg-5-sht-art-82515-12.jpg,https://dlt.by/image/catalog/easyphoto/2129/nabor-bystrozazhimnyh-strubtsin-dlt-38mm-usilie-zazhima-15kg-5-sht-art-82515-13.jpg,https://dlt.by/image/catalog/easyphoto/2129/nabor-bystrozazhimnyh-strubtsin-dlt-38mm-usilie-zazhima-15kg-5-sht-art-82515-14.jpg,,,,,,,,,,,,,,,,,,,,,,,,,,,,,,,,,,,,,,,"
"Набор быстрозажимных струбцин DLT, 63мм, (усилие зажима 15кг), 2шт., арт.82525",Малярный и штукатурный инструмент>Быстрозажимные струбцины,82525,367.15,"https://dlt.by/image/catalog/easyphoto/2130/nabor-bystrozazhimnyh-strubtsin-dlt-63mm-usilie-zazhima-15kg-2sht-art-82525-8.jpg,https://dlt.by/image/catalog/easyphoto/2130/nabor-bystrozazhimnyh-strubtsin-dlt-63mm-usilie-zazhima-15kg-2sht-art-82525-9.jpg,https://dlt.by/image/catalog/easyphoto/2130/nabor-bystrozazhimnyh-strubtsin-dlt-63mm-usilie-zazhima-15kg-2sht-art-82525-10.jpg,https://dlt.by/image/catalog/easyphoto/2130/nabor-bystrozazhimnyh-strubtsin-dlt-63mm-usilie-zazhima-15kg-2sht-art-82525-11.jpg,https://dlt.by/image/catalog/easyphoto/2130/nabor-bystrozazhimnyh-strubtsin-dlt-63mm-usilie-zazhima-15kg-2sht-art-82525-12.jpg,https://dlt.by/image/catalog/easyphoto/2130/nabor-bystrozazhimnyh-strubtsin-dlt-63mm-usilie-zazhima-15kg-2sht-art-82525-13.jpg,,,,,,,,,,,,,,,,,,,,,,,,,,,,,,,,,,,,,,,,"
"Набор быстрозажимных струбцин DLT, 50мм, (усилие зажима 15кг), 5шт., арт.82520",Малярный и штукатурный инструмент>Быстрозажимные струбцины,82520,601.88,"https://dlt.by/image/catalog/easyphoto/2131/nabor-bystrozazhimnyh-strubtsin-dlt-50mm-usilie-zazhima-15kg-5sht-art-82520-7.jpg,https://dlt.by/image/catalog/easyphoto/2131/nabor-bystrozazhimnyh-strubtsin-dlt-50mm-usilie-zazhima-15kg-5sht-art-82520-8.jpg,https://dlt.by/image/catalog/easyphoto/2131/nabor-bystrozazhimnyh-strubtsin-dlt-50mm-usilie-zazhima-15kg-5sht-art-82520-9.jpg,https://dlt.by/image/catalog/easyphoto/2131/nabor-bystrozazhimnyh-strubtsin-dlt-50mm-usilie-zazhima-15kg-5sht-art-82520-10.jpg,https://dlt.by/image/catalog/easyphoto/2131/nabor-bystrozazhimnyh-strubtsin-dlt-50mm-usilie-zazhima-15kg-5sht-art-82520-11.jpg,https://dlt.by/image/catalog/easyphoto/2131/nabor-bystrozazhimnyh-strubtsin-dlt-50mm-usilie-zazhima-15kg-5sht-art-82520-12.jpg,https://dlt.by/image/catalog/easyphoto/2131/nabor-bystrozazhimnyh-strubtsin-dlt-50mm-usilie-zazhima-15kg-5sht-art-82520-13.jpg,,,,,,,,,,,,,,,,,,,,,,,,,,,,,,,,,,,,,,,"
Струбцина быстрозажимная DLT 75мм (усилие зажима 15кг) арт.82530,Малярный и штукатурный инструмент>Быстрозажимные струбцины,82530,216.68,"https://dlt.by/image/catalog/easyphoto/2132/strubtsina-bystrozazhimnaya-dlt-75mm-usilie-zazhima-15kg-art-82530-6.jpg,https://dlt.by/image/catalog/easyphoto/2132/strubtsina-bystrozazhimnaya-dlt-75mm-usilie-zazhima-15kg-art-82530-7.jpg,https://dlt.by/image/catalog/easyphoto/2132/strubtsina-bystrozazhimnaya-dlt-75mm-usilie-zazhima-15kg-art-82530-8.jpg,https://dlt.by/image/catalog/easyphoto/2132/strubtsina-bystrozazhimnaya-dlt-75mm-usilie-zazhima-15kg-art-82530-9.jpg,https://dlt.by/image/catalog/easyphoto/2132/strubtsina-bystrozazhimnaya-dlt-75mm-usilie-zazhima-15kg-art-82530-10.jpg,https://dlt.by/image/catalog/easyphoto/2132/strubtsina-bystrozazhimnaya-dlt-75mm-usilie-zazhima-15kg-art-82530-11.jpg,,,,,,,,,,,,,,,,,,,,,,,,,,,,,,,,,,,,,,,,"
"Набор быстрозажимных струбцин DLT, 25мм, (усилие зажима 1,5кг), 5шт., арт.82510",Малярный и штукатурный инструмент>Быстрозажимные струбцины,82510,421.32,"https://dlt.by/image/catalog/easyphoto/2133/nabor-bystrozazhimnyh-strubtsin-dlt-25mm-usilie-zazhima-1-5kg-5sht-art-82510-7.jpg,https://dlt.by/image/catalog/easyphoto/2133/nabor-bystrozazhimnyh-strubtsin-dlt-25mm-usilie-zazhima-1-5kg-5sht-art-82510-8.jpg,https://dlt.by/image/catalog/easyphoto/2133/nabor-bystrozazhimnyh-strubtsin-dlt-25mm-usilie-zazhima-1-5kg-5sht-art-82510-9.jpg,https://dlt.by/image/catalog/easyphoto/2133/nabor-bystrozazhimnyh-strubtsin-dlt-25mm-usilie-zazhima-1-5kg-5sht-art-82510-10.jpg,https://dlt.by/image/catalog/easyphoto/2133/nabor-bystrozazhimnyh-strubtsin-dlt-25mm-usilie-zazhima-1-5kg-5sht-art-82510-11.jpg,https://dlt.by/image/catalog/easyphoto/2133/nabor-bystrozazhimnyh-strubtsin-dlt-25mm-usilie-zazhima-1-5kg-5sht-art-82510-12.jpg,https://dlt.by/image/catalog/easyphoto/2133/nabor-bystrozazhimnyh-strubtsin-dlt-25mm-usilie-zazhima-1-5kg-5sht-art-82510-13.jpg,,,,,,,,,,,,,,,,,,,,,,,,,,,,,,,,,,,,,,,"
"Струбцина быстрозажимная DLT 50мм, (усилие зажима 12кг) арт.82620",Малярный и штукатурный инструмент>Быстрозажимные струбцины,82620,186.58,"https://dlt.by/image/catalog/easyphoto/2134/strubtsina-bystrozazhimnaya-dlt-50mm-usilie-zazhima-12kg-art-82620-11.jpg,https://dlt.by/image/catalog/easyphoto/2134/strubtsina-bystrozazhimnaya-dlt-50mm-usilie-zazhima-12kg-art-82620-8.jpg,https://dlt.by/image/catalog/easyphoto/2134/strubtsina-bystrozazhimnaya-dlt-50mm-usilie-zazhima-12kg-art-82620-9.jpg,https://dlt.by/image/catalog/easyphoto/2134/strubtsina-bystrozazhimnaya-dlt-50mm-usilie-zazhima-12kg-art-82620-10.jpg,https://dlt.by/image/catalog/easyphoto/2134/strubtsina-bystrozazhimnaya-dlt-50mm-usilie-zazhima-12kg-art-82620-12.jpg,https://dlt.by/image/catalog/easyphoto/2134/strubtsina-bystrozazhimnaya-dlt-50mm-usilie-zazhima-12kg-art-82620-13.jpg,https://dlt.by/image/catalog/easyphoto/2134/strubtsina-bystrozazhimnaya-dlt-50mm-usilie-zazhima-12kg-art-82620-14.jpg,https://dlt.by/image/catalog/easyphoto/2134/strubtsina-bystrozazhimnaya-dlt-50mm-usilie-zazhima-12kg-art-82620-15.jpg,,,,,,,,,,,,,,,,,,,,,,,,,,,,,,,,,,,,,,"
Струбцина быстрозажимная DLT 65мм (усилие зажима 12кг) арт.82625,Малярный и штукатурный инструмент>Быстрозажимные струбцины,82625,216.68,"https://dlt.by/image/catalog/easyphoto/2135/strubtsina-bystrozazhimnaya-dlt-65mm-usilie-zazhima-12kg-art-82625-7.jpg,https://dlt.by/image/catalog/easyphoto/2135/strubtsina-bystrozazhimnaya-dlt-65mm-usilie-zazhima-12kg-art-82625-8.jpg,https://dlt.by/image/catalog/easyphoto/2135/strubtsina-bystrozazhimnaya-dlt-65mm-usilie-zazhima-12kg-art-82625-9.jpg,https://dlt.by/image/catalog/easyphoto/2135/strubtsina-bystrozazhimnaya-dlt-65mm-usilie-zazhima-12kg-art-82625-10.jpg,https://dlt.by/image/catalog/easyphoto/2135/strubtsina-bystrozazhimnaya-dlt-65mm-usilie-zazhima-12kg-art-82625-11.jpg,https://dlt.by/image/catalog/easyphoto/2135/strubtsina-bystrozazhimnaya-dlt-65mm-usilie-zazhima-12kg-art-82625-12.jpg,https://dlt.by/image/catalog/easyphoto/2135/strubtsina-bystrozazhimnaya-dlt-65mm-usilie-zazhima-12kg-art-82625-13.jpg,https://dlt.by/image/catalog/easyphoto/2135/strubtsina-bystrozazhimnaya-dlt-65mm-usilie-zazhima-12kg-art-82625-14.jpg,,,,,,,,,,,,,,,,,,,,,,,,,,,,,,,,,,,,,,"
Струбцина быстрозажимная DLT 75мм (усилие зажима 12кг) арт.82630,Малярный и штукатурный инструмент>Быстрозажимные струбцины,82630,246.77,"https://dlt.by/image/catalog/easyphoto/2136/strubtsina-bystrozazhimnaya-dlt-75mm-usilie-zazhima-12kg-art-82630-7.jpg,https://dlt.by/image/catalog/easyphoto/2136/strubtsina-bystrozazhimnaya-dlt-75mm-usilie-zazhima-12kg-art-82630-8.jpg,https://dlt.by/image/catalog/easyphoto/2136/strubtsina-bystrozazhimnaya-dlt-75mm-usilie-zazhima-12kg-art-82630-9.jpg,https://dlt.by/image/catalog/easyphoto/2136/strubtsina-bystrozazhimnaya-dlt-75mm-usilie-zazhima-12kg-art-82630-10.jpg,https://dlt.by/image/catalog/easyphoto/2136/strubtsina-bystrozazhimnaya-dlt-75mm-usilie-zazhima-12kg-art-82630-11.jpg,https://dlt.by/image/catalog/easyphoto/2136/strubtsina-bystrozazhimnaya-dlt-75mm-usilie-zazhima-12kg-art-82630-12.jpg,https://dlt.by/image/catalog/easyphoto/2136/strubtsina-bystrozazhimnaya-dlt-75mm-usilie-zazhima-12kg-art-82630-13.jpg,https://dlt.by/image/catalog/easyphoto/2136/strubtsina-bystrozazhimnaya-dlt-75mm-usilie-zazhima-12kg-art-82630-14.jpg,,,,,,,,,,,,,,,,,,,,,,,,,,,,,,,,,,,,,,"
"Струбцина быстрозажимная DLT 100мм, (усилие зажима 12кг) арт.82640",Малярный и штукатурный инструмент>Быстрозажимные струбцины,82640,337.06,"https://dlt.by/image/catalog/easyphoto/2137/strubtsina-bystrozazhimnaya-dlt-100mm-usilie-zazhima-12kg-art-82640-7.jpg,https://dlt.by/image/catalog/easyphoto/2137/strubtsina-bystrozazhimnaya-dlt-100mm-usilie-zazhima-12kg-art-82640-8.jpg,https://dlt.by/image/catalog/easyphoto/2137/strubtsina-bystrozazhimnaya-dlt-100mm-usilie-zazhima-12kg-art-82640-9.jpg,https://dlt.by/image/catalog/easyphoto/2137/strubtsina-bystrozazhimnaya-dlt-100mm-usilie-zazhima-12kg-art-82640-10.jpg,https://dlt.by/image/catalog/easyphoto/2137/strubtsina-bystrozazhimnaya-dlt-100mm-usilie-zazhima-12kg-art-82640-11.jpg,https://dlt.by/image/catalog/easyphoto/2137/strubtsina-bystrozazhimnaya-dlt-100mm-usilie-zazhima-12kg-art-82640-12.jpg,https://dlt.by/image/catalog/easyphoto/2137/strubtsina-bystrozazhimnaya-dlt-100mm-usilie-zazhima-12kg-art-82640-13.jpg,https://dlt.by/image/catalog/easyphoto/2137/strubtsina-bystrozazhimnaya-dlt-100mm-usilie-zazhima-12kg-art-82640-14.jpg,,,,,,,,,,,,,,,,,,,,,,,,,,,,,,,,,,,,,,"
Струбцина быстрозажимная DLT 70мм (усилие зажима 10кг) арт.82803,Малярный и штукатурный инструмент>Быстрозажимные струбцины,82803,337.06,"https://dlt.by/image/catalog/easyphoto/2138/strubtsina-bystrozazhimnaya-dlt-70mm-usilie-zazhima-10kg-art-82803-9.jpg,https://dlt.by/image/catalog/easyphoto/2138/strubtsina-bystrozazhimnaya-dlt-70mm-usilie-zazhima-10kg-art-82803-13.jpg,https://dlt.by/image/catalog/easyphoto/2138/strubtsina-bystrozazhimnaya-dlt-70mm-usilie-zazhima-10kg-art-82803-10.jpg,https://dlt.by/image/catalog/easyphoto/2138/strubtsina-bystrozazhimnaya-dlt-70mm-usilie-zazhima-10kg-art-82803-11.jpg,https://dlt.by/image/catalog/easyphoto/2138/strubtsina-bystrozazhimnaya-dlt-70mm-usilie-zazhima-10kg-art-82803-12.jpg,https://dlt.by/image/catalog/easyphoto/2138/strubtsina-bystrozazhimnaya-dlt-70mm-usilie-zazhima-10kg-art-82803-14.jpg,https://dlt.by/image/catalog/easyphoto/2138/strubtsina-bystrozazhimnaya-dlt-70mm-usilie-zazhima-10kg-art-82803-15.jpg,https://dlt.by/image/catalog/easyphoto/2138/strubtsina-bystrozazhimnaya-dlt-70mm-usilie-zazhima-10kg-art-82803-16.jpg,,,,,,,,,,,,,,,,,,,,,,,,,,,,,,,,,,,,,,"
Струбцина угловая DLT 95мм арт.81600,Инструмент для укладки плитки>Уголки для фиксации плитки,81600,662.07,"https://dlt.by/image/catalog/easyphoto/2139/strubtsina-uglovaya-dlt-95mm-art-81600-12.jpg,https://dlt.by/image/catalog/easyphoto/2139/strubtsina-uglovaya-dlt-95mm-art-81600-13.jpg,https://dlt.by/image/catalog/easyphoto/2139/strubtsina-uglovaya-dlt-95mm-art-81600-14.jpg,https://dlt.by/image/catalog/easyphoto/2139/strubtsina-uglovaya-dlt-95mm-art-81600-15.jpg,https://dlt.by/image/catalog/easyphoto/2139/strubtsina-uglovaya-dlt-95mm-art-81600-16.jpg,https://dlt.by/image/catalog/easyphoto/2139/strubtsina-uglovaya-dlt-95mm-art-81600-17.jpg,https://dlt.by/image/catalog/easyphoto/2139/strubtsina-uglovaya-dlt-95mm-art-81600-18.jpg,https://dlt.by/image/catalog/easyphoto/2139/strubtsina-uglovaya-dlt-95mm-art-81600-19.jpg,https://dlt.by/image/catalog/easyphoto/2139/strubtsina-uglovaya-dlt-95mm-art-81600-20.jpg,,,,,,,,,,,,,,,,,,,,,,,,,,,,,,,,,,,,,"
Пистолет для герметика DLT арт.63500,Малярный и штукатурный инструмент>Пистолеты монтажные,63500,812.54,"https://dlt.by/image/catalog/easyphoto/2140/pistolet-dlya-germetika-dlt-art-63500-8.jpg,https://dlt.by/image/catalog/easyphoto/2140/pistolet-dlya-germetika-dlt-art-63500-9.jpg,https://dlt.by/image/catalog/easyphoto/2140/pistolet-dlya-germetika-dlt-art-63500-10.jpg,https://dlt.by/image/catalog/easyphoto/2140/pistolet-dlya-germetika-dlt-art-63500-11.jpg,https://dlt.by/image/catalog/easyphoto/2140/pistolet-dlya-germetika-dlt-art-63500-12.jpg,https://dlt.by/image/catalog/easyphoto/2140/pistolet-dlya-germetika-dlt-art-63500-13.jpg,,,,,,,,,,,,,,,,,,,,,,,,,,,,,,,,,,,,,,,,"
Пистолет для герметика DLT арт.63900,Малярный и штукатурный инструмент>Пистолеты монтажные,63900,1 263.96,"https://dlt.by/image/catalog/easyphoto/2141/alt_pistolet-dlya-germetika-dlt-art-63900-5.jpg,https://dlt.by/image/catalog/easyphoto/2141/pistolet-dlya-germetika-dlt-art-63900-6.jpg,https://dlt.by/image/catalog/easyphoto/2141/pistolet-dlya-germetika-dlt-art-63900-7.jpg,https://dlt.by/image/catalog/easyphoto/2141/pistolet-dlya-germetika-dlt-art-63900-8.jpg,,,,,,,,,,,,,,,,,,,,,,,,,,,,,,,,,,,,,,,,,,"
"Пистолет для герметика DLT 400мл, арт.63400",Малярный и штукатурный инструмент>Пистолеты монтажные,63400,1 354.24,"https://dlt.by/image/catalog/easyphoto/2143/pistolet-dlya-germetika-dlt-400ml-art-63400-8.jpg,https://dlt.by/image/catalog/easyphoto/2143/pistolet-dlya-germetika-dlt-400ml-art-63400-9.jpg,https://dlt.by/image/catalog/easyphoto/2143/pistolet-dlya-germetika-dlt-400ml-art-63400-10.jpg,https://dlt.by/image/catalog/easyphoto/2143/pistolet-dlya-germetika-dlt-400ml-art-63400-11.jpg,https://dlt.by/image/catalog/easyphoto/2143/pistolet-dlya-germetika-dlt-400ml-art-63400-12.jpg,https://dlt.by/image/catalog/easyphoto/2143/pistolet-dlya-germetika-dlt-400ml-art-63400-13.jpg,,,,,,,,,,,,,,,,,,,,,,,,,,,,,,,,,,,,,,,,"
"Пистолет для герметика DLT 600мл, арт.63600",Малярный и штукатурный инструмент>Пистолеты монтажные,63600,1 474.62,"https://dlt.by/image/catalog/easyphoto/2144/pistolet-dlya-germetika-dlt-600ml-art-63600-6.jpg,https://dlt.by/image/catalog/easyphoto/2144/pistolet-dlya-germetika-dlt-600ml-art-63600-7.jpg,https://dlt.by/image/catalog/easyphoto/2144/pistolet-dlya-germetika-dlt-600ml-art-63600-8.jpg,https://dlt.by/image/catalog/easyphoto/2144/pistolet-dlya-germetika-dlt-600ml-art-63600-9.jpg,https://dlt.by/image/catalog/easyphoto/2144/pistolet-dlya-germetika-dlt-600ml-art-63600-10.jpg,https://dlt.by/image/catalog/easyphoto/2144/pistolet-dlya-germetika-dlt-600ml-art-63600-11.jpg,,,,,,,,,,,,,,,,,,,,,,,,,,,,,,,,,,,,,,,,"
"Набор насадок для формирования силиконового шва (2шт) DLT, арт.62700",Инструмент для укладки плитки>Шпатели для силикона и герметика,62700,246.77,"https://dlt.by/image/catalog/easyphoto/2145/nabor-nasadok-dlya-formirovaniya-silikonovogo-shva-2sht-dlt-art-62700-10.jpg,https://dlt.by/image/catalog/easyphoto/2145/nabor-nasadok-dlya-formirovaniya-silikonovogo-shva-2sht-dlt-art-62700-11.jpg,https://dlt.by/image/catalog/easyphoto/2145/nabor-nasadok-dlya-formirovaniya-silikonovogo-shva-2sht-dlt-art-62700-15.jpg,https://dlt.by/image/catalog/easyphoto/2145/nabor-nasadok-dlya-formirovaniya-silikonovogo-shva-2sht-dlt-art-62700-18.jpg,https://dlt.by/image/catalog/easyphoto/2145/nabor-nasadok-dlya-formirovaniya-silikonovogo-shva-2sht-dlt-art-62700-20.jpg,https://dlt.by/image/catalog/easyphoto/2145/nabor-nasadok-dlya-formirovaniya-silikonovogo-shva-2sht-dlt-art-62700-12.jpg,https://dlt.by/image/catalog/easyphoto/2145/nabor-nasadok-dlya-formirovaniya-silikonovogo-shva-2sht-dlt-art-62700-13.jpg,https://dlt.by/image/catalog/easyphoto/2145/nabor-nasadok-dlya-formirovaniya-silikonovogo-shva-2sht-dlt-art-62700-16.jpg,https://dlt.by/image/catalog/easyphoto/2145/nabor-nasadok-dlya-formirovaniya-silikonovogo-shva-2sht-dlt-art-62700-14.jpg,https://dlt.by/image/catalog/easyphoto/2145/nabor-nasadok-dlya-formirovaniya-silikonovogo-shva-2sht-dlt-art-62700-17.jpg,https://dlt.by/image/catalog/easyphoto/2145/nabor-nasadok-dlya-formirovaniya-silikonovogo-shva-2sht-dlt-art-62700-19.jpg,,,,,,,,,,,,,,,,,,,,,,,,,,,,,,,,,,,"
Шаблон (кондуктор) для подрозетников DLT арт.51800,Инструмент для укладки плитки>Шаблоны строительные,51800,451.41,"https://dlt.by/image/catalog/easyphoto/2146/shablon-dlya-podrazetnikov-dlt-art-51800-11.jpg,https://dlt.by/image/catalog/easyphoto/2146/shablon-dlya-podrazetnikov-dlt-art-51800-9.jpg,https://dlt.by/image/catalog/easyphoto/2146/shablon-dlya-podrazetnikov-dlt-art-51800-10.jpg,https://dlt.by/image/catalog/easyphoto/2146/shablon-dlya-podrazetnikov-dlt-art-51800-12.jpg,https://dlt.by/image/catalog/easyphoto/2146/shablon-dlya-podrazetnikov-dlt-art-51800-13.jpg,https://dlt.by/image/catalog/easyphoto/2146/shablon-dlya-podrazetnikov-dlt-art-51800-14.jpg,https://dlt.by/image/catalog/easyphoto/2146/shablon-dlya-podrazetnikov-dlt-art-51800-17.jpg,https://dlt.by/image/catalog/easyphoto/2146/shablon-dlya-podrazetnikov-dlt-art-51800-15.jpg,https://dlt.by/image/catalog/easyphoto/2146/shablon-dlya-podrazetnikov-dlt-art-51800-20.jpg,https://dlt.by/image/catalog/easyphoto/2146/shablon-dlya-podrazetnikov-dlt-art-51800-16.jpg,https://dlt.by/image/catalog/easyphoto/2146/shablon-dlya-podrazetnikov-dlt-art-51800-18.jpg,https://dlt.by/image/catalog/easyphoto/2146/shablon-dlya-podrazetnikov-dlt-art-51800-19.jpg,,,,,,,,,,,,,,,,,,,,,,,,,,,,,,,,,,"
"Скребок для удаления силикона DLT, арт.63200",Шпателя для механизированной шпатлевки>Многофункц. шпатели (скребки),63200,376.18,"https://dlt.by/image/catalog/easyphoto/2147/skrebok-dlya-udaleniya-silikona-dlt-art-63200-12.jpg,https://dlt.by/image/catalog/easyphoto/2147/skrebok-dlya-udaleniya-silikona-dlt-art-63200-13.jpg,https://dlt.by/image/catalog/easyphoto/2147/skrebok-dlya-udaleniya-silikona-dlt-art-63200-14.jpg,https://dlt.by/image/catalog/easyphoto/2147/skrebok-dlya-udaleniya-silikona-dlt-art-63200-18.jpg,https://dlt.by/image/catalog/easyphoto/2147/skrebok-dlya-udaleniya-silikona-dlt-art-63200-15.jpg,https://dlt.by/image/catalog/easyphoto/2147/skrebok-dlya-udaleniya-silikona-dlt-art-63200-16.jpg,https://dlt.by/image/catalog/easyphoto/2147/skrebok-dlya-udaleniya-silikona-dlt-art-63200-17.jpg,https://dlt.by/image/catalog/easyphoto/2147/skrebok-dlya-udaleniya-silikona-dlt-art-63200-19.jpg,https://dlt.by/image/catalog/easyphoto/2147/skrebok-dlya-udaleniya-silikona-dlt-art-63200-20.jpg,https://dlt.by/image/catalog/easyphoto/2147/skrebok-dlya-udaleniya-silikona-dlt-art-63200-21.jpg,,,,,,,,,,,,,,,,,,,,,,,,,,,,,,,,,,,,"
Струбцина угловая DLT набор 4шт. арт.73040,Малярный и штукатурный инструмент>Быстрозажимные струбцины,73040,1 233.86,"https://dlt.by/image/catalog/easyphoto/2148/strubtsina-uglovaya-dlt-nabor-4sht-art-73040-14.jpg,https://dlt.by/image/catalog/easyphoto/2148/strubtsina-uglovaya-dlt-nabor-4sht-art-73040-20.jpg,https://dlt.by/image/catalog/easyphoto/2148/strubtsina-uglovaya-dlt-nabor-4sht-art-73040-16.jpg,https://dlt.by/image/catalog/easyphoto/2148/strubtsina-uglovaya-dlt-nabor-4sht-art-73040-13.jpg,https://dlt.by/image/catalog/easyphoto/2148/strubtsina-uglovaya-dlt-nabor-4sht-art-73040-18.jpg,https://dlt.by/image/catalog/easyphoto/2148/strubtsina-uglovaya-dlt-nabor-4sht-art-73040-15.jpg,https://dlt.by/image/catalog/easyphoto/2148/strubtsina-uglovaya-dlt-nabor-4sht-art-73040-17.jpg,https://dlt.by/image/catalog/easyphoto/2148/strubtsina-uglovaya-dlt-nabor-4sht-art-73040-19.jpg,https://dlt.by/image/catalog/easyphoto/2148/strubtsina-uglovaya-dlt-nabor-4sht-art-73040-21.jpg,https://dlt.by/image/catalog/easyphoto/2148/strubtsina-uglovaya-dlt-nabor-4sht-art-73040-22.jpg,https://dlt.by/image/catalog/easyphoto/2148/strubtsina-uglovaya-dlt-nabor-4sht-art-73040-23.jpg,https://dlt.by/image/catalog/easyphoto/2148/strubtsina-uglovaya-dlt-nabor-4sht-art-73040-24.jpg,,,,,,,,,,,,,,,,,,,,,,,,,,,,,,,,,,"
"Набор шпателей для силикона (4шт) DLT, арт.63100",Инструмент для укладки плитки>Шпатели для силикона и герметика>Шпатели и насадки,63100,306.96,"https://dlt.by/image/catalog/easyphoto/2374/nabor-shpateley-dlya-silikona-4sht-dlt-art-63100-13.jpg,https://dlt.by/image/catalog/easyphoto/2374/nabor-shpateley-dlya-silikona-4sht-dlt-art-63100-10.jpg,https://dlt.by/image/catalog/easyphoto/2374/nabor-shpateley-dlya-silikona-4sht-dlt-art-63100-11.jpg,https://dlt.by/image/catalog/easyphoto/2374/nabor-shpateley-dlya-silikona-4sht-dlt-art-63100-12.jpg,https://dlt.by/image/catalog/easyphoto/2374/nabor-shpateley-dlya-silikona-4sht-dlt-art-63100-14.jpg,https://dlt.by/image/catalog/easyphoto/2374/nabor-shpateley-dlya-silikona-4sht-dlt-art-63100-15.jpg,https://dlt.by/image/catalog/easyphoto/2374/nabor-shpateley-dlya-silikona-4sht-dlt-art-63100-19.jpg,https://dlt.by/image/catalog/easyphoto/2374/nabor-shpateley-dlya-silikona-4sht-dlt-art-63100-16.jpg,https://dlt.by/image/catalog/easyphoto/2374/nabor-shpateley-dlya-silikona-4sht-dlt-art-63100-17.jpg,https://dlt.by/image/catalog/easyphoto/2374/nabor-shpateley-dlya-silikona-4sht-dlt-art-63100-18.jpg,https://dlt.by/image/catalog/easyphoto/2374/nabor-shpateley-dlya-silikona-4sht-dlt-art-63100-20.jpg,https://dlt.by/image/catalog/easyphoto/2374/nabor-shpateley-dlya-silikona-4sht-dlt-art-63100-21.jpg,https://dlt.by/image/catalog/easyphoto/2374/nabor-shpateley-dlya-silikona-4sht-dlt-art-63100-22.jpg,,,,,,,,,,,,,,,,,,,,,,,,,,,,,,,,,"
"Подстолье складное DLT Сороконожка, 1,5м х 1,5м NEW, арт.1833",Инструмент для укладки плитки>Строительные столы/верстаки/подстолья,1833,15 047.11,"https://dlt.by/image/catalog/easyphoto/2149/podstole-skladnoe-dlt-sorokonozhka-1-5m-h-1-5m-new-1.jpg,https://dlt.by/image/catalog/easyphoto/2149/podstole-skladnoe-dlt-sorokonozhka-1-5m-h-1-5m-new-2.jpg,https://dlt.by/image/catalog/easyphoto/2149/podstole-skladnoe-dlt-sorokonozhka-1-5m-h-1-5m-new-3.jpg,https://dlt.by/image/catalog/easyphoto/2149/podstole-skladnoe-dlt-sorokonozhka-1-5m-h-1-5m-new-4.jpg,https://dlt.by/image/catalog/easyphoto/2149/podstole-skladnoe-dlt-sorokonozhka-1-5m-h-1-5m-new-5.jpg,https://dlt.by/image/catalog/easyphoto/2149/podstole-skladnoe-dlt-sorokonozhka-1-5m-h-1-5m-new-6.jpg,https://dlt.by/image/catalog/easyphoto/2149/podstole-skladnoe-dlt-sorokonozhka-1-5m-h-1-5m-new-7.jpg,https://dlt.by/image/catalog/easyphoto/2149/podstole-skladnoe-dlt-sorokonozhka-1-5m-h-1-5m-new-8.jpg,https://dlt.by/image/catalog/easyphoto/2149/podstole-skladnoe-dlt-sorokonozhka-1-5m-h-1-5m-new-9.jpg,https://dlt.by/image/catalog/easyphoto/2149/podstole-skladnoe-dlt-sorokonozhka-1-5m-h-1-5m-new-10.jpg,,,,,,,,,,,,,,,,,,,,,,,,,,,,,,,,,,,,"
"Поперечные перекладины для подстолья DLT Сороконожка 1,2м х 1,2м NEW, арт.1834",Инструмент для укладки плитки>Строительные столы/верстаки/подстолья,1834,3 912.25,"https://dlt.by/image/catalog/easyphoto/2150/poperechnye-perekladiny-dlya-podstolya-dlt-sorokonozhka-1-2m-h-1-2m-16.jpg,https://dlt.by/image/catalog/easyphoto/2150/poperechnye-perekladiny-dlya-podstolya-dlt-sorokonozhka-1-2m-h-1-2m-5.jpg,https://dlt.by/image/catalog/easyphoto/2150/poperechnye-perekladiny-dlya-podstolya-dlt-sorokonozhka-1-2m-h-1-2m-10.jpg,https://dlt.by/image/catalog/easyphoto/2150/poperechnye-perekladiny-dlya-podstolya-dlt-sorokonozhka-1-2m-h-1-2m-6.jpg,https://dlt.by/image/catalog/easyphoto/2150/poperechnye-perekladiny-dlya-podstolya-dlt-sorokonozhka-1-2m-h-1-2m-8.jpg,https://dlt.by/image/catalog/easyphoto/2150/poperechnye-perekladiny-dlya-podstolya-dlt-sorokonozhka-1-2m-h-1-2m-9.jpg,https://dlt.by/image/catalog/easyphoto/2150/poperechnye-perekladiny-dlya-podstolya-dlt-sorokonozhka-1-2m-h-1-2m-11.jpg,https://dlt.by/image/catalog/easyphoto/2150/poperechnye-perekladiny-dlya-podstolya-dlt-sorokonozhka-1-2m-h-1-2m-12.jpg,https://dlt.by/image/catalog/easyphoto/2150/poperechnye-perekladiny-dlya-podstolya-dlt-sorokonozhka-1-2m-h-1-2m-15.jpg,https://dlt.by/image/catalog/easyphoto/2150/poperechnye-perekladiny-dlya-podstolya-dlt-sorokonozhka-1-2m-h-1-2m-13.jpg,https://dlt.by/image/catalog/easyphoto/2150/poperechnye-perekladiny-dlya-podstolya-dlt-sorokonozhka-1-2m-h-1-2m-14.jpg,,,,,,,,,,,,,,,,,,,,,,,,,,,,,,,,,,,"
"Поперечные перекладины для подстолья DLT Сороконожка 1,5м х 1,5м NEW, арт.1835",Инструмент для укладки плитки>Строительные столы/верстаки/подстолья,1835,3 912.25,"https://dlt.by/image/catalog/easyphoto/2151/poperechnye-perekladiny-dlya-podstolya-dlt-sorokonozhka-1-5m-h-1-5m-12.jpg,https://dlt.by/image/catalog/easyphoto/2151/poperechnye-perekladiny-dlya-podstolya-dlt-sorokonozhka-1-5m-h-1-5m-2.jpg,https://dlt.by/image/catalog/easyphoto/2151/poperechnye-perekladiny-dlya-podstolya-dlt-sorokonozhka-1-5m-h-1-5m-3.jpg,https://dlt.by/image/catalog/easyphoto/2151/poperechnye-perekladiny-dlya-podstolya-dlt-sorokonozhka-1-5m-h-1-5m-4.jpg,https://dlt.by/image/catalog/easyphoto/2151/poperechnye-perekladiny-dlya-podstolya-dlt-sorokonozhka-1-5m-h-1-5m-5.jpg,https://dlt.by/image/catalog/easyphoto/2151/poperechnye-perekladiny-dlya-podstolya-dlt-sorokonozhka-1-5m-h-1-5m-6.jpg,https://dlt.by/image/catalog/easyphoto/2151/poperechnye-perekladiny-dlya-podstolya-dlt-sorokonozhka-1-5m-h-1-5m-10.jpg,https://dlt.by/image/catalog/easyphoto/2151/poperechnye-perekladiny-dlya-podstolya-dlt-sorokonozhka-1-5m-h-1-5m-7.jpg,https://dlt.by/image/catalog/easyphoto/2151/poperechnye-perekladiny-dlya-podstolya-dlt-sorokonozhka-1-5m-h-1-5m-8.jpg,https://dlt.by/image/catalog/easyphoto/2151/poperechnye-perekladiny-dlya-podstolya-dlt-sorokonozhka-1-5m-h-1-5m-9.jpg,https://dlt.by/image/catalog/easyphoto/2151/poperechnye-perekladiny-dlya-podstolya-dlt-sorokonozhka-1-5m-h-1-5m-11.jpg,,,,,,,,,,,,,,,,,,,,,,,,,,,,,,,,,,,"
"Поперечные перекладины для подстолья DLT Сороконожка 3м х 1,5м NEW, арт.1837",Инструмент для укладки плитки>Строительные столы/верстаки/подстолья,1837,7 072.14,"https://dlt.by/image/catalog/easyphoto/2152/poperechnye-perekladiny-dlya-podstolya-dlt-sorokonozhka-3m-h-1-5m-16.jpg,https://dlt.by/image/catalog/easyphoto/2152/poperechnye-perekladiny-dlya-podstolya-dlt-sorokonozhka-3m-h-1-5m-6.jpg,https://dlt.by/image/catalog/easyphoto/2152/poperechnye-perekladiny-dlya-podstolya-dlt-sorokonozhka-3m-h-1-5m-7.jpg,https://dlt.by/image/catalog/easyphoto/2152/poperechnye-perekladiny-dlya-podstolya-dlt-sorokonozhka-3m-h-1-5m-8.jpg,https://dlt.by/image/catalog/easyphoto/2152/poperechnye-perekladiny-dlya-podstolya-dlt-sorokonozhka-3m-h-1-5m-9.jpg,https://dlt.by/image/catalog/easyphoto/2152/poperechnye-perekladiny-dlya-podstolya-dlt-sorokonozhka-3m-h-1-5m-10.jpg,https://dlt.by/image/catalog/easyphoto/2152/poperechnye-perekladiny-dlya-podstolya-dlt-sorokonozhka-3m-h-1-5m-15.jpg,https://dlt.by/image/catalog/easyphoto/2152/poperechnye-perekladiny-dlya-podstolya-dlt-sorokonozhka-3m-h-1-5m-11.jpg,https://dlt.by/image/catalog/easyphoto/2152/poperechnye-perekladiny-dlya-podstolya-dlt-sorokonozhka-3m-h-1-5m-12.jpg,https://dlt.by/image/catalog/easyphoto/2152/poperechnye-perekladiny-dlya-podstolya-dlt-sorokonozhka-3m-h-1-5m-13.jpg,https://dlt.by/image/catalog/easyphoto/2152/poperechnye-perekladiny-dlya-podstolya-dlt-sorokonozhka-3m-h-1-5m-14.jpg,,,,,,,,,,,,,,,,,,,,,,,,,,,,,,,,,,,"
"Поперечные перекладины для подстолья DLT Сороконожка 2,35м х 1,2м NEW, арт.1836",Инструмент для укладки плитки>Строительные столы/верстаки/подстолья,1836,6 169.32,"https://dlt.by/image/catalog/easyphoto/2153/poperechnye-perekladiny-dlya-podstolya-dlt-sorokonozhka-2-35m-h-1-2m-16.jpg,https://dlt.by/image/catalog/easyphoto/2153/poperechnye-perekladiny-dlya-podstolya-dlt-sorokonozhka-2-35m-h-1-2m-6.jpg,https://dlt.by/image/catalog/easyphoto/2153/poperechnye-perekladiny-dlya-podstolya-dlt-sorokonozhka-2-35m-h-1-2m-10.jpg,https://dlt.by/image/catalog/easyphoto/2153/poperechnye-perekladiny-dlya-podstolya-dlt-sorokonozhka-2-35m-h-1-2m-7.jpg,https://dlt.by/image/catalog/easyphoto/2153/poperechnye-perekladiny-dlya-podstolya-dlt-sorokonozhka-2-35m-h-1-2m-8.jpg,https://dlt.by/image/catalog/easyphoto/2153/poperechnye-perekladiny-dlya-podstolya-dlt-sorokonozhka-2-35m-h-1-2m-9.jpg,https://dlt.by/image/catalog/easyphoto/2153/poperechnye-perekladiny-dlya-podstolya-dlt-sorokonozhka-2-35m-h-1-2m-11.jpg,https://dlt.by/image/catalog/easyphoto/2153/poperechnye-perekladiny-dlya-podstolya-dlt-sorokonozhka-2-35m-h-1-2m-12.jpg,https://dlt.by/image/catalog/easyphoto/2153/poperechnye-perekladiny-dlya-podstolya-dlt-sorokonozhka-2-35m-h-1-2m-15.jpg,https://dlt.by/image/catalog/easyphoto/2153/poperechnye-perekladiny-dlya-podstolya-dlt-sorokonozhka-2-35m-h-1-2m-13.jpg,https://dlt.by/image/catalog/easyphoto/2153/poperechnye-perekladiny-dlya-podstolya-dlt-sorokonozhka-2-35m-h-1-2m-14.jpg,,,,,,,,,,,,,,,,,,,,,,,,,,,,,,,,,,,"
"Фиксатор (барашек) пластиковый красный, арт.3603",Запчасти>Электрические плиткорезы для крупноформатной плитки>DLT SlimTronic,3603,186.58,"https://dlt.by/image/catalog/easyphoto/4308/fiksator-barashek-plastikovyy-krasnyy-art-3603-2.jpg,https://dlt.by/image/catalog/easyphoto/4308/fiksator-barashek-plastikovyy-krasnyy-art-3603-3.jpg,https://dlt.by/image/catalog/easyphoto/4308/fiksator-barashek-plastikovyy-krasnyy-art-3603-4.jpg,,,,,,,,,,,,,,,,,,,,,,,,,,,,,,,,,,,,,,,,,,,"
"Набор опор столешниц для подстолья DLT Сороконожка 3м старой версии (15шт), арт. 1969",Инструмент для укладки плитки>Строительные столы/верстаки/подстолья,1969,6 319.79,"https://dlt.by/image/catalog/easyphoto/2155/nabor-opor-stoleshnits-dlya-podstolya-dlt-sorokonozhka-3m-15sht-4.jpg,https://dlt.by/image/catalog/easyphoto/2155/nabor-opor-stoleshnits-dlya-podstolya-dlt-sorokonozhka-3m-15sht-5.jpg,https://dlt.by/image/catalog/easyphoto/2155/nabor-opor-stoleshnits-dlya-podstolya-dlt-sorokonozhka-3m-15sht-6.jpg,https://dlt.by/image/catalog/easyphoto/2155/nabor-opor-stoleshnits-dlya-podstolya-dlt-sorokonozhka-3m-15sht-7.jpg,https://dlt.by/image/catalog/easyphoto/2155/nabor-opor-stoleshnits-dlya-podstolya-dlt-sorokonozhka-3m-15sht-8.jpg,https://dlt.by/image/catalog/easyphoto/2155/nabor-opor-stoleshnits-dlya-podstolya-dlt-sorokonozhka-3m-15sht-9.jpg,,,,,,,,,,,,,,,,,,,,,,,,,,,,,,,,,,,,,,,,"
"Набор столешниц для подстолья DLT Сороконожка 1,5м старой версии (4шт), арт.2601",Инструмент для укладки плитки>Строительные столы/верстаки/подстолья,2601,10 532.98,"https://dlt.by/image/catalog/easyphoto/2156/nabor-stoleshnits-dlya-podstolya-dlt-sorokonozhka-1-5m-4sht-18.jpg,https://dlt.by/image/catalog/easyphoto/2156/nabor-stoleshnits-dlya-podstolya-dlt-sorokonozhka-1-5m-4sht-8.jpg,https://dlt.by/image/catalog/easyphoto/2156/nabor-stoleshnits-dlya-podstolya-dlt-sorokonozhka-1-5m-4sht-9.jpg,https://dlt.by/image/catalog/easyphoto/2156/nabor-stoleshnits-dlya-podstolya-dlt-sorokonozhka-1-5m-4sht-10.png,https://dlt.by/image/catalog/easyphoto/2156/nabor-stoleshnits-dlya-podstolya-dlt-sorokonozhka-1-5m-4sht-11.png,https://dlt.by/image/catalog/easyphoto/2156/nabor-stoleshnits-dlya-podstolya-dlt-sorokonozhka-1-5m-4sht-12.png,https://dlt.by/image/catalog/easyphoto/2156/nabor-stoleshnits-dlya-podstolya-dlt-sorokonozhka-1-5m-4sht-13.png,https://dlt.by/image/catalog/easyphoto/2156/nabor-stoleshnits-dlya-podstolya-dlt-sorokonozhka-1-5m-4sht-14.jpg,https://dlt.by/image/catalog/easyphoto/2156/nabor-stoleshnits-dlya-podstolya-dlt-sorokonozhka-1-5m-4sht-15.jpg,https://dlt.by/image/catalog/easyphoto/2156/nabor-stoleshnits-dlya-podstolya-dlt-sorokonozhka-1-5m-4sht-16.jpg,https://dlt.by/image/catalog/easyphoto/2156/nabor-stoleshnits-dlya-podstolya-dlt-sorokonozhka-1-5m-4sht-17.jpg,,,,,,,,,,,,,,,,,,,,,,,,,,,,,,,,,,,"
"Набор столешниц для подстолья DLT Сороконожка 3м старой версии (8шт), арт.1737",Инструмент для укладки плитки>Строительные столы/верстаки/подстолья,1737,16 551.82,"https://dlt.by/image/catalog/easyphoto/2157/nabor-stoleshnits-dlya-podstolya-dlt-sorokonozhka-3m-8sht-17.jpg,https://dlt.by/image/catalog/easyphoto/2157/nabor-stoleshnits-dlya-podstolya-dlt-sorokonozhka-3m-8sht-7.jpg,https://dlt.by/image/catalog/easyphoto/2157/nabor-stoleshnits-dlya-podstolya-dlt-sorokonozhka-3m-8sht-8.jpg,https://dlt.by/image/catalog/easyphoto/2157/nabor-stoleshnits-dlya-podstolya-dlt-sorokonozhka-3m-8sht-9.png,https://dlt.by/image/catalog/easyphoto/2157/nabor-stoleshnits-dlya-podstolya-dlt-sorokonozhka-3m-8sht-11.png,https://dlt.by/image/catalog/easyphoto/2157/nabor-stoleshnits-dlya-podstolya-dlt-sorokonozhka-3m-8sht-10.png,https://dlt.by/image/catalog/easyphoto/2157/nabor-stoleshnits-dlya-podstolya-dlt-sorokonozhka-3m-8sht-12.png,https://dlt.by/image/catalog/easyphoto/2157/nabor-stoleshnits-dlya-podstolya-dlt-sorokonozhka-3m-8sht-13.jpg,https://dlt.by/image/catalog/easyphoto/2157/nabor-stoleshnits-dlya-podstolya-dlt-sorokonozhka-3m-8sht-14.jpg,https://dlt.by/image/catalog/easyphoto/2157/nabor-stoleshnits-dlya-podstolya-dlt-sorokonozhka-3m-8sht-15.jpg,https://dlt.by/image/catalog/easyphoto/2157/nabor-stoleshnits-dlya-podstolya-dlt-sorokonozhka-3m-8sht-16.jpg,,,,,,,,,,,,,,,,,,,,,,,,,,,,,,,,,,,"
"Лазерный уровень (нивелир) Fukuda MW-94D-1-GX New, арт.1650",Лазерные нивелиры (лазерные уровни)>4D,1650,22 540.58,"https://dlt.by/image/catalog/easyphoto/2240/lazernyy-uroven-nivelir-fukuda-mw-94d-1-gx-new-20.jpg,https://dlt.by/image/catalog/easyphoto/2240/lazernyy-uroven-nivelir-fukuda-mw-94d-1-gx-new-6.gif,https://dlt.by/image/catalog/easyphoto/2240/lazernyy-uroven-nivelir-fukuda-mw-94d-1-gx-new-8.jpg,https://dlt.by/image/catalog/easyphoto/2240/lazernyy-uroven-nivelir-fukuda-mw-94d-1-gx-new-9.jpg,https://dlt.by/image/catalog/easyphoto/2240/lazernyy-uroven-nivelir-fukuda-mw-94d-1-gx-new-11.jpg,https://dlt.by/image/catalog/easyphoto/2240/lazernyy-uroven-nivelir-fukuda-mw-94d-1-gx-new-12.jpg,https://dlt.by/image/catalog/easyphoto/2240/lazernyy-uroven-nivelir-fukuda-mw-94d-1-gx-new-13.jpg,https://dlt.by/image/catalog/easyphoto/2240/lazernyy-uroven-nivelir-fukuda-mw-94d-1-gx-new-14.jpg,https://dlt.by/image/catalog/easyphoto/2240/lazernyy-uroven-nivelir-fukuda-mw-94d-1-gx-new-15.jpg,https://dlt.by/image/catalog/easyphoto/2240/lazernyy-uroven-nivelir-fukuda-mw-94d-1-gx-new-16.jpg,https://dlt.by/image/catalog/easyphoto/2240/lazernyy-uroven-nivelir-fukuda-mw-94d-1-gx-new-17.jpg,https://dlt.by/image/catalog/easyphoto/2240/lazernyy-uroven-nivelir-fukuda-mw-94d-1-gx-new-18.jpg,,,,,,,,,,,,,,,,,,,,,,,,,,,,,,,,,,"
"Клин (СВП) Profi Level Master (100 шт.) Малый, арт.2673",Система выравнивания плитки (СВП)>СВП Profi Level Master,2673,421.32,"https://dlt.by/image/catalog/easyphoto/3000/klin-profi-level-master-100-sht-malyy-6.jpg,https://dlt.by/image/catalog/easyphoto/3000/klin-profi-level-master-100-sht-malyy-2.jpg,https://dlt.by/image/catalog/easyphoto/3000/klin-profi-level-master-100-sht-malyy-3.jpg,https://dlt.by/image/catalog/easyphoto/3000/klin-profi-level-master-100-sht-malyy-7.jpg,,,,,,,,,,,,,,,,,,,,,,,,,,,,,,,,,,,,,,,,,,"
"Запасная часть каретки DLT SLIM Cutter KIT-plus, арт.1925",Запчасти>Системы резки крупноформата,1925,36.11,"https://dlt.by/image/catalog/easyphoto/2159/zapasnaya-chast-karetki-dlt-slim-cutter-kit-plus-4.jpg,https://dlt.by/image/catalog/easyphoto/2159/zapasnaya-chast-karetki-dlt-slim-cutter-kit-plus-5.jpg,https://dlt.by/image/catalog/easyphoto/2159/zapasnaya-chast-karetki-dlt-slim-cutter-kit-plus-6.jpg,https://dlt.by/image/catalog/easyphoto/2159/zapasnaya-chast-karetki-dlt-slim-cutter-kit-plus-7.jpg,,,,,,,,,,,,,,,,,,,,,,,,,,,,,,,,,,,,,,,,,,"
"Гребенка из пружинной стали BIHUI 280*115 мм, зуб 6 мм, арт.PTCB06",Инструмент для укладки плитки>Гребенки>Зуб 3-6мм,PTCB06,631.98,"https://dlt.by/image/catalog/easyphoto/2160/zubchatyy-shpatel-grebenka-bihui-zub-6mm-art-ptcb06-7.jpg,https://dlt.by/image/catalog/easyphoto/2160/zubchatyy-shpatel-grebenka-bihui-zub-6mm-art-ptcb06-5.jpg,https://dlt.by/image/catalog/easyphoto/2160/zubchatyy-shpatel-grebenka-bihui-zub-6mm-art-ptcb06-6.jpg,https://dlt.by/image/catalog/easyphoto/2160/zubchatyy-shpatel-grebenka-bihui-zub-6mm-art-ptcb06-8.jpg,,,,,,,,,,,,,,,,,,,,,,,,,,,,,,,,,,,,,,,,,,"
"Крепление-застёжка корпуса для пылесоса DLT PL208/ PL PRO/ PL PRO MAX, арт.1841",Запчасти>Пылесосы,1841,216.68,"https://dlt.by/image/catalog/easyphoto/2161/kreplenie-zastezhka-korpusa-dlya-pylesosa-dlt-pl208-3.jpg,https://dlt.by/image/catalog/easyphoto/2161/kreplenie-zastezhka-korpusa-dlya-pylesosa-dlt-pl208-4.jpg,https://dlt.by/image/catalog/easyphoto/2161/kreplenie-zastezhka-korpusa-dlya-pylesosa-dlt-pl208-5.jpg,,,,,,,,,,,,,,,,,,,,,,,,,,,,,,,,,,,,,,,,,,,"
"Кнопка переключения для пылесоса DLT PL208/ PL PRO, арт.1843",Запчасти>Пылесосы,1843,306.96,"https://dlt.by/image/catalog/easyphoto/2162/knopka-pereklyucheniya-dlya-pylesosa-dlt-pl208-4.jpg,https://dlt.by/image/catalog/easyphoto/2162/knopka-pereklyucheniya-dlya-pylesosa-dlt-pl208-5.jpg,https://dlt.by/image/catalog/easyphoto/2162/knopka-pereklyucheniya-dlya-pylesosa-dlt-pl208-6.jpg,,,,,,,,,,,,,,,,,,,,,,,,,,,,,,,,,,,,,,,,,,,"
"Крепление фильтра для пылесоса DLT PL208/ PL PRO/ PL PRO MAX., арт.1839",Запчасти>Пылесосы,1839,216.68,"https://dlt.by/image/catalog/easyphoto/2163/kreplenie-filtra-dlya-pylesosa-dlt-pl208-3.jpg,https://dlt.by/image/catalog/easyphoto/2163/kreplenie-filtra-dlya-pylesosa-dlt-pl208-4.jpg,https://dlt.by/image/catalog/easyphoto/2163/kreplenie-filtra-dlya-pylesosa-dlt-pl208-5.jpg,https://dlt.by/image/catalog/easyphoto/2163/kreplenie-filtra-dlya-pylesosa-dlt-pl208-6.jpg,,,,,,,,,,,,,,,,,,,,,,,,,,,,,,,,,,,,,,,,,,"
"Электромеханический клапан для пылесоса DLT PL208/ PL PRO/ PL PRO MAX, арт.1844",Запчасти>Пылесосы,1844,2 407.54,"https://dlt.by/image/catalog/easyphoto/2164/elektromehanicheskiy-klapan-dlya-pylesosa-dlt-pl208-2.jpg,https://dlt.by/image/catalog/easyphoto/2164/elektromehanicheskiy-klapan-dlya-pylesosa-dlt-pl208-3.jpg,https://dlt.by/image/catalog/easyphoto/2164/elektromehanicheskiy-klapan-dlya-pylesosa-dlt-pl208-4.jpg,https://dlt.by/image/catalog/easyphoto/2164/elektromehanicheskiy-klapan-dlya-pylesosa-dlt-pl208-5.jpg,,,,,,,,,,,,,,,,,,,,,,,,,,,,,,,,,,,,,,,,,,"
"Плата управления для пылесоса DLT PL208/ PL PRO, арт.1842",Запчасти>Пылесосы,1842,3 310.36,"https://dlt.by/image/catalog/easyphoto/2165/plata-upravleniya-dlya-pylesosa-dlt-pl208-2.jpg,https://dlt.by/image/catalog/easyphoto/2165/plata-upravleniya-dlya-pylesosa-dlt-pl208-3.jpg,https://dlt.by/image/catalog/easyphoto/2165/plata-upravleniya-dlya-pylesosa-dlt-pl208-4.jpg,,,,,,,,,,,,,,,,,,,,,,,,,,,,,,,,,,,,,,,,,,,"
"Двигатель для пылесоса DLT PL208/ PL PRO/ PL PRO MAX, арт.1840",Запчасти>Пылесосы,1840,4 815.08,"https://dlt.by/image/catalog/easyphoto/2166/dvigatel-dlya-pylesosa-dlt-pl208-2.jpg,https://dlt.by/image/catalog/easyphoto/2166/dvigatel-dlya-pylesosa-dlt-pl208-3.jpg,,,,,,,,,,,,,,,,,,,,,,,,,,,,,,,,,,,,,,,,,,,,"
"Малярный шпатель Rollingdog Ultra-Flex 6"" (150мм), серия Elite, арт.50385",Акции на строительный инструмент,50385,466.46,"https://dlt.by/image/catalog/easyphoto/2392/malyarnyy-shpatel-rollingdog-ultra-flex-6-150mm-seriya-elite-art-50385-1.jpg,https://dlt.by/image/catalog/easyphoto/2392/malyarnyy-shpatel-rollingdog-ultra-flex-6-150mm-seriya-elite-art-50385-2.jpg,https://dlt.by/image/catalog/easyphoto/2392/malyarnyy-shpatel-rollingdog-ultra-flex-6-150mm-seriya-elite-art-50385-3.jpg,,,,,,,,,,,,,,,,,,,,,,,,,,,,,,,,,,,,,,,,,,,"
"Малярный шпатель Rollingdog Ultra-Flex 5"" (125мм), серия Elite, арт.50384",Акции на строительный инструмент,50384,427.34,"https://dlt.by/image/catalog/easyphoto/2391/malyarnyy-shpatel-rollingdog-ultra-flex-5-125mm-seriya-elite-art-50384-8.jpg,https://dlt.by/image/catalog/easyphoto/2391/malyarnyy-shpatel-rollingdog-ultra-flex-5-125mm-seriya-elite-art-50384-9.jpg,https://dlt.by/image/catalog/easyphoto/2391/malyarnyy-shpatel-rollingdog-ultra-flex-5-125mm-seriya-elite-art-50384-10.jpg,,,,,,,,,,,,,,,,,,,,,,,,,,,,,,,,,,,,,,,,,,,"
"Валик для нанесения шпатлевки с бюгелем DLT 18см, ворс 10мм, арт.1822",Шпателя для механизированной шпатлевки>Валики для нанесения шпатлевки,1822,634.99,"https://dlt.by/image/catalog/easyphoto/2170/valik-dlya-naneseniya-shpatlevki-s-byugelem-dlt-18sm-vors-10mm-art-1822-5.jpg,https://dlt.by/image/catalog/easyphoto/2170/valik-dlya-naneseniya-shpatlevki-s-byugelem-dlt-18sm-vors-10mm-art-1822-9.jpg,https://dlt.by/image/catalog/easyphoto/2170/valik-dlya-naneseniya-shpatlevki-s-byugelem-dlt-18sm-vors-10mm-art-1822-6.jpg,https://dlt.by/image/catalog/easyphoto/2170/valik-dlya-naneseniya-shpatlevki-s-byugelem-dlt-18sm-vors-10mm-art-1822-7.jpg,https://dlt.by/image/catalog/easyphoto/2170/valik-dlya-naneseniya-shpatlevki-s-byugelem-dlt-18sm-vors-10mm-art-1822-8.jpg,https://dlt.by/image/catalog/easyphoto/2170/valik-dlya-naneseniya-shpatlevki-s-byugelem-dlt-18sm-vors-10mm-art-1822-10.jpg,,,,,,,,,,,,,,,,,,,,,,,,,,,,,,,,,,,,,,,,"
"Скребок с 5 сменными лезвиями Rollingdog 4""(100мм), Rollingdog серия Professional, арт.50375",Бренды>Малярный инструмент ROLLINGDOG,50375,213.67,"https://dlt.by/image/catalog/easyphoto/2389/skrebok-s-5-smennymi-lezviyami-rollingdog-4-100mm-rollingdog-seriya-professional-art-50375-5.jpg,https://dlt.by/image/catalog/easyphoto/2389/skrebok-s-5-smennymi-lezviyami-rollingdog-4-100mm-rollingdog-seriya-professional-art-50375-6.jpg,https://dlt.by/image/catalog/easyphoto/2389/skrebok-s-5-smennymi-lezviyami-rollingdog-4-100mm-rollingdog-seriya-professional-art-50375-7.jpg,https://dlt.by/image/catalog/easyphoto/2389/skrebok-s-5-smennymi-lezviyami-rollingdog-4-100mm-rollingdog-seriya-professional-art-50375-8.jpg,https://dlt.by/image/catalog/easyphoto/2389/skrebok-s-5-smennymi-lezviyami-rollingdog-4-100mm-rollingdog-seriya-professional-art-50375-10.jpg,https://dlt.by/image/catalog/easyphoto/2389/skrebok-s-5-smennymi-lezviyami-rollingdog-4-100mm-rollingdog-seriya-professional-art-50375-9.jpg,,,,,,,,,,,,,,,,,,,,,,,,,,,,,,,,,,,,,,,,"
"Набор шпателей Rollingdog 1.5/ 4/ 8"" (37/100/200мм), серия Professional, арт.50369",Шпателя для механизированной шпатлевки>Малярные шпателя,50369,842.64,"https://dlt.by/image/catalog/easyphoto/2388/nabor-shpateley-rollingdog-1-5-4-8-37-100-200mm-seriya-professional-art-50369-10.jpg,https://dlt.by/image/catalog/easyphoto/2388/nabor-shpateley-rollingdog-1-5-4-8-37-100-200mm-seriya-professional-art-50369-11.jpg,https://dlt.by/image/catalog/easyphoto/2388/nabor-shpateley-rollingdog-1-5-4-8-37-100-200mm-seriya-professional-art-50369-12.jpg,https://dlt.by/image/catalog/easyphoto/2388/nabor-shpateley-rollingdog-1-5-4-8-37-100-200mm-seriya-professional-art-50369-13.jpg,,,,,,,,,,,,,,,,,,,,,,,,,,,,,,,,,,,,,,,,,,"
"Диск алмазный DLT №31 (BLISS), 125мм, арт.1692",Алмазная оснастка >Алмазные диски>Алмазные диски по керамике/керамограниту/граниту/мрамору,1692,2 076.50,"https://dlt.by/image/catalog/easyphoto/2167/disk-almaznyy-dlt-31-bliss-125mm-4.jpg,https://dlt.by/image/catalog/easyphoto/2167/disk-almaznyy-dlt-31-bliss-125mm-2.jpg,https://dlt.by/image/catalog/easyphoto/2167/disk-almaznyy-dlt-31-bliss-125mm-3.jpg,,,,,,,,,,,,,,,,,,,,,,,,,,,,,,,,,,,,,,,,,,,"
"Система фиксации углов и регулировки плиточного пространства DLT VST MAX, арт.1440",Инструмент для укладки плитки>Присоски для плитки и стекла>Системы стягивания и фиксации,1440,13 993.82,"https://dlt.by/image/catalog/easyphoto/2237/sistema-fiksatsii-uglov-i-regulirovki-plitochnogo-prostranstva-dlt-vst-max-6.jpg,https://dlt.by/image/catalog/easyphoto/2237/sistema-fiksatsii-uglov-i-regulirovki-plitochnogo-prostranstva-dlt-vst-max-7.jpg,https://dlt.by/image/catalog/easyphoto/2237/sistema-fiksatsii-uglov-i-regulirovki-plitochnogo-prostranstva-dlt-vst-max-8.jpg,https://dlt.by/image/catalog/easyphoto/2237/sistema-fiksatsii-uglov-i-regulirovki-plitochnogo-prostranstva-dlt-vst-max-9.jpg,https://dlt.by/image/catalog/easyphoto/2237/sistema-fiksatsii-uglov-i-regulirovki-plitochnogo-prostranstva-dlt-vst-max-10.jpg,https://dlt.by/image/catalog/easyphoto/2237/sistema-fiksatsii-uglov-i-regulirovki-plitochnogo-prostranstva-dlt-vst-max-14.jpg,https://dlt.by/image/catalog/easyphoto/2237/sistema-fiksatsii-uglov-i-regulirovki-plitochnogo-prostranstva-dlt-vst-max-11.jpg,https://dlt.by/image/catalog/easyphoto/2237/sistema-fiksatsii-uglov-i-regulirovki-plitochnogo-prostranstva-dlt-vst-max-12.jpg,https://dlt.by/image/catalog/easyphoto/2237/sistema-fiksatsii-uglov-i-regulirovki-plitochnogo-prostranstva-dlt-vst-max-13.jpg,https://dlt.by/image/catalog/easyphoto/2237/sistema-fiksatsii-uglov-i-regulirovki-plitochnogo-prostranstva-dlt-vst-max-15.jpg,https://dlt.by/image/catalog/easyphoto/2237/sistema-fiksatsii-uglov-i-regulirovki-plitochnogo-prostranstva-dlt-vst-max-16.jpg,https://dlt.by/image/catalog/easyphoto/2237/sistema-fiksatsii-uglov-i-regulirovki-plitochnogo-prostranstva-dlt-vst-max-17.jpg,https://dlt.by/image/catalog/easyphoto/2237/sistema-fiksatsii-uglov-i-regulirovki-plitochnogo-prostranstva-dlt-vst-max-18.jpg,https://dlt.by/image/catalog/easyphoto/2237/sistema-fiksatsii-uglov-i-regulirovki-plitochnogo-prostranstva-dlt-vst-max-19.jpg,,,,,,,,,,,,,,,,,,,,,,,,,,,,,,,,"
"Уголок монтажный, 90 градусов, 14см, (L-образный зажим), алюминиевый, арт.1965",Инструмент для укладки плитки>Уголки для фиксации плитки,1965,812.54,"https://dlt.by/image/catalog/easyphoto/2168/ugolok-montazhnyy-90-gradusov-14sm-l-obraznyy-zazhim-alyuminievyy-3.jpg,https://dlt.by/image/catalog/easyphoto/2168/ugolok-montazhnyy-90-gradusov-14sm-l-obraznyy-zazhim-alyuminievyy-4.jpg,https://dlt.by/image/catalog/easyphoto/2168/ugolok-montazhnyy-90-gradusov-14sm-l-obraznyy-zazhim-alyuminievyy-5.jpg,https://dlt.by/image/catalog/easyphoto/2168/ugolok-montazhnyy-90-gradusov-14sm-l-obraznyy-zazhim-alyuminievyy-6.jpg,https://dlt.by/image/catalog/easyphoto/2168/ugolok-montazhnyy-90-gradusov-14sm-l-obraznyy-zazhim-alyuminievyy-7.jpg,,,,,,,,,,,,,,,,,,,,,,,,,,,,,,,,,,,,,,,,,"
"Запасные щётки двигателя для шлифмашины DLT R7202/GrandFlex V02, арт.1986",Запчасти>Шлифмашины ручные/жираф,1986,337.06,"https://dlt.by/image/catalog/easyphoto/2961/zapasnye-shchetki-dvigatelya-dlya-shlifmashiny-dlt-r7202-2.jpg,https://dlt.by/image/catalog/easyphoto/2961/zapasnye-shchetki-dvigatelya-dlya-shlifmashiny-dlt-r7202-3.jpg,,,,,,,,,,,,,,,,,,,,,,,,,,,,,,,,,,,,,,,,,,,,"
"Валик для нанесения шпатлевки DLT 18см, ворс 10мм, для бюгеля 8мм, арт.1823",Малярный и штукатурный инструмент>Валики для нанесения шпатлевки,1823,451.41,"https://dlt.by/image/catalog/easyphoto/2171/valik-dlya-naneseniya-shpatlevki-dlt-18sm-vors-10mm-dlya-byugelya-8mm-art-1823-7.jpg,https://dlt.by/image/catalog/easyphoto/2171/valik-dlya-naneseniya-shpatlevki-dlt-18sm-vors-10mm-dlya-byugelya-8mm-art-1823-6.jpg,https://dlt.by/image/catalog/easyphoto/2171/valik-dlya-naneseniya-shpatlevki-dlt-18sm-vors-10mm-dlya-byugelya-8mm-art-1823-8.jpg,,,,,,,,,,,,,,,,,,,,,,,,,,,,,,,,,,,,,,,,,,,"
"Валик для нанесения шпатлевки DLT 23см, ворс 10мм, ВАЖНО для бюгеля 8мм, арт.1824",Малярный и штукатурный инструмент>Валики малярные,1824,511.60,"https://dlt.by/image/catalog/easyphoto/2172/valik-dlya-naneseniya-shpatlevki-dlt-23sm-vors-10mm-dlya-byugelya-8mm-art-1824-4.jpg,https://dlt.by/image/catalog/easyphoto/2172/valik-dlya-naneseniya-shpatlevki-dlt-23sm-vors-10mm-dlya-byugelya-8mm-art-1824-3.jpg,https://dlt.by/image/catalog/easyphoto/2172/valik-dlya-naneseniya-shpatlevki-dlt-23sm-vors-10mm-dlya-byugelya-8mm-art-1824-5.jpg,,,,,,,,,,,,,,,,,,,,,,,,,,,,,,,,,,,,,,,,,,,"
"Алмазный диск DLT №9 (КОРОЛЬ ДИСКОВ), 115мм, арт.1897",Алмазная оснастка>Алмазные диски>Алмазные диски по керамике/керамограниту/граниту/мрамору,1897,1 173.67,"https://dlt.by/image/catalog/easyphoto/2173/almaznyy-disk-dlt-9-korol-diskov-115mm-3.jpg,https://dlt.by/image/catalog/easyphoto/2173/almaznyy-disk-dlt-9-korol-diskov-115mm-4.jpg,https://dlt.by/image/catalog/easyphoto/2173/almaznyy-disk-dlt-9-korol-diskov-115mm-5.jpg,,,,,,,,,,,,,,,,,,,,,,,,,,,,,,,,,,,,,,,,,,,"
"Набор алмазных дисков DLT с титановым покрытием для гравера, 10шт, 45мм, арт.1898",Алмазная оснастка>Алмазные диски>Алмазные диски для гравера,1898,1 354.24,"https://dlt.by/image/catalog/easyphoto/2174/nabor-almaznyh-diskov-dlt-s-titanovym-pokrytiem-dlya-gravera-10sht-45mm-1.jpg,https://dlt.by/image/catalog/easyphoto/2174/nabor-almaznyh-diskov-dlt-s-titanovym-pokrytiem-dlya-gravera-10sht-45mm-2.jpg,https://dlt.by/image/catalog/easyphoto/2174/nabor-almaznyh-diskov-dlt-s-titanovym-pokrytiem-dlya-gravera-10sht-45mm-3.jpg,https://dlt.by/image/catalog/easyphoto/2174/nabor-almaznyh-diskov-dlt-s-titanovym-pokrytiem-dlya-gravera-10sht-45mm-4.jpg,https://dlt.by/image/catalog/easyphoto/2174/nabor-almaznyh-diskov-dlt-s-titanovym-pokrytiem-dlya-gravera-10sht-45mm-5.jpg,https://dlt.by/image/catalog/easyphoto/2174/nabor-almaznyh-diskov-dlt-s-titanovym-pokrytiem-dlya-gravera-10sht-45mm-6.jpg,,,,,,,,,,,,,,,,,,,,,,,,,,,,,,,,,,,,,,,,"
"Набор алмазных дисков DLT с титановым покрытием для гравера, 10шт, 60мм, арт.1899",Алмазная оснастка>Алмазные диски>Алмазные диски для гравера,1899,1 564.90,"https://dlt.by/image/catalog/easyphoto/2176/nabor-almaznyh-diskov-dlt-s-titanovym-pokrytiem-dlya-gravera-10sht-60mm-1.jpg,https://dlt.by/image/catalog/easyphoto/2176/nabor-almaznyh-diskov-dlt-s-titanovym-pokrytiem-dlya-gravera-10sht-60mm-2.jpg,https://dlt.by/image/catalog/easyphoto/2176/nabor-almaznyh-diskov-dlt-s-titanovym-pokrytiem-dlya-gravera-10sht-60mm-3.jpg,https://dlt.by/image/catalog/easyphoto/2176/nabor-almaznyh-diskov-dlt-s-titanovym-pokrytiem-dlya-gravera-10sht-60mm-4.jpg,https://dlt.by/image/catalog/easyphoto/2176/nabor-almaznyh-diskov-dlt-s-titanovym-pokrytiem-dlya-gravera-10sht-60mm-5.jpg,https://dlt.by/image/catalog/easyphoto/2176/nabor-almaznyh-diskov-dlt-s-titanovym-pokrytiem-dlya-gravera-10sht-60mm-6.jpg,,,,,,,,,,,,,,,,,,,,,,,,,,,,,,,,,,,,,,,,"
"Алмазная фреза для плитки DLT CERAMIC, 30мм, арт.1901",Алмазная оснастка>Алмазные коронки для плитки ,1901,2 407.54,"https://dlt.by/image/catalog/easyphoto/2177/almaznaya-freza-dlya-plitki-dlt-ceramic-30mm-5.jpg,https://dlt.by/image/catalog/easyphoto/2177/almaznaya-freza-dlya-plitki-dlt-ceramic-30mm-7.jpg,https://dlt.by/image/catalog/easyphoto/2177/almaznaya-freza-dlya-plitki-dlt-ceramic-30mm-6.jpg,,,,,,,,,,,,,,,,,,,,,,,,,,,,,,,,,,,,,,,,,,,"
"Притир ручной алмазный DLT #50, арт.1960",Инструмент для укладки плитки>Алмазные притиры>Р50-60,1960,902.83,"https://dlt.by/image/catalog/easyphoto/2178/pritir-ruchnoy-almaznyy-dlt-50-10.jpg,https://dlt.by/image/catalog/easyphoto/2178/pritir-ruchnoy-almaznyy-dlt-50-11.jpg,https://dlt.by/image/catalog/easyphoto/2178/pritir-ruchnoy-almaznyy-dlt-50-12.jpg,https://dlt.by/image/catalog/easyphoto/2178/pritir-ruchnoy-almaznyy-dlt-50-13.jpg,https://dlt.by/image/catalog/easyphoto/2178/pritir-ruchnoy-almaznyy-dlt-50-14.jpg,,,,,,,,,,,,,,,,,,,,,,,,,,,,,,,,,,,,,,,,,"
"Притир ручной алмазный DLT #200, арт.1962",Инструмент для укладки плитки>Алмазные притиры>Р200,1962,842.64,"https://dlt.by/image/catalog/easyphoto/2183/pritir-ruchnoy-almaznyy-dlt-200-10.jpg,https://dlt.by/image/catalog/easyphoto/2183/pritir-ruchnoy-almaznyy-dlt-200-11.jpg,https://dlt.by/image/catalog/easyphoto/2183/pritir-ruchnoy-almaznyy-dlt-200-12.jpg,https://dlt.by/image/catalog/easyphoto/2183/pritir-ruchnoy-almaznyy-dlt-200-13.jpg,https://dlt.by/image/catalog/easyphoto/2183/pritir-ruchnoy-almaznyy-dlt-200-14.jpg,,,,,,,,,,,,,,,,,,,,,,,,,,,,,,,,,,,,,,,,,"
"Притир ручной алмазный DLT #100, арт.1961",Инструмент для укладки плитки>Алмазные притиры>Р100-120,1961,842.64,"https://dlt.by/image/catalog/easyphoto/2182/pritir-ruchnoy-almaznyy-dlt-100-10.jpg,https://dlt.by/image/catalog/easyphoto/2182/pritir-ruchnoy-almaznyy-dlt-100-11.jpg,https://dlt.by/image/catalog/easyphoto/2182/pritir-ruchnoy-almaznyy-dlt-100-12.jpg,https://dlt.by/image/catalog/easyphoto/2182/pritir-ruchnoy-almaznyy-dlt-100-13.jpg,https://dlt.by/image/catalog/easyphoto/2182/pritir-ruchnoy-almaznyy-dlt-100-14.jpg,,,,,,,,,,,,,,,,,,,,,,,,,,,,,,,,,,,,,,,,,"
"Тарелка опорная для алмазных черепашек DLT Ø100мм (резиновая), арт.1889",Инструмент для укладки плитки>Круг алмазный гибкий шлифовальный>Аксессуары,1889,722.26,"https://dlt.by/image/catalog/easyphoto/2187/tarelka-opornaya-dlya-almaznyh-cherepashek-100mm-rezinovaya-4.jpg,https://dlt.by/image/catalog/easyphoto/2187/tarelka-opornaya-dlya-almaznyh-cherepashek-100mm-rezinovaya-2.jpg,https://dlt.by/image/catalog/easyphoto/2187/tarelka-opornaya-dlya-almaznyh-cherepashek-100mm-rezinovaya-1.jpg,https://dlt.by/image/catalog/easyphoto/2187/tarelka-opornaya-dlya-almaznyh-cherepashek-100mm-rezinovaya-3.jpg,,,,,,,,,,,,,,,,,,,,,,,,,,,,,,,,,,,,,,,,,,"
"Малярный шпатель DLT Finish версия PRO, h-образный, 15см (лезвия 0,3 и 0,5мм), арт.1656",Шпателя для механизированной шпатлевки,16561,487.53,"https://dlt.by/image/catalog/easyphoto/2189/malyarnyy-shpatel-dlt-finish-versiya-pro-h-obraznyy-15sm-lezviya-0-3-i-0-5mm-2.jpg,https://dlt.by/image/catalog/easyphoto/2189/malyarnyy-shpatel-dlt-finish-versiya-pro-h-obraznyy-15sm-lezviya-0-3-i-0-5mm-3.jpg,https://dlt.by/image/catalog/easyphoto/2189/malyarnyy-shpatel-dlt-finish-versiya-pro-h-obraznyy-15sm-lezviya-0-3-i-0-5mm-4.jpg,https://dlt.by/image/catalog/easyphoto/2189/malyarnyy-shpatel-dlt-finish-versiya-pro-h-obraznyy-15sm-lezviya-0-3-i-0-5mm-5.jpg,,,,,,,,,,,,,,,,,,,,,,,,,,,,,,,,,,,,,,,,,,"
"Лезвие для шпателя DLT Finish версия PRO толщина 0,5мм, 15см, арт.1680",Шпателя для механизированной шпатлевки,16801,276.87,"https://dlt.by/image/catalog/easyphoto/2191/lezvie-dlya-shpatelya-dlt-finish-versiya-pro-tolshchina-0-5mm-15sm-2.jpg,https://dlt.by/image/catalog/easyphoto/2191/lezvie-dlya-shpatelya-dlt-finish-versiya-pro-tolshchina-0-5mm-15sm-3.jpg,https://dlt.by/image/catalog/easyphoto/2191/lezvie-dlya-shpatelya-dlt-finish-versiya-pro-tolshchina-0-5mm-15sm-4.jpg,https://dlt.by/image/catalog/easyphoto/2191/lezvie-dlya-shpatelya-dlt-finish-versiya-pro-tolshchina-0-5mm-15sm-5.jpg,,,,,,,,,,,,,,,,,,,,,,,,,,,,,,,,,,,,,,,,,,"
"Сетка абразивная 225 мм Р60 (упаковка 10шт), арт.1696",Малярный и штукатурный инструмент>Абразивные материалы>Шлифовальные круги>P40-60,1696,1 444.52,"https://dlt.by/image/catalog/easyphoto/2192/setka-abrazivnaya-225-mm-r60-upakovka-10sht-1.jpg,https://dlt.by/image/catalog/easyphoto/2192/setka-abrazivnaya-225-mm-r60-upakovka-10sht-2.jpg,https://dlt.by/image/catalog/easyphoto/2192/setka-abrazivnaya-225-mm-r60-upakovka-10sht-3.jpg,,,,,,,,,,,,,,,,,,,,,,,,,,,,,,,,,,,,,,,,,,,"
"Сетка абразивная 225 мм Р100 (упаковка 10шт), арт.1698",Акции на строительный инструмент,1698,1 324.15,"https://dlt.by/image/catalog/easyphoto/2193/setka-abrazivnaya-225-mm-r100-upakovka-10sht-1.jpg,https://dlt.by/image/catalog/easyphoto/2193/setka-abrazivnaya-225-mm-r100-upakovka-10sht-2.jpg,https://dlt.by/image/catalog/easyphoto/2193/setka-abrazivnaya-225-mm-r100-upakovka-10sht-3.jpg,,,,,,,,,,,,,,,,,,,,,,,,,,,,,,,,,,,,,,,,,,,"
"Малярный шпатель DLT Finish версия PRO, полукруглый, h-образный, арт.1653",Шпателя для механизированной шпатлевки>Шпателя для механизированного нанесения,1653,391.22,"https://dlt.by/image/catalog/easyphoto/2195/malyarnyy-shpatel-dlt-finish-versiya-pro-polukruglyy-h-obraznyy-2.jpg,,,,,,,,,,,,,,,,,,,,,,,,,,,,,,,,,,,,,,,,,,,,,"
"Сетка абразивная 225 мм Р120 (упаковка 10шт), арт.1699",Акции на строительный инструмент,1699,1 263.96,"https://dlt.by/image/catalog/easyphoto/2196/setka-abrazivnaya-225-mm-r120-upakovka-10sht-1.jpg,https://dlt.by/image/catalog/easyphoto/2196/setka-abrazivnaya-225-mm-r120-upakovka-10sht-2.jpg,https://dlt.by/image/catalog/easyphoto/2196/setka-abrazivnaya-225-mm-r120-upakovka-10sht-3.jpg,,,,,,,,,,,,,,,,,,,,,,,,,,,,,,,,,,,,,,,,,,,"
"Сетка абразивная 225 мм Р150 (упаковка 10шт), арт.1700",Акции на строительный инструмент,1700,1 263.96,"https://dlt.by/image/catalog/easyphoto/2197/setka-abrazivnaya-225-mm-r150-upakovka-10sht-1.jpg,https://dlt.by/image/catalog/easyphoto/2197/setka-abrazivnaya-225-mm-r150-upakovka-10sht-2.jpg,https://dlt.by/image/catalog/easyphoto/2197/setka-abrazivnaya-225-mm-r150-upakovka-10sht-3.jpg,,,,,,,,,,,,,,,,,,,,,,,,,,,,,,,,,,,,,,,,,,,"
"Сетка абразивная 225 мм Р400 (упаковка 10шт), арт.1701",Малярный и штукатурный инструмент>Абразивные материалы>Шлифовальные сетки,1701,1 143.58,"https://dlt.by/image/catalog/easyphoto/2198/setka-abrazivnaya-225-mm-r400-upakovka-10sht-1.jpg,https://dlt.by/image/catalog/easyphoto/2198/setka-abrazivnaya-225-mm-r400-upakovka-10sht-2.jpg,https://dlt.by/image/catalog/easyphoto/2198/setka-abrazivnaya-225-mm-r400-upakovka-10sht-3.jpg,,,,,,,,,,,,,,,,,,,,,,,,,,,,,,,,,,,,,,,,,,,"
"Лезвие для шпателя DLT Finish версия PRO толщина 0,3мм, 20см, арт.1669",Шпателя для механизированной шпатлевки,16691,276.87,"https://dlt.by/image/catalog/easyphoto/2199/lezvie-dlya-shpatelya-dlt-finish-versiya-pro-tolshchina-0-3mm-20sm-1.jpg,https://dlt.by/image/catalog/easyphoto/2199/lezvie-dlya-shpatelya-dlt-finish-versiya-pro-tolshchina-0-3mm-20sm-2.jpg,https://dlt.by/image/catalog/easyphoto/2199/lezvie-dlya-shpatelya-dlt-finish-versiya-pro-tolshchina-0-3mm-20sm-3.jpg,https://dlt.by/image/catalog/easyphoto/2199/lezvie-dlya-shpatelya-dlt-finish-versiya-pro-tolshchina-0-3mm-20sm-4.jpg,,,,,,,,,,,,,,,,,,,,,,,,,,,,,,,,,,,,,,,,,,"
"Лезвие для шпателя DLT Finish версия PRO толщина 0,3мм, 25см, арт.1670",Шпателя для механизированной шпатлевки,16701,276.87,"https://dlt.by/image/catalog/easyphoto/2200/lezvie-dlya-shpatelya-dlt-finish-versiya-pro-tolshchina-0-3mm-25sm-1.jpg,https://dlt.by/image/catalog/easyphoto/2200/lezvie-dlya-shpatelya-dlt-finish-versiya-pro-tolshchina-0-3mm-25sm-2.jpg,https://dlt.by/image/catalog/easyphoto/2200/lezvie-dlya-shpatelya-dlt-finish-versiya-pro-tolshchina-0-3mm-25sm-3.jpg,https://dlt.by/image/catalog/easyphoto/2200/lezvie-dlya-shpatelya-dlt-finish-versiya-pro-tolshchina-0-3mm-25sm-4.jpg,,,,,,,,,,,,,,,,,,,,,,,,,,,,,,,,,,,,,,,,,,"
"Лезвие для шпателя DLT Finish версия PRO толщина 0,3мм, 30см, арт.1671",Шпателя для механизированной шпатлевки,16711,276.87,"https://dlt.by/image/catalog/easyphoto/2201/lezvie-dlya-shpatelya-dlt-finish-versiya-pro-tolshchina-0-3mm-30sm-1.jpg,https://dlt.by/image/catalog/easyphoto/2201/lezvie-dlya-shpatelya-dlt-finish-versiya-pro-tolshchina-0-3mm-30sm-2.jpg,https://dlt.by/image/catalog/easyphoto/2201/lezvie-dlya-shpatelya-dlt-finish-versiya-pro-tolshchina-0-3mm-30sm-3.jpg,https://dlt.by/image/catalog/easyphoto/2201/lezvie-dlya-shpatelya-dlt-finish-versiya-pro-tolshchina-0-3mm-30sm-4.jpg,,,,,,,,,,,,,,,,,,,,,,,,,,,,,,,,,,,,,,,,,,"
"Лезвие для шпателя DLT Finish версия PRO толщина 0,3мм, 35см, арт.1672",Шпателя для механизированной шпатлевки,16721,276.87,"https://dlt.by/image/catalog/easyphoto/2202/lezvie-dlya-shpatelya-dlt-finish-versiya-pro-tolshchina-0-3mm-35sm-1.jpg,https://dlt.by/image/catalog/easyphoto/2202/lezvie-dlya-shpatelya-dlt-finish-versiya-pro-tolshchina-0-3mm-35sm-2.jpg,https://dlt.by/image/catalog/easyphoto/2202/lezvie-dlya-shpatelya-dlt-finish-versiya-pro-tolshchina-0-3mm-35sm-3.jpg,https://dlt.by/image/catalog/easyphoto/2202/lezvie-dlya-shpatelya-dlt-finish-versiya-pro-tolshchina-0-3mm-35sm-4.jpg,,,,,,,,,,,,,,,,,,,,,,,,,,,,,,,,,,,,,,,,,,"
"Лезвие для шпателя DLT Finish версия PRO толщина 0,3мм, 40см, арт.1673",Шпателя для механизированной шпатлевки,16731,276.87,"https://dlt.by/image/catalog/easyphoto/2203/lezvie-dlya-shpatelya-dlt-finish-versiya-pro-tolshchina-0-3mm-40sm-1.jpg,https://dlt.by/image/catalog/easyphoto/2203/lezvie-dlya-shpatelya-dlt-finish-versiya-pro-tolshchina-0-3mm-40sm-2.jpg,https://dlt.by/image/catalog/easyphoto/2203/lezvie-dlya-shpatelya-dlt-finish-versiya-pro-tolshchina-0-3mm-40sm-3.jpg,https://dlt.by/image/catalog/easyphoto/2203/lezvie-dlya-shpatelya-dlt-finish-versiya-pro-tolshchina-0-3mm-40sm-4.jpg,,,,,,,,,,,,,,,,,,,,,,,,,,,,,,,,,,,,,,,,,,"
"Лезвие для шпателя DLT Finish версия PRO толщина 0,3мм, 45см, арт.1674",Шпателя для механизированной шпатлевки,16741,337.06,"https://dlt.by/image/catalog/easyphoto/2204/lezvie-dlya-shpatelya-dlt-finish-versiya-pro-tolshchina-0-3mm-45sm-1.jpg,https://dlt.by/image/catalog/easyphoto/2204/lezvie-dlya-shpatelya-dlt-finish-versiya-pro-tolshchina-0-3mm-45sm-2.jpg,https://dlt.by/image/catalog/easyphoto/2204/lezvie-dlya-shpatelya-dlt-finish-versiya-pro-tolshchina-0-3mm-45sm-3.jpg,https://dlt.by/image/catalog/easyphoto/2204/lezvie-dlya-shpatelya-dlt-finish-versiya-pro-tolshchina-0-3mm-45sm-4.jpg,,,,,,,,,,,,,,,,,,,,,,,,,,,,,,,,,,,,,,,,,,"
"Лезвие для шпателя DLT Finish версия PRO толщина 0,3мм, 50см, арт.1675",Шпателя для механизированной шпатлевки,16751,337.06,"https://dlt.by/image/catalog/easyphoto/2205/lezvie-dlya-shpatelya-dlt-finish-versiya-pro-tolshchina-0-3mm-50sm-1.jpg,https://dlt.by/image/catalog/easyphoto/2205/lezvie-dlya-shpatelya-dlt-finish-versiya-pro-tolshchina-0-3mm-50sm-2.jpg,https://dlt.by/image/catalog/easyphoto/2205/lezvie-dlya-shpatelya-dlt-finish-versiya-pro-tolshchina-0-3mm-50sm-3.jpg,https://dlt.by/image/catalog/easyphoto/2205/lezvie-dlya-shpatelya-dlt-finish-versiya-pro-tolshchina-0-3mm-50sm-4.jpg,,,,,,,,,,,,,,,,,,,,,,,,,,,,,,,,,,,,,,,,,,"
"Лезвие для шпателя DLT Finish версия PRO толщина 0,3мм, 120см, арт.1679",Шпателя для механизированной шпатлевки,16791,571.79,"https://dlt.by/image/catalog/easyphoto/2209/lezvie-dlya-shpatelya-dlt-finish-versiya-pro-tolshchina-0-3mm-120sm-1.jpg,https://dlt.by/image/catalog/easyphoto/2209/lezvie-dlya-shpatelya-dlt-finish-versiya-pro-tolshchina-0-3mm-120sm-2.jpg,https://dlt.by/image/catalog/easyphoto/2209/lezvie-dlya-shpatelya-dlt-finish-versiya-pro-tolshchina-0-3mm-120sm-3.jpg,https://dlt.by/image/catalog/easyphoto/2209/lezvie-dlya-shpatelya-dlt-finish-versiya-pro-tolshchina-0-3mm-120sm-4.jpg,,,,,,,,,,,,,,,,,,,,,,,,,,,,,,,,,,,,,,,,,,"
"Лезвие для шпателя DLT Finish версия PRO толщина 0,5мм, 20см, арт.1681",Шпателя для механизированной шпатлевки,16811,276.87,"https://dlt.by/image/catalog/easyphoto/2210/lezvie-dlya-shpatelya-dlt-finish-versiya-pro-tolshchina-0-5mm-20sm-1.jpg,https://dlt.by/image/catalog/easyphoto/2210/lezvie-dlya-shpatelya-dlt-finish-versiya-pro-tolshchina-0-5mm-20sm-2.jpg,https://dlt.by/image/catalog/easyphoto/2210/lezvie-dlya-shpatelya-dlt-finish-versiya-pro-tolshchina-0-5mm-20sm-3.jpg,https://dlt.by/image/catalog/easyphoto/2210/lezvie-dlya-shpatelya-dlt-finish-versiya-pro-tolshchina-0-5mm-20sm-4.jpg,,,,,,,,,,,,,,,,,,,,,,,,,,,,,,,,,,,,,,,,,,"
"Лезвие для шпателя DLT Finish версия PRO толщина 0,5мм, 25см, арт.1682",Шпателя для механизированной шпатлевки,16821,276.87,"https://dlt.by/image/catalog/easyphoto/2211/lezvie-dlya-shpatelya-dlt-finish-versiya-pro-tolshchina-0-5mm-25sm-1.jpg,https://dlt.by/image/catalog/easyphoto/2211/lezvie-dlya-shpatelya-dlt-finish-versiya-pro-tolshchina-0-5mm-25sm-2.jpg,https://dlt.by/image/catalog/easyphoto/2211/lezvie-dlya-shpatelya-dlt-finish-versiya-pro-tolshchina-0-5mm-25sm-3.jpg,https://dlt.by/image/catalog/easyphoto/2211/lezvie-dlya-shpatelya-dlt-finish-versiya-pro-tolshchina-0-5mm-25sm-4.jpg,,,,,,,,,,,,,,,,,,,,,,,,,,,,,,,,,,,,,,,,,,"
"Лезвие для шпателя DLT Finish версия PRO толщина 0,5мм, 30см, арт.1683",Шпателя для механизированной шпатлевки,16831,276.87,"https://dlt.by/image/catalog/easyphoto/2212/lezvie-dlya-shpatelya-dlt-finish-versiya-pro-tolshchina-0-5mm-30sm-1.jpg,https://dlt.by/image/catalog/easyphoto/2212/lezvie-dlya-shpatelya-dlt-finish-versiya-pro-tolshchina-0-5mm-30sm-2.jpg,https://dlt.by/image/catalog/easyphoto/2212/lezvie-dlya-shpatelya-dlt-finish-versiya-pro-tolshchina-0-5mm-30sm-3.jpg,https://dlt.by/image/catalog/easyphoto/2212/lezvie-dlya-shpatelya-dlt-finish-versiya-pro-tolshchina-0-5mm-30sm-4.jpg,,,,,,,,,,,,,,,,,,,,,,,,,,,,,,,,,,,,,,,,,,"
"Лезвие для шпателя DLT Finish версия PRO толщина 0,5мм, 35см, арт.1684",Шпателя для механизированной шпатлевки,16841,337.06,"https://dlt.by/image/catalog/easyphoto/2213/lezvie-dlya-shpatelya-dlt-finish-versiya-pro-tolshchina-0-5mm-35sm-1.jpg,https://dlt.by/image/catalog/easyphoto/2213/lezvie-dlya-shpatelya-dlt-finish-versiya-pro-tolshchina-0-5mm-35sm-2.jpg,https://dlt.by/image/catalog/easyphoto/2213/lezvie-dlya-shpatelya-dlt-finish-versiya-pro-tolshchina-0-5mm-35sm-3.jpg,https://dlt.by/image/catalog/easyphoto/2213/lezvie-dlya-shpatelya-dlt-finish-versiya-pro-tolshchina-0-5mm-35sm-4.jpg,,,,,,,,,,,,,,,,,,,,,,,,,,,,,,,,,,,,,,,,,,"
"Лезвие для шпателя DLT Finish версия PRO толщина 0,5 мм, 40 см, арт.1685",Шпателя для механизированной шпатлевки,16851,367.15,"https://dlt.by/image/catalog/easyphoto/2214/lezvie-dlya-shpatelya-dlt-finish-versiya-pro-tolshchina-0-5mm-40sm-1.jpg,https://dlt.by/image/catalog/easyphoto/2214/lezvie-dlya-shpatelya-dlt-finish-versiya-pro-tolshchina-0-5mm-40sm-2.jpg,https://dlt.by/image/catalog/easyphoto/2214/lezvie-dlya-shpatelya-dlt-finish-versiya-pro-tolshchina-0-5mm-40sm-3.jpg,https://dlt.by/image/catalog/easyphoto/2214/lezvie-dlya-shpatelya-dlt-finish-versiya-pro-tolshchina-0-5mm-40sm-4.jpg,,,,,,,,,,,,,,,,,,,,,,,,,,,,,,,,,,,,,,,,,,"
"Лезвие для шпателя DLT Finish версия PRO толщина 0,5мм, 45см, арт.1686",Шпателя для механизированной шпатлевки,16861,391.22,"https://dlt.by/image/catalog/easyphoto/2215/lezvie-dlya-shpatelya-dlt-finish-versiya-pro-tolshchina-0-5mm-45sm-1.jpg,https://dlt.by/image/catalog/easyphoto/2215/lezvie-dlya-shpatelya-dlt-finish-versiya-pro-tolshchina-0-5mm-45sm-2.jpg,https://dlt.by/image/catalog/easyphoto/2215/lezvie-dlya-shpatelya-dlt-finish-versiya-pro-tolshchina-0-5mm-45sm-3.jpg,https://dlt.by/image/catalog/easyphoto/2215/lezvie-dlya-shpatelya-dlt-finish-versiya-pro-tolshchina-0-5mm-45sm-4.jpg,,,,,,,,,,,,,,,,,,,,,,,,,,,,,,,,,,,,,,,,,,"
"Лезвие для шпателя DLT Finish версия PRO толщина 0,5мм, 50см, арт.1687",Шпателя для механизированной шпатлевки,16871,421.32,"https://dlt.by/image/catalog/easyphoto/2216/lezvie-dlya-shpatelya-dlt-finish-versiya-pro-tolshchina-0-5mm-50sm-1.jpg,https://dlt.by/image/catalog/easyphoto/2216/lezvie-dlya-shpatelya-dlt-finish-versiya-pro-tolshchina-0-5mm-50sm-2.jpg,https://dlt.by/image/catalog/easyphoto/2216/lezvie-dlya-shpatelya-dlt-finish-versiya-pro-tolshchina-0-5mm-50sm-3.jpg,https://dlt.by/image/catalog/easyphoto/2216/lezvie-dlya-shpatelya-dlt-finish-versiya-pro-tolshchina-0-5mm-50sm-4.jpg,,,,,,,,,,,,,,,,,,,,,,,,,,,,,,,,,,,,,,,,,,"
"Лезвие для шпателя DLT Finish версия PRO толщина 0,5мм, 60см, арт.16881",Шпателя для механизированной шпатлевки,16881,451.41,"https://dlt.by/image/catalog/easyphoto/2217/lezvie-dlya-shpatelya-dlt-finish-versiya-pro-tolshchina-0-5mm-60sm-1.jpg,https://dlt.by/image/catalog/easyphoto/2217/lezvie-dlya-shpatelya-dlt-finish-versiya-pro-tolshchina-0-5mm-60sm-2.jpg,https://dlt.by/image/catalog/easyphoto/2217/lezvie-dlya-shpatelya-dlt-finish-versiya-pro-tolshchina-0-5mm-60sm-3.jpg,https://dlt.by/image/catalog/easyphoto/2217/lezvie-dlya-shpatelya-dlt-finish-versiya-pro-tolshchina-0-5mm-60sm-4.jpg,,,,,,,,,,,,,,,,,,,,,,,,,,,,,,,,,,,,,,,,,,"
"Лезвие для шпателя DLT Finish версия PRO толщина 0,5мм, 120см, арт.16911",Шпателя для механизированной шпатлевки,16911,782.45,"https://dlt.by/image/catalog/easyphoto/2220/lezvie-dlya-shpatelya-dlt-finish-versiya-pro-tolshchina-0-5mm-120sm-1.jpg,https://dlt.by/image/catalog/easyphoto/2220/lezvie-dlya-shpatelya-dlt-finish-versiya-pro-tolshchina-0-5mm-120sm-2.jpg,https://dlt.by/image/catalog/easyphoto/2220/lezvie-dlya-shpatelya-dlt-finish-versiya-pro-tolshchina-0-5mm-120sm-3.jpg,https://dlt.by/image/catalog/easyphoto/2220/lezvie-dlya-shpatelya-dlt-finish-versiya-pro-tolshchina-0-5mm-120sm-4.jpg,,,,,,,,,,,,,,,,,,,,,,,,,,,,,,,,,,,,,,,,,,"
"Малярный шпатель DLT Finish версия PRO, h-образный, 20см (лезвия 0,3 и 0,5мм), арт.1657",Шпателя для механизированной шпатлевки,16571,517.62,"https://dlt.by/image/catalog/easyphoto/2221/malyarnyy-shpatel-dlt-finish-versiya-pro-h-obraznyy-20sm-lezviya-0-3-i-0-5mm-1.jpg,https://dlt.by/image/catalog/easyphoto/2221/malyarnyy-shpatel-dlt-finish-versiya-pro-h-obraznyy-20sm-lezviya-0-3-i-0-5mm-2.jpg,https://dlt.by/image/catalog/easyphoto/2221/malyarnyy-shpatel-dlt-finish-versiya-pro-h-obraznyy-20sm-lezviya-0-3-i-0-5mm-3.jpg,https://dlt.by/image/catalog/easyphoto/2221/malyarnyy-shpatel-dlt-finish-versiya-pro-h-obraznyy-20sm-lezviya-0-3-i-0-5mm-4.jpg,,,,,,,,,,,,,,,,,,,,,,,,,,,,,,,,,,,,,,,,,,"
"Малярный шпатель DLT Finish версия PRO, h-образный, 25см (лезвия 0,3 и 0,5мм), арт.16581",Шпателя для механизированной шпатлевки,16581,556.74,"https://dlt.by/image/catalog/easyphoto/2222/malyarnyy-shpatel-dlt-finish-versiya-pro-h-obraznyy-25sm-lezviya-0-3-i-0-5mm-1.jpg,https://dlt.by/image/catalog/easyphoto/2222/malyarnyy-shpatel-dlt-finish-versiya-pro-h-obraznyy-25sm-lezviya-0-3-i-0-5mm-2.jpg,https://dlt.by/image/catalog/easyphoto/2222/malyarnyy-shpatel-dlt-finish-versiya-pro-h-obraznyy-25sm-lezviya-0-3-i-0-5mm-3.jpg,https://dlt.by/image/catalog/easyphoto/2222/malyarnyy-shpatel-dlt-finish-versiya-pro-h-obraznyy-25sm-lezviya-0-3-i-0-5mm-4.jpg,,,,,,,,,,,,,,,,,,,,,,,,,,,,,,,,,,,,,,,,,,"
"Малярный шпатель DLT Finish версия PRO, h-образный, 35см (лезвия 0,3 и 0,5мм), арт.1660",Шпателя для механизированной шпатлевки,1660,797.50,"https://dlt.by/image/catalog/easyphoto/2224/malyarnyy-shpatel-dlt-finish-versiya-pro-h-obraznyy-35sm-lezviya-0-3-i-0-5mm-1.jpg,https://dlt.by/image/catalog/easyphoto/2224/malyarnyy-shpatel-dlt-finish-versiya-pro-h-obraznyy-35sm-lezviya-0-3-i-0-5mm-2.jpg,https://dlt.by/image/catalog/easyphoto/2224/malyarnyy-shpatel-dlt-finish-versiya-pro-h-obraznyy-35sm-lezviya-0-3-i-0-5mm-3.jpg,https://dlt.by/image/catalog/easyphoto/2224/malyarnyy-shpatel-dlt-finish-versiya-pro-h-obraznyy-35sm-lezviya-0-3-i-0-5mm-4.jpg,,,,,,,,,,,,,,,,,,,,,,,,,,,,,,,,,,,,,,,,,,"
"Малярный шпатель DLT Finish версия PRO, h-образный, 40 см (лезвия 0.3, 0.5, 0.7 мм), арт.1661 NEW",Шпателя для механизированной шпатлевки,1661,1 269.98,"https://dlt.by/image/catalog/easyphoto/2225/malyarnyy-shpatel-dlt-finish-versiya-pro-h-obraznyy-40-sm-lezviya-0-3-0-5-0-7-mm-art-1661-new-6.jpg,https://dlt.by/image/catalog/easyphoto/2225/malyarnyy-shpatel-dlt-finish-versiya-pro-h-obraznyy-40-sm-lezviya-0-3-0-5-0-7-mm-art-1661-new-9.png,https://dlt.by/image/catalog/easyphoto/2225/malyarnyy-shpatel-dlt-finish-versiya-pro-h-obraznyy-40-sm-lezviya-0-3-0-5-0-7-mm-art-1661-new-8.png,https://dlt.by/image/catalog/easyphoto/2225/malyarnyy-shpatel-dlt-finish-versiya-pro-h-obraznyy-40-sm-lezviya-0-3-0-5-0-7-mm-art-1661-new-7.png,,,,,,,,,,,,,,,,,,,,,,,,,,,,,,,,,,,,,,,,,,"
"Малярный шпатель DLT Finish версия PRO, h-образный, 45 см (лезвия 0.3, 0.5, 0.7 мм), арт.1662 NEW",Шпателя для механизированной шпатлевки,1662,875.74,"https://dlt.by/image/catalog/easyphoto/2226/malyarnyy-shpatel-dlt-finish-versiya-pro-h-obraznyy-45sm-lezviya-0-3-i-0-5mm-1.jpg,https://dlt.by/image/catalog/easyphoto/2226/malyarnyy-shpatel-dlt-finish-versiya-pro-h-obraznyy-45sm-lezviya-0-3-i-0-5mm-2.jpg,https://dlt.by/image/catalog/easyphoto/2226/malyarnyy-shpatel-dlt-finish-versiya-pro-h-obraznyy-45sm-lezviya-0-3-i-0-5mm-3.jpg,https://dlt.by/image/catalog/easyphoto/2226/malyarnyy-shpatel-dlt-finish-versiya-pro-h-obraznyy-45sm-lezviya-0-3-i-0-5mm-4.jpg,,,,,,,,,,,,,,,,,,,,,,,,,,,,,,,,,,,,,,,,,,"
"Малярный шпатель DLT Finish версия PRO, h-образный, 50 см (лезвия 0.3, 0.5, 0.7 мм), арт.1663 NEW",Шпателя для механизированной шпатлевки,1663,1 462.58,"https://dlt.by/image/catalog/easyphoto/2227/malyarnyy-shpatel-dlt-finish-versiya-pro-h-obraznyy-50-sm-lezviya-0-3-0-5-0-7-mm-art-1663-new-5.jpg,https://dlt.by/image/catalog/easyphoto/2227/malyarnyy-shpatel-dlt-finish-versiya-pro-h-obraznyy-50-sm-lezviya-0-3-0-5-0-7-mm-art-1663-new-8.png,https://dlt.by/image/catalog/easyphoto/2227/malyarnyy-shpatel-dlt-finish-versiya-pro-h-obraznyy-50-sm-lezviya-0-3-0-5-0-7-mm-art-1663-new-7.png,https://dlt.by/image/catalog/easyphoto/2227/malyarnyy-shpatel-dlt-finish-versiya-pro-h-obraznyy-50-sm-lezviya-0-3-0-5-0-7-mm-art-1663-new-6.png,,,,,,,,,,,,,,,,,,,,,,,,,,,,,,,,,,,,,,,,,,"
"Малярный шпатель DLT Finish версия PRO, h-образный, 60 см (лезвия 0.3, 0.5, 0.7 мм), арт.1664 NEW",Шпателя для механизированной шпатлевки,1664,1 790.61,"https://dlt.by/image/catalog/easyphoto/2228/malyarnyy-shpatel-dlt-finish-versiya-pro-h-obraznyy-60-sm-lezviya-0-3-0-5-0-7-mm-art-1664-new-5.jpg,https://dlt.by/image/catalog/easyphoto/2228/malyarnyy-shpatel-dlt-finish-versiya-pro-h-obraznyy-60-sm-lezviya-0-3-0-5-0-7-mm-art-1664-new-8.png,https://dlt.by/image/catalog/easyphoto/2228/malyarnyy-shpatel-dlt-finish-versiya-pro-h-obraznyy-60-sm-lezviya-0-3-0-5-0-7-mm-art-1664-new-7.png,https://dlt.by/image/catalog/easyphoto/2228/malyarnyy-shpatel-dlt-finish-versiya-pro-h-obraznyy-60-sm-lezviya-0-3-0-5-0-7-mm-art-1664-new-6.png,,,,,,,,,,,,,,,,,,,,,,,,,,,,,,,,,,,,,,,,,,"
"Малярный шпатель DLT Finish версия PRO, h-образный, 80 см (лезвия 0.3, 0.5, 0.7 мм), арт.1665 NEW",Шпателя для механизированной шпатлевки,1665,2 133.68,"https://dlt.by/image/catalog/easyphoto/2229/malyarnyy-shpatel-dlt-finish-versiya-pro-h-obraznyy-80-sm-lezviya-0-3-0-5-0-7-mm-art-1665-new-5.jpg,https://dlt.by/image/catalog/easyphoto/2229/malyarnyy-shpatel-dlt-finish-versiya-pro-h-obraznyy-80-sm-lezviya-0-3-0-5-0-7-mm-art-1665-new-8.png,https://dlt.by/image/catalog/easyphoto/2229/malyarnyy-shpatel-dlt-finish-versiya-pro-h-obraznyy-80-sm-lezviya-0-3-0-5-0-7-mm-art-1665-new-7.png,https://dlt.by/image/catalog/easyphoto/2229/malyarnyy-shpatel-dlt-finish-versiya-pro-h-obraznyy-80-sm-lezviya-0-3-0-5-0-7-mm-art-1665-new-6.png,,,,,,,,,,,,,,,,,,,,,,,,,,,,,,,,,,,,,,,,,,"
"Малярный шпатель DLT Finish версия PRO, h-образный, 100 см (лезвия 0.3, 0.5, 0.7 мм), арт.1666 NEW",Шпателя для механизированной шпатлевки,1666,2 612.18,"https://dlt.by/image/catalog/easyphoto/2230/malyarnyy-shpatel-dlt-finish-versiya-pro-h-obraznyy-100-sm-lezviya-0-3-0-5-0-7-mm-art-1666-new-5.jpg,https://dlt.by/image/catalog/easyphoto/2230/malyarnyy-shpatel-dlt-finish-versiya-pro-h-obraznyy-100-sm-lezviya-0-3-0-5-0-7-mm-art-1666-new-8.png,https://dlt.by/image/catalog/easyphoto/2230/malyarnyy-shpatel-dlt-finish-versiya-pro-h-obraznyy-100-sm-lezviya-0-3-0-5-0-7-mm-art-1666-new-7.png,https://dlt.by/image/catalog/easyphoto/2230/malyarnyy-shpatel-dlt-finish-versiya-pro-h-obraznyy-100-sm-lezviya-0-3-0-5-0-7-mm-art-1666-new-6.png,,,,,,,,,,,,,,,,,,,,,,,,,,,,,,,,,,,,,,,,,,"
"Малярный шпатель DLT Finish версия PRO, h-образный, 120 см (лезвия 0.3, 0.5, 0.7 мм), арт.1667 NEW",Шпателя для механизированной шпатлевки,1667,2 985.35,"https://dlt.by/image/catalog/easyphoto/2231/malyarnyy-shpatel-dlt-finish-versiya-pro-h-obraznyy-120-sm-lezviya-0-3-0-5-0-7-mm-art-1667-new-5.jpg,https://dlt.by/image/catalog/easyphoto/2231/malyarnyy-shpatel-dlt-finish-versiya-pro-h-obraznyy-120-sm-lezviya-0-3-0-5-0-7-mm-art-1667-new-8.png,https://dlt.by/image/catalog/easyphoto/2231/malyarnyy-shpatel-dlt-finish-versiya-pro-h-obraznyy-120-sm-lezviya-0-3-0-5-0-7-mm-art-1667-new-6.png,https://dlt.by/image/catalog/easyphoto/2231/malyarnyy-shpatel-dlt-finish-versiya-pro-h-obraznyy-120-sm-lezviya-0-3-0-5-0-7-mm-art-1667-new-7.png,,,,,,,,,,,,,,,,,,,,,,,,,,,,,,,,,,,,,,,,,,"
"Набор №1 шпателей механизированного нанесения DLT Finish версия PRO (лезвия 0.3, 0.5, 0.7 мм), арт.1654 NEW",Бренды>Оборудование и приспособления для укладки плитки DLT,1654,9 931.09,"https://dlt.by/image/catalog/easyphoto/2232/nabor-1-shpateley-mehanizirovannogo-naneseniya-dlt-finish-versiya-pro-lezviya-0-3-0-5-0-7-mm-art-1654-new-19.jpg,https://dlt.by/image/catalog/easyphoto/2232/nabor-1-shpateley-mehanizirovannogo-naneseniya-dlt-finish-versiya-pro-lezviya-0-3-0-5-0-7-mm-art-1654-new-20.jpg,https://dlt.by/image/catalog/easyphoto/2232/nabor-1-shpateley-mehanizirovannogo-naneseniya-dlt-finish-versiya-pro-lezviya-0-3-0-5-0-7-mm-art-1654-new-21.jpg,https://dlt.by/image/catalog/easyphoto/2232/nabor-1-shpateley-mehanizirovannogo-naneseniya-dlt-finish-versiya-pro-lezviya-0-3-0-5-0-7-mm-art-1654-new-22.jpg,https://dlt.by/image/catalog/easyphoto/2232/nabor-1-shpateley-mehanizirovannogo-naneseniya-dlt-finish-versiya-pro-lezviya-0-3-0-5-0-7-mm-art-1654-new-23.jpg,https://dlt.by/image/catalog/easyphoto/2232/nabor-1-shpateley-mehanizirovannogo-naneseniya-dlt-finish-versiya-pro-lezviya-0-3-0-5-0-7-mm-art-1654-new-24.jpg,https://dlt.by/image/catalog/easyphoto/2232/nabor-1-shpateley-mehanizirovannogo-naneseniya-dlt-finish-versiya-pro-lezviya-0-3-0-5-0-7-mm-art-1654-new-25.jpg,https://dlt.by/image/catalog/easyphoto/2232/nabor-1-shpateley-mehanizirovannogo-naneseniya-dlt-finish-versiya-pro-lezviya-0-3-0-5-0-7-mm-art-1654-new-26.jpg,https://dlt.by/image/catalog/easyphoto/2232/nabor-1-shpateley-mehanizirovannogo-naneseniya-dlt-finish-versiya-pro-lezviya-0-3-0-5-0-7-mm-art-1654-new-27.jpg,https://dlt.by/image/catalog/easyphoto/2232/nabor-1-shpateley-mehanizirovannogo-naneseniya-dlt-finish-versiya-pro-lezviya-0-3-0-5-0-7-mm-art-1654-new-28.jpg,,,,,,,,,,,,,,,,,,,,,,,,,,,,,,,,,,,,"
"Набор №2 шпателей механизированного нанесения DLT Finish версия PRO (лезвия 0.3, 0.5, 0.7 мм), арт.1655 NEW",Шпателя для механизированной шпатлевки,1655,17 304.18,"https://dlt.by/image/catalog/easyphoto/2233/nabor-2-shpateley-mehanizirovannogo-naneseniya-dlt-finish-versiya-pro-lezviya-0-3-0-5-0-7-mm-art-1655-new-11.jpg,https://dlt.by/image/catalog/easyphoto/2233/nabor-2-shpateley-mehanizirovannogo-naneseniya-dlt-finish-versiya-pro-lezviya-0-3-0-5-0-7-mm-art-1655-new-22.jpg,https://dlt.by/image/catalog/easyphoto/2233/nabor-2-shpateley-mehanizirovannogo-naneseniya-dlt-finish-versiya-pro-lezviya-0-3-0-5-0-7-mm-art-1655-new-21.jpg,https://dlt.by/image/catalog/easyphoto/2233/nabor-2-shpateley-mehanizirovannogo-naneseniya-dlt-finish-versiya-pro-lezviya-0-3-0-5-0-7-mm-art-1655-new-14.jpg,https://dlt.by/image/catalog/easyphoto/2233/nabor-2-shpateley-mehanizirovannogo-naneseniya-dlt-finish-versiya-pro-lezviya-0-3-0-5-0-7-mm-art-1655-new-15.jpg,https://dlt.by/image/catalog/easyphoto/2233/nabor-2-shpateley-mehanizirovannogo-naneseniya-dlt-finish-versiya-pro-lezviya-0-3-0-5-0-7-mm-art-1655-new-16.jpg,https://dlt.by/image/catalog/easyphoto/2233/nabor-2-shpateley-mehanizirovannogo-naneseniya-dlt-finish-versiya-pro-lezviya-0-3-0-5-0-7-mm-art-1655-new-17.jpg,https://dlt.by/image/catalog/easyphoto/2233/nabor-2-shpateley-mehanizirovannogo-naneseniya-dlt-finish-versiya-pro-lezviya-0-3-0-5-0-7-mm-art-1655-new-19.png,https://dlt.by/image/catalog/easyphoto/2233/nabor-2-shpateley-mehanizirovannogo-naneseniya-dlt-finish-versiya-pro-lezviya-0-3-0-5-0-7-mm-art-1655-new-20.png,https://dlt.by/image/catalog/easyphoto/2233/nabor-2-shpateley-mehanizirovannogo-naneseniya-dlt-finish-versiya-pro-lezviya-0-3-0-5-0-7-mm-art-1655-new-18.png,,,,,,,,,,,,,,,,,,,,,,,,,,,,,,,,,,,,"
"Адаптер для шпателя DLT Finish версия PRO, арт.1760",Шпателя для механизированной шпатлевки>Шпателя для механизированного нанесения>Сменные лезвия и аксессуары>Аксессуары,1760,842.64,"https://dlt.by/image/catalog/easyphoto/2234/adapter-dlya-shpatelya-dlt-finish-versiya-pro-6.jpg,https://dlt.by/image/catalog/easyphoto/2234/adapter-dlya-shpatelya-dlt-finish-versiya-pro-8.jpg,https://dlt.by/image/catalog/easyphoto/2234/adapter-dlya-shpatelya-dlt-finish-versiya-pro-7.jpg,,,,,,,,,,,,,,,,,,,,,,,,,,,,,,,,,,,,,,,,,,,"
"Кейс для шпателей DLT Finish версия PRO (до 100см), арт.1652",Шпателя для механизированной шпатлевки>Шпателя для механизированного нанесения>Сменные лезвия и аксессуары>Аксессуары,1652,2 317.26,"https://dlt.by/image/catalog/easyphoto/2235/keys-dlya-shpateley-dlt-finish-versiya-pro-do-100sm-3.jpg,,,,,,,,,,,,,,,,,,,,,,,,,,,,,,,,,,,,,,,,,,,,,"
"Диск алмазный КАТАNА Tsunami Light 125мм, арт.3314",Алмазная оснастка >Алмазные диски>Алмазные диски по керамике/керамограниту/граниту/мрамору,3314,932.92,"https://dlt.by/image/catalog/easyphoto/4099/disk-almaznyy-katana-tsunami-light-125mm-2.jpg,https://dlt.by/image/catalog/easyphoto/4099/disk-almaznyy-katana-tsunami-light-125mm-3.jpg,https://dlt.by/image/catalog/easyphoto/4099/disk-almaznyy-katana-tsunami-light-125mm-4.jpg,https://dlt.by/image/catalog/easyphoto/4099/disk-almaznyy-katana-tsunami-light-125mm-5.jpg,,,,,,,,,,,,,,,,,,,,,,,,,,,,,,,,,,,,,,,,,,"
"Тарелка для шлифмашины DLT max-XT R7202/GrandFlex V02, средняя жесткость , арт.1649",Шлифовальные машины для стен/потолков/пола>Абразивные материалы,1649,1 956.12,"https://dlt.by/image/catalog/easyphoto/2241/tarelka-dlya-shlifmashiny-dlt-max-xt-r7202-srednyaya-zhestkost-8.jpg,https://dlt.by/image/catalog/easyphoto/2241/tarelka-dlya-shlifmashiny-dlt-max-xt-r7202-srednyaya-zhestkost-9.jpg,https://dlt.by/image/catalog/easyphoto/2241/tarelka-dlya-shlifmashiny-dlt-max-xt-r7202-srednyaya-zhestkost-10.jpg,https://dlt.by/image/catalog/easyphoto/2241/tarelka-dlya-shlifmashiny-dlt-max-xt-r7202-srednyaya-zhestkost-11.jpg,,,,,,,,,,,,,,,,,,,,,,,,,,,,,,,,,,,,,,,,,,"
"Лазерный уровень (нивелир) Fukuda EK-114GS, арт.1651",Лазерные нивелиры (лазерные уровни)>Линейные,1651,5 717.90,"https://dlt.by/image/catalog/easyphoto/2242/lazernyy-uroven-nivelir-fukuda-ek-114gs-10.jpg,https://dlt.by/image/catalog/easyphoto/2242/lazernyy-uroven-nivelir-fukuda-ek-114gs-11.gif,https://dlt.by/image/catalog/easyphoto/2242/lazernyy-uroven-nivelir-fukuda-ek-114gs-3.jpg,https://dlt.by/image/catalog/easyphoto/2242/lazernyy-uroven-nivelir-fukuda-ek-114gs-4.jpg,https://dlt.by/image/catalog/easyphoto/2242/lazernyy-uroven-nivelir-fukuda-ek-114gs-5.jpg,https://dlt.by/image/catalog/easyphoto/2242/lazernyy-uroven-nivelir-fukuda-ek-114gs-6.jpg,https://dlt.by/image/catalog/easyphoto/2242/lazernyy-uroven-nivelir-fukuda-ek-114gs-7.jpg,https://dlt.by/image/catalog/easyphoto/2242/lazernyy-uroven-nivelir-fukuda-ek-114gs-8.jpg,https://dlt.by/image/catalog/easyphoto/2242/lazernyy-uroven-nivelir-fukuda-ek-114gs-9.jpg,,,,,,,,,,,,,,,,,,,,,,,,,,,,,,,,,,,,,"
"Кисть Rollingdog X1000 50мм, прямой срез, полиэстер, серия Professional, арт.10267",Акции на строительный инструмент,10267,367.15,"https://dlt.by/image/catalog/easyphoto/2269/kist-rollingdog-x1000-50mm-pryamoy-srez-poliester-seriya-professional-art-10267-7.jpg,https://dlt.by/image/catalog/easyphoto/2269/kist-rollingdog-x1000-50mm-pryamoy-srez-poliester-seriya-professional-art-10267-9.jpg,https://dlt.by/image/catalog/easyphoto/2269/kist-rollingdog-x1000-50mm-pryamoy-srez-poliester-seriya-professional-art-10267-8.jpg,https://dlt.by/image/catalog/easyphoto/2269/nabor-kistey-rollingdog-dt1000-smeshannaya-shchetina-seriya-professional-art-10248-5.jpg,https://dlt.by/image/catalog/easyphoto/2269/nabor-kistey-rollingdog-dt1000-smeshannaya-shchetina-seriya-professional-art-10248-1.png,https://dlt.by/image/catalog/easyphoto/2269/nabor-kistey-rollingdog-dt1000-smeshannaya-shchetina-seriya-professional-art-10248-2.jpg,https://dlt.by/image/catalog/easyphoto/2269/nabor-kistey-rollingdog-dt1000-smeshannaya-shchetina-seriya-professional-art-10248-3.jpg,https://dlt.by/image/catalog/easyphoto/2269/nabor-kistey-rollingdog-dt1000-smeshannaya-shchetina-seriya-professional-art-10248-4.jpg,https://dlt.by/image/catalog/easyphoto/2269/nabor-kistey-rollingdog-dt1000-smeshannaya-shchetina-seriya-professional-art-10248-6.jpg,,,,,,,,,,,,,,,,,,,,,,,,,,,,,,,,,,,,,"
"Кисть Rollingdog W1000 75мм, угловой срез, синтетика, серия Professional, арт.10199",Акции на строительный инструмент,10199,391.22,"https://dlt.by/image/catalog/easyphoto/2265/kist-rollingdog-w1000-75mm-uglovoy-srez-sintetika-seriya-professional-art-10199-6.jpg,https://dlt.by/image/catalog/easyphoto/2265/kist-rollingdog-w1000-75mm-uglovoy-srez-sintetika-seriya-professional-art-10199-7.jpg,https://dlt.by/image/catalog/easyphoto/2265/kist-rollingdog-w1000-75mm-uglovoy-srez-sintetika-seriya-professional-art-10199-8.jpg,https://dlt.by/image/catalog/easyphoto/2265/kist-rollingdog-w1000-75mm-uglovoy-srez-sintetika-seriya-professional-art-10199-9.jpg,https://dlt.by/image/catalog/easyphoto/2265/kist-rollingdog-w1000-75mm-pryamoy-srez-sintetika-seriya-professional-art-10191-1.jpg,https://dlt.by/image/catalog/easyphoto/2265/kist-rollingdog-w1000-75mm-pryamoy-srez-sintetika-seriya-professional-art-10191-5.jpg,https://dlt.by/image/catalog/easyphoto/2265/kist-rollingdog-w1000-75mm-pryamoy-srez-sintetika-seriya-professional-art-10191-2.jpg,https://dlt.by/image/catalog/easyphoto/2265/kist-rollingdog-w1000-75mm-pryamoy-srez-sintetika-seriya-professional-art-10191-4.jpg,https://dlt.by/image/catalog/easyphoto/2265/kist-rollingdog-w1000-75mm-pryamoy-srez-sintetika-seriya-professional-art-10191-3.jpg,,,,,,,,,,,,,,,,,,,,,,,,,,,,,,,,,,,,,"
"Кисть Rollingdog W1000 75мм, прямой срез, синтетика, серия Professional, арт.10191",Акции на строительный инструмент,10191,367.15,"https://dlt.by/image/catalog/easyphoto/2263/kist-rollingdog-w1000-75mm-pryamoy-srez-sintetika-seriya-professional-art-10191-5.jpg,https://dlt.by/image/catalog/easyphoto/2263/kist-rollingdog-w1000-75mm-pryamoy-srez-sintetika-seriya-professional-art-10191-6.jpg,https://dlt.by/image/catalog/easyphoto/2263/kist-rollingdog-w1000-75mm-pryamoy-srez-sintetika-seriya-professional-art-10191-4.jpg,https://dlt.by/image/catalog/easyphoto/2263/kist-rollingdog-w1000-75mm-pryamoy-srez-sintetika-seriya-professional-art-10191-2.png,https://dlt.by/image/catalog/easyphoto/2263/kist-rollingdog-w1000-75mm-pryamoy-srez-sintetika-seriya-professional-art-10191-3.png,https://dlt.by/image/catalog/easyphoto/2263/kist-rollingdog-w1000-75mm-pryamoy-srez-sintetika-seriya-professional-art-10191-1.jpg,,,,,,,,,,,,,,,,,,,,,,,,,,,,,,,,,,,,,,,,"
"Помповая присоска DLT VST-60 для гладкой и рельефной поверхности, Ø6 дюймов, арт.1940",Инструмент для укладки плитки>Присоски для плитки и стекла>Помповые присоски,1940,2 257.07,"https://dlt.by/image/catalog/easyphoto/2260/prisoska-dlt-vst-60-dlya-relefnoy-plitki-6-dyuymov-3.jpg,https://dlt.by/image/catalog/easyphoto/2260/prisoska-dlt-vst-60-dlya-relefnoy-plitki-6-dyuymov-4.jpg,https://dlt.by/image/catalog/easyphoto/2260/prisoska-dlt-vst-60-dlya-relefnoy-plitki-6-dyuymov-5.jpg,https://dlt.by/image/catalog/easyphoto/2260/prisoska-dlt-vst-60-dlya-relefnoy-plitki-6-dyuymov-6.jpg,https://dlt.by/image/catalog/easyphoto/2260/prisoska-dlt-vst-60-dlya-relefnoy-plitki-6-dyuymov-7.jpg,https://dlt.by/image/catalog/easyphoto/2260/prisoska-dlt-vst-60-dlya-relefnoy-plitki-6-dyuymov-8.jpg,https://dlt.by/image/catalog/easyphoto/2260/prisoska-dlt-vst-60-dlya-relefnoy-plitki-6-dyuymov-9.jpg,https://dlt.by/image/catalog/easyphoto/2260/prisoska-dlt-vst-60-dlya-relefnoy-plitki-6-dyuymov-10.jpg,https://dlt.by/image/catalog/easyphoto/2260/prisoska-dlt-vst-60-dlya-relefnoy-plitki-6-dyuymov-11.jpg,https://dlt.by/image/catalog/easyphoto/2260/prisoska-dlt-vst-60-dlya-relefnoy-plitki-6-dyuymov-12.jpg,https://dlt.by/image/catalog/easyphoto/2260/prisoska-dlt-vst-60-dlya-relefnoy-plitki-6-dyuymov-13.jpg,,,,,,,,,,,,,,,,,,,,,,,,,,,,,,,,,,,"
"Сумка для инструмента DLT, арт.1942",Ящики для инструмента/Модульные системы,1942,2 166.78,"https://dlt.by/image/catalog/easyphoto/2261/sumka-dlya-oborudovaniya-i-gvozdey-toua-1.jpg,https://dlt.by/image/catalog/easyphoto/2261/sumka-dlya-oborudovaniya-i-gvozdey-toua-2.jpg,,,,,,,,,,,,,,,,,,,,,,,,,,,,,,,,,,,,,,,,,,,,"
"Диск для скругления плитки BIHUI Ø75мм, толщина 20мм, #50, арт.DGW320",Алмазная оснастка>Алмазные диски>Алмазные диски для скругления и ступеней,DGW320,1 294.05,"https://dlt.by/image/catalog/easyphoto/3454/disk-dlya-skrugleniya-plitki-bihui-75mm-tolshchina-20mm-50-1.jpg,https://dlt.by/image/catalog/easyphoto/3454/disk-dlya-skrugleniya-plitki-bihui-75mm-tolshchina-20mm-50-2.jpg,https://dlt.by/image/catalog/easyphoto/3454/disk-dlya-skrugleniya-plitki-bihui-75mm-tolshchina-20mm-50-4.jpg,https://dlt.by/image/catalog/easyphoto/3454/disk-dlya-skrugleniya-plitki-bihui-75mm-tolshchina-20mm-50-3.jpg,,,,,,,,,,,,,,,,,,,,,,,,,,,,,,,,,,,,,,,,,,"
"Круг шлифовальный DLT GrandFlex BLUE-CERAMIC, P180, 150мм, 10шт, (на бумаге, керамика и оксид алюминия), арт.3030",Акции на строительный инструмент,3030,306.96,"https://dlt.by/image/catalog/easyphoto/3866/krug-shlifovalnyy-dlt-grandflex-blue-ceramic-p180-150mm-10sht-na-bumage-keramika-i-oksid-alyuminiya-1.jpg,https://dlt.by/image/catalog/easyphoto/3866/krug-shlifovalnyy-dlt-grandflex-blue-ceramic-p180-150mm-10sht-na-bumage-keramika-i-oksid-alyuminiya-2.jpg,https://dlt.by/image/catalog/easyphoto/3866/krug-shlifovalnyy-dlt-grandflex-blue-ceramic-p180-150mm-10sht-na-bumage-keramika-i-oksid-alyuminiya-3.jpg,https://dlt.by/image/catalog/easyphoto/3866/krug-shlifovalnyy-dlt-grandflex-blue-ceramic-p180-150mm-10sht-na-bumage-keramika-i-oksid-alyuminiya-4.jpg,,,,,,,,,,,,,,,,,,,,,,,,,,,,,,,,,,,,,,,,,,"
"Бюгель с телескопической ручкой Rollingdog 230мм, каркас 38мм, серия Elite, арт.70137",Малярный и штукатурный инструмент>Валики малярные>Бюгельные ручки,70137,1 023.20,"https://dlt.by/image/catalog/easyphoto/2458/byugel-s-teleskopicheskoy-ruchkoy-rollingdog-230mm-karkas-38mm-seriya-elite-art-70137-2.jpg,https://dlt.by/image/catalog/easyphoto/2458/byugel-s-teleskopicheskoy-ruchkoy-rollingdog-230mm-karkas-38mm-seriya-elite-art-70137-3.jpg,https://dlt.by/image/catalog/easyphoto/2458/byugel-s-teleskopicheskoy-ruchkoy-rollingdog-230mm-karkas-38mm-seriya-elite-art-70137-4.jpg,https://dlt.by/image/catalog/easyphoto/2458/byugel-s-teleskopicheskoy-ruchkoy-rollingdog-230mm-karkas-38mm-seriya-elite-art-70137-5.jpg,https://dlt.by/image/catalog/easyphoto/2458/byugel-s-teleskopicheskoy-ruchkoy-rollingdog-230mm-karkas-38mm-seriya-elite-art-70137-6.jpg,,,,,,,,,,,,,,,,,,,,,,,,,,,,,,,,,,,,,,,,,"
"Кисть Rollingdog W1000 50мм, прямой срез, синтетика, серия Professional, арт.10190",Малярный и штукатурный инструмент>Кисти малярные>Плоские кисти>Прямой срез,10190,246.77,"https://dlt.by/image/catalog/easyphoto/2262/kist-rollingdog-w1000-50mm-pryamoy-srez-sintetika-seriya-professional-art-10190-8.jpg,https://dlt.by/image/catalog/easyphoto/2262/kist-rollingdog-w1000-50mm-pryamoy-srez-sintetika-seriya-professional-art-10190-6.jpg,https://dlt.by/image/catalog/easyphoto/2262/kist-rollingdog-w1000-50mm-pryamoy-srez-sintetika-seriya-professional-art-10190-7.jpg,https://dlt.by/image/catalog/easyphoto/2262/kist-rollingdog-w1000-50mm-pryamoy-srez-sintetika-seriya-professional-art-10190-1.jpg,https://dlt.by/image/catalog/easyphoto/2262/kist-rollingdog-w1000-50mm-pryamoy-srez-sintetika-seriya-professional-art-10190-2.png,https://dlt.by/image/catalog/easyphoto/2262/kist-rollingdog-w1000-50mm-pryamoy-srez-sintetika-seriya-professional-art-10190-4.jpg,https://dlt.by/image/catalog/easyphoto/2262/kist-rollingdog-w1000-50mm-pryamoy-srez-sintetika-seriya-professional-art-10190-5.png,https://dlt.by/image/catalog/easyphoto/2262/kist-rollingdog-w1000-50mm-pryamoy-srez-sintetika-seriya-professional-art-10190-3.jpg,,,,,,,,,,,,,,,,,,,,,,,,,,,,,,,,,,,,,,"
"Электрическая присоска DLT VST-65 с АВТО подкачкой, для гладкой и рельефной поверхности, Ø6 дюймов, арт.1944",Инструмент для укладки плитки>Присоски для плитки и стекла>Электрические присоски и поршни,1944,3 731.68,"https://dlt.by/image/catalog/easyphoto/2259/prisoska-dlt-vst-65-dlya-relefnoy-plitki-s-avto-podkachkoy-6-dyuymov-3.jpg,https://dlt.by/image/catalog/easyphoto/2259/prisoska-dlt-vst-65-dlya-relefnoy-plitki-s-avto-podkachkoy-6-dyuymov-4.jpg,https://dlt.by/image/catalog/easyphoto/2259/prisoska-dlt-vst-65-dlya-relefnoy-plitki-s-avto-podkachkoy-6-dyuymov-5.jpg,https://dlt.by/image/catalog/easyphoto/2259/prisoska-dlt-vst-65-dlya-relefnoy-plitki-s-avto-podkachkoy-6-dyuymov-6.jpg,https://dlt.by/image/catalog/easyphoto/2259/prisoska-dlt-vst-65-dlya-relefnoy-plitki-s-avto-podkachkoy-6-dyuymov-7.jpg,https://dlt.by/image/catalog/easyphoto/2259/prisoska-dlt-vst-65-dlya-relefnoy-plitki-s-avto-podkachkoy-6-dyuymov-8.jpg,https://dlt.by/image/catalog/easyphoto/2259/prisoska-dlt-vst-65-dlya-relefnoy-plitki-s-avto-podkachkoy-6-dyuymov-9.jpg,https://dlt.by/image/catalog/easyphoto/2259/prisoska-dlt-vst-65-dlya-relefnoy-plitki-s-avto-podkachkoy-6-dyuymov-10.jpg,https://dlt.by/image/catalog/easyphoto/2259/prisoska-dlt-vst-65-dlya-relefnoy-plitki-s-avto-podkachkoy-6-dyuymov-11.jpg,https://dlt.by/image/catalog/easyphoto/2259/prisoska-dlt-vst-65-dlya-relefnoy-plitki-s-avto-podkachkoy-6-dyuymov-12.jpg,,,,,,,,,,,,,,,,,,,,,,,,,,,,,,,,,,,,"
"Набор шпателей для силикона и герметика Rollingdog, арт.50459",Инструмент для укладки плитки>Шпатели для силикона и герметика>Шпатели и насадки,50459,391.22,"https://dlt.by/image/catalog/easyphoto/2413/nabor-shpateley-dlya-silikona-i-germetika-rollingdog-art-50459-8.jpg,https://dlt.by/image/catalog/easyphoto/2413/nabor-shpateley-dlya-silikona-i-germetika-rollingdog-art-50459-9.jpg,https://dlt.by/image/catalog/easyphoto/2413/nabor-shpateley-dlya-silikona-i-germetika-rollingdog-art-50459-10.jpg,https://dlt.by/image/catalog/easyphoto/2413/nabor-shpateley-dlya-silikona-i-germetika-rollingdog-art-50459-11.jpg,https://dlt.by/image/catalog/easyphoto/2413/nabor-shpateley-dlya-silikona-i-germetika-rollingdog-art-50459-12.jpg,https://dlt.by/image/catalog/easyphoto/2413/nabor-shpateley-dlya-silikona-i-germetika-rollingdog-art-50459-13.jpg,https://dlt.by/image/catalog/easyphoto/2413/nabor-shpateley-dlya-silikona-i-germetika-rollingdog-art-50459-14.jpg,https://dlt.by/image/catalog/easyphoto/2413/nabor-shpateley-dlya-silikona-i-germetika-rollingdog-art-50459-15.jpg,,,,,,,,,,,,,,,,,,,,,,,,,,,,,,,,,,,,,,"
"Кисть Rollingdog W1000 63мм, прямой срез, синтетика,серия Professional, арт.10200",Акции на строительный инструмент,10200,306.96,"https://dlt.by/image/catalog/easyphoto/2266/kist-rollingdog-w1000-63mm-pryamoy-srez-sintetika-seriya-professional-art-10200-5.jpg,https://dlt.by/image/catalog/easyphoto/2266/kist-rollingdog-w1000-63mm-pryamoy-srez-sintetika-seriya-professional-art-10200-3.jpg,https://dlt.by/image/catalog/easyphoto/2266/kist-rollingdog-w1000-63mm-pryamoy-srez-sintetika-seriya-professional-art-10200-4.jpg,https://dlt.by/image/catalog/easyphoto/2266/kist-rollingdog-w1000-75mm-uglovoy-srez-sintetika-seriya-professional-art-10199-1.jpg,https://dlt.by/image/catalog/easyphoto/2266/kist-rollingdog-w1000-75mm-uglovoy-srez-sintetika-seriya-professional-art-10199-2.png,,,,,,,,,,,,,,,,,,,,,,,,,,,,,,,,,,,,,,,,,"
"Кисть Rollingdog X1000 25мм, прямой срез, полиэстер, серия Professional, арт.10265",Акции на строительный инструмент,10265,276.87,"https://dlt.by/image/catalog/easyphoto/2268/kist-rollingdog-x1000-25mm-pryamoy-srez-poliester-seriya-professional-art-10265-6.jpg,https://dlt.by/image/catalog/easyphoto/2268/kist-rollingdog-x1000-25mm-pryamoy-srez-poliester-seriya-professional-art-10265-7.jpg,https://dlt.by/image/catalog/easyphoto/2268/kist-rollingdog-x1000-25mm-pryamoy-srez-poliester-seriya-professional-art-10265-8.jpg,https://dlt.by/image/catalog/easyphoto/2268/nabor-kistey-rollingdog-dt1000-smeshannaya-shchetina-seriya-professional-art-10248-2.jpg,https://dlt.by/image/catalog/easyphoto/2268/nabor-kistey-rollingdog-dt1000-smeshannaya-shchetina-seriya-professional-art-10248-4.jpg,https://dlt.by/image/catalog/easyphoto/2268/nabor-kistey-rollingdog-dt1000-smeshannaya-shchetina-seriya-professional-art-10248-5.jpg,https://dlt.by/image/catalog/easyphoto/2268/nabor-kistey-rollingdog-dt1000-smeshannaya-shchetina-seriya-professional-art-10248-3.jpg,https://dlt.by/image/catalog/easyphoto/2268/nabor-kistey-rollingdog-dt1000-smeshannaya-shchetina-seriya-professional-art-10248-1.jpg,,,,,,,,,,,,,,,,,,,,,,,,,,,,,,,,,,,,,,"
"Набор кистей Rollingdog DT1000, смешанная щетина, серия Professional, арт.10248",Акции на строительный инструмент,10248,601.88,"https://dlt.by/image/catalog/easyphoto/2267/nabor-kistey-rollingdog-dt1000-smeshannaya-shchetina-seriya-professional-art-10248-7.jpg,https://dlt.by/image/catalog/easyphoto/2267/nabor-kistey-rollingdog-dt1000-smeshannaya-shchetina-seriya-professional-art-10248-5.jpg,https://dlt.by/image/catalog/easyphoto/2267/nabor-kistey-rollingdog-dt1000-smeshannaya-shchetina-seriya-professional-art-10248-6.jpg,https://dlt.by/image/catalog/easyphoto/2267/kist-rollingdog-w1000-75mm-uglovoy-srez-sintetika-seriya-professional-art-10199-1.jpg,https://dlt.by/image/catalog/easyphoto/2267/kist-rollingdog-w1000-75mm-uglovoy-srez-sintetika-seriya-professional-art-10199-4.png,https://dlt.by/image/catalog/easyphoto/2267/kist-rollingdog-w1000-75mm-uglovoy-srez-sintetika-seriya-professional-art-10199-3.jpg,https://dlt.by/image/catalog/easyphoto/2267/kist-rollingdog-w1000-75mm-uglovoy-srez-sintetika-seriya-professional-art-10199-2.jpg,,,,,,,,,,,,,,,,,,,,,,,,,,,,,,,,,,,,,,,"
"Набор СВП BIHUI (клин+зажим+щипцы) 1мм, 100шт, арт.BLSK1",Система выравнивания плитки (СВП)>СВП BIHUI,BLSK1,2 257.07,"https://dlt.by/image/catalog/easyphoto/3122/nabor-svp-bihui-klin-zazhim-shchiptsy-1mm-100sht-art-blsk1-19.jpg,https://dlt.by/image/catalog/easyphoto/3122/nabor-svp-bihui-klin-zazhim-shchiptsy-1mm-100sht-art-blsk1-21.jpg,https://dlt.by/image/catalog/easyphoto/3122/nabor-svp-bihui-klin-zazhim-shchiptsy-1mm-100sht-art-blsk1-23.jpg,https://dlt.by/image/catalog/easyphoto/3122/nabor-svp-bihui-klin-zazhim-shchiptsy-1mm-100sht-art-blsk1-20.jpg,https://dlt.by/image/catalog/easyphoto/3122/nabor-svp-bihui-klin-zazhim-shchiptsy-1mm-100sht-art-blsk1-22.jpg,https://dlt.by/image/catalog/easyphoto/3122/nabor-svp-bihui-klin-zazhim-shchiptsy-1mm-100sht-art-blsk1-24.jpg,https://dlt.by/image/catalog/easyphoto/3122/nabor-svp-bihui-klin-zazhim-shchiptsy-1mm-100sht-art-blsk1-25.jpg,https://dlt.by/image/catalog/easyphoto/3122/nabor-svp-bihui-klin-zazhim-shchiptsy-1mm-100sht-art-blsk1-26.jpg,https://dlt.by/image/catalog/easyphoto/3122/nabor-svp-bihui-klin-zazhim-shchiptsy-1mm-100sht-art-blsk1-27.jpg,https://dlt.by/image/catalog/easyphoto/3122/nabor-svp-bihui-klin-zazhim-shchiptsy-1mm-100sht-art-blsk1-30.jpg,https://dlt.by/image/catalog/easyphoto/3122/nabor-svp-bihui-klin-zazhim-shchiptsy-1mm-100sht-art-blsk1-28.jpg,https://dlt.by/image/catalog/easyphoto/3122/nabor-svp-bihui-klin-zazhim-shchiptsy-1mm-100sht-art-blsk1-29.jpg,https://dlt.by/image/catalog/easyphoto/3122/nabor-svp-bihui-klin-zazhim-shchiptsy-1mm-100sht-art-blsk1-31.jpg,https://dlt.by/image/catalog/easyphoto/3122/nabor-svp-bihui-klin-zazhim-shchiptsy-1mm-100sht-art-blsk1-32.jpg,,,,,,,,,,,,,,,,,,,,,,,,,,,,,,,,"
"Шпатель зубчатый BIHUI 600мм, зуб 6мм, арт.PTKNQ6",Шпателя для механизированной шпатлевки>Зубчатые шпатели (гребенки),PTKNQ6,677.12,"https://dlt.by/image/catalog/easyphoto/4100/shpatel-zubchatyy-bihui-600mm-zub-6mm-art-ptknq6-3.jpg,https://dlt.by/image/catalog/easyphoto/4100/shpatel-zubchatyy-bihui-600mm-zub-6mm-art-ptknq6-4.jpg,https://dlt.by/image/catalog/easyphoto/4100/shpatel-zubchatyy-bihui-600mm-zub-6mm-art-ptknq6-5.jpg,https://dlt.by/image/catalog/easyphoto/4100/shpatel-zubchatyy-bihui-600mm-zub-6mm-art-ptknq6-6.jpg,,,,,,,,,,,,,,,,,,,,,,,,,,,,,,,,,,,,,,,,,,"
"Кисть Rollingdog W1000 50мм, угловой срез, синтетика, серия Professional, арт.10193",Акции на строительный инструмент,10193,246.77,"https://dlt.by/image/catalog/easyphoto/2264/kist-rollingdog-w1000-50mm-uglovoy-srez-sintetika-seriya-professional-art-10193-8.jpg,https://dlt.by/image/catalog/easyphoto/2264/kist-rollingdog-w1000-50mm-uglovoy-srez-sintetika-seriya-professional-art-10193-5.jpg,https://dlt.by/image/catalog/easyphoto/2264/kist-rollingdog-w1000-50mm-uglovoy-srez-sintetika-seriya-professional-art-10193-6.jpg,https://dlt.by/image/catalog/easyphoto/2264/kist-rollingdog-w1000-50mm-uglovoy-srez-sintetika-seriya-professional-art-10193-7.jpg,https://dlt.by/image/catalog/easyphoto/2264/kist-rollingdog-w1000-75mm-pryamoy-srez-sintetika-seriya-professional-art-10191-1.jpg,https://dlt.by/image/catalog/easyphoto/2264/kist-rollingdog-w1000-75mm-pryamoy-srez-sintetika-seriya-professional-art-10191-2.jpg,https://dlt.by/image/catalog/easyphoto/2264/kist-rollingdog-w1000-75mm-pryamoy-srez-sintetika-seriya-professional-art-10191-3.jpg,https://dlt.by/image/catalog/easyphoto/2264/kist-rollingdog-w1000-75mm-pryamoy-srez-sintetika-seriya-professional-art-10191-4.jpg,,,,,,,,,,,,,,,,,,,,,,,,,,,,,,,,,,,,,,"
"Запасной комплект ножек подстолья DLT Сороконожка, комплект 9шт., арт.2636",Малярный и штукатурный инструмент>Столы/подстолья/верстаки,2636,1 956.12,"https://dlt.by/image/catalog/easyphoto/3392/zapasnoy-komplekt-nozhek-podstolya-dlt-sorokonozhka-komplekt-9sht-5.jpg,https://dlt.by/image/catalog/easyphoto/3392/zapasnoy-komplekt-nozhek-podstolya-dlt-sorokonozhka-komplekt-9sht-4.jpg,https://dlt.by/image/catalog/easyphoto/3392/zapasnoy-komplekt-nozhek-podstolya-dlt-sorokonozhka-komplekt-9sht-2.jpg,,,,,,,,,,,,,,,,,,,,,,,,,,,,,,,,,,,,,,,,,,,"
"Набор распорных штанг для пылезащитного барьера Rollingdog 140-330см (7предметов), серия Professional, арт.40085",Акции на строительный инструмент,40085,12 007.60,"https://dlt.by/image/catalog/easyphoto/3228/nabor-raspornyh-shtang-dlya-pylezashchitnogo-barera-rollingdog-140-330sm-7predmetov-seriya-professional-art-40085-3.jpg,https://dlt.by/image/catalog/easyphoto/3228/nabor-raspornyh-shtang-dlya-pylezashchitnogo-barera-rollingdog-140-330sm-7predmetov-seriya-professional-art-40085-4.jpg,https://dlt.by/image/catalog/easyphoto/3228/nabor-raspornyh-shtang-dlya-pylezashchitnogo-barera-rollingdog-140-330sm-7predmetov-seriya-professional-art-40085-5.jpg,https://dlt.by/image/catalog/easyphoto/3228/nabor-raspornyh-shtang-dlya-pylezashchitnogo-barera-rollingdog-140-330sm-7predmetov-seriya-professional-art-40085-6.jpg,https://dlt.by/image/catalog/easyphoto/3228/nabor-raspornyh-shtang-dlya-pylezashchitnogo-barera-rollingdog-140-330sm-7predmetov-seriya-professional-art-40085-7.jpg,https://dlt.by/image/catalog/easyphoto/3228/nabor-raspornyh-shtang-dlya-pylezashchitnogo-barera-rollingdog-140-330sm-7predmetov-seriya-professional-art-40085-8.jpg,https://dlt.by/image/catalog/easyphoto/3228/nabor-raspornyh-shtang-dlya-pylezashchitnogo-barera-rollingdog-140-330sm-7predmetov-seriya-professional-art-40085-9.jpg,https://dlt.by/image/catalog/easyphoto/3228/nabor-raspornyh-shtang-dlya-pylezashchitnogo-barera-rollingdog-140-330sm-7predmetov-seriya-professional-art-40085-10.jpg,https://dlt.by/image/catalog/easyphoto/3228/nabor-raspornyh-shtang-dlya-pylezashchitnogo-barera-rollingdog-140-330sm-7predmetov-seriya-professional-art-40085-11.jpg,https://dlt.by/image/catalog/easyphoto/3228/nabor-raspornyh-shtang-dlya-pylezashchitnogo-barera-rollingdog-140-330sm-7predmetov-seriya-professional-art-40085-12.jpg,https://dlt.by/image/catalog/easyphoto/3228/nabor-raspornyh-shtang-dlya-pylezashchitnogo-barera-rollingdog-140-330sm-7predmetov-seriya-professional-art-40085-13.jpg,https://dlt.by/image/catalog/easyphoto/3228/nabor-raspornyh-shtang-dlya-pylezashchitnogo-barera-rollingdog-140-330sm-7predmetov-seriya-professional-art-40085-14.jpg,https://dlt.by/image/catalog/easyphoto/3228/nabor-raspornyh-shtang-dlya-pylezashchitnogo-barera-rollingdog-140-330sm-7predmetov-seriya-professional-art-40085-16.jpg,https://dlt.by/image/catalog/easyphoto/3228/nabor-raspornyh-shtang-dlya-pylezashchitnogo-barera-rollingdog-140-330sm-7predmetov-seriya-professional-art-40085-15.jpg,https://dlt.by/image/catalog/easyphoto/3228/nabor-raspornyh-shtang-dlya-pylezashchitnogo-barera-rollingdog-140-330sm-2sht-seriya-professional-art-40084-2.jpg,https://dlt.by/image/catalog/easyphoto/3228/nabor-raspornyh-shtang-dlya-pylezashchitnogo-barera-rollingdog-140-330sm-2sht-seriya-professional-art-40084-1.jpg,,,,,,,,,,,,,,,,,,,,,,,,,,,,,,"
"Система выравнивания плитки (СВП) для углов, 30 штук, арт.2350",Инструмент для укладки плитки>Крестики/клинья/подковы,2350,1 504.71,"https://dlt.by/image/catalog/easyphoto/3143/sistema-vyravnivaniya-plitki-svp-dlya-uglov-upakovka-30-shtuk-art-2350-5.jpg,https://dlt.by/image/catalog/easyphoto/3143/sistema-vyravnivaniya-plitki-svp-dlya-uglov-upakovka-30-shtuk-art-2350-6.jpg,https://dlt.by/image/catalog/easyphoto/3143/sistema-vyravnivaniya-plitki-svp-dlya-uglov-upakovka-30-shtuk-art-2350-7.jpg,https://dlt.by/image/catalog/easyphoto/3143/sistema-vyravnivaniya-plitki-svp-dlya-uglov-upakovka-30-shtuk-art-2350-8.jpg,https://dlt.by/image/catalog/easyphoto/3143/sistema-vyravnivaniya-plitki-svp-dlya-uglov-upakovka-30-shtuk-art-2350-9.jpg,,,,,,,,,,,,,,,,,,,,,,,,,,,,,,,,,,,,,,,,,"
"Кисть макловица Rollingdog C90 30х70мм, синтетика, серия Standard, арт.10642",Малярный и штукатурный инструмент>Кисти малярные>Кисти макловицы,10642,337.06,"https://dlt.by/image/catalog/easyphoto/2588/kist-maklovitsa-rollingdog-c90-30h70mm-sintetika-seriya-standard-art-10642-2.jpg,https://dlt.by/image/catalog/easyphoto/2588/kist-maklovitsa-rollingdog-c90-30h70mm-sintetika-seriya-standard-art-10642-3.jpg,https://dlt.by/image/catalog/easyphoto/2588/kist-maklovitsa-rollingdog-c90-30h70mm-sintetika-seriya-standard-art-10642-4.jpg,https://dlt.by/image/catalog/easyphoto/2588/kist-maklovitsa-rollingdog-c90-30h70mm-sintetika-seriya-standard-art-10642-5.jpg,,,,,,,,,,,,,,,,,,,,,,,,,,,,,,,,,,,,,,,,,,"
"Малярный шпатель Rollingdog Ultra-Flex 4"" (100мм), серия Elite, арт.50383",Акции на строительный инструмент,50383,388.22,"https://dlt.by/image/catalog/easyphoto/2390/malyarnyy-shpatel-rollingdog-ultra-flex-4-100mm-seriya-elite-art-50383-4.jpg,https://dlt.by/image/catalog/easyphoto/2390/malyarnyy-shpatel-rollingdog-ultra-flex-4-100mm-seriya-elite-art-50383-5.jpg,https://dlt.by/image/catalog/easyphoto/2390/malyarnyy-shpatel-rollingdog-ultra-flex-4-100mm-seriya-elite-art-50383-6.jpg,,,,,,,,,,,,,,,,,,,,,,,,,,,,,,,,,,,,,,,,,,,"
"Система переноски крупноформатного керамогранита DLT Auto , арт.1770",Инструмент для укладки плитки>Крупноформат,1770,70 420.49,"https://dlt.by/image/catalog/easyphoto/2250/sistema-perenoski-krupnoformatnogo-keramogranita-dlt-auto-9.jpg,https://dlt.by/image/catalog/easyphoto/2250/sistema-perenoski-krupnoformatnogo-keramogranita-dlt-auto-10.jpg,https://dlt.by/image/catalog/easyphoto/2250/sistema-perenoski-krupnoformatnogo-keramogranita-dlt-auto-11.jpg,https://dlt.by/image/catalog/easyphoto/2250/sistema-perenoski-krupnoformatnogo-keramogranita-dlt-auto-17.jpg,https://dlt.by/image/catalog/easyphoto/2250/sistema-perenoski-krupnoformatnogo-keramogranita-dlt-auto-15.jpg,https://dlt.by/image/catalog/easyphoto/2250/sistema-perenoski-krupnoformatnogo-keramogranita-dlt-auto-18.jpg,https://dlt.by/image/catalog/easyphoto/2250/sistema-perenoski-krupnoformatnogo-keramogranita-dlt-auto-4.jpg,https://dlt.by/image/catalog/easyphoto/2250/sistema-perenoski-krupnoformatnogo-keramogranita-dlt-auto-5.jpg,,,,,,,,,,,,,,,,,,,,,,,,,,,,,,,,,,,,,,"
"Кусачки для плитки BIHUI, арт. TNC10",Плиткорезы ручные>Аксессуары для ручных плиткорезов>Разделители (сепараторы),TNC10,1 402.39,"https://dlt.by/image/catalog/easyphoto/2251/kusachki-dlya-plitki-bihui-art-tnc10-2.jpg,https://dlt.by/image/catalog/easyphoto/2251/kusachki-dlya-plitki-bihui-art-tnc10-3.jpg,https://dlt.by/image/catalog/easyphoto/2251/kusachki-dlya-plitki-bihui-art-tnc10-4.jpg,https://dlt.by/image/catalog/easyphoto/2251/kusachki-dlya-plitki-bihui-art-tnc10-5.jpg,,,,,,,,,,,,,,,,,,,,,,,,,,,,,,,,,,,,,,,,,,"
"Набор сменных стержней к карандашам (набор грифелей) BIHUI, арт.TCM7-SL",Инструмент для укладки плитки>Строительные маркеры и карандаши,TCM7-SL,246.77,"https://dlt.by/image/catalog/easyphoto/2252/nabor-smennyh-sterzhney-k-karandasham-nabor-grifeley-bihui-art-tcm7-sl-5.jpg,https://dlt.by/image/catalog/easyphoto/2252/nabor-smennyh-sterzhney-k-karandasham-nabor-grifeley-bihui-art-tcm7-sl-6.jpg,https://dlt.by/image/catalog/easyphoto/2252/nabor-smennyh-sterzhney-k-karandasham-nabor-grifeley-bihui-art-tcm7-sl-7.jpg,,,,,,,,,,,,,,,,,,,,,,,,,,,,,,,,,,,,,,,,,,,"
"Строительный карандаш BIHUI с набором сменных стержней, арт.TCM7",Инструмент для укладки плитки>Строительные маркеры и карандаши,TCM7,619.94,"https://dlt.by/image/catalog/easyphoto/2253/stroitelnyy-karandash-bihui-art-tcm7-7.jpg,https://dlt.by/image/catalog/easyphoto/2253/stroitelnyy-karandash-bihui-art-tcm7-8.jpg,https://dlt.by/image/catalog/easyphoto/2253/stroitelnyy-karandash-bihui-art-tcm7-9.jpg,https://dlt.by/image/catalog/easyphoto/2253/stroitelnyy-karandash-bihui-art-tcm7-10.jpg,https://dlt.by/image/catalog/easyphoto/2253/stroitelnyy-karandash-bihui-art-tcm7-12.jpg,https://dlt.by/image/catalog/easyphoto/2253/stroitelnyy-karandash-bihui-art-tcm7-13.jpg,https://dlt.by/image/catalog/easyphoto/2253/stroitelnyy-karandash-bihui-art-tcm7-11.jpg,https://dlt.by/image/catalog/easyphoto/2253/stroitelnyy-karandash-bihui-art-tcm7-14.jpg,,,,,,,,,,,,,,,,,,,,,,,,,,,,,,,,,,,,,,"
"Набор запасных фиксаторов для системы выравнивания плитки (СВП) BIHUI, 50 шт., арт.TSL50-SN",Система выравнивания плитки (СВП)>СВП BIHUI,TSL50-SN,421.32,"https://dlt.by/image/catalog/easyphoto/2254/nabor-zapasnyh-fiksatorov-dlya-sistemy-vyravnivaniya-plitki-bihui-art-tsl50-sn-4.jpg,https://dlt.by/image/catalog/easyphoto/2254/nabor-zapasnyh-fiksatorov-dlya-sistemy-vyravnivaniya-plitki-bihui-art-tsl50-sn-5.jpg,https://dlt.by/image/catalog/easyphoto/2254/nabor-zapasnyh-fiksatorov-dlya-sistemy-vyravnivaniya-plitki-bihui-art-tsl50-sn-6.jpg,,,,,,,,,,,,,,,,,,,,,,,,,,,,,,,,,,,,,,,,,,,"
"Помповая присоска BIHUI для гладкой и рельефной поверхности, Ø8 дюймов, арт.SCBS8",Инструмент для укладки плитки>Присоски для плитки и стекла>Помповые присоски,SCBS8,7 824.50,"https://dlt.by/image/catalog/easyphoto/2255/vakuumnaya-pompovaya-prisoska-dlya-gladkoy-i-relefnoy-plitki-8-dyuymov-bihui-art-scbs8-2.jpg,https://dlt.by/image/catalog/easyphoto/2255/vakuumnaya-pompovaya-prisoska-dlya-gladkoy-i-relefnoy-plitki-8-dyuymov-bihui-art-scbs8-3.jpg,https://dlt.by/image/catalog/easyphoto/2255/vakuumnaya-pompovaya-prisoska-dlya-gladkoy-i-relefnoy-plitki-8-dyuymov-bihui-art-scbs8-4.jpg,https://dlt.by/image/catalog/easyphoto/2255/vakuumnaya-pompovaya-prisoska-dlya-gladkoy-i-relefnoy-plitki-8-dyuymov-bihui-art-scbs8-5.jpg,https://dlt.by/image/catalog/easyphoto/2255/vakuumnaya-pompovaya-prisoska-dlya-gladkoy-i-relefnoy-plitki-8-dyuymov-bihui-art-scbs8-6.jpg,https://dlt.by/image/catalog/easyphoto/2255/vakuumnaya-pompovaya-prisoska-dlya-gladkoy-i-relefnoy-plitki-8-dyuymov-bihui-art-scbs8-7.jpg,https://dlt.by/image/catalog/easyphoto/2255/vakuumnaya-pompovaya-prisoska-dlya-gladkoy-i-relefnoy-plitki-8-dyuymov-bihui-art-scbs8-8.jpg,,,,,,,,,,,,,,,,,,,,,,,,,,,,,,,,,,,,,,,"
"Сменная щетка на шлифмашину BIHUI, арт.CG1900-25",Шлифовальные машины для стен/потолков/пола>Аксессуары шлифмашин,CG1900-25,1 113.49,"https://dlt.by/image/catalog/easyphoto/2256/smennaya-shchetka-na-shlifmashinu-bihui-art-cg1900-25-1.jpg,https://dlt.by/image/catalog/easyphoto/2256/smennaya-shchetka-na-shlifmashinu-bihui-art-cg1900-25-2.jpg,,,,,,,,,,,,,,,,,,,,,,,,,,,,,,,,,,,,,,,,,,,,"
"Зажим для плитки поворотный, арт.2148",Инструмент для укладки плитки>Разное для укладки,2148,2 467.73,"https://dlt.by/image/catalog/easyphoto/2257/zazhim-dlya-plitki-povorotnyy-3.jpg,https://dlt.by/image/catalog/easyphoto/2257/zazhim-dlya-plitki-povorotnyy-4.jpg,https://dlt.by/image/catalog/easyphoto/2257/zazhim-dlya-plitki-povorotnyy-5.jpg,https://dlt.by/image/catalog/easyphoto/2257/zazhim-dlya-plitki-povorotnyy-6.jpg,https://dlt.by/image/catalog/easyphoto/2257/zazhim-dlya-plitki-povorotnyy-7.jpg,https://dlt.by/image/catalog/easyphoto/2257/zazhim-dlya-plitki-povorotnyy-8.jpg,,,,,,,,,,,,,,,,,,,,,,,,,,,,,,,,,,,,,,,,"
"Набор: строительный карандаш DLT (металлический корпус) + 6 сменных стержней, (СИНИЙ), арт.2428",Бренды>Оборудование и приспособления для укладки плитки DLT,2428,1 005.15,"https://dlt.by/image/catalog/easyphoto/3149/nabor-stroitelnyy-karandash-dlt-metallicheskiy-korpus-6-smennyh-sterzhney-siniy-4.jpg,https://dlt.by/image/catalog/easyphoto/3149/nabor-stroitelnyy-karandash-dlt-metallicheskiy-korpus-6-smennyh-sterzhney-siniy-5.jpg,https://dlt.by/image/catalog/easyphoto/3149/nabor-stroitelnyy-karandash-dlt-metallicheskiy-korpus-6-smennyh-sterzhney-siniy-6.jpg,,,,,,,,,,,,,,,,,,,,,,,,,,,,,,,,,,,,,,,,,,,"
"Кисть Rollingdog 75мм, прямой срез, полиэстер, серия Professional, арт.10269",Акции на строительный инструмент,10269,541.70,"https://dlt.by/image/catalog/easyphoto/2270/kist-rollingdog-75mm-pryamoy-srez-poliester-seriya-professional-art-10269-6.jpg,https://dlt.by/image/catalog/easyphoto/2270/kist-rollingdog-75mm-pryamoy-srez-poliester-seriya-professional-art-10269-7.jpg,https://dlt.by/image/catalog/easyphoto/2270/kist-rollingdog-75mm-pryamoy-srez-poliester-seriya-professional-art-10269-8.jpg,https://dlt.by/image/catalog/easyphoto/2270/nabor-kistey-rollingdog-dt1000-smeshannaya-shchetina-seriya-professional-art-10248-1.jpg,https://dlt.by/image/catalog/easyphoto/2270/nabor-kistey-rollingdog-dt1000-smeshannaya-shchetina-seriya-professional-art-10248-3.jpg,https://dlt.by/image/catalog/easyphoto/2270/nabor-kistey-rollingdog-dt1000-smeshannaya-shchetina-seriya-professional-art-10248-2.jpg,https://dlt.by/image/catalog/easyphoto/2270/nabor-kistey-rollingdog-dt1000-smeshannaya-shchetina-seriya-professional-art-10248-5.jpg,https://dlt.by/image/catalog/easyphoto/2270/nabor-kistey-rollingdog-dt1000-smeshannaya-shchetina-seriya-professional-art-10248-4.jpg,,,,,,,,,,,,,,,,,,,,,,,,,,,,,,,,,,,,,,"
"Кисть Rollingdog X1000 50мм, угловой срез, полиэстер, серия Professional, арт.10271",Акции на строительный инструмент,10271,367.15,"https://dlt.by/image/catalog/easyphoto/2271/kist-rollingdog-x1000-50mm-uglovoy-srez-poliester-seriya-professional-art-10271-7.jpg,https://dlt.by/image/catalog/easyphoto/2271/kist-rollingdog-x1000-50mm-uglovoy-srez-poliester-seriya-professional-art-10271-8.jpg,https://dlt.by/image/catalog/easyphoto/2271/kist-rollingdog-x1000-50mm-uglovoy-srez-poliester-seriya-professional-art-10271-9.jpg,https://dlt.by/image/catalog/easyphoto/2271/kist-rollingdog-x1000-50mm-uglovoy-srez-poliester-seriya-professional-art-10271-10.jpg,https://dlt.by/image/catalog/easyphoto/2271/nabor-kistey-rollingdog-dt1000-smeshannaya-shchetina-seriya-professional-art-10248-1.jpg,https://dlt.by/image/catalog/easyphoto/2271/nabor-kistey-rollingdog-dt1000-smeshannaya-shchetina-seriya-professional-art-10248-2.jpg,https://dlt.by/image/catalog/easyphoto/2271/nabor-kistey-rollingdog-dt1000-smeshannaya-shchetina-seriya-professional-art-10248-3.jpg,https://dlt.by/image/catalog/easyphoto/2271/nabor-kistey-rollingdog-dt1000-smeshannaya-shchetina-seriya-professional-art-10248-4.jpg,https://dlt.by/image/catalog/easyphoto/2271/nabor-kistey-rollingdog-dt1000-smeshannaya-shchetina-seriya-professional-art-10248-5.jpg,https://dlt.by/image/catalog/easyphoto/2271/nabor-kistey-rollingdog-dt1000-smeshannaya-shchetina-seriya-professional-art-10248-6.jpg,,,,,,,,,,,,,,,,,,,,,,,,,,,,,,,,,,,,"
"Кисть Rollingdog X1000 63мм, угловой срез, синтетика, серия Professional, арт.10272",Акции на строительный инструмент,10272,451.41,"https://dlt.by/image/catalog/easyphoto/2272/kist-rollingdog-x1000-63mm-uglovoy-srez-sintetika-seriya-professional-art-10272-6.jpg,https://dlt.by/image/catalog/easyphoto/2272/kist-rollingdog-x1000-63mm-uglovoy-srez-sintetika-seriya-professional-art-10272-8.jpg,https://dlt.by/image/catalog/easyphoto/2272/kist-rollingdog-x1000-63mm-uglovoy-srez-sintetika-seriya-professional-art-10272-5.jpg,https://dlt.by/image/catalog/easyphoto/2272/kist-rollingdog-x1000-63mm-uglovoy-srez-sintetika-seriya-professional-art-10272-7.jpg,https://dlt.by/image/catalog/easyphoto/2272/nabor-kistey-rollingdog-dt1000-smeshannaya-shchetina-seriya-professional-art-10248-1.jpg,https://dlt.by/image/catalog/easyphoto/2272/nabor-kistey-rollingdog-dt1000-smeshannaya-shchetina-seriya-professional-art-10248-2.jpg,https://dlt.by/image/catalog/easyphoto/2272/nabor-kistey-rollingdog-dt1000-smeshannaya-shchetina-seriya-professional-art-10248-3.jpg,https://dlt.by/image/catalog/easyphoto/2272/nabor-kistey-rollingdog-dt1000-smeshannaya-shchetina-seriya-professional-art-10248-4.jpg,,,,,,,,,,,,,,,,,,,,,,,,,,,,,,,,,,,,,,"
"Кисть Rollingdog X1000 50мм, угловой срез, полиэстер, серия Professional, арт.10273",Акции на строительный инструмент,10273,391.22,"https://dlt.by/image/catalog/easyphoto/2273/kist-rollingdog-x1000-50mm-uglovoy-srez-poliester-seriya-professional-art-10273-5.jpg,https://dlt.by/image/catalog/easyphoto/2273/kist-rollingdog-x1000-50mm-uglovoy-srez-poliester-seriya-professional-art-10273-6.jpg,https://dlt.by/image/catalog/easyphoto/2273/kist-rollingdog-x1000-50mm-uglovoy-srez-poliester-seriya-professional-art-10273-7.jpg,https://dlt.by/image/catalog/easyphoto/2273/kist-rollingdog-x1000-50mm-uglovoy-srez-poliester-seriya-professional-art-10273-8.jpg,https://dlt.by/image/catalog/easyphoto/2273/nabor-kistey-rollingdog-dt1000-smeshannaya-shchetina-seriya-professional-art-10248-1.jpg,https://dlt.by/image/catalog/easyphoto/2273/nabor-kistey-rollingdog-dt1000-smeshannaya-shchetina-seriya-professional-art-10248-2.jpg,https://dlt.by/image/catalog/easyphoto/2273/nabor-kistey-rollingdog-dt1000-smeshannaya-shchetina-seriya-professional-art-10248-3.jpg,https://dlt.by/image/catalog/easyphoto/2273/nabor-kistey-rollingdog-dt1000-smeshannaya-shchetina-seriya-professional-art-10248-4.jpg,,,,,,,,,,,,,,,,,,,,,,,,,,,,,,,,,,,,,,"
"Кисть с короткой ручкой Rollingdog 50мм, угловой срез, синтетика серия Professional, арт.10289",Акции на строительный инструмент,10289,246.77,"https://dlt.by/image/catalog/easyphoto/2274/kist-s-korotkoy-ruchkoy-rollingdog-50mm-uglovoy-srez-sintetika-seriya-professional-art-10289-4.jpg,https://dlt.by/image/catalog/easyphoto/2274/kist-s-korotkoy-ruchkoy-rollingdog-50mm-uglovoy-srez-sintetika-seriya-professional-art-10289-6.jpg,https://dlt.by/image/catalog/easyphoto/2274/kist-s-korotkoy-ruchkoy-rollingdog-50mm-uglovoy-srez-sintetika-seriya-professional-art-10289-5.jpg,https://dlt.by/image/catalog/easyphoto/2274/kist-s-korotkoy-ruchkoy-rollingdog-50mm-uglovoy-srez-sintetika-seriya-professional-art-10289-7.jpg,https://dlt.by/image/catalog/easyphoto/2274/nabor-kistey-rollingdog-dt1000-smeshannaya-shchetina-seriya-professional-art-10248-1.jpg,https://dlt.by/image/catalog/easyphoto/2274/nabor-kistey-rollingdog-dt1000-smeshannaya-shchetina-seriya-professional-art-10248-2.jpg,https://dlt.by/image/catalog/easyphoto/2274/nabor-kistey-rollingdog-dt1000-smeshannaya-shchetina-seriya-professional-art-10248-3.png,,,,,,,,,,,,,,,,,,,,,,,,,,,,,,,,,,,,,,,"
"Кисть Rollingdog X1000 38мм, угловой срез, полиэстер, серия Professional, арт.10297",Малярный и штукатурный инструмент>Кисти малярные>Плоские кисти>Угловой срез,10297,337.06,"https://dlt.by/image/catalog/easyphoto/2275/kist-rollingdog-x1000-38mm-uglovoy-srez-poliester-seriya-professional-art-10297-4.jpg,https://dlt.by/image/catalog/easyphoto/2275/kist-rollingdog-x1000-38mm-uglovoy-srez-poliester-seriya-professional-art-10297-5.jpg,https://dlt.by/image/catalog/easyphoto/2275/kist-rollingdog-x1000-38mm-uglovoy-srez-poliester-seriya-professional-art-10297-6.jpg,https://dlt.by/image/catalog/easyphoto/2275/kist-rollingdog-x1000-38mm-uglovoy-srez-poliester-seriya-professional-art-10297-7.jpg,https://dlt.by/image/catalog/easyphoto/2275/nabor-kistey-rollingdog-dt1000-smeshannaya-shchetina-seriya-professional-art-10248-2.jpg,https://dlt.by/image/catalog/easyphoto/2275/nabor-kistey-rollingdog-dt1000-smeshannaya-shchetina-seriya-professional-art-10248-3.jpg,https://dlt.by/image/catalog/easyphoto/2275/nabor-kistey-rollingdog-dt1000-smeshannaya-shchetina-seriya-professional-art-10248-1.jpg,,,,,,,,,,,,,,,,,,,,,,,,,,,,,,,,,,,,,,,"
"Кисть Rollingdog 63мм, угловой срез, полиэстер, серия Professional, арт.10298",Акции на строительный инструмент,10298,511.60,"https://dlt.by/image/catalog/easyphoto/2276/kist-rollingdog-63mm-uglovoy-srez-poliester-seriya-professional-art-10298-8.jpg,https://dlt.by/image/catalog/easyphoto/2276/kist-rollingdog-63mm-uglovoy-srez-poliester-seriya-professional-art-10298-9.jpg,https://dlt.by/image/catalog/easyphoto/2276/kist-rollingdog-63mm-uglovoy-srez-poliester-seriya-professional-art-10298-10.jpg,https://dlt.by/image/catalog/easyphoto/2276/kist-rollingdog-63mm-uglovoy-srez-poliester-seriya-professional-art-10298-11.jpg,https://dlt.by/image/catalog/easyphoto/2276/nabor-kistey-rollingdog-dt1000-smeshannaya-shchetina-seriya-professional-art-10248-1.jpg,https://dlt.by/image/catalog/easyphoto/2276/nabor-kistey-rollingdog-dt1000-smeshannaya-shchetina-seriya-professional-art-10248-3.jpg,https://dlt.by/image/catalog/easyphoto/2276/nabor-kistey-rollingdog-dt1000-smeshannaya-shchetina-seriya-professional-art-10248-2.jpg,https://dlt.by/image/catalog/easyphoto/2276/nabor-kistey-rollingdog-dt1000-smeshannaya-shchetina-seriya-professional-art-10248-4.jpg,https://dlt.by/image/catalog/easyphoto/2276/nabor-kistey-rollingdog-dt1000-smeshannaya-shchetina-seriya-professional-art-10248-5.png,https://dlt.by/image/catalog/easyphoto/2276/nabor-kistey-rollingdog-dt1000-smeshannaya-shchetina-seriya-professional-art-10248-6.jpg,https://dlt.by/image/catalog/easyphoto/2276/nabor-kistey-rollingdog-dt1000-smeshannaya-shchetina-seriya-professional-art-10248-7.jpg,,,,,,,,,,,,,,,,,,,,,,,,,,,,,,,,,,,"
"Кисть макловица Rollingdog ST1000 40x140мм, прямой срез, синтетика, серия Elite, арт.10324",Акции на строительный инструмент,10324,902.83,"https://dlt.by/image/catalog/easyphoto/2277/kist-maklovitsa-rollingdog-40x140mm-pryamoy-srez-sintetika-seriya-elite-art-10324-13.jpg,https://dlt.by/image/catalog/easyphoto/2277/kist-maklovitsa-rollingdog-40x140mm-pryamoy-srez-sintetika-seriya-elite-art-10324-11.jpg,https://dlt.by/image/catalog/easyphoto/2277/kist-maklovitsa-rollingdog-40x140mm-pryamoy-srez-sintetika-seriya-elite-art-10324-12.jpg,https://dlt.by/image/catalog/easyphoto/2277/kist-maklovitsa-rollingdog-40x140mm-pryamoy-srez-sintetika-seriya-elite-art-10324-14.jpg,https://dlt.by/image/catalog/easyphoto/2277/kist-maklovitsa-rollingdog-40x140mm-pryamoy-srez-sintetika-seriya-elite-art-10324-15.jpg,https://dlt.by/image/catalog/easyphoto/2277/kist-maklovitsa-rollingdog-40x140mm-pryamoy-srez-sintetika-seriya-elite-art-10324-16.jpg,https://dlt.by/image/catalog/easyphoto/2277/nabor-kistey-rollingdog-dt1000-smeshannaya-shchetina-seriya-professional-art-10248-1.jpg,https://dlt.by/image/catalog/easyphoto/2277/nabor-kistey-rollingdog-dt1000-smeshannaya-shchetina-seriya-professional-art-10248-2.jpg,https://dlt.by/image/catalog/easyphoto/2277/nabor-kistey-rollingdog-dt1000-smeshannaya-shchetina-seriya-professional-art-10248-6.jpg,https://dlt.by/image/catalog/easyphoto/2277/nabor-kistey-rollingdog-dt1000-smeshannaya-shchetina-seriya-professional-art-10248-10.png,https://dlt.by/image/catalog/easyphoto/2277/nabor-kistey-rollingdog-dt1000-smeshannaya-shchetina-seriya-professional-art-10248-3.jpg,https://dlt.by/image/catalog/easyphoto/2277/nabor-kistey-rollingdog-dt1000-smeshannaya-shchetina-seriya-professional-art-10248-4.jpg,https://dlt.by/image/catalog/easyphoto/2277/nabor-kistey-rollingdog-dt1000-smeshannaya-shchetina-seriya-professional-art-10248-5.jpg,https://dlt.by/image/catalog/easyphoto/2277/nabor-kistey-rollingdog-dt1000-smeshannaya-shchetina-seriya-professional-art-10248-7.jpg,https://dlt.by/image/catalog/easyphoto/2277/nabor-kistey-rollingdog-dt1000-smeshannaya-shchetina-seriya-professional-art-10248-8.jpg,https://dlt.by/image/catalog/easyphoto/2277/nabor-kistey-rollingdog-dt1000-smeshannaya-shchetina-seriya-professional-art-10248-9.jpg,,,,,,,,,,,,,,,,,,,,,,,,,,,,,,"
"Кисть с короткой ручкой Rollingdog 50мм, угловой срез, синтетика, серия Professional, арт.10327",Акции на строительный инструмент,10327,306.96,"https://dlt.by/image/catalog/easyphoto/2278/kist-s-korotkoy-ruchkoy-rollingdog-50mm-uglovoy-srez-sintetika-seriya-professional-art-10327-8.jpg,https://dlt.by/image/catalog/easyphoto/2278/kist-s-korotkoy-ruchkoy-rollingdog-50mm-uglovoy-srez-sintetika-seriya-professional-art-10327-7.jpg,https://dlt.by/image/catalog/easyphoto/2278/kist-s-korotkoy-ruchkoy-rollingdog-50mm-uglovoy-srez-sintetika-seriya-professional-art-10327-9.jpg,https://dlt.by/image/catalog/easyphoto/2278/kist-s-korotkoy-ruchkoy-rollingdog-50mm-uglovoy-srez-sintetika-seriya-professional-art-10327-10.jpg,https://dlt.by/image/catalog/easyphoto/2278/nabor-kistey-rollingdog-dt1000-smeshannaya-shchetina-seriya-professional-art-10248-5.jpg,https://dlt.by/image/catalog/easyphoto/2278/nabor-kistey-rollingdog-dt1000-smeshannaya-shchetina-seriya-professional-art-10248-6.jpg,https://dlt.by/image/catalog/easyphoto/2278/nabor-kistey-rollingdog-dt1000-smeshannaya-shchetina-seriya-professional-art-10248-4.jpg,https://dlt.by/image/catalog/easyphoto/2278/nabor-kistey-rollingdog-dt1000-smeshannaya-shchetina-seriya-professional-art-10248-1.jpg,https://dlt.by/image/catalog/easyphoto/2278/nabor-kistey-rollingdog-dt1000-smeshannaya-shchetina-seriya-professional-art-10248-2.jpg,https://dlt.by/image/catalog/easyphoto/2278/nabor-kistey-rollingdog-dt1000-smeshannaya-shchetina-seriya-professional-art-10248-3.jpg,,,,,,,,,,,,,,,,,,,,,,,,,,,,,,,,,,,,"
"Кисть Rollingdog BT1000 30мм, прямой срез, полиэстер, серия Professional, арт.10345",Акции на строительный инструмент,10345,186.58,"https://dlt.by/image/catalog/easyphoto/2279/kist-rollingdog-bt1000-30mm-pryamoy-srez-poliester-seriya-professional-art-10345-6.jpg,https://dlt.by/image/catalog/easyphoto/2279/kist-rollingdog-bt1000-30mm-pryamoy-srez-poliester-seriya-professional-art-10345-4.jpg,https://dlt.by/image/catalog/easyphoto/2279/kist-rollingdog-bt1000-30mm-pryamoy-srez-poliester-seriya-professional-art-10345-5.jpg,https://dlt.by/image/catalog/easyphoto/2279/nabor-kistey-rollingdog-dt1000-smeshannaya-shchetina-seriya-professional-art-10248-1.jpg,https://dlt.by/image/catalog/easyphoto/2279/nabor-kistey-rollingdog-dt1000-smeshannaya-shchetina-seriya-professional-art-10248-3.png,https://dlt.by/image/catalog/easyphoto/2279/nabor-kistey-rollingdog-dt1000-smeshannaya-shchetina-seriya-professional-art-10248-2.jpg,,,,,,,,,,,,,,,,,,,,,,,,,,,,,,,,,,,,,,,,"
"Кисть Rollingdog BT1000 40мм, прямой срез, полиэстер, серия Professional, арт.10346",Акции на строительный инструмент,10346,216.68,"https://dlt.by/image/catalog/easyphoto/2280/kist-rollingdog-bt1000-40mm-pryamoy-srez-poliester-seriya-professional-art-10346-7.jpg,https://dlt.by/image/catalog/easyphoto/2280/kist-rollingdog-bt1000-40mm-pryamoy-srez-poliester-seriya-professional-art-10346-5.jpg,https://dlt.by/image/catalog/easyphoto/2280/kist-rollingdog-bt1000-40mm-pryamoy-srez-poliester-seriya-professional-art-10346-6.jpg,https://dlt.by/image/catalog/easyphoto/2280/nabor-kistey-rollingdog-dt1000-smeshannaya-shchetina-seriya-professional-art-10248-1.jpg,https://dlt.by/image/catalog/easyphoto/2280/nabor-kistey-rollingdog-dt1000-smeshannaya-shchetina-seriya-professional-art-10248-2.png,https://dlt.by/image/catalog/easyphoto/2280/nabor-kistey-rollingdog-dt1000-smeshannaya-shchetina-seriya-professional-art-10248-4.jpg,https://dlt.by/image/catalog/easyphoto/2280/nabor-kistey-rollingdog-dt1000-smeshannaya-shchetina-seriya-professional-art-10248-3.jpg,,,,,,,,,,,,,,,,,,,,,,,,,,,,,,,,,,,,,,,"
"Кисть Rollingdog BT1000 50мм, прямой срез, полиэстер, серия Professional, арт.10347",Бренды>Малярный инструмент ROLLINGDOG,10347,246.77,"https://dlt.by/image/catalog/easyphoto/2281/kist-rollingdog-bt1000-50mm-pryamoy-srez-poliester-seriya-professional-art-10347-8.jpg,https://dlt.by/image/catalog/easyphoto/2281/kist-rollingdog-bt1000-50mm-pryamoy-srez-poliester-seriya-professional-art-10347-6.jpg,https://dlt.by/image/catalog/easyphoto/2281/kist-rollingdog-bt1000-50mm-pryamoy-srez-poliester-seriya-professional-art-10347-7.jpg,https://dlt.by/image/catalog/easyphoto/2281/nabor-kistey-rollingdog-dt1000-smeshannaya-shchetina-seriya-professional-art-10248-1.jpg,https://dlt.by/image/catalog/easyphoto/2281/nabor-kistey-rollingdog-dt1000-smeshannaya-shchetina-seriya-professional-art-10248-2.png,https://dlt.by/image/catalog/easyphoto/2281/nabor-kistey-rollingdog-dt1000-smeshannaya-shchetina-seriya-professional-art-10248-3.jpg,https://dlt.by/image/catalog/easyphoto/2281/nabor-kistey-rollingdog-dt1000-smeshannaya-shchetina-seriya-professional-art-10248-4.png,https://dlt.by/image/catalog/easyphoto/2281/nabor-kistey-rollingdog-dt1000-smeshannaya-shchetina-seriya-professional-art-10248-5.jpg,,,,,,,,,,,,,,,,,,,,,,,,,,,,,,,,,,,,,,"
Ролик пластиковый для плиткореза/слайдера DLT MAXSLIM арт. 1941,Запчасти>Системы резки крупноформата,1941,306.96,"https://dlt.by/image/catalog/easyphoto/2282/rolik-plastikovyy-dlya-plitkoreza-slaydera-dlt-maxslim-art-1941-4.jpg,https://dlt.by/image/catalog/easyphoto/2282/rolik-plastikovyy-dlya-plitkoreza-slaydera-dlt-maxslim-art-1941-5.jpg,https://dlt.by/image/catalog/easyphoto/2282/rolik-plastikovyy-dlya-plitkoreza-slaydera-dlt-maxslim-art-1941-6.jpg,,,,,,,,,,,,,,,,,,,,,,,,,,,,,,,,,,,,,,,,,,,"
"Скребок малярный многофункциональный 6 в 1, TACTIX, арт.305056",Малярный и штукатурный инструмент>Скребки малярные,305056,421.32,"https://dlt.by/image/catalog/easyphoto/2283/skrebok-malyarnyy-mnogofunktsionalnyy-6-v-1-tactix-art-305056-5.jpg,https://dlt.by/image/catalog/easyphoto/2283/skrebok-malyarnyy-mnogofunktsionalnyy-6-v-1-tactix-art-305056-3.jpg,https://dlt.by/image/catalog/easyphoto/2283/skrebok-malyarnyy-mnogofunktsionalnyy-6-v-1-tactix-art-305056-4.jpg,https://dlt.by/image/catalog/easyphoto/2283/skrebok-malyarnyy-mnogofunktsionalnyy-6-v-1-tactix-art-305056-6.jpg,,,,,,,,,,,,,,,,,,,,,,,,,,,,,,,,,,,,,,,,,,"
"Скребок малярный TACTIX, 75мм, арт.305033",Акции на строительный инструмент,305033,421.32,"https://dlt.by/image/catalog/easyphoto/2284/skrebok-malyarnyy-tactix-75mm-art-305033-2.jpg,https://dlt.by/image/catalog/easyphoto/2284/skrebok-malyarnyy-tactix-75mm-art-305033-3.jpg,https://dlt.by/image/catalog/easyphoto/2284/skrebok-malyarnyy-tactix-75mm-art-305033-4.jpg,,,,,,,,,,,,,,,,,,,,,,,,,,,,,,,,,,,,,,,,,,,"
"Шпатель малярный TACTIX, 75мм, гибкий, арт.305003",Акции на строительный инструмент,305003,421.32,"https://dlt.by/image/catalog/easyphoto/2285/shpatel-malyarnyy-tactix-75mm-gibkiy-art-305003-2.jpg,https://dlt.by/image/catalog/easyphoto/2285/shpatel-malyarnyy-tactix-75mm-gibkiy-art-305003-3.jpg,https://dlt.by/image/catalog/easyphoto/2285/shpatel-malyarnyy-tactix-75mm-gibkiy-art-305003-4.jpg,,,,,,,,,,,,,,,,,,,,,,,,,,,,,,,,,,,,,,,,,,,"
"Скребок малярный TACTIX, 38мм, арт.305031",Акции на строительный инструмент,305031,367.15,"https://dlt.by/image/catalog/easyphoto/2286/skrebok-malyarnyy-tactix-38mm-art-305031-1.jpg,https://dlt.by/image/catalog/easyphoto/2286/skrebok-malyarnyy-tactix-38mm-art-305031-2.jpg,https://dlt.by/image/catalog/easyphoto/2286/skrebok-malyarnyy-tactix-38mm-art-305031-3.jpg,,,,,,,,,,,,,,,,,,,,,,,,,,,,,,,,,,,,,,,,,,,"
"Шпатель малярный TACTIX, 100мм, гибкий, арт.305004",Шпателя для механизированной шпатлевки>Малярные шпателя,305004,451.41,"https://dlt.by/image/catalog/easyphoto/2287/shpatel-malyarnyy-tactix-100mm-gibkiy-art-305004-1.jpg,https://dlt.by/image/catalog/easyphoto/2287/shpatel-malyarnyy-tactix-100mm-gibkiy-art-305004-2.jpg,https://dlt.by/image/catalog/easyphoto/2287/shpatel-malyarnyy-tactix-100mm-gibkiy-art-305004-3.jpg,,,,,,,,,,,,,,,,,,,,,,,,,,,,,,,,,,,,,,,,,,,"
"Шпатель малярный TACTIX, 150мм, гибкий, арт.305006",Акции на строительный инструмент,305006,541.70,"https://dlt.by/image/catalog/easyphoto/2288/shpatel-malyarnyy-tactix-150mm-gibkiy-art-305006-1.jpg,https://dlt.by/image/catalog/easyphoto/2288/shpatel-malyarnyy-tactix-150mm-gibkiy-art-305006-2.jpg,https://dlt.by/image/catalog/easyphoto/2288/shpatel-malyarnyy-tactix-150mm-gibkiy-art-305006-3.jpg,,,,,,,,,,,,,,,,,,,,,,,,,,,,,,,,,,,,,,,,,,,"
"Угловой шпатель для наружных углов TACTIX, 125X100мм, арт.283096",Акции на строительный инструмент,283096,668.09,"https://dlt.by/image/catalog/easyphoto/2289/uglovoy-shpatel-dlya-naruzhnyh-uglov-tactix-125x100mm-art-283096-2.jpg,https://dlt.by/image/catalog/easyphoto/2289/uglovoy-shpatel-dlya-naruzhnyh-uglov-tactix-125x100mm-art-283096-4.jpg,https://dlt.by/image/catalog/easyphoto/2289/uglovoy-shpatel-dlya-naruzhnyh-uglov-tactix-125x100mm-art-283096-3.jpg,,,,,,,,,,,,,,,,,,,,,,,,,,,,,,,,,,,,,,,,,,,"
"Угловой шпатель для внутренних углов, 125X100мм, арт.283094",Шпателя для механизированной шпатлевки>Угловые шпателя,283094,601.88,"https://dlt.by/image/catalog/easyphoto/2290/uglovoy-shpatel-dlya-vnutrennih-uglov-125x100mm-art-283094-2.jpg,https://dlt.by/image/catalog/easyphoto/2290/uglovoy-shpatel-dlya-vnutrennih-uglov-125x100mm-art-283094-3.jpg,https://dlt.by/image/catalog/easyphoto/2290/uglovoy-shpatel-dlya-vnutrennih-uglov-125x100mm-art-283094-4.jpg,,,,,,,,,,,,,,,,,,,,,,,,,,,,,,,,,,,,,,,,,,,"
"Гладилка угловая (кромкогиб), 150X75мм, TACTIX, арт.282061",Шпателя для механизированной шпатлевки>Гладилки,282061,541.70,"https://dlt.by/image/catalog/easyphoto/2291/gladilka-uglovaya-kromkogib-150x75mm-tactix-art-282061-2.jpg,https://dlt.by/image/catalog/easyphoto/2291/gladilka-uglovaya-kromkogib-150x75mm-tactix-art-282061-3.jpg,https://dlt.by/image/catalog/easyphoto/2291/gladilka-uglovaya-kromkogib-150x75mm-tactix-art-282061-4.jpg,,,,,,,,,,,,,,,,,,,,,,,,,,,,,,,,,,,,,,,,,,,"
"Гладилка угловая TACTIX, 405х115мм, арт.281040",Малярный и штукатурный инструмент>Инструмент для стяжки пола,281040,993.11,"https://dlt.by/image/catalog/easyphoto/2292/gladilka-uglovaya-tactix-405h115mm-art-281040-2.jpg,https://dlt.by/image/catalog/easyphoto/2292/gladilka-uglovaya-tactix-405h115mm-art-281040-4.jpg,https://dlt.by/image/catalog/easyphoto/2292/gladilka-uglovaya-tactix-405h115mm-art-281040-3.jpg,https://dlt.by/image/catalog/easyphoto/2292/gladilka-uglovaya-tactix-405h115mm-art-281040-5.jpg,,,,,,,,,,,,,,,,,,,,,,,,,,,,,,,,,,,,,,,,,,"
"Шпатель малярный TACTIX, 254мм, воронёная сталь, арт.280210",Акции на строительный инструмент,280210,493.55,"https://dlt.by/image/catalog/easyphoto/2293/shpatel-malyarnyy-tactix-254mm-voronenaya-stal-art-280210-1.jpg,https://dlt.by/image/catalog/easyphoto/2293/shpatel-malyarnyy-tactix-254mm-voronenaya-stal-art-280210-2.jpg,https://dlt.by/image/catalog/easyphoto/2293/shpatel-malyarnyy-tactix-254mm-voronenaya-stal-art-280210-3.jpg,https://dlt.by/image/catalog/easyphoto/2293/shpatel-malyarnyy-tactix-254mm-voronenaya-stal-art-280210-4.jpg,,,,,,,,,,,,,,,,,,,,,,,,,,,,,,,,,,,,,,,,,,"
"Шпатель малярный TACTIX, 305мм, воронёная сталь, арт.280212",Акции на строительный инструмент,280212,541.70,"https://dlt.by/image/catalog/easyphoto/2294/shpatel-malyarnyy-tactix-305mm-voronenaya-stal-art-280212-1.jpg,https://dlt.by/image/catalog/easyphoto/2294/shpatel-malyarnyy-tactix-305mm-voronenaya-stal-art-280212-2.jpg,https://dlt.by/image/catalog/easyphoto/2294/shpatel-malyarnyy-tactix-305mm-voronenaya-stal-art-280212-3.jpg,https://dlt.by/image/catalog/easyphoto/2294/shpatel-malyarnyy-tactix-305mm-voronenaya-stal-art-280212-4.jpg,,,,,,,,,,,,,,,,,,,,,,,,,,,,,,,,,,,,,,,,,,"
"Сумка для инструмента BIHUI, арт.TBD20",Ящики для инструмента/Модульные системы,TBD20,3 882.16,"https://dlt.by/image/catalog/easyphoto/2296/sumka-dlya-instrumenta-bihui-art-tbd20-2.jpg,https://dlt.by/image/catalog/easyphoto/2296/sumka-dlya-instrumenta-bihui-art-tbd20-4.jpg,https://dlt.by/image/catalog/easyphoto/2296/sumka-dlya-instrumenta-bihui-art-tbd20-3.jpg,,,,,,,,,,,,,,,,,,,,,,,,,,,,,,,,,,,,,,,,,,,"
"Кожух для гравера DLT G-100 (под цангу и болт), арт. 3851",Инструмент для укладки плитки>Кожухи для УШМ/Пылеуловители/Кондукторы,3851,1 775.56,"https://dlt.by/image/catalog/easyphoto/4315/kozhuh-dlya-gravera-dlt-g-100-pod-tsangu-i-bolt-art-3851-2.jpg,https://dlt.by/image/catalog/easyphoto/4315/kozhuh-dlya-gravera-dlt-g-100-pod-tsangu-i-bolt-art-3851-3.jpg,https://dlt.by/image/catalog/easyphoto/4315/kozhuh-dlya-gravera-dlt-g-100-pod-tsangu-i-bolt-art-3851-4.jpg,https://dlt.by/image/catalog/easyphoto/4315/kozhuh-dlya-gravera-dlt-g-100-pod-tsangu-i-bolt-art-3851-5.jpg,,,,,,,,,,,,,,,,,,,,,,,,,,,,,,,,,,,,,,,,,,"
"Набор насадок для гравировальных машин Tactix, 72шт, арт.447040",Алмазная оснастка>Алмазные диски>Алмазные диски для гравера,447040,1 203.77,"https://dlt.by/image/catalog/easyphoto/2297/nabor-nasadok-dlya-gravirovalnyh-mashin-tactix-72sht-art-447040-3.jpg,https://dlt.by/image/catalog/easyphoto/2297/nabor-nasadok-dlya-gravirovalnyh-mashin-tactix-72sht-art-447040-6.jpg,https://dlt.by/image/catalog/easyphoto/2297/nabor-nasadok-dlya-gravirovalnyh-mashin-tactix-72sht-art-447040-4.jpg,https://dlt.by/image/catalog/easyphoto/2297/nabor-nasadok-dlya-gravirovalnyh-mashin-tactix-72sht-art-447040-5.jpg,https://dlt.by/image/catalog/easyphoto/2297/nabor-nasadok-dlya-gravirovalnyh-mashin-tactix-72sht-art-447040-7.jpg,https://dlt.by/image/catalog/easyphoto/2297/nabor-nasadok-dlya-gravirovalnyh-mashin-tactix-72sht-art-447040-8.jpg,https://dlt.by/image/catalog/easyphoto/2297/nabor-nasadok-dlya-gravirovalnyh-mashin-tactix-72sht-art-447040-9.jpg,,,,,,,,,,,,,,,,,,,,,,,,,,,,,,,,,,,,,,,"
"Кисть Rollingdog BT1000 80мм, прямой срез, полиэстер, серия Professional, арт.10349",Акции на строительный инструмент,10349,337.06,"https://dlt.by/image/catalog/easyphoto/2298/kist-rollingdog-bt1000-80mm-pryamoy-srez-poliester-seriya-professional-art-10349-4.jpg,https://dlt.by/image/catalog/easyphoto/2298/kist-rollingdog-bt1000-80mm-pryamoy-srez-poliester-seriya-professional-art-10349-5.jpg,https://dlt.by/image/catalog/easyphoto/2298/kist-rollingdog-bt1000-80mm-pryamoy-srez-poliester-seriya-professional-art-10349-6.jpg,https://dlt.by/image/catalog/easyphoto/2298/nabor-kistey-rollingdog-dt1000-smeshannaya-shchetina-seriya-professional-art-10248-1.jpg,https://dlt.by/image/catalog/easyphoto/2298/nabor-kistey-rollingdog-dt1000-smeshannaya-shchetina-seriya-professional-art-10248-3.png,https://dlt.by/image/catalog/easyphoto/2298/nabor-kistey-rollingdog-dt1000-smeshannaya-shchetina-seriya-professional-art-10248-2.jpg,,,,,,,,,,,,,,,,,,,,,,,,,,,,,,,,,,,,,,,,"
"Набор кистей Rollingdog BT1000 20/40/40/50/50мм, полиэстер, серия Professional, арт.10440",Малярный и штукатурный инструмент>Кисти малярные>Наборы кистей,10440,842.64,"https://dlt.by/image/catalog/easyphoto/2299/nabor-kistey-rollingdog-bt1000-20-40-40-50-50mm-poliester-seriya-professional-art-10440-7.jpg,https://dlt.by/image/catalog/easyphoto/2299/nabor-kistey-rollingdog-bt1000-20-40-40-50-50mm-poliester-seriya-professional-art-10440-8.jpg,https://dlt.by/image/catalog/easyphoto/2299/nabor-kistey-rollingdog-bt1000-20-40-40-50-50mm-poliester-seriya-professional-art-10440-6.jpg,https://dlt.by/image/catalog/easyphoto/2299/nabor-kistey-rollingdog-dt1000-smeshannaya-shchetina-seriya-professional-art-10248-2.png,https://dlt.by/image/catalog/easyphoto/2299/nabor-kistey-rollingdog-dt1000-smeshannaya-shchetina-seriya-professional-art-10248-3.png,https://dlt.by/image/catalog/easyphoto/2299/nabor-kistey-rollingdog-dt1000-smeshannaya-shchetina-seriya-professional-art-10248-4.png,https://dlt.by/image/catalog/easyphoto/2299/nabor-kistey-rollingdog-dt1000-smeshannaya-shchetina-seriya-professional-art-10248-5.png,,,,,,,,,,,,,,,,,,,,,,,,,,,,,,,,,,,,,,,"
"Набор кистей Rollingdog DUAL-PRO 25/35/45мм, синтетика, серия Elite, арт.10455",Акции на строительный инструмент,10455,872.73,"https://dlt.by/image/catalog/easyphoto/2300/nabor-kistey-rollingdog-dual-pro-25-35-45mm-sintetika-seriya-elite-art-10455-7.jpg,https://dlt.by/image/catalog/easyphoto/2300/nabor-kistey-rollingdog-dual-pro-25-35-45mm-sintetika-seriya-elite-art-10455-5.jpg,https://dlt.by/image/catalog/easyphoto/2300/nabor-kistey-rollingdog-dual-pro-25-35-45mm-sintetika-seriya-elite-art-10455-6.jpg,https://dlt.by/image/catalog/easyphoto/2300/nabor-kistey-rollingdog-dt1000-smeshannaya-shchetina-seriya-professional-art-10248-2.jpg,https://dlt.by/image/catalog/easyphoto/2300/nabor-kistey-rollingdog-dt1000-smeshannaya-shchetina-seriya-professional-art-10248-3.jpg,https://dlt.by/image/catalog/easyphoto/2300/nabor-kistey-rollingdog-dt1000-smeshannaya-shchetina-seriya-professional-art-10248-4.jpg,https://dlt.by/image/catalog/easyphoto/2300/nabor-kistey-rollingdog-dt1000-smeshannaya-shchetina-seriya-professional-art-10248-1.jpg,,,,,,,,,,,,,,,,,,,,,,,,,,,,,,,,,,,,,,,"
"Кисть поворотная Rollingdog 63,5мм, угловой срез, синтетика, серия Professional, арт.10501",Малярный и штукатурный инструмент>Кисти малярные>Плоские кисти>Угловой срез,10501,511.60,"https://dlt.by/image/catalog/easyphoto/2301/kist-povorotnaya-rollingdog-63-5mm-uglovoy-srez-sintetika-seriya-professional-art-10501-8.jpg,https://dlt.by/image/catalog/easyphoto/2301/kist-povorotnaya-rollingdog-63-5mm-uglovoy-srez-sintetika-seriya-professional-art-10501-9.jpg,https://dlt.by/image/catalog/easyphoto/2301/kist-povorotnaya-rollingdog-63-5mm-uglovoy-srez-sintetika-seriya-professional-art-10501-10.jpg,https://dlt.by/image/catalog/easyphoto/2301/kist-povorotnaya-rollingdog-63-5mm-uglovoy-srez-sintetika-seriya-professional-art-10501-11.jpg,https://dlt.by/image/catalog/easyphoto/2301/kist-povorotnaya-rollingdog-63-5mm-uglovoy-srez-sintetika-seriya-professional-art-10501-12.jpg,,,,,,,,,,,,,,,,,,,,,,,,,,,,,,,,,,,,,,,,,"
"Кисть поворотная Rollingdog 63.5мм, прямой срез, синтетика, серия Professional, арт.10502",Акции на строительный инструмент,10502,421.32,"https://dlt.by/image/catalog/easyphoto/2302/kist-povorotnaya-rollingdog-63-5mm-pryamoy-srez-sintetika-seriya-professional-art-10502-10.jpg,https://dlt.by/image/catalog/easyphoto/2302/kist-povorotnaya-rollingdog-63-5mm-pryamoy-srez-sintetika-seriya-professional-art-10502-11.jpg,https://dlt.by/image/catalog/easyphoto/2302/kist-povorotnaya-rollingdog-63-5mm-pryamoy-srez-sintetika-seriya-professional-art-10502-12.jpg,https://dlt.by/image/catalog/easyphoto/2302/kist-povorotnaya-rollingdog-63-5mm-pryamoy-srez-sintetika-seriya-professional-art-10502-13.jpg,https://dlt.by/image/catalog/easyphoto/2302/kist-povorotnaya-rollingdog-63-5mm-pryamoy-srez-sintetika-seriya-professional-art-10502-14.jpg,https://dlt.by/image/catalog/easyphoto/2302/kist-povorotnaya-rollingdog-63-5mm-pryamoy-srez-sintetika-seriya-professional-art-10502-15.jpg,https://dlt.by/image/catalog/easyphoto/2302/nabor-kistey-rollingdog-dual-pro-25-35-45mm-sintetika-seriya-elite-art-10455-1.jpg,https://dlt.by/image/catalog/easyphoto/2302/nabor-kistey-rollingdog-dual-pro-25-35-45mm-sintetika-seriya-elite-art-10455-2.jpg,https://dlt.by/image/catalog/easyphoto/2302/nabor-kistey-rollingdog-dual-pro-25-35-45mm-sintetika-seriya-elite-art-10455-3.jpg,https://dlt.by/image/catalog/easyphoto/2302/nabor-kistey-rollingdog-dual-pro-25-35-45mm-sintetika-seriya-elite-art-10455-4.jpg,https://dlt.by/image/catalog/easyphoto/2302/nabor-kistey-rollingdog-dual-pro-25-35-45mm-sintetika-seriya-elite-art-10455-5.jpg,https://dlt.by/image/catalog/easyphoto/2302/nabor-kistey-rollingdog-dual-pro-25-35-45mm-sintetika-seriya-elite-art-10455-6.jpg,https://dlt.by/image/catalog/easyphoto/2302/nabor-kistey-rollingdog-dual-pro-25-35-45mm-sintetika-seriya-elite-art-10455-7.jpg,https://dlt.by/image/catalog/easyphoto/2302/nabor-kistey-rollingdog-dual-pro-25-35-45mm-sintetika-seriya-elite-art-10455-8.jpg,https://dlt.by/image/catalog/easyphoto/2302/nabor-kistey-rollingdog-dual-pro-25-35-45mm-sintetika-seriya-elite-art-10455-9.jpg,,,,,,,,,,,,,,,,,,,,,,,,,,,,,,,"
"Набор кистей Rollingdog 25/38/38/50/63мм, синтетика, серия Standard, арт.10542",Акции на строительный инструмент,10542,902.83,"https://dlt.by/image/catalog/easyphoto/2303/nabor-kistey-rollingdog-25-38-38-50-63mm-sintetika-seriya-standard-art-10542-8.jpg,https://dlt.by/image/catalog/easyphoto/2303/nabor-kistey-rollingdog-25-38-38-50-63mm-sintetika-seriya-standard-art-10542-10.jpg,https://dlt.by/image/catalog/easyphoto/2303/nabor-kistey-rollingdog-25-38-38-50-63mm-sintetika-seriya-standard-art-10542-7.jpg,https://dlt.by/image/catalog/easyphoto/2303/nabor-kistey-rollingdog-25-38-38-50-63mm-sintetika-seriya-standard-art-10542-9.jpg,https://dlt.by/image/catalog/easyphoto/2303/nabor-kistey-rollingdog-dual-pro-25-35-45mm-sintetika-seriya-elite-art-10455-1.jpg,https://dlt.by/image/catalog/easyphoto/2303/nabor-kistey-rollingdog-dual-pro-25-35-45mm-sintetika-seriya-elite-art-10455-2.jpg,https://dlt.by/image/catalog/easyphoto/2303/nabor-kistey-rollingdog-dual-pro-25-35-45mm-sintetika-seriya-elite-art-10455-3.jpg,https://dlt.by/image/catalog/easyphoto/2303/nabor-kistey-rollingdog-dual-pro-25-35-45mm-sintetika-seriya-elite-art-10455-4.jpg,https://dlt.by/image/catalog/easyphoto/2303/nabor-kistey-rollingdog-dual-pro-25-35-45mm-sintetika-seriya-elite-art-10455-5.jpg,https://dlt.by/image/catalog/easyphoto/2303/nabor-kistey-rollingdog-dual-pro-25-35-45mm-sintetika-seriya-elite-art-10455-6.jpg,,,,,,,,,,,,,,,,,,,,,,,,,,,,,,,,,,,,"
"Набор кистей Rollingdog 37/50/62мм, синтетика серия Professional, арт.10545",Акции на строительный инструмент,10545,1 414.43,"https://dlt.by/image/catalog/easyphoto/2304/nabor-kistey-rollingdog-37-50-62mm-sintetika-seriya-professional-art-10545-7.jpg,https://dlt.by/image/catalog/easyphoto/2304/nabor-kistey-rollingdog-37-50-62mm-sintetika-seriya-professional-art-10545-10.jpg,https://dlt.by/image/catalog/easyphoto/2304/nabor-kistey-rollingdog-37-50-62mm-sintetika-seriya-professional-art-10545-6.jpg,https://dlt.by/image/catalog/easyphoto/2304/nabor-kistey-rollingdog-37-50-62mm-sintetika-seriya-professional-art-10545-8.jpg,https://dlt.by/image/catalog/easyphoto/2304/nabor-kistey-rollingdog-37-50-62mm-sintetika-seriya-professional-art-10545-11.jpg,https://dlt.by/image/catalog/easyphoto/2304/nabor-kistey-rollingdog-37-50-62mm-sintetika-seriya-professional-art-10545-9.jpg,https://dlt.by/image/catalog/easyphoto/2304/nabor-kistey-rollingdog-dual-pro-25-35-45mm-sintetika-seriya-elite-art-10455-1.jpg,https://dlt.by/image/catalog/easyphoto/2304/nabor-kistey-rollingdog-dual-pro-25-35-45mm-sintetika-seriya-elite-art-10455-2.jpg,https://dlt.by/image/catalog/easyphoto/2304/nabor-kistey-rollingdog-dual-pro-25-35-45mm-sintetika-seriya-elite-art-10455-3.jpg,https://dlt.by/image/catalog/easyphoto/2304/nabor-kistey-rollingdog-dual-pro-25-35-45mm-sintetika-seriya-elite-art-10455-4.jpg,https://dlt.by/image/catalog/easyphoto/2304/nabor-kistey-rollingdog-dual-pro-25-35-45mm-sintetika-seriya-elite-art-10455-5.jpg,,,,,,,,,,,,,,,,,,,,,,,,,,,,,,,,,,,"
"Кисть с короткой ручкой Rollingdog 24мм, треугольная, синтетика, серия Professional, арт.10591",Малярный и штукатурный инструмент>Кисти малярные,10591,276.87,"https://dlt.by/image/catalog/easyphoto/2305/kist-s-korotkoy-ruchkoy-rollingdog-24mm-treugolnaya-sintetika-seriya-professional-art-10591-7.jpg,https://dlt.by/image/catalog/easyphoto/2305/kist-s-korotkoy-ruchkoy-rollingdog-24mm-treugolnaya-sintetika-seriya-professional-art-10591-4.jpg,https://dlt.by/image/catalog/easyphoto/2305/kist-s-korotkoy-ruchkoy-rollingdog-24mm-treugolnaya-sintetika-seriya-professional-art-10591-5.jpg,https://dlt.by/image/catalog/easyphoto/2305/kist-s-korotkoy-ruchkoy-rollingdog-24mm-treugolnaya-sintetika-seriya-professional-art-10591-6.jpg,https://dlt.by/image/catalog/easyphoto/2305/nabor-kistey-rollingdog-dual-pro-25-35-45mm-sintetika-seriya-elite-art-10455-1.jpg,https://dlt.by/image/catalog/easyphoto/2305/nabor-kistey-rollingdog-dual-pro-25-35-45mm-sintetika-seriya-elite-art-10455-2.jpg,https://dlt.by/image/catalog/easyphoto/2305/nabor-kistey-rollingdog-dual-pro-25-35-45mm-sintetika-seriya-elite-art-10455-3.png,,,,,,,,,,,,,,,,,,,,,,,,,,,,,,,,,,,,,,,"
"Набор кистей с короткой ручкой 22/24/мм, синтетика, серия Professional, арт.10593",Малярный и штукатурный инструмент>Кисти малярные,10593,481.51,"https://dlt.by/image/catalog/easyphoto/2306/nabor-kistey-s-korotkoy-ruchkoy-22-24-mm-sintetika-seriya-professional-art-10593-11.jpg,https://dlt.by/image/catalog/easyphoto/2306/nabor-kistey-s-korotkoy-ruchkoy-22-24-mm-sintetika-seriya-professional-art-10593-12.jpg,https://dlt.by/image/catalog/easyphoto/2306/nabor-kistey-s-korotkoy-ruchkoy-22-24-mm-sintetika-seriya-professional-art-10593-13.jpg,https://dlt.by/image/catalog/easyphoto/2306/nabor-kistey-s-korotkoy-ruchkoy-22-24-mm-sintetika-seriya-professional-art-10593-14.jpg,https://dlt.by/image/catalog/easyphoto/2306/nabor-kistey-rollingdog-dual-pro-25-35-45mm-sintetika-seriya-elite-art-10455-1.jpg,https://dlt.by/image/catalog/easyphoto/2306/nabor-kistey-rollingdog-dual-pro-25-35-45mm-sintetika-seriya-elite-art-10455-2.jpg,https://dlt.by/image/catalog/easyphoto/2306/nabor-kistey-rollingdog-dual-pro-25-35-45mm-sintetika-seriya-elite-art-10455-3.png,https://dlt.by/image/catalog/easyphoto/2306/nabor-kistey-rollingdog-dual-pro-25-35-45mm-sintetika-seriya-elite-art-10455-4.jpg,https://dlt.by/image/catalog/easyphoto/2306/nabor-kistey-rollingdog-dual-pro-25-35-45mm-sintetika-seriya-elite-art-10455-5.png,https://dlt.by/image/catalog/easyphoto/2306/nabor-kistey-rollingdog-dual-pro-25-35-45mm-sintetika-seriya-elite-art-10455-6.jpg,https://dlt.by/image/catalog/easyphoto/2306/nabor-kistey-rollingdog-dual-pro-25-35-45mm-sintetika-seriya-elite-art-10455-7.jpg,https://dlt.by/image/catalog/easyphoto/2306/nabor-kistey-rollingdog-dual-pro-25-35-45mm-sintetika-seriya-elite-art-10455-8.jpg,https://dlt.by/image/catalog/easyphoto/2306/nabor-kistey-rollingdog-dual-pro-25-35-45mm-sintetika-seriya-elite-art-10455-9.jpg,https://dlt.by/image/catalog/easyphoto/2306/nabor-kistey-rollingdog-dual-pro-25-35-45mm-sintetika-seriya-elite-art-10455-10.png,,,,,,,,,,,,,,,,,,,,,,,,,,,,,,,,"
"Кисть с короткой ручкой Rollingdog 22мм, круглая, синтетика, серия Professional, арт.10594",Малярный и штукатурный инструмент>Кисти малярные>Фигурные кисти,10594,216.68,"https://dlt.by/image/catalog/easyphoto/2307/kist-s-korotkoy-ruchkoy-rollingdog-22mm-kruglaya-sintetika-seriya-professional-art-10594-4.jpg,https://dlt.by/image/catalog/easyphoto/2307/kist-s-korotkoy-ruchkoy-rollingdog-22mm-kruglaya-sintetika-seriya-professional-art-10594-5.jpg,https://dlt.by/image/catalog/easyphoto/2307/kist-s-korotkoy-ruchkoy-rollingdog-22mm-kruglaya-sintetika-seriya-professional-art-10594-7.jpg,https://dlt.by/image/catalog/easyphoto/2307/kist-s-korotkoy-ruchkoy-rollingdog-22mm-kruglaya-sintetika-seriya-professional-art-10594-6.jpg,https://dlt.by/image/catalog/easyphoto/2307/nabor-kistey-s-korotkoy-ruchkoy-22-24-mm-sintetika-seriya-professional-art-10593-1.jpg,https://dlt.by/image/catalog/easyphoto/2307/nabor-kistey-s-korotkoy-ruchkoy-22-24-mm-sintetika-seriya-professional-art-10593-2.jpg,https://dlt.by/image/catalog/easyphoto/2307/nabor-kistey-s-korotkoy-ruchkoy-22-24-mm-sintetika-seriya-professional-art-10593-3.png,,,,,,,,,,,,,,,,,,,,,,,,,,,,,,,,,,,,,,,"
"Набор кистей с короткой ручкой Rollingdog 22/50мм, синтетика, серия Professional, арт.10595",Малярный и штукатурный инструмент>Кисти малярные>Наборы кистей,10595,421.32,"https://dlt.by/image/catalog/easyphoto/2308/nabor-kistey-s-korotkoy-ruchkoy-rollingdog-22-50mm-sintetika-seriya-professional-art-10595-9.jpg,https://dlt.by/image/catalog/easyphoto/2308/nabor-kistey-s-korotkoy-ruchkoy-rollingdog-22-50mm-sintetika-seriya-professional-art-10595-10.jpg,https://dlt.by/image/catalog/easyphoto/2308/nabor-kistey-s-korotkoy-ruchkoy-rollingdog-22-50mm-sintetika-seriya-professional-art-10595-14.jpg,https://dlt.by/image/catalog/easyphoto/2308/nabor-kistey-s-korotkoy-ruchkoy-rollingdog-22-50mm-sintetika-seriya-professional-art-10595-13.jpg,https://dlt.by/image/catalog/easyphoto/2308/nabor-kistey-s-korotkoy-ruchkoy-rollingdog-22-50mm-sintetika-seriya-professional-art-10595-11.jpg,https://dlt.by/image/catalog/easyphoto/2308/nabor-kistey-s-korotkoy-ruchkoy-rollingdog-22-50mm-sintetika-seriya-professional-art-10595-12.jpg,https://dlt.by/image/catalog/easyphoto/2308/nabor-kistey-s-korotkoy-ruchkoy-rollingdog-22-50mm-sintetika-seriya-professional-art-10595-15.jpg,https://dlt.by/image/catalog/easyphoto/2308/nabor-kistey-s-korotkoy-ruchkoy-22-24-mm-sintetika-seriya-professional-art-10593-5.jpg,https://dlt.by/image/catalog/easyphoto/2308/nabor-kistey-s-korotkoy-ruchkoy-22-24-mm-sintetika-seriya-professional-art-10593-3.png,https://dlt.by/image/catalog/easyphoto/2308/nabor-kistey-s-korotkoy-ruchkoy-22-24-mm-sintetika-seriya-professional-art-10593-6.jpg,https://dlt.by/image/catalog/easyphoto/2308/nabor-kistey-s-korotkoy-ruchkoy-22-24-mm-sintetika-seriya-professional-art-10593-2.jpg,https://dlt.by/image/catalog/easyphoto/2308/nabor-kistey-s-korotkoy-ruchkoy-22-24-mm-sintetika-seriya-professional-art-10593-4.jpg,https://dlt.by/image/catalog/easyphoto/2308/nabor-kistey-s-korotkoy-ruchkoy-22-24-mm-sintetika-seriya-professional-art-10593-7.png,https://dlt.by/image/catalog/easyphoto/2308/nabor-kistey-s-korotkoy-ruchkoy-22-24-mm-sintetika-seriya-professional-art-10593-8.jpg,https://dlt.by/image/catalog/easyphoto/2308/nabor-kistey-s-korotkoy-ruchkoy-22-24-mm-sintetika-seriya-professional-art-10593-1.jpg,,,,,,,,,,,,,,,,,,,,,,,,,,,,,,,"
"Набор кистей Rollingdog G100 20/20/30/30/40/40/50/50мм, синтетика, серия Standard, арт.10635",Бренды>Малярный инструмент ROLLINGDOG,10635,812.54,"https://dlt.by/image/catalog/easyphoto/2309/nabor-kistey-rollingdog-g100-20-20-30-30-40-40-50-50mm-sintetika-seriya-standard-art-10635-3.jpg,https://dlt.by/image/catalog/easyphoto/2309/nabor-kistey-rollingdog-g100-20-20-30-30-40-40-50-50mm-sintetika-seriya-standard-art-10635-4.jpg,https://dlt.by/image/catalog/easyphoto/2309/nabor-kistey-s-korotkoy-ruchkoy-rollingdog-22-50mm-sintetika-seriya-professional-art-10595-1.jpg,https://dlt.by/image/catalog/easyphoto/2309/nabor-kistey-s-korotkoy-ruchkoy-rollingdog-22-50mm-sintetika-seriya-professional-art-10595-2.jpg,,,,,,,,,,,,,,,,,,,,,,,,,,,,,,,,,,,,,,,,,,"
"Кисть Rollingdog BT1000 100мм, прямой срез, полиэстер, серия Professional, арт.10650",Бренды>Малярный инструмент ROLLINGDOG,10650,391.22,"https://dlt.by/image/catalog/easyphoto/2310/kist-rollingdog-bt1000-100mm-pryamoy-srez-poliester-seriya-professional-art-10650-3.jpg,https://dlt.by/image/catalog/easyphoto/2310/kist-rollingdog-bt1000-100mm-pryamoy-srez-poliester-seriya-professional-art-10650-5.jpg,https://dlt.by/image/catalog/easyphoto/2310/kist-rollingdog-bt1000-100mm-pryamoy-srez-poliester-seriya-professional-art-10650-4.jpg,https://dlt.by/image/catalog/easyphoto/2310/nabor-kistey-s-korotkoy-ruchkoy-rollingdog-22-50mm-sintetika-seriya-professional-art-10595-1.jpg,https://dlt.by/image/catalog/easyphoto/2310/nabor-kistey-s-korotkoy-ruchkoy-rollingdog-22-50mm-sintetika-seriya-professional-art-10595-2.jpg,,,,,,,,,,,,,,,,,,,,,,,,,,,,,,,,,,,,,,,,,"
"Кисть Rollingdog 100мм, прямой срез, синтетика, серия Elite, арт.10657",Акции на строительный инструмент,10657,842.64,"https://dlt.by/image/catalog/easyphoto/2311/kist-rollingdog-100mm-pryamoy-srez-sintetika-seriya-elite-art-10657-3.jpg,https://dlt.by/image/catalog/easyphoto/2311/kist-rollingdog-100mm-pryamoy-srez-sintetika-seriya-elite-art-10657-4.jpg,https://dlt.by/image/catalog/easyphoto/2311/kist-rollingdog-100mm-pryamoy-srez-sintetika-seriya-elite-art-10657-5.jpg,https://dlt.by/image/catalog/easyphoto/2311/nabor-kistey-s-korotkoy-ruchkoy-rollingdog-22-50mm-sintetika-seriya-professional-art-10595-2.png,https://dlt.by/image/catalog/easyphoto/2311/nabor-kistey-s-korotkoy-ruchkoy-rollingdog-22-50mm-sintetika-seriya-professional-art-10595-1.jpg,,,,,,,,,,,,,,,,,,,,,,,,,,,,,,,,,,,,,,,,,"
"Кисть Rollingdog BP1000 50мм, прямой срез, синтетика серия Elite, арт.10667",Акции на строительный инструмент,10667,367.15,"https://dlt.by/image/catalog/easyphoto/2312/kist-rollingdog-bp1000-50mm-pryamoy-srez-sintetika-seriya-elite-art-10667-2.jpg,https://dlt.by/image/catalog/easyphoto/2312/kist-rollingdog-bp1000-50mm-pryamoy-srez-sintetika-seriya-elite-art-10667-3.jpg,https://dlt.by/image/catalog/easyphoto/2312/kist-rollingdog-bp1000-50mm-pryamoy-srez-sintetika-seriya-elite-art-10667-4.jpg,https://dlt.by/image/catalog/easyphoto/2312/nabor-kistey-s-korotkoy-ruchkoy-rollingdog-22-50mm-sintetika-seriya-professional-art-10595-1.jpg,,,,,,,,,,,,,,,,,,,,,,,,,,,,,,,,,,,,,,,,,,"
"Кисть Rollingdog BP1000 100мм, прямой срез, синтетика, серия Elite, арт.10669",Акции на строительный инструмент,10669,752.36,"https://dlt.by/image/catalog/easyphoto/2313/kist-rollingdog-bp1000-100mm-pryamoy-srez-sintetika-seriya-elite-art-10669-3.jpg,https://dlt.by/image/catalog/easyphoto/2313/kist-rollingdog-bp1000-100mm-pryamoy-srez-sintetika-seriya-elite-art-10669-4.jpg,https://dlt.by/image/catalog/easyphoto/2313/kist-rollingdog-bp1000-100mm-pryamoy-srez-sintetika-seriya-elite-art-10669-5.jpg,https://dlt.by/image/catalog/easyphoto/2313/nabor-kistey-s-korotkoy-ruchkoy-rollingdog-22-50mm-sintetika-seriya-professional-art-10595-2.png,https://dlt.by/image/catalog/easyphoto/2313/nabor-kistey-s-korotkoy-ruchkoy-rollingdog-22-50mm-sintetika-seriya-professional-art-10595-1.jpg,,,,,,,,,,,,,,,,,,,,,,,,,,,,,,,,,,,,,,,,,"
"Запасная втулка (муфта) гравера DLT G-100, алюминиевая, арт.0538",Запчасти,538,156.49,"https://dlt.by/image/catalog/easyphoto/3460/zapasnaya-vtulka-mufta-gravera-dlt-g-100-alyuminievaya-art-0538-2.jpg,,,,,,,,,,,,,,,,,,,,,,,,,,,,,,,,,,,,,,,,,,,,,"
"Запасной шланг для пылесоса BIHUI, арт.VCH30-01",Бренды>BIHUI Tools Инструмент для укладки плитки Бихуэй (бихуй),VCH30-01,993.11,"https://dlt.by/image/catalog/easyphoto/2314/zapasnoy-shlang-dlya-pylesosa-bihui-art-vch30-01-4.jpg,https://dlt.by/image/catalog/easyphoto/2314/zapasnoy-shlang-dlya-pylesosa-bihui-art-vch30-01-5.jpg,,,,,,,,,,,,,,,,,,,,,,,,,,,,,,,,,,,,,,,,,,,,"
"Кисть макловица Rollingdog 50х175мм, синтетика, серия Elite, арт.10715",Акции на строительный инструмент,10715,2 166.78,"https://dlt.by/image/catalog/easyphoto/2315/kist-maklovitsa-rollingdog-50h175mm-sintetika-seriya-elite-art-10715-12.jpg,https://dlt.by/image/catalog/easyphoto/2315/kist-maklovitsa-rollingdog-50h175mm-sintetika-seriya-elite-art-10715-14.jpg,https://dlt.by/image/catalog/easyphoto/2315/kist-maklovitsa-rollingdog-50h175mm-sintetika-seriya-elite-art-10715-13.jpg,https://dlt.by/image/catalog/easyphoto/2315/kist-maklovitsa-rollingdog-50h175mm-sintetika-seriya-elite-art-10715-17.jpg,https://dlt.by/image/catalog/easyphoto/2315/kist-maklovitsa-rollingdog-50h175mm-sintetika-seriya-elite-art-10715-15.jpg,https://dlt.by/image/catalog/easyphoto/2315/kist-maklovitsa-rollingdog-50h175mm-sintetika-seriya-elite-art-10715-16.jpg,https://dlt.by/image/catalog/easyphoto/2315/kist-maklovitsa-rollingdog-50h175mm-sintetika-seriya-elite-art-10715-18.jpg,https://dlt.by/image/catalog/easyphoto/2315/kist-maklovitsa-rollingdog-50h175mm-sintetika-seriya-elite-art-10715-19.jpg,https://dlt.by/image/catalog/easyphoto/2315/nabor-kistey-s-korotkoy-ruchkoy-rollingdog-22-50mm-sintetika-seriya-professional-art-10595-1.jpg,https://dlt.by/image/catalog/easyphoto/2315/nabor-kistey-s-korotkoy-ruchkoy-rollingdog-22-50mm-sintetika-seriya-professional-art-10595-2.jpg,https://dlt.by/image/catalog/easyphoto/2315/nabor-kistey-s-korotkoy-ruchkoy-rollingdog-22-50mm-sintetika-seriya-professional-art-10595-3.jpg,https://dlt.by/image/catalog/easyphoto/2315/nabor-kistey-s-korotkoy-ruchkoy-rollingdog-22-50mm-sintetika-seriya-professional-art-10595-4.jpg,https://dlt.by/image/catalog/easyphoto/2315/nabor-kistey-s-korotkoy-ruchkoy-rollingdog-22-50mm-sintetika-seriya-professional-art-10595-5.jpg,https://dlt.by/image/catalog/easyphoto/2315/nabor-kistey-s-korotkoy-ruchkoy-rollingdog-22-50mm-sintetika-seriya-professional-art-10595-6.jpg,https://dlt.by/image/catalog/easyphoto/2315/nabor-kistey-s-korotkoy-ruchkoy-rollingdog-22-50mm-sintetika-seriya-professional-art-10595-7.jpg,https://dlt.by/image/catalog/easyphoto/2315/nabor-kistey-s-korotkoy-ruchkoy-rollingdog-22-50mm-sintetika-seriya-professional-art-10595-8.jpg,https://dlt.by/image/catalog/easyphoto/2315/nabor-kistey-s-korotkoy-ruchkoy-rollingdog-22-50mm-sintetika-seriya-professional-art-10595-9.jpg,https://dlt.by/image/catalog/easyphoto/2315/nabor-kistey-s-korotkoy-ruchkoy-rollingdog-22-50mm-sintetika-seriya-professional-art-10595-10.jpg,https://dlt.by/image/catalog/easyphoto/2315/nabor-kistey-s-korotkoy-ruchkoy-rollingdog-22-50mm-sintetika-seriya-professional-art-10595-11.jpg,,,,,,,,,,,,,,,,,,,,,,,,,,,"
"Запасная пластиковая стойка гильотины для резки ламината Magnusson 220 , арт.3213",Запчасти>Гильотины,3213,451.41,"https://dlt.by/image/catalog/easyphoto/4142/zapasnaya-plastikovaya-stoyka-gilotiny-dlya-rezki-laminata-magnusson-220-320-3.jpg,https://dlt.by/image/catalog/easyphoto/4142/zapasnaya-plastikovaya-stoyka-gilotiny-dlya-rezki-laminata-magnusson-220-320-4.jpg,https://dlt.by/image/catalog/easyphoto/4142/zapasnaya-plastikovaya-stoyka-gilotiny-dlya-rezki-laminata-magnusson-220-320-5.jpg,,,,,,,,,,,,,,,,,,,,,,,,,,,,,,,,,,,,,,,,,,,"
"Кисть макловица Rollingdog 50х170мм, синтетика, серия Elite, арт.10716",Малярный и штукатурный инструмент>Кисти малярные>Кисти макловицы,10716,3 220.08,"https://dlt.by/image/catalog/easyphoto/2316/kist-maklovitsa-rollingdog-50h170mm-sintetika-seriya-elite-art-10716-3.jpg,https://dlt.by/image/catalog/easyphoto/2316/kist-maklovitsa-rollingdog-50h170mm-sintetika-seriya-elite-art-10716-4.jpg,https://dlt.by/image/catalog/easyphoto/2316/kist-maklovitsa-rollingdog-50h170mm-sintetika-seriya-elite-art-10716-5.jpg,https://dlt.by/image/catalog/easyphoto/2316/kist-maklovitsa-rollingdog-50h170mm-sintetika-seriya-elite-art-10716-6.jpg,,,,,,,,,,,,,,,,,,,,,,,,,,,,,,,,,,,,,,,,,,"
"Кювета для краски Rollingdog 9” (230-280мм), серия Professional, арт.20001",Бренды>Малярный инструмент ROLLINGDOG,20001,306.96,"https://dlt.by/image/catalog/easyphoto/2317/kyuveta-dlya-kraski-rollingdog-9-230-280mm-seriya-professional-art-20001-2.jpg,https://dlt.by/image/catalog/easyphoto/2317/kyuveta-dlya-kraski-rollingdog-9-230-280mm-seriya-professional-art-20001-5.jpg,https://dlt.by/image/catalog/easyphoto/2317/kyuveta-dlya-kraski-rollingdog-9-230-280mm-seriya-professional-art-20001-3.jpg,https://dlt.by/image/catalog/easyphoto/2317/kyuveta-dlya-kraski-rollingdog-9-230-280mm-seriya-professional-art-20001-4.jpg,https://dlt.by/image/catalog/easyphoto/2317/nabor-kistey-s-korotkoy-ruchkoy-rollingdog-22-50mm-sintetika-seriya-professional-art-10595-1.jpg,,,,,,,,,,,,,,,,,,,,,,,,,,,,,,,,,,,,,,,,,"
"Кювета для краски Rollingdog 4” (100мм), серия Professional, арт.20060",Малярный и штукатурный инструмент>Ведра и кюветы,20060,276.87,"https://dlt.by/image/catalog/easyphoto/2319/kyuveta-dlya-kraski-rollingdog-4-100mm-seriya-professional-art-20060-7.jpg,https://dlt.by/image/catalog/easyphoto/2319/kyuveta-dlya-kraski-rollingdog-4-100mm-seriya-professional-art-20060-9.jpg,https://dlt.by/image/catalog/easyphoto/2319/kyuveta-dlya-kraski-rollingdog-4-100mm-seriya-professional-art-20060-13.jpg,https://dlt.by/image/catalog/easyphoto/2319/kyuveta-dlya-kraski-rollingdog-4-100mm-seriya-professional-art-20060-14.jpg,https://dlt.by/image/catalog/easyphoto/2319/kyuveta-dlya-kraski-rollingdog-9-230-280mm-seriya-professional-art-20001-3.jpg,https://dlt.by/image/catalog/easyphoto/2319/kyuveta-dlya-kraski-rollingdog-9-230-280mm-seriya-professional-art-20001-4.jpg,https://dlt.by/image/catalog/easyphoto/2319/kyuveta-dlya-kraski-rollingdog-9-230-280mm-seriya-professional-art-20001-5.png,https://dlt.by/image/catalog/easyphoto/2319/kyuveta-dlya-kraski-rollingdog-9-230-280mm-seriya-professional-art-20001-1.jpg,https://dlt.by/image/catalog/easyphoto/2319/kyuveta-dlya-kraski-rollingdog-9-230-280mm-seriya-professional-art-20001-2.jpg,,,,,,,,,,,,,,,,,,,,,,,,,,,,,,,,,,,,,"
"Кювета для краски Rollingdog 9” (23-28см), серия Professional, арт.20076",Акции на строительный инструмент,20076,752.36,"https://dlt.by/image/catalog/easyphoto/2320/kyuveta-dlya-kraski-rollingdog-9-23-28sm-seriya-professional-art-20076-5.jpg,https://dlt.by/image/catalog/easyphoto/2320/kyuveta-dlya-kraski-rollingdog-9-23-28sm-seriya-professional-art-20076-6.jpg,https://dlt.by/image/catalog/easyphoto/2320/kyuveta-dlya-kraski-rollingdog-9-23-28sm-seriya-professional-art-20076-7.jpg,https://dlt.by/image/catalog/easyphoto/2320/kyuveta-dlya-kraski-rollingdog-9-23-28sm-seriya-professional-art-20076-8.jpg,https://dlt.by/image/catalog/easyphoto/2320/nabor-kistey-s-korotkoy-ruchkoy-rollingdog-22-50mm-sintetika-seriya-professional-art-10595-1.jpg,https://dlt.by/image/catalog/easyphoto/2320/nabor-kistey-s-korotkoy-ruchkoy-rollingdog-22-50mm-sintetika-seriya-professional-art-10595-2.jpg,https://dlt.by/image/catalog/easyphoto/2320/nabor-kistey-s-korotkoy-ruchkoy-rollingdog-22-50mm-sintetika-seriya-professional-art-10595-3.jpg,https://dlt.by/image/catalog/easyphoto/2320/nabor-kistey-s-korotkoy-ruchkoy-rollingdog-22-50mm-sintetika-seriya-professional-art-10595-4.jpg,,,,,,,,,,,,,,,,,,,,,,,,,,,,,,,,,,,,,,"
"Кювета для краски/крышка для ведра Rollingdog 9” (23-28см), серия Professional, арт.20077",Акции на строительный инструмент,20077,276.87,"https://dlt.by/image/catalog/easyphoto/2321/kyuveta-dlya-kraski-kryshka-dlya-vedra-rollingdog-9-23-28sm-seriya-professional-art-20077-12.jpg,https://dlt.by/image/catalog/easyphoto/2321/kyuveta-dlya-kraski-kryshka-dlya-vedra-rollingdog-9-23-28sm-seriya-professional-art-20077-11.jpg,https://dlt.by/image/catalog/easyphoto/2321/kyuveta-dlya-kraski-kryshka-dlya-vedra-rollingdog-9-23-28sm-seriya-professional-art-20077-10.jpg,https://dlt.by/image/catalog/easyphoto/2321/kyuveta-dlya-kraski-rollingdog-9-23-28sm-seriya-professional-art-20076-2.jpg,https://dlt.by/image/catalog/easyphoto/2321/kyuveta-dlya-kraski-rollingdog-9-23-28sm-seriya-professional-art-20076-1.jpg,https://dlt.by/image/catalog/easyphoto/2321/kyuveta-dlya-kraski-kryshka-dlya-vedra-rollingdog-9-23-28sm-seriya-professional-art-20077-4.jpg,https://dlt.by/image/catalog/easyphoto/2321/kyuveta-dlya-kraski-kryshka-dlya-vedra-rollingdog-9-23-28sm-seriya-professional-art-20077-5.jpg,,,,,,,,,,,,,,,,,,,,,,,,,,,,,,,,,,,,,,,"
"Кювета для краски Rollingdog 1.3л, 100мм, серия Professional, арт.20100",Малярный и штукатурный инструмент>Малярные ванночки и кюветы,20100,276.87,"https://dlt.by/image/catalog/easyphoto/2322/kyuveta-dlya-kraski-rollingdog-1-3l-100mm-seriya-professional-art-20100-9.jpg,https://dlt.by/image/catalog/easyphoto/2322/kyuveta-dlya-kraski-rollingdog-1-3l-100mm-seriya-professional-art-20100-10.jpg,https://dlt.by/image/catalog/easyphoto/2322/kyuveta-dlya-kraski-rollingdog-1-3l-100mm-seriya-professional-art-20100-11.jpg,https://dlt.by/image/catalog/easyphoto/2322/kyuveta-dlya-kraski-rollingdog-1-3l-100mm-seriya-professional-art-20100-12.jpg,https://dlt.by/image/catalog/easyphoto/2322/kyuveta-dlya-kraski-rollingdog-1-3l-100mm-seriya-professional-art-20100-13.jpg,https://dlt.by/image/catalog/easyphoto/2322/kyuveta-dlya-kraski-kryshka-dlya-vedra-rollingdog-9-23-28sm-seriya-professional-art-20077-1.jpg,https://dlt.by/image/catalog/easyphoto/2322/kyuveta-dlya-kraski-kryshka-dlya-vedra-rollingdog-9-23-28sm-seriya-professional-art-20077-8.jpg,https://dlt.by/image/catalog/easyphoto/2322/kyuveta-dlya-kraski-kryshka-dlya-vedra-rollingdog-9-23-28sm-seriya-professional-art-20077-2.jpg,https://dlt.by/image/catalog/easyphoto/2322/kyuveta-dlya-kraski-kryshka-dlya-vedra-rollingdog-9-23-28sm-seriya-professional-art-20077-3.jpg,https://dlt.by/image/catalog/easyphoto/2322/kyuveta-dlya-kraski-kryshka-dlya-vedra-rollingdog-9-23-28sm-seriya-professional-art-20077-4.jpg,https://dlt.by/image/catalog/easyphoto/2322/kyuveta-dlya-kraski-kryshka-dlya-vedra-rollingdog-9-23-28sm-seriya-professional-art-20077-5.jpg,https://dlt.by/image/catalog/easyphoto/2322/kyuveta-dlya-kraski-kryshka-dlya-vedra-rollingdog-9-23-28sm-seriya-professional-art-20077-6.jpg,https://dlt.by/image/catalog/easyphoto/2322/kyuveta-dlya-kraski-kryshka-dlya-vedra-rollingdog-9-23-28sm-seriya-professional-art-20077-7.jpg,,,,,,,,,,,,,,,,,,,,,,,,,,,,,,,,,"
"Кювета для краски Rollingdog 18"" (457мм), серия Elite, арт.20101",Малярный и штукатурный инструмент>Малярные ванночки и кюветы,20101,2 407.54,"https://dlt.by/image/catalog/easyphoto/2323/kyuveta-dlya-kraski-rollingdog-18-450mm-seriya-elite-art-20101-8.jpg,https://dlt.by/image/catalog/easyphoto/2323/kyuveta-dlya-kraski-rollingdog-18-450mm-seriya-elite-art-20101-9.jpg,https://dlt.by/image/catalog/easyphoto/2323/kyuveta-dlya-kraski-rollingdog-18-450mm-seriya-elite-art-20101-10.jpg,https://dlt.by/image/catalog/easyphoto/2323/kyuveta-dlya-kraski-rollingdog-18-450mm-seriya-elite-art-20101-11.jpg,https://dlt.by/image/catalog/easyphoto/2323/nabor-kistey-s-korotkoy-ruchkoy-rollingdog-22-50mm-sintetika-seriya-professional-art-10595-1.jpg,https://dlt.by/image/catalog/easyphoto/2323/nabor-kistey-s-korotkoy-ruchkoy-rollingdog-22-50mm-sintetika-seriya-professional-art-10595-3.jpg,https://dlt.by/image/catalog/easyphoto/2323/nabor-kistey-s-korotkoy-ruchkoy-rollingdog-22-50mm-sintetika-seriya-professional-art-10595-4.jpg,https://dlt.by/image/catalog/easyphoto/2323/nabor-kistey-s-korotkoy-ruchkoy-rollingdog-22-50mm-sintetika-seriya-professional-art-10595-5.jpg,https://dlt.by/image/catalog/easyphoto/2323/nabor-kistey-s-korotkoy-ruchkoy-rollingdog-22-50mm-sintetika-seriya-professional-art-10595-6.jpg,https://dlt.by/image/catalog/easyphoto/2323/nabor-kistey-s-korotkoy-ruchkoy-rollingdog-22-50mm-sintetika-seriya-professional-art-10595-7.jpg,https://dlt.by/image/catalog/easyphoto/2323/nabor-kistey-s-korotkoy-ruchkoy-rollingdog-22-50mm-sintetika-seriya-professional-art-10595-2.jpg,,,,,,,,,,,,,,,,,,,,,,,,,,,,,,,,,,,"
"Подвесная кювета для краски Rollingdog 270мм серия Elite, арт.20120",Акции на строительный инструмент,20120,1 173.67,"https://dlt.by/image/catalog/easyphoto/2324/podvesnaya-kyuveta-dlya-kraski-rollingdog-270mm-seriya-elite-art-20120-7.jpg,https://dlt.by/image/catalog/easyphoto/2324/podvesnaya-kyuveta-dlya-kraski-rollingdog-270mm-seriya-elite-art-20120-8.jpg,https://dlt.by/image/catalog/easyphoto/2324/podvesnaya-kyuveta-dlya-kraski-rollingdog-270mm-seriya-elite-art-20120-9.jpg,https://dlt.by/image/catalog/easyphoto/2324/podvesnaya-kyuveta-dlya-kraski-rollingdog-270mm-seriya-elite-art-20120-10.jpg,https://dlt.by/image/catalog/easyphoto/2324/podvesnaya-kyuveta-dlya-kraski-rollingdog-270mm-seriya-elite-art-20120-11.jpg,https://dlt.by/image/catalog/easyphoto/2324/podvesnaya-kyuveta-dlya-kraski-rollingdog-270mm-seriya-elite-art-20120-12.jpg,https://dlt.by/image/catalog/easyphoto/2324/nabor-kistey-s-korotkoy-ruchkoy-rollingdog-22-50mm-sintetika-seriya-professional-art-10595-1.jpg,https://dlt.by/image/catalog/easyphoto/2324/nabor-kistey-s-korotkoy-ruchkoy-rollingdog-22-50mm-sintetika-seriya-professional-art-10595-3.jpg,https://dlt.by/image/catalog/easyphoto/2324/nabor-kistey-s-korotkoy-ruchkoy-rollingdog-22-50mm-sintetika-seriya-professional-art-10595-2.jpg,https://dlt.by/image/catalog/easyphoto/2324/nabor-kistey-s-korotkoy-ruchkoy-rollingdog-22-50mm-sintetika-seriya-professional-art-10595-6.jpg,https://dlt.by/image/catalog/easyphoto/2324/nabor-kistey-s-korotkoy-ruchkoy-rollingdog-22-50mm-sintetika-seriya-professional-art-10595-4.jpg,https://dlt.by/image/catalog/easyphoto/2324/nabor-kistey-s-korotkoy-ruchkoy-rollingdog-22-50mm-sintetika-seriya-professional-art-10595-5.jpg,,,,,,,,,,,,,,,,,,,,,,,,,,,,,,,,,,"
"Кювета для краски RollingDog 390мм, 15л, серия Standard, арт.20121",Акции на строительный инструмент,20121,1 203.77,"https://dlt.by/image/catalog/easyphoto/2325/kyuveta-dlya-kraski-rollingdog-390mm-15l-seriya-standard-art-20121-4.jpg,https://dlt.by/image/catalog/easyphoto/2325/kyuveta-dlya-kraski-rollingdog-390mm-15l-seriya-standard-art-20121-5.jpg,https://dlt.by/image/catalog/easyphoto/2325/kyuveta-dlya-kraski-rollingdog-390mm-15l-seriya-standard-art-20121-6.jpg,https://dlt.by/image/catalog/easyphoto/2325/kyuveta-dlya-kraski-rollingdog-390mm-15l-seriya-standard-art-20121-7.jpg,https://dlt.by/image/catalog/easyphoto/2325/podvesnaya-kyuveta-dlya-kraski-rollingdog-270mm-seriya-elite-art-20120-1.jpg,https://dlt.by/image/catalog/easyphoto/2325/podvesnaya-kyuveta-dlya-kraski-rollingdog-270mm-seriya-elite-art-20120-2.png,https://dlt.by/image/catalog/easyphoto/2325/podvesnaya-kyuveta-dlya-kraski-rollingdog-270mm-seriya-elite-art-20120-3.png,,,,,,,,,,,,,,,,,,,,,,,,,,,,,,,,,,,,,,,"
"Кювета для краски RollingDog 250мм, серия Standard, арт.20124",Бренды>Малярный инструмент ROLLINGDOG,20124,601.88,"https://dlt.by/image/catalog/easyphoto/2326/kyuveta-dlya-kraski-rollingdog-250mm-seriya-standard-art-20124-4.jpg,https://dlt.by/image/catalog/easyphoto/2326/kyuveta-dlya-kraski-rollingdog-250mm-seriya-standard-art-20124-3.jpg,https://dlt.by/image/catalog/easyphoto/2326/kyuveta-dlya-kraski-rollingdog-250mm-seriya-standard-art-20124-5.jpg,https://dlt.by/image/catalog/easyphoto/2326/kyuveta-dlya-kraski-rollingdog-250mm-seriya-standard-art-20124-6.jpg,https://dlt.by/image/catalog/easyphoto/2326/podvesnaya-kyuveta-dlya-kraski-rollingdog-270mm-seriya-elite-art-20120-1.jpg,https://dlt.by/image/catalog/easyphoto/2326/podvesnaya-kyuveta-dlya-kraski-rollingdog-270mm-seriya-elite-art-20120-2.jpg,,,,,,,,,,,,,,,,,,,,,,,,,,,,,,,,,,,,,,,,"
"Кювета для краски Rollingdog 4"" (100мм), серия Elite, арт.20125",Акции на строительный инструмент,20125,246.77,"https://dlt.by/image/catalog/easyphoto/2327/kyuveta-dlya-kraski-rollingdog-4-100mm-seriya-elite-art-20125-4.jpg,https://dlt.by/image/catalog/easyphoto/2327/kyuveta-dlya-kraski-rollingdog-4-100mm-seriya-elite-art-20125-6.jpg,https://dlt.by/image/catalog/easyphoto/2327/kyuveta-dlya-kraski-rollingdog-4-100mm-seriya-elite-art-20125-3.jpg,https://dlt.by/image/catalog/easyphoto/2327/kyuveta-dlya-kraski-rollingdog-4-100mm-seriya-elite-art-20125-5.jpg,https://dlt.by/image/catalog/easyphoto/2327/podvesnaya-kyuveta-dlya-kraski-rollingdog-270mm-seriya-elite-art-20120-1.jpg,https://dlt.by/image/catalog/easyphoto/2327/podvesnaya-kyuveta-dlya-kraski-rollingdog-270mm-seriya-elite-art-20120-2.png,,,,,,,,,,,,,,,,,,,,,,,,,,,,,,,,,,,,,,,,"
"Кювета для краски Rollingdog 9"" (230мм), серия Elite, арт.20126",Акции на строительный инструмент,20126,511.60,"https://dlt.by/image/catalog/easyphoto/2328/kyuveta-dlya-kraski-rollingdog-9-230mm-seriya-elite-art-20126-5.jpg,https://dlt.by/image/catalog/easyphoto/2328/kyuveta-dlya-kraski-rollingdog-9-230mm-seriya-elite-art-20126-3.jpg,https://dlt.by/image/catalog/easyphoto/2328/kyuveta-dlya-kraski-rollingdog-9-230mm-seriya-elite-art-20126-4.jpg,https://dlt.by/image/catalog/easyphoto/2328/kyuveta-dlya-kraski-rollingdog-9-230mm-seriya-elite-art-20126-6.jpg,https://dlt.by/image/catalog/easyphoto/2328/podvesnaya-kyuveta-dlya-kraski-rollingdog-270mm-seriya-elite-art-20120-1.jpg,https://dlt.by/image/catalog/easyphoto/2328/podvesnaya-kyuveta-dlya-kraski-rollingdog-270mm-seriya-elite-art-20120-2.png,,,,,,,,,,,,,,,,,,,,,,,,,,,,,,,,,,,,,,,,"
"Бюгель Rollingdog EU Style 100мм, Ø6мм, серия Standard, арт.30016",Малярный и штукатурный инструмент>Валики малярные>Бюгельные ручки,30016,246.77,"https://dlt.by/image/catalog/easyphoto/2329/byugel-rollingdog-eu-style-100mm-6mm-seriya-standard-art-30016-6.jpg,https://dlt.by/image/catalog/easyphoto/2329/byugel-rollingdog-eu-style-100mm-6mm-seriya-standard-art-30016-7.jpg,https://dlt.by/image/catalog/easyphoto/2329/byugel-rollingdog-eu-style-100mm-6mm-seriya-standard-art-30016-8.jpg,https://dlt.by/image/catalog/easyphoto/2329/podvesnaya-kyuveta-dlya-kraski-rollingdog-270mm-seriya-elite-art-20120-2.png,https://dlt.by/image/catalog/easyphoto/2329/podvesnaya-kyuveta-dlya-kraski-rollingdog-270mm-seriya-elite-art-20120-3.jpg,https://dlt.by/image/catalog/easyphoto/2329/podvesnaya-kyuveta-dlya-kraski-rollingdog-270mm-seriya-elite-art-20120-4.jpg,https://dlt.by/image/catalog/easyphoto/2329/podvesnaya-kyuveta-dlya-kraski-rollingdog-270mm-seriya-elite-art-20120-5.jpg,https://dlt.by/image/catalog/easyphoto/2329/podvesnaya-kyuveta-dlya-kraski-rollingdog-270mm-seriya-elite-art-20120-1.jpg,,,,,,,,,,,,,,,,,,,,,,,,,,,,,,,,,,,,,,"
"Бюгель Rollingdog EU Style 230мм, Ø8мм, серия Standard, арт.30019",Малярный и штукатурный инструмент>Валики малярные>Бюгельные ручки,30019,276.87,"https://dlt.by/image/catalog/easyphoto/2330/byugel-rollingdog-eu-style-230mm-8mm-seriya-standard-art-30019-3.jpg,https://dlt.by/image/catalog/easyphoto/2330/byugel-rollingdog-eu-style-230mm-8mm-seriya-standard-art-30019-4.jpg,https://dlt.by/image/catalog/easyphoto/2330/byugel-rollingdog-eu-style-230mm-8mm-seriya-standard-art-30019-5.jpg,https://dlt.by/image/catalog/easyphoto/2330/podvesnaya-kyuveta-dlya-kraski-rollingdog-270mm-seriya-elite-art-20120-1.jpg,https://dlt.by/image/catalog/easyphoto/2330/podvesnaya-kyuveta-dlya-kraski-rollingdog-270mm-seriya-elite-art-20120-2.jpg,,,,,,,,,,,,,,,,,,,,,,,,,,,,,,,,,,,,,,,,,"
"Бюгель Rollingdog American Style 76мм, Ø8мм, каркас 38мм, серия Professional, арт.30027",Малярный и штукатурный инструмент>Валики малярные>Бюгельные ручки,30027,276.87,"https://dlt.by/image/catalog/easyphoto/2331/byugel-rollingdog-american-style-76mm-8mm-karkas-38mm-seriya-professional-art-30027-4.jpg,https://dlt.by/image/catalog/easyphoto/2331/byugel-rollingdog-american-style-76mm-8mm-karkas-38mm-seriya-professional-art-30027-5.jpg,https://dlt.by/image/catalog/easyphoto/2331/byugel-rollingdog-american-style-76mm-8mm-karkas-38mm-seriya-professional-art-30027-6.jpg,https://dlt.by/image/catalog/easyphoto/2331/byugel-rollingdog-american-style-76mm-8mm-karkas-38mm-seriya-professional-art-30027-8.jpg,https://dlt.by/image/catalog/easyphoto/2331/byugel-rollingdog-american-style-76mm-8mm-karkas-38mm-seriya-professional-art-30027-7.jpg,https://dlt.by/image/catalog/easyphoto/2331/podvesnaya-kyuveta-dlya-kraski-rollingdog-270mm-seriya-elite-art-20120-1.jpg,https://dlt.by/image/catalog/easyphoto/2331/podvesnaya-kyuveta-dlya-kraski-rollingdog-270mm-seriya-elite-art-20120-2.png,https://dlt.by/image/catalog/easyphoto/2331/podvesnaya-kyuveta-dlya-kraski-rollingdog-270mm-seriya-elite-art-20120-3.png,,,,,,,,,,,,,,,,,,,,,,,,,,,,,,,,,,,,,,"
"Бюгель Rollingdog 230мм, Ø8мм, каркас 38мм, серия Elite, арт.30058",Малярный и штукатурный инструмент>Валики малярные>Бюгельные ручки,30058,571.79,"https://dlt.by/image/catalog/easyphoto/2332/byugel-rollingdog-230mm-8mm-karkas-38mm-seriya-elite-art-30058-9.jpg,https://dlt.by/image/catalog/easyphoto/2332/byugel-rollingdog-230mm-8mm-karkas-38mm-seriya-elite-art-30058-10.jpg,https://dlt.by/image/catalog/easyphoto/2332/byugel-rollingdog-230mm-8mm-karkas-38mm-seriya-elite-art-30058-11.jpg,https://dlt.by/image/catalog/easyphoto/2332/byugel-rollingdog-230mm-8mm-karkas-38mm-seriya-elite-art-30058-13.jpg,https://dlt.by/image/catalog/easyphoto/2332/byugel-rollingdog-230mm-8mm-karkas-38mm-seriya-elite-art-30058-14.jpg,https://dlt.by/image/catalog/easyphoto/2332/byugel-rollingdog-american-style-76mm-8mm-karkas-38mm-seriya-professional-art-30027-1.jpg,https://dlt.by/image/catalog/easyphoto/2332/byugel-rollingdog-american-style-76mm-8mm-karkas-38mm-seriya-professional-art-30027-2.jpg,https://dlt.by/image/catalog/easyphoto/2332/byugel-rollingdog-american-style-76mm-8mm-karkas-38mm-seriya-professional-art-30027-3.jpg,https://dlt.by/image/catalog/easyphoto/2332/byugel-rollingdog-american-style-76mm-8mm-karkas-38mm-seriya-professional-art-30027-4.jpg,https://dlt.by/image/catalog/easyphoto/2332/byugel-rollingdog-american-style-76mm-8mm-karkas-38mm-seriya-professional-art-30027-5.jpg,https://dlt.by/image/catalog/easyphoto/2332/byugel-rollingdog-american-style-76mm-8mm-karkas-38mm-seriya-professional-art-30027-6.jpg,https://dlt.by/image/catalog/easyphoto/2332/byugel-rollingdog-american-style-76mm-8mm-karkas-38mm-seriya-professional-art-30027-7.jpg,https://dlt.by/image/catalog/easyphoto/2332/byugel-rollingdog-american-style-76mm-8mm-karkas-38mm-seriya-professional-art-30027-8.jpg,,,,,,,,,,,,,,,,,,,,,,,,,,,,,,,,,"
"Бюгель Rollingdog 230мм, Ø8мм, каркас 38мм, серия Elite, арт.30103",Малярный и штукатурный инструмент>Валики малярные>Бюгельные ручки,30103,306.96,"https://dlt.by/image/catalog/easyphoto/2333/byugel-rollingdog-230mm-8mm-karkas-38mm-seriya-elite-art-30103-3.jpg,https://dlt.by/image/catalog/easyphoto/2333/byugel-rollingdog-230mm-8mm-karkas-38mm-seriya-elite-art-30103-4.jpg,https://dlt.by/image/catalog/easyphoto/2333/byugel-rollingdog-230mm-8mm-karkas-38mm-seriya-elite-art-30103-5.jpg,https://dlt.by/image/catalog/easyphoto/2333/byugel-rollingdog-230mm-8mm-karkas-38mm-seriya-elite-art-30103-7.jpg,https://dlt.by/image/catalog/easyphoto/2333/byugel-rollingdog-230mm-8mm-karkas-38mm-seriya-elite-art-30058-1.jpg,https://dlt.by/image/catalog/easyphoto/2333/byugel-rollingdog-230mm-8mm-karkas-38mm-seriya-elite-art-30058-2.png,,,,,,,,,,,,,,,,,,,,,,,,,,,,,,,,,,,,,,,,"
"Бюгель регулируемый Rollingdog для валиков 30-46см, резьба, серия Elite, арт.30106",Малярный и штукатурный инструмент>Валики малярные>Бюгельные ручки,30106,1 625.09,"https://dlt.by/image/catalog/easyphoto/2334/byugel-reguliruemyy-rollingdog-dlya-valikov-30-45sm-seriya-elite-art-30106-4.jpg,https://dlt.by/image/catalog/easyphoto/2334/byugel-reguliruemyy-rollingdog-dlya-valikov-30-45sm-seriya-elite-art-30106-5.jpg,https://dlt.by/image/catalog/easyphoto/2334/byugel-reguliruemyy-rollingdog-dlya-valikov-30-45sm-seriya-elite-art-30106-6.jpg,https://dlt.by/image/catalog/easyphoto/2334/byugel-reguliruemyy-rollingdog-dlya-valikov-30-45sm-seriya-elite-art-30106-7.jpg,https://dlt.by/image/catalog/easyphoto/2334/byugel-reguliruemyy-rollingdog-dlya-valikov-30-45sm-seriya-elite-art-30106-9.jpg,https://dlt.by/image/catalog/easyphoto/2334/byugel-reguliruemyy-rollingdog-dlya-valikov-30-45sm-seriya-elite-art-30106-8.jpg,https://dlt.by/image/catalog/easyphoto/2334/byugel-reguliruemyy-rollingdog-dlya-valikov-30-45sm-seriya-elite-art-30106-10.jpg,,,,,,,,,,,,,,,,,,,,,,,,,,,,,,,,,,,,,,,"
"Бюгель Rollingdog 230мм, Ø8мм, каркас 38мм, серия Professional, арт.30113",Малярный и штукатурный инструмент>Валики малярные>Бюгельные ручки,30113,367.15,"https://dlt.by/image/catalog/easyphoto/2335/byugel-rollingdog-230mm-8mm-karkas-38mm-seriya-professional-art-30113-7.jpg,https://dlt.by/image/catalog/easyphoto/2335/byugel-rollingdog-230mm-8mm-karkas-38mm-seriya-professional-art-30113-8.jpg,https://dlt.by/image/catalog/easyphoto/2335/byugel-rollingdog-230mm-8mm-karkas-38mm-seriya-professional-art-30113-9.jpg,https://dlt.by/image/catalog/easyphoto/2335/byugel-rollingdog-230mm-8mm-karkas-38mm-seriya-professional-art-30113-10.jpg,https://dlt.by/image/catalog/easyphoto/2335/byugel-rollingdog-230mm-8mm-karkas-38mm-seriya-professional-art-30113-11.jpg,https://dlt.by/image/catalog/easyphoto/2335/byugel-rollingdog-230mm-8mm-karkas-38mm-seriya-elite-art-30103-1.jpg,https://dlt.by/image/catalog/easyphoto/2335/byugel-rollingdog-230mm-8mm-karkas-38mm-seriya-elite-art-30103-2.jpg,https://dlt.by/image/catalog/easyphoto/2335/byugel-rollingdog-230mm-8mm-karkas-38mm-seriya-elite-art-30103-3.jpg,https://dlt.by/image/catalog/easyphoto/2335/byugel-rollingdog-230mm-8mm-karkas-38mm-seriya-elite-art-30103-4.jpg,https://dlt.by/image/catalog/easyphoto/2335/byugel-rollingdog-230mm-8mm-karkas-38mm-seriya-elite-art-30103-5.jpg,https://dlt.by/image/catalog/easyphoto/2335/byugel-rollingdog-230mm-8mm-karkas-38mm-seriya-elite-art-30103-6.jpg,,,,,,,,,,,,,,,,,,,,,,,,,,,,,,,,,,,"
"Бюгель Rollingdog 100мм, Ø6мм, каркас 18мм, серия Professional, арт.30115",Малярный и штукатурный инструмент>Валики малярные>Бюгельные ручки,30115,276.87,"https://dlt.by/image/catalog/easyphoto/2336/byugel-rollingdog-100mm-6mm-karkas-18mm-seriya-professional-art-30115-2.jpg,https://dlt.by/image/catalog/easyphoto/2336/byugel-rollingdog-100mm-6mm-karkas-18mm-seriya-professional-art-30115-3.jpg,https://dlt.by/image/catalog/easyphoto/2336/byugel-rollingdog-100mm-6mm-karkas-18mm-seriya-professional-art-30115-4.jpg,https://dlt.by/image/catalog/easyphoto/2336/byugel-rollingdog-100mm-6mm-karkas-18mm-seriya-professional-art-30115-5.jpg,https://dlt.by/image/catalog/easyphoto/2336/byugel-rollingdog-100mm-6mm-karkas-18mm-seriya-professional-art-30115-6.jpg,https://dlt.by/image/catalog/easyphoto/2336/byugel-rollingdog-230mm-8mm-karkas-38mm-seriya-professional-art-30113-1.jpg,,,,,,,,,,,,,,,,,,,,,,,,,,,,,,,,,,,,,,,,"
"Удлинитель Rollingdog ELITE 86-140 см, конус, карбоновый, серия Elite, арт.40033",Шпателя для механизированной шпатлевки>Шпателя для механизированного нанесения>Телескопический удлинитель,40033,6 470.26,"https://dlt.by/image/catalog/easyphoto/2337/udlinitel-rollingdog-elite-86-140-sm-konus-karbonovyy-seriya-elite-art-40033-3.jpg,https://dlt.by/image/catalog/easyphoto/2337/udlinitel-rollingdog-elite-86-140-sm-konus-karbonovyy-seriya-elite-art-40033-4.jpg,https://dlt.by/image/catalog/easyphoto/2337/udlinitel-rollingdog-elite-86-140-sm-konus-karbonovyy-seriya-elite-art-40033-5.jpg,https://dlt.by/image/catalog/easyphoto/2337/udlinitel-rollingdog-elite-86-140-sm-konus-karbonovyy-seriya-elite-art-40033-6.jpg,https://dlt.by/image/catalog/easyphoto/2337/udlinitel-rollingdog-elite-86-140-sm-konus-karbonovyy-seriya-elite-art-40033-7.jpg,https://dlt.by/image/catalog/easyphoto/2337/udlinitel-rollingdog-elite-86-140-sm-konus-karbonovyy-seriya-elite-art-40033-8.jpg,,,,,,,,,,,,,,,,,,,,,,,,,,,,,,,,,,,,,,,,"
"Телескопический удлинитель Rollingdog 120-360 см, конус, алюминиевый, серия Professional, арт.40040",Шпателя для механизированной шпатлевки>Шпателя для механизированного нанесения>Телескопический удлинитель,40040,1 805.65,"https://dlt.by/image/catalog/easyphoto/2338/teleskopicheskiy-udlinitel-rollingdog-120-360-sm-konus-alyuminievyy-seriya-professional-art-40040-5.jpg,https://dlt.by/image/catalog/easyphoto/2338/teleskopicheskiy-udlinitel-rollingdog-120-360-sm-konus-alyuminievyy-seriya-professional-art-40040-6.jpg,https://dlt.by/image/catalog/easyphoto/2338/teleskopicheskiy-udlinitel-rollingdog-120-360-sm-konus-alyuminievyy-seriya-professional-art-40040-7.jpg,https://dlt.by/image/catalog/easyphoto/2338/teleskopicheskiy-udlinitel-rollingdog-120-360-sm-konus-alyuminievyy-seriya-professional-art-40040-8.jpg,,,,,,,,,,,,,,,,,,,,,,,,,,,,,,,,,,,,,,,,,,"
"Телескопический удлинитель Rollingdog 70-120 см, конус, алюминиевый, серия Professional, арт.40041",Шпателя для механизированной шпатлевки>Шпателя для механизированного нанесения>Телескопический удлинитель,40041,752.36,"https://dlt.by/image/catalog/easyphoto/2339/teleskopicheskiy-udlinitel-rollingdog-70-120-sm-konus-alyuminievyy-seriya-professional-art-40041-5.jpg,https://dlt.by/image/catalog/easyphoto/2339/teleskopicheskiy-udlinitel-rollingdog-70-120-sm-konus-alyuminievyy-seriya-professional-art-40041-6.jpg,https://dlt.by/image/catalog/easyphoto/2339/teleskopicheskiy-udlinitel-rollingdog-70-120-sm-konus-alyuminievyy-seriya-professional-art-40041-7.jpg,https://dlt.by/image/catalog/easyphoto/2339/teleskopicheskiy-udlinitel-rollingdog-70-120-sm-konus-alyuminievyy-seriya-professional-art-40041-8.jpg,https://dlt.by/image/catalog/easyphoto/2339/teleskopicheskiy-udlinitel-rollingdog-70-120-sm-konus-alyuminievyy-seriya-professional-art-40041-9.jpg,,,,,,,,,,,,,,,,,,,,,,,,,,,,,,,,,,,,,,,,,"
"Телескопический удлинитель Rollingdog 110-200 см, конус, алюминиевый, серия Professional, арт.40042",Шпателя для механизированной шпатлевки>Шпателя для механизированного нанесения>Телескопический удлинитель,40042,993.11,"https://dlt.by/image/catalog/easyphoto/2340/teleskopicheskiy-udlinitel-rollingdog-110-200-sm-konus-alyuminievyy-seriya-professional-art-40042-5.jpg,https://dlt.by/image/catalog/easyphoto/2340/teleskopicheskiy-udlinitel-rollingdog-110-200-sm-konus-alyuminievyy-seriya-professional-art-40042-6.jpg,,,,,,,,,,,,,,,,,,,,,,,,,,,,,,,,,,,,,,,,,,,,"
"Адаптер для удлинителя Rollingdog под резьбовое соединение (набор 2шт.), арт.40060",Шпателя для механизированной шпатлевки>Шпателя для механизированного нанесения>Телескопический удлинитель,40060,276.87,"https://dlt.by/image/catalog/easyphoto/2341/adapter-dlya-udlinitelya-rollingdog-pod-rezbovoe-soedinenie-nabor-2sht-art-40060-4.jpg,https://dlt.by/image/catalog/easyphoto/2341/adapter-dlya-udlinitelya-rollingdog-pod-rezbovoe-soedinenie-nabor-2sht-art-40060-5.jpg,,,,,,,,,,,,,,,,,,,,,,,,,,,,,,,,,,,,,,,,,,,,"
"Составной удлинитель с адаптером резьба/конус Rollingdog, 59 см, серия standard арт.40065",Шпателя для механизированной шпатлевки>Шпателя для механизированного нанесения>Телескопический удлинитель,40065,541.70,"https://dlt.by/image/catalog/easyphoto/2342/sostavnoy-udlinitel-s-adapterom-rezba-konus-rollingdog-59-sm-seriya-standard-art-40065-4.jpg,https://dlt.by/image/catalog/easyphoto/2342/sostavnoy-udlinitel-s-adapterom-rezba-konus-rollingdog-59-sm-seriya-standard-art-40065-5.jpg,https://dlt.by/image/catalog/easyphoto/2342/sostavnoy-udlinitel-s-adapterom-rezba-konus-rollingdog-59-sm-seriya-standard-art-40065-6.jpg,https://dlt.by/image/catalog/easyphoto/2342/sostavnoy-udlinitel-s-adapterom-rezba-konus-rollingdog-59-sm-seriya-standard-art-40065-7.jpg,,,,,,,,,,,,,,,,,,,,,,,,,,,,,,,,,,,,,,,,,,"
"Телескопический удлинитель Rollingdog 60-90 см, конус, алюминиевый, серия Professional, арт.40067",Шпателя для механизированной шпатлевки>Шпателя для механизированного нанесения>Телескопический удлинитель,40067,692.17,"https://dlt.by/image/catalog/easyphoto/2343/teleskopicheskiy-udlinitel-rollingdog-60-90-sm-konus-alyuminievyy-seriya-professional-art-40067-5.jpg,https://dlt.by/image/catalog/easyphoto/2343/teleskopicheskiy-udlinitel-rollingdog-60-90-sm-konus-alyuminievyy-seriya-professional-art-40067-6.jpg,,,,,,,,,,,,,,,,,,,,,,,,,,,,,,,,,,,,,,,,,,,,"
"Телескопический удлинитель Rollingdog 70-120 см, резьба, металл покрый пластиком, серия Standard арт.40071",Шпателя для механизированной шпатлевки>Шпателя для механизированного нанесения>Телескопический удлинитель,40071,451.41,"https://dlt.by/image/catalog/easyphoto/2344/teleskopicheskiy-udlinitel-rollingdog-70-120-sm-rezba-metall-pokryy-plastikom-seriya-standard-art-40071-3.jpg,https://dlt.by/image/catalog/easyphoto/2344/teleskopicheskiy-udlinitel-rollingdog-70-120-sm-rezba-metall-pokryy-plastikom-seriya-standard-art-40071-4.jpg,https://dlt.by/image/catalog/easyphoto/2344/teleskopicheskiy-udlinitel-rollingdog-70-120-sm-rezba-metall-pokryy-plastikom-seriya-standard-art-40071-5.jpg,https://dlt.by/image/catalog/easyphoto/2344/teleskopicheskiy-udlinitel-rollingdog-70-120-sm-rezba-metall-pokryy-plastikom-seriya-standard-art-40071-6.jpg,,,,,,,,,,,,,,,,,,,,,,,,,,,,,,,,,,,,,,,,,,"
"Телескопический удлинитель Rollingdog 110-200 см, конус, алюминиевый, серия Professional, арт.40081",Шпателя для механизированной шпатлевки>Шпателя для механизированного нанесения>Телескопический удлинитель,40081,1 625.09,"https://dlt.by/image/catalog/easyphoto/2345/teleskopicheskiy-udlinitel-rollingdog-110-200-sm-konus-alyuminievyy-seriya-professional-art-40081-2.jpg,https://dlt.by/image/catalog/easyphoto/2345/teleskopicheskiy-udlinitel-rollingdog-110-200-sm-konus-alyuminievyy-seriya-professional-art-40081-3.jpg,https://dlt.by/image/catalog/easyphoto/2345/teleskopicheskiy-udlinitel-rollingdog-110-200-sm-konus-alyuminievyy-seriya-professional-art-40081-4.jpg,,,,,,,,,,,,,,,,,,,,,,,,,,,,,,,,,,,,,,,,,,,"
"Адаптер для удлинителя Rollingdog под соединение защелка/конус (набор 2шт.), арт.40087",Шпателя для механизированной шпатлевки>Шпателя для механизированного нанесения>Телескопический удлинитель,40087,186.58,"https://dlt.by/image/catalog/easyphoto/2346/adapter-dlya-udlinitelya-rollingdog-pod-soedinenie-zashchelka-konus-nabor-2sht-art-40086-3.jpg,https://dlt.by/image/catalog/easyphoto/2346/adapter-dlya-udlinitelya-rollingdog-pod-soedinenie-zashchelka-konus-nabor-2sht-art-40086-4.jpg,https://dlt.by/image/catalog/easyphoto/2346/adapter-dlya-udlinitelya-rollingdog-pod-soedinenie-zashchelka-konus-nabor-2sht-art-40086-5.jpg,,,,,,,,,,,,,,,,,,,,,,,,,,,,,,,,,,,,,,,,,,,"
"Малярный шпатель Rollingdog Flexible 3"" (76мм), серия Professional, арт.50004",Шпателя для механизированной шпатлевки>Малярные шпателя,50004,129.41,"https://dlt.by/image/catalog/easyphoto/2347/malyarnyy-shpatel-rollingdog-flexible-3-75mm-seriya-professional-art-50004-3.jpg,https://dlt.by/image/catalog/easyphoto/2347/malyarnyy-shpatel-rollingdog-flexible-3-75mm-seriya-professional-art-50004-4.jpg,https://dlt.by/image/catalog/easyphoto/2347/malyarnyy-shpatel-rollingdog-flexible-3-75mm-seriya-professional-art-50004-5.jpg,,,,,,,,,,,,,,,,,,,,,,,,,,,,,,,,,,,,,,,,,,,"
"Малярный шпатель Rollingdog Flexible 4"" (101мм), серия Professional, арт.50005",Шпателя для механизированной шпатлевки>Малярные шпателя,50005,156.49,"https://dlt.by/image/catalog/easyphoto/2348/malyarnyy-shpatel-rollingdog-flexible-4-100mm-seriya-professional-art-50005-3.jpg,https://dlt.by/image/catalog/easyphoto/2348/malyarnyy-shpatel-rollingdog-flexible-4-100mm-seriya-professional-art-50005-4.jpg,https://dlt.by/image/catalog/easyphoto/2348/malyarnyy-shpatel-rollingdog-flexible-4-100mm-seriya-professional-art-50005-5.jpg,,,,,,,,,,,,,,,,,,,,,,,,,,,,,,,,,,,,,,,,,,,"
"Малярный шпатель Rollingdog Flexible 5"" (127мм), серия Professional, арт.50006",Шпателя для механизированной шпатлевки>Малярные шпателя,50006,165.52,"https://dlt.by/image/catalog/easyphoto/2349/malyarnyy-shpatel-rollingdog-flexible-5-127mm-seriya-professional-art-50006-1.jpg,https://dlt.by/image/catalog/easyphoto/2349/malyarnyy-shpatel-rollingdog-flexible-5-127mm-seriya-professional-art-50006-2.jpg,https://dlt.by/image/catalog/easyphoto/2349/malyarnyy-shpatel-rollingdog-flexible-5-127mm-seriya-professional-art-50006-3.jpg,,,,,,,,,,,,,,,,,,,,,,,,,,,,,,,,,,,,,,,,,,,"
"Малярный шпатель Rollingdog Flexible 6"" (152мм), серия Professional, арт.50007",Шпателя для механизированной шпатлевки>Малярные шпателя,50007,177.56,"https://dlt.by/image/catalog/easyphoto/2350/malyarnyy-shpatel-rollingdog-flexible-6-152mm-seriya-professional-art-50007-3.jpg,https://dlt.by/image/catalog/easyphoto/2350/malyarnyy-shpatel-rollingdog-flexible-6-152mm-seriya-professional-art-50007-4.jpg,https://dlt.by/image/catalog/easyphoto/2350/malyarnyy-shpatel-rollingdog-flexible-6-152mm-seriya-professional-art-50007-5.jpg,,,,,,,,,,,,,,,,,,,,,,,,,,,,,,,,,,,,,,,,,,,"
"Малярный шпатель Rollingdog 8"" (200мм), серия Professional, арт.50018",Шпателя для механизированной шпатлевки>Малярные шпателя,50018,204.64,"https://dlt.by/image/catalog/easyphoto/2351/malyarnyy-shpatel-rollingdog-8-200mm-seriya-professional-art-50018-1.jpg,https://dlt.by/image/catalog/easyphoto/2351/malyarnyy-shpatel-rollingdog-8-200mm-seriya-professional-art-50018-2.jpg,https://dlt.by/image/catalog/easyphoto/2351/malyarnyy-shpatel-rollingdog-8-200mm-seriya-professional-art-50018-3.jpg,,,,,,,,,,,,,,,,,,,,,,,,,,,,,,,,,,,,,,,,,,,"
"Шпатель-скребок многофункциональный 12 в 1 Rollingdog, арт.50019",Малярный и штукатурный инструмент>Скребки малярные,50019,279.88,"https://dlt.by/image/catalog/easyphoto/2352/shpatel-skrebok-mnogofunktsionalnyy-12-v-1-rollingdog-art-50019-1.jpg,https://dlt.by/image/catalog/easyphoto/2352/shpatel-skrebok-mnogofunktsionalnyy-12-v-1-rollingdog-art-50019-2.jpg,https://dlt.by/image/catalog/easyphoto/2352/shpatel-skrebok-mnogofunktsionalnyy-12-v-1-rollingdog-art-50019-3.jpg,https://dlt.by/image/catalog/easyphoto/2352/shpatel-skrebok-mnogofunktsionalnyy-12-v-1-rollingdog-art-50019-4.jpg,https://dlt.by/image/catalog/easyphoto/2352/shpatel-skrebok-mnogofunktsionalnyy-12-v-1-rollingdog-art-50019-5.jpg,,,,,,,,,,,,,,,,,,,,,,,,,,,,,,,,,,,,,,,,,"
"Гладилка Rollingdog 280х115мм, серия Professional, арт.50100",Бренды>Малярный инструмент ROLLINGDOG,50100,902.83,"https://dlt.by/image/catalog/easyphoto/2353/gladilka-rollingdog-280h115mm-seriya-professional-art-50100-5.jpg,https://dlt.by/image/catalog/easyphoto/2353/gladilka-rollingdog-280h115mm-seriya-professional-art-50100-6.jpg,https://dlt.by/image/catalog/easyphoto/2353/gladilka-rollingdog-280h115mm-seriya-professional-art-50100-7.jpg,https://dlt.by/image/catalog/easyphoto/2353/gladilka-rollingdog-280h115mm-seriya-professional-art-50100-8.jpg,,,,,,,,,,,,,,,,,,,,,,,,,,,,,,,,,,,,,,,,,,"
"Гладилка Rollingdog 400х100мм серия Professional, арт.50103",Шпателя для механизированной шпатлевки>Гладилки,50103,932.92,"https://dlt.by/image/catalog/easyphoto/2354/gladilka-rollingdog-400h100mm-seriya-professional-art-50103-5.jpg,https://dlt.by/image/catalog/easyphoto/2354/gladilka-rollingdog-400h100mm-seriya-professional-art-50103-6.jpg,https://dlt.by/image/catalog/easyphoto/2354/gladilka-rollingdog-400h100mm-seriya-professional-art-50103-7.jpg,https://dlt.by/image/catalog/easyphoto/2354/gladilka-rollingdog-400h100mm-seriya-professional-art-50103-8.jpg,,,,,,,,,,,,,,,,,,,,,,,,,,,,,,,,,,,,,,,,,,"
"Гладилка 250х100-85мм Rollingdog, серия Professional, арт.50104",Шпателя для механизированной шпатлевки>Гладилки,50104,872.73,"https://dlt.by/image/catalog/easyphoto/2355/gladilka-250h100-85mm-rollingdog-seriya-professional-art-50104-3.jpg,https://dlt.by/image/catalog/easyphoto/2355/gladilka-250h100-85mm-rollingdog-seriya-professional-art-50104-4.jpg,https://dlt.by/image/catalog/easyphoto/2355/gladilka-250h100-85mm-rollingdog-seriya-professional-art-50104-5.jpg,https://dlt.by/image/catalog/easyphoto/2355/gladilka-250h100-85mm-rollingdog-seriya-professional-art-50104-6.jpg,,,,,,,,,,,,,,,,,,,,,,,,,,,,,,,,,,,,,,,,,,"
"Гладилка Rollingdog 400х100мм серия Professional, арт.50148",Шпателя для механизированной шпатлевки>Гладилки,50148,1 143.58,"https://dlt.by/image/catalog/easyphoto/2356/gladilka-rollingdog-400h100mm-seriya-professional-art-50148-7.jpg,https://dlt.by/image/catalog/easyphoto/2356/gladilka-rollingdog-400h100mm-seriya-professional-art-50148-8.jpg,https://dlt.by/image/catalog/easyphoto/2356/gladilka-rollingdog-400h100mm-seriya-professional-art-50148-9.jpg,https://dlt.by/image/catalog/easyphoto/2356/gladilka-rollingdog-400h100mm-seriya-professional-art-50148-10.jpg,,,,,,,,,,,,,,,,,,,,,,,,,,,,,,,,,,,,,,,,,,"
"Малярный шпатель Rollingdog DOBERMAN 8""(200мм), серия Elite, арт.50159",Инструмент для укладки плитки>Малярные шпателя,50159,568.78,"https://dlt.by/image/catalog/easyphoto/2357/malyarnyy-shpatel-rollingdog-doberman-8-200mm-seriya-elite-art-50159-9.jpg,https://dlt.by/image/catalog/easyphoto/2357/malyarnyy-shpatel-rollingdog-doberman-8-200mm-seriya-elite-art-50159-10.jpg,https://dlt.by/image/catalog/easyphoto/2357/malyarnyy-shpatel-rollingdog-doberman-8-200mm-seriya-elite-art-50159-11.jpg,,,,,,,,,,,,,,,,,,,,,,,,,,,,,,,,,,,,,,,,,,,"
"Малярный шпатель Rollingdog DOBERMAN 10""(250мм), серия Elite, арт.50160",Инструмент для укладки плитки>Малярные шпателя,50160,656.05,"https://dlt.by/image/catalog/easyphoto/2358/malyarnyy-shpatel-rollingdog-doberman-10-250mm-seriya-elite-art-50160-3.jpg,https://dlt.by/image/catalog/easyphoto/2358/malyarnyy-shpatel-rollingdog-doberman-10-250mm-seriya-elite-art-50160-4.jpg,https://dlt.by/image/catalog/easyphoto/2358/malyarnyy-shpatel-rollingdog-doberman-10-250mm-seriya-elite-art-50160-5.jpg,,,,,,,,,,,,,,,,,,,,,,,,,,,,,,,,,,,,,,,,,,,"
"Малярный шпатель Rollingdog DOBERMAN 12""(300мм), серия Elite, арт.50161",Инструмент для укладки плитки>Малярные шпателя,50161,719.25,"https://dlt.by/image/catalog/easyphoto/2359/malyarnyy-shpatel-rollingdog-doberman-12-300mm-seriya-elite-art-50161-3.jpg,https://dlt.by/image/catalog/easyphoto/2359/malyarnyy-shpatel-rollingdog-doberman-12-300mm-seriya-elite-art-50161-4.jpg,https://dlt.by/image/catalog/easyphoto/2359/malyarnyy-shpatel-rollingdog-doberman-12-300mm-seriya-elite-art-50161-5.jpg,,,,,,,,,,,,,,,,,,,,,,,,,,,,,,,,,,,,,,,,,,,"
"Многофункциональный скребок Rollingdog №1 серия Professional, арт.50219",Акции на строительный инструмент,50219,261.82,"https://dlt.by/image/catalog/easyphoto/2360/mnogofunktsionalnyy-skrebok-rollingdog-1-seriya-professional-art-50219-1.jpg,https://dlt.by/image/catalog/easyphoto/2360/mnogofunktsionalnyy-skrebok-rollingdog-1-seriya-professional-art-50219-2.jpg,https://dlt.by/image/catalog/easyphoto/2360/mnogofunktsionalnyy-skrebok-rollingdog-1-seriya-professional-art-50219-3.jpg,https://dlt.by/image/catalog/easyphoto/2360/mnogofunktsionalnyy-skrebok-rollingdog-1-seriya-professional-art-50219-4.jpg,,,,,,,,,,,,,,,,,,,,,,,,,,,,,,,,,,,,,,,,,,"
"Сокол малярный Rollingdog 330х330мм, серия Professional, арт.50271",Малярный и штукатурный инструмент>Штукатурные соколы,50271,1 354.24,"https://dlt.by/image/catalog/easyphoto/2361/sokol-malyarnyy-rollingdog-330h330mm-seriya-professional-art-50271-3.jpg,https://dlt.by/image/catalog/easyphoto/2361/sokol-malyarnyy-rollingdog-330h330mm-seriya-professional-art-50271-4.jpg,https://dlt.by/image/catalog/easyphoto/2361/sokol-malyarnyy-rollingdog-330h330mm-seriya-professional-art-50271-5.jpg,https://dlt.by/image/catalog/easyphoto/2361/sokol-malyarnyy-rollingdog-330h330mm-seriya-professional-art-50271-6.jpg,,,,,,,,,,,,,,,,,,,,,,,,,,,,,,,,,,,,,,,,,,"
"Терка строительная Rollingdog, серия Professional, арт.50291",Малярный и штукатурный инструмент>Тёрки для отделочных работ,50291,662.07,"https://dlt.by/image/catalog/easyphoto/2362/terka-stroitelnaya-rollingdog-seriya-professional-art-50291-4.jpg,https://dlt.by/image/catalog/easyphoto/2362/terka-stroitelnaya-rollingdog-seriya-professional-art-50291-5.jpg,https://dlt.by/image/catalog/easyphoto/2362/terka-stroitelnaya-rollingdog-seriya-professional-art-50291-6.jpg,https://dlt.by/image/catalog/easyphoto/2362/sokol-malyarnyy-rollingdog-330h330mm-seriya-professional-art-50271-1.jpg,https://dlt.by/image/catalog/easyphoto/2362/sokol-malyarnyy-rollingdog-330h330mm-seriya-professional-art-50271-3.jpg,https://dlt.by/image/catalog/easyphoto/2362/sokol-malyarnyy-rollingdog-330h330mm-seriya-professional-art-50271-2.jpg,,,,,,,,,,,,,,,,,,,,,,,,,,,,,,,,,,,,,,,,"
"Терка строительная для затирки Rollingdog, серия Professional, арт.50292",Акции на строительный инструмент,50292,752.36,"https://dlt.by/image/catalog/easyphoto/2363/terka-stroitelnaya-dlya-zatirki-rollingdog-seriya-professional-art-50292-6.jpg,https://dlt.by/image/catalog/easyphoto/2363/terka-stroitelnaya-dlya-zatirki-rollingdog-seriya-professional-art-50292-7.jpg,https://dlt.by/image/catalog/easyphoto/2363/terka-stroitelnaya-dlya-zatirki-rollingdog-seriya-professional-art-50292-8.jpg,https://dlt.by/image/catalog/easyphoto/2363/terka-stroitelnaya-rollingdog-seriya-professional-art-50291-1.jpg,https://dlt.by/image/catalog/easyphoto/2363/terka-stroitelnaya-rollingdog-seriya-professional-art-50291-2.jpg,https://dlt.by/image/catalog/easyphoto/2363/terka-stroitelnaya-rollingdog-seriya-professional-art-50291-4.jpg,https://dlt.by/image/catalog/easyphoto/2363/terka-stroitelnaya-rollingdog-seriya-professional-art-50291-3.jpg,https://dlt.by/image/catalog/easyphoto/2363/terka-stroitelnaya-rollingdog-seriya-professional-art-50291-5.jpg,,,,,,,,,,,,,,,,,,,,,,,,,,,,,,,,,,,,,,"
"Терка строительная для затирки Rollingdog, серия Elite, арт.50294",Малярный и штукатурный инструмент>Тёрки для отделочных работ,50294,872.73,"https://dlt.by/image/catalog/easyphoto/2364/terka-stroitelnaya-dlya-zatirki-rollingdog-seriya-elite-art-50294-8.jpg,https://dlt.by/image/catalog/easyphoto/2364/terka-stroitelnaya-dlya-zatirki-rollingdog-seriya-elite-art-50294-9.jpg,https://dlt.by/image/catalog/easyphoto/2364/terka-stroitelnaya-dlya-zatirki-rollingdog-seriya-elite-art-50294-10.jpg,https://dlt.by/image/catalog/easyphoto/2364/terka-stroitelnaya-dlya-zatirki-rollingdog-seriya-professional-art-50292-1.jpg,https://dlt.by/image/catalog/easyphoto/2364/terka-stroitelnaya-dlya-zatirki-rollingdog-seriya-professional-art-50292-2.jpg,https://dlt.by/image/catalog/easyphoto/2364/terka-stroitelnaya-dlya-zatirki-rollingdog-seriya-professional-art-50292-3.jpg,https://dlt.by/image/catalog/easyphoto/2364/terka-stroitelnaya-dlya-zatirki-rollingdog-seriya-professional-art-50292-7.jpg,https://dlt.by/image/catalog/easyphoto/2364/terka-stroitelnaya-dlya-zatirki-rollingdog-seriya-professional-art-50292-4.jpg,https://dlt.by/image/catalog/easyphoto/2364/terka-stroitelnaya-dlya-zatirki-rollingdog-seriya-professional-art-50292-5.jpg,https://dlt.by/image/catalog/easyphoto/2364/terka-stroitelnaya-dlya-zatirki-rollingdog-seriya-professional-art-50292-6.jpg,,,,,,,,,,,,,,,,,,,,,,,,,,,,,,,,,,,,"
"Терка строительная для затирки Rollingdog №3 серия Professional, арт.50297",Малярный и штукатурный инструмент>Тёрки для отделочных работ,50297,752.36,"https://dlt.by/image/catalog/easyphoto/2365/terka-stroitelnaya-dlya-zatirki-rollingdog-3-seriya-professional-art-50297-8.jpg,https://dlt.by/image/catalog/easyphoto/2365/terka-stroitelnaya-dlya-zatirki-rollingdog-3-seriya-professional-art-50297-9.jpg,https://dlt.by/image/catalog/easyphoto/2365/terka-stroitelnaya-dlya-zatirki-rollingdog-3-seriya-professional-art-50297-10.jpg,https://dlt.by/image/catalog/easyphoto/2365/terka-stroitelnaya-dlya-zatirki-rollingdog-seriya-elite-art-50294-1.jpg,https://dlt.by/image/catalog/easyphoto/2365/terka-stroitelnaya-dlya-zatirki-rollingdog-seriya-elite-art-50294-3.png,https://dlt.by/image/catalog/easyphoto/2365/terka-stroitelnaya-dlya-zatirki-rollingdog-seriya-elite-art-50294-4.jpg,https://dlt.by/image/catalog/easyphoto/2365/terka-stroitelnaya-dlya-zatirki-rollingdog-seriya-elite-art-50294-6.png,https://dlt.by/image/catalog/easyphoto/2365/terka-stroitelnaya-dlya-zatirki-rollingdog-seriya-elite-art-50294-5.jpg,https://dlt.by/image/catalog/easyphoto/2365/terka-stroitelnaya-dlya-zatirki-rollingdog-seriya-elite-art-50294-7.jpg,https://dlt.by/image/catalog/easyphoto/2365/terka-stroitelnaya-dlya-zatirki-rollingdog-seriya-elite-art-50294-2.jpg,,,,,,,,,,,,,,,,,,,,,,,,,,,,,,,,,,,,"
"Малярный шпатель Rollingdog 140мм, серия Professional, арт.50298",Шпателя для механизированной шпатлевки>Малярные шпателя,50298,228.72,"https://dlt.by/image/catalog/easyphoto/2366/malyarnyy-shpatel-rollingdog-140mm-seriya-professional-art-50298-3.jpg,https://dlt.by/image/catalog/easyphoto/2366/malyarnyy-shpatel-rollingdog-140mm-seriya-professional-art-50298-4.jpg,https://dlt.by/image/catalog/easyphoto/2366/malyarnyy-shpatel-rollingdog-140mm-seriya-professional-art-50298-5.jpg,,,,,,,,,,,,,,,,,,,,,,,,,,,,,,,,,,,,,,,,,,,"
"Малярный шпатель Rollingdog 180мм серия Professional, арт.50300",Шпателя для механизированной шпатлевки>Малярные шпателя,50300,276.87,"https://dlt.by/image/catalog/easyphoto/2367/malyarnyy-shpatel-rollingdog-180mm-seriya-professional-art-50300-5.jpg,https://dlt.by/image/catalog/easyphoto/2367/malyarnyy-shpatel-rollingdog-180mm-seriya-professional-art-50300-6.jpg,https://dlt.by/image/catalog/easyphoto/2367/malyarnyy-shpatel-rollingdog-180mm-seriya-professional-art-50300-7.jpg,,,,,,,,,,,,,,,,,,,,,,,,,,,,,,,,,,,,,,,,,,,"
"Малярный шпатель Rollingdog 200мм, серия Professional, арт.50301",Шпателя для механизированной шпатлевки>Малярные шпателя,50301,294.92,"https://dlt.by/image/catalog/easyphoto/2368/malyarnyy-shpatel-rollingdog-200mm-seriya-professional-art-50301-3.jpg,https://dlt.by/image/catalog/easyphoto/2368/malyarnyy-shpatel-rollingdog-200mm-seriya-professional-art-50301-4.jpg,https://dlt.by/image/catalog/easyphoto/2368/malyarnyy-shpatel-rollingdog-200mm-seriya-professional-art-50301-5.jpg,,,,,,,,,,,,,,,,,,,,,,,,,,,,,,,,,,,,,,,,,,,"
"Малярный шпатель Rollingdog 220мм, серия Professional, арт.50302",Шпателя для механизированной шпатлевки>Малярные шпателя,50302,303.95,"https://dlt.by/image/catalog/easyphoto/2369/malyarnyy-shpatel-rollingdog-220mm-seriya-professional-art-50302-5.jpg,https://dlt.by/image/catalog/easyphoto/2369/malyarnyy-shpatel-rollingdog-220mm-seriya-professional-art-50302-6.jpg,https://dlt.by/image/catalog/easyphoto/2369/malyarnyy-shpatel-rollingdog-220mm-seriya-professional-art-50302-7.jpg,,,,,,,,,,,,,,,,,,,,,,,,,,,,,,,,,,,,,,,,,,,"
"Кондуктор (шаблон) для инсталляции DLT, арт.2217",Инструмент для укладки плитки>Шаблоны строительные,2217,2 347.35,"https://dlt.by/image/catalog/easyphoto/2370/konduktor-dlya-installyatsii-dlt-art-2217-4.jpg,https://dlt.by/image/catalog/easyphoto/2370/konduktor-dlya-installyatsii-dlt-art-2217-5.jpg,https://dlt.by/image/catalog/easyphoto/2370/konduktor-dlya-installyatsii-dlt-art-2217-6.jpg,https://dlt.by/image/catalog/easyphoto/2370/konduktor-dlya-installyatsii-dlt-art-2217-7.jpg,,,,,,,,,,,,,,,,,,,,,,,,,,,,,,,,,,,,,,,,,,"
"Набор шпателей Rollingdog Ultra-Flex 1,5/ 3/ 4/ 6"" (38/76/101/152мм), серия Professional, арт.50360",Шпателя для механизированной шпатлевки>Малярные шпателя,50360,1 324.15,"https://dlt.by/image/catalog/easyphoto/2371/nabor-shpateley-rollingdog-ultra-flex-1-5-3-4-6-38-76-101-152mm-seriya-professional-art-50360-7.jpg,https://dlt.by/image/catalog/easyphoto/2371/nabor-shpateley-rollingdog-ultra-flex-1-5-3-4-6-38-76-101-152mm-seriya-professional-art-50360-8.jpg,https://dlt.by/image/catalog/easyphoto/2371/nabor-shpateley-rollingdog-ultra-flex-1-5-3-4-6-38-76-101-152mm-seriya-professional-art-50360-9.jpg,https://dlt.by/image/catalog/easyphoto/2371/nabor-shpateley-rollingdog-ultra-flex-1-5-3-4-6-38-76-101-152mm-seriya-professional-art-50360-10.jpg,,,,,,,,,,,,,,,,,,,,,,,,,,,,,,,,,,,,,,,,,,"
"Набор шпателей Rollingdog 1/ 2/ 3/ 4"" (25/50/76/101мм), серия Elite, арт.50361",Акции на строительный инструмент,50361,2 317.26,"https://dlt.by/image/catalog/easyphoto/2372/nabor-shpateley-rollingdog-1-2-3-4-25-50-76-101mm-seriya-elite-art-50361-10.jpg,https://dlt.by/image/catalog/easyphoto/2372/nabor-shpateley-rollingdog-1-2-3-4-25-50-76-101mm-seriya-elite-art-50361-11.jpg,https://dlt.by/image/catalog/easyphoto/2372/nabor-shpateley-rollingdog-1-2-3-4-25-50-76-101mm-seriya-elite-art-50361-12.jpg,https://dlt.by/image/catalog/easyphoto/2372/nabor-shpateley-rollingdog-1-2-3-4-25-50-76-101mm-seriya-elite-art-50361-13.jpg,,,,,,,,,,,,,,,,,,,,,,,,,,,,,,,,,,,,,,,,,,"
"Струбцина пистолетная быстрозажимная DLT 900мм, арт.65900",Акции на строительный инструмент,65900,1 354.24,"https://dlt.by/image/catalog/easyphoto/2373/strubtsina-pistoletnaya-bystrozazhimnaya-dlt-900mm-art-65900-8.jpg,https://dlt.by/image/catalog/easyphoto/2373/strubtsina-pistoletnaya-bystrozazhimnaya-dlt-900mm-art-65900-9.jpg,https://dlt.by/image/catalog/easyphoto/2373/strubtsina-pistoletnaya-bystrozazhimnaya-dlt-900mm-art-65900-10.jpg,https://dlt.by/image/catalog/easyphoto/2373/strubtsina-pistoletnaya-bystrozazhimnaya-dlt-900mm-art-65900-11.jpg,https://dlt.by/image/catalog/easyphoto/2373/strubtsina-pistoletnaya-bystrozazhimnaya-dlt-900mm-art-65900-12.jpg,https://dlt.by/image/catalog/easyphoto/2373/strubtsina-pistoletnaya-bystrozazhimnaya-dlt-900mm-art-65900-13.jpg,https://dlt.by/image/catalog/easyphoto/2373/strubtsina-pistoletnaya-bystrozazhimnaya-dlt-900mm-art-65900-14.jpg,https://dlt.by/image/catalog/easyphoto/2373/strubtsina-pistoletnaya-bystrozazhimnaya-dlt-900mm-art-65900-15.jpg,https://dlt.by/image/catalog/easyphoto/2373/strubtsina-pistoletnaya-bystrozazhimnaya-dlt-900mm-art-65900-16.jpg,https://dlt.by/image/catalog/easyphoto/2373/strubtsina-pistoletnaya-bystrozazhimnaya-dlt-900mm-art-65900-17.jpg,,,,,,,,,,,,,,,,,,,,,,,,,,,,,,,,,,,,"
"Набор столярных пластиковых угольников DLT, 5 штук, 75x75мм, арт.86704",Инструмент для укладки плитки>Уголки для фиксации плитки,86704,601.88,"https://dlt.by/image/catalog/easyphoto/2375/nabor-stolyarnyh-plastikovyh-ugolnikov-dlt-5-shtuk-75x75mm-art-86704-16.jpg,https://dlt.by/image/catalog/easyphoto/2375/nabor-stolyarnyh-plastikovyh-ugolnikov-dlt-5-shtuk-75x75mm-art-86704-17.jpg,https://dlt.by/image/catalog/easyphoto/2375/nabor-stolyarnyh-plastikovyh-ugolnikov-dlt-5-shtuk-75x75mm-art-86704-15.jpg,https://dlt.by/image/catalog/easyphoto/2375/nabor-stolyarnyh-plastikovyh-ugolnikov-dlt-5-shtuk-75x75mm-art-86704-18.jpg,https://dlt.by/image/catalog/easyphoto/2375/nabor-stolyarnyh-plastikovyh-ugolnikov-dlt-5-shtuk-75x75mm-art-86704-19.jpg,https://dlt.by/image/catalog/easyphoto/2375/nabor-stolyarnyh-plastikovyh-ugolnikov-dlt-5-shtuk-75x75mm-art-86704-20.jpg,https://dlt.by/image/catalog/easyphoto/2375/nabor-stolyarnyh-plastikovyh-ugolnikov-dlt-5-shtuk-75x75mm-art-86704-21.jpg,https://dlt.by/image/catalog/easyphoto/2375/nabor-stolyarnyh-plastikovyh-ugolnikov-dlt-5-shtuk-75x75mm-art-86704-22.jpg,https://dlt.by/image/catalog/easyphoto/2375/nabor-stolyarnyh-plastikovyh-ugolnikov-dlt-5-shtuk-75x75mm-art-86704-23.jpg,https://dlt.by/image/catalog/easyphoto/2375/nabor-stolyarnyh-plastikovyh-ugolnikov-dlt-5-shtuk-75x75mm-art-86704-24.jpg,https://dlt.by/image/catalog/easyphoto/2375/nabor-stolyarnyh-plastikovyh-ugolnikov-dlt-5-shtuk-75x75mm-art-86704-25.jpg,,,,,,,,,,,,,,,,,,,,,,,,,,,,,,,,,,,"
"Угольник столярный пластиковый DLT, 110x110мм, арт.86706",Инструмент для укладки плитки>Уголки для фиксации плитки,86706,306.96,"https://dlt.by/image/catalog/easyphoto/2378/ugolnik-stolyarnyy-plastikovyy-dlt-110x110mm-art-86706-11.jpg,https://dlt.by/image/catalog/easyphoto/2378/ugolnik-stolyarnyy-plastikovyy-dlt-110x110mm-art-86706-12.jpg,https://dlt.by/image/catalog/easyphoto/2378/ugolnik-stolyarnyy-plastikovyy-dlt-110x110mm-art-86706-13.jpg,https://dlt.by/image/catalog/easyphoto/2378/ugolnik-stolyarnyy-plastikovyy-dlt-110x110mm-art-86706-14.jpg,https://dlt.by/image/catalog/easyphoto/2378/ugolnik-stolyarnyy-plastikovyy-dlt-110x110mm-art-86706-15.jpg,https://dlt.by/image/catalog/easyphoto/2378/ugolnik-stolyarnyy-plastikovyy-dlt-110x110mm-art-86706-16.jpg,https://dlt.by/image/catalog/easyphoto/2378/ugolnik-stolyarnyy-plastikovyy-dlt-110x110mm-art-86706-17.jpg,https://dlt.by/image/catalog/easyphoto/2378/ugolnik-stolyarnyy-plastikovyy-dlt-110x110mm-art-86706-18.jpg,https://dlt.by/image/catalog/easyphoto/2378/ugolnik-stolyarnyy-plastikovyy-dlt-110x110mm-art-86706-19.jpg,,,,,,,,,,,,,,,,,,,,,,,,,,,,,,,,,,,,,"
"Набор столярных пластиковых угольников DLT, 5 штук, 60x30мм, арт.86703",Инструмент для укладки плитки>Уголки для фиксации плитки,86703,451.41,"https://dlt.by/image/catalog/easyphoto/2376/nabor-stolyarnyh-plastikovyh-ugolnikov-dlt-5-shtuk-60x30mm-art-86703-13.jpg,https://dlt.by/image/catalog/easyphoto/2376/nabor-stolyarnyh-plastikovyh-ugolnikov-dlt-5-shtuk-60x30mm-art-86703-24.jpeg,https://dlt.by/image/catalog/easyphoto/2376/nabor-stolyarnyh-plastikovyh-ugolnikov-dlt-5-shtuk-60x30mm-art-86703-15.jpg,https://dlt.by/image/catalog/easyphoto/2376/nabor-stolyarnyh-plastikovyh-ugolnikov-dlt-5-shtuk-60x30mm-art-86703-16.jpg,https://dlt.by/image/catalog/easyphoto/2376/nabor-stolyarnyh-plastikovyh-ugolnikov-dlt-5-shtuk-60x30mm-art-86703-17.jpg,https://dlt.by/image/catalog/easyphoto/2376/nabor-stolyarnyh-plastikovyh-ugolnikov-dlt-5-shtuk-60x30mm-art-86703-18.jpg,https://dlt.by/image/catalog/easyphoto/2376/nabor-stolyarnyh-plastikovyh-ugolnikov-dlt-5-shtuk-60x30mm-art-86703-19.jpg,https://dlt.by/image/catalog/easyphoto/2376/nabor-stolyarnyh-plastikovyh-ugolnikov-dlt-5-shtuk-60x30mm-art-86703-20.jpg,https://dlt.by/image/catalog/easyphoto/2376/nabor-stolyarnyh-plastikovyh-ugolnikov-dlt-5-shtuk-60x30mm-art-86703-21.jpg,https://dlt.by/image/catalog/easyphoto/2376/nabor-stolyarnyh-plastikovyh-ugolnikov-dlt-5-shtuk-60x30mm-art-86703-22.jpg,https://dlt.by/image/catalog/easyphoto/2376/nabor-stolyarnyh-plastikovyh-ugolnikov-dlt-5-shtuk-60x30mm-art-86703-23.jpg,,,,,,,,,,,,,,,,,,,,,,,,,,,,,,,,,,,"
"Набор угольников столярных пластиковых DLT, 4 штуки, 100x100мм (внешний размер), арт.86404",Инструмент для укладки плитки>Уголки для фиксации плитки,86404,631.98,"https://dlt.by/image/catalog/easyphoto/2377/nabor-ugolnikov-stolyarnyh-plastikovyh-dlt-4-shtuki-100x100mm-art-86404-19.jpg,https://dlt.by/image/catalog/easyphoto/2377/nabor-ugolnikov-stolyarnyh-plastikovyh-dlt-4-shtuki-100x100mm-art-86404-20.jpg,https://dlt.by/image/catalog/easyphoto/2377/nabor-ugolnikov-stolyarnyh-plastikovyh-dlt-4-shtuki-100x100mm-art-86404-24.jpg,https://dlt.by/image/catalog/easyphoto/2377/nabor-ugolnikov-stolyarnyh-plastikovyh-dlt-4-shtuki-100x100mm-art-86404-21.jpg,https://dlt.by/image/catalog/easyphoto/2377/nabor-ugolnikov-stolyarnyh-plastikovyh-dlt-4-shtuki-100x100mm-art-86404-22.jpg,https://dlt.by/image/catalog/easyphoto/2377/nabor-ugolnikov-stolyarnyh-plastikovyh-dlt-4-shtuki-100x100mm-art-86404-23.jpg,https://dlt.by/image/catalog/easyphoto/2377/nabor-ugolnikov-stolyarnyh-plastikovyh-dlt-4-shtuki-100x100mm-art-86404-25.jpg,https://dlt.by/image/catalog/easyphoto/2377/nabor-ugolnikov-stolyarnyh-plastikovyh-dlt-4-shtuki-100x100mm-art-86404-26.jpg,,,,,,,,,,,,,,,,,,,,,,,,,,,,,,,,,,,,,,"
"Угольник столярный пластиковый DLT, КРАСНЫЙ, 160x160мм, арт.86700",Инструмент для укладки плитки>Уголки для фиксации плитки,86700,451.41,"https://dlt.by/image/catalog/easyphoto/2379/ugolnik-stolyarnyy-plastikovyy-dlt-krasnyy-160x160mm-art-86700-12.jpg,https://dlt.by/image/catalog/easyphoto/2379/ugolnik-stolyarnyy-plastikovyy-dlt-krasnyy-160x160mm-art-86700-13.jpg,https://dlt.by/image/catalog/easyphoto/2379/ugolnik-stolyarnyy-plastikovyy-dlt-krasnyy-160x160mm-art-86700-14.jpg,https://dlt.by/image/catalog/easyphoto/2379/ugolnik-stolyarnyy-plastikovyy-dlt-krasnyy-160x160mm-art-86700-17.jpg,https://dlt.by/image/catalog/easyphoto/2379/ugolnik-stolyarnyy-plastikovyy-dlt-krasnyy-160x160mm-art-86700-19.jpg,https://dlt.by/image/catalog/easyphoto/2379/ugolnik-stolyarnyy-plastikovyy-dlt-krasnyy-160x160mm-art-86700-15.jpg,https://dlt.by/image/catalog/easyphoto/2379/ugolnik-stolyarnyy-plastikovyy-dlt-krasnyy-160x160mm-art-86700-16.jpg,https://dlt.by/image/catalog/easyphoto/2379/ugolnik-stolyarnyy-plastikovyy-dlt-krasnyy-160x160mm-art-86700-18.jpg,,,,,,,,,,,,,,,,,,,,,,,,,,,,,,,,,,,,,,"
"Угольник столярный пластиковый DLT, ЧЕРНЫЙ, 160x160мм, арт.86710",Инструмент для укладки плитки>Уголки для фиксации плитки,86710,246.77,"https://dlt.by/image/catalog/easyphoto/2380/ugolnik-stolyarnyy-plastikovyy-dlt-chernyy-160x160mm-art-86710-12.jpg,https://dlt.by/image/catalog/easyphoto/2380/ugolnik-stolyarnyy-plastikovyy-dlt-chernyy-160x160mm-art-86710-15.jpg,https://dlt.by/image/catalog/easyphoto/2380/ugolnik-stolyarnyy-plastikovyy-dlt-chernyy-160x160mm-art-86710-13.jpg,https://dlt.by/image/catalog/easyphoto/2380/ugolnik-stolyarnyy-plastikovyy-dlt-chernyy-160x160mm-art-86710-14.jpg,https://dlt.by/image/catalog/easyphoto/2380/ugolnik-stolyarnyy-plastikovyy-dlt-chernyy-160x160mm-art-86710-18.jpg,https://dlt.by/image/catalog/easyphoto/2380/ugolnik-stolyarnyy-plastikovyy-dlt-chernyy-160x160mm-art-86710-16.jpg,https://dlt.by/image/catalog/easyphoto/2380/ugolnik-stolyarnyy-plastikovyy-dlt-chernyy-160x160mm-art-86710-17.jpg,,,,,,,,,,,,,,,,,,,,,,,,,,,,,,,,,,,,,,,"
"Держатель для черепашек, 100мм, DLT, (держатель + 4 колодки), арт.2603",Инструмент для укладки плитки>Круг алмазный гибкий шлифовальный>Аксессуары,2603,2 106.60,"https://dlt.by/image/catalog/easyphoto/3148/derzhatel-dlya-cherepashek-100mm-dlt-derzhatel-4-kolodki-4.jpg,https://dlt.by/image/catalog/easyphoto/3148/derzhatel-dlya-cherepashek-100mm-dlt-derzhatel-4-kolodki-5.jpg,https://dlt.by/image/catalog/easyphoto/3148/derzhatel-dlya-cherepashek-100mm-dlt-derzhatel-4-kolodki-6.jpg,https://dlt.by/image/catalog/easyphoto/3148/derzhatel-dlya-cherepashek-100mm-dlt-derzhatel-4-kolodki-7.jpg,https://dlt.by/image/catalog/easyphoto/3148/derzhatel-dlya-cherepashek-100mm-dlt-derzhatel-4-kolodki-8.jpg,,,,,,,,,,,,,,,,,,,,,,,,,,,,,,,,,,,,,,,,,"
"Набор угольников столярных пластиковых DLT, 4 штуки, 80x50мм (внешний размер), арт.86304",Инструмент для укладки плитки>Уголки для фиксации плитки,86304,451.41,"https://dlt.by/image/catalog/easyphoto/2381/nabor-ugolnikov-stolyarnyh-plastikovyh-dlt-4-shtuki-80x50mm-art-86304-12.jpg,https://dlt.by/image/catalog/easyphoto/2381/nabor-ugolnikov-stolyarnyh-plastikovyh-dlt-4-shtuki-80x50mm-art-86304-13.jpg,https://dlt.by/image/catalog/easyphoto/2381/nabor-ugolnikov-stolyarnyh-plastikovyh-dlt-4-shtuki-80x50mm-art-86304-14.jpg,https://dlt.by/image/catalog/easyphoto/2381/nabor-ugolnikov-stolyarnyh-plastikovyh-dlt-4-shtuki-80x50mm-art-86304-19.jpg,https://dlt.by/image/catalog/easyphoto/2381/nabor-ugolnikov-stolyarnyh-plastikovyh-dlt-4-shtuki-80x50mm-art-86304-15.jpg,https://dlt.by/image/catalog/easyphoto/2381/nabor-ugolnikov-stolyarnyh-plastikovyh-dlt-4-shtuki-80x50mm-art-86304-18.jpg,https://dlt.by/image/catalog/easyphoto/2381/nabor-ugolnikov-stolyarnyh-plastikovyh-dlt-4-shtuki-80x50mm-art-86304-16.jpg,https://dlt.by/image/catalog/easyphoto/2381/nabor-ugolnikov-stolyarnyh-plastikovyh-dlt-4-shtuki-80x50mm-art-86304-17.jpg,,,,,,,,,,,,,,,,,,,,,,,,,,,,,,,,,,,,,,"
"Малярный шпатель Rollingdog Ultra-Flex 8"" (200мм), серия Elite, арт.50386",Шпателя для механизированной шпатлевки>Малярные шпателя,50386,553.73,"https://dlt.by/image/catalog/easyphoto/2393/malyarnyy-shpatel-rollingdog-ultra-flex-8-200mm-seriya-elite-art-50386-14.jpg,https://dlt.by/image/catalog/easyphoto/2393/malyarnyy-shpatel-rollingdog-ultra-flex-8-200mm-seriya-elite-art-50386-13.jpg,https://dlt.by/image/catalog/easyphoto/2393/malyarnyy-shpatel-rollingdog-ultra-flex-8-200mm-seriya-elite-art-50386-15.jpg,,,,,,,,,,,,,,,,,,,,,,,,,,,,,,,,,,,,,,,,,,,"
"Малярный шпатель Rollingdog Flex 4"" (100мм), серия Elite, арт.50392",Шпателя для механизированной шпатлевки>Малярные шпателя,50392,376.18,"https://dlt.by/image/catalog/easyphoto/2394/malyarnyy-shpatel-rollingdog-flex-4-100mm-seriya-elite-art-50392-2.jpg,https://dlt.by/image/catalog/easyphoto/2394/malyarnyy-shpatel-rollingdog-flex-4-100mm-seriya-elite-art-50392-3.jpg,https://dlt.by/image/catalog/easyphoto/2394/malyarnyy-shpatel-rollingdog-flex-4-100mm-seriya-elite-art-50392-4.jpg,,,,,,,,,,,,,,,,,,,,,,,,,,,,,,,,,,,,,,,,,,,"
"Малярный шпатель Rollingdog Flex 5"" (125мм), серия Elite, арт.50393",Шпателя для механизированной шпатлевки>Малярные шпателя,50393,421.32,"https://dlt.by/image/catalog/easyphoto/2395/malyarnyy-shpatel-rollingdog-flex-5-125mm-seriya-elite-art-50393-2.jpg,https://dlt.by/image/catalog/easyphoto/2395/malyarnyy-shpatel-rollingdog-flex-5-125mm-seriya-elite-art-50393-3.jpg,https://dlt.by/image/catalog/easyphoto/2395/malyarnyy-shpatel-rollingdog-flex-5-125mm-seriya-elite-art-50393-4.jpg,,,,,,,,,,,,,,,,,,,,,,,,,,,,,,,,,,,,,,,,,,,"
"Малярный шпатель Rollingdog Flex 6"" (150мм), серия Elite, арт.50394",Шпателя для механизированной шпатлевки>Малярные шпателя,50394,451.41,"https://dlt.by/image/catalog/easyphoto/2396/malyarnyy-shpatel-rollingdog-flex-6-150mm-seriya-elite-art-50394-6.jpg,https://dlt.by/image/catalog/easyphoto/2396/malyarnyy-shpatel-rollingdog-flex-6-150mm-seriya-elite-art-50394-7.jpg,https://dlt.by/image/catalog/easyphoto/2396/malyarnyy-shpatel-rollingdog-flex-6-150mm-seriya-elite-art-50394-8.jpg,,,,,,,,,,,,,,,,,,,,,,,,,,,,,,,,,,,,,,,,,,,"
"Малярный шпатель Rollingdog Flex 8"" (200мм), серия Elite, арт.50395",Шпателя для механизированной шпатлевки>Малярные шпателя,50395,529.66,"https://dlt.by/image/catalog/easyphoto/2397/malyarnyy-shpatel-rollingdog-flex-8-200mm-seriya-elite-art-50395-8.jpg,https://dlt.by/image/catalog/easyphoto/2397/malyarnyy-shpatel-rollingdog-flex-8-200mm-seriya-elite-art-50395-9.jpg,https://dlt.by/image/catalog/easyphoto/2397/malyarnyy-shpatel-rollingdog-flex-8-200mm-seriya-elite-art-50395-10.jpg,,,,,,,,,,,,,,,,,,,,,,,,,,,,,,,,,,,,,,,,,,,"
"Малярный шпатель Rollingdog Titanium 3"" (75мм), серия Elite, арт.50409",Шпателя для механизированной шпатлевки>Малярные шпателя,50409,451.41,"https://dlt.by/image/catalog/easyphoto/2398/malyarnyy-shpatel-rollingdog-titanium-3-75mm-seriya-elite-art-50409-3.jpg,https://dlt.by/image/catalog/easyphoto/2398/malyarnyy-shpatel-rollingdog-titanium-3-75mm-seriya-elite-art-50409-4.jpg,https://dlt.by/image/catalog/easyphoto/2398/malyarnyy-shpatel-rollingdog-titanium-3-75mm-seriya-elite-art-50409-5.jpg,,,,,,,,,,,,,,,,,,,,,,,,,,,,,,,,,,,,,,,,,,,"
"Малярный шпатель Rollingdog Titanium 4"" (100мм), серия Elite, арт.50410",Шпателя для механизированной шпатлевки>Малярные шпателя,50410,529.66,"https://dlt.by/image/catalog/easyphoto/2399/malyarnyy-shpatel-rollingdog-titanium-4-100mm-seriya-elite-art-50410-2.jpg,https://dlt.by/image/catalog/easyphoto/2399/malyarnyy-shpatel-rollingdog-titanium-4-100mm-seriya-elite-art-50410-3.jpg,https://dlt.by/image/catalog/easyphoto/2399/malyarnyy-shpatel-rollingdog-titanium-4-100mm-seriya-elite-art-50410-4.jpg,,,,,,,,,,,,,,,,,,,,,,,,,,,,,,,,,,,,,,,,,,,"
"Малярный шпатель Rollingdog Titanium 5"" (125мм), серия Elite, арт.50411",Шпателя для механизированной шпатлевки>Малярные шпателя,50411,568.78,"https://dlt.by/image/catalog/easyphoto/2400/malyarnyy-shpatel-rollingdog-titanium-5-125mm-seriya-elite-art-50411-2.jpg,https://dlt.by/image/catalog/easyphoto/2400/malyarnyy-shpatel-rollingdog-titanium-5-125mm-seriya-elite-art-50411-3.jpg,https://dlt.by/image/catalog/easyphoto/2400/malyarnyy-shpatel-rollingdog-titanium-5-125mm-seriya-elite-art-50411-4.jpg,,,,,,,,,,,,,,,,,,,,,,,,,,,,,,,,,,,,,,,,,,,"
"Малярный шпатель Rollingdog Titanium 6"" (150мм), серия Elite, арт.50412",Шпателя для механизированной шпатлевки>Малярные шпателя,50412,689.16,"https://dlt.by/image/catalog/easyphoto/2401/malyarnyy-shpatel-rollingdog-titanium-6-150mm-seriya-elite-art-50412-2.jpg,https://dlt.by/image/catalog/easyphoto/2401/malyarnyy-shpatel-rollingdog-titanium-6-150mm-seriya-elite-art-50412-3.jpg,https://dlt.by/image/catalog/easyphoto/2401/malyarnyy-shpatel-rollingdog-titanium-6-150mm-seriya-elite-art-50412-4.jpg,,,,,,,,,,,,,,,,,,,,,,,,,,,,,,,,,,,,,,,,,,,"
"Малярный шпатель Rollingdog Titanium 8"" (203мм), серия Elite, арт.50413",Шпателя для механизированной шпатлевки>Малярные шпателя,50413,782.45,"https://dlt.by/image/catalog/easyphoto/2402/malyarnyy-shpatel-rollingdog-titanium-8-203mm-seriya-elite-art-50413-2.jpg,https://dlt.by/image/catalog/easyphoto/2402/malyarnyy-shpatel-rollingdog-titanium-8-203mm-seriya-elite-art-50413-3.jpg,https://dlt.by/image/catalog/easyphoto/2402/malyarnyy-shpatel-rollingdog-titanium-8-203mm-seriya-elite-art-50413-4.jpg,,,,,,,,,,,,,,,,,,,,,,,,,,,,,,,,,,,,,,,,,,,"
"Гребенка для плитки DLT, 12мм, арт.1587",Инструмент для укладки плитки>Гребенки,1587,782.45,"https://dlt.by/image/catalog/easyphoto/3004/grebenka-dlya-plitki-dlt-12mm-art-1587-3.jpg,https://dlt.by/image/catalog/easyphoto/3004/grebenka-dlya-plitki-dlt-12mm-art-1587-4.jpg,https://dlt.by/image/catalog/easyphoto/3004/grebenka-dlya-plitki-dlt-12mm-art-1587-2.jpg,,,,,,,,,,,,,,,,,,,,,,,,,,,,,,,,,,,,,,,,,,,"
"Скребок изогнутый Rollingdog 3"" (75мм), серия Elite, арт.50416",Малярный и штукатурный инструмент>Скребки малярные,50416,421.32,"https://dlt.by/image/catalog/easyphoto/2403/skrebok-izognutyy-rollingdog-3-75mm-seriya-elite-art-50416-10.jpg,https://dlt.by/image/catalog/easyphoto/2403/skrebok-izognutyy-rollingdog-3-75mm-seriya-elite-art-50416-11.jpg,https://dlt.by/image/catalog/easyphoto/2403/skrebok-izognutyy-rollingdog-3-75mm-seriya-elite-art-50416-12.jpg,https://dlt.by/image/catalog/easyphoto/2403/skrebok-izognutyy-rollingdog-3-75mm-seriya-elite-art-50416-13.jpg,,,,,,,,,,,,,,,,,,,,,,,,,,,,,,,,,,,,,,,,,,"
"Скребок многофункциональный 14 в 1 Rollingdog, серия Elite, арт.50417",Малярный и штукатурный инструмент>Скребки малярные,50417,577.81,"https://dlt.by/image/catalog/easyphoto/2404/skrebok-mnogofunktsionalnyy-14-v-1-rollingdog-seriya-elite-art-50417-16.jpg,https://dlt.by/image/catalog/easyphoto/2404/skrebok-mnogofunktsionalnyy-14-v-1-rollingdog-seriya-elite-art-50417-17.jpg,https://dlt.by/image/catalog/easyphoto/2404/skrebok-mnogofunktsionalnyy-14-v-1-rollingdog-seriya-elite-art-50417-18.jpg,https://dlt.by/image/catalog/easyphoto/2404/skrebok-mnogofunktsionalnyy-14-v-1-rollingdog-seriya-elite-art-50417-19.jpg,https://dlt.by/image/catalog/easyphoto/2404/skrebok-mnogofunktsionalnyy-14-v-1-rollingdog-seriya-elite-art-50417-20.jpg,,,,,,,,,,,,,,,,,,,,,,,,,,,,,,,,,,,,,,,,,"
"Шпатель для внутренних углов  Rollingdog 100х86мм, серия Professional, арт.50420",Шпателя для механизированной шпатлевки>Угловые шпателя,50420,400.25,"https://dlt.by/image/catalog/easyphoto/2405/shpatel-dlya-vnutrennih-uglov-rollingdog-100h86mm-seriya-professional-art-50420-4.jpg,https://dlt.by/image/catalog/easyphoto/2405/shpatel-dlya-vnutrennih-uglov-rollingdog-100h86mm-seriya-professional-art-50420-5.jpg,https://dlt.by/image/catalog/easyphoto/2405/shpatel-dlya-vnutrennih-uglov-rollingdog-100h86mm-seriya-professional-art-50420-6.jpg,,,,,,,,,,,,,,,,,,,,,,,,,,,,,,,,,,,,,,,,,,,"
"Шпатель для внешних углов Rollingdog 100х86мм, серия Professional, арт.50421",Шпателя для механизированной шпатлевки>Угловые шпателя,50421,376.18,"https://dlt.by/image/catalog/easyphoto/2406/shpatel-dlya-vneshnih-uglov-rollingdog-100h86mm-seriya-professional-art-50421-4.jpg,https://dlt.by/image/catalog/easyphoto/2406/shpatel-dlya-vneshnih-uglov-rollingdog-100h86mm-seriya-professional-art-50421-5.jpg,https://dlt.by/image/catalog/easyphoto/2406/shpatel-dlya-vneshnih-uglov-rollingdog-100h86mm-seriya-professional-art-50421-6.jpg,,,,,,,,,,,,,,,,,,,,,,,,,,,,,,,,,,,,,,,,,,,"
"Малярный шпатель Rollingdog 35см, серия Elite, арт.50440",Шпателя для механизированной шпатлевки>Малярные шпателя,50440,758.37,"https://dlt.by/image/catalog/easyphoto/2407/malyarnyy-shpatel-rollingdog-35sm-seriya-elite-art-50440-4.jpg,https://dlt.by/image/catalog/easyphoto/2407/malyarnyy-shpatel-rollingdog-35sm-seriya-elite-art-50440-7.jpg,https://dlt.by/image/catalog/easyphoto/2407/malyarnyy-shpatel-rollingdog-35sm-seriya-elite-art-50440-5.jpg,https://dlt.by/image/catalog/easyphoto/2407/malyarnyy-shpatel-rollingdog-35sm-seriya-elite-art-50440-6.jpg,https://dlt.by/image/catalog/easyphoto/2407/malyarnyy-shpatel-rollingdog-35sm-seriya-elite-art-50440-8.jpg,https://dlt.by/image/catalog/easyphoto/2407/shpatel-dlya-vneshnih-uglov-rollingdog-100h86mm-dlya-vneshnih-uglov-seriya-professional-art-50421-2.jpg,https://dlt.by/image/catalog/easyphoto/2407/shpatel-dlya-vneshnih-uglov-rollingdog-100h86mm-dlya-vneshnih-uglov-seriya-professional-art-50421-3.png,https://dlt.by/image/catalog/easyphoto/2407/shpatel-dlya-vneshnih-uglov-rollingdog-100h86mm-dlya-vneshnih-uglov-seriya-professional-art-50421-1.jpg,,,,,,,,,,,,,,,,,,,,,,,,,,,,,,,,,,,,,,"
"Малярный шпатель Rollingdog 45см, серия Elite, арт.50441",Шпателя для механизированной шпатлевки>Малярные шпателя,50441,950.98,"https://dlt.by/image/catalog/easyphoto/2408/malyarnyy-shpatel-rollingdog-45sm-seriya-elite-art-50441-5.jpg,https://dlt.by/image/catalog/easyphoto/2408/malyarnyy-shpatel-rollingdog-45sm-seriya-elite-art-50441-3.jpg,https://dlt.by/image/catalog/easyphoto/2408/malyarnyy-shpatel-rollingdog-45sm-seriya-elite-art-50441-4.jpg,https://dlt.by/image/catalog/easyphoto/2408/malyarnyy-shpatel-rollingdog-45sm-seriya-elite-art-50441-7.jpg,https://dlt.by/image/catalog/easyphoto/2408/malyarnyy-shpatel-rollingdog-45sm-seriya-elite-art-50441-6.jpg,https://dlt.by/image/catalog/easyphoto/2408/malyarnyy-shpatel-rollingdog-35sm-seriya-elite-art-50440-1.jpg,https://dlt.by/image/catalog/easyphoto/2408/malyarnyy-shpatel-rollingdog-35sm-seriya-elite-art-50440-2.jpg,,,,,,,,,,,,,,,,,,,,,,,,,,,,,,,,,,,,,,,"
"Малярный шпатель Rollingdog 60см, серия Elite, арт.50442",Шпателя для механизированной шпатлевки>Малярные шпателя,50442,1 233.86,"https://dlt.by/image/catalog/easyphoto/2409/malyarnyy-shpatel-rollingdog-60sm-seriya-elite-art-50442-3.jpg,https://dlt.by/image/catalog/easyphoto/2409/malyarnyy-shpatel-rollingdog-60sm-seriya-elite-art-50442-4.jpg,https://dlt.by/image/catalog/easyphoto/2409/malyarnyy-shpatel-rollingdog-60sm-seriya-elite-art-50442-5.jpg,https://dlt.by/image/catalog/easyphoto/2409/malyarnyy-shpatel-rollingdog-60sm-seriya-elite-art-50442-6.jpg,https://dlt.by/image/catalog/easyphoto/2409/malyarnyy-shpatel-rollingdog-60sm-seriya-elite-art-50442-7.jpg,https://dlt.by/image/catalog/easyphoto/2409/malyarnyy-shpatel-rollingdog-45sm-seriya-elite-art-50441-1.jpg,https://dlt.by/image/catalog/easyphoto/2409/malyarnyy-shpatel-rollingdog-45sm-seriya-elite-art-50441-2.png,,,,,,,,,,,,,,,,,,,,,,,,,,,,,,,,,,,,,,,"
"Малярный шпатель Rollingdog 80см, серия Elite, арт.50443",Шпателя для механизированной шпатлевки,50443,1 613.05,"https://dlt.by/image/catalog/easyphoto/2410/malyarnyy-shpatel-rollingdog-80sm-seriya-elite-art-50443-3.jpg,https://dlt.by/image/catalog/easyphoto/2410/malyarnyy-shpatel-rollingdog-80sm-seriya-elite-art-50443-4.jpg,https://dlt.by/image/catalog/easyphoto/2410/malyarnyy-shpatel-rollingdog-80sm-seriya-elite-art-50443-5.jpg,https://dlt.by/image/catalog/easyphoto/2410/malyarnyy-shpatel-rollingdog-80sm-seriya-elite-art-50443-7.jpg,https://dlt.by/image/catalog/easyphoto/2410/malyarnyy-shpatel-rollingdog-80sm-seriya-elite-art-50443-6.jpg,https://dlt.by/image/catalog/easyphoto/2410/malyarnyy-shpatel-rollingdog-60sm-seriya-elite-art-50442-1.jpg,https://dlt.by/image/catalog/easyphoto/2410/malyarnyy-shpatel-rollingdog-60sm-seriya-elite-art-50442-2.jpg,,,,,,,,,,,,,,,,,,,,,,,,,,,,,,,,,,,,,,,"
"Малярный шпатель Rollingdog 100см, серия Elite, арт.50444",Шпателя для механизированной шпатлевки>Шпателя для механизированного нанесения,50444,1 995.25,"https://dlt.by/image/catalog/easyphoto/2411/malyarnyy-shpatel-rollingdog-100sm-seriya-elite-art-50444-3.jpg,https://dlt.by/image/catalog/easyphoto/2411/malyarnyy-shpatel-rollingdog-100sm-seriya-elite-art-50444-6.jpg,https://dlt.by/image/catalog/easyphoto/2411/malyarnyy-shpatel-rollingdog-100sm-seriya-elite-art-50444-4.jpg,https://dlt.by/image/catalog/easyphoto/2411/malyarnyy-shpatel-rollingdog-100sm-seriya-elite-art-50444-5.jpg,https://dlt.by/image/catalog/easyphoto/2411/malyarnyy-shpatel-rollingdog-100sm-seriya-elite-art-50444-7.jpg,https://dlt.by/image/catalog/easyphoto/2411/malyarnyy-shpatel-rollingdog-80sm-seriya-elite-art-50443-1.jpg,https://dlt.by/image/catalog/easyphoto/2411/malyarnyy-shpatel-rollingdog-80sm-seriya-elite-art-50443-2.jpg,,,,,,,,,,,,,,,,,,,,,,,,,,,,,,,,,,,,,,,"
"Шпатель изогнутый Rollingdog 3"" (75мм), с резбой на конце серия Elite, арт.50448",Шпателя для механизированной шпатлевки>Малярные шпателя,50448,358.12,"https://dlt.by/image/catalog/easyphoto/2412/shpatel-izognutyy-rollingdog-3-75mm-s-rezboy-na-kontse-seriya-elite-art-50448-9.jpg,https://dlt.by/image/catalog/easyphoto/2412/shpatel-izognutyy-rollingdog-3-75mm-s-rezboy-na-kontse-seriya-elite-art-50448-10.jpg,https://dlt.by/image/catalog/easyphoto/2412/shpatel-izognutyy-rollingdog-3-75mm-s-rezboy-na-kontse-seriya-elite-art-50448-11.jpg,https://dlt.by/image/catalog/easyphoto/2412/shpatel-izognutyy-rollingdog-3-75mm-s-rezboy-na-kontse-seriya-elite-art-50448-12.jpg,,,,,,,,,,,,,,,,,,,,,,,,,,,,,,,,,,,,,,,,,,"
"Малярный шпатель Rollingdog Beauceron 4"" (100мм), серия Elite, арт.50473",Шпателя для механизированной шпатлевки>Малярные шпателя,50473,737.31,"https://dlt.by/image/catalog/easyphoto/2414/malyarnyy-shpatel-rollingdog-4-100mm-seriya-elite-art-50473-2.jpg,https://dlt.by/image/catalog/easyphoto/2414/malyarnyy-shpatel-rollingdog-4-100mm-seriya-elite-art-50473-3.jpg,https://dlt.by/image/catalog/easyphoto/2414/malyarnyy-shpatel-rollingdog-4-100mm-seriya-elite-art-50473-4.jpg,,,,,,,,,,,,,,,,,,,,,,,,,,,,,,,,,,,,,,,,,,,"
"Малярный шпатель Rollingdog Beauceron 5"" (127мм), серия Elite, арт.50474",Шпателя для механизированной шпатлевки>Малярные шпателя,50474,779.44,"https://dlt.by/image/catalog/easyphoto/2415/malyarnyy-shpatel-rollingdog-5-125mm-seriya-elite-art-50474-2.jpg,https://dlt.by/image/catalog/easyphoto/2415/malyarnyy-shpatel-rollingdog-5-125mm-seriya-elite-art-50474-4.jpg,https://dlt.by/image/catalog/easyphoto/2415/malyarnyy-shpatel-rollingdog-5-125mm-seriya-elite-art-50474-3.jpg,,,,,,,,,,,,,,,,,,,,,,,,,,,,,,,,,,,,,,,,,,,"
"Малярный шпатель Rollingdog Beauceron 6"" (152мм), серия Elite, арт.50475",Шпателя для механизированной шпатлевки>Малярные шпателя,50475,830.60,"https://dlt.by/image/catalog/easyphoto/2416/malyarnyy-shpatel-rollingdog-6-150mm-seriya-elite-art-50475-7.jpg,https://dlt.by/image/catalog/easyphoto/2416/malyarnyy-shpatel-rollingdog-6-150mm-seriya-elite-art-50475-8.jpg,https://dlt.by/image/catalog/easyphoto/2416/malyarnyy-shpatel-rollingdog-6-150mm-seriya-elite-art-50475-9.jpg,,,,,,,,,,,,,,,,,,,,,,,,,,,,,,,,,,,,,,,,,,,"
"Малярный шпатель Rollingdog Beauceron 8"" (203мм), серия Elite, арт.50476",Шпателя для механизированной шпатлевки>Малярные шпателя,50476,899.82,"https://dlt.by/image/catalog/easyphoto/2417/shpatel-malyarnyy-rollingdog-8-200mm-seriya-elite-art-50476-2.jpg,https://dlt.by/image/catalog/easyphoto/2417/shpatel-malyarnyy-rollingdog-8-200mm-seriya-elite-art-50476-3.jpg,https://dlt.by/image/catalog/easyphoto/2417/shpatel-malyarnyy-rollingdog-8-200mm-seriya-elite-art-50476-4.jpg,,,,,,,,,,,,,,,,,,,,,,,,,,,,,,,,,,,,,,,,,,,"
"Малярный шпатель Rollingdog Beauceron 10"" (254мм), серия Elite, арт.50477",Шпателя для механизированной шпатлевки>Малярные шпателя,50477,1 023.20,"https://dlt.by/image/catalog/easyphoto/2418/malyarnyy-shpatel-rollingdog-10-250mm-seriya-elite-art-50477-1.jpg,https://dlt.by/image/catalog/easyphoto/2418/malyarnyy-shpatel-rollingdog-10-250mm-seriya-elite-art-50477-2.jpg,https://dlt.by/image/catalog/easyphoto/2418/malyarnyy-shpatel-rollingdog-10-250mm-seriya-elite-art-50477-3.jpg,,,,,,,,,,,,,,,,,,,,,,,,,,,,,,,,,,,,,,,,,,,"
"Шпатель-скребок многофункциональный 10 в 1 Rollingdog, серия Elite, арт.50478",Шпателя для механизированной шпатлевки>Многофункц. шпатели (скребки),50478,722.26,"https://dlt.by/image/catalog/easyphoto/2419/shpatel-skrebok-mnogofunktsionalnyy-10-v-1-rollingdog-seriya-elite-art-50478-6.jpg,https://dlt.by/image/catalog/easyphoto/2419/shpatel-skrebok-mnogofunktsionalnyy-10-v-1-rollingdog-seriya-elite-art-50478-7.jpg,https://dlt.by/image/catalog/easyphoto/2419/shpatel-skrebok-mnogofunktsionalnyy-10-v-1-rollingdog-seriya-elite-art-50478-8.jpg,https://dlt.by/image/catalog/easyphoto/2419/shpatel-skrebok-mnogofunktsionalnyy-10-v-1-rollingdog-seriya-elite-art-50478-9.jpg,https://dlt.by/image/catalog/easyphoto/2419/shpatel-skrebok-mnogofunktsionalnyy-10-v-1-rollingdog-seriya-elite-art-50478-10.jpg,,,,,,,,,,,,,,,,,,,,,,,,,,,,,,,,,,,,,,,,,"
"Набор шпателей Rollingdog 1/2/3/4/5/6"" (25/50/75/100/125/150мм), серия Standard , арт.50481",Акции на строительный инструмент,50481,692.17,"https://dlt.by/image/catalog/easyphoto/2420/nabor-shpateley-rollingdog-1-2-3-4-5-6-25-50-75-100-125-150mm-seriya-standard-art-50481-4.jpg,https://dlt.by/image/catalog/easyphoto/2420/nabor-shpateley-rollingdog-1-2-3-4-5-6-25-50-75-100-125-150mm-seriya-standard-art-50481-5.jpg,https://dlt.by/image/catalog/easyphoto/2420/nabor-shpateley-rollingdog-1-2-3-4-5-6-25-50-75-100-125-150mm-seriya-standard-art-50481-6.jpg,https://dlt.by/image/catalog/easyphoto/2420/nabor-shpateley-rollingdog-1-2-3-4-5-6-25-50-75-100-125-150mm-seriya-standard-art-50481-7.jpg,,,,,,,,,,,,,,,,,,,,,,,,,,,,,,,,,,,,,,,,,,"
"Набор шпателей Rollingdog 1,5/ 3/ 4 "" (38//75/100мм), серия Standard, арт.50482",Акции на строительный инструмент,50482,367.15,"https://dlt.by/image/catalog/easyphoto/2421/nabor-shpateley-rollingdog-1-5-3-4-38-75-100mm-seriya-standard-art-50482-4.jpg,https://dlt.by/image/catalog/easyphoto/2421/nabor-shpateley-rollingdog-1-5-3-4-38-75-100mm-seriya-standard-art-50482-5.jpg,https://dlt.by/image/catalog/easyphoto/2421/nabor-shpateley-rollingdog-1-5-3-4-38-75-100mm-seriya-standard-art-50482-6.jpg,,,,,,,,,,,,,,,,,,,,,,,,,,,,,,,,,,,,,,,,,,,"
"Шпатель полукруглый Rollingdog 6.5"" (165мм), серия Professional, арт.50483",Шпателя для механизированной шпатлевки>Малярные шпателя,50483,370.16,"https://dlt.by/image/catalog/easyphoto/2422/shpatel-polukruglyy-rollingdog-6-5-165mm-seriya-professional-art-50483-4.jpg,https://dlt.by/image/catalog/easyphoto/2422/shpatel-polukruglyy-rollingdog-6-5-165mm-seriya-professional-art-50483-6.jpg,https://dlt.by/image/catalog/easyphoto/2422/shpatel-polukruglyy-rollingdog-6-5-165mm-seriya-professional-art-50483-5.jpg,https://dlt.by/image/catalog/easyphoto/2422/shpatel-polukruglyy-rollingdog-6-5-165mm-seriya-professional-art-50483-7.jpg,,,,,,,,,,,,,,,,,,,,,,,,,,,,,,,,,,,,,,,,,,"
"Адаптер для шпателя Rollingdog, арт.50484",Шпателя для механизированной шпатлевки>Шпателя для механизированного нанесения>Сменные лезвия и аксессуары>Аксессуары,50484,782.45,"https://dlt.by/image/catalog/easyphoto/2423/adapter-dlya-shpatelya-rollingdog-art-50484-2.jpg,https://dlt.by/image/catalog/easyphoto/2423/adapter-dlya-shpatelya-rollingdog-art-50484-3.jpg,https://dlt.by/image/catalog/easyphoto/2423/adapter-dlya-shpatelya-rollingdog-art-50484-4.jpg,https://dlt.by/image/catalog/easyphoto/2423/adapter-dlya-shpatelya-rollingdog-art-50484-5.jpg,https://dlt.by/image/catalog/easyphoto/2423/adapter-dlya-shpatelya-rollingdog-art-50484-6.jpg,https://dlt.by/image/catalog/easyphoto/2423/adapter-dlya-shpatelya-rollingdog-art-50484-8.jpg,https://dlt.by/image/catalog/easyphoto/2423/adapter-dlya-shpatelya-rollingdog-art-50484-7.jpg,,,,,,,,,,,,,,,,,,,,,,,,,,,,,,,,,,,,,,,"
"Коронка алмазная для плитки и камня BIHUI, 7мм (вакуумная пайка точной формы), арт.DBDB07",Алмазная оснастка>Алмазные коронки для плитки>Алмазные коронки по керамограниту (вакуумная пайка),DBDB07,1 384.33,"https://dlt.by/image/catalog/easyphoto/4217/koronka-almaznaya-dlya-plitki-i-kamnya-bihui-7mm-vakuumnaya-payka-tochnoy-formy-art-dbdb07-3.jpg,https://dlt.by/image/catalog/easyphoto/4217/koronka-almaznaya-dlya-plitki-i-kamnya-bihui-7mm-vakuumnaya-payka-tochnoy-formy-art-dbdb07-4.jpg,https://dlt.by/image/catalog/easyphoto/4217/koronka-almaznaya-dlya-plitki-i-kamnya-bihui-7mm-vakuumnaya-payka-tochnoy-formy-art-dbdb07-5.jpg,,,,,,,,,,,,,,,,,,,,,,,,,,,,,,,,,,,,,,,,,,,"
"Коронка алмазная для плитки и камня BIHUI, 16мм (вакуумная пайка точной формы), арт.DBDB18",Алмазная оснастка>Алмазные коронки для плитки>Алмазные коронки по керамограниту (вакуумная пайка),DBDB18,1 354.24,"https://dlt.by/image/catalog/easyphoto/4216/koronka-almaznaya-dlya-plitki-i-kamnya-bihui-16mm-vakuumnaya-payka-tochnoy-formy-art-dbdb18-2.jpg,https://dlt.by/image/catalog/easyphoto/4216/koronka-almaznaya-dlya-plitki-i-kamnya-bihui-16mm-vakuumnaya-payka-tochnoy-formy-art-dbdb18-3.jpg,https://dlt.by/image/catalog/easyphoto/4216/koronka-almaznaya-dlya-plitki-i-kamnya-bihui-16mm-vakuumnaya-payka-tochnoy-formy-art-dbdb18-4.jpg,,,,,,,,,,,,,,,,,,,,,,,,,,,,,,,,,,,,,,,,,,,"
"Малярный шпатель Rollingdog 350мм, серия Professional, арт.50502",Шпателя для механизированной шпатлевки>Фасадные шпателя,50502,677.12,"https://dlt.by/image/catalog/easyphoto/2427/malyarnyy-shpatel-rollingdog-350mm-seriya-professional-art-50502-2.jpg,https://dlt.by/image/catalog/easyphoto/2427/malyarnyy-shpatel-rollingdog-350mm-seriya-professional-art-50502-3.jpg,https://dlt.by/image/catalog/easyphoto/2427/malyarnyy-shpatel-rollingdog-350mm-seriya-professional-art-50502-4.jpg,https://dlt.by/image/catalog/easyphoto/2427/malyarnyy-shpatel-rollingdog-350mm-seriya-professional-art-50502-5.jpg,https://dlt.by/image/catalog/easyphoto/2427/malyarnyy-shpatel-rollingdog-350mm-seriya-professional-art-50502-6.jpg,https://dlt.by/image/catalog/easyphoto/2427/malyarnyy-shpatel-rollingdog-350mm-seriya-professional-art-50502-7.jpg,,,,,,,,,,,,,,,,,,,,,,,,,,,,,,,,,,,,,,,,"
"Малярный шпатель Rollingdog 457мм, серия Elite, арт.50503",Шпателя для механизированной шпатлевки>Фасадные шпателя,50503,791.48,"https://dlt.by/image/catalog/easyphoto/2428/malyarnyy-shpatel-rollingdog-457mm-seriya-elite-art-50503-2.jpg,https://dlt.by/image/catalog/easyphoto/2428/malyarnyy-shpatel-rollingdog-457mm-seriya-elite-art-50503-3.jpg,https://dlt.by/image/catalog/easyphoto/2428/malyarnyy-shpatel-rollingdog-457mm-seriya-elite-art-50503-4.jpg,https://dlt.by/image/catalog/easyphoto/2428/malyarnyy-shpatel-rollingdog-457mm-seriya-elite-art-50503-5.jpg,https://dlt.by/image/catalog/easyphoto/2428/malyarnyy-shpatel-rollingdog-457mm-seriya-elite-art-50503-6.jpg,https://dlt.by/image/catalog/easyphoto/2428/malyarnyy-shpatel-rollingdog-457mm-seriya-elite-art-50503-7.jpg,,,,,,,,,,,,,,,,,,,,,,,,,,,,,,,,,,,,,,,,"
"Малярный шпатель Rollingdog 600мм, серия Elite, арт.50504",Шпателя для механизированной шпатлевки>Фасадные шпателя,50504,923.89,"https://dlt.by/image/catalog/easyphoto/2429/malyarnyy-shpatel-rollingdog-600mm-seriya-elite-art-50504-4.jpg,https://dlt.by/image/catalog/easyphoto/2429/malyarnyy-shpatel-rollingdog-600mm-seriya-elite-art-50504-2.jpg,https://dlt.by/image/catalog/easyphoto/2429/malyarnyy-shpatel-rollingdog-600mm-seriya-elite-art-50504-3.jpg,https://dlt.by/image/catalog/easyphoto/2429/malyarnyy-shpatel-rollingdog-600mm-seriya-elite-art-50504-5.jpg,,,,,,,,,,,,,,,,,,,,,,,,,,,,,,,,,,,,,,,,,,"
"Фасадный шпатель Rollingdog 200мм, серия Professional, арт.50505",Шпателя для механизированной шпатлевки>Фасадные шпателя,50505,391.22,"https://dlt.by/image/catalog/easyphoto/2430/fasadnyy-shpatel-rollingdog-200mm-seriya-professional-art-50505-2.jpg,https://dlt.by/image/catalog/easyphoto/2430/fasadnyy-shpatel-rollingdog-200mm-seriya-professional-art-50505-3.jpg,https://dlt.by/image/catalog/easyphoto/2430/fasadnyy-shpatel-rollingdog-200mm-seriya-professional-art-50505-4.jpg,,,,,,,,,,,,,,,,,,,,,,,,,,,,,,,,,,,,,,,,,,,"
"Фасадный шпатель Rollingdog 250мм, серия Elite, арт.50506",Шпателя для механизированной шпатлевки>Фасадные шпателя,50506,442.39,"https://dlt.by/image/catalog/easyphoto/2431/fasadnyy-shpatel-rollingdog-250mm-seriya-elite-art-50506-2.jpg,https://dlt.by/image/catalog/easyphoto/2431/fasadnyy-shpatel-rollingdog-250mm-seriya-elite-art-50506-3.jpg,https://dlt.by/image/catalog/easyphoto/2431/fasadnyy-shpatel-rollingdog-250mm-seriya-elite-art-50506-4.jpg,,,,,,,,,,,,,,,,,,,,,,,,,,,,,,,,,,,,,,,,,,,"
"Фасадный шпатель Rollingdog 300мм, серия Professional, арт.50507",Шпателя для механизированной шпатлевки>Фасадные шпателя,50507,541.70,"https://dlt.by/image/catalog/easyphoto/2432/fasadnyy-shpatel-rollingdog-300mm-seriya-professional-art-50507-2.jpg,https://dlt.by/image/catalog/easyphoto/2432/fasadnyy-shpatel-rollingdog-300mm-seriya-professional-art-50507-3.jpg,https://dlt.by/image/catalog/easyphoto/2432/fasadnyy-shpatel-rollingdog-300mm-seriya-professional-art-50507-4.jpg,,,,,,,,,,,,,,,,,,,,,,,,,,,,,,,,,,,,,,,,,,,"
"Фасадный шпатель Rollingdog 600мм, серия Professional, арт.50508",Шпателя для механизированной шпатлевки>Фасадные шпателя,50508,812.54,"https://dlt.by/image/catalog/easyphoto/2433/fasadnyy-shpatel-rollingdog-600mm-seriya-professional-art-50508-2.jpg,https://dlt.by/image/catalog/easyphoto/2433/fasadnyy-shpatel-rollingdog-600mm-seriya-professional-art-50508-3.jpg,https://dlt.by/image/catalog/easyphoto/2433/fasadnyy-shpatel-rollingdog-600mm-seriya-professional-art-50508-4.jpg,,,,,,,,,,,,,,,,,,,,,,,,,,,,,,,,,,,,,,,,,,,"
"Валик с бюгелем Rollingdog SUPER-MICRO 100мм, ворс 10мм, микрофибра, арт.60153",Малярный и штукатурный инструмент>Валики малярные>Валики с ручкой,60153,162.51,"https://dlt.by/image/catalog/easyphoto/2434/valik-s-byugelem-rollingdog-super-micro-100mm-vors-10mm-mikrofibra-art-60153-2.jpg,https://dlt.by/image/catalog/easyphoto/2434/valik-s-byugelem-rollingdog-super-micro-100mm-vors-10mm-mikrofibra-art-60153-3.jpg,https://dlt.by/image/catalog/easyphoto/2434/valik-s-byugelem-rollingdog-super-micro-100mm-vors-10mm-mikrofibra-art-60153-6.jpg,https://dlt.by/image/catalog/easyphoto/2434/valik-s-byugelem-rollingdog-super-micro-100mm-vors-10mm-mikrofibra-art-60153-4.jpg,https://dlt.by/image/catalog/easyphoto/2434/valik-s-byugelem-rollingdog-super-micro-100mm-vors-10mm-mikrofibra-art-60153-5.jpg,https://dlt.by/image/catalog/easyphoto/2434/valik-s-byugelem-rollingdog-super-micro-100mm-vors-10mm-mikrofibra-art-60153-8.jpg,https://dlt.by/image/catalog/easyphoto/2434/valik-s-byugelem-rollingdog-super-micro-100mm-vors-10mm-mikrofibra-art-60153-7.jpg,,,,,,,,,,,,,,,,,,,,,,,,,,,,,,,,,,,,,,,"
"Валик с бюгелем Rollingdog MicroMax 230мм, ворс 12мм, микрофибра, арт.60206",Малярный и штукатурный инструмент>Валики малярные>Валики с ручкой,60206,523.64,"https://dlt.by/image/catalog/easyphoto/2435/valik-s-byugelem-rollingdog-micromax-230mm-vors-12mm-mikrofibra-art-60206-5.jpg,https://dlt.by/image/catalog/easyphoto/2435/valik-s-byugelem-rollingdog-micromax-230mm-vors-12mm-mikrofibra-art-60206-6.jpg,https://dlt.by/image/catalog/easyphoto/2435/valik-s-byugelem-rollingdog-micromax-230mm-vors-12mm-mikrofibra-art-60206-7.jpg,https://dlt.by/image/catalog/easyphoto/2435/valik-s-byugelem-rollingdog-micromax-230mm-vors-12mm-mikrofibra-art-60206-8.jpg,https://dlt.by/image/catalog/easyphoto/2435/valik-s-byugelem-rollingdog-micromax-230mm-vors-12mm-mikrofibra-art-60206-9.jpg,https://dlt.by/image/catalog/easyphoto/2435/valik-s-byugelem-rollingdog-super-micro-100mm-vors-10mm-mikrofibra-art-60153-1.jpg,https://dlt.by/image/catalog/easyphoto/2435/valik-s-byugelem-rollingdog-super-micro-100mm-vors-10mm-mikrofibra-art-60153-2.jpg,https://dlt.by/image/catalog/easyphoto/2435/valik-s-byugelem-rollingdog-super-micro-100mm-vors-10mm-mikrofibra-art-60153-4.jpg,https://dlt.by/image/catalog/easyphoto/2435/valik-s-byugelem-rollingdog-super-micro-100mm-vors-10mm-mikrofibra-art-60153-3.png,,,,,,,,,,,,,,,,,,,,,,,,,,,,,,,,,,,,,"
"Валик с бюгелем Rollingdog 230мм, ворс 12мм, полиамид, арт.60210",Малярный и штукатурный инструмент>Валики малярные>Валики с ручкой,60210,544.71,"https://dlt.by/image/catalog/easyphoto/2436/valik-s-byugelem-rollingdog-230mm-vors-12mm-poliamid-art-60210-7.jpg,https://dlt.by/image/catalog/easyphoto/2436/valik-s-byugelem-rollingdog-230mm-vors-12mm-poliamid-art-60210-8.jpg,https://dlt.by/image/catalog/easyphoto/2436/valik-s-byugelem-rollingdog-230mm-vors-12mm-poliamid-art-60210-9.jpg,https://dlt.by/image/catalog/easyphoto/2436/valik-s-byugelem-rollingdog-230mm-vors-12mm-poliamid-art-60210-10.jpg,https://dlt.by/image/catalog/easyphoto/2436/valik-s-byugelem-rollingdog-230mm-vors-12mm-poliamid-art-60210-11.jpg,https://dlt.by/image/catalog/easyphoto/2436/valik-s-byugelem-rollingdog-micromax-230mm-vors-12mm-mikrofibra-art-60206-1.jpg,https://dlt.by/image/catalog/easyphoto/2436/valik-s-byugelem-rollingdog-micromax-230mm-vors-12mm-mikrofibra-art-60206-2.jpg,https://dlt.by/image/catalog/easyphoto/2436/valik-s-byugelem-rollingdog-micromax-230mm-vors-12mm-mikrofibra-art-60206-3.jpg,https://dlt.by/image/catalog/easyphoto/2436/valik-s-byugelem-rollingdog-micromax-230mm-vors-12mm-mikrofibra-art-60206-4.png,https://dlt.by/image/catalog/easyphoto/2436/valik-s-byugelem-rollingdog-micromax-230mm-vors-12mm-mikrofibra-art-60206-5.jpg,https://dlt.by/image/catalog/easyphoto/2436/valik-s-byugelem-rollingdog-micromax-230mm-vors-12mm-mikrofibra-art-60206-6.jpg,,,,,,,,,,,,,,,,,,,,,,,,,,,,,,,,,,,"
"Валик с бюгелем Rollingdog 100мм, ворс 12мм, полиамид, арт.60212",Малярный и штукатурный инструмент>Валики малярные>Валики с ручкой,60212,201.63,"https://dlt.by/image/catalog/easyphoto/2437/valik-s-byugelem-rollingdog-100mm-vors-12mm-poliamid-art-60212-2.jpg,https://dlt.by/image/catalog/easyphoto/2437/valik-s-byugelem-rollingdog-100mm-vors-12mm-poliamid-art-60212-3.jpg,https://dlt.by/image/catalog/easyphoto/2437/valik-s-byugelem-rollingdog-100mm-vors-12mm-poliamid-art-60212-4.jpg,https://dlt.by/image/catalog/easyphoto/2437/valik-s-byugelem-rollingdog-100mm-vors-12mm-poliamid-art-60212-5.jpg,https://dlt.by/image/catalog/easyphoto/2437/valik-s-byugelem-rollingdog-100mm-vors-12mm-poliamid-art-60212-6.jpg,https://dlt.by/image/catalog/easyphoto/2437/valik-s-byugelem-rollingdog-230mm-vors-12mm-poliamid-art-60210-1.jpg,,,,,,,,,,,,,,,,,,,,,,,,,,,,,,,,,,,,,,,,"
"Валик с бюгелем Rollingdog 230мм, ворс 19мм, полиамид, арт.60214",Малярный и штукатурный инструмент>Валики малярные>Валики с ручкой,60214,580.82,"https://dlt.by/image/catalog/easyphoto/2438/valik-s-byugelem-rollingdog-230mm-vors-19mm-poliamid-art-60214-4.jpg,https://dlt.by/image/catalog/easyphoto/2438/valik-s-byugelem-rollingdog-230mm-vors-19mm-poliamid-art-60214-11.jpg,https://dlt.by/image/catalog/easyphoto/2438/valik-s-byugelem-rollingdog-230mm-vors-19mm-poliamid-art-60214-9.jpg,https://dlt.by/image/catalog/easyphoto/2438/valik-s-byugelem-rollingdog-230mm-vors-19mm-poliamid-art-60214-10.jpg,https://dlt.by/image/catalog/easyphoto/2438/valik-s-byugelem-rollingdog-230mm-vors-19mm-poliamid-art-60214-6.jpg,https://dlt.by/image/catalog/easyphoto/2438/valik-s-byugelem-rollingdog-100mm-vors-12mm-poliamid-art-60212-1.jpg,https://dlt.by/image/catalog/easyphoto/2438/valik-s-byugelem-rollingdog-100mm-vors-12mm-poliamid-art-60212-2.jpg,https://dlt.by/image/catalog/easyphoto/2438/valik-s-byugelem-rollingdog-100mm-vors-12mm-poliamid-art-60212-3.jpg,,,,,,,,,,,,,,,,,,,,,,,,,,,,,,,,,,,,,,"
"Набор валиков с бюгелем Rollingdog Micro-Max 50мм, ворс 12мм, микрофибра арт.60234",Малярный и штукатурный инструмент>Малярные наборы,60234,601.88,"https://dlt.by/image/catalog/easyphoto/2439/nabor-valikov-s-byugelem-rollingdog-micro-max-50mm-vors-12mm-mikrofibra-art-60234-5.jpg,https://dlt.by/image/catalog/easyphoto/2439/nabor-valikov-s-byugelem-rollingdog-micro-max-50mm-vors-12mm-mikrofibra-art-60234-10.jpg,https://dlt.by/image/catalog/easyphoto/2439/nabor-valikov-s-byugelem-rollingdog-micro-max-50mm-vors-12mm-mikrofibra-art-60234-4.jpg,https://dlt.by/image/catalog/easyphoto/2439/nabor-valikov-s-byugelem-rollingdog-micro-max-50mm-vors-12mm-mikrofibra-art-60234-6.jpg,https://dlt.by/image/catalog/easyphoto/2439/nabor-valikov-s-byugelem-rollingdog-micro-max-50mm-vors-12mm-mikrofibra-art-60234-7.jpg,https://dlt.by/image/catalog/easyphoto/2439/nabor-valikov-s-byugelem-rollingdog-micro-max-50mm-vors-12mm-mikrofibra-art-60234-9.jpg,https://dlt.by/image/catalog/easyphoto/2439/nabor-valikov-s-byugelem-rollingdog-micro-max-50mm-vors-12mm-mikrofibra-art-60234-11.jpg,https://dlt.by/image/catalog/easyphoto/2439/nabor-valikov-s-byugelem-rollingdog-micro-max-50mm-vors-12mm-mikrofibra-art-60234-8.jpg,https://dlt.by/image/catalog/easyphoto/2439/valik-s-byugelem-rollingdog-230mm-vors-19mm-poliamid-art-60214-1.jpg,https://dlt.by/image/catalog/easyphoto/2439/valik-s-byugelem-rollingdog-230mm-vors-19mm-poliamid-art-60214-2.jpg,https://dlt.by/image/catalog/easyphoto/2439/valik-s-byugelem-rollingdog-230mm-vors-19mm-poliamid-art-60214-3.jpg,,,,,,,,,,,,,,,,,,,,,,,,,,,,,,,,,,,"
"Набор валиков с бюгелем Rollingdog HI-SHEEN 100мм, ворс 5мм, велюр, арт.60248",Малярный и штукатурный инструмент>Малярные наборы,60248,451.41,"https://dlt.by/image/catalog/easyphoto/2440/nabor-valikov-s-byugelem-rollingdog-hi-sheen-100mm-vors-5mm-velyur-art-60248-9.jpg,https://dlt.by/image/catalog/easyphoto/2440/nabor-valikov-s-byugelem-rollingdog-hi-sheen-100mm-vors-5mm-velyur-art-60248-10.jpg,https://dlt.by/image/catalog/easyphoto/2440/nabor-valikov-s-byugelem-rollingdog-hi-sheen-100mm-vors-5mm-velyur-art-60248-11.jpg,https://dlt.by/image/catalog/easyphoto/2440/nabor-valikov-s-byugelem-rollingdog-hi-sheen-100mm-vors-5mm-velyur-art-60248-12.jpg,https://dlt.by/image/catalog/easyphoto/2440/nabor-valikov-s-byugelem-rollingdog-hi-sheen-100mm-vors-5mm-velyur-art-60248-13.jpg,https://dlt.by/image/catalog/easyphoto/2440/nabor-valikov-s-byugelem-rollingdog-hi-sheen-100mm-vors-5mm-velyur-art-60248-14.jpg,https://dlt.by/image/catalog/easyphoto/2440/nabor-valikov-s-byugelem-rollingdog-micro-max-50mm-vors-12mm-mikrofibra-art-60234-1.jpg,https://dlt.by/image/catalog/easyphoto/2440/nabor-valikov-s-byugelem-rollingdog-micro-max-50mm-vors-12mm-mikrofibra-art-60234-2.jpg,https://dlt.by/image/catalog/easyphoto/2440/nabor-valikov-s-byugelem-rollingdog-micro-max-50mm-vors-12mm-mikrofibra-art-60234-3.jpg,https://dlt.by/image/catalog/easyphoto/2440/nabor-valikov-s-byugelem-rollingdog-micro-max-50mm-vors-12mm-mikrofibra-art-60234-4.jpg,https://dlt.by/image/catalog/easyphoto/2440/nabor-valikov-s-byugelem-rollingdog-micro-max-50mm-vors-12mm-mikrofibra-art-60234-5.jpg,https://dlt.by/image/catalog/easyphoto/2440/nabor-valikov-s-byugelem-rollingdog-micro-max-50mm-vors-12mm-mikrofibra-art-60234-6.jpg,https://dlt.by/image/catalog/easyphoto/2440/nabor-valikov-s-byugelem-rollingdog-micro-max-50mm-vors-12mm-mikrofibra-art-60234-7.jpg,https://dlt.by/image/catalog/easyphoto/2440/nabor-valikov-s-byugelem-rollingdog-micro-max-50mm-vors-12mm-mikrofibra-art-60234-8.jpg,,,,,,,,,,,,,,,,,,,,,,,,,,,,,,,,"
"Валик с бюгелем Rollingdog SUPER-MICRO 230мм, ворс 19мм, микрофибра, арт.60252",Малярный и штукатурный инструмент>Валики малярные>Валики с ручкой,60252,367.15,"https://dlt.by/image/catalog/easyphoto/2441/valik-s-byugelem-rollingdog-super-micro-230mm-vors-19mm-mikrofibra-seriya-elite-art-60252-3.jpg,https://dlt.by/image/catalog/easyphoto/2441/valik-s-byugelem-rollingdog-super-micro-230mm-vors-19mm-mikrofibra-seriya-elite-art-60252-4.jpg,https://dlt.by/image/catalog/easyphoto/2441/valik-s-byugelem-rollingdog-super-micro-230mm-vors-19mm-mikrofibra-seriya-elite-art-60252-5.jpg,https://dlt.by/image/catalog/easyphoto/2441/valik-s-byugelem-rollingdog-super-micro-230mm-vors-19mm-mikrofibra-seriya-elite-art-60252-6.jpg,https://dlt.by/image/catalog/easyphoto/2441/valik-s-byugelem-rollingdog-super-micro-230mm-vors-19mm-mikrofibra-seriya-elite-art-60252-8.jpg,https://dlt.by/image/catalog/easyphoto/2441/valik-s-byugelem-rollingdog-super-micro-230mm-vors-19mm-mikrofibra-seriya-elite-art-60252-7.jpg,https://dlt.by/image/catalog/easyphoto/2441/nabor-valikov-s-byugelem-rollingdog-hi-sheen-100mm-vors-5mm-velyur-art-60248-1.jpg,https://dlt.by/image/catalog/easyphoto/2441/nabor-valikov-s-byugelem-rollingdog-hi-sheen-100mm-vors-5mm-velyur-art-60248-2.png,,,,,,,,,,,,,,,,,,,,,,,,,,,,,,,,,,,,,,"
"Валик с поворотным бюгелем Rollingdog HI-SHEEN 100мм, ворс 5мм, велюр, арт.60254",Малярный и штукатурный инструмент>Валики малярные>Валики с ручкой,60254,246.77,"https://dlt.by/image/catalog/easyphoto/2442/valik-s-povorotnym-byugelem-rollingdog-hi-sheen-100mm-vors-5mm-velyur-art-60254-13.jpg,https://dlt.by/image/catalog/easyphoto/2442/valik-s-povorotnym-byugelem-rollingdog-hi-sheen-100mm-vors-5mm-velyur-art-60254-10.jpg,https://dlt.by/image/catalog/easyphoto/2442/valik-s-povorotnym-byugelem-rollingdog-hi-sheen-100mm-vors-5mm-velyur-art-60254-11.jpg,https://dlt.by/image/catalog/easyphoto/2442/valik-s-povorotnym-byugelem-rollingdog-hi-sheen-100mm-vors-5mm-velyur-art-60254-12.jpg,https://dlt.by/image/catalog/easyphoto/2442/valik-rollingdog-super-micro-230mm-vors-19mm-mikrofibra-seriya-elite-art-60252-1.jpg,https://dlt.by/image/catalog/easyphoto/2442/valik-rollingdog-super-micro-230mm-vors-19mm-mikrofibra-seriya-elite-art-60252-3.jpg,https://dlt.by/image/catalog/easyphoto/2442/valik-rollingdog-super-micro-230mm-vors-19mm-mikrofibra-seriya-elite-art-60252-4.jpg,https://dlt.by/image/catalog/easyphoto/2442/valik-rollingdog-super-micro-230mm-vors-19mm-mikrofibra-seriya-elite-art-60252-5.jpg,https://dlt.by/image/catalog/easyphoto/2442/valik-rollingdog-super-micro-230mm-vors-19mm-mikrofibra-seriya-elite-art-60252-7.jpg,https://dlt.by/image/catalog/easyphoto/2442/valik-rollingdog-super-micro-230mm-vors-19mm-mikrofibra-seriya-elite-art-60252-6.jpg,https://dlt.by/image/catalog/easyphoto/2442/valik-rollingdog-super-micro-230mm-vors-19mm-mikrofibra-seriya-elite-art-60252-8.jpg,https://dlt.by/image/catalog/easyphoto/2442/valik-rollingdog-super-micro-230mm-vors-19mm-mikrofibra-seriya-elite-art-60252-9.jpg,https://dlt.by/image/catalog/easyphoto/2442/valik-rollingdog-super-micro-230mm-vors-19mm-mikrofibra-seriya-elite-art-60252-2.jpg,,,,,,,,,,,,,,,,,,,,,,,,,,,,,,,,,"
"Валик с бюгелем Rollingdog Super- Micro 230мм, ворс 9.5мм, микрофибра, арт.60256",Малярный и штукатурный инструмент>Валики малярные>Валики с ручкой,60256,391.22,"https://dlt.by/image/catalog/easyphoto/2443/valik-s-byugelem-rollingdog-super-micro-230mm-vors-9-5mm-mikrofibra-art-60256-6.jpg,https://dlt.by/image/catalog/easyphoto/2443/valik-s-byugelem-rollingdog-super-micro-230mm-vors-9-5mm-mikrofibra-art-60256-7.jpg,https://dlt.by/image/catalog/easyphoto/2443/valik-s-byugelem-rollingdog-super-micro-230mm-vors-9-5mm-mikrofibra-art-60256-8.jpg,https://dlt.by/image/catalog/easyphoto/2443/valik-s-byugelem-rollingdog-super-micro-230mm-vors-9-5mm-mikrofibra-art-60256-9.jpg,https://dlt.by/image/catalog/easyphoto/2443/valik-s-byugelem-rollingdog-super-micro-230mm-vors-9-5mm-mikrofibra-art-60256-10.jpg,https://dlt.by/image/catalog/easyphoto/2443/valik-s-byugelem-rollingdog-super-micro-230mm-vors-9-5mm-mikrofibra-art-60256-11.jpg,https://dlt.by/image/catalog/easyphoto/2443/valik-s-povorotnym-byugelem-rollingdog-hi-sheen-100mm-vors-5mm-velyur-art-60254-1.jpg,https://dlt.by/image/catalog/easyphoto/2443/valik-s-povorotnym-byugelem-rollingdog-hi-sheen-100mm-vors-5mm-velyur-art-60254-2.jpg,https://dlt.by/image/catalog/easyphoto/2443/valik-s-povorotnym-byugelem-rollingdog-hi-sheen-100mm-vors-5mm-velyur-art-60254-3.jpg,https://dlt.by/image/catalog/easyphoto/2443/valik-s-povorotnym-byugelem-rollingdog-hi-sheen-100mm-vors-5mm-velyur-art-60254-4.jpg,https://dlt.by/image/catalog/easyphoto/2443/valik-s-povorotnym-byugelem-rollingdog-hi-sheen-100mm-vors-5mm-velyur-art-60254-5.jpg,,,,,,,,,,,,,,,,,,,,,,,,,,,,,,,,,,,"
"Валик с бюгелем Rollingdog Super- Micro 180мм, ворс 9.5мм, микрофибра, арт.60257",Малярный и штукатурный инструмент>Валики малярные>Валики с ручкой,60257,358.12,"https://dlt.by/image/catalog/easyphoto/2444/valik-s-byugelem-rollingdog-super-micro-180mm-vors-9-5mm-mikrofibra-art-60257-5.jpg,https://dlt.by/image/catalog/easyphoto/2444/valik-s-byugelem-rollingdog-super-micro-180mm-vors-9-5mm-mikrofibra-art-60257-6.jpg,https://dlt.by/image/catalog/easyphoto/2444/valik-s-byugelem-rollingdog-super-micro-180mm-vors-9-5mm-mikrofibra-art-60257-7.jpg,https://dlt.by/image/catalog/easyphoto/2444/valik-s-byugelem-rollingdog-super-micro-180mm-vors-9-5mm-mikrofibra-art-60257-8.jpg,https://dlt.by/image/catalog/easyphoto/2444/valik-s-byugelem-rollingdog-super-micro-180mm-vors-9-5mm-mikrofibra-art-60257-9.jpg,https://dlt.by/image/catalog/easyphoto/2444/valik-s-byugelem-rollingdog-super-micro-180mm-vors-9-5mm-mikrofibra-art-60257-10.jpg,https://dlt.by/image/catalog/easyphoto/2444/valik-s-byugelem-rollingdog-super-micro-230mm-vors-9-5mm-mikrofibra-art-60256-1.jpg,https://dlt.by/image/catalog/easyphoto/2444/valik-s-byugelem-rollingdog-super-micro-230mm-vors-9-5mm-mikrofibra-art-60256-4.png,https://dlt.by/image/catalog/easyphoto/2444/valik-s-byugelem-rollingdog-super-micro-230mm-vors-9-5mm-mikrofibra-art-60256-3.jpg,https://dlt.by/image/catalog/easyphoto/2444/valik-s-byugelem-rollingdog-super-micro-230mm-vors-9-5mm-mikrofibra-art-60256-2.jpg,,,,,,,,,,,,,,,,,,,,,,,,,,,,,,,,,,,,"
"Набор валиков с бюгелем Rollingdog 180мм, ворс 12мм, полиэстер/полиамид, серия Professional, арт.60263",Малярный и штукатурный инструмент>Малярные наборы,60263,932.92,"https://dlt.by/image/catalog/easyphoto/2445/nabor-valikov-s-byugelem-rollingdog-180mm-vors-12mm-poliester-poliamid-seriya-professional-art-60263-10.jpg,https://dlt.by/image/catalog/easyphoto/2445/nabor-valikov-s-byugelem-rollingdog-180mm-vors-12mm-poliester-poliamid-seriya-professional-art-60263-11.jpg,https://dlt.by/image/catalog/easyphoto/2445/nabor-valikov-s-byugelem-rollingdog-180mm-vors-12mm-poliester-poliamid-seriya-professional-art-60263-12.jpg,https://dlt.by/image/catalog/easyphoto/2445/nabor-valikov-s-byugelem-rollingdog-180mm-vors-12mm-poliester-poliamid-seriya-professional-art-60263-13.jpg,https://dlt.by/image/catalog/easyphoto/2445/nabor-valikov-s-byugelem-rollingdog-180mm-vors-12mm-poliester-poliamid-seriya-professional-art-60263-14.jpg,https://dlt.by/image/catalog/easyphoto/2445/nabor-valikov-s-byugelem-rollingdog-180mm-vors-12mm-poliester-poliamid-seriya-professional-art-60263-15.jpg,https://dlt.by/image/catalog/easyphoto/2445/valik-s-byugelem-rollingdog-super-micro-180mm-vors-9-5mm-mikrofibra-art-60257-1.jpg,https://dlt.by/image/catalog/easyphoto/2445/valik-s-byugelem-rollingdog-super-micro-180mm-vors-9-5mm-mikrofibra-art-60257-2.jpg,https://dlt.by/image/catalog/easyphoto/2445/valik-s-byugelem-rollingdog-super-micro-180mm-vors-9-5mm-mikrofibra-art-60257-3.jpg,https://dlt.by/image/catalog/easyphoto/2445/valik-s-byugelem-rollingdog-super-micro-180mm-vors-9-5mm-mikrofibra-art-60257-4.jpg,https://dlt.by/image/catalog/easyphoto/2445/valik-s-byugelem-rollingdog-super-micro-180mm-vors-9-5mm-mikrofibra-art-60257-5.jpg,https://dlt.by/image/catalog/easyphoto/2445/valik-s-byugelem-rollingdog-super-micro-180mm-vors-9-5mm-mikrofibra-art-60257-6.jpg,https://dlt.by/image/catalog/easyphoto/2445/valik-s-byugelem-rollingdog-super-micro-180mm-vors-9-5mm-mikrofibra-art-60257-7.jpg,https://dlt.by/image/catalog/easyphoto/2445/valik-s-byugelem-rollingdog-super-micro-180mm-vors-9-5mm-mikrofibra-art-60257-8.jpg,https://dlt.by/image/catalog/easyphoto/2445/valik-s-byugelem-rollingdog-super-micro-180mm-vors-9-5mm-mikrofibra-art-60257-9.jpg,,,,,,,,,,,,,,,,,,,,,,,,,,,,,,,"
"Набор валиков с бюгелем Rollingdog 100мм, ворс 12мм, полиэстер/полиамид, арт.60264",Малярный и штукатурный инструмент>Малярные наборы,60264,631.98,"https://dlt.by/image/catalog/easyphoto/2446/nabor-valikov-s-byugelem-rollingdog-100mm-vors-12mm-poliester-poliamid-art-60264-8.jpg,https://dlt.by/image/catalog/easyphoto/2446/nabor-valikov-s-byugelem-rollingdog-100mm-vors-12mm-poliester-poliamid-art-60264-9.jpg,https://dlt.by/image/catalog/easyphoto/2446/nabor-valikov-s-byugelem-rollingdog-100mm-vors-12mm-poliester-poliamid-art-60264-10.jpg,https://dlt.by/image/catalog/easyphoto/2446/nabor-valikov-s-byugelem-rollingdog-100mm-vors-12mm-poliester-poliamid-art-60264-11.jpg,https://dlt.by/image/catalog/easyphoto/2446/nabor-valikov-s-byugelem-rollingdog-100mm-vors-12mm-poliester-poliamid-art-60264-12.jpg,https://dlt.by/image/catalog/easyphoto/2446/nabor-valikov-s-byugelem-rollingdog-100mm-vors-12mm-poliester-poliamid-art-60264-13.jpg,https://dlt.by/image/catalog/easyphoto/2446/nabor-valikov-s-byugelem-rollingdog-180mm-vors-12mm-poliester-poliamid-seriya-professional-art-60263-1.jpg,https://dlt.by/image/catalog/easyphoto/2446/nabor-valikov-s-byugelem-rollingdog-180mm-vors-12mm-poliester-poliamid-seriya-professional-art-60263-3.jpg,https://dlt.by/image/catalog/easyphoto/2446/nabor-valikov-s-byugelem-rollingdog-180mm-vors-12mm-poliester-poliamid-seriya-professional-art-60263-4.jpg,https://dlt.by/image/catalog/easyphoto/2446/nabor-valikov-s-byugelem-rollingdog-180mm-vors-12mm-poliester-poliamid-seriya-professional-art-60263-5.jpg,https://dlt.by/image/catalog/easyphoto/2446/nabor-valikov-s-byugelem-rollingdog-180mm-vors-12mm-poliester-poliamid-seriya-professional-art-60263-6.jpg,https://dlt.by/image/catalog/easyphoto/2446/nabor-valikov-s-byugelem-rollingdog-180mm-vors-12mm-poliester-poliamid-seriya-professional-art-60263-7.jpg,https://dlt.by/image/catalog/easyphoto/2446/nabor-valikov-s-byugelem-rollingdog-180mm-vors-12mm-poliester-poliamid-seriya-professional-art-60263-2.jpg,,,,,,,,,,,,,,,,,,,,,,,,,,,,,,,,,"
"Набор валиков с бюгелем Rollingdog 50мм, ворс 12мм, полиэстер/полиамид, арт.60265",Малярный и штукатурный инструмент>Малярные наборы,60265,541.70,"https://dlt.by/image/catalog/easyphoto/2447/nabor-valikov-s-byugelem-rollingdog-50mm-vors-12mm-poliester-poliamid-art-60265-9.jpg,https://dlt.by/image/catalog/easyphoto/2447/nabor-valikov-s-byugelem-rollingdog-50mm-vors-12mm-poliester-poliamid-art-60265-10.jpg,https://dlt.by/image/catalog/easyphoto/2447/nabor-valikov-s-byugelem-rollingdog-50mm-vors-12mm-poliester-poliamid-art-60265-11.jpg,https://dlt.by/image/catalog/easyphoto/2447/nabor-valikov-s-byugelem-rollingdog-50mm-vors-12mm-poliester-poliamid-art-60265-12.jpg,https://dlt.by/image/catalog/easyphoto/2447/nabor-valikov-s-byugelem-rollingdog-50mm-vors-12mm-poliester-poliamid-art-60265-13.jpg,https://dlt.by/image/catalog/easyphoto/2447/nabor-valikov-s-byugelem-rollingdog-50mm-vors-12mm-poliester-poliamid-art-60265-14.jpg,https://dlt.by/image/catalog/easyphoto/2447/nabor-valikov-s-byugelem-rollingdog-50mm-vors-12mm-poliester-poliamid-art-60265-15.jpg,https://dlt.by/image/catalog/easyphoto/2447/nabor-valikov-s-byugelem-rollingdog-50mm-vors-12mm-poliester-poliamid-art-60265-16.jpg,,,,,,,,,,,,,,,,,,,,,,,,,,,,,,,,,,,,,,"
"Набор валиков с бюгелем Rollingdog 100мм, ворс 12мм, полиэстер, арт.60270",Малярный и штукатурный инструмент>Малярные наборы,60270,391.22,"https://dlt.by/image/catalog/easyphoto/2448/nabor-valikov-s-byugelem-rollingdog-100mm-vors-12mm-poliester-art-60270-7.jpg,https://dlt.by/image/catalog/easyphoto/2448/nabor-valikov-s-byugelem-rollingdog-100mm-vors-12mm-poliester-art-60270-4.jpg,https://dlt.by/image/catalog/easyphoto/2448/nabor-valikov-s-byugelem-rollingdog-100mm-vors-12mm-poliester-art-60270-5.jpg,https://dlt.by/image/catalog/easyphoto/2448/nabor-valikov-s-byugelem-rollingdog-100mm-vors-12mm-poliester-art-60270-6.jpg,https://dlt.by/image/catalog/easyphoto/2448/nabor-valikov-s-byugelem-rollingdog-100mm-vors-12mm-poliester-art-60270-8.jpg,https://dlt.by/image/catalog/easyphoto/2448/nabor-valikov-s-byugelem-rollingdog-100mm-vors-12mm-poliester-art-60270-9.jpg,https://dlt.by/image/catalog/easyphoto/2448/nabor-valikov-s-byugelem-rollingdog-50mm-vors-12mm-poliester-poliamid-art-60265-1.jpg,https://dlt.by/image/catalog/easyphoto/2448/nabor-valikov-s-byugelem-rollingdog-50mm-vors-12mm-poliester-poliamid-art-60265-2.jpg,https://dlt.by/image/catalog/easyphoto/2448/nabor-valikov-s-byugelem-rollingdog-50mm-vors-12mm-poliester-poliamid-art-60265-3.jpg,,,,,,,,,,,,,,,,,,,,,,,,,,,,,,,,,,,,,"
"Строительный миксер BIHUI, 1200W, арт.MME1200",Миксер строительный/дрель-миксер,MME1200,14 144.29,"https://dlt.by/image/catalog/easyphoto/2449/stroitelnyy-mikser-bihui-1200w-art-mme1200-2.jpg,https://dlt.by/image/catalog/easyphoto/2449/stroitelnyy-mikser-bihui-1200w-art-mme1200-3.jpg,https://dlt.by/image/catalog/easyphoto/2449/stroitelnyy-mikser-bihui-1200w-art-mme1200-4.jpg,https://dlt.by/image/catalog/easyphoto/2449/stroitelnyy-mikser-bihui-1200w-art-mme1200-5.jpg,https://dlt.by/image/catalog/easyphoto/2449/stroitelnyy-mikser-bihui-1200w-art-mme1200-6.jpg,https://dlt.by/image/catalog/easyphoto/2449/stroitelnyy-mikser-bihui-1200w-art-mme1200-7.jpg,https://dlt.by/image/catalog/easyphoto/2449/stroitelnyy-mikser-bihui-1200w-art-mme1200-8.jpg,https://dlt.by/image/catalog/easyphoto/2449/stroitelnyy-mikser-bihui-1200w-art-mme1200-9.jpg,https://dlt.by/image/catalog/easyphoto/2449/stroitelnyy-mikser-bihui-1200w-art-mme1200-10.jpg,https://dlt.by/image/catalog/easyphoto/2449/stroitelnyy-mikser-bihui-1200w-art-mme1200-11.jpg,,,,,,,,,,,,,,,,,,,,,,,,,,,,,,,,,,,,"
"Набор валиков с бюгелем Rollingdog 180мм, ворс 12мм, полиэстер, арт.60272",Малярный и штукатурный инструмент>Малярные наборы,60272,511.60,"https://dlt.by/image/catalog/easyphoto/2450/nabor-valikov-s-bugelem-rollingdog-180mm-vors-12mm-poliester-art-60272-3.jpg,https://dlt.by/image/catalog/easyphoto/2450/nabor-valikov-s-bugelem-rollingdog-180mm-vors-12mm-poliester-art-60272-4.jpg,https://dlt.by/image/catalog/easyphoto/2450/nabor-valikov-s-bugelem-rollingdog-180mm-vors-12mm-poliester-art-60272-5.jpg,https://dlt.by/image/catalog/easyphoto/2450/nabor-valikov-s-bugelem-rollingdog-180mm-vors-12mm-poliester-art-60272-6.jpg,https://dlt.by/image/catalog/easyphoto/2450/nabor-valikov-s-byugelem-rollingdog-100mm-vors-12mm-poliester-art-60270-1.jpg,https://dlt.by/image/catalog/easyphoto/2450/nabor-valikov-s-byugelem-rollingdog-100mm-vors-12mm-poliester-art-60270-2.jpg,,,,,,,,,,,,,,,,,,,,,,,,,,,,,,,,,,,,,,,,"
"Набор валиков с бюгелем Rollingdog SUPER - EDGE 50мм, поролон, арт.60298",Малярный и штукатурный инструмент>Малярные наборы,60298,451.41,"https://dlt.by/image/catalog/easyphoto/2451/nabor-valikov-s-byugelem-rollingdog-super-edge-50mm-porolon-art-60298-4.jpg,https://dlt.by/image/catalog/easyphoto/2451/nabor-valikov-s-byugelem-rollingdog-super-edge-50mm-porolon-art-60298-10.jpg,https://dlt.by/image/catalog/easyphoto/2451/nabor-valikov-s-byugelem-rollingdog-super-edge-50mm-porolon-art-60298-5.jpg,https://dlt.by/image/catalog/easyphoto/2451/nabor-valikov-s-byugelem-rollingdog-super-edge-50mm-porolon-art-60298-6.jpg,https://dlt.by/image/catalog/easyphoto/2451/nabor-valikov-s-byugelem-rollingdog-super-edge-50mm-porolon-art-60298-8.jpg,https://dlt.by/image/catalog/easyphoto/2451/nabor-valikov-s-byugelem-rollingdog-super-edge-50mm-porolon-art-60298-9.jpg,https://dlt.by/image/catalog/easyphoto/2451/nabor-valikov-s-byugelem-rollingdog-super-edge-50mm-porolon-art-60298-7.jpg,https://dlt.by/image/catalog/easyphoto/2451/nabor-valikov-s-bugelem-rollingdog-178mm-vors-12mm-poliester-art-60272-1.jpg,https://dlt.by/image/catalog/easyphoto/2451/nabor-valikov-s-bugelem-rollingdog-178mm-vors-12mm-poliester-art-60272-2.png,https://dlt.by/image/catalog/easyphoto/2451/nabor-valikov-s-bugelem-rollingdog-178mm-vors-12mm-poliester-art-60272-3.png,,,,,,,,,,,,,,,,,,,,,,,,,,,,,,,,,,,,"
"Пистолет для герметика BIHUI, арт.TCG310",Малярный и штукатурный инструмент>Пистолеты монтажные,TCG310,3 791.87,"https://dlt.by/image/catalog/easyphoto/2452/pistolet-dlya-germetika-dlt-art-63900-4.jpg,https://dlt.by/image/catalog/easyphoto/2452/pistolet-dlya-germetika-dlt-art-63900-1.jpg,https://dlt.by/image/catalog/easyphoto/2452/pistolet-dlya-germetika-dlt-art-63900-2.jpg,https://dlt.by/image/catalog/easyphoto/2452/pistolet-dlya-germetika-dlt-art-63900-3.jpg,https://dlt.by/image/catalog/easyphoto/2452/pistolet-dlya-germetika-dlt-art-63900-5.jpg,,,,,,,,,,,,,,,,,,,,,,,,,,,,,,,,,,,,,,,,,"
"Плиткорез электрический DLT OptiTronic Auto-1600, рез до 1600мм, с АВТОМАТИКОЙ , арт.1769",Плиткорезы электрические (камнерезы/мокрорезы)>Плиткорезы DLT,1769,116 765.60,"https://dlt.by/image/catalog/easyphoto/2456/plitkorez-elektricheskiy-dlt-optitronic-auto-1600-rez-do-1600mm-s-avtomatikoy-shijing-9261-1.jpg,https://dlt.by/image/catalog/easyphoto/2456/plitkorez-elektricheskiy-dlt-optitronic-auto-1600-rez-do-1600mm-s-avtomatikoy-4.jpg,https://dlt.by/image/catalog/easyphoto/2456/plitkorez-elektricheskiy-dlt-optitronic-auto-1600-rez-do-1600mm-s-avtomatikoy-27.png,https://dlt.by/image/catalog/easyphoto/2456/plitkorez-elektricheskiy-dlt-optitronic-auto-1600-rez-do-1600mm-s-avtomatikoy-28.png,https://dlt.by/image/catalog/easyphoto/2456/plitkorez-elektricheskiy-dlt-optitronic-auto-1600-rez-do-1600mm-s-avtomatikoy-29.jpg,https://dlt.by/image/catalog/easyphoto/2456/plitkorez-elektricheskiy-dlt-optitronic-auto-1600-rez-do-1600mm-s-avtomatikoy-30.jpg,https://dlt.by/image/catalog/easyphoto/2456/plitkorez-elektricheskiy-dlt-optitronic-auto-1600-rez-do-1600mm-s-avtomatikoy-31.jpg,https://dlt.by/image/catalog/easyphoto/2456/plitkorez-elektricheskiy-dlt-optitronic-auto-1600-rez-do-1600mm-s-avtomatikoy-5.jpg,https://dlt.by/image/catalog/easyphoto/2456/plitkorez-elektricheskiy-dlt-optitronic-auto-1600-rez-do-1600mm-s-avtomatikoy-6.jpg,https://dlt.by/image/catalog/easyphoto/2456/plitkorez-elektricheskiy-dlt-optitronic-auto-1600-rez-do-1600mm-s-avtomatikoy-33.jpg,https://dlt.by/image/catalog/easyphoto/2456/plitkorez-elektricheskiy-dlt-optitronic-auto-1600-rez-do-1600mm-s-avtomatikoy-34.jpg,https://dlt.by/image/catalog/easyphoto/2456/plitkorez-elektricheskiy-dlt-optitronic-auto-1600-rez-do-1600mm-s-avtomatikoy-32.jpg,https://dlt.by/image/catalog/easyphoto/2456/plitkorez-elektricheskiy-dlt-optitronic-auto-1600-rez-do-1600mm-s-avtomatikoy-35.jpg,https://dlt.by/image/catalog/easyphoto/2456/plitkorez-elektricheskiy-dlt-optitronic-auto-1600-rez-do-1600mm-s-avtomatikoy-7.png,https://dlt.by/image/catalog/easyphoto/2456/plitkorez-elektricheskiy-dlt-optitronic-auto-1600-rez-do-1600mm-s-avtomatikoy-8.png,https://dlt.by/image/catalog/easyphoto/2456/plitkorez-elektricheskiy-dlt-optitronic-auto-1600-rez-do-1600mm-s-avtomatikoy-9.png,https://dlt.by/image/catalog/easyphoto/2456/plitkorez-elektricheskiy-dlt-optitronic-auto-1600-rez-do-1600mm-s-avtomatikoy-10.png,https://dlt.by/image/catalog/easyphoto/2456/plitkorez-elektricheskiy-dlt-optitronic-auto-1600-rez-do-1600mm-s-avtomatikoy-38.jpg,https://dlt.by/image/catalog/easyphoto/2456/plitkorez-elektricheskiy-dlt-optitronic-auto-1600-rez-do-1600mm-s-avtomatikoy-37.jpg,https://dlt.by/image/catalog/easyphoto/2456/plitkorez-elektricheskiy-dlt-optitronic-auto-1600-rez-do-1600mm-s-avtomatikoy-36.jpg,https://dlt.by/image/catalog/easyphoto/2456/plitkorez-elektricheskiy-dlt-optitronic-auto-1600-rez-do-1600mm-s-avtomatikoy-11.jpg,https://dlt.by/image/catalog/easyphoto/2456/plitkorez-elektricheskiy-dlt-optitronic-auto-1600-rez-do-1600mm-s-avtomatikoy-12.jpg,https://dlt.by/image/catalog/easyphoto/2456/plitkorez-elektricheskiy-dlt-optitronic-auto-1600-rez-do-1600mm-s-avtomatikoy-13.jpg,https://dlt.by/image/catalog/easyphoto/2456/plitkorez-elektricheskiy-dlt-optitronic-auto-1600-rez-do-1600mm-s-avtomatikoy-14.jpg,https://dlt.by/image/catalog/easyphoto/2456/plitkorez-elektricheskiy-dlt-optitronic-auto-1600-rez-do-1600mm-s-avtomatikoy-15.jpg,https://dlt.by/image/catalog/easyphoto/2456/plitkorez-elektricheskiy-dlt-optitronic-auto-1600-rez-do-1600mm-s-avtomatikoy-16.jpg,https://dlt.by/image/catalog/easyphoto/2456/plitkorez-elektricheskiy-dlt-optitronic-auto-1600-rez-do-1600mm-s-avtomatikoy-2.jpg,https://dlt.by/image/catalog/easyphoto/2456/plitkorez-elektricheskiy-dlt-optitronic-auto-1600-rez-do-1600mm-s-avtomatikoy-17.png,https://dlt.by/image/catalog/easyphoto/2456/plitkorez-elektricheskiy-dlt-optitronic-auto-1600-rez-do-1600mm-s-avtomatikoy-3.jpg,https://dlt.by/image/catalog/easyphoto/2456/plitkorez-elektricheskiy-dlt-optitronic-auto-1600-rez-do-1600mm-s-avtomatikoy-18.jpg,https://dlt.by/image/catalog/easyphoto/2456/plitkorez-elektricheskiy-dlt-optitronic-auto-1600-rez-do-1600mm-s-avtomatikoy-19.png,https://dlt.by/image/catalog/easyphoto/2456/plitkorez-elektricheskiy-dlt-optitronic-auto-1600-rez-do-1600mm-s-avtomatikoy-20.png,https://dlt.by/image/catalog/easyphoto/2456/plitkorez-elektricheskiy-dlt-optitronic-auto-1600-rez-do-1600mm-s-avtomatikoy-21.png,https://dlt.by/image/catalog/easyphoto/2456/plitkorez-elektricheskiy-dlt-optitronic-auto-1600-rez-do-1600mm-s-avtomatikoy-22.png,https://dlt.by/image/catalog/easyphoto/2456/plitkorez-elektricheskiy-dlt-optitronic-auto-1600-rez-do-1600mm-s-avtomatikoy-23.png,https://dlt.by/image/catalog/easyphoto/2456/plitkorez-elektricheskiy-dlt-optitronic-auto-1600-rez-do-1600mm-s-avtomatikoy-24.png,https://dlt.by/image/catalog/easyphoto/2456/plitkorez-elektricheskiy-dlt-optitronic-auto-1600-rez-do-1600mm-s-avtomatikoy-25.png,https://dlt.by/image/catalog/easyphoto/2456/plitkorez-elektricheskiy-dlt-optitronic-auto-1600-rez-do-1600mm-s-avtomatikoy-26.png,,,,,,,,"
"Набор малярный Rollingdog SUPER-MICRO (8 предметов), серия Professional, арт.70141",Малярный и штукатурный инструмент>Малярные наборы,70141,1 324.15,"https://dlt.by/image/catalog/easyphoto/2459/nabor-malyarnyy-rollingdog-super-micro-8-predmetov-seriya-professional-art-70141-7.jpg,https://dlt.by/image/catalog/easyphoto/2459/nabor-malyarnyy-rollingdog-super-micro-8-predmetov-seriya-professional-art-70141-15.jpg,https://dlt.by/image/catalog/easyphoto/2459/nabor-malyarnyy-rollingdog-super-micro-8-predmetov-seriya-professional-art-70141-6.jpg,https://dlt.by/image/catalog/easyphoto/2459/nabor-malyarnyy-rollingdog-super-micro-8-predmetov-seriya-professional-art-70141-8.jpg,https://dlt.by/image/catalog/easyphoto/2459/nabor-malyarnyy-rollingdog-super-micro-8-predmetov-seriya-professional-art-70141-9.jpg,https://dlt.by/image/catalog/easyphoto/2459/nabor-malyarnyy-rollingdog-super-micro-8-predmetov-seriya-professional-art-70141-10.jpg,https://dlt.by/image/catalog/easyphoto/2459/nabor-malyarnyy-rollingdog-super-micro-8-predmetov-seriya-professional-art-70141-14.jpg,https://dlt.by/image/catalog/easyphoto/2459/nabor-malyarnyy-rollingdog-super-micro-8-predmetov-seriya-professional-art-70141-11.jpg,https://dlt.by/image/catalog/easyphoto/2459/nabor-malyarnyy-rollingdog-super-micro-8-predmetov-seriya-professional-art-70141-12.jpg,https://dlt.by/image/catalog/easyphoto/2459/nabor-malyarnyy-rollingdog-super-micro-8-predmetov-seriya-professional-art-70141-13.jpg,https://dlt.by/image/catalog/easyphoto/2459/byugel-s-teleskopicheskoy-ruchkoy-rollingdog-230mm-seriya-elite-art-70137-1.jpg,https://dlt.by/image/catalog/easyphoto/2459/nabor-malyarnyy-rollingdog-super-micro-8-predmetov-seriya-professional-art-70141-3.jpg,https://dlt.by/image/catalog/easyphoto/2459/nabor-malyarnyy-rollingdog-super-micro-8-predmetov-seriya-professional-art-70141-4.jpg,https://dlt.by/image/catalog/easyphoto/2459/nabor-malyarnyy-rollingdog-super-micro-8-predmetov-seriya-professional-art-70141-5.jpg,,,,,,,,,,,,,,,,,,,,,,,,,,,,,,,,"
"Набор малярный Rollingdog (6 предметов), серия Professional, арт.70181",Малярный и штукатурный инструмент>Малярные наборы,70181,481.51,"https://dlt.by/image/catalog/easyphoto/2460/nabor-malyarnyy-rollingdog-6-predmetov-seriya-professional-art-70181-8.jpg,https://dlt.by/image/catalog/easyphoto/2460/nabor-malyarnyy-rollingdog-6-predmetov-seriya-professional-art-70181-12.jpg,https://dlt.by/image/catalog/easyphoto/2460/nabor-malyarnyy-rollingdog-6-predmetov-seriya-professional-art-70181-9.jpg,https://dlt.by/image/catalog/easyphoto/2460/nabor-malyarnyy-rollingdog-6-predmetov-seriya-professional-art-70181-10.jpg,https://dlt.by/image/catalog/easyphoto/2460/nabor-malyarnyy-rollingdog-6-predmetov-seriya-professional-art-70181-11.jpg,https://dlt.by/image/catalog/easyphoto/2460/nabor-malyarnyy-rollingdog-6-predmetov-seriya-professional-art-70181-13.jpg,https://dlt.by/image/catalog/easyphoto/2460/nabor-malyarnyy-rollingdog-6-predmetov-seriya-professional-art-70181-14.jpg,,,,,,,,,,,,,,,,,,,,,,,,,,,,,,,,,,,,,,,"
"Набор малярный Rollingdog SUPER-MICRO (15 предметов), серия Professional, арт.70187",Малярный и штукатурный инструмент>Малярные наборы,70187,2 257.07,"https://dlt.by/image/catalog/easyphoto/2461/nabor-malyarnyy-rollingdog-super-micro-15-predmetov-seriya-professional-art-70187-5.jpg,https://dlt.by/image/catalog/easyphoto/2461/nabor-malyarnyy-rollingdog-super-micro-15-predmetov-seriya-professional-art-70187-6.jpg,https://dlt.by/image/catalog/easyphoto/2461/nabor-malyarnyy-rollingdog-super-micro-15-predmetov-seriya-professional-art-70187-7.jpg,https://dlt.by/image/catalog/easyphoto/2461/nabor-malyarnyy-rollingdog-super-micro-15-predmetov-seriya-professional-art-70187-8.jpg,https://dlt.by/image/catalog/easyphoto/2461/nabor-malyarnyy-rollingdog-super-micro-15-predmetov-seriya-professional-art-70187-9.jpg,https://dlt.by/image/catalog/easyphoto/2461/nabor-malyarnyy-rollingdog-super-micro-15-predmetov-seriya-professional-art-70187-10.jpg,https://dlt.by/image/catalog/easyphoto/2461/nabor-malyarnyy-rollingdog-super-micro-15-predmetov-seriya-professional-art-70187-11.jpg,https://dlt.by/image/catalog/easyphoto/2461/nabor-malyarnyy-rollingdog-super-micro-15-predmetov-seriya-professional-art-70187-12.jpg,https://dlt.by/image/catalog/easyphoto/2461/nabor-malyarnyy-rollingdog-super-micro-15-predmetov-seriya-professional-art-70187-13.jpg,https://dlt.by/image/catalog/easyphoto/2461/nabor-malyarnyy-rollingdog-super-micro-15-predmetov-seriya-professional-art-70187-14.jpg,https://dlt.by/image/catalog/easyphoto/2461/nabor-malyarnyy-rollingdog-super-micro-15-predmetov-seriya-professional-art-70187-15.jpg,https://dlt.by/image/catalog/easyphoto/2461/nabor-malyarnyy-rollingdog-super-micro-15-predmetov-seriya-professional-art-70187-16.jpg,,,,,,,,,,,,,,,,,,,,,,,,,,,,,,,,,,"
"Набор малярный Rollingdog QUICKFIRE (4 предмета), серия Professional, арт.70206",Малярный и штукатурный инструмент>Малярные наборы,70206,782.45,"https://dlt.by/image/catalog/easyphoto/2462/nabor-malyarnyy-rollingdog-quickfire-4-predmeta-seriya-professional-art-70206-8.jpg,https://dlt.by/image/catalog/easyphoto/2462/nabor-malyarnyy-rollingdog-quickfire-4-predmeta-seriya-professional-art-70206-9.jpg,https://dlt.by/image/catalog/easyphoto/2462/nabor-malyarnyy-rollingdog-quickfire-4-predmeta-seriya-professional-art-70206-10.jpg,https://dlt.by/image/catalog/easyphoto/2462/nabor-malyarnyy-rollingdog-quickfire-4-predmeta-seriya-professional-art-70206-11.jpg,https://dlt.by/image/catalog/easyphoto/2462/nabor-malyarnyy-rollingdog-quickfire-4-predmeta-seriya-professional-art-70206-12.jpg,https://dlt.by/image/catalog/easyphoto/2462/nabor-malyarnyy-rollingdog-quickfire-4-predmeta-seriya-professional-art-70206-13.jpg,https://dlt.by/image/catalog/easyphoto/2462/nabor-malyarnyy-rollingdog-quickfire-4-predmeta-seriya-professional-art-70206-14.jpg,https://dlt.by/image/catalog/easyphoto/2462/nabor-malyarnyy-rollingdog-quickfire-4-predmeta-seriya-professional-art-70206-15.jpg,https://dlt.by/image/catalog/easyphoto/2462/nabor-malyarnyy-rollingdog-super-micro-15-predmetov-seriya-professional-art-70187-1.jpg,https://dlt.by/image/catalog/easyphoto/2462/nabor-malyarnyy-rollingdog-super-micro-15-predmetov-seriya-professional-art-70187-2.jpg,https://dlt.by/image/catalog/easyphoto/2462/nabor-malyarnyy-rollingdog-super-micro-15-predmetov-seriya-professional-art-70187-3.jpg,https://dlt.by/image/catalog/easyphoto/2462/nabor-malyarnyy-rollingdog-super-micro-15-predmetov-seriya-professional-art-70187-4.jpg,https://dlt.by/image/catalog/easyphoto/2462/nabor-malyarnyy-rollingdog-super-micro-15-predmetov-seriya-professional-art-70187-5.jpg,https://dlt.by/image/catalog/easyphoto/2462/nabor-malyarnyy-rollingdog-super-micro-15-predmetov-seriya-professional-art-70187-6.jpg,https://dlt.by/image/catalog/easyphoto/2462/nabor-malyarnyy-rollingdog-super-micro-15-predmetov-seriya-professional-art-70187-7.jpg,,,,,,,,,,,,,,,,,,,,,,,,,,,,,,,"
"Набор малярный Rollingdog PAINTER- PRO (16 предметов), серия Professional, арт.70211",Малярный и штукатурный инструмент>Малярные наборы,70211,3 400.65,"https://dlt.by/image/catalog/easyphoto/2463/nabor-malyarnyy-rollingdog-painter-pro-16-predmetov-seriya-professional-art-70211-8.jpg,https://dlt.by/image/catalog/easyphoto/2463/nabor-malyarnyy-rollingdog-painter-pro-16-predmetov-seriya-professional-art-70211-7.jpg,https://dlt.by/image/catalog/easyphoto/2463/nabor-malyarnyy-rollingdog-painter-pro-16-predmetov-seriya-professional-art-70211-10.jpg,https://dlt.by/image/catalog/easyphoto/2463/nabor-malyarnyy-rollingdog-painter-pro-16-predmetov-seriya-professional-art-70211-9.jpg,https://dlt.by/image/catalog/easyphoto/2463/nabor-malyarnyy-rollingdog-painter-pro-16-predmetov-seriya-professional-art-70211-13.jpg,https://dlt.by/image/catalog/easyphoto/2463/nabor-malyarnyy-rollingdog-painter-pro-16-predmetov-seriya-professional-art-70211-11.jpg,https://dlt.by/image/catalog/easyphoto/2463/nabor-malyarnyy-rollingdog-painter-pro-16-predmetov-seriya-professional-art-70211-12.jpg,https://dlt.by/image/catalog/easyphoto/2463/nabor-malyarnyy-rollingdog-painter-pro-16-predmetov-seriya-professional-art-70211-14.jpg,https://dlt.by/image/catalog/easyphoto/2463/nabor-malyarnyy-rollingdog-painter-pro-16-predmetov-seriya-professional-art-70211-15.jpg,https://dlt.by/image/catalog/easyphoto/2463/nabor-malyarnyy-rollingdog-painter-pro-16-predmetov-seriya-professional-art-70211-18.jpg,https://dlt.by/image/catalog/easyphoto/2463/nabor-malyarnyy-rollingdog-painter-pro-16-predmetov-seriya-professional-art-70211-16.jpg,https://dlt.by/image/catalog/easyphoto/2463/nabor-malyarnyy-rollingdog-painter-pro-16-predmetov-seriya-professional-art-70211-17.jpg,https://dlt.by/image/catalog/easyphoto/2463/nabor-malyarnyy-rollingdog-painter-pro-16-predmetov-seriya-professional-art-70211-19.jpg,https://dlt.by/image/catalog/easyphoto/2463/nabor-malyarnyy-rollingdog-painter-pro-16-predmetov-seriya-professional-art-70211-20.jpg,https://dlt.by/image/catalog/easyphoto/2463/nabor-malyarnyy-rollingdog-painter-pro-16-predmetov-seriya-professional-art-70211-21.jpg,https://dlt.by/image/catalog/easyphoto/2463/nabor-malyarnyy-rollingdog-quickfire-8-predmetov-seriya-professional-art-70206-1.jpg,https://dlt.by/image/catalog/easyphoto/2463/nabor-malyarnyy-rollingdog-quickfire-8-predmetov-seriya-professional-art-70206-2.jpg,https://dlt.by/image/catalog/easyphoto/2463/nabor-malyarnyy-rollingdog-quickfire-8-predmetov-seriya-professional-art-70206-3.jpg,https://dlt.by/image/catalog/easyphoto/2463/nabor-malyarnyy-rollingdog-quickfire-8-predmetov-seriya-professional-art-70206-4.jpg,https://dlt.by/image/catalog/easyphoto/2463/nabor-malyarnyy-rollingdog-quickfire-8-predmetov-seriya-professional-art-70206-5.jpg,https://dlt.by/image/catalog/easyphoto/2463/nabor-malyarnyy-rollingdog-quickfire-8-predmetov-seriya-professional-art-70206-6.jpg,,,,,,,,,,,,,,,,,,,,,,,,,"
"Набор малярный Rollingdog LINK - UP (9 предметов), серия Professional, арт.70213",Малярный и штукатурный инструмент>Малярные наборы,70213,1 895.94,"https://dlt.by/image/catalog/easyphoto/2464/nabor-malyarnyy-rollingdog-link-up-9-predmetov-seriya-professional-art-70213-6.jpg,https://dlt.by/image/catalog/easyphoto/2464/nabor-malyarnyy-rollingdog-link-up-9-predmetov-seriya-professional-art-70213-7.jpg,https://dlt.by/image/catalog/easyphoto/2464/nabor-malyarnyy-rollingdog-link-up-9-predmetov-seriya-professional-art-70213-8.jpg,https://dlt.by/image/catalog/easyphoto/2464/nabor-malyarnyy-rollingdog-link-up-9-predmetov-seriya-professional-art-70213-10.jpg,https://dlt.by/image/catalog/easyphoto/2464/nabor-malyarnyy-rollingdog-link-up-9-predmetov-seriya-professional-art-70213-9.jpg,https://dlt.by/image/catalog/easyphoto/2464/nabor-malyarnyy-rollingdog-link-up-9-predmetov-seriya-professional-art-70213-13.jpg,https://dlt.by/image/catalog/easyphoto/2464/nabor-malyarnyy-rollingdog-link-up-9-predmetov-seriya-professional-art-70213-11.jpg,https://dlt.by/image/catalog/easyphoto/2464/nabor-malyarnyy-rollingdog-link-up-9-predmetov-seriya-professional-art-70213-12.jpg,https://dlt.by/image/catalog/easyphoto/2464/nabor-malyarnyy-rollingdog-link-up-9-predmetov-seriya-professional-art-70213-22.jpg,https://dlt.by/image/catalog/easyphoto/2464/nabor-malyarnyy-rollingdog-link-up-9-predmetov-seriya-professional-art-70213-14.jpg,https://dlt.by/image/catalog/easyphoto/2464/nabor-malyarnyy-rollingdog-link-up-9-predmetov-seriya-professional-art-70213-17.jpg,https://dlt.by/image/catalog/easyphoto/2464/nabor-malyarnyy-rollingdog-link-up-9-predmetov-seriya-professional-art-70213-15.jpg,https://dlt.by/image/catalog/easyphoto/2464/nabor-malyarnyy-rollingdog-link-up-9-predmetov-seriya-professional-art-70213-16.jpg,https://dlt.by/image/catalog/easyphoto/2464/nabor-malyarnyy-rollingdog-link-up-9-predmetov-seriya-professional-art-70213-18.jpg,https://dlt.by/image/catalog/easyphoto/2464/nabor-malyarnyy-rollingdog-link-up-9-predmetov-seriya-professional-art-70213-19.jpg,https://dlt.by/image/catalog/easyphoto/2464/nabor-malyarnyy-rollingdog-link-up-9-predmetov-seriya-professional-art-70213-20.jpg,https://dlt.by/image/catalog/easyphoto/2464/nabor-malyarnyy-rollingdog-link-up-9-predmetov-seriya-professional-art-70213-21.jpg,https://dlt.by/image/catalog/easyphoto/2464/nabor-malyarnyy-rollingdog-link-up-9-predmetov-seriya-professional-art-70213-23.jpg,https://dlt.by/image/catalog/easyphoto/2464/nabor-malyarnyy-rollingdog-link-up-9-predmetov-seriya-professional-art-70213-24.jpg,https://dlt.by/image/catalog/easyphoto/2464/nabor-malyarnyy-rollingdog-painter-pro-16-predmetov-seriya-professional-art-70211-1.jpg,https://dlt.by/image/catalog/easyphoto/2464/nabor-malyarnyy-rollingdog-painter-pro-16-predmetov-seriya-professional-art-70211-2.jpg,https://dlt.by/image/catalog/easyphoto/2464/nabor-malyarnyy-rollingdog-painter-pro-16-predmetov-seriya-professional-art-70211-3.jpg,https://dlt.by/image/catalog/easyphoto/2464/nabor-malyarnyy-rollingdog-painter-pro-16-predmetov-seriya-professional-art-70211-4.jpg,https://dlt.by/image/catalog/easyphoto/2464/nabor-malyarnyy-rollingdog-painter-pro-16-predmetov-seriya-professional-art-70211-5.jpg,,,,,,,,,,,,,,,,,,,,,,"
"Набор малярный Rollingdog (11 предметов), серия Standard, арт.70221",Малярный и штукатурный инструмент>Малярные наборы,70221,722.26,"https://dlt.by/image/catalog/easyphoto/2465/nabor-malyarnyy-rollingdog-11-predmetov-seriya-standard-art-70221-7.jpg,https://dlt.by/image/catalog/easyphoto/2465/nabor-malyarnyy-rollingdog-11-predmetov-seriya-standard-art-70221-8.jpg,https://dlt.by/image/catalog/easyphoto/2465/nabor-malyarnyy-rollingdog-11-predmetov-seriya-standard-art-70221-9.jpg,https://dlt.by/image/catalog/easyphoto/2465/nabor-malyarnyy-rollingdog-11-predmetov-seriya-standard-art-70221-10.jpg,https://dlt.by/image/catalog/easyphoto/2465/nabor-malyarnyy-rollingdog-11-predmetov-seriya-standard-art-70221-11.jpg,https://dlt.by/image/catalog/easyphoto/2465/nabor-malyarnyy-rollingdog-11-predmetov-seriya-standard-art-70221-12.jpg,https://dlt.by/image/catalog/easyphoto/2465/nabor-malyarnyy-rollingdog-11-predmetov-seriya-standard-art-70221-13.jpg,https://dlt.by/image/catalog/easyphoto/2465/nabor-malyarnyy-rollingdog-link-up-9-predmetov-seriya-professional-art-70213-1.jpg,https://dlt.by/image/catalog/easyphoto/2465/nabor-malyarnyy-rollingdog-link-up-9-predmetov-seriya-professional-art-70213-2.jpg,https://dlt.by/image/catalog/easyphoto/2465/nabor-malyarnyy-rollingdog-link-up-9-predmetov-seriya-professional-art-70213-3.jpg,https://dlt.by/image/catalog/easyphoto/2465/nabor-malyarnyy-rollingdog-link-up-9-predmetov-seriya-professional-art-70213-4.jpg,https://dlt.by/image/catalog/easyphoto/2465/nabor-malyarnyy-rollingdog-link-up-9-predmetov-seriya-professional-art-70213-5.jpg,https://dlt.by/image/catalog/easyphoto/2465/nabor-malyarnyy-rollingdog-link-up-9-predmetov-seriya-professional-art-70213-6.jpg,,,,,,,,,,,,,,,,,,,,,,,,,,,,,,,,,"
"Набор малярный Rollingdog (12 предметов), серия Standard, арт.70223",Малярный и штукатурный инструмент>Малярные наборы,70223,1 023.20,"https://dlt.by/image/catalog/easyphoto/2466/nabor-malyarnyy-rollingdog-12-predmetov-seriya-standard-art-70223-6.jpg,https://dlt.by/image/catalog/easyphoto/2466/nabor-malyarnyy-rollingdog-12-predmetov-seriya-standard-art-70223-5.jpg,https://dlt.by/image/catalog/easyphoto/2466/nabor-malyarnyy-rollingdog-12-predmetov-seriya-standard-art-70223-11.jpg,https://dlt.by/image/catalog/easyphoto/2466/nabor-malyarnyy-rollingdog-12-predmetov-seriya-standard-art-70223-8.jpg,https://dlt.by/image/catalog/easyphoto/2466/nabor-malyarnyy-rollingdog-12-predmetov-seriya-standard-art-70223-10.jpg,https://dlt.by/image/catalog/easyphoto/2466/nabor-malyarnyy-rollingdog-12-predmetov-seriya-standard-art-70223-7.jpg,https://dlt.by/image/catalog/easyphoto/2466/nabor-malyarnyy-rollingdog-12-predmetov-seriya-standard-art-70223-9.jpg,https://dlt.by/image/catalog/easyphoto/2466/nabor-malyarnyy-rollingdog-11-predmetov-seriya-standard-art-70221-1.jpg,https://dlt.by/image/catalog/easyphoto/2466/nabor-malyarnyy-rollingdog-11-predmetov-seriya-standard-art-70221-2.jpg,https://dlt.by/image/catalog/easyphoto/2466/nabor-malyarnyy-rollingdog-11-predmetov-seriya-standard-art-70221-4.png,https://dlt.by/image/catalog/easyphoto/2466/nabor-malyarnyy-rollingdog-11-predmetov-seriya-standard-art-70221-3.jpg,,,,,,,,,,,,,,,,,,,,,,,,,,,,,,,,,,,"
"Набор малярный Rollingdog (14 предметов), серия Standard, арт.70224",Малярный и штукатурный инструмент>Малярные наборы,70224,1 504.71,"https://dlt.by/image/catalog/easyphoto/2467/nabor-malyarnyy-rollingdog-14-predmetov-seriya-standard-art-70224-6.jpg,https://dlt.by/image/catalog/easyphoto/2467/nabor-malyarnyy-rollingdog-14-predmetov-seriya-standard-art-70224-7.jpg,https://dlt.by/image/catalog/easyphoto/2467/nabor-malyarnyy-rollingdog-14-predmetov-seriya-standard-art-70224-8.jpg,https://dlt.by/image/catalog/easyphoto/2467/nabor-malyarnyy-rollingdog-14-predmetov-seriya-standard-art-70224-9.jpg,https://dlt.by/image/catalog/easyphoto/2467/nabor-malyarnyy-rollingdog-14-predmetov-seriya-standard-art-70224-10.jpg,https://dlt.by/image/catalog/easyphoto/2467/nabor-malyarnyy-rollingdog-14-predmetov-seriya-standard-art-70224-13.jpg,https://dlt.by/image/catalog/easyphoto/2467/nabor-malyarnyy-rollingdog-14-predmetov-seriya-standard-art-70224-11.jpg,https://dlt.by/image/catalog/easyphoto/2467/nabor-malyarnyy-rollingdog-14-predmetov-seriya-standard-art-70224-12.jpg,,,,,,,,,,,,,,,,,,,,,,,,,,,,,,,,,,,,,,"
"Набор малярный Rollingdog (5 предметов), серия Elite, арт.70251",Малярный и штукатурный инструмент>Малярные наборы,70251,4 002.53,"https://dlt.by/image/catalog/easyphoto/2468/nabor-malyarnyy-rollingdog-5-predmetov-seriya-elite-art-70251-8.jpg,https://dlt.by/image/catalog/easyphoto/2468/nabor-malyarnyy-rollingdog-5-predmetov-seriya-elite-art-70251-9.jpg,https://dlt.by/image/catalog/easyphoto/2468/nabor-malyarnyy-rollingdog-5-predmetov-seriya-elite-art-70251-10.jpg,https://dlt.by/image/catalog/easyphoto/2468/nabor-malyarnyy-rollingdog-5-predmetov-seriya-elite-art-70251-11.jpg,https://dlt.by/image/catalog/easyphoto/2468/nabor-malyarnyy-rollingdog-5-predmetov-seriya-elite-art-70251-18.jpg,https://dlt.by/image/catalog/easyphoto/2468/nabor-malyarnyy-rollingdog-5-predmetov-seriya-elite-art-70251-12.jpg,https://dlt.by/image/catalog/easyphoto/2468/nabor-malyarnyy-rollingdog-5-predmetov-seriya-elite-art-70251-13.jpg,https://dlt.by/image/catalog/easyphoto/2468/nabor-malyarnyy-rollingdog-5-predmetov-seriya-elite-art-70251-14.jpg,https://dlt.by/image/catalog/easyphoto/2468/nabor-malyarnyy-rollingdog-5-predmetov-seriya-elite-art-70251-15.jpg,https://dlt.by/image/catalog/easyphoto/2468/nabor-malyarnyy-rollingdog-5-predmetov-seriya-elite-art-70251-16.jpg,https://dlt.by/image/catalog/easyphoto/2468/nabor-malyarnyy-rollingdog-5-predmetov-seriya-elite-art-70251-17.jpg,https://dlt.by/image/catalog/easyphoto/2468/nabor-malyarnyy-rollingdog-14-predmetov-seriya-standard-art-70224-1.jpg,https://dlt.by/image/catalog/easyphoto/2468/nabor-malyarnyy-rollingdog-14-predmetov-seriya-standard-art-70224-2.png,https://dlt.by/image/catalog/easyphoto/2468/nabor-malyarnyy-rollingdog-14-predmetov-seriya-standard-art-70224-3.jpg,https://dlt.by/image/catalog/easyphoto/2468/nabor-malyarnyy-rollingdog-14-predmetov-seriya-standard-art-70224-4.jpg,https://dlt.by/image/catalog/easyphoto/2468/nabor-malyarnyy-rollingdog-14-predmetov-seriya-standard-art-70224-5.jpg,https://dlt.by/image/catalog/easyphoto/2468/nabor-malyarnyy-rollingdog-14-predmetov-seriya-standard-art-70224-6.jpg,https://dlt.by/image/catalog/easyphoto/2468/nabor-malyarnyy-rollingdog-14-predmetov-seriya-standard-art-70224-7.jpg,,,,,,,,,,,,,,,,,,,,,,,,,,,,"
"Набор малярный Rollingdog (7 предметов), серия Elite, арт.70252",Малярный и штукатурный инструмент>Малярные наборы,70252,7 222.61,"https://dlt.by/image/catalog/easyphoto/2469/nabor-malyarnyy-rollingdog-7-predmetov-seriya-elite-art-70252-9.jpg,https://dlt.by/image/catalog/easyphoto/2469/nabor-malyarnyy-rollingdog-7-predmetov-seriya-elite-art-70252-15.jpg,https://dlt.by/image/catalog/easyphoto/2469/nabor-malyarnyy-rollingdog-7-predmetov-seriya-elite-art-70252-10.jpg,https://dlt.by/image/catalog/easyphoto/2469/nabor-malyarnyy-rollingdog-7-predmetov-seriya-elite-art-70252-11.jpg,https://dlt.by/image/catalog/easyphoto/2469/nabor-malyarnyy-rollingdog-7-predmetov-seriya-elite-art-70252-14.jpg,https://dlt.by/image/catalog/easyphoto/2469/nabor-malyarnyy-rollingdog-7-predmetov-seriya-elite-art-70252-12.jpg,https://dlt.by/image/catalog/easyphoto/2469/nabor-malyarnyy-rollingdog-7-predmetov-seriya-elite-art-70252-13.jpg,https://dlt.by/image/catalog/easyphoto/2469/nabor-malyarnyy-rollingdog-7-predmetov-seriya-elite-art-70252-18.jpg,https://dlt.by/image/catalog/easyphoto/2469/nabor-malyarnyy-rollingdog-7-predmetov-seriya-elite-art-70252-16.jpg,https://dlt.by/image/catalog/easyphoto/2469/nabor-malyarnyy-rollingdog-7-predmetov-seriya-elite-art-70252-20.jpg,https://dlt.by/image/catalog/easyphoto/2469/nabor-malyarnyy-rollingdog-7-predmetov-seriya-elite-art-70252-17.jpg,https://dlt.by/image/catalog/easyphoto/2469/nabor-malyarnyy-rollingdog-7-predmetov-seriya-elite-art-70252-19.jpg,https://dlt.by/image/catalog/easyphoto/2469/nabor-malyarnyy-rollingdog-7-predmetov-seriya-elite-art-70252-21.jpg,https://dlt.by/image/catalog/easyphoto/2469/nabor-malyarnyy-rollingdog-7-predmetov-seriya-elite-art-70252-22.jpg,https://dlt.by/image/catalog/easyphoto/2469/nabor-malyarnyy-rollingdog-7-predmetov-seriya-elite-art-70252-23.jpg,https://dlt.by/image/catalog/easyphoto/2469/nabor-malyarnyy-rollingdog-5-predmetov-seriya-elite-art-70251-1.jpg,https://dlt.by/image/catalog/easyphoto/2469/nabor-malyarnyy-rollingdog-5-predmetov-seriya-elite-art-70251-2.jpg,https://dlt.by/image/catalog/easyphoto/2469/nabor-malyarnyy-rollingdog-5-predmetov-seriya-elite-art-70251-3.jpg,https://dlt.by/image/catalog/easyphoto/2469/nabor-malyarnyy-rollingdog-5-predmetov-seriya-elite-art-70251-4.jpg,https://dlt.by/image/catalog/easyphoto/2469/nabor-malyarnyy-rollingdog-5-predmetov-seriya-elite-art-70251-5.jpg,https://dlt.by/image/catalog/easyphoto/2469/nabor-malyarnyy-rollingdog-5-predmetov-seriya-elite-art-70251-6.jpg,https://dlt.by/image/catalog/easyphoto/2469/nabor-malyarnyy-rollingdog-5-predmetov-seriya-elite-art-70251-7.jpg,https://dlt.by/image/catalog/easyphoto/2469/nabor-malyarnyy-rollingdog-5-predmetov-seriya-elite-art-70251-8.jpg,,,,,,,,,,,,,,,,,,,,,,,"
"Набор валиков с бюгелем Rollingdog SUPER-MICRO 100мм, ворс 9.5мм, микрофибра, арт.70263",Малярный и штукатурный инструмент>Малярные наборы,70263,601.88,"https://dlt.by/image/catalog/easyphoto/2470/nabor-valikov-s-byugelem-rollingdog-super-micro-100mm-vors-18mm-mikrofibra-art-70263-8.jpg,https://dlt.by/image/catalog/easyphoto/2470/nabor-valikov-s-byugelem-rollingdog-super-micro-100mm-vors-18mm-mikrofibra-art-70263-9.jpg,https://dlt.by/image/catalog/easyphoto/2470/nabor-valikov-s-byugelem-rollingdog-super-micro-100mm-vors-18mm-mikrofibra-art-70263-10.jpg,https://dlt.by/image/catalog/easyphoto/2470/nabor-valikov-s-byugelem-rollingdog-super-micro-100mm-vors-18mm-mikrofibra-art-70263-11.jpg,https://dlt.by/image/catalog/easyphoto/2470/nabor-valikov-s-byugelem-rollingdog-super-micro-100mm-vors-18mm-mikrofibra-art-70263-13.jpg,https://dlt.by/image/catalog/easyphoto/2470/nabor-valikov-s-byugelem-rollingdog-super-micro-100mm-vors-18mm-mikrofibra-art-70263-12.jpg,https://dlt.by/image/catalog/easyphoto/2470/nabor-valikov-s-byugelem-rollingdog-super-micro-100mm-vors-18mm-mikrofibra-art-70263-14.jpg,https://dlt.by/image/catalog/easyphoto/2470/nabor-valikov-s-byugelem-rollingdog-super-micro-100mm-vors-18mm-mikrofibra-art-70263-16.jpg,https://dlt.by/image/catalog/easyphoto/2470/nabor-valikov-s-byugelem-rollingdog-super-micro-100mm-vors-18mm-mikrofibra-art-70263-15.jpg,https://dlt.by/image/catalog/easyphoto/2470/nabor-valikov-s-byugelem-rollingdog-super-micro-100mm-vors-18mm-mikrofibra-art-70263-17.jpg,https://dlt.by/image/catalog/easyphoto/2470/nabor-malyarnyy-rollingdog-7-predmetov-seriya-elite-art-70252-1.jpg,https://dlt.by/image/catalog/easyphoto/2470/nabor-malyarnyy-rollingdog-7-predmetov-seriya-elite-art-70252-3.png,https://dlt.by/image/catalog/easyphoto/2470/nabor-malyarnyy-rollingdog-7-predmetov-seriya-elite-art-70252-2.jpg,https://dlt.by/image/catalog/easyphoto/2470/nabor-malyarnyy-rollingdog-7-predmetov-seriya-elite-art-70252-4.png,https://dlt.by/image/catalog/easyphoto/2470/nabor-malyarnyy-rollingdog-7-predmetov-seriya-elite-art-70252-5.jpg,https://dlt.by/image/catalog/easyphoto/2470/nabor-malyarnyy-rollingdog-7-predmetov-seriya-elite-art-70252-6.jpg,https://dlt.by/image/catalog/easyphoto/2470/nabor-malyarnyy-rollingdog-7-predmetov-seriya-elite-art-70252-7.jpg,,,,,,,,,,,,,,,,,,,,,,,,,,,,,"
"Набор валиков с бюгелем Rollingdog SUPER-MICRO 100мм, ворс 9.5мм, микрофибра, арт.70264",Малярный и штукатурный инструмент>Малярные наборы,70264,571.79,"https://dlt.by/image/catalog/easyphoto/2471/nabor-valikov-s-byugelem-rollingdog-super-micro-100mm-vors-9-5mm-mikrofibra-art-70264-5.jpg,https://dlt.by/image/catalog/easyphoto/2471/nabor-valikov-s-byugelem-rollingdog-super-micro-100mm-vors-9-5mm-mikrofibra-art-70264-6.jpg,https://dlt.by/image/catalog/easyphoto/2471/nabor-valikov-s-byugelem-rollingdog-super-micro-100mm-vors-9-5mm-mikrofibra-art-70264-7.jpg,https://dlt.by/image/catalog/easyphoto/2471/nabor-valikov-s-byugelem-rollingdog-super-micro-100mm-vors-9-5mm-mikrofibra-art-70264-8.jpg,https://dlt.by/image/catalog/easyphoto/2471/nabor-valikov-s-byugelem-rollingdog-super-micro-100mm-vors-9-5mm-mikrofibra-art-70264-10.jpg,https://dlt.by/image/catalog/easyphoto/2471/nabor-valikov-s-byugelem-rollingdog-super-micro-100mm-vors-9-5mm-mikrofibra-art-70264-12.jpg,,,,,,,,,,,,,,,,,,,,,,,,,,,,,,,,,,,,,,,,"
"Малярная лента Rollingdog PAINTERS-SHIELD 48мм x 50м, арт.80021",Инструмент для укладки плитки>Малярные ленты,80021,451.41,"https://dlt.by/image/catalog/easyphoto/2472/malyarnaya-lenta-rollingdog-48mm-x-50m-art-80021-5.jpg,https://dlt.by/image/catalog/easyphoto/2472/malyarnaya-lenta-rollingdog-48mm-x-50m-art-80021-6.jpg,https://dlt.by/image/catalog/easyphoto/2472/malyarnaya-lenta-rollingdog-48mm-x-50m-art-80021-7.jpg,,,,,,,,,,,,,,,,,,,,,,,,,,,,,,,,,,,,,,,,,,,"
"Малярная лента Rollingdog PAINTERS-SHIELD 24мм x 50м, арт.80022",Инструмент для укладки плитки>Малярные ленты,80022,276.87,"https://dlt.by/image/catalog/easyphoto/2473/malyarnaya-lenta-rollingdog-24mm-x-50m-art-80022-2.jpg,https://dlt.by/image/catalog/easyphoto/2473/malyarnaya-lenta-rollingdog-24mm-x-50m-art-80022-3.jpg,https://dlt.by/image/catalog/easyphoto/2473/malyarnaya-lenta-rollingdog-24mm-x-50m-art-80022-4.jpg,,,,,,,,,,,,,,,,,,,,,,,,,,,,,,,,,,,,,,,,,,,"
"Малярная лента Rollingdog Masking Tape 24мм x 50м, арт.80023",Инструмент для укладки плитки>Малярные ленты,80023,246.77,"https://dlt.by/image/catalog/easyphoto/2474/malyarnaya-lenta-rollingdog-24mm-x-50m-art-80023-2.jpg,https://dlt.by/image/catalog/easyphoto/2474/malyarnaya-lenta-rollingdog-24mm-x-50m-art-80023-3.jpg,https://dlt.by/image/catalog/easyphoto/2474/malyarnaya-lenta-rollingdog-24mm-x-50m-art-80023-4.jpg,,,,,,,,,,,,,,,,,,,,,,,,,,,,,,,,,,,,,,,,,,,"
"Малярная лента Rollingdog Masking Tape 48мм x 50м, арт.80024",Инструмент для укладки плитки>Малярные ленты,80024,367.15,"https://dlt.by/image/catalog/easyphoto/2475/malyarnaya-lenta-rollingdog-48mm-x-50m-art-80024-6.jpg,https://dlt.by/image/catalog/easyphoto/2475/malyarnaya-lenta-rollingdog-48mm-x-50m-art-80024-7.jpg,https://dlt.by/image/catalog/easyphoto/2475/malyarnaya-lenta-rollingdog-48mm-x-50m-art-80024-8.jpg,,,,,,,,,,,,,,,,,,,,,,,,,,,,,,,,,,,,,,,,,,,"
"Пистолет для герметика RollingDog 225мм серия Elite, арт.80025",Акции на строительный инструмент,80025,782.45,"https://dlt.by/image/catalog/easyphoto/2476/pistolet-dlya-germetika-rollingdog-225mm-seriya-elite-art-80025-2.jpg,https://dlt.by/image/catalog/easyphoto/2476/pistolet-dlya-germetika-rollingdog-225mm-seriya-elite-art-80025-5.jpg,https://dlt.by/image/catalog/easyphoto/2476/pistolet-dlya-germetika-rollingdog-225mm-seriya-elite-art-80025-3.jpg,https://dlt.by/image/catalog/easyphoto/2476/pistolet-dlya-germetika-rollingdog-225mm-seriya-elite-art-80025-4.jpg,https://dlt.by/image/catalog/easyphoto/2476/pistolet-dlya-germetika-rollingdog-225mm-seriya-elite-art-80025-6.jpg,,,,,,,,,,,,,,,,,,,,,,,,,,,,,,,,,,,,,,,,,"
"Укрывное полотно на малярной ленте Rollingdog Masking Film 8мкм, 55cм х 30м, арт.80046 ",Акции на строительный инструмент,80046,306.96,"https://dlt.by/image/catalog/easyphoto/2477/ukryvnoe-polotno-na-malyarnoy-lente-rollingdog-30m-h-55cm-ukryvnaya-plenka-art-80046-2.jpg,https://dlt.by/image/catalog/easyphoto/2477/ukryvnoe-polotno-na-malyarnoy-lente-rollingdog-30m-h-55cm-ukryvnaya-plenka-art-80046-3.jpg,https://dlt.by/image/catalog/easyphoto/2477/ukryvnoe-polotno-na-malyarnoy-lente-rollingdog-30m-h-55cm-ukryvnaya-plenka-art-80046-4.jpg,,,,,,,,,,,,,,,,,,,,,,,,,,,,,,,,,,,,,,,,,,,"
"Укрывная бумага на малярной ленте Rollingdog ENVIRO-GUARD 42 г/м², 18см х 25м, арт.80047",Акции на строительный инструмент,80047,306.96,"https://dlt.by/image/catalog/easyphoto/2478/ukryvnoe-polotno-na-malyarnoy-lente-rollingdog-enviro-guard-25m-h-18sm-ukryvnaya-bumaga-art-80047-6.jpg,https://dlt.by/image/catalog/easyphoto/2478/ukryvnoe-polotno-na-malyarnoy-lente-rollingdog-enviro-guard-25m-h-18sm-ukryvnaya-bumaga-art-80047-7.jpg,https://dlt.by/image/catalog/easyphoto/2478/ukryvnoe-polotno-na-malyarnoy-lente-rollingdog-enviro-guard-25m-h-18sm-ukryvnaya-bumaga-art-80047-8.jpg,,,,,,,,,,,,,,,,,,,,,,,,,,,,,,,,,,,,,,,,,,,"
"Укрывное полотно на малярной ленте с диспенсером Rollingdog 8мкм, 55см x 30м, арт.80048",Акции на строительный инструмент,80048,421.32,"https://dlt.by/image/catalog/easyphoto/2479/ukryvnaya-plenka-na-malyarnoy-lente-s-dispenserom-rollingdog-30m-x-0-55-m-art-80048-7.jpg,https://dlt.by/image/catalog/easyphoto/2479/ukryvnaya-plenka-na-malyarnoy-lente-s-dispenserom-rollingdog-30m-x-0-55-m-art-80048-6.jpg,https://dlt.by/image/catalog/easyphoto/2479/ukryvnaya-plenka-na-malyarnoy-lente-rollingdog-18sm-x-25m-art-80047-3.jpg,,,,,,,,,,,,,,,,,,,,,,,,,,,,,,,,,,,,,,,,,,,"
"Набор укрывочный Rollingdog (3 предмета), серия Professional, арт.80241",Акции на строительный инструмент,80241,902.83,"https://dlt.by/image/catalog/easyphoto/2480/nabor-ukryvochnyy-rollingdog-3-predmeta-seriya-professional-art-80241-5.jpg,https://dlt.by/image/catalog/easyphoto/2480/nabor-ukryvochnyy-rollingdog-3-predmeta-seriya-professional-art-80241-6.jpg,,,,,,,,,,,,,,,,,,,,,,,,,,,,,,,,,,,,,,,,,,,,"
"Укрывное полотно на малярной ленте Rollingdog WASHI-SHIELD 8мкм, 150см х 30м, арт.80261",Малярный и штукатурный инструмент>Пленки укрывные,80261,451.41,"https://dlt.by/image/catalog/easyphoto/2481/ukryvnoe-polotno-na-malyarnoy-lente-rollingdog-washi-shield-30m-h-150sm-ukryvnaya-plenka-art-80261-5.jpg,https://dlt.by/image/catalog/easyphoto/2481/ukryvnoe-polotno-na-malyarnoy-lente-rollingdog-washi-shield-30m-h-150sm-ukryvnaya-plenka-art-80261-6.jpg,https://dlt.by/image/catalog/easyphoto/2481/ukryvnoe-polotno-na-malyarnoy-lente-rollingdog-washi-shield-30m-h-150sm-ukryvnaya-plenka-art-80261-7.jpg,,,,,,,,,,,,,,,,,,,,,,,,,,,,,,,,,,,,,,,,,,,"
"Укрывное полотно на малярной ленте Rollingdog PAINTERS-SHIELD 8мкм, 55см х 33м, арт.80347",Малярный и штукатурный инструмент>Пленки укрывные,80347,306.96,"https://dlt.by/image/catalog/easyphoto/2482/ukryvnoe-polotno-na-malyarnoy-lente-rollingdog-painters-shield-33m-h-55sm-ukryvnaya-plenka-art-80347-2.jpg,https://dlt.by/image/catalog/easyphoto/2482/ukryvnoe-polotno-na-malyarnoy-lente-rollingdog-painters-shield-33m-h-55sm-ukryvnaya-plenka-art-80347-3.jpg,https://dlt.by/image/catalog/easyphoto/2482/ukryvnoe-polotno-na-malyarnoy-lente-rollingdog-painters-shield-33m-h-55sm-ukryvnaya-plenka-art-80347-4.jpg,,,,,,,,,,,,,,,,,,,,,,,,,,,,,,,,,,,,,,,,,,,"
"Укрывное полотно на малярной ленте Rollingdog Masking Film 8мкм, 110см х 30м, арт.80499",Малярный и штукатурный инструмент>Пленки укрывные,80499,337.06,"https://dlt.by/image/catalog/easyphoto/2483/ukryvnoe-polotno-na-malyarnoy-lente-rollingdog-30m-h-110sm-ukryvnaya-plenka-art-80499-2.jpg,https://dlt.by/image/catalog/easyphoto/2483/ukryvnoe-polotno-na-malyarnoy-lente-rollingdog-30m-h-110sm-ukryvnaya-plenka-art-80499-3.jpg,https://dlt.by/image/catalog/easyphoto/2483/ukryvnoe-polotno-na-malyarnoy-lente-rollingdog-30m-h-110sm-ukryvnaya-plenka-art-80499-4.jpg,,,,,,,,,,,,,,,,,,,,,,,,,,,,,,,,,,,,,,,,,,,"
"Ручка-держатель с магнитом для кисточки Rollingdog, арт.80627",Малярный и штукатурный инструмент>Кисти малярные,80627,306.96,"https://dlt.by/image/catalog/easyphoto/2484/ruchka-derzhatel-s-magnitom-dlya-kistochki-rollingdog-art-80627-8.jpg,https://dlt.by/image/catalog/easyphoto/2484/ruchka-derzhatel-s-magnitom-dlya-kistochki-rollingdog-art-80627-9.jpg,https://dlt.by/image/catalog/easyphoto/2484/ruchka-derzhatel-s-magnitom-dlya-kistochki-rollingdog-art-80627-10.jpg,https://dlt.by/image/catalog/easyphoto/2484/ruchka-derzhatel-s-magnitom-dlya-kistochki-rollingdog-art-80627-11.jpg,https://dlt.by/image/catalog/easyphoto/2484/ruchka-derzhatel-s-magnitom-dlya-kistochki-rollingdog-art-80627-12.jpg,https://dlt.by/image/catalog/easyphoto/2484/ruchka-derzhatel-s-magnitom-dlya-kistochki-rollingdog-art-80627-13.jpg,https://dlt.by/image/catalog/easyphoto/2484/ruchka-derzhatel-s-magnitom-dlya-kistochki-rollingdog-art-80627-14.jpg,https://dlt.by/image/catalog/easyphoto/2484/ruchka-derzhatel-s-magnitom-dlya-kistochki-rollingdog-art-80627-15.jpg,,,,,,,,,,,,,,,,,,,,,,,,,,,,,,,,,,,,,,"
"Малярная лента Rollingdog Masking Tape 24мм x 18м (набор 6 шт.), арт.80846",Инструмент для укладки плитки>Малярные ленты,80846,391.22,"https://dlt.by/image/catalog/easyphoto/2485/malyarnaya-lenta-rollingdog-24mm-x-18m-nabor-6-sht-art-80846-3.jpg,https://dlt.by/image/catalog/easyphoto/2485/malyarnaya-lenta-rollingdog-24mm-x-18m-nabor-6-sht-art-80846-4.jpg,https://dlt.by/image/catalog/easyphoto/2485/malyarnaya-lenta-rollingdog-24mm-x-18m-nabor-6-sht-art-80846-5.jpg,,,,,,,,,,,,,,,,,,,,,,,,,,,,,,,,,,,,,,,,,,,"
"Малярная лента Rollingdog WASHI-SHIELD 24мм x 50м, арт.80853 ",Инструмент для укладки плитки>Малярные ленты,80853,276.87,"https://dlt.by/image/catalog/easyphoto/2486/malyarnaya-lenta-rollingdog-washi-24mm-x-50m-art-80853-1.jpg,https://dlt.by/image/catalog/easyphoto/2486/malyarnaya-lenta-rollingdog-washi-24mm-x-50m-art-80853-2.jpg,https://dlt.by/image/catalog/easyphoto/2486/malyarnaya-lenta-rollingdog-washi-24mm-x-50m-art-80853-3.jpg,,,,,,,,,,,,,,,,,,,,,,,,,,,,,,,,,,,,,,,,,,,"
"Набор для ручной шлифовки Rollingdog №1 (7 предметов ), арт.81039",Акции на строительный инструмент,81039,541.70,"https://dlt.by/image/catalog/easyphoto/2487/nabor-dlya-ruchnoy-shlifovki-rollingdog-1-7-predmetov-art-81039-4.jpg,https://dlt.by/image/catalog/easyphoto/2487/nabor-dlya-ruchnoy-shlifovki-rollingdog-1-7-predmetov-art-81039-5.jpg,https://dlt.by/image/catalog/easyphoto/2487/nabor-dlya-ruchnoy-shlifovki-rollingdog-1-7-predmetov-art-81039-6.jpg,https://dlt.by/image/catalog/easyphoto/2487/nabor-dlya-ruchnoy-shlifovki-rollingdog-1-7-predmetov-art-81039-7.jpg,https://dlt.by/image/catalog/easyphoto/2487/nabor-dlya-ruchnoy-shlifovki-rollingdog-1-7-predmetov-art-81039-8.jpg,,,,,,,,,,,,,,,,,,,,,,,,,,,,,,,,,,,,,,,,,"
"Набор для ручной шлифовки Rollingdog №2 (7 предметов), арт.81040",Акции на строительный инструмент,81040,812.54,"https://dlt.by/image/catalog/easyphoto/2488/nabor-dlya-ruchnoy-shlifovki-rollingdog-2-7-predmetov-art-81040-12.jpg,https://dlt.by/image/catalog/easyphoto/2488/nabor-dlya-ruchnoy-shlifovki-rollingdog-2-7-predmetov-art-81040-13.jpg,https://dlt.by/image/catalog/easyphoto/2488/nabor-dlya-ruchnoy-shlifovki-rollingdog-2-7-predmetov-art-81040-14.jpg,https://dlt.by/image/catalog/easyphoto/2488/nabor-dlya-ruchnoy-shlifovki-rollingdog-2-7-predmetov-art-81040-16.jpg,https://dlt.by/image/catalog/easyphoto/2488/nabor-dlya-ruchnoy-shlifovki-rollingdog-2-7-predmetov-art-81040-15.jpg,,,,,,,,,,,,,,,,,,,,,,,,,,,,,,,,,,,,,,,,,"
"Набор для ручной шлифовки Rollingdog №3 (7 предметов), арт.81041",Акции на строительный инструмент,81041,812.54,"https://dlt.by/image/catalog/easyphoto/2489/nabor-dlya-ruchnoy-shlifovki-rollingdog-3-7-predmetov-art-81041-5.jpg,https://dlt.by/image/catalog/easyphoto/2489/nabor-dlya-ruchnoy-shlifovki-rollingdog-3-7-predmetov-art-81041-6.jpg,https://dlt.by/image/catalog/easyphoto/2489/nabor-dlya-ruchnoy-shlifovki-rollingdog-3-7-predmetov-art-81041-7.jpg,https://dlt.by/image/catalog/easyphoto/2489/nabor-dlya-ruchnoy-shlifovki-rollingdog-3-7-predmetov-art-81041-8.jpg,https://dlt.by/image/catalog/easyphoto/2489/nabor-dlya-ruchnoy-shlifovki-rollingdog-3-7-predmetov-art-81041-9.jpg,,,,,,,,,,,,,,,,,,,,,,,,,,,,,,,,,,,,,,,,,"
"Набор для ручной шлифовки Rollingdog №4 (7 предметов), арт.81043",Акции на строительный инструмент,81043,872.73,"https://dlt.by/image/catalog/easyphoto/2490/nabor-dlya-ruchnoy-shlifovki-rollingdog-4-7-predmetov-art-81043-12.jpg,https://dlt.by/image/catalog/easyphoto/2490/nabor-dlya-ruchnoy-shlifovki-rollingdog-4-7-predmetov-art-81043-13.jpg,https://dlt.by/image/catalog/easyphoto/2490/nabor-dlya-ruchnoy-shlifovki-rollingdog-4-7-predmetov-art-81043-14.jpg,https://dlt.by/image/catalog/easyphoto/2490/nabor-dlya-ruchnoy-shlifovki-rollingdog-4-7-predmetov-art-81043-15.jpg,https://dlt.by/image/catalog/easyphoto/2490/nabor-dlya-ruchnoy-shlifovki-rollingdog-4-7-predmetov-art-81043-16.jpg,,,,,,,,,,,,,,,,,,,,,,,,,,,,,,,,,,,,,,,,,"
"Набор наждачной бумаги Rollingdog, 6шт, 230х85мм, Р80, арт.81222",Бренды>Малярный инструмент ROLLINGDOG,81222,276.87,"https://dlt.by/image/catalog/easyphoto/2491/nabor-nazhdachnoy-bumagi-rollingdog-6sht-230h85mm-r80-art-81222-2.jpg,https://dlt.by/image/catalog/easyphoto/2491/nabor-nazhdachnoy-bumagi-rollingdog-6sht-230h85mm-r80-art-81222-3.jpg,https://dlt.by/image/catalog/easyphoto/2491/nabor-nazhdachnoy-bumagi-rollingdog-6sht-230h85mm-r80-art-81222-4.jpg,https://dlt.by/image/catalog/easyphoto/2491/nabor-nazhdachnoy-bumagi-rollingdog-6sht-230h85mm-r80-art-81222-5.jpg,,,,,,,,,,,,,,,,,,,,,,,,,,,,,,,,,,,,,,,,,,"
"Набор наждачной бумаги Rollingdog, 6шт, 230х85мм, Р120, арт.81223",Бренды>Малярный инструмент ROLLINGDOG,81223,306.96,"https://dlt.by/image/catalog/easyphoto/2492/nabor-nazhdachnoy-bumagi-rollingdog-6sht-230h85mm-r120-art-81223-2.jpg,https://dlt.by/image/catalog/easyphoto/2492/nabor-nazhdachnoy-bumagi-rollingdog-6sht-230h85mm-r120-art-81223-4.jpg,https://dlt.by/image/catalog/easyphoto/2492/nabor-nazhdachnoy-bumagi-rollingdog-6sht-230h85mm-r120-art-81223-3.jpg,https://dlt.by/image/catalog/easyphoto/2492/nabor-nazhdachnoy-bumagi-rollingdog-6sht-230h85mm-r120-art-81223-5.jpg,,,,,,,,,,,,,,,,,,,,,,,,,,,,,,,,,,,,,,,,,,"
"Набор наждачной бумаги Rollingdog, 6шт, 230х85мм, Р240, арт.81224",Бренды>Малярный инструмент ROLLINGDOG,81224,306.96,"https://dlt.by/image/catalog/easyphoto/2493/nabor-nazhdachnoy-bumagi-rollingdog-6sht-230h85mm-r240-art-81224-2.jpg,https://dlt.by/image/catalog/easyphoto/2493/nabor-nazhdachnoy-bumagi-rollingdog-6sht-230h85mm-r240-art-81224-3.jpg,https://dlt.by/image/catalog/easyphoto/2493/nabor-nazhdachnoy-bumagi-rollingdog-6sht-230h85mm-r240-art-81224-4.jpg,https://dlt.by/image/catalog/easyphoto/2493/nabor-nazhdachnoy-bumagi-rollingdog-6sht-230h85mm-r240-art-81224-5.jpg,,,,,,,,,,,,,,,,,,,,,,,,,,,,,,,,,,,,,,,,,,"
"Набор укрывочный с диспенсером Rollingdog Masking Film (4 предмета), арт.81238",Акции на строительный инструмент,81238,1 023.20,"https://dlt.by/image/catalog/easyphoto/2494/nabor-ukryvochnyy-s-dispenserom-rollingdog-4-predmeta-art-81238-2.jpg,https://dlt.by/image/catalog/easyphoto/2494/nabor-ukryvochnyy-s-dispenserom-rollingdog-4-predmeta-art-81238-3.jpg,https://dlt.by/image/catalog/easyphoto/2494/nabor-ukryvochnyy-s-dispenserom-rollingdog-4-predmeta-art-81238-4.jpg,https://dlt.by/image/catalog/easyphoto/2494/nabor-ukryvochnyy-s-dispenserom-rollingdog-4-predmeta-art-81238-5.jpg,https://dlt.by/image/catalog/easyphoto/2494/nabor-ukryvochnyy-s-dispenserom-rollingdog-4-predmeta-art-81238-6.jpg,,,,,,,,,,,,,,,,,,,,,,,,,,,,,,,,,,,,,,,,,"
"Набор укрывочный с диспенсером Rollingdog ENVIRO-GUARD (4 предмета), арт.81321",Акции на строительный инструмент,81321,1 233.86,"https://dlt.by/image/catalog/easyphoto/2495/nabor-ukryvochnyy-rollingdog-4-predmeta-art-81321-8.jpg,https://dlt.by/image/catalog/easyphoto/2495/nabor-ukryvochnyy-rollingdog-4-predmeta-art-81321-9.jpg,https://dlt.by/image/catalog/easyphoto/2495/nabor-ukryvochnyy-rollingdog-4-predmeta-art-81321-10.jpg,https://dlt.by/image/catalog/easyphoto/2495/nabor-ukryvochnyy-rollingdog-4-predmeta-art-81321-11.jpg,https://dlt.by/image/catalog/easyphoto/2495/nabor-ukryvochnyy-rollingdog-4-predmeta-art-81321-12.jpg,,,,,,,,,,,,,,,,,,,,,,,,,,,,,,,,,,,,,,,,,"
"Диспенсер с малярной лентой шириной 24мм Rollingdog (набор 6 предметов), арт.81322",Акции на строительный инструмент,81322,1 324.15,"https://dlt.by/image/catalog/easyphoto/2496/dispenser-dlya-malyarnoy-lenty-shirinoy-24mm-rollingdog-nabor-6-predmetov-seriya-professional-art-81322-6.jpg,https://dlt.by/image/catalog/easyphoto/2496/dispenser-dlya-malyarnoy-lenty-shirinoy-24mm-rollingdog-nabor-6-predmetov-seriya-professional-art-81322-7.jpg,https://dlt.by/image/catalog/easyphoto/2496/dispenser-dlya-malyarnoy-lenty-shirinoy-24mm-rollingdog-nabor-6-predmetov-seriya-professional-art-81322-8.jpg,https://dlt.by/image/catalog/easyphoto/2496/dispenser-dlya-malyarnoy-lenty-shirinoy-24mm-rollingdog-nabor-6-predmetov-seriya-professional-art-81322-9.jpg,https://dlt.by/image/catalog/easyphoto/2496/dispenser-dlya-malyarnoy-lenty-shirinoy-24mm-rollingdog-nabor-6-predmetov-seriya-professional-art-81322-10.jpg,,,,,,,,,,,,,,,,,,,,,,,,,,,,,,,,,,,,,,,,,"
"Малярная лента Rollingdog WASHI-SHIELD 24ммх18м (набор 6шт.), арт.81389",Бренды>Малярный инструмент ROLLINGDOG,81389,601.88,"https://dlt.by/image/catalog/easyphoto/2497/malyarnaya-lenta-rollingdog-24mmh18m-nabor-6sht-seriya-professional-art-81389-1.jpg,https://dlt.by/image/catalog/easyphoto/2497/malyarnaya-lenta-rollingdog-24mmh18m-nabor-6sht-seriya-professional-art-81389-2.jpg,https://dlt.by/image/catalog/easyphoto/2497/malyarnaya-lenta-rollingdog-24mmh18m-nabor-6sht-seriya-professional-art-81389-3.jpg,,,,,,,,,,,,,,,,,,,,,,,,,,,,,,,,,,,,,,,,,,,"
"Подошва для наливных полов 30х13см RollingDog, арт.81456",Малярный и штукатурный инструмент>Маяки для наливного пола,81456,1 263.96,"https://dlt.by/image/catalog/easyphoto/2498/podoshva-dlya-nalivnyh-polov-30h13sm-rollingdog-art-81456-11.jpg,https://dlt.by/image/catalog/easyphoto/2498/podoshva-dlya-nalivnyh-polov-30h13sm-rollingdog-art-81456-12.jpg,https://dlt.by/image/catalog/easyphoto/2498/podoshva-dlya-nalivnyh-polov-30h13sm-rollingdog-art-81456-13.jpg,https://dlt.by/image/catalog/easyphoto/2498/podoshva-dlya-nalivnyh-polov-30h13sm-rollingdog-art-81456-16.jpg,https://dlt.by/image/catalog/easyphoto/2498/podoshva-dlya-nalivnyh-polov-30h13sm-rollingdog-art-81456-14.jpg,https://dlt.by/image/catalog/easyphoto/2498/podoshva-dlya-nalivnyh-polov-30h13sm-rollingdog-art-81456-15.jpg,,,,,,,,,,,,,,,,,,,,,,,,,,,,,,,,,,,,,,,,"
"Набор кистей Rollingdog 4/8/8/10/15/25/мм, синтетика, серия Standard, арт.81462",Малярный и штукатурный инструмент>Кисти малярные>Наборы кистей,81462,451.41,"https://dlt.by/image/catalog/easyphoto/2499/nabor-kistey-rollingdog-4-8-8-10-15-25-mm-sintetika-seriya-standard-art-81462-5.jpg,https://dlt.by/image/catalog/easyphoto/2499/nabor-kistey-rollingdog-4-8-8-10-15-25-mm-sintetika-seriya-standard-art-81462-4.jpg,https://dlt.by/image/catalog/easyphoto/2499/nabor-kistey-rollingdog-4-8-8-10-15-25-mm-sintetika-seriya-standard-art-81462-6.jpg,https://dlt.by/image/catalog/easyphoto/2499/podoshva-dlya-nalivnyh-polov-30h13sm-rollingdog-art-81456-1.jpg,https://dlt.by/image/catalog/easyphoto/2499/podoshva-dlya-nalivnyh-polov-30h13sm-rollingdog-art-81456-2.png,https://dlt.by/image/catalog/easyphoto/2499/podoshva-dlya-nalivnyh-polov-30h13sm-rollingdog-art-81456-3.png,,,,,,,,,,,,,,,,,,,,,,,,,,,,,,,,,,,,,,,,"
"Шлифовальный круг Rollingdog 225мм, Р80, (набор 6 шт.), арт.90140",Малярный и штукатурный инструмент>Абразивные материалы>Шлифовальные круги>P80-100,90140,511.60,"https://dlt.by/image/catalog/easyphoto/2500/shlifovalnyy-krug-rollingdog-225mm-r80-nabor-6-sht-art-90140-2.jpg,https://dlt.by/image/catalog/easyphoto/2500/shlifovalnyy-krug-rollingdog-225mm-r80-nabor-6-sht-art-90140-3.jpg,https://dlt.by/image/catalog/easyphoto/2500/shlifovalnyy-krug-rollingdog-225mm-r80-nabor-6-sht-art-90140-4.jpg,https://dlt.by/image/catalog/easyphoto/2500/shlifovalnyy-krug-rollingdog-225mm-r80-nabor-6-sht-art-90140-5.jpg,,,,,,,,,,,,,,,,,,,,,,,,,,,,,,,,,,,,,,,,,,"
"Шлифовальный круг Rollingdog 225мм, Р120, (набор 6 шт.) арт.90141",Шлифовальные машины для стен/потолков/пола>Шлифовальные круги и сетки>P120-150,90141,511.60,"https://dlt.by/image/catalog/easyphoto/2501/shlifovalnyy-krug-rollingdog-225mm-r120-nabor-6-sht-art-90141-2.jpg,https://dlt.by/image/catalog/easyphoto/2501/shlifovalnyy-krug-rollingdog-225mm-r120-nabor-6-sht-art-90141-3.jpg,https://dlt.by/image/catalog/easyphoto/2501/shlifovalnyy-krug-rollingdog-225mm-r120-nabor-6-sht-art-90141-5.jpg,https://dlt.by/image/catalog/easyphoto/2501/shlifovalnyy-krug-rollingdog-225mm-r120-nabor-6-sht-art-90141-4.jpg,,,,,,,,,,,,,,,,,,,,,,,,,,,,,,,,,,,,,,,,,,"
"Шлифовальный круг Rollingdog 225мм, Р240, (набор 6 шт.), арт.90142",Шлифовальные машины для стен/потолков/пола>Шлифовальные круги и сетки>P240-320,90142,511.60,"https://dlt.by/image/catalog/easyphoto/2502/shlifovalnyy-krug-rollingdog-225mm-r240-nabor-6-sht-art-90142-2.jpg,https://dlt.by/image/catalog/easyphoto/2502/shlifovalnyy-krug-rollingdog-225mm-r240-nabor-6-sht-art-90142-3.jpg,https://dlt.by/image/catalog/easyphoto/2502/shlifovalnyy-krug-rollingdog-225mm-r240-nabor-6-sht-art-90142-4.jpg,https://dlt.by/image/catalog/easyphoto/2502/shlifovalnyy-krug-rollingdog-225mm-r240-nabor-6-sht-art-90142-5.jpg,,,,,,,,,,,,,,,,,,,,,,,,,,,,,,,,,,,,,,,,,,"
"Набор для шлифовки внутренних углов Rollingdog №3 (9 предметов), соединение резьба, серия Elite арт.90153",Малярный и штукатурный инструмент>Абразивные материалы>Шлифовальные блоки и шайбы/наборы,90153,1 444.52,"https://dlt.by/image/catalog/easyphoto/2503/nabor-dlya-shlifovki-vnutrennih-uglov-rollingdog-3-9-predmetov-soedinenie-rezba-seriya-elite-art-90153-4.jpg,https://dlt.by/image/catalog/easyphoto/2503/nabor-dlya-shlifovki-vnutrennih-uglov-rollingdog-3-9-predmetov-soedinenie-rezba-seriya-elite-art-90153-5.jpg,https://dlt.by/image/catalog/easyphoto/2503/nabor-dlya-shlifovki-vnutrennih-uglov-rollingdog-3-9-predmetov-soedinenie-rezba-seriya-elite-art-90153-6.jpg,https://dlt.by/image/catalog/easyphoto/2503/nabor-dlya-shlifovki-vnutrennih-uglov-rollingdog-3-9-predmetov-soedinenie-rezba-seriya-elite-art-90153-7.jpg,https://dlt.by/image/catalog/easyphoto/2503/nabor-dlya-shlifovki-vnutrennih-uglov-rollingdog-3-9-predmetov-soedinenie-rezba-seriya-elite-art-90153-8.jpg,https://dlt.by/image/catalog/easyphoto/2503/nabor-dlya-shlifovki-vnutrennih-uglov-rollingdog-3-9-predmetov-soedinenie-rezba-seriya-elite-art-90153-9.jpg,https://dlt.by/image/catalog/easyphoto/2503/nabor-dlya-shlifovki-vnutrennih-uglov-rollingdog-3-9-predmetov-soedinenie-rezba-seriya-elite-art-90153-10.jpg,,,,,,,,,,,,,,,,,,,,,,,,,,,,,,,,,,,,,,,"
"Набор для ручной шлифовки Rollingdog SURFEX №1 (9 предметов), соединение резьба, серия Elite, арт.90155",Малярный и штукатурный инструмент>Абразивные материалы>Шлифовальные блоки и шайбы/наборы,90155,1 474.62,"https://dlt.by/image/catalog/easyphoto/2504/nabor-dlya-ruchnoy-shlifovki-rollingdog-surfex-1-9-predmetov-soedinenie-rezba-seriya-professional-art-90155-2.jpg,https://dlt.by/image/catalog/easyphoto/2504/nabor-dlya-ruchnoy-shlifovki-rollingdog-surfex-1-9-predmetov-soedinenie-rezba-seriya-professional-art-90155-3.jpg,https://dlt.by/image/catalog/easyphoto/2504/nabor-dlya-ruchnoy-shlifovki-rollingdog-surfex-1-9-predmetov-soedinenie-rezba-seriya-professional-art-90155-4.jpg,https://dlt.by/image/catalog/easyphoto/2504/nabor-dlya-ruchnoy-shlifovki-rollingdog-surfex-1-9-predmetov-soedinenie-rezba-seriya-professional-art-90155-5.jpg,https://dlt.by/image/catalog/easyphoto/2504/nabor-dlya-ruchnoy-shlifovki-rollingdog-surfex-1-9-predmetov-soedinenie-rezba-seriya-professional-art-90155-6.jpg,https://dlt.by/image/catalog/easyphoto/2504/nabor-dlya-ruchnoy-shlifovki-rollingdog-surfex-1-9-predmetov-soedinenie-rezba-seriya-professional-art-90155-7.jpg,https://dlt.by/image/catalog/easyphoto/2504/nabor-dlya-ruchnoy-shlifovki-rollingdog-surfex-1-9-predmetov-soedinenie-rezba-seriya-professional-art-90155-9.jpg,https://dlt.by/image/catalog/easyphoto/2504/nabor-dlya-ruchnoy-shlifovki-rollingdog-surfex-1-9-predmetov-soedinenie-rezba-seriya-professional-art-90155-8.jpg,,,,,,,,,,,,,,,,,,,,,,,,,,,,,,,,,,,,,,"
"Набор для ручной шлифовки Rollingdog SURFEX №2 (9 предметов), соединение резьба, серия Elite, арт.90157",Малярный и штукатурный инструмент>Абразивные материалы>Шлифовальные блоки и шайбы/наборы,90157,1 053.30,"https://dlt.by/image/catalog/easyphoto/2505/nabor-dlya-ruchnoy-shlifovki-rollingdog-surfex-2-9-predmetov-soedinenie-rezba-seriya-professional-art-90157-2.jpg,https://dlt.by/image/catalog/easyphoto/2505/nabor-dlya-ruchnoy-shlifovki-rollingdog-surfex-2-9-predmetov-soedinenie-rezba-seriya-professional-art-90157-3.jpg,https://dlt.by/image/catalog/easyphoto/2505/nabor-dlya-ruchnoy-shlifovki-rollingdog-surfex-2-9-predmetov-soedinenie-rezba-seriya-professional-art-90157-4.jpg,https://dlt.by/image/catalog/easyphoto/2505/nabor-dlya-ruchnoy-shlifovki-rollingdog-surfex-2-9-predmetov-soedinenie-rezba-seriya-professional-art-90157-5.jpg,https://dlt.by/image/catalog/easyphoto/2505/nabor-dlya-ruchnoy-shlifovki-rollingdog-surfex-2-9-predmetov-soedinenie-rezba-seriya-professional-art-90157-8.jpg,https://dlt.by/image/catalog/easyphoto/2505/nabor-dlya-ruchnoy-shlifovki-rollingdog-surfex-2-9-predmetov-soedinenie-rezba-seriya-professional-art-90157-6.jpg,https://dlt.by/image/catalog/easyphoto/2505/nabor-dlya-ruchnoy-shlifovki-rollingdog-surfex-2-9-predmetov-soedinenie-rezba-seriya-professional-art-90157-7.jpg,https://dlt.by/image/catalog/easyphoto/2505/nabor-dlya-ruchnoy-shlifovki-rollingdog-surfex-2-9-predmetov-soedinenie-rezba-seriya-professional-art-90157-9.jpg,https://dlt.by/image/catalog/easyphoto/2505/nabor-dlya-ruchnoy-shlifovki-rollingdog-surfex-2-9-predmetov-soedinenie-rezba-seriya-professional-art-90157-10.jpg,,,,,,,,,,,,,,,,,,,,,,,,,,,,,,,,,,,,,"
"Набор для ручной шлифовки Rollingdog SURFEX №4 (16 предметов), соединение резьба, серия Elite арт.90159",Малярный и штукатурный инструмент>Абразивные материалы>Шлифовальные блоки и шайбы/наборы,90159,1 986.22,"https://dlt.by/image/catalog/easyphoto/2506/nabor-dlya-ruchnoy-shlifovki-rollingdog-surfex-4-16-predmetov-soedinenie-rezba-seriya-elite-art-90159-2.jpg,https://dlt.by/image/catalog/easyphoto/2506/nabor-dlya-ruchnoy-shlifovki-rollingdog-surfex-4-16-predmetov-soedinenie-rezba-seriya-elite-art-90159-11.jpg,https://dlt.by/image/catalog/easyphoto/2506/nabor-dlya-ruchnoy-shlifovki-rollingdog-surfex-4-16-predmetov-soedinenie-rezba-seriya-elite-art-90159-12.jpg,https://dlt.by/image/catalog/easyphoto/2506/nabor-dlya-ruchnoy-shlifovki-rollingdog-surfex-4-16-predmetov-soedinenie-rezba-seriya-elite-art-90159-13.jpg,https://dlt.by/image/catalog/easyphoto/2506/nabor-dlya-ruchnoy-shlifovki-rollingdog-surfex-4-16-predmetov-soedinenie-rezba-seriya-elite-art-90159-14.jpg,https://dlt.by/image/catalog/easyphoto/2506/nabor-dlya-ruchnoy-shlifovki-rollingdog-surfex-4-16-predmetov-soedinenie-rezba-seriya-elite-art-90159-15.jpg,https://dlt.by/image/catalog/easyphoto/2506/nabor-dlya-ruchnoy-shlifovki-rollingdog-surfex-4-16-predmetov-soedinenie-rezba-seriya-elite-art-90159-16.jpg,https://dlt.by/image/catalog/easyphoto/2506/nabor-dlya-ruchnoy-shlifovki-rollingdog-surfex-4-16-predmetov-soedinenie-rezba-seriya-elite-art-90159-17.jpg,https://dlt.by/image/catalog/easyphoto/2506/nabor-dlya-ruchnoy-shlifovki-rollingdog-surfex-4-16-predmetov-soedinenie-rezba-seriya-elite-art-90159-18.jpg,https://dlt.by/image/catalog/easyphoto/2506/nabor-dlya-ruchnoy-shlifovki-rollingdog-surfex-4-16-predmetov-soedinenie-rezba-seriya-elite-art-90159-19.jpg,https://dlt.by/image/catalog/easyphoto/2506/nabor-dlya-ruchnoy-shlifovki-rollingdog-surfex-4-16-predmetov-soedinenie-rezba-seriya-elite-art-90159-20.jpg,https://dlt.by/image/catalog/easyphoto/2506/nabor-dlya-ruchnoy-shlifovki-rollingdog-surfex-4-16-predmetov-soedinenie-rezba-seriya-elite-art-90159-21.jpg,https://dlt.by/image/catalog/easyphoto/2506/nabor-dlya-ruchnoy-shlifovki-rollingdog-surfex-4-16-predmetov-soedinenie-rezba-seriya-elite-art-90159-22.jpg,https://dlt.by/image/catalog/easyphoto/2506/nabor-dlya-ruchnoy-shlifovki-rollingdog-surfex-4-16-predmetov-soedinenie-rezba-seriya-elite-art-90159-23.jpg,,,,,,,,,,,,,,,,,,,,,,,,,,,,,,,,"
"Набор абразивных губок с ручкой #60/#120/#180 Rollingdog №2, арт.90163",Малярный и штукатурный инструмент>Абразивные материалы>Шлифовальные блоки и шайбы/наборы,90163,306.96,"https://dlt.by/image/catalog/easyphoto/2507/nabor-abrazivnyh-gubok-s-ruchkoy-60-120-180-rollingdog-2-art-90163-6.jpg,https://dlt.by/image/catalog/easyphoto/2507/nabor-abrazivnyh-gubok-s-ruchkoy-60-120-180-rollingdog-2-art-90163-7.jpg,https://dlt.by/image/catalog/easyphoto/2507/nabor-abrazivnyh-gubok-s-ruchkoy-60-120-180-rollingdog-2-art-90163-8.jpg,https://dlt.by/image/catalog/easyphoto/2507/nabor-abrazivnyh-gubok-s-ruchkoy-60-120-180-rollingdog-2-art-90163-9.jpg,https://dlt.by/image/catalog/easyphoto/2507/nabor-abrazivnyh-gubok-s-ruchkoy-60-120-180-rollingdog-2-art-90163-10.jpg,https://dlt.by/image/catalog/easyphoto/2507/nabor-abrazivnyh-gubok-s-ruchkoy-60-120-180-rollingdog-2-art-90163-11.jpg,,,,,,,,,,,,,,,,,,,,,,,,,,,,,,,,,,,,,,,,"
"Набор абразивных губок с ручкой #60/#120/#180 Rollingdog №1, арт.90177",Малярный и штукатурный инструмент>Абразивные материалы>Шлифовальные блоки и шайбы/наборы,90177,481.51,"https://dlt.by/image/catalog/easyphoto/2508/nabor-abrazivnyh-gubok-s-ruchkoy-60-120-180-rollingdog-1-art-90177-2.jpg,https://dlt.by/image/catalog/easyphoto/2508/nabor-abrazivnyh-gubok-s-ruchkoy-60-120-180-rollingdog-1-art-90177-3.jpg,https://dlt.by/image/catalog/easyphoto/2508/nabor-abrazivnyh-gubok-s-ruchkoy-60-120-180-rollingdog-1-art-90177-4.jpg,https://dlt.by/image/catalog/easyphoto/2508/nabor-abrazivnyh-gubok-s-ruchkoy-60-120-180-rollingdog-1-art-90177-5.jpg,https://dlt.by/image/catalog/easyphoto/2508/nabor-abrazivnyh-gubok-s-ruchkoy-60-120-180-rollingdog-1-art-90177-6.jpg,https://dlt.by/image/catalog/easyphoto/2508/nabor-abrazivnyh-gubok-s-ruchkoy-60-120-180-rollingdog-1-art-90177-7.jpg,,,,,,,,,,,,,,,,,,,,,,,,,,,,,,,,,,,,,,,,"
"Валик Rollingdog HI-SHEEN 230мм, ворс 5мм, для бюгеля 8мм, велюр, арт.00127",Акции на строительный инструмент,127,207.65,"https://dlt.by/image/catalog/easyphoto/2509/valik-rollingdog-hi-sheen-230mm-vors-5mm-dlya-byugelya-8mm-velyur-art-00127-2.jpg,https://dlt.by/image/catalog/easyphoto/2509/valik-rollingdog-hi-sheen-230mm-vors-5mm-dlya-byugelya-8mm-velyur-art-00127-3.jpg,https://dlt.by/image/catalog/easyphoto/2509/valik-rollingdog-hi-sheen-230mm-vors-5mm-dlya-byugelya-8mm-velyur-art-00127-4.jpg,https://dlt.by/image/catalog/easyphoto/2509/nabor-abrazivnyh-gubok-s-ruchkoy-60-120-180-rollingdog-1-art-90177-1.jpg,,,,,,,,,,,,,,,,,,,,,,,,,,,,,,,,,,,,,,,,,,"
"Валик Rollingdog SUPER-MICRO 230мм, ворс 6мм, для каркаса 38мм, микрофибра, арт.00200",Малярный и штукатурный инструмент>Валики малярные>Шубки (ролики),200,117.37,"https://dlt.by/image/catalog/easyphoto/2510/valik-rollingdog-super-micro-230mm-vors-6mm-dlya-karkasa-38mm-mikrofibra-art-00200-2.jpg,https://dlt.by/image/catalog/easyphoto/2510/valik-rollingdog-super-micro-230mm-vors-6mm-dlya-karkasa-38mm-mikrofibra-art-00200-3.jpg,https://dlt.by/image/catalog/easyphoto/2510/valik-rollingdog-super-micro-230mm-vors-6mm-dlya-karkasa-38mm-mikrofibra-art-00200-4.jpg,https://dlt.by/image/catalog/easyphoto/2510/valik-rollingdog-hi-sheen-230mm-vors-5mm-dlya-byugelya-8mm-velyur-art-00127-1.jpg,,,,,,,,,,,,,,,,,,,,,,,,,,,,,,,,,,,,,,,,,,"
"Валик Rollingdog SUPER-MICRO 230мм, ворс 19мм, для каркаса 38мм, микрофибра, арт.00202",Бренды>Малярный инструмент ROLLINGDOG,202,135.42,"https://dlt.by/image/catalog/easyphoto/2511/valik-rollingdog-super-micro-230mm-vors-19mm-dlya-karkasa-38mm-mikrofibra-art-00202-2.jpg,https://dlt.by/image/catalog/easyphoto/2511/valik-rollingdog-super-micro-230mm-vors-19mm-dlya-karkasa-38mm-mikrofibra-art-00202-3.jpg,https://dlt.by/image/catalog/easyphoto/2511/valik-rollingdog-super-micro-230mm-vors-19mm-dlya-karkasa-38mm-mikrofibra-art-00202-4.jpg,https://dlt.by/image/catalog/easyphoto/2511/valik-rollingdog-super-micro-230mm-vors-19mm-dlya-karkasa-38mm-mikrofibra-art-00202-1.jpg,,,,,,,,,,,,,,,,,,,,,,,,,,,,,,,,,,,,,,,,,,"
"Валик Rollingdog SUPER-MICRO 230мм, ворс 9.5мм, для бюгеля 8мм, микрофибра, арт.00242",Малярный и штукатурный инструмент>Валики малярные>Шубки (ролики),242,162.51,"https://dlt.by/image/catalog/easyphoto/2512/valik-rollingdog-super-micro-230mm-vors-9-5mm-dlya-byugelya-8mm-mikrofibra-art-00242-2.jpg,https://dlt.by/image/catalog/easyphoto/2512/valik-rollingdog-super-micro-230mm-vors-9-5mm-dlya-byugelya-8mm-mikrofibra-art-00242-3.jpg,https://dlt.by/image/catalog/easyphoto/2512/valik-rollingdog-super-micro-230mm-vors-9-5mm-dlya-byugelya-8mm-mikrofibra-art-00242-4.jpg,,,,,,,,,,,,,,,,,,,,,,,,,,,,,,,,,,,,,,,,,,,"
"Набор валиков Rollingdog SUPER-MICRO 230мм, 3шт, ворс 9.5мм, для каркаса 38мм, микрофибра, арт.00247",Малярный и штукатурный инструмент>Валики малярные>Наборы,247,481.51,"https://dlt.by/image/catalog/easyphoto/2513/valik-rollingdog-super-micro-230mm-vors-9-5mm-dlya-byugelya-8mm-mikrofibra-art-00242-1.jpg,https://dlt.by/image/catalog/easyphoto/2513/valik-rollingdog-super-micro-230mm-vors-9-5mm-dlya-byugelya-8mm-mikrofibra-art-00242-2.jpg,https://dlt.by/image/catalog/easyphoto/2513/valik-rollingdog-super-micro-230mm-vors-9-5mm-dlya-byugelya-8mm-mikrofibra-art-00242-3.jpg,https://dlt.by/image/catalog/easyphoto/2513/valik-rollingdog-super-micro-230mm-vors-9-5mm-dlya-byugelya-8mm-mikrofibra-art-00242-4.jpg,https://dlt.by/image/catalog/easyphoto/2513/valik-rollingdog-super-micro-230mm-vors-9-5mm-dlya-byugelya-8mm-mikrofibra-art-00242-5.jpg,,,,,,,,,,,,,,,,,,,,,,,,,,,,,,,,,,,,,,,,,"
"Валик Rollingdog SUPER-MICRO 230мм, ворс 9,5мм, для каркаса 38мм, микрофибра, арт.00252",Малярный и штукатурный инструмент>Валики малярные>Шубки (ролики),252,123.39,"https://dlt.by/image/catalog/easyphoto/2514/valik-rollingdog-super-micro-230mm-vors-9-5mm-dlya-karkasa-38mm-mikrofibra-art-00252-5.jpg,https://dlt.by/image/catalog/easyphoto/2514/valik-rollingdog-super-micro-230mm-vors-9-5mm-dlya-karkasa-38mm-mikrofibra-art-00252-6.jpg,https://dlt.by/image/catalog/easyphoto/2514/valik-rollingdog-super-micro-230mm-vors-9-5mm-dlya-karkasa-38mm-mikrofibra-art-00252-7.jpg,https://dlt.by/image/catalog/easyphoto/2514/nabor-valikov-rollingdog-super-micro-230mm-9sht-vors-9-5mm-dlya-karkasa-38mm-mikrofibra-art-00247-1.jpg,https://dlt.by/image/catalog/easyphoto/2514/nabor-valikov-rollingdog-super-micro-230mm-9sht-vors-9-5mm-dlya-karkasa-38mm-mikrofibra-art-00247-2.png,https://dlt.by/image/catalog/easyphoto/2514/nabor-valikov-rollingdog-super-micro-230mm-9sht-vors-9-5mm-dlya-karkasa-38mm-mikrofibra-art-00247-3.png,https://dlt.by/image/catalog/easyphoto/2514/nabor-valikov-rollingdog-super-micro-230mm-9sht-vors-9-5mm-dlya-karkasa-38mm-mikrofibra-art-00247-4.png,,,,,,,,,,,,,,,,,,,,,,,,,,,,,,,,,,,,,,,"
"Набор валиков Rollingdog SUPER-MICRO 76мм, 2шт, ворс 10мм, для каркаса 38мм, микрофибра, арт.00272",Акции на строительный инструмент,272,186.58,"https://dlt.by/image/catalog/easyphoto/2515/nabor-valikov-rollingdog-super-micro-76mm-2sht-vors-10mm-dlya-karkasa-38mm-mikrofibra-art-00272-3.jpg,https://dlt.by/image/catalog/easyphoto/2515/nabor-valikov-rollingdog-super-micro-76mm-2sht-vors-10mm-dlya-karkasa-38mm-mikrofibra-art-00272-4.jpg,https://dlt.by/image/catalog/easyphoto/2515/nabor-valikov-rollingdog-super-micro-76mm-2sht-vors-10mm-dlya-karkasa-38mm-mikrofibra-art-00272-5.jpg,,,,,,,,,,,,,,,,,,,,,,,,,,,,,,,,,,,,,,,,,,,"
"Валик Rollingdog High Density 230мм, ворс 12мм, для бюгеля 8мм, микрофибра, арт.00292",Малярный и штукатурный инструмент>Валики малярные>Шубки (ролики),292,328.03,"https://dlt.by/image/catalog/easyphoto/2516/valik-rollingdog-high-density-230mm-vors-12mm-dlya-byugelya-8mm-mikrofibra-art-00292-5.jpg,https://dlt.by/image/catalog/easyphoto/2516/valik-rollingdog-high-density-230mm-vors-12mm-dlya-byugelya-8mm-mikrofibra-art-00292-6.jpg,https://dlt.by/image/catalog/easyphoto/2516/valik-rollingdog-high-density-230mm-vors-12mm-dlya-byugelya-8mm-mikrofibra-art-00292-7.jpg,https://dlt.by/image/catalog/easyphoto/2516/valik-rollingdog-super-micro-75mm-vors-10mm-dlya-karkasa-38mm-mikrofibra-nabor-2sht-art-00272-1.jpg,https://dlt.by/image/catalog/easyphoto/2516/valik-rollingdog-super-micro-75mm-vors-10mm-dlya-karkasa-38mm-mikrofibra-nabor-2sht-art-00272-2.jpg,https://dlt.by/image/catalog/easyphoto/2516/valik-rollingdog-super-micro-75mm-vors-10mm-dlya-karkasa-38mm-mikrofibra-nabor-2sht-art-00272-3.jpg,https://dlt.by/image/catalog/easyphoto/2516/valik-rollingdog-super-micro-75mm-vors-10mm-dlya-karkasa-38mm-mikrofibra-nabor-2sht-art-00272-4.jpg,,,,,,,,,,,,,,,,,,,,,,,,,,,,,,,,,,,,,,,"
"Набор валиков Rollingdog Micro-Max 100мм, 2шт, ворс 12мм, для бюгеля 6мм, микрофибра, арт.00294",Акции на строительный инструмент,294,246.77,"https://dlt.by/image/catalog/easyphoto/2517/nabor-valikov-rollingdog-micro-max-100mm-2sht-vors-12mm-dlya-byugelya-6mm-mikrofibra-art-00294-5.jpg,https://dlt.by/image/catalog/easyphoto/2517/nabor-valikov-rollingdog-micro-max-100mm-2sht-vors-12mm-dlya-byugelya-6mm-mikrofibra-art-00294-6.jpg,https://dlt.by/image/catalog/easyphoto/2517/nabor-valikov-rollingdog-micro-max-100mm-2sht-vors-12mm-dlya-byugelya-6mm-mikrofibra-art-00294-7.jpg,https://dlt.by/image/catalog/easyphoto/2517/valik-rollingdog-high-density-230mm-vors-12mm-dlya-byugelya-8mm-mikrofibra-art-00292-1.jpg,https://dlt.by/image/catalog/easyphoto/2517/valik-rollingdog-high-density-230mm-vors-12mm-dlya-byugelya-8mm-mikrofibra-art-00292-2.jpg,https://dlt.by/image/catalog/easyphoto/2517/valik-rollingdog-high-density-230mm-vors-12mm-dlya-byugelya-8mm-mikrofibra-art-00292-3.jpg,https://dlt.by/image/catalog/easyphoto/2517/valik-rollingdog-high-density-230mm-vors-12mm-dlya-byugelya-8mm-mikrofibra-art-00292-4.jpg,,,,,,,,,,,,,,,,,,,,,,,,,,,,,,,,,,,,,,,"
"Валик Rollingdog 230мм, ворс 12мм, для бюгеля 8мм, полиамид, арт.00296",Акции на строительный инструмент,296,367.15,"https://dlt.by/image/catalog/easyphoto/2518/valik-rollingdog-230mm-vors-12mm-dlya-byugelya-8mm-poliamid-art-00296-6.jpg,https://dlt.by/image/catalog/easyphoto/2518/valik-rollingdog-230mm-vors-12mm-dlya-byugelya-8mm-poliamid-art-00296-7.jpg,https://dlt.by/image/catalog/easyphoto/2518/valik-rollingdog-230mm-vors-12mm-dlya-byugelya-8mm-poliamid-art-00296-8.jpg,https://dlt.by/image/catalog/easyphoto/2518/nabor-valikov-rollingdog-micro-max-2sht-100mm-vors-12mm-dlya-byugelya-6mm-mikrofibra-art-00294-1.jpg,https://dlt.by/image/catalog/easyphoto/2518/nabor-valikov-rollingdog-micro-max-2sht-100mm-vors-12mm-dlya-byugelya-6mm-mikrofibra-art-00294-2.jpg,https://dlt.by/image/catalog/easyphoto/2518/nabor-valikov-rollingdog-micro-max-2sht-100mm-vors-12mm-dlya-byugelya-6mm-mikrofibra-art-00294-3.jpg,https://dlt.by/image/catalog/easyphoto/2518/nabor-valikov-rollingdog-micro-max-2sht-100mm-vors-12mm-dlya-byugelya-6mm-mikrofibra-art-00294-4.jpg,https://dlt.by/image/catalog/easyphoto/2518/nabor-valikov-rollingdog-micro-max-2sht-100mm-vors-12mm-dlya-byugelya-6mm-mikrofibra-art-00294-5.jpg,,,,,,,,,,,,,,,,,,,,,,,,,,,,,,,,,,,,,,"
"Набор валиков Rollingdog 100мм, 2шт, ворс 12мм, для бюгеля 6мм, полиамид, арт.00298",Акции на строительный инструмент,298,276.87,"https://dlt.by/image/catalog/easyphoto/2519/nabor-valikov-rollingdog-100mm-2sht-vors-12mm-dlya-byugelya-6mm-poliamid-art-00298-8.jpg,https://dlt.by/image/catalog/easyphoto/2519/nabor-valikov-rollingdog-100mm-2sht-vors-12mm-dlya-byugelya-6mm-poliamid-art-00298-3.jpg,https://dlt.by/image/catalog/easyphoto/2519/nabor-valikov-rollingdog-100mm-2sht-vors-12mm-dlya-byugelya-6mm-poliamid-art-00298-4.jpg,https://dlt.by/image/catalog/easyphoto/2519/nabor-valikov-rollingdog-2sht-100mm-vors-12mm-dlya-byugelya-8mm-poliamid-art-00298-1.jpg,,,,,,,,,,,,,,,,,,,,,,,,,,,,,,,,,,,,,,,,,,"
"Валик Rollingdog 230мм, ворс 19мм, для бюгеля 8мм, полиамид, арт.00300",Акции на строительный инструмент,300,367.15,"https://dlt.by/image/catalog/easyphoto/2520/valik-rollingdog-230mm-vors-19mm-dlya-byugelya-8mm-poliamid-art-00300-2.jpg,https://dlt.by/image/catalog/easyphoto/2520/valik-rollingdog-230mm-vors-19mm-dlya-byugelya-8mm-poliamid-art-00300-3.jpg,https://dlt.by/image/catalog/easyphoto/2520/valik-rollingdog-230mm-vors-19mm-dlya-byugelya-8mm-poliamid-art-00300-4.jpg,https://dlt.by/image/catalog/easyphoto/2520/nabor-valikov-rollingdog-2sht-100mm-vors-12mm-dlya-byugelya-8mm-poliamid-art-00298-1.jpg,,,,,,,,,,,,,,,,,,,,,,,,,,,,,,,,,,,,,,,,,,"
"Валик Rollingdog 230мм, ворс 12мм, для каркаса 38мм, микрофибра, арт.00302",Бренды>Малярный инструмент ROLLINGDOG,302,252.79,"https://dlt.by/image/catalog/easyphoto/2521/valik-rollingdog-230mm-vors-12mm-dlya-karkasa-38mm-poliamid-art-00302-4.jpg,https://dlt.by/image/catalog/easyphoto/2521/valik-rollingdog-230mm-vors-12mm-dlya-karkasa-38mm-poliamid-art-00302-2.jpg,https://dlt.by/image/catalog/easyphoto/2521/valik-rollingdog-230mm-vors-12mm-dlya-karkasa-38mm-poliamid-art-00302-3.jpg,https://dlt.by/image/catalog/easyphoto/2521/valik-rollingdog-230mm-vors-19mm-dlya-byugelya-8mm-poliamid-art-00300-1.jpg,,,,,,,,,,,,,,,,,,,,,,,,,,,,,,,,,,,,,,,,,,"
"Валик Rollingdog 457мм, ворс 12мм, для каркаса 44мм, полиамид, арт.00323",Акции на строительный инструмент,323,728.28,"https://dlt.by/image/catalog/easyphoto/2522/valik-rollingdog-450mm-vors-12mm-dlya-karkasa-44mm-poliamid-art-00323-3.jpg,https://dlt.by/image/catalog/easyphoto/2522/valik-rollingdog-450mm-vors-12mm-dlya-karkasa-44mm-poliamid-art-00323-4.jpg,https://dlt.by/image/catalog/easyphoto/2522/valik-rollingdog-450mm-vors-12mm-dlya-karkasa-44mm-poliamid-art-00323-5.jpg,https://dlt.by/image/catalog/easyphoto/2522/valik-rollingdog-450mm-vors-12mm-dlya-karkasa-44mm-poliamid-art-00323-1.jpg,https://dlt.by/image/catalog/easyphoto/2522/valik-rollingdog-450mm-vors-12mm-dlya-karkasa-44mm-poliamid-art-00323-2.jpg,,,,,,,,,,,,,,,,,,,,,,,,,,,,,,,,,,,,,,,,,"
"Набор валиков Rollingdog GLOSS-KING 100м, 10шт, для бюгеля 6мм, поролон, арт.00348",Акции на строительный инструмент,348,842.64,"https://dlt.by/image/catalog/easyphoto/2523/nabor-valikov-rollingdog-gloss-king-100m-10sht-dlya-byugelya-6mm-porolon-art-00348-6.jpg,https://dlt.by/image/catalog/easyphoto/2523/nabor-valikov-rollingdog-gloss-king-100m-10sht-dlya-byugelya-6mm-porolon-art-00348-7.jpg,https://dlt.by/image/catalog/easyphoto/2523/nabor-valikov-rollingdog-gloss-king-100m-10sht-dlya-byugelya-6mm-porolon-art-00348-8.jpg,https://dlt.by/image/catalog/easyphoto/2523/nabor-valikov-rollingdog-gloss-king-100m-10sht-dlya-byugelya-6mm-porolon-art-00348-10.jpg,https://dlt.by/image/catalog/easyphoto/2523/nabor-valikov-rollingdog-gloss-king-100m-10sht-dlya-byugelya-6mm-porolon-art-00348-9.jpg,https://dlt.by/image/catalog/easyphoto/2523/valik-rollingdog-450mm-vors-12mm-dlya-karkasa-44mm-poliamid-art-00323-1.jpg,https://dlt.by/image/catalog/easyphoto/2523/valik-rollingdog-450mm-vors-12mm-dlya-karkasa-44mm-poliamid-art-00323-2.png,https://dlt.by/image/catalog/easyphoto/2523/valik-rollingdog-450mm-vors-12mm-dlya-karkasa-44mm-poliamid-art-00323-3.png,https://dlt.by/image/catalog/easyphoto/2523/valik-rollingdog-450mm-vors-12mm-dlya-karkasa-44mm-poliamid-art-00323-4.png,https://dlt.by/image/catalog/easyphoto/2523/valik-rollingdog-450mm-vors-12mm-dlya-karkasa-44mm-poliamid-art-00323-5.png,,,,,,,,,,,,,,,,,,,,,,,,,,,,,,,,,,,,"
"Набор валиков Rollingdog 50мм, 10шт, поролон, арт.00349",Акции на строительный инструмент,349,662.07,"https://dlt.by/image/catalog/easyphoto/2524/nabor-valikov-rollingdog-50mm-10sht-porolon-art-00349-7.jpg,https://dlt.by/image/catalog/easyphoto/2524/nabor-valikov-rollingdog-50mm-10sht-porolon-art-00349-10.jpg,https://dlt.by/image/catalog/easyphoto/2524/nabor-valikov-rollingdog-50mm-10sht-porolon-art-00349-8.jpg,https://dlt.by/image/catalog/easyphoto/2524/nabor-valikov-rollingdog-50mm-10sht-porolon-art-00349-9.jpg,https://dlt.by/image/catalog/easyphoto/2524/nabor-valikov-rollingdog-50mm-10sht-porolon-art-00349-11.jpg,https://dlt.by/image/catalog/easyphoto/2524/nabor-valikov-rollingdog-gloss-king-100m-10sht-dlya-byugelya-6mm-porolon-art-00348-1.jpg,https://dlt.by/image/catalog/easyphoto/2524/nabor-valikov-rollingdog-gloss-king-100m-10sht-dlya-byugelya-6mm-porolon-art-00348-2.png,https://dlt.by/image/catalog/easyphoto/2524/nabor-valikov-rollingdog-gloss-king-100m-10sht-dlya-byugelya-6mm-porolon-art-00348-3.png,https://dlt.by/image/catalog/easyphoto/2524/nabor-valikov-rollingdog-gloss-king-100m-10sht-dlya-byugelya-6mm-porolon-art-00348-4.png,https://dlt.by/image/catalog/easyphoto/2524/nabor-valikov-rollingdog-gloss-king-100m-10sht-dlya-byugelya-6mm-porolon-art-00348-5.png,https://dlt.by/image/catalog/easyphoto/2524/nabor-valikov-rollingdog-gloss-king-100m-10sht-dlya-byugelya-6mm-porolon-art-00348-6.png,,,,,,,,,,,,,,,,,,,,,,,,,,,,,,,,,,,"
"Валик Rollingdog 180мм, ворс 9.5мм, для бюгеля 8мм, микрофибра, арт.00362",Акции на строительный инструмент,362,153.48,"https://dlt.by/image/catalog/easyphoto/2525/valik-rollingdog-180mm-vors-9-5mm-dlya-byugelya-8mm-mikrofibra-art-00362-6.jpg,https://dlt.by/image/catalog/easyphoto/2525/valik-rollingdog-180mm-vors-9-5mm-dlya-byugelya-8mm-mikrofibra-art-00362-7.jpg,https://dlt.by/image/catalog/easyphoto/2525/valik-rollingdog-180mm-vors-9-5mm-dlya-byugelya-8mm-mikrofibra-art-00362-8.jpg,https://dlt.by/image/catalog/easyphoto/2525/nabor-valikov-rollingdog-50mm-10sht-porolon-art-00349-1.jpg,https://dlt.by/image/catalog/easyphoto/2525/nabor-valikov-rollingdog-50mm-10sht-porolon-art-00349-2.jpg,https://dlt.by/image/catalog/easyphoto/2525/nabor-valikov-rollingdog-50mm-10sht-porolon-art-00349-3.jpg,https://dlt.by/image/catalog/easyphoto/2525/nabor-valikov-rollingdog-50mm-10sht-porolon-art-00349-4.jpg,https://dlt.by/image/catalog/easyphoto/2525/nabor-valikov-rollingdog-50mm-10sht-porolon-art-00349-5.jpg,,,,,,,,,,,,,,,,,,,,,,,,,,,,,,,,,,,,,,"
"Валик Rollingdog 230мм, ворс 12мм, для каркаса 38мм, полиэстер/полиамид, арт.00367",Акции на строительный инструмент,367,189.59,"https://dlt.by/image/catalog/easyphoto/2526/valik-rollingdog-230mm-vors-12mm-dlya-karkasa-38mm-poliester-poliamid-art-00367-2.jpg,https://dlt.by/image/catalog/easyphoto/2526/valik-rollingdog-230mm-vors-12mm-dlya-karkasa-38mm-poliester-poliamid-art-00367-3.jpg,https://dlt.by/image/catalog/easyphoto/2526/valik-rollingdog-230mm-vors-12mm-dlya-karkasa-38mm-poliester-poliamid-art-00367-4.jpg,https://dlt.by/image/catalog/easyphoto/2526/valik-rollingdog-180mm-vors-9-5mm-dlya-byugelya-8mm-mikrofibra-art-00362-1.jpg,,,,,,,,,,,,,,,,,,,,,,,,,,,,,,,,,,,,,,,,,,"
"Набор валиков Rollingdog SUPER-MICRO 100мм, 2шт, ворс 9,5мм, для каркаса 18мм, микрофибра, арт.00368",Акции на строительный инструмент,368,246.77,"https://dlt.by/image/catalog/easyphoto/2527/nabor-valikov-rollingdog-super-micro-100mm-2sht-vors-9-5mm-dlya-karkasa-18mm-mikrofibra-art-00368-3.jpg,https://dlt.by/image/catalog/easyphoto/2527/nabor-valikov-rollingdog-super-micro-100mm-2sht-vors-9-5mm-dlya-karkasa-18mm-mikrofibra-art-00368-4.jpg,https://dlt.by/image/catalog/easyphoto/2527/nabor-valikov-rollingdog-super-micro-100mm-2sht-vors-9-5mm-dlya-karkasa-18mm-mikrofibra-art-00368-5.jpg,https://dlt.by/image/catalog/easyphoto/2527/nabor-valikov-rollingdog-super-micro-100mm-2sht-vors-9-5mm-dlya-karkasa-18mm-mikrofibra-art-00368-6.jpg,https://dlt.by/image/catalog/easyphoto/2527/valik-rollingdog-230mm-vors-12mm-dlya-karkasa-38mm-poliester-poliamid-art-00367-1.jpg,https://dlt.by/image/catalog/easyphoto/2527/valik-rollingdog-230mm-vors-12mm-dlya-karkasa-38mm-poliester-poliamid-art-00367-2.jpg,,,,,,,,,,,,,,,,,,,,,,,,,,,,,,,,,,,,,,,,"
"Набор валиков Rollingdog Standard 100мм, 10шт, ворс 12мм, для бюгеля 6мм, полиэстер, арт.00371",Малярный и штукатурный инструмент>Валики малярные>Наборы,371,367.15,"https://dlt.by/image/catalog/easyphoto/2528/nabor-valikov-rollingdog-standard-100mm-10sht-vors-12mm-dlya-byugelya-6mm-poliester-art-00371-8.jpg,https://dlt.by/image/catalog/easyphoto/2528/nabor-valikov-rollingdog-standard-100mm-10sht-vors-12mm-dlya-byugelya-6mm-poliester-art-00371-5.jpg,https://dlt.by/image/catalog/easyphoto/2528/nabor-valikov-rollingdog-standard-100mm-10sht-vors-12mm-dlya-byugelya-6mm-poliester-art-00371-6.jpg,https://dlt.by/image/catalog/easyphoto/2528/nabor-valikov-rollingdog-standard-100mm-10sht-vors-12mm-dlya-byugelya-6mm-poliester-art-00371-7.jpg,https://dlt.by/image/catalog/easyphoto/2528/nabor-valikov-rollingdog-super-micro-2sht-100mm-vors-9-5mm-dlya-krepleniya-18mm-mikrofibra-art-00368-1.jpg,https://dlt.by/image/catalog/easyphoto/2528/nabor-valikov-rollingdog-super-micro-2sht-100mm-vors-9-5mm-dlya-krepleniya-18mm-mikrofibra-art-00368-2.jpg,https://dlt.by/image/catalog/easyphoto/2528/nabor-valikov-rollingdog-super-micro-2sht-100mm-vors-9-5mm-dlya-krepleniya-18mm-mikrofibra-art-00368-3.jpg,,,,,,,,,,,,,,,,,,,,,,,,,,,,,,,,,,,,,,,"
"Валик Rollingdog SUPER-MICRO 457мм, ворс 9.5мм, для каркаса 38мм, микрофибра арт.00395",Малярный и штукатурный инструмент>Валики малярные>Шубки (ролики),395,306.96,"https://dlt.by/image/catalog/easyphoto/2529/valik-rollingdog-super-micro-450mm-vors-9-5mm-dlya-karkasa-38mm-mikrofibra-art-00395-3.jpg,https://dlt.by/image/catalog/easyphoto/2529/valik-rollingdog-super-micro-450mm-vors-9-5mm-dlya-karkasa-38mm-mikrofibra-art-00395-4.jpg,https://dlt.by/image/catalog/easyphoto/2529/valik-rollingdog-super-micro-450mm-vors-9-5mm-dlya-karkasa-38mm-mikrofibra-art-00395-5.jpg,https://dlt.by/image/catalog/easyphoto/2529/nabor-valikov-rollingdog-standard-10sht-100mm-vors-12mm-dlya-byugelya-6mm-poliester-art-00371-1.jpg,https://dlt.by/image/catalog/easyphoto/2529/nabor-valikov-rollingdog-standard-10sht-100mm-vors-12mm-dlya-byugelya-6mm-poliester-art-00371-2.jpg,,,,,,,,,,,,,,,,,,,,,,,,,,,,,,,,,,,,,,,,,"
"Валик Rollingdog 457мм, ворс 4мм, для каркаса 44мм, полиамид, арт.00409",Акции на строительный инструмент,409,583.83,"https://dlt.by/image/catalog/easyphoto/2530/valik-rollingdog-450mm-vors-4mm-dlya-karkasa-44mm-poliamid-art-00409-2.jpg,https://dlt.by/image/catalog/easyphoto/2530/valik-rollingdog-450mm-vors-4mm-dlya-karkasa-44mm-poliamid-art-00409-3.jpg,https://dlt.by/image/catalog/easyphoto/2530/valik-rollingdog-450mm-vors-4mm-dlya-karkasa-44mm-poliamid-art-00409-4.jpg,https://dlt.by/image/catalog/easyphoto/2530/valik-rollingdog-super-micro-450mm-vors-9-5mm-dlya-karkasa-38mm-mikrofibra-art-00395-1.jpg,,,,,,,,,,,,,,,,,,,,,,,,,,,,,,,,,,,,,,,,,,"
"Сменные вкладыши для кюветы Rollingdog 230мм, (набор 5шт.), арт.20001L",Акции на строительный инструмент,20001L,421.32,"https://dlt.by/image/catalog/easyphoto/2531/smennye-vkladyshi-dlya-kyuvety-rollingdog-230mm-nabor-5sht-art-20001l-5.jpg,https://dlt.by/image/catalog/easyphoto/2531/smennye-vkladyshi-dlya-kyuvety-rollingdog-230mm-nabor-5sht-art-20001l-6.jpg,https://dlt.by/image/catalog/easyphoto/2531/smennye-vkladyshi-dlya-kyuvety-rollingdog-230mm-nabor-5sht-art-20001l-7.jpg,https://dlt.by/image/catalog/easyphoto/2531/smennye-vkladyshi-dlya-kyuvety-rollingdog-230mm-nabor-5sht-art-20001l-8.jpg,https://dlt.by/image/catalog/easyphoto/2531/smennye-vkladyshi-dlya-kyuvety-rollingdog-230mm-nabor-5sht-art-20001l-9.jpg,https://dlt.by/image/catalog/easyphoto/2531/smennye-vkladyshi-dlya-kyuvety-rollingdog-230mm-nabor-5sht-art-20001l-10.jpg,https://dlt.by/image/catalog/easyphoto/2531/valik-rollingdog-450mm-vors-4mm-dlya-karkasa-44mm-poliamid-art-00409-3.jpg,https://dlt.by/image/catalog/easyphoto/2531/valik-rollingdog-450mm-vors-4mm-dlya-karkasa-44mm-poliamid-art-00409-4.jpg,,,,,,,,,,,,,,,,,,,,,,,,,,,,,,,,,,,,,,"
"Сменные вкладыши для кюветы Rollingdog 180мм, (набор 3шт.), арт.20059L",Малярный и штукатурный инструмент>Малярные ванночки и кюветы,20059L,601.88,"https://dlt.by/image/catalog/easyphoto/2532/smennye-vkladyshy-dlya-kyuvety-rollingdog-180mm-nabor-3sht-art-20059l-2.jpg,https://dlt.by/image/catalog/easyphoto/2532/smennye-vkladyshy-dlya-kyuvety-rollingdog-180mm-nabor-3sht-art-20059l-3.jpg,,,,,,,,,,,,,,,,,,,,,,,,,,,,,,,,,,,,,,,,,,,,"
"Сменные вкладыши для кюветы Rollingdog 100мм, (набор 3шт.), арт.20060L",Акции на строительный инструмент,20060L,276.87,"https://dlt.by/image/catalog/easyphoto/2533/smennye-vkladyshi-dlya-kyuvety-rollingdog-100mm-nabor-3sht-art-20060l-6.jpg,https://dlt.by/image/catalog/easyphoto/2533/smennye-vkladyshi-dlya-kyuvety-rollingdog-100mm-nabor-3sht-art-20060l-4.jpg,https://dlt.by/image/catalog/easyphoto/2533/smennye-vkladyshi-dlya-kyuvety-rollingdog-100mm-nabor-3sht-art-20060l-5.jpg,https://dlt.by/image/catalog/easyphoto/2533/smennye-vkladyshi-dlya-kyuvety-rollingdog-100mm-nabor-3sht-art-20060l-7.jpg,https://dlt.by/image/catalog/easyphoto/2533/smennye-vkladyshi-dlya-kyuvety-rollingdog-100mm-nabor-3sht-art-20060l-3.jpg,https://dlt.by/image/catalog/easyphoto/2533/smennye-vkladyshy-dlya-kyuvety-rollingdog-180mm-nabor-3sht-art-20059l-1.jpg,,,,,,,,,,,,,,,,,,,,,,,,,,,,,,,,,,,,,,,,"
"Сменные вкладыши для кюветы Rollingdog 230мм, (набор 3шт.), арт.20076L",Акции на строительный инструмент,20076L,511.60,"https://dlt.by/image/catalog/easyphoto/2534/smennye-vkladyshy-dlya-kyuvety-rollingdog-230mm-nabor-3sht-art-20076l-6.jpg,https://dlt.by/image/catalog/easyphoto/2534/smennye-vkladyshy-dlya-kyuvety-rollingdog-230mm-nabor-3sht-art-20076l-5.jpg,https://dlt.by/image/catalog/easyphoto/2534/smennye-vkladyshy-dlya-kyuvety-rollingdog-230mm-nabor-3sht-art-20076l-7.jpg,https://dlt.by/image/catalog/easyphoto/2534/smennye-vkladyshy-dlya-kyuvety-rollingdog-230mm-nabor-3sht-art-20076l-4.jpg,https://dlt.by/image/catalog/easyphoto/2534/smennye-vkladyshi-dlya-kyuvety-rollingdog-100mm-nabor-3sht-art-20060l-1.jpg,https://dlt.by/image/catalog/easyphoto/2534/smennye-vkladyshi-dlya-kyuvety-rollingdog-100mm-nabor-3sht-art-20060l-2.jpg,https://dlt.by/image/catalog/easyphoto/2534/smennye-vkladyshi-dlya-kyuvety-rollingdog-100mm-nabor-3sht-art-20060l-3.jpg,,,,,,,,,,,,,,,,,,,,,,,,,,,,,,,,,,,,,,,"
"Набор шпателей для силикона и герметика Rollingdog, арт.80263G",Инструмент для укладки плитки>Шпатели для силикона и герметика,80263G,246.77,"https://dlt.by/image/catalog/easyphoto/2535/nabor-shpateley-dlya-silikona-i-germetika-rollingdog-art-80263g-2.jpg,https://dlt.by/image/catalog/easyphoto/2535/nabor-shpateley-dlya-silikona-i-germetika-rollingdog-art-80263g-4.jpg,https://dlt.by/image/catalog/easyphoto/2535/nabor-shpateley-dlya-silikona-i-germetika-rollingdog-art-80263g-3.jpg,,,,,,,,,,,,,,,,,,,,,,,,,,,,,,,,,,,,,,,,,,,"
"Кисть Rollingdog А1000 38мм, угловой срез, синтетика, серия Elite, арт.10178",Малярный и штукатурный инструмент>Кисти малярные>Плоские кисти>Угловой срез,10178,451.41,"https://dlt.by/image/catalog/easyphoto/2542/kist-rollingdog-a1000-38mm-uglovoy-srez-sintetika-seriya-elite-art-10178-4.jpg,https://dlt.by/image/catalog/easyphoto/2542/kist-rollingdog-a1000-38mm-uglovoy-srez-sintetika-seriya-elite-art-10178-3.png,https://dlt.by/image/catalog/easyphoto/2542/kist-rollingdog-a1000-38mm-uglovoy-srez-sintetika-seriya-elite-art-10178-5.png,https://dlt.by/image/catalog/easyphoto/2542/kist-rollingdog-a1000-38mm-uglovoy-srez-sintetika-seriya-elite-art-10178-2.jpg,https://dlt.by/image/catalog/easyphoto/2542/kist-rollingdog-a1000-38mm-uglovoy-srez-sintetika-seriya-elite-art-10178-7.png,https://dlt.by/image/catalog/easyphoto/2542/kist-rollingdog-a1000-38mm-uglovoy-srez-sintetika-seriya-elite-art-10178-6.png,https://dlt.by/image/catalog/easyphoto/2542/kist-rollingdog-a1000-38mm-uglovoy-srez-sintetika-seriya-elite-art-10178-9.png,,,,,,,,,,,,,,,,,,,,,,,,,,,,,,,,,,,,,,,"
"Кисть Rollingdog А1000 50мм, угловой срез, синтетика, серия Elite, арт.10179",Малярный и штукатурный инструмент>Кисти малярные>Плоские кисти>Угловой срез,10179,601.88,"https://dlt.by/image/catalog/easyphoto/2543/kist-rollingdog-a1000-50mm-uglovoy-srez-sintetika-seriya-elite-art-10179-4.jpg,https://dlt.by/image/catalog/easyphoto/2543/kist-rollingdog-a1000-50mm-uglovoy-srez-sintetika-seriya-elite-art-10179-7.jpg,https://dlt.by/image/catalog/easyphoto/2543/kist-rollingdog-a1000-50mm-uglovoy-srez-sintetika-seriya-elite-art-10179-3.jpg,https://dlt.by/image/catalog/easyphoto/2543/kist-rollingdog-a1000-50mm-uglovoy-srez-sintetika-seriya-elite-art-10179-5.jpg,https://dlt.by/image/catalog/easyphoto/2543/kist-rollingdog-a1000-50mm-uglovoy-srez-sintetika-seriya-elite-art-10179-10.jpg,https://dlt.by/image/catalog/easyphoto/2543/kist-rollingdog-a1000-50mm-uglovoy-srez-sintetika-seriya-elite-art-10179-6.jpg,https://dlt.by/image/catalog/easyphoto/2543/kist-rollingdog-a1000-50mm-uglovoy-srez-sintetika-seriya-elite-art-10179-8.jpg,https://dlt.by/image/catalog/easyphoto/2543/kist-rollingdog-a1000-50mm-uglovoy-srez-sintetika-seriya-elite-art-10179-9.jpg,https://dlt.by/image/catalog/easyphoto/2543/kist-rollingdog-a1000-50mm-uglovoy-srez-sintetika-seriya-elite-art-10179-11.jpg,,,,,,,,,,,,,,,,,,,,,,,,,,,,,,,,,,,,,"
"Кисть Rollingdog А1000 63мм, угловой срез, синтетика, серия Elite, арт.10180",Малярный и штукатурный инструмент>Кисти малярные>Плоские кисти>Угловой срез,10180,782.45,"https://dlt.by/image/catalog/easyphoto/2544/kist-rollingdog-a1000-63mm-uglovoy-srez-sintetika-seriya-elite-art-10180-7.jpg,https://dlt.by/image/catalog/easyphoto/2544/kist-rollingdog-a1000-63mm-uglovoy-srez-sintetika-seriya-elite-art-10180-4.jpg,https://dlt.by/image/catalog/easyphoto/2544/kist-rollingdog-a1000-63mm-uglovoy-srez-sintetika-seriya-elite-art-10180-8.jpg,https://dlt.by/image/catalog/easyphoto/2544/kist-rollingdog-a1000-63mm-uglovoy-srez-sintetika-seriya-elite-art-10180-11.jpg,https://dlt.by/image/catalog/easyphoto/2544/kist-rollingdog-a1000-63mm-uglovoy-srez-sintetika-seriya-elite-art-10180-5.jpg,https://dlt.by/image/catalog/easyphoto/2544/kist-rollingdog-a1000-63mm-uglovoy-srez-sintetika-seriya-elite-art-10180-6.jpg,https://dlt.by/image/catalog/easyphoto/2544/kist-rollingdog-a1000-63mm-uglovoy-srez-sintetika-seriya-elite-art-10180-10.jpg,https://dlt.by/image/catalog/easyphoto/2544/kist-rollingdog-a1000-63mm-uglovoy-srez-sintetika-seriya-elite-art-10180-12.jpg,https://dlt.by/image/catalog/easyphoto/2544/kist-rollingdog-a1000-63mm-uglovoy-srez-sintetika-seriya-elite-art-10180-2.jpg,https://dlt.by/image/catalog/easyphoto/2544/kist-rollingdog-a1000-63mm-uglovoy-srez-sintetika-seriya-elite-art-10180-3.jpg,,,,,,,,,,,,,,,,,,,,,,,,,,,,,,,,,,,,"
"Кисть Rollingdog А1000 76мм, угловой срез, синтетика, серия Elite, арт.10181",Малярный и штукатурный инструмент>Кисти малярные>Плоские кисти>Угловой срез,10181,993.11,"https://dlt.by/image/catalog/easyphoto/2545/kist-rollingdog-a1000-76mm-uglovoy-srez-sintetika-seriya-elite-art-10181-6.jpg,https://dlt.by/image/catalog/easyphoto/2545/kist-rollingdog-a1000-76mm-uglovoy-srez-sintetika-seriya-elite-art-10181-3.jpg,https://dlt.by/image/catalog/easyphoto/2545/kist-rollingdog-a1000-76mm-uglovoy-srez-sintetika-seriya-elite-art-10181-5.jpg,https://dlt.by/image/catalog/easyphoto/2545/kist-rollingdog-a1000-76mm-uglovoy-srez-sintetika-seriya-elite-art-10181-9.jpg,https://dlt.by/image/catalog/easyphoto/2545/kist-rollingdog-a1000-76mm-uglovoy-srez-sintetika-seriya-elite-art-10181-7.jpg,https://dlt.by/image/catalog/easyphoto/2545/kist-rollingdog-a1000-76mm-uglovoy-srez-sintetika-seriya-elite-art-10181-10.jpg,https://dlt.by/image/catalog/easyphoto/2545/kist-rollingdog-a1000-76mm-uglovoy-srez-sintetika-seriya-elite-art-10181-2.jpg,https://dlt.by/image/catalog/easyphoto/2545/kist-rollingdog-a1000-76mm-uglovoy-srez-sintetika-seriya-elite-art-10181-8.jpg,,,,,,,,,,,,,,,,,,,,,,,,,,,,,,,,,,,,,,"
"Кисть Rollingdog W1000 25мм, прямой срез, синтетика, серия Professional, арт.10188",Малярный и штукатурный инструмент>Кисти малярные>Плоские кисти>Прямой срез,10188,156.49,"https://dlt.by/image/catalog/easyphoto/2546/kist-rollingdog-w1000-25mm-pryamoy-srez-sintetika-seriya-professional-art-10188-2.jpg,https://dlt.by/image/catalog/easyphoto/2546/kist-rollingdog-w1000-25mm-pryamoy-srez-sintetika-seriya-professional-art-10188-4.jpg,https://dlt.by/image/catalog/easyphoto/2546/kist-rollingdog-w1000-25mm-pryamoy-srez-sintetika-seriya-professional-art-10188-3.jpg,https://dlt.by/image/catalog/easyphoto/2546/kist-rollingdog-w1000-25mm-pryamoy-srez-sintetika-seriya-professional-art-10188-7.jpg,https://dlt.by/image/catalog/easyphoto/2546/kist-rollingdog-w1000-25mm-pryamoy-srez-sintetika-seriya-professional-art-10188-10.jpg,https://dlt.by/image/catalog/easyphoto/2546/kist-rollingdog-w1000-25mm-pryamoy-srez-sintetika-seriya-professional-art-10188-11.jpg,https://dlt.by/image/catalog/easyphoto/2546/kist-rollingdog-w1000-25mm-pryamoy-srez-sintetika-seriya-professional-art-10188-5.jpg,,,,,,,,,,,,,,,,,,,,,,,,,,,,,,,,,,,,,,,"
"Кисть Rollingdog W1000 38мм, прямой срез, синтетика, серия Professional, арт.10189",Малярный и штукатурный инструмент>Кисти малярные>Плоские кисти>Прямой срез,10189,246.77,"https://dlt.by/image/catalog/easyphoto/2547/kist-rollingdog-w1000-38mm-pryamoy-srez-sintetika-seriya-professional-art-10189-2.jpg,https://dlt.by/image/catalog/easyphoto/2547/kist-rollingdog-w1000-38mm-pryamoy-srez-sintetika-seriya-professional-art-10189-4.jpg,https://dlt.by/image/catalog/easyphoto/2547/kist-rollingdog-w1000-38mm-pryamoy-srez-sintetika-seriya-professional-art-10189-6.jpg,https://dlt.by/image/catalog/easyphoto/2547/kist-rollingdog-w1000-38mm-pryamoy-srez-sintetika-seriya-professional-art-10189-3.jpg,https://dlt.by/image/catalog/easyphoto/2547/kist-rollingdog-w1000-38mm-pryamoy-srez-sintetika-seriya-professional-art-10189-5.jpg,,,,,,,,,,,,,,,,,,,,,,,,,,,,,,,,,,,,,,,,,"
"Кисть Rollingdog W1000 63мм, угловой срез, синтетика, серия Professional, арт.10194",Малярный и штукатурный инструмент>Кисти малярные>Плоские кисти>Угловой срез,10194,421.32,"https://dlt.by/image/catalog/easyphoto/2548/kist-rollingdog-w1000-63mm-uglovoy-srez-sintetika-seriya-professional-art-10194-8.jpg,https://dlt.by/image/catalog/easyphoto/2548/kist-rollingdog-w1000-63mm-uglovoy-srez-sintetika-seriya-professional-art-10194-6.jpg,https://dlt.by/image/catalog/easyphoto/2548/kist-rollingdog-w1000-63mm-uglovoy-srez-sintetika-seriya-professional-art-10194-4.jpg,https://dlt.by/image/catalog/easyphoto/2548/kist-rollingdog-w1000-63mm-uglovoy-srez-sintetika-seriya-professional-art-10194-2.jpg,https://dlt.by/image/catalog/easyphoto/2548/kist-rollingdog-w1000-63mm-uglovoy-srez-sintetika-seriya-professional-art-10194-3.jpg,,,,,,,,,,,,,,,,,,,,,,,,,,,,,,,,,,,,,,,,,"
"Кисть Rollingdog W1000 38мм, угловой срез, синтетика, серия Professional, арт.10192",Малярный и штукатурный инструмент>Кисти малярные>Плоские кисти>Угловой срез,10192,246.77,"https://dlt.by/image/catalog/easyphoto/2549/kist-rollingdog-w1000-38mm-uglovoy-srez-sintetika-seriya-professional-art-10192-2.jpg,https://dlt.by/image/catalog/easyphoto/2549/kist-rollingdog-w1000-38mm-uglovoy-srez-sintetika-seriya-professional-art-10192-3.jpg,https://dlt.by/image/catalog/easyphoto/2549/kist-rollingdog-w1000-38mm-uglovoy-srez-sintetika-seriya-professional-art-10192-4.jpg,https://dlt.by/image/catalog/easyphoto/2549/kist-rollingdog-w1000-38mm-uglovoy-srez-sintetika-seriya-professional-art-10192-6.jpg,https://dlt.by/image/catalog/easyphoto/2549/kist-rollingdog-w1000-38mm-uglovoy-srez-sintetika-seriya-professional-art-10192-5.jpg,,,,,,,,,,,,,,,,,,,,,,,,,,,,,,,,,,,,,,,,,"
"Кисть Rollingdog 38мм, угловой срез, полиэстер, серия Professional, арт.10233",Малярный и штукатурный инструмент>Кисти малярные>Плоские кисти>Угловой срез,10233,216.68,"https://dlt.by/image/catalog/easyphoto/2550/kist-rollingdog-38mm-uglovoy-srez-poliester-seriya-professional-art-10233-3.jpg,https://dlt.by/image/catalog/easyphoto/2550/kist-rollingdog-38mm-uglovoy-srez-poliester-seriya-professional-art-10233-2.jpg,,,,,,,,,,,,,,,,,,,,,,,,,,,,,,,,,,,,,,,,,,,,"
"Кисть Rollingdog 50мм, угловой срез, полиэстер, серия Professional, арт.10234",Малярный и штукатурный инструмент>Кисти малярные>Плоские кисти>Угловой срез,10234,306.96,"https://dlt.by/image/catalog/easyphoto/2551/kist-rollingdog-50mm-uglovoy-srez-poliester-seriya-professional-art-10234-3.jpg,https://dlt.by/image/catalog/easyphoto/2551/kist-rollingdog-50mm-uglovoy-srez-poliester-seriya-professional-art-10234-2.jpg,,,,,,,,,,,,,,,,,,,,,,,,,,,,,,,,,,,,,,,,,,,,"
"Кисть Rollingdog 63мм, угловой срез, полиэстер, серия Professional, арт.10235",Малярный и штукатурный инструмент>Кисти малярные>Плоские кисти>Угловой срез,10235,367.15,"https://dlt.by/image/catalog/easyphoto/2552/kist-rollingdog-63mm-uglovoy-srez-poliester-seriya-professional-art-10235-2.jpg,https://dlt.by/image/catalog/easyphoto/2552/kist-rollingdog-63mm-uglovoy-srez-poliester-seriya-professional-art-10235-3.jpg,,,,,,,,,,,,,,,,,,,,,,,,,,,,,,,,,,,,,,,,,,,,"
"Кисть Rollingdog DT1000 треугольная, смешанная щетина, серия Professional, арт.10247",Малярный и штукатурный инструмент>Кисти малярные,10247,391.22,"https://dlt.by/image/catalog/easyphoto/2553/kist-rollingdog-dt1000-treugolnaya-smeshannaya-shchetina-seriya-professional-art-10247-4.jpg,https://dlt.by/image/catalog/easyphoto/2553/kist-rollingdog-dt1000-treugolnaya-smeshannaya-shchetina-seriya-professional-art-10247-5.jpg,https://dlt.by/image/catalog/easyphoto/2553/kist-rollingdog-dt1000-treugolnaya-smeshannaya-shchetina-seriya-professional-art-10247-3.jpg,https://dlt.by/image/catalog/easyphoto/2553/kist-rollingdog-dt1000-treugolnaya-smeshannaya-shchetina-seriya-professional-art-10247-2.jpg,,,,,,,,,,,,,,,,,,,,,,,,,,,,,,,,,,,,,,,,,,"
"Кисть Rollingdog X1000 38мм, прямой срез, синтетика, серия Professional, арт.10266",Малярный и штукатурный инструмент>Кисти малярные>Плоские кисти>Прямой срез,10266,367.15,"https://dlt.by/image/catalog/easyphoto/2554/kist-rollingdog-x1000-38mm-pryamoy-srez-sintetika-seriya-professional-art-10266-2.jpg,https://dlt.by/image/catalog/easyphoto/2554/kist-rollingdog-x1000-38mm-pryamoy-srez-sintetika-seriya-professional-art-10266-3.jpg,https://dlt.by/image/catalog/easyphoto/2554/kist-rollingdog-x1000-38mm-pryamoy-srez-sintetika-seriya-professional-art-10266-4.jpg,https://dlt.by/image/catalog/easyphoto/2554/kist-rollingdog-x1000-38mm-pryamoy-srez-sintetika-seriya-professional-art-10266-5.jpg,,,,,,,,,,,,,,,,,,,,,,,,,,,,,,,,,,,,,,,,,,"
"Кисть Rollingdog X1000 63мм, прямой срез, полиэстер, серия Professional, арт.10268",Малярный и штукатурный инструмент>Кисти малярные>Плоские кисти>Прямой срез,10268,662.07,"https://dlt.by/image/catalog/easyphoto/2555/kist-rollingdog-x1000-63mm-pryamoy-srez-poliester-seriya-professional-art-10268-5.jpg,https://dlt.by/image/catalog/easyphoto/2555/kist-rollingdog-x1000-63mm-pryamoy-srez-poliester-seriya-professional-art-10268-3.jpg,https://dlt.by/image/catalog/easyphoto/2555/kist-rollingdog-x1000-63mm-pryamoy-srez-poliester-seriya-professional-art-10268-6.jpg,https://dlt.by/image/catalog/easyphoto/2555/kist-rollingdog-x1000-63mm-pryamoy-srez-poliester-seriya-professional-art-10268-4.jpg,https://dlt.by/image/catalog/easyphoto/2555/kist-rollingdog-x1000-63mm-pryamoy-srez-poliester-seriya-professional-art-10268-7.jpg,https://dlt.by/image/catalog/easyphoto/2555/kist-rollingdog-x1000-63mm-pryamoy-srez-poliester-seriya-professional-art-10268-2.jpg,https://dlt.by/image/catalog/easyphoto/2555/kist-rollingdog-x1000-63mm-pryamoy-srez-poliester-seriya-professional-art-10268-8.jpg,,,,,,,,,,,,,,,,,,,,,,,,,,,,,,,,,,,,,,,"
"Кисть Rollingdog X1000 75мм, угловой срез, полиэстер, серия Professional, арт.10270",Малярный и штукатурный инструмент>Кисти малярные>Плоские кисти>Угловой срез,10270,391.22,"https://dlt.by/image/catalog/easyphoto/2556/kist-rollingdog-x1000-75mm-uglovoy-srez-poliester-seriya-professional-art-10270-2.jpg,https://dlt.by/image/catalog/easyphoto/2556/kist-rollingdog-x1000-75mm-uglovoy-srez-poliester-seriya-professional-art-10270-4.jpg,https://dlt.by/image/catalog/easyphoto/2556/kist-rollingdog-x1000-75mm-uglovoy-srez-poliester-seriya-professional-art-10270-3.jpg,https://dlt.by/image/catalog/easyphoto/2556/kist-rollingdog-x1000-75mm-uglovoy-srez-poliester-seriya-professional-art-10270-5.jpg,,,,,,,,,,,,,,,,,,,,,,,,,,,,,,,,,,,,,,,,,,"
"Кисть Rollingdog BT1000 20мм, прямой срез, полиэстер, серия Professional, арт.10344",Малярный и штукатурный инструмент>Кисти малярные>Плоские кисти>Прямой срез,10344,156.49,"https://dlt.by/image/catalog/easyphoto/2557/kist-rollingdog-bt1000-20mm-pryamoy-srez-poliester-seriya-professional-art-10344-2.jpg,https://dlt.by/image/catalog/easyphoto/2557/kist-rollingdog-bt1000-20mm-pryamoy-srez-poliester-seriya-professional-art-10344-3.jpg,,,,,,,,,,,,,,,,,,,,,,,,,,,,,,,,,,,,,,,,,,,,"
"Кисть Rollingdog BT1000 65мм, прямой срез, полиэстер, серия Professional, арт.10348",Малярный и штукатурный инструмент>Кисти малярные>Плоские кисти>Прямой срез,10348,391.22,"https://dlt.by/image/catalog/easyphoto/2558/kist-rollingdog-bt1000-65mm-pryamoy-srez-poliester-seriya-professional-art-10348-2.jpg,https://dlt.by/image/catalog/easyphoto/2558/kist-rollingdog-bt1000-65mm-pryamoy-srez-poliester-seriya-professional-art-10348-3.jpg,https://dlt.by/image/catalog/easyphoto/2558/kist-rollingdog-bt1000-65mm-pryamoy-srez-poliester-seriya-professional-art-10348-4.jpg,,,,,,,,,,,,,,,,,,,,,,,,,,,,,,,,,,,,,,,,,,,"
"Набор кистей с магнитной фиксацей щетины Rollingdog, полиэстер, серия Professional, арт.10431",Малярный и штукатурный инструмент>Кисти малярные>Наборы кистей,10431,3 129.80,"https://dlt.by/image/catalog/easyphoto/2559/nabor-kistey-s-magnitnoy-fiksatsey-shchetiny-rollingdog-poliester-seriya-professional-art-10431-2.jpg,https://dlt.by/image/catalog/easyphoto/2559/nabor-kistey-s-magnitnoy-fiksatsey-shchetiny-rollingdog-poliester-seriya-professional-art-10431-3.jpg,https://dlt.by/image/catalog/easyphoto/2559/nabor-kistey-s-magnitnoy-fiksatsey-shchetiny-rollingdog-poliester-seriya-professional-art-10431-4.jpg,https://dlt.by/image/catalog/easyphoto/2559/nabor-kistey-s-magnitnoy-fiksatsey-shchetiny-rollingdog-poliester-seriya-professional-art-10431-5.jpg,https://dlt.by/image/catalog/easyphoto/2559/nabor-kistey-s-magnitnoy-fiksatsey-shchetiny-rollingdog-poliester-seriya-professional-art-10431-6.jpg,https://dlt.by/image/catalog/easyphoto/2559/nabor-kistey-s-magnitnoy-fiksatsey-shchetiny-rollingdog-poliester-seriya-professional-art-10431-7.jpg,https://dlt.by/image/catalog/easyphoto/2559/nabor-kistey-s-magnitnoy-fiksatsey-shchetiny-rollingdog-poliester-seriya-professional-art-10431-8.jpg,https://dlt.by/image/catalog/easyphoto/2559/nabor-kistey-s-magnitnoy-fiksatsey-shchetiny-rollingdog-poliester-seriya-professional-art-10431-9.jpg,,,,,,,,,,,,,,,,,,,,,,,,,,,,,,,,,,,,,,"
"Кисть Rollingdog DUAL-PRO 25мм, прямой срез, синтетика, серия Elite, арт.10452",Малярный и штукатурный инструмент>Кисти малярные>Плоские кисти>Прямой срез,10452,246.77,"https://dlt.by/image/catalog/easyphoto/2560/kist-rollingdog-dual-pro-25mm-pryamoy-srez-sintetika-seriya-elite-art-10452-2.jpg,https://dlt.by/image/catalog/easyphoto/2560/kist-rollingdog-dual-pro-25mm-pryamoy-srez-sintetika-seriya-elite-art-10452-8.jpg,https://dlt.by/image/catalog/easyphoto/2560/kist-rollingdog-dual-pro-25mm-pryamoy-srez-sintetika-seriya-elite-art-10452-3.jpg,https://dlt.by/image/catalog/easyphoto/2560/kist-rollingdog-dual-pro-25mm-pryamoy-srez-sintetika-seriya-elite-art-10452-4.jpg,https://dlt.by/image/catalog/easyphoto/2560/kist-rollingdog-dual-pro-25mm-pryamoy-srez-sintetika-seriya-elite-art-10452-5.jpg,https://dlt.by/image/catalog/easyphoto/2560/kist-rollingdog-dual-pro-25mm-pryamoy-srez-sintetika-seriya-elite-art-10452-6.jpg,https://dlt.by/image/catalog/easyphoto/2560/kist-rollingdog-dual-pro-25mm-pryamoy-srez-sintetika-seriya-elite-art-10452-7.jpg,https://dlt.by/image/catalog/easyphoto/2560/kist-rollingdog-dual-pro-25mm-pryamoy-srez-sintetika-seriya-elite-art-10452-9.jpg,,,,,,,,,,,,,,,,,,,,,,,,,,,,,,,,,,,,,,"
"Кисть Rollingdog DUAL-PRO 35мм, прямой срез, синтетика, серия Elite, арт.10453",Малярный и штукатурный инструмент>Кисти малярные>Плоские кисти>Прямой срез,10453,391.22,"https://dlt.by/image/catalog/easyphoto/2561/kist-rollingdog-dual-pro-35mm-pryamoy-srez-sintetika-seriya-elite-art-10453-11.jpg,https://dlt.by/image/catalog/easyphoto/2561/kist-rollingdog-dual-pro-35mm-pryamoy-srez-sintetika-seriya-elite-art-10453-2.jpg,https://dlt.by/image/catalog/easyphoto/2561/kist-rollingdog-dual-pro-35mm-pryamoy-srez-sintetika-seriya-elite-art-10453-3.jpg,https://dlt.by/image/catalog/easyphoto/2561/kist-rollingdog-dual-pro-35mm-pryamoy-srez-sintetika-seriya-elite-art-10453-4.jpg,https://dlt.by/image/catalog/easyphoto/2561/kist-rollingdog-dual-pro-35mm-pryamoy-srez-sintetika-seriya-elite-art-10453-5.jpg,https://dlt.by/image/catalog/easyphoto/2561/kist-rollingdog-dual-pro-35mm-pryamoy-srez-sintetika-seriya-elite-art-10453-6.jpg,https://dlt.by/image/catalog/easyphoto/2561/kist-rollingdog-dual-pro-35mm-pryamoy-srez-sintetika-seriya-elite-art-10453-7.jpg,https://dlt.by/image/catalog/easyphoto/2561/kist-rollingdog-dual-pro-35mm-pryamoy-srez-sintetika-seriya-elite-art-10453-8.jpg,https://dlt.by/image/catalog/easyphoto/2561/kist-rollingdog-dual-pro-35mm-pryamoy-srez-sintetika-seriya-elite-art-10453-9.jpg,,,,,,,,,,,,,,,,,,,,,,,,,,,,,,,,,,,,,"
"Кисть Rollingdog DUAL-PRO 45мм, прямой срез, синтетика, серия Elite, арт.10454",Малярный и штукатурный инструмент>Кисти малярные>Плоские кисти>Прямой срез,10454,571.79,"https://dlt.by/image/catalog/easyphoto/2562/kist-rollingdog-dual-pro-45mm-pryamoy-srez-sintetika-seriya-elite-art-10454-4.jpg,https://dlt.by/image/catalog/easyphoto/2562/kist-rollingdog-dual-pro-45mm-pryamoy-srez-sintetika-seriya-elite-art-10454-5.jpg,https://dlt.by/image/catalog/easyphoto/2562/kist-rollingdog-dual-pro-45mm-pryamoy-srez-sintetika-seriya-elite-art-10454-8.jpg,https://dlt.by/image/catalog/easyphoto/2562/kist-rollingdog-dual-pro-45mm-pryamoy-srez-sintetika-seriya-elite-art-10454-6.jpg,https://dlt.by/image/catalog/easyphoto/2562/kist-rollingdog-dual-pro-45mm-pryamoy-srez-sintetika-seriya-elite-art-10454-3.jpg,https://dlt.by/image/catalog/easyphoto/2562/kist-rollingdog-dual-pro-45mm-pryamoy-srez-sintetika-seriya-elite-art-10454-7.jpg,https://dlt.by/image/catalog/easyphoto/2562/kist-rollingdog-dual-pro-45mm-pryamoy-srez-sintetika-seriya-elite-art-10454-2.jpg,,,,,,,,,,,,,,,,,,,,,,,,,,,,,,,,,,,,,,,"
"Кисть макловица Rollingdog WX1000 30х100мм, синтетика, серия Elite, арт.10536",Малярный и штукатурный инструмент>Кисти малярные>Кисти макловицы,10536,812.54,"https://dlt.by/image/catalog/easyphoto/2563/kist-maklovitsa-rollingdog-wx1000-30h100mm-sintetika-seriya-elite-art-10536-3.jpg,https://dlt.by/image/catalog/easyphoto/2563/kist-maklovitsa-rollingdog-wx1000-30h100mm-sintetika-seriya-elite-art-10536-2.jpg,,,,,,,,,,,,,,,,,,,,,,,,,,,,,,,,,,,,,,,,,,,,"
"Кисть с короткой ручкой Rollingdog 22мм, квадратная, синтетика, серия Professional, арт.10592",Малярный и штукатурный инструмент>Кисти малярные>Фигурные кисти,10592,391.22,"https://dlt.by/image/catalog/easyphoto/2564/kist-s-korotkoy-ruchkoy-rollingdog-22mm-kvadratnaya-sintetika-seriya-professional-art-10592-2.jpg,https://dlt.by/image/catalog/easyphoto/2564/kist-s-korotkoy-ruchkoy-rollingdog-22mm-kvadratnaya-sintetika-seriya-professional-art-10592-3.jpg,,,,,,,,,,,,,,,,,,,,,,,,,,,,,,,,,,,,,,,,,,,,"
"Кисть Rollingdog 20мм, прямой срез, синтетика, серия Professional, арт.10597",Малярный и штукатурный инструмент>Кисти малярные>Плоские кисти>Прямой срез,10597,156.49,"https://dlt.by/image/catalog/easyphoto/2565/kist-rollingdog-20mm-pryamoy-srez-sintetika-seriya-professional-art-10597-2.jpg,https://dlt.by/image/catalog/easyphoto/2565/kist-rollingdog-20mm-pryamoy-srez-sintetika-seriya-professional-art-10597-3.jpg,https://dlt.by/image/catalog/easyphoto/2565/kist-rollingdog-20mm-pryamoy-srez-sintetika-seriya-professional-art-10597-4.jpg,https://dlt.by/image/catalog/easyphoto/2565/kist-rollingdog-20mm-pryamoy-srez-sintetika-seriya-professional-art-10597-5.jpg,,,,,,,,,,,,,,,,,,,,,,,,,,,,,,,,,,,,,,,,,,"
"Кисть Rollingdog 30мм, прямой срез, синтетика, серия Professional, арт.10598",Малярный и штукатурный инструмент>Кисти малярные>Плоские кисти>Прямой срез,10598,186.58,"https://dlt.by/image/catalog/easyphoto/2566/kist-rollingdog-30mm-pryamoy-srez-sintetika-seriya-professional-art-10598-2.jpg,https://dlt.by/image/catalog/easyphoto/2566/kist-rollingdog-30mm-pryamoy-srez-sintetika-seriya-professional-art-10598-3.jpg,,,,,,,,,,,,,,,,,,,,,,,,,,,,,,,,,,,,,,,,,,,,"
"Кисть Rollingdog 40мм, прямой срез, синтетика, серия Professional, арт.10599",Малярный и штукатурный инструмент>Кисти малярные>Плоские кисти>Прямой срез,10599,246.77,"https://dlt.by/image/catalog/easyphoto/2567/kist-rollingdog-40mm-pryamoy-srez-sintetika-seriya-professional-art-10599-2.jpg,https://dlt.by/image/catalog/easyphoto/2567/kist-rollingdog-40mm-pryamoy-srez-sintetika-seriya-professional-art-10599-3.jpg,,,,,,,,,,,,,,,,,,,,,,,,,,,,,,,,,,,,,,,,,,,,"
"Кисть Rollingdog 50мм, прямой срез, синтетика, серия Professional, арт.10600",Малярный и штукатурный инструмент>Кисти малярные>Плоские кисти>Прямой срез,10600,276.87,"https://dlt.by/image/catalog/easyphoto/2568/kist-rollingdog-50mm-pryamoy-srez-sintetika-seriya-professional-art-10600-2.jpg,https://dlt.by/image/catalog/easyphoto/2568/kist-rollingdog-50mm-pryamoy-srez-sintetika-seriya-professional-art-10600-3.jpg,,,,,,,,,,,,,,,,,,,,,,,,,,,,,,,,,,,,,,,,,,,,"
"Кисть Rollingdog 65мм, прямой срез, синтетика, серия Professional, арт.10601",Малярный и штукатурный инструмент>Кисти малярные>Плоские кисти>Прямой срез,10601,367.15,"https://dlt.by/image/catalog/easyphoto/2569/kist-rollingdog-65mm-pryamoy-srez-sintetika-seriya-professional-art-10601-2.jpg,https://dlt.by/image/catalog/easyphoto/2569/kist-rollingdog-65mm-pryamoy-srez-sintetika-seriya-professional-art-10601-3.jpg,,,,,,,,,,,,,,,,,,,,,,,,,,,,,,,,,,,,,,,,,,,,"
"Кисть Rollingdog 80мм, прямой срез, синтетика, серия Professional, арт.10602",Малярный и штукатурный инструмент>Кисти малярные>Плоские кисти>Прямой срез,10602,451.41,"https://dlt.by/image/catalog/easyphoto/2570/kist-rollingdog-80mm-pryamoy-srez-sintetika-seriya-professional-art-10602-2.jpg,https://dlt.by/image/catalog/easyphoto/2570/kist-rollingdog-80mm-pryamoy-srez-sintetika-seriya-professional-art-10602-3.jpg,,,,,,,,,,,,,,,,,,,,,,,,,,,,,,,,,,,,,,,,,,,,"
"Электрическая присоска BIHUI для гладкой и рельефной поверхности, арт.LFEVL ",Инструмент для укладки плитки>Присоски для плитки и стекла>Электрические присоски и поршни,LFEVL,22 420.20,"https://dlt.by/image/catalog/easyphoto/2571/prisoska-elektricheskaya-bihui-art-lfevl-4.jpg,https://dlt.by/image/catalog/easyphoto/2571/prisoska-elektricheskaya-bihui-art-lfevl-5.jpg,https://dlt.by/image/catalog/easyphoto/2571/prisoska-elektricheskaya-bihui-art-lfevl-6.jpg,https://dlt.by/image/catalog/easyphoto/2571/prisoska-elektricheskaya-bihui-art-lfevl-7.jpg,https://dlt.by/image/catalog/easyphoto/2571/prisoska-elektricheskaya-bihui-art-lfevl-8.jpg,https://dlt.by/image/catalog/easyphoto/2571/prisoska-elektricheskaya-bihui-art-lfevl-9.jpg,https://dlt.by/image/catalog/easyphoto/2571/prisoska-elektricheskaya-bihui-art-lfevl-10.jpg,https://dlt.by/image/catalog/easyphoto/2571/prisoska-elektricheskaya-bihui-art-lfevl-11.jpg,https://dlt.by/image/catalog/easyphoto/2571/prisoska-elektricheskaya-bihui-art-lfevl-12.jpg,,,,,,,,,,,,,,,,,,,,,,,,,,,,,,,,,,,,,"
"Пылесос промышленный BIHUI, с автоматической очисткой фильтра,арт.VCB38",Пылесосы строительные>Пылесосы,VCB38,78 244.99,"https://dlt.by/image/catalog/easyphoto/2572/pylesos-promyshlennyy-bihui-s-avtomaticheskoy-ochistkoy-filtra-art-vcb38-3.jpg,https://dlt.by/image/catalog/easyphoto/2572/pylesos-promyshlennyy-bihui-s-avtomaticheskoy-ochistkoy-filtra-art-vcb38-4.jpg,https://dlt.by/image/catalog/easyphoto/2572/pylesos-promyshlennyy-bihui-s-avtomaticheskoy-ochistkoy-filtra-art-vcb38-5.jpg,https://dlt.by/image/catalog/easyphoto/2572/pylesos-promyshlennyy-bihui-s-avtomaticheskoy-ochistkoy-filtra-art-vcb38-6.jpg,https://dlt.by/image/catalog/easyphoto/2572/pylesos-promyshlennyy-bihui-s-avtomaticheskoy-ochistkoy-filtra-art-vcb38-7.jpg,https://dlt.by/image/catalog/easyphoto/2572/pylesos-promyshlennyy-bihui-s-avtomaticheskoy-ochistkoy-filtra-art-vcb38-8.jpg,https://dlt.by/image/catalog/easyphoto/2572/pylesos-promyshlennyy-bihui-s-avtomaticheskoy-ochistkoy-filtra-art-vcb38-9.jpg,https://dlt.by/image/catalog/easyphoto/2572/pylesos-promyshlennyy-bihui-s-avtomaticheskoy-ochistkoy-filtra-art-vcb38-10.jpg,https://dlt.by/image/catalog/easyphoto/2572/pylesos-promyshlennyy-bihui-s-avtomaticheskoy-ochistkoy-filtra-art-vcb38-11.jpg,https://dlt.by/image/catalog/easyphoto/2572/pylesos-promyshlennyy-bihui-s-avtomaticheskoy-ochistkoy-filtra-art-vcb38-12.jpg,https://dlt.by/image/catalog/easyphoto/2572/pylesos-promyshlennyy-bihui-s-avtomaticheskoy-ochistkoy-filtra-art-vcb38-13.jpg,https://dlt.by/image/catalog/easyphoto/2572/pylesos-promyshlennyy-bihui-s-avtomaticheskoy-ochistkoy-filtra-art-vcb38-14.jpg,https://dlt.by/image/catalog/easyphoto/2572/pylesos-promyshlennyy-bihui-s-avtomaticheskoy-ochistkoy-filtra-art-vcb38-15.jpg,https://dlt.by/image/catalog/easyphoto/2572/pylesos-promyshlennyy-bihui-s-avtomaticheskoy-ochistkoy-filtra-art-vcb38-16.jpg,https://dlt.by/image/catalog/easyphoto/2572/pylesos-promyshlennyy-bihui-s-avtomaticheskoy-ochistkoy-filtra-art-vcb38-17.jpg,https://dlt.by/image/catalog/easyphoto/2572/pylesos-promyshlennyy-bihui-s-avtomaticheskoy-ochistkoy-filtra-art-vcb38-18.jpg,https://dlt.by/image/catalog/easyphoto/2572/pylesos-promyshlennyy-bihui-s-avtomaticheskoy-ochistkoy-filtra-art-vcb38-19.jpg,,,,,,,,,,,,,,,,,,,,,,,,,,,,,"
"Электрический плиткорез BIHUI, (авто), рез до 1200мм, арт.TCSA1200",Плиткорезы электрические (камнерезы/мокрорезы)>Плиткорезы BIHUI,TCSA1200,162 508.82,"https://dlt.by/image/catalog/easyphoto/2573/elektricheskiy-plitkorez-bihui-avto-rez-do-1200mm-art-tcsa1200-6.jpg,https://dlt.by/image/catalog/easyphoto/2573/elektricheskiy-plitkorez-bihui-avto-rez-do-1200mm-art-tcsa1200-3.jpg,https://dlt.by/image/catalog/easyphoto/2573/elektricheskiy-plitkorez-bihui-avto-rez-do-1200mm-art-tcsa1200-2.jpg,https://dlt.by/image/catalog/easyphoto/2573/elektricheskiy-plitkorez-bihui-avto-rez-do-1200mm-art-tcsa1200-4.jpg,https://dlt.by/image/catalog/easyphoto/2573/elektricheskiy-plitkorez-bihui-avto-rez-do-1200mm-art-tcsa1200-5.jpg,https://dlt.by/image/catalog/easyphoto/2573/elektricheskiy-plitkorez-bihui-avto-rez-do-1200mm-art-tcsa1200-7.jpg,https://dlt.by/image/catalog/easyphoto/2573/elektricheskiy-plitkorez-bihui-avto-rez-do-1200mm-art-tcsa1200-8.jpg,https://dlt.by/image/catalog/easyphoto/2573/elektricheskiy-plitkorez-bihui-avto-rez-do-1200mm-art-tcsa1200-9.jpg,https://dlt.by/image/catalog/easyphoto/2573/elektricheskiy-plitkorez-bihui-avto-rez-do-1200mm-art-tcsa1200-10.jpg,https://dlt.by/image/catalog/easyphoto/2573/elektricheskiy-plitkorez-bihui-avto-rez-do-1200mm-art-tcsa1200-11.jpg,https://dlt.by/image/catalog/easyphoto/2573/elektricheskiy-plitkorez-bihui-avto-rez-do-1200mm-art-tcsa1200-12.jpg,https://dlt.by/image/catalog/easyphoto/2573/elektricheskiy-plitkorez-bihui-avto-rez-do-1200mm-art-tcsa1200-13.jpg,https://dlt.by/image/catalog/easyphoto/2573/elektricheskiy-plitkorez-bihui-avto-rez-do-1200mm-art-tcsa1200-14.jpg,https://dlt.by/image/catalog/easyphoto/2573/elektricheskiy-plitkorez-bihui-avto-rez-do-1200mm-art-tcsa1200-15.jpg,https://dlt.by/image/catalog/easyphoto/2573/elektricheskiy-plitkorez-bihui-avto-rez-do-1200mm-art-tcsa1200-16.jpg,https://dlt.by/image/catalog/easyphoto/2573/elektricheskiy-plitkorez-bihui-avto-rez-do-1200mm-art-tcsa1200-17.jpg,https://dlt.by/image/catalog/easyphoto/2573/elektricheskiy-plitkorez-bihui-avto-rez-do-1200mm-art-tcsa1200-18.jpg,https://dlt.by/image/catalog/easyphoto/2573/elektricheskiy-plitkorez-bihui-avto-rez-do-1200mm-art-tcsa1200-19.jpg,https://dlt.by/image/catalog/easyphoto/2573/elektricheskiy-plitkorez-bihui-avto-rez-do-1200mm-art-tcsa1200-20.jpg,https://dlt.by/image/catalog/easyphoto/2573/elektricheskiy-plitkorez-bihui-avto-rez-do-1200mm-art-tcsa1200-21.jpg,https://dlt.by/image/catalog/easyphoto/2573/elektricheskiy-plitkorez-bihui-avto-rez-do-1200mm-art-tcsa1200-22.jpg,,,,,,,,,,,,,,,,,,,,,,,,,"
"Кисть Rollingdog К100 76мм, прямой срез, полиэстер, серия Standard, арт.10615",Малярный и штукатурный инструмент>Кисти малярные>Плоские кисти>Прямой срез,10615,246.77,"https://dlt.by/image/catalog/easyphoto/2574/kist-rollingdog-k100-76mm-pryamoy-srez-poliester-seriya-standard-art-10615-3.jpg,https://dlt.by/image/catalog/easyphoto/2574/kist-rollingdog-k100-76mm-pryamoy-srez-poliester-seriya-standard-art-10615-2.jpg,,,,,,,,,,,,,,,,,,,,,,,,,,,,,,,,,,,,,,,,,,,,"
"Кисть Rollingdog К100 38мм, угловой срез, полиэстер, серия Standard, арт.10616",Малярный и штукатурный инструмент>Кисти малярные>Плоские кисти>Угловой срез,10616,156.49,"https://dlt.by/image/catalog/easyphoto/2575/kist-rollingdog-k100-38mm-uglovoy-srez-poliester-seriya-standard-art-10616-2.jpg,https://dlt.by/image/catalog/easyphoto/2575/kist-rollingdog-k100-38mm-uglovoy-srez-poliester-seriya-standard-art-10616-3.jpg,,,,,,,,,,,,,,,,,,,,,,,,,,,,,,,,,,,,,,,,,,,,"
"Кисть Rollingdog К100 50мм, угловой срез, полиэстер, серия Standard, арт.10617",Малярный и штукатурный инструмент>Кисти малярные>Плоские кисти>Угловой срез,10617,186.58,"https://dlt.by/image/catalog/easyphoto/2576/kist-rollingdog-k100-50mm-uglovoy-srez-poliester-seriya-standard-art-10617-3.jpg,https://dlt.by/image/catalog/easyphoto/2576/kist-rollingdog-k100-50mm-uglovoy-srez-poliester-seriya-standard-art-10617-2.jpg,,,,,,,,,,,,,,,,,,,,,,,,,,,,,,,,,,,,,,,,,,,,"
"Кисть Rollingdog К100 63,5мм, угловой срез, полиэстер, серия Standard, арт.10618",Малярный и штукатурный инструмент>Кисти малярные>Плоские кисти>Угловой срез,10618,246.77,"https://dlt.by/image/catalog/easyphoto/2577/kist-rollingdog-k100-63-5mm-uglovoy-srez-poliester-seriya-standard-art-10618-3.jpg,https://dlt.by/image/catalog/easyphoto/2577/kist-rollingdog-k100-63-5mm-uglovoy-srez-poliester-seriya-standard-art-10618-2.jpg,,,,,,,,,,,,,,,,,,,,,,,,,,,,,,,,,,,,,,,,,,,,"
"Кисть Rollingdog G100 12,5мм, прямой срез, синтетика, серия Standard, арт.10622",Малярный и штукатурный инструмент>Кисти малярные>Плоские кисти>Прямой срез,10622,96.30,"https://dlt.by/image/catalog/easyphoto/2578/kist-rollingdog-g100-12-5mm-pryamoy-srez-sintetika-seriya-standard-art-10622-3.jpg,https://dlt.by/image/catalog/easyphoto/2578/kist-rollingdog-g100-12-5mm-pryamoy-srez-sintetika-seriya-standard-art-10622-2.jpg,,,,,,,,,,,,,,,,,,,,,,,,,,,,,,,,,,,,,,,,,,,,"
"Кисть Rollingdog G100 20мм, прямой срез, синтетика, серия Standard, арт.10623",Малярный и штукатурный инструмент>Кисти малярные>Плоские кисти>Прямой срез,10623,96.30,"https://dlt.by/image/catalog/easyphoto/2579/kist-rollingdog-g100-20mm-pryamoy-srez-sintetika-seriya-standard-art-10623-3.jpg,https://dlt.by/image/catalog/easyphoto/2579/kist-rollingdog-g100-20mm-pryamoy-srez-sintetika-seriya-standard-art-10623-2.jpg,,,,,,,,,,,,,,,,,,,,,,,,,,,,,,,,,,,,,,,,,,,,"
"Кисть Rollingdog G100 30мм, прямой срез, синтетика, серия Standard, арт.10624",Малярный и штукатурный инструмент>Кисти малярные>Плоские кисти>Прямой срез,10624,126.40,"https://dlt.by/image/catalog/easyphoto/2580/kist-rollingdog-g100-30mm-pryamoy-srez-sintetika-seriya-standard-art-10624-3.jpg,https://dlt.by/image/catalog/easyphoto/2580/kist-rollingdog-g100-30mm-pryamoy-srez-sintetika-seriya-standard-art-10624-2.jpg,,,,,,,,,,,,,,,,,,,,,,,,,,,,,,,,,,,,,,,,,,,,"
"Кисть Rollingdog G100 40мм, прямой срез, синтетика, серия Standard, арт.10625",Малярный и штукатурный инструмент>Кисти малярные>Плоские кисти>Прямой срез,10625,156.49,"https://dlt.by/image/catalog/easyphoto/2581/kist-rollingdog-g100-40mm-pryamoy-srez-sintetika-seriya-standard-art-10625-3.jpg,https://dlt.by/image/catalog/easyphoto/2581/kist-rollingdog-g100-40mm-pryamoy-srez-sintetika-seriya-standard-art-10625-2.jpg,,,,,,,,,,,,,,,,,,,,,,,,,,,,,,,,,,,,,,,,,,,,"
"Кисть Rollingdog G100 50мм, прямой срез, синтетика, серия Standard, арт.10626",Малярный и штукатурный инструмент>Кисти малярные>Плоские кисти>Прямой срез,10626,186.58,"https://dlt.by/image/catalog/easyphoto/2582/kist-rollingdog-g100-50mm-pryamoy-srez-sintetika-seriya-standard-art-10626-2.jpg,https://dlt.by/image/catalog/easyphoto/2582/kist-rollingdog-g100-50mm-pryamoy-srez-sintetika-seriya-standard-art-10626-3.jpg,,,,,,,,,,,,,,,,,,,,,,,,,,,,,,,,,,,,,,,,,,,,"
"Кисть Rollingdog G100 60мм, прямой срез, полиэстер, серия Standard, арт.10627",Малярный и штукатурный инструмент>Кисти малярные>Плоские кисти>Прямой срез,10627,216.68,"https://dlt.by/image/catalog/easyphoto/2583/kist-rollingdog-g100-60mm-pryamoy-srez-poliester-seriya-standard-art-10627-2.jpg,https://dlt.by/image/catalog/easyphoto/2583/kist-rollingdog-g100-60mm-pryamoy-srez-poliester-seriya-standard-art-10627-3.jpg,,,,,,,,,,,,,,,,,,,,,,,,,,,,,,,,,,,,,,,,,,,,"
"Кисть Rollingdog G100 70мм, прямой срез, синтетика, серия Standard, арт.10628",Малярный и штукатурный инструмент>Кисти малярные>Плоские кисти>Прямой срез,10628,246.77,"https://dlt.by/image/catalog/easyphoto/2584/kist-rollingdog-g100-70mm-pryamoy-srez-sintetika-seriya-standard-art-10628-2.jpg,https://dlt.by/image/catalog/easyphoto/2584/kist-rollingdog-g100-70mm-pryamoy-srez-sintetika-seriya-standard-art-10628-3.jpg,,,,,,,,,,,,,,,,,,,,,,,,,,,,,,,,,,,,,,,,,,,,"
"Кисть Rollingdog G100 100мм, прямой срез, синтетика, серия Standard, арт.10630",Малярный и штукатурный инструмент>Кисти малярные>Плоские кисти>Прямой срез,10630,306.96,"https://dlt.by/image/catalog/easyphoto/2585/kist-rollingdog-g100-100mm-pryamoy-srez-sintetika-seriya-standard-art-10630-3.jpg,https://dlt.by/image/catalog/easyphoto/2585/kist-rollingdog-g100-100mm-pryamoy-srez-sintetika-seriya-standard-art-10630-2.jpg,,,,,,,,,,,,,,,,,,,,,,,,,,,,,,,,,,,,,,,,,,,,"
"Набор кистей Rollingdog G100 30/40/50мм, синтетика, серия Standard, арт.10633",Малярный и штукатурный инструмент>Кисти малярные>Наборы кистей,10633,481.51,"https://dlt.by/image/catalog/easyphoto/2586/nabor-kistey-rollingdog-g100-30-40-50mm-sintetika-seriya-standard-art-10633-2.jpg,https://dlt.by/image/catalog/easyphoto/2586/nabor-kistey-rollingdog-g100-30-40-50mm-sintetika-seriya-standard-art-10633-3.jpg,,,,,,,,,,,,,,,,,,,,,,,,,,,,,,,,,,,,,,,,,,,,"
"Набор кистей Rollingdog G100 20/30/40/50мм, синтетика, серия Standard, арт.10634",Малярный и штукатурный инструмент>Кисти малярные>Наборы кистей,10634,662.07,"https://dlt.by/image/catalog/easyphoto/2587/nabor-kistey-rollingdog-g100-20-30-40-50mm-sintetika-seriya-standard-art-10634-4.jpg,https://dlt.by/image/catalog/easyphoto/2587/nabor-kistey-rollingdog-g100-20-30-40-50mm-sintetika-seriya-standard-art-10634-2.jpg,https://dlt.by/image/catalog/easyphoto/2587/nabor-kistey-rollingdog-g100-20-30-40-50mm-sintetika-seriya-standard-art-10634-3.jpg,,,,,,,,,,,,,,,,,,,,,,,,,,,,,,,,,,,,,,,,,,,"
"Кисть макловица Rollingdog C90 30х100мм, синтетика, серия Standard, арт.10643",Малярный и штукатурный инструмент>Кисти малярные>Кисти макловицы,10643,391.22,"https://dlt.by/image/catalog/easyphoto/2589/kist-maklovitsa-rollingdog-c90-30h100mm-sintetika-seriya-standard-art-10643-2.jpg,https://dlt.by/image/catalog/easyphoto/2589/kist-maklovitsa-rollingdog-c90-30h100mm-sintetika-seriya-standard-art-10643-3.jpg,,,,,,,,,,,,,,,,,,,,,,,,,,,,,,,,,,,,,,,,,,,,"
"Кисть макловица Rollingdog C90 30х120мм, синтетика, серия Standard, арт.10644",Малярный и штукатурный инструмент>Кисти малярные>Кисти макловицы,10644,451.41,"https://dlt.by/image/catalog/easyphoto/2590/kist-maklovitsa-rollingdog-c90-30h120mm-sintetika-seriya-standard-art-10644-2.jpg,https://dlt.by/image/catalog/easyphoto/2590/kist-maklovitsa-rollingdog-c90-30h120mm-sintetika-seriya-standard-art-10644-3.jpg,,,,,,,,,,,,,,,,,,,,,,,,,,,,,,,,,,,,,,,,,,,,"
"Кисть Rollingdog BT1000 100мм, прямой срез, синтетика серия Professional, арт.10651",Малярный и штукатурный инструмент>Кисти малярные>Плоские кисти>Прямой срез,10651,571.79,"https://dlt.by/image/catalog/easyphoto/2591/kist-rollingdog-bt1000-100mm-pryamoy-srez-sintetika-seriya-professional-art-10651-2.jpg,https://dlt.by/image/catalog/easyphoto/2591/kist-rollingdog-bt1000-100mm-pryamoy-srez-sintetika-seriya-professional-art-10651-8.jpg,https://dlt.by/image/catalog/easyphoto/2591/kist-rollingdog-bt1000-100mm-pryamoy-srez-sintetika-seriya-professional-art-10651-3.jpg,https://dlt.by/image/catalog/easyphoto/2591/kist-rollingdog-bt1000-100mm-pryamoy-srez-sintetika-seriya-professional-art-10651-4.jpg,https://dlt.by/image/catalog/easyphoto/2591/kist-rollingdog-bt1000-100mm-pryamoy-srez-sintetika-seriya-professional-art-10651-5.jpg,https://dlt.by/image/catalog/easyphoto/2591/kist-rollingdog-bt1000-100mm-pryamoy-srez-sintetika-seriya-professional-art-10651-6.jpg,https://dlt.by/image/catalog/easyphoto/2591/kist-rollingdog-bt1000-100mm-pryamoy-srez-sintetika-seriya-professional-art-10651-7.jpg,,,,,,,,,,,,,,,,,,,,,,,,,,,,,,,,,,,,,,,"
"Кисть Rollingdog BTX1000 20мм, прямой срез, синтетика, серия Elite, арт.10652",Малярный и штукатурный инструмент>Кисти малярные>Плоские кисти>Прямой срез,10652,306.96,"https://dlt.by/image/catalog/easyphoto/2592/kist-rollingdog-btx1000-20mm-pryamoy-srez-sintetika-seriya-elite-art-10652-2.jpg,https://dlt.by/image/catalog/easyphoto/2592/kist-rollingdog-btx1000-20mm-pryamoy-srez-sintetika-seriya-elite-art-10652-3.jpg,,,,,,,,,,,,,,,,,,,,,,,,,,,,,,,,,,,,,,,,,,,,"
"Кисть Rollingdog BTX1000 30мм, прямой срез, синтетика серия Elite, арт.10653",Малярный и штукатурный инструмент>Кисти малярные>Плоские кисти>Прямой срез,10653,337.06,"https://dlt.by/image/catalog/easyphoto/2593/kist-rollingdog-btx1000-30mm-pryamoy-srez-sintetika-seriya-elite-art-10653-2.jpg,https://dlt.by/image/catalog/easyphoto/2593/kist-rollingdog-btx1000-30mm-pryamoy-srez-sintetika-seriya-elite-art-10653-3.jpg,,,,,,,,,,,,,,,,,,,,,,,,,,,,,,,,,,,,,,,,,,,,"
"Кисть Rollingdog BTX1000 40мм, прямой срез, синтетика, серия Elite, арт.10654",Малярный и штукатурный инструмент>Кисти малярные>Плоские кисти>Прямой срез,10654,421.32,"https://dlt.by/image/catalog/easyphoto/2594/kist-rollingdog-btx1000-40mm-pryamoy-srez-sintetika-seriya-elite-art-10654-2.jpg,https://dlt.by/image/catalog/easyphoto/2594/kist-rollingdog-btx1000-40mm-pryamoy-srez-sintetika-seriya-elite-art-10654-3.jpg,,,,,,,,,,,,,,,,,,,,,,,,,,,,,,,,,,,,,,,,,,,,"
"Кисть Rollingdog BTX1000 50мм, прямой срез, синтетика, серия Elite, арт.10655",Малярный и штукатурный инструмент>Кисти малярные>Плоские кисти>Прямой срез,10655,571.79,"https://dlt.by/image/catalog/easyphoto/2595/kist-rollingdog-btx1000-50mm-pryamoy-srez-sintetika-seriya-elite-art-10655-2.jpg,https://dlt.by/image/catalog/easyphoto/2595/kist-rollingdog-btx1000-50mm-pryamoy-srez-sintetika-seriya-elite-art-10655-3.jpg,,,,,,,,,,,,,,,,,,,,,,,,,,,,,,,,,,,,,,,,,,,,"
"Кисть Rollingdog BTX1000 70мм, прямой срез, синтетика, серия Elite, арт.10656",Малярный и штукатурный инструмент>Кисти малярные>Плоские кисти>Прямой срез,10656,902.83,"https://dlt.by/image/catalog/easyphoto/2596/kist-rollingdog-btx1000-70mm-pryamoy-srez-sintetika-seriya-elite-art-10656-2.jpg,https://dlt.by/image/catalog/easyphoto/2596/kist-rollingdog-btx1000-70mm-pryamoy-srez-sintetika-seriya-elite-art-10656-3.jpg,,,,,,,,,,,,,,,,,,,,,,,,,,,,,,,,,,,,,,,,,,,,"
"Кисть Rollingdog BTX500 50мм, прямой срез, смешанная щетина, серия Elite, арт.10661",Малярный и штукатурный инструмент>Кисти малярные>Плоские кисти>Прямой срез,10661,902.83,"https://dlt.by/image/catalog/easyphoto/2597/kist-rollingdog-btx500-50mm-pryamoy-srez-smeshannaya-shchetina-seriya-elite-art-10661-2.jpg,,,,,,,,,,,,,,,,,,,,,,,,,,,,,,,,,,,,,,,,,,,,,"
"Кисть Rollingdog BTX500 70мм, прямой срез, смешанная щетина, серия Elite, арт.10662",Малярный и штукатурный инструмент>Кисти малярные>Плоские кисти>Прямой срез,10662,1 504.71,"https://dlt.by/image/catalog/easyphoto/2598/kist-rollingdog-btx500-70mm-pryamoy-srez-smeshannaya-shchetina-seriya-elite-art-10662-2.jpg,,,,,,,,,,,,,,,,,,,,,,,,,,,,,,,,,,,,,,,,,,,,,"
"Кисть Rollingdog BP1000 20мм, прямой срез, синтетика, серия Elite, арт.10664",Малярный и штукатурный инструмент>Кисти малярные>Плоские кисти>Прямой срез,10664,276.87,"https://dlt.by/image/catalog/easyphoto/2599/kist-rollingdog-bp1000-20mm-pryamoy-srez-sintetika-seriya-elite-art-10664-2.jpg,https://dlt.by/image/catalog/easyphoto/2599/kist-rollingdog-bp1000-20mm-pryamoy-srez-sintetika-seriya-elite-art-10664-3.jpg,,,,,,,,,,,,,,,,,,,,,,,,,,,,,,,,,,,,,,,,,,,,"
"Кисть Rollingdog BP1000 30мм, прямой срез, синтетика, серия Elite, арт.10665",Малярный и штукатурный инструмент>Кисти малярные>Плоские кисти>Прямой срез,10665,337.06,"https://dlt.by/image/catalog/easyphoto/2600/kist-rollingdog-bp1000-30mm-pryamoy-srez-sintetika-seriya-elite-art-10665-2.jpg,https://dlt.by/image/catalog/easyphoto/2600/kist-rollingdog-bp1000-30mm-pryamoy-srez-sintetika-seriya-elite-art-10665-3.jpg,,,,,,,,,,,,,,,,,,,,,,,,,,,,,,,,,,,,,,,,,,,,"
"Кисть Rollingdog BP1000 40мм, прямой срез, синтетика, серия Elite, арт.10666",Малярный и штукатурный инструмент>Кисти малярные>Плоские кисти>Прямой срез,10666,391.22,"https://dlt.by/image/catalog/easyphoto/2601/kist-rollingdog-bp1000-40mm-pryamoy-srez-sintetika-seriya-elite-art-10666-2.jpg,https://dlt.by/image/catalog/easyphoto/2601/kist-rollingdog-bp1000-40mm-pryamoy-srez-sintetika-seriya-elite-art-10666-3.jpg,,,,,,,,,,,,,,,,,,,,,,,,,,,,,,,,,,,,,,,,,,,,"
"Кисть Rollingdog BP1000 70мм, прямой срез, синтетика, серия Elite, арт.10668",Малярный и штукатурный инструмент>Кисти малярные>Плоские кисти>Прямой срез,10668,812.54,"https://dlt.by/image/catalog/easyphoto/2602/kist-rollingdog-bp1000-70mm-pryamoy-srez-sintetika-seriya-elite-art-10668-2.jpg,https://dlt.by/image/catalog/easyphoto/2602/kist-rollingdog-bp1000-70mm-pryamoy-srez-sintetika-seriya-elite-art-10668-3.jpg,,,,,,,,,,,,,,,,,,,,,,,,,,,,,,,,,,,,,,,,,,,,"
"Кисть Rollingdog Detail Brush 20мм, прямой срез, синтетика, серия Elite, арт.10670",Малярный и штукатурный инструмент>Кисти малярные>Плоские кисти>Прямой срез,10670,306.96,"https://dlt.by/image/catalog/easyphoto/2603/kist-rollingdog-detail-brush-20mm-pryamoy-srez-sintetika-seriya-elite-art-10670-2.jpg,https://dlt.by/image/catalog/easyphoto/2603/kist-rollingdog-detail-brush-20mm-pryamoy-srez-sintetika-seriya-elite-art-10670-3.jpg,,,,,,,,,,,,,,,,,,,,,,,,,,,,,,,,,,,,,,,,,,,,"
"Кисть Rollingdog Detail Brush 30мм, прямой срез, синтетика, серия Elite, арт.10671",Малярный и штукатурный инструмент>Кисти малярные>Плоские кисти>Прямой срез,10671,367.15,"https://dlt.by/image/catalog/easyphoto/2604/kist-rollingdog-detail-brush-30mm-pryamoy-srez-sintetika-seriya-elite-art-10671-2.jpg,https://dlt.by/image/catalog/easyphoto/2604/kist-rollingdog-detail-brush-30mm-pryamoy-srez-sintetika-seriya-elite-art-10671-3.jpg,,,,,,,,,,,,,,,,,,,,,,,,,,,,,,,,,,,,,,,,,,,,"
"Кисть Rollingdog Detail Brush 40мм, прямой срез, синтетика, серия Elite, арт.10672",Малярный и штукатурный инструмент>Кисти малярные>Плоские кисти>Прямой срез,10672,421.32,"https://dlt.by/image/catalog/easyphoto/2605/kist-rollingdog-detail-brush-40mm-pryamoy-srez-sintetika-seriya-elite-art-10672-2.jpg,https://dlt.by/image/catalog/easyphoto/2605/kist-rollingdog-detail-brush-40mm-pryamoy-srez-sintetika-seriya-elite-art-10672-3.jpg,,,,,,,,,,,,,,,,,,,,,,,,,,,,,,,,,,,,,,,,,,,,"
"Кисть Rollingdog Detail Brush 50мм, прямой срез, синтетика, серия Elite, арт.10673",Малярный и штукатурный инструмент>Кисти малярные>Плоские кисти>Прямой срез,10673,481.51,"https://dlt.by/image/catalog/easyphoto/2606/kist-rollingdog-detail-brush-50mm-pryamoy-srez-sintetika-seriya-elite-art-10673-2.jpg,https://dlt.by/image/catalog/easyphoto/2606/kist-rollingdog-detail-brush-50mm-pryamoy-srez-sintetika-seriya-elite-art-10673-3.jpg,,,,,,,,,,,,,,,,,,,,,,,,,,,,,,,,,,,,,,,,,,,,"
"Кисть Rollingdog Detail Brush 100мм, прямой срез, синтетика, серия Elite, арт.10674",Малярный и штукатурный инструмент>Кисти малярные>Плоские кисти>Прямой срез,10674,872.73,"https://dlt.by/image/catalog/easyphoto/2607/kist-rollingdog-detail-brush-100mm-pryamoy-srez-sintetika-seriya-elite-art-10674-2.jpg,https://dlt.by/image/catalog/easyphoto/2607/kist-rollingdog-detail-brush-100mm-pryamoy-srez-sintetika-seriya-elite-art-10674-3.jpg,,,,,,,,,,,,,,,,,,,,,,,,,,,,,,,,,,,,,,,,,,,,"
"Кисть Rollingdog 15мм, круглая, смешанная щетина, серия Professional, арт.10681",Малярный и штукатурный инструмент>Кисти малярные>Фигурные кисти,10681,451.41,"https://dlt.by/image/catalog/easyphoto/2608/kist-rollingdog-15mm-kruglaya-smeshannaya-shchetina-seriya-professional-art-10681-2.jpg,https://dlt.by/image/catalog/easyphoto/2608/kist-rollingdog-15mm-kruglaya-smeshannaya-shchetina-seriya-professional-art-10681-3.jpg,,,,,,,,,,,,,,,,,,,,,,,,,,,,,,,,,,,,,,,,,,,,"
"Кисть Rollingdog 18мм, круглая, смешанная щетина, серия Professional, арт.10682",Малярный и штукатурный инструмент>Кисти малярные>Фигурные кисти,10682,571.79,"https://dlt.by/image/catalog/easyphoto/2609/kist-rollingdog-18mm-kruglaya-smeshannaya-shchetina-seriya-professional-art-10682-2.jpg,https://dlt.by/image/catalog/easyphoto/2609/kist-rollingdog-18mm-kruglaya-smeshannaya-shchetina-seriya-professional-art-10682-3.jpg,,,,,,,,,,,,,,,,,,,,,,,,,,,,,,,,,,,,,,,,,,,,"
"Кисть Rollingdog 21мм, круглая, смешанная щетина, серия Professional, арт.10683",Малярный и штукатурный инструмент>Кисти малярные>Фигурные кисти,10683,662.07,"https://dlt.by/image/catalog/easyphoto/2610/kist-rollingdog-21mm-kruglaya-smeshannaya-shchetina-seriya-professional-art-10683-2.jpg,https://dlt.by/image/catalog/easyphoto/2610/kist-rollingdog-21mm-kruglaya-smeshannaya-shchetina-seriya-professional-art-10683-3.jpg,,,,,,,,,,,,,,,,,,,,,,,,,,,,,,,,,,,,,,,,,,,,"
"Кисть Rollingdog 25мм, круглая, смешанная щетина, серия Professional, арт.10684",Малярный и штукатурный инструмент>Кисти малярные>Фигурные кисти,10684,782.45,"https://dlt.by/image/catalog/easyphoto/2611/kist-rollingdog-25mm-kruglaya-smeshannaya-shchetina-seriya-professional-art-10684-2.jpg,https://dlt.by/image/catalog/easyphoto/2611/kist-rollingdog-25mm-kruglaya-smeshannaya-shchetina-seriya-professional-art-10684-3.jpg,,,,,,,,,,,,,,,,,,,,,,,,,,,,,,,,,,,,,,,,,,,,"
"Кисть радиаторная Rollingdog 25мм, угловая, смешанная щетина, серия Professional, арт.10690",Малярный и штукатурный инструмент>Кисти малярные>Радиаторные кисти,10690,367.15,"https://dlt.by/image/catalog/easyphoto/2612/kist-radiatornaya-rollingdog-25mm-uglovaya-smeshannaya-shchetina-seriya-professional-art-10690-2.jpg,https://dlt.by/image/catalog/easyphoto/2612/kist-radiatornaya-rollingdog-25mm-uglovaya-smeshannaya-shchetina-seriya-professional-art-10690-3.jpg,,,,,,,,,,,,,,,,,,,,,,,,,,,,,,,,,,,,,,,,,,,,"
"Кисть радиаторная Rollingdog 38мм, угловая, смешанная щетина, серия Professional, арт.10691",Малярный и штукатурный инструмент>Кисти малярные>Радиаторные кисти,10691,451.41,"https://dlt.by/image/catalog/easyphoto/2613/kist-radiatornaya-rollingdog-38mm-uglovaya-smeshannaya-shchetina-seriya-professional-art-10691-2.jpg,https://dlt.by/image/catalog/easyphoto/2613/kist-radiatornaya-rollingdog-38mm-uglovaya-smeshannaya-shchetina-seriya-professional-art-10691-3.jpg,,,,,,,,,,,,,,,,,,,,,,,,,,,,,,,,,,,,,,,,,,,,"
"Кисть радиаторная Rollingdog 50мм, угловая, смешанная щетина, серия Professional, арт.10692",Малярный и штукатурный инструмент>Кисти малярные>Радиаторные кисти,10692,541.70,"https://dlt.by/image/catalog/easyphoto/2614/kist-radiatornaya-rollingdog-50mm-uglovaya-smeshannaya-shchetina-seriya-professional-art-10692-3.jpg,https://dlt.by/image/catalog/easyphoto/2614/kist-radiatornaya-rollingdog-50mm-uglovaya-smeshannaya-shchetina-seriya-professional-art-10692-4.jpg,,,,,,,,,,,,,,,,,,,,,,,,,,,,,,,,,,,,,,,,,,,,"
"Кисть Rollingdog 63,5мм, угловой срез, нейлон/полиэстер, серия Elite, арт.10697",Малярный и штукатурный инструмент>Кисти малярные>Плоские кисти>Угловой срез,10697,2 106.60,"https://dlt.by/image/catalog/easyphoto/2615/kist-rollingdog-63-5mm-uglovoy-srez-neylon-poliester-seriya-elite-art-10697-2.jpg,https://dlt.by/image/catalog/easyphoto/2615/kist-rollingdog-63-5mm-uglovoy-srez-neylon-poliester-seriya-elite-art-10697-9.jpg,https://dlt.by/image/catalog/easyphoto/2615/kist-rollingdog-63-5mm-uglovoy-srez-neylon-poliester-seriya-elite-art-10697-4.jpg,https://dlt.by/image/catalog/easyphoto/2615/kist-rollingdog-63-5mm-uglovoy-srez-neylon-poliester-seriya-elite-art-10697-7.jpg,https://dlt.by/image/catalog/easyphoto/2615/kist-rollingdog-63-5mm-uglovoy-srez-neylon-poliester-seriya-elite-art-10697-5.jpg,https://dlt.by/image/catalog/easyphoto/2615/kist-rollingdog-63-5mm-uglovoy-srez-neylon-poliester-seriya-elite-art-10697-8.jpg,https://dlt.by/image/catalog/easyphoto/2615/kist-rollingdog-63-5mm-uglovoy-srez-neylon-poliester-seriya-elite-art-10697-6.jpg,,,,,,,,,,,,,,,,,,,,,,,,,,,,,,,,,,,,,,,"
"Кисть Rollingdog 63,5мм, угловой срез, смешанная щетина, серия Elite, арт.10698",Малярный и штукатурный инструмент>Кисти малярные>Плоские кисти>Угловой срез,10698,2 196.88,"https://dlt.by/image/catalog/easyphoto/2616/kist-rollingdog-63-5mm-uglovoy-srez-smeshannaya-shchetina-seriya-elite-art-10698-2.jpg,https://dlt.by/image/catalog/easyphoto/2616/kist-rollingdog-63-5mm-uglovoy-srez-smeshannaya-shchetina-seriya-elite-art-10698-9.jpg,https://dlt.by/image/catalog/easyphoto/2616/kist-rollingdog-63-5mm-uglovoy-srez-smeshannaya-shchetina-seriya-elite-art-10698-3.jpg,https://dlt.by/image/catalog/easyphoto/2616/kist-rollingdog-63-5mm-uglovoy-srez-smeshannaya-shchetina-seriya-elite-art-10698-4.jpg,https://dlt.by/image/catalog/easyphoto/2616/kist-rollingdog-63-5mm-uglovoy-srez-smeshannaya-shchetina-seriya-elite-art-10698-5.jpg,https://dlt.by/image/catalog/easyphoto/2616/kist-rollingdog-63-5mm-uglovoy-srez-smeshannaya-shchetina-seriya-elite-art-10698-6.jpg,https://dlt.by/image/catalog/easyphoto/2616/kist-rollingdog-63-5mm-uglovoy-srez-smeshannaya-shchetina-seriya-elite-art-10698-7.jpg,https://dlt.by/image/catalog/easyphoto/2616/kist-rollingdog-63-5mm-uglovoy-srez-smeshannaya-shchetina-seriya-elite-art-10698-8.jpg,https://dlt.by/image/catalog/easyphoto/2616/kist-rollingdog-63-5mm-uglovoy-srez-smeshannaya-shchetina-seriya-elite-art-10698-10.jpg,https://dlt.by/image/catalog/easyphoto/2616/kist-rollingdog-63-5mm-uglovoy-srez-smeshannaya-shchetina-seriya-elite-art-10698-12.jpg,https://dlt.by/image/catalog/easyphoto/2616/kist-rollingdog-63-5mm-uglovoy-srez-smeshannaya-shchetina-seriya-elite-art-10698-13.jpg,https://dlt.by/image/catalog/easyphoto/2616/kist-rollingdog-63-5mm-uglovoy-srez-smeshannaya-shchetina-seriya-elite-art-10698-11.jpg,,,,,,,,,,,,,,,,,,,,,,,,,,,,,,,,,,"
"Кисть Rollingdog XP1000 38мм, угловой срез, нейлон /полиэстер, серия Elite, арт.10699",Малярный и штукатурный инструмент>Кисти малярные>Плоские кисти>Угловой срез,10699,692.17,"https://dlt.by/image/catalog/easyphoto/2617/kist-rollingdog-xp1000-38mm-uglovoy-srez-neylon-poliester-seriya-elite-art-10699-2.jpg,https://dlt.by/image/catalog/easyphoto/2617/kist-rollingdog-xp1000-38mm-uglovoy-srez-neylon-poliester-seriya-elite-art-10699-3.jpg,,,,,,,,,,,,,,,,,,,,,,,,,,,,,,,,,,,,,,,,,,,,"
"Кисть Rollingdog XP1000 50мм, угловой срез, нейлон /полиэстер, серия Elite, арт.10700",Малярный и штукатурный инструмент>Кисти малярные>Плоские кисти>Угловой срез,10700,932.92,"https://dlt.by/image/catalog/easyphoto/2618/kist-rollingdog-xp1000-50mm-uglovoy-srez-neylon-poliester-seriya-elite-art-10700-2.jpg,https://dlt.by/image/catalog/easyphoto/2618/kist-rollingdog-xp1000-50mm-uglovoy-srez-neylon-poliester-seriya-elite-art-10700-3.jpg,https://dlt.by/image/catalog/easyphoto/2618/kist-rollingdog-xp1000-50mm-uglovoy-srez-neylon-poliester-seriya-elite-art-10700-4.jpg,https://dlt.by/image/catalog/easyphoto/2618/kist-rollingdog-xp1000-50mm-uglovoy-srez-neylon-poliester-seriya-elite-art-10700-5.jpg,https://dlt.by/image/catalog/easyphoto/2618/kist-rollingdog-xp1000-50mm-uglovoy-srez-neylon-poliester-seriya-elite-art-10700-6.jpg,https://dlt.by/image/catalog/easyphoto/2618/kist-rollingdog-xp1000-50mm-uglovoy-srez-neylon-poliester-seriya-elite-art-10700-7.jpg,https://dlt.by/image/catalog/easyphoto/2618/kist-rollingdog-xp1000-50mm-uglovoy-srez-neylon-poliester-seriya-elite-art-10700-8.jpg,https://dlt.by/image/catalog/easyphoto/2618/kist-rollingdog-xp1000-50mm-uglovoy-srez-neylon-poliester-seriya-elite-art-10700-9.jpg,https://dlt.by/image/catalog/easyphoto/2618/kist-rollingdog-xp1000-50mm-uglovoy-srez-neylon-poliester-seriya-elite-art-10700-10.jpg,https://dlt.by/image/catalog/easyphoto/2618/kist-rollingdog-xp1000-50mm-uglovoy-srez-neylon-poliester-seriya-elite-art-10700-11.jpg,,,,,,,,,,,,,,,,,,,,,,,,,,,,,,,,,,,,"
"Кисть Rollingdog XP1000 63мм, угловой срез, нейлон /полиэстер, серия Elite, арт.10701",Малярный и штукатурный инструмент>Кисти малярные>Плоские кисти>Угловой срез,10701,1 203.77,"https://dlt.by/image/catalog/easyphoto/2619/kist-rollingdog-xp1000-63mm-uglovoy-srez-neylon-poliester-seriya-elite-art-10701-3.jpg,https://dlt.by/image/catalog/easyphoto/2619/kist-rollingdog-xp1000-63mm-uglovoy-srez-neylon-poliester-seriya-elite-art-10701-2.jpg,,,,,,,,,,,,,,,,,,,,,,,,,,,,,,,,,,,,,,,,,,,,"
"Кисть Rollingdog XP1000 38мм, угловой срез, нейлон/полиэстер, серия Elite, арт.10702",Малярный и штукатурный инструмент>Кисти малярные>Плоские кисти>Угловой срез,10702,662.07,"https://dlt.by/image/catalog/easyphoto/2620/kist-rollingdog-xp1000-38mm-uglovoy-srez-neylon-poliester-seriya-elite-art-10702-3.jpg,https://dlt.by/image/catalog/easyphoto/2620/kist-rollingdog-xp1000-38mm-uglovoy-srez-neylon-poliester-seriya-elite-art-10702-2.jpg,https://dlt.by/image/catalog/easyphoto/2620/kist-rollingdog-xp1000-38mm-uglovoy-srez-neylon-poliester-seriya-elite-art-10702-10.jpg,https://dlt.by/image/catalog/easyphoto/2620/kist-rollingdog-xp1000-38mm-uglovoy-srez-neylon-poliester-seriya-elite-art-10702-6.jpg,https://dlt.by/image/catalog/easyphoto/2620/kist-rollingdog-xp1000-38mm-uglovoy-srez-neylon-poliester-seriya-elite-art-10702-7.jpg,https://dlt.by/image/catalog/easyphoto/2620/kist-rollingdog-xp1000-38mm-uglovoy-srez-neylon-poliester-seriya-elite-art-10702-5.jpg,https://dlt.by/image/catalog/easyphoto/2620/kist-rollingdog-xp1000-38mm-uglovoy-srez-neylon-poliester-seriya-elite-art-10702-4.jpg,https://dlt.by/image/catalog/easyphoto/2620/kist-rollingdog-xp1000-38mm-uglovoy-srez-neylon-poliester-seriya-elite-art-10702-12.jpg,https://dlt.by/image/catalog/easyphoto/2620/kist-rollingdog-xp1000-38mm-uglovoy-srez-neylon-poliester-seriya-elite-art-10702-14.jpg,https://dlt.by/image/catalog/easyphoto/2620/kist-rollingdog-xp1000-38mm-uglovoy-srez-neylon-poliester-seriya-elite-art-10702-9.jpg,https://dlt.by/image/catalog/easyphoto/2620/kist-rollingdog-xp1000-38mm-uglovoy-srez-neylon-poliester-seriya-elite-art-10702-11.jpg,https://dlt.by/image/catalog/easyphoto/2620/kist-rollingdog-xp1000-38mm-uglovoy-srez-neylon-poliester-seriya-elite-art-10702-8.jpg,https://dlt.by/image/catalog/easyphoto/2620/kist-rollingdog-xp1000-38mm-uglovoy-srez-neylon-poliester-seriya-elite-art-10702-13.jpg,https://dlt.by/image/catalog/easyphoto/2620/kist-rollingdog-xp1000-38mm-uglovoy-srez-neylon-poliester-seriya-elite-art-10702-15.jpg,,,,,,,,,,,,,,,,,,,,,,,,,,,,,,,,"
"Кисть Rollingdog XP1000 50мм, угловой срез, нейлон/полиэстер, серия Elite, арт.10703",Малярный и штукатурный инструмент>Кисти малярные>Плоские кисти>Угловой срез,10703,902.83,"https://dlt.by/image/catalog/easyphoto/2621/kist-rollingdog-xp1000-50mm-uglovoy-srez-neylon-poliester-seriya-elite-art-10703-3.jpg,https://dlt.by/image/catalog/easyphoto/2621/kist-rollingdog-xp1000-50mm-uglovoy-srez-neylon-poliester-seriya-elite-art-10703-2.jpg,,,,,,,,,,,,,,,,,,,,,,,,,,,,,,,,,,,,,,,,,,,,"
"Кисть Rollingdog XP1000 63,5мм, угловой срез, нейлон/полиэстер, серия Elite, арт.10704",Малярный и штукатурный инструмент>Кисти малярные>Плоские кисти>Угловой срез,10704,1 143.58,"https://dlt.by/image/catalog/easyphoto/2622/kist-rollingdog-xp1000-63-5mm-uglovoy-srez-neylon-poliester-seriya-elite-art-10704-3.jpg,https://dlt.by/image/catalog/easyphoto/2622/kist-rollingdog-xp1000-63-5mm-uglovoy-srez-neylon-poliester-seriya-elite-art-10704-2.jpg,,,,,,,,,,,,,,,,,,,,,,,,,,,,,,,,,,,,,,,,,,,,"
"Кисть Rollingdog T60 18мм, круглая, смешанная щетина, серия Standard, арт.10718",Малярный и штукатурный инструмент>Кисти малярные>Фигурные кисти,10718,216.68,"https://dlt.by/image/catalog/easyphoto/2623/kist-rollingdog-t60-18mm-kruglaya-smeshannaya-shchetina-seriya-standard-art-10718-2.jpg,https://dlt.by/image/catalog/easyphoto/2623/kist-rollingdog-t60-18mm-kruglaya-smeshannaya-shchetina-seriya-standard-art-10718-4.jpg,https://dlt.by/image/catalog/easyphoto/2623/kist-rollingdog-t60-18mm-kruglaya-smeshannaya-shchetina-seriya-standard-art-10718-3.jpg,,,,,,,,,,,,,,,,,,,,,,,,,,,,,,,,,,,,,,,,,,,"
"Кисть Rollingdog T60 21мм, круглая, смешанная щетина, серия Standard, арт.10719",Малярный и штукатурный инструмент>Кисти малярные>Фигурные кисти,10719,246.77,"https://dlt.by/image/catalog/easyphoto/2624/kist-rollingdog-t60-21mm-kruglaya-smeshannaya-shchetina-seriya-standard-art-10719-2.jpg,https://dlt.by/image/catalog/easyphoto/2624/kist-rollingdog-t60-21mm-kruglaya-smeshannaya-shchetina-seriya-standard-art-10719-4.jpg,https://dlt.by/image/catalog/easyphoto/2624/kist-rollingdog-t60-21mm-kruglaya-smeshannaya-shchetina-seriya-standard-art-10719-3.jpg,,,,,,,,,,,,,,,,,,,,,,,,,,,,,,,,,,,,,,,,,,,"
"Кисть Rollingdog T60 25мм, круглая, смешанная щетина, серия Standard, арт.10720",Малярный и штукатурный инструмент>Кисти малярные>Фигурные кисти,10720,337.06,"https://dlt.by/image/catalog/easyphoto/2625/kist-rollingdog-t60-25mm-kruglaya-smeshannaya-shchetina-seriya-standard-art-10720-3.jpg,https://dlt.by/image/catalog/easyphoto/2625/kist-rollingdog-t60-25mm-kruglaya-smeshannaya-shchetina-seriya-standard-art-10720-2.jpg,https://dlt.by/image/catalog/easyphoto/2625/kist-rollingdog-t60-25mm-kruglaya-smeshannaya-shchetina-seriya-standard-art-10720-4.jpg,,,,,,,,,,,,,,,,,,,,,,,,,,,,,,,,,,,,,,,,,,,"
"Кисть Rollingdog T60 29мм, круглая, смешанная щетина, серия Standard, арт.10721",Малярный и штукатурный инструмент>Кисти малярные>Фигурные кисти,10721,391.22,"https://dlt.by/image/catalog/easyphoto/2626/kist-rollingdog-t60-29mm-kruglaya-smeshannaya-shchetina-seriya-standard-art-10721-2.jpg,https://dlt.by/image/catalog/easyphoto/2626/kist-rollingdog-t60-29mm-kruglaya-smeshannaya-shchetina-seriya-standard-art-10721-4.jpg,https://dlt.by/image/catalog/easyphoto/2626/kist-rollingdog-t60-29mm-kruglaya-smeshannaya-shchetina-seriya-standard-art-10721-3.jpg,,,,,,,,,,,,,,,,,,,,,,,,,,,,,,,,,,,,,,,,,,,"
"Набор кистей Rollingdog 15/18/21/20/30/50/мм, синтетика, серия Standard, арт.10722",Акции на строительный инструмент,10722,963.02,"https://dlt.by/image/catalog/easyphoto/2627/nabor-kistey-rollingdog-15-18-21-20-30-50-mm-sintetika-seriya-standard-art-10722-3.jpg,https://dlt.by/image/catalog/easyphoto/2627/nabor-kistey-rollingdog-15-18-21-20-30-50-mm-sintetika-seriya-standard-art-10722-4.jpg,https://dlt.by/image/catalog/easyphoto/2627/nabor-kistey-rollingdog-15-18-21-20-30-50-mm-sintetika-seriya-standard-art-10722-5.jpg,,,,,,,,,,,,,,,,,,,,,,,,,,,,,,,,,,,,,,,,,,,"
"Кисть Rollingdog DUAL-PRO 60мм, прямой срез, синтетика, серия Elite, арт.10724",Малярный и штукатурный инструмент>Кисти малярные>Плоские кисти>Прямой срез,10724,752.36,"https://dlt.by/image/catalog/easyphoto/2628/kist-rollingdog-dual-pro-60mm-pryamoy-srez-sintetika-seriya-elite-art-10724-2.jpg,https://dlt.by/image/catalog/easyphoto/2628/kist-rollingdog-dual-pro-60mm-pryamoy-srez-sintetika-seriya-elite-art-10724-3.jpg,,,,,,,,,,,,,,,,,,,,,,,,,,,,,,,,,,,,,,,,,,,,"
"Кисть для клея Rollingdog 20мм, прямой срез, нейлон, серия Professional, арт.10725",Малярный и штукатурный инструмент>Кисти малярные>Плоские кисти>Прямой срез,10725,186.58,"https://dlt.by/image/catalog/easyphoto/2629/kist-dlya-kleya-rollingdog-20mm-pryamoy-srez-neylon-seriya-professional-art-10725-2.jpg,https://dlt.by/image/catalog/easyphoto/2629/kist-dlya-kleya-rollingdog-20mm-pryamoy-srez-neylon-seriya-professional-art-10725-3.jpg,,,,,,,,,,,,,,,,,,,,,,,,,,,,,,,,,,,,,,,,,,,,"
"Кисть для клея Rollingdog 40мм, прямой срез, нейлон, серия Professional, арт.10726",Малярный и штукатурный инструмент>Кисти малярные>Плоские кисти>Прямой срез,10726,276.87,"https://dlt.by/image/catalog/easyphoto/2630/kist-dlya-kleya-rollingdog-40mm-pryamoy-srez-neylon-seriya-professional-art-10726-2.jpg,https://dlt.by/image/catalog/easyphoto/2630/kist-dlya-kleya-rollingdog-40mm-pryamoy-srez-neylon-seriya-professional-art-10726-3.jpg,,,,,,,,,,,,,,,,,,,,,,,,,,,,,,,,,,,,,,,,,,,,"
"Кисть для клея Rollingdog 50мм, прямой срез, нейлон, серия Professional, арт.10727",Малярный и штукатурный инструмент>Кисти малярные>Плоские кисти>Прямой срез,10727,337.06,"https://dlt.by/image/catalog/easyphoto/2631/kist-dlya-kleya-rollingdog-50mm-pryamoy-srez-neylon-seriya-professional-art-10727-2.jpg,https://dlt.by/image/catalog/easyphoto/2631/kist-dlya-kleya-rollingdog-50mm-pryamoy-srez-neylon-seriya-professional-art-10727-3.jpg,,,,,,,,,,,,,,,,,,,,,,,,,,,,,,,,,,,,,,,,,,,,"
"Кисть Rollingdog 12мм, прямой срез, синтетика, серия Professional, арт.10729",Малярный и штукатурный инструмент>Кисти малярные>Плоские кисти>Прямой срез,10729,126.40,"https://dlt.by/image/catalog/easyphoto/2632/kist-rollingdog-12mm-pryamoy-srez-sintetika-seriya-professional-art-10729-2.jpg,https://dlt.by/image/catalog/easyphoto/2632/kist-rollingdog-12mm-pryamoy-srez-sintetika-seriya-professional-art-10729-3.jpg,,,,,,,,,,,,,,,,,,,,,,,,,,,,,,,,,,,,,,,,,,,,"
"Кисть с короткой ручкой Rollingdog К100 50,8мм, угловой срез, синтетика, серия Standard, арт.10731",Малярный и штукатурный инструмент>Кисти малярные>Плоские кисти>Угловой срез,10731,216.68,"https://dlt.by/image/catalog/easyphoto/2633/kist-s-korotkoy-ruchkoy-rollingdog-k100-50-8mm-uglovoy-srez-sintetika-seriya-standard-art-10731-3.jpg,https://dlt.by/image/catalog/easyphoto/2633/kist-s-korotkoy-ruchkoy-rollingdog-k100-50-8mm-uglovoy-srez-sintetika-seriya-standard-art-10731-2.jpg,https://dlt.by/image/catalog/easyphoto/2633/kist-s-korotkoy-ruchkoy-rollingdog-k100-50-8mm-uglovoy-srez-sintetika-seriya-standard-art-10731-4.jpg,https://dlt.by/image/catalog/easyphoto/2633/kist-s-korotkoy-ruchkoy-rollingdog-k100-50-8mm-uglovoy-srez-sintetika-seriya-standard-art-10731-5.jpg,https://dlt.by/image/catalog/easyphoto/2633/kist-s-korotkoy-ruchkoy-rollingdog-k100-50-8mm-uglovoy-srez-sintetika-seriya-standard-art-10731-6.jpg,https://dlt.by/image/catalog/easyphoto/2633/kist-s-korotkoy-ruchkoy-rollingdog-k100-50-8mm-uglovoy-srez-sintetika-seriya-standard-art-10731-7.jpg,,,,,,,,,,,,,,,,,,,,,,,,,,,,,,,,,,,,,,,,"
"Кювета для краски Rollingdog 7” (177мм), серия Professional, арт.20011",Малярный и штукатурный инструмент>Малярные ванночки и кюветы,20011,391.22,"https://dlt.by/image/catalog/easyphoto/2634/kyuveta-dlya-kraski-rollingdog-7-177mm-seriya-professional-art-20011-2.jpg,,,,,,,,,,,,,,,,,,,,,,,,,,,,,,,,,,,,,,,,,,,,,"
"Кювета для краски Rollingdog 4” (100мм), серия Professional, арт.20012",Малярный и штукатурный инструмент>Малярные ванночки и кюветы,20012,246.77,"https://dlt.by/image/catalog/easyphoto/2635/kyuveta-dlya-kraski-rollingdog-4-100mm-seriya-professional-art-20012-2.jpg,,,,,,,,,,,,,,,,,,,,,,,,,,,,,,,,,,,,,,,,,,,,,"
"Ковш для краски Rollingdog 4” (100мм), серия Standard, арт.20018",Малярный и штукатурный инструмент>Малярные ванночки и кюветы,20018,186.58,"https://dlt.by/image/catalog/easyphoto/2636/kovsh-dlya-kraski-rollingdog-4-100mm-seriya-standard-art-20018-4.jpg,https://dlt.by/image/catalog/easyphoto/2636/kovsh-dlya-kraski-rollingdog-4-100mm-seriya-standard-art-20018-3.jpg,,,,,,,,,,,,,,,,,,,,,,,,,,,,,,,,,,,,,,,,,,,,"
"Кювета для краски Rollingdog 7” (177мм), серия Professional, арт.20059",Малярный и штукатурный инструмент>Малярные ванночки и кюветы,20059,631.98,"https://dlt.by/image/catalog/easyphoto/2637/kyuveta-dlya-kraski-rollingdog-7-177mm-seriya-professional-art-20059-3.jpg,https://dlt.by/image/catalog/easyphoto/2637/kyuveta-dlya-kraski-rollingdog-7-177mm-seriya-professional-art-20059-2.jpg,,,,,,,,,,,,,,,,,,,,,,,,,,,,,,,,,,,,,,,,,,,,"
"Кювета для краски/крышка для ведра Rollingdog 4” (100мм), серия Professional, арт.20067",Малярный и штукатурный инструмент>Малярные ванночки и кюветы,20067,126.40,"https://dlt.by/image/catalog/easyphoto/2638/kyuveta-dlya-kraski-kryshka-dlya-vedra-rollingdog-4-100mm-seriya-professional-art-20067-4.jpg,https://dlt.by/image/catalog/easyphoto/2638/kyuveta-dlya-kraski-kryshka-dlya-vedra-rollingdog-4-100mm-seriya-professional-art-20067-2.jpg,https://dlt.by/image/catalog/easyphoto/2638/kyuveta-dlya-kraski-kryshka-dlya-vedra-rollingdog-4-100mm-seriya-professional-art-20067-3.jpg,,,,,,,,,,,,,,,,,,,,,,,,,,,,,,,,,,,,,,,,,,,"
"Кювета для краски/крышка для ведра Rollingdog 7” (177мм), серия Professional, арт.20068",Малярный и штукатурный инструмент>Малярные ванночки и кюветы,20068,367.15,"https://dlt.by/image/catalog/easyphoto/2639/kyuveta-dlya-kraski-kryshka-dlya-vedra-rollingdog-7-177mm-seriya-professional-art-20068-4.jpg,https://dlt.by/image/catalog/easyphoto/2639/kyuveta-dlya-kraski-kryshka-dlya-vedra-rollingdog-7-177mm-seriya-professional-art-20068-2.jpg,https://dlt.by/image/catalog/easyphoto/2639/kyuveta-dlya-kraski-kryshka-dlya-vedra-rollingdog-7-177mm-seriya-professional-art-20068-3.jpg,,,,,,,,,,,,,,,,,,,,,,,,,,,,,,,,,,,,,,,,,,,"
"Мерный стакан Rollingdog 250мл, арт.20088",Малярный и штукатурный инструмент>Малярные ванночки и кюветы,20088,126.40,"https://dlt.by/image/catalog/easyphoto/2640/mernyy-stakan-rollingdog-250ml-art-20088-2.jpg,https://dlt.by/image/catalog/easyphoto/2640/mernyy-stakan-rollingdog-250ml-art-20088-3.jpg,,,,,,,,,,,,,,,,,,,,,,,,,,,,,,,,,,,,,,,,,,,,"
"Мерный стакан Rollingdog 500мл, арт.20089",Малярный и штукатурный инструмент>Малярные ванночки и кюветы,20089,156.49,"https://dlt.by/image/catalog/easyphoto/2641/mernyy-stakan-rollingdog-500ml-art-20089-2.jpg,https://dlt.by/image/catalog/easyphoto/2641/mernyy-stakan-rollingdog-500ml-art-20089-3.jpg,,,,,,,,,,,,,,,,,,,,,,,,,,,,,,,,,,,,,,,,,,,,"
"Запасное крепление корпуса рукоятки шлифмашины DLT R7236/GrandFlex V36, арт.2227",Запчасти>Шлифмашины ручные/жираф,2227,306.96,"https://dlt.by/image/catalog/easyphoto/2642/zapasnoe-kreplenie-korpusa-rukoyatki-shlifmashiny-dlt-r7236-2.jpg,https://dlt.by/image/catalog/easyphoto/2642/zapasnoe-kreplenie-korpusa-rukoyatki-shlifmashiny-dlt-r7236-3.jpg,https://dlt.by/image/catalog/easyphoto/2642/zapasnoe-kreplenie-korpusa-rukoyatki-shlifmashiny-dlt-r7236-4.jpg,https://dlt.by/image/catalog/easyphoto/2642/zapasnoe-kreplenie-korpusa-rukoyatki-shlifmashiny-dlt-r7236-5.jpg,,,,,,,,,,,,,,,,,,,,,,,,,,,,,,,,,,,,,,,,,,"
"Запасной шланг гофрированный (короткий) для шлифмашины DLT R7236/GrandFlex V36, арт.2228",Акции на строительный инструмент,2228,306.96,"https://dlt.by/image/catalog/easyphoto/2644/zapasnoy-shlang-gofrirovannyy-korotkiy-dlya-shlifmashiny-dlt-r7236-2.jpg,,,,,,,,,,,,,,,,,,,,,,,,,,,,,,,,,,,,,,,,,,,,,"
"Мерный стакан Rollingdog 1000мл, арт.20090",Малярный и штукатурный инструмент>Малярные ванночки и кюветы,20090,186.58,"https://dlt.by/image/catalog/easyphoto/2643/mernyy-stakan-rollingdog-1000ml-art-20090-2.jpg,https://dlt.by/image/catalog/easyphoto/2643/mernyy-stakan-rollingdog-1000ml-art-20090-3.jpg,,,,,,,,,,,,,,,,,,,,,,,,,,,,,,,,,,,,,,,,,,,,"
"Запасной шланг гофрированный (длинный) для шлифмашины DLT R7236/GrandFlex V36, арт.2229",Запчасти>Шлифмашины ручные/жираф,2229,902.83,"https://dlt.by/image/catalog/easyphoto/2645/zapasnoy-shlang-gofrirovannyy-dlinnyy-dlya-shlifmashiny-dlt-r7236-2.jpg,https://dlt.by/image/catalog/easyphoto/2645/zapasnoy-shlang-gofrirovannyy-dlinnyy-dlya-shlifmashiny-dlt-r7236-3.jpg,,,,,,,,,,,,,,,,,,,,,,,,,,,,,,,,,,,,,,,,,,,,"
"Набор мерных стаканов Rollingdog 250/500/1000мл, арт.20091",Малярный и штукатурный инструмент>Малярные ванночки и кюветы,20091,451.41,"https://dlt.by/image/catalog/easyphoto/2646/nabor-mernyh-stakanov-rollingdog-250-500-1000ml-art-20091-2.jpg,https://dlt.by/image/catalog/easyphoto/2646/nabor-mernyh-stakanov-rollingdog-250-500-1000ml-art-20091-3.jpg,https://dlt.by/image/catalog/easyphoto/2646/nabor-mernyh-stakanov-rollingdog-250-500-1000ml-art-20091-4.jpg,,,,,,,,,,,,,,,,,,,,,,,,,,,,,,,,,,,,,,,,,,,"
"Запасная кнопка включения шлифмашины DLT R7236/GrandFlex V36, арт.2230",Запчасти>Шлифмашины ручные/жираф>DLT R7236/GrandFlex V36,2230,451.41,"https://dlt.by/image/catalog/easyphoto/2647/zapasnaya-knopka-vklyucheniya-shlifmashiny-dlt-r7236-2.jpg,https://dlt.by/image/catalog/easyphoto/2647/zapasnaya-knopka-vklyucheniya-shlifmashiny-dlt-r7236-3.jpg,https://dlt.by/image/catalog/easyphoto/2647/zapasnaya-knopka-vklyucheniya-shlifmashiny-dlt-r7236-4.jpg,https://dlt.by/image/catalog/easyphoto/2647/zapasnaya-knopka-vklyucheniya-shlifmashiny-dlt-r7236-5.jpg,,,,,,,,,,,,,,,,,,,,,,,,,,,,,,,,,,,,,,,,,,"
"Запасной двигатель в сборе для шлифмашины DLT R7236/GrandFlex V36, арт.2231",Запчасти>Шлифмашины ручные/жираф>DLT R7236/GrandFlex V36,2231,4 815.08,"https://dlt.by/image/catalog/easyphoto/2648/zapasnoy-dvigatel-v-sbore-dlya-shlifmashiny-dlt-r7236-3.jpg,https://dlt.by/image/catalog/easyphoto/2648/zapasnoy-dvigatel-v-sbore-dlya-shlifmashiny-dlt-r7236-4.jpg,https://dlt.by/image/catalog/easyphoto/2648/zapasnoy-dvigatel-v-sbore-dlya-shlifmashiny-dlt-r7236-5.jpg,,,,,,,,,,,,,,,,,,,,,,,,,,,,,,,,,,,,,,,,,,,"
"Запасной ротор двигателя шлифмашины DLT R7236/GrandFlex V36, арт.2232",Запчасти>Шлифмашины ручные/жираф>DLT R7236/GrandFlex V36,2232,2 106.60,"https://dlt.by/image/catalog/easyphoto/2649/zapasnoy-rotor-dvigatelya-shlifmashiny-dlt-r7236-2.jpg,https://dlt.by/image/catalog/easyphoto/2649/zapasnoy-rotor-dvigatelya-shlifmashiny-dlt-r7236-4.jpg,https://dlt.by/image/catalog/easyphoto/2649/zapasnoy-rotor-dvigatelya-shlifmashiny-dlt-r7236-3.jpg,,,,,,,,,,,,,,,,,,,,,,,,,,,,,,,,,,,,,,,,,,,"
"Запасной регулятор оборотов шлифмашины DLT R7236/GrandFlex V36, арт.2233",Запчасти>Шлифмашины ручные/жираф>DLT R7236/GrandFlex V36,2233,601.88,"https://dlt.by/image/catalog/easyphoto/2650/zapasnoy-regulyator-oborotov-shlifmashiny-dlt-r7236-4.jpg,https://dlt.by/image/catalog/easyphoto/2650/zapasnoy-regulyator-oborotov-shlifmashiny-dlt-r7236-5.jpg,,,,,,,,,,,,,,,,,,,,,,,,,,,,,,,,,,,,,,,,,,,,"
"Запасная плата контроллер для шлифмашины DLT R7231/GrandFlex V31, арт.2234",Запчасти>Шлифмашины ручные/жираф>DLT R7231/GrandFlex V31,2234,6 319.79,"https://dlt.by/image/catalog/easyphoto/2651/zapasnaya-plata-kontroller-dlya-shlifmashiny-dlt-r7231-2.jpg,https://dlt.by/image/catalog/easyphoto/2651/zapasnaya-plata-kontroller-dlya-shlifmashiny-dlt-r7231-3.jpg,,,,,,,,,,,,,,,,,,,,,,,,,,,,,,,,,,,,,,,,,,,,"
"Кювета для краски Rollingdog 4” (100мм), серия Standard, арт.20105",Малярный и штукатурный инструмент>Малярные ванночки и кюветы,20105,186.58,"https://dlt.by/image/catalog/easyphoto/2652/kyuveta-dlya-kraski-rollingdog-4-100mm-seriya-standard-art-20105-2.jpg,,,,,,,,,,,,,,,,,,,,,,,,,,,,,,,,,,,,,,,,,,,,,"
"Кювета для краски Rollingdog 7” (175мм), серия Standard, арт.20106",Малярный и штукатурный инструмент>Малярные ванночки и кюветы,20106,276.87,"https://dlt.by/image/catalog/easyphoto/2653/kyuveta-dlya-kraski-rollingdog-7-175mm-seriya-standard-art-20106-2.jpg,,,,,,,,,,,,,,,,,,,,,,,,,,,,,,,,,,,,,,,,,,,,,"
"Запасной модуль управления для шлифмашины DLT R7231/GrandFlex V31, арт.2235",Запчасти>Шлифмашины ручные/жираф>DLT R7231/GrandFlex V31,2235,4 213.19,"https://dlt.by/image/catalog/easyphoto/2654/zapasnoy-modul-upravleniya-dlya-shlifmashiny-dlt-r7231-4.jpg,https://dlt.by/image/catalog/easyphoto/2654/zapasnoy-modul-upravleniya-dlya-shlifmashiny-dlt-r7231-2.jpg,https://dlt.by/image/catalog/easyphoto/2654/zapasnoy-modul-upravleniya-dlya-shlifmashiny-dlt-r7231-3.jpg,https://dlt.by/image/catalog/easyphoto/2654/zapasnoy-modul-upravleniya-dlya-shlifmashiny-dlt-r7231-5.jpg,,,,,,,,,,,,,,,,,,,,,,,,,,,,,,,,,,,,,,,,,,"
"Запасной шланг гофрированный (короткий) для шлифмашины DLT R7231/GrandFlex V31, арт.2236",Запчасти>Шлифмашины ручные/жираф>DLT R7231/GrandFlex V31,2236,306.96,"https://dlt.by/image/catalog/easyphoto/2655/zapasnoy-shlang-gofrirovannyy-korotkiy-dlya-shlifmashiny-dlt-r7231-2.jpg,https://dlt.by/image/catalog/easyphoto/2655/zapasnoy-shlang-gofrirovannyy-korotkiy-dlya-shlifmashiny-dlt-r7231-3.jpg,,,,,,,,,,,,,,,,,,,,,,,,,,,,,,,,,,,,,,,,,,,,"
"Кювета для краски Rollingdog 9” (225мм), серия Standard, арт.20107",Малярный и штукатурный инструмент>Малярные ванночки и кюветы,20107,337.06,"https://dlt.by/image/catalog/easyphoto/2656/kyuveta-dlya-kraski-rollingdog-9-225mm-seriya-standard-art-20107-2.jpg,,,,,,,,,,,,,,,,,,,,,,,,,,,,,,,,,,,,,,,,,,,,,"
"Запасной шланг гофрированный (длинный) для шлифмашины DLT R7231/GrandFlex V31, арт.2237",Запчасти>Шлифмашины ручные/жираф>DLT R7231/GrandFlex V31,2237,1 805.65,"https://dlt.by/image/catalog/easyphoto/2657/zapasnoy-shlang-gofrirovannyy-dlinnyy-dlya-shlifmashiny-dlt-r7231-2.jpg,https://dlt.by/image/catalog/easyphoto/2657/zapasnoy-shlang-gofrirovannyy-dlinnyy-dlya-shlifmashiny-dlt-r7231-3.jpg,,,,,,,,,,,,,,,,,,,,,,,,,,,,,,,,,,,,,,,,,,,,"
"Запасной двигатель в сборе для шлифмашины DLT R7231/GrandFlex V31, арт.2238",Запчасти>Шлифмашины ручные/жираф>DLT R7231/GrandFlex V31,2238,6 018.85,"https://dlt.by/image/catalog/easyphoto/2658/zapasnoy-dvigatel-v-sbore-dlya-shlifmashiny-dlt-r7231-2.jpg,https://dlt.by/image/catalog/easyphoto/2658/zapasnoy-dvigatel-v-sbore-dlya-shlifmashiny-dlt-r7231-5.jpg,https://dlt.by/image/catalog/easyphoto/2658/zapasnoy-dvigatel-v-sbore-dlya-shlifmashiny-dlt-r7231-3.jpg,https://dlt.by/image/catalog/easyphoto/2658/zapasnoy-dvigatel-v-sbore-dlya-shlifmashiny-dlt-r7231-4.jpg,,,,,,,,,,,,,,,,,,,,,,,,,,,,,,,,,,,,,,,,,,"
"Вкладыш для лотка Rollingdog 4” (100мм), набор 5 шт, серия Standard, арт.20109",Малярный и штукатурный инструмент>Малярные ванночки и кюветы,20109,216.68,"https://dlt.by/image/catalog/easyphoto/2659/vkladysh-dlya-lotka-rollingdog-4-100mm-nabor-5-sht-seriya-standard-art-20109-2.jpg,,,,,,,,,,,,,,,,,,,,,,,,,,,,,,,,,,,,,,,,,,,,,"
"Запасные сменные щетки для шлифмашины DLT R7231/GrandFlex V31, арт.2239",Запчасти>Шлифмашины ручные/жираф>DLT R7231/GrandFlex V31,2239,451.41,"https://dlt.by/image/catalog/easyphoto/2660/zapasnye-smennye-shchetki-dlya-shlifmashiny-dlt-r7231-2.jpg,https://dlt.by/image/catalog/easyphoto/2660/zapasnye-smennye-shchetki-dlya-shlifmashiny-dlt-r7231-3.jpg,,,,,,,,,,,,,,,,,,,,,,,,,,,,,,,,,,,,,,,,,,,,"
"Вкладыш для лотка Rollingdog 9” (230мм), набор 5 шт, серия Standard, арт.20111",Малярный и штукатурный инструмент>Малярные ванночки и кюветы,20111,511.60,"https://dlt.by/image/catalog/easyphoto/2661/vkladysh-dlya-lotka-rollingdog-9-230mm-nabor-5-sht-seriya-standard-art-20111-2.jpg,,,,,,,,,,,,,,,,,,,,,,,,,,,,,,,,,,,,,,,,,,,,,"
"Запасной модуль управления шлифмашины DLT KS-01-150-50, арт.2241",Запчасти>Шлифмашины ручные/жираф>DLT R7240,2241,6 921.67,"https://dlt.by/image/catalog/easyphoto/2662/zapasnoy-modul-upravleniya-shlifmashiny-dlt-ks-01-150-50-2.jpg,https://dlt.by/image/catalog/easyphoto/2662/zapasnoy-modul-upravleniya-shlifmashiny-dlt-ks-01-150-50-4.jpg,https://dlt.by/image/catalog/easyphoto/2662/zapasnoy-modul-upravleniya-shlifmashiny-dlt-ks-01-150-50-3.jpg,https://dlt.by/image/catalog/easyphoto/2662/zapasnoy-modul-upravleniya-shlifmashiny-dlt-ks-01-150-50-5.jpg,,,,,,,,,,,,,,,,,,,,,,,,,,,,,,,,,,,,,,,,,,"
"Запасной статор-ротор двигателя для шлифмашин DLT KS-01-150-50, арт.2242",Запчасти>Шлифмашины ручные/жираф>DLT R7240,2242,6 018.85,"https://dlt.by/image/catalog/easyphoto/2663/zapasnoy-stator-rotor-dvigatelya-dlya-shlifmashin-dlt-ks-01-150-50-2.jpg,https://dlt.by/image/catalog/easyphoto/2663/zapasnoy-stator-rotor-dvigatelya-dlya-shlifmashin-dlt-ks-01-150-50-3.jpg,https://dlt.by/image/catalog/easyphoto/2663/zapasnoy-stator-rotor-dvigatelya-dlya-shlifmashin-dlt-ks-01-150-50-4.jpg,,,,,,,,,,,,,,,,,,,,,,,,,,,,,,,,,,,,,,,,,,,"
"Запасной редуктор шлифмашины DLT R7240, арт.2243",Запчасти>Шлифмашины ручные/жираф>DLT R7240,2243,1 354.24,"https://dlt.by/image/catalog/easyphoto/2664/zapasnoy-reduktor-shlifmashiny-dlt-r7240-2.jpg,https://dlt.by/image/catalog/easyphoto/2664/zapasnoy-reduktor-shlifmashiny-dlt-r7240-3.jpg,https://dlt.by/image/catalog/easyphoto/2664/zapasnoy-reduktor-shlifmashiny-dlt-r7240-4.jpg,,,,,,,,,,,,,,,,,,,,,,,,,,,,,,,,,,,,,,,,,,,"
"Запасной пылевой мешок для шлифмашины DLT R7240/R7202, арт.2244",Запчасти>Шлифмашины ручные/жираф>DLT R7240,2244,932.92,"https://dlt.by/image/catalog/easyphoto/2665/zapasnoy-pylevoy-meshok-dlya-shlifmashiny-dlt-r7240-2.jpg,https://dlt.by/image/catalog/easyphoto/2665/zapasnoy-pylevoy-meshok-dlya-shlifmashiny-dlt-r7240-3.jpg,https://dlt.by/image/catalog/easyphoto/2665/zapasnoy-pylevoy-meshok-dlya-shlifmashiny-dlt-r7240-4.jpg,,,,,,,,,,,,,,,,,,,,,,,,,,,,,,,,,,,,,,,,,,,"
"Запасной регулятор скорости шлифмашины DLT R7240, арт.2245",Запчасти>Шлифмашины ручные/жираф>DLT R7240,2245,752.36,"https://dlt.by/image/catalog/easyphoto/2666/zapasnoy-regulyator-skorosti-shlifmashiny-dlt-r7240-3.jpg,https://dlt.by/image/catalog/easyphoto/2666/zapasnoy-regulyator-skorosti-shlifmashiny-dlt-r7240-4.jpg,,,,,,,,,,,,,,,,,,,,,,,,,,,,,,,,,,,,,,,,,,,,"
"Запасная кнопка включения шлифмашины DLT R7240, арт.2246",Запчасти>Шлифмашины ручные/жираф>DLT R7240,2246,306.96,"https://dlt.by/image/catalog/easyphoto/2667/zapasnaya-knopka-vklyucheniya-shlifmashiny-dlt-r7240-2.jpg,https://dlt.by/image/catalog/easyphoto/2667/zapasnaya-knopka-vklyucheniya-shlifmashiny-dlt-r7240-3.jpg,https://dlt.by/image/catalog/easyphoto/2667/zapasnaya-knopka-vklyucheniya-shlifmashiny-dlt-r7240-4.jpg,https://dlt.by/image/catalog/easyphoto/2667/zapasnaya-knopka-vklyucheniya-shlifmashiny-dlt-r7240-5.jpg,https://dlt.by/image/catalog/easyphoto/2667/zapasnaya-knopka-vklyucheniya-shlifmashiny-dlt-r7240-6.jpg,,,,,,,,,,,,,,,,,,,,,,,,,,,,,,,,,,,,,,,,,"
"Запасной ротор шлифмашины DLT R7240, арт.2247",Запчасти>Шлифмашины ручные/жираф>DLT R7240,2247,2 106.60,"https://dlt.by/image/catalog/easyphoto/2668/zapasnoy-rotor-shlifmashiny-dlt-r7240-4.jpg,https://dlt.by/image/catalog/easyphoto/2668/zapasnoy-rotor-shlifmashiny-dlt-r7240-2.jpg,https://dlt.by/image/catalog/easyphoto/2668/zapasnoy-rotor-shlifmashiny-dlt-r7240-3.jpg,,,,,,,,,,,,,,,,,,,,,,,,,,,,,,,,,,,,,,,,,,,"
"Запасная ручка колеса подъемника для гипсокартонных листов DLT Panel Lifter 335/490, арт.2248",Запчасти>Подъемники для гипсокартона,2248,306.96,"https://dlt.by/image/catalog/easyphoto/2669/zapasnaya-ruchka-kolesa-podemnika-dlya-gipsokartonnyh-listov-dlt-panel-lifter-335-490-2.jpg,https://dlt.by/image/catalog/easyphoto/2669/zapasnaya-ruchka-kolesa-podemnika-dlya-gipsokartonnyh-listov-dlt-panel-lifter-335-490-3.jpg,,,,,,,,,,,,,,,,,,,,,,,,,,,,,,,,,,,,,,,,,,,,"
"Запасной узел тормозного рычага для подъемника для гипсокартонных листов DLT Panel Lifter 335/490, арт.2249",Запчасти>Подъемники для гипсокартона,2249,902.83,"https://dlt.by/image/catalog/easyphoto/2670/zapasnoy-uzel-tormoznogo-rychaga-dlya-podemnika-dlya-gipsokartonnyh-listov-dlt-panel-lifter-335-490-2.jpg,https://dlt.by/image/catalog/easyphoto/2670/zapasnoy-uzel-tormoznogo-rychaga-dlya-podemnika-dlya-gipsokartonnyh-listov-dlt-panel-lifter-335-490-3.jpg,,,,,,,,,,,,,,,,,,,,,,,,,,,,,,,,,,,,,,,,,,,,"
"Запасное колесо подъемника для гипсокартонных листов DLT Panel Lifter 335/490, арт.2251",Запчасти>Подъемники для гипсокартона,2251,601.88,"https://dlt.by/image/catalog/easyphoto/2671/zapasnoe-koleso-podemnika-dlya-gipsokartonnyh-listov-dlt-panel-lifter-335-490-4.jpg,https://dlt.by/image/catalog/easyphoto/2671/zapasnoe-koleso-podemnika-dlya-gipsokartonnyh-listov-dlt-panel-lifter-335-490-2.jpg,https://dlt.by/image/catalog/easyphoto/2671/zapasnoe-koleso-podemnika-dlya-gipsokartonnyh-listov-dlt-panel-lifter-335-490-3.jpg,,,,,,,,,,,,,,,,,,,,,,,,,,,,,,,,,,,,,,,,,,,"
"Запасной кабельный шкив подъемника для гипсокартонных листов DLT Panel Lifter 335/490, арт.2252",Запчасти>Подъемники для гипсокартона,2252,306.96,"https://dlt.by/image/catalog/easyphoto/2672/zapasnoy-kabelnyy-shkiv-podemnika-dlya-gipsokartonnyh-listov-dlt-panel-lifter-335-490-5.jpg,https://dlt.by/image/catalog/easyphoto/2672/zapasnoy-kabelnyy-shkiv-podemnika-dlya-gipsokartonnyh-listov-dlt-panel-lifter-335-490-2.jpg,https://dlt.by/image/catalog/easyphoto/2672/zapasnoy-kabelnyy-shkiv-podemnika-dlya-gipsokartonnyh-listov-dlt-panel-lifter-335-490-3.jpg,https://dlt.by/image/catalog/easyphoto/2672/zapasnoy-kabelnyy-shkiv-podemnika-dlya-gipsokartonnyh-listov-dlt-panel-lifter-335-490-4.jpg,,,,,,,,,,,,,,,,,,,,,,,,,,,,,,,,,,,,,,,,,,"
"Запасное колесо лебедки подъемника для гипсокартонных листов DLT Panel Lifter 335/490, арт.2253",Запчасти>Подъемники для гипсокартона,2253,1 203.77,"https://dlt.by/image/catalog/easyphoto/2673/zapasnoe-koleso-lebedki-podemnika-dlya-gipsokartonnyh-listov-dlt-panel-lifter-335-490-4.jpg,https://dlt.by/image/catalog/easyphoto/2673/zapasnoe-koleso-lebedki-podemnika-dlya-gipsokartonnyh-listov-dlt-panel-lifter-335-490-5.jpg,,,,,,,,,,,,,,,,,,,,,,,,,,,,,,,,,,,,,,,,,,,,"
"Запасная кнопка включения пылесоса DLT EXTRALINE PL30, арт.2219",Запчасти>Пылесосы>DLT EXTRALINE PL30,2219,367.15,"https://dlt.by/image/catalog/easyphoto/2674/zapasnaya-knopka-vklyucheniya-pylesosa-dlt-extraline-pl30-5.jpg,https://dlt.by/image/catalog/easyphoto/2674/zapasnaya-knopka-vklyucheniya-pylesosa-dlt-extraline-pl30-3.jpg,https://dlt.by/image/catalog/easyphoto/2674/zapasnaya-knopka-vklyucheniya-pylesosa-dlt-extraline-pl30-4.jpg,,,,,,,,,,,,,,,,,,,,,,,,,,,,,,,,,,,,,,,,,,,"
"Запасной двигатель для пылесоса DLT EXTRALINE PL30, арт.2220",Запчасти>Пылесосы>DLT EXTRALINE PL30,2220,4 062.72,"https://dlt.by/image/catalog/easyphoto/2675/zapasnoy-dvigatel-dlya-pylesosa-dlt-extraline-pl30-2.jpg,https://dlt.by/image/catalog/easyphoto/2675/zapasnoy-dvigatel-dlya-pylesosa-dlt-extraline-pl30-3.jpg,https://dlt.by/image/catalog/easyphoto/2675/zapasnoy-dvigatel-dlya-pylesosa-dlt-extraline-pl30-4.jpg,,,,,,,,,,,,,,,,,,,,,,,,,,,,,,,,,,,,,,,,,,,"
"Запасная плата для пылесоса DLT EXTRALINE PL30, арт.2221",Запчасти>Пылесосы>DLT EXTRALINE PL30,2221,1 354.24,"https://dlt.by/image/catalog/easyphoto/2676/zapasnaya-plata-dlya-pylesosa-dlt-extraline-pl30-2.jpg,https://dlt.by/image/catalog/easyphoto/2676/zapasnaya-plata-dlya-pylesosa-dlt-extraline-pl30-3.jpg,https://dlt.by/image/catalog/easyphoto/2676/zapasnaya-plata-dlya-pylesosa-dlt-extraline-pl30-4.jpg,https://dlt.by/image/catalog/easyphoto/2676/zapasnaya-plata-dlya-pylesosa-dlt-extraline-pl30-5.jpg,,,,,,,,,,,,,,,,,,,,,,,,,,,,,,,,,,,,,,,,,,"
"Запасная розетка с крышкой пылесоса DLT EXTRALINE PL30, арт.2222",Запчасти>Пылесосы>DLT EXTRALINE PL30,2222,451.41,"https://dlt.by/image/catalog/easyphoto/2677/zapasnaya-rozetka-s-kryshkoy-pylesosa-dlt-extraline-pl30-2.jpg,https://dlt.by/image/catalog/easyphoto/2677/zapasnaya-rozetka-s-kryshkoy-pylesosa-dlt-extraline-pl30-3.jpg,https://dlt.by/image/catalog/easyphoto/2677/zapasnaya-rozetka-s-kryshkoy-pylesosa-dlt-extraline-pl30-4.jpg,,,,,,,,,,,,,,,,,,,,,,,,,,,,,,,,,,,,,,,,,,,"
"Запасной корпус фильтра пылесоса DLT EXTRALINE PL30, арт.2223",Запчасти>Пылесосы>DLT EXTRALINE PL30,2223,306.96,"https://dlt.by/image/catalog/easyphoto/2678/zapasnoy-korpus-filtra-pylesosa-dlt-extraline-pl30-2.jpg,https://dlt.by/image/catalog/easyphoto/2678/zapasnoy-korpus-filtra-pylesosa-dlt-extraline-pl30-3.jpg,,,,,,,,,,,,,,,,,,,,,,,,,,,,,,,,,,,,,,,,,,,,"
"Запасной шланг для пылесоса DLT EXTRALINE PL30, арт.2224",Запчасти,2224,1 504.71,"https://dlt.by/image/catalog/easyphoto/2679/zapasnoy-shlang-dlya-pylesosa-dlt-extraline-pl30-2.jpg,https://dlt.by/image/catalog/easyphoto/2679/zapasnoy-shlang-dlya-pylesosa-dlt-extraline-pl30-3.jpg,,,,,,,,,,,,,,,,,,,,,,,,,,,,,,,,,,,,,,,,,,,,"
"Запасной узел встряхивания пыли пылесоса DLT EXTRALINE PL30, арт.2225",Запчасти>Пылесосы>DLT EXTRALINE PL30,2225,1 053.30,"https://dlt.by/image/catalog/easyphoto/2680/zapasnoy-uzel-vstryahivaniya-pyli-pylesosa-dlt-extraline-pl30-2.jpg,,,,,,,,,,,,,,,,,,,,,,,,,,,,,,,,,,,,,,,,,,,,,"
"Запасной переходник вакуумного шланга для пылесоса DLT EXTRALINE PL30, арт.2226",Запчасти>Пылесосы>DLT EXTRALINE PL30,2226,451.41,"https://dlt.by/image/catalog/easyphoto/2681/zapasnoy-perehodnik-vakuumnogo-shlanga-dlya-pylesosa-dlt-extraline-pl30-2.jpg,https://dlt.by/image/catalog/easyphoto/2681/zapasnoy-perehodnik-vakuumnogo-shlanga-dlya-pylesosa-dlt-extraline-pl30-3.jpg,,,,,,,,,,,,,,,,,,,,,,,,,,,,,,,,,,,,,,,,,,,,"
"Вкладыш для малярного ведра Rollingdog 18” (457мм), набор 5 шт, серия Elite, арт.20128",Малярный и штукатурный инструмент>Малярные ванночки и кюветы,20128,1 143.58,"https://dlt.by/image/catalog/easyphoto/2685/vkladysh-dlya-malyarnogo-vedra-rollingdog-18-457mm-nabor-5-sht-seriya-elite-art-20128-2.jpg,https://dlt.by/image/catalog/easyphoto/2685/vkladysh-dlya-malyarnogo-vedra-rollingdog-18-457mm-nabor-5-sht-seriya-elite-art-20128-3.jpg,https://dlt.by/image/catalog/easyphoto/2685/vkladysh-dlya-malyarnogo-vedra-rollingdog-18-457mm-nabor-5-sht-seriya-elite-art-20128-4.jpg,https://dlt.by/image/catalog/easyphoto/2685/vkladysh-dlya-malyarnogo-vedra-rollingdog-18-457mm-nabor-5-sht-seriya-elite-art-20128-5.jpg,https://dlt.by/image/catalog/easyphoto/2685/vkladysh-dlya-malyarnogo-vedra-rollingdog-18-457mm-nabor-5-sht-seriya-elite-art-20128-6.jpg,,,,,,,,,,,,,,,,,,,,,,,,,,,,,,,,,,,,,,,,,"
"Кювета для краски Rollingdog 4"" (100мм), серия Standard, арт.20129",Малярный и штукатурный инструмент>Малярные ванночки и кюветы,20129,126.40,"https://dlt.by/image/catalog/easyphoto/2686/kyuveta-dlya-kraski-rollingdog-4-100mm-seriya-standard-art-20129-2.jpg,,,,,,,,,,,,,,,,,,,,,,,,,,,,,,,,,,,,,,,,,,,,,"
"Кювета для краски Rollingdog 9"" (230мм), серия Standard, арт.20130",Малярный и штукатурный инструмент>Малярные ванночки и кюветы,20130,216.68,"https://dlt.by/image/catalog/easyphoto/2687/kyuveta-dlya-kraski-rollingdog-9-230mm-seriya-standard-art-20130-2.jpg,,,,,,,,,,,,,,,,,,,,,,,,,,,,,,,,,,,,,,,,,,,,,"
"Бюгель Rollingdog EU Style 50мм, Ø6мм, серия Standard, арт.30015",Малярный и штукатурный инструмент>Валики малярные>Бюгельные ручки,30015,0.00,"https://dlt.by/image/catalog/easyphoto/2688/byugel-rollingdog-eu-style-50mm-6mm-seriya-standard-art-30015-4.jpg,https://dlt.by/image/catalog/easyphoto/2688/byugel-rollingdog-eu-style-50mm-6mm-seriya-standard-art-30015-5.jpg,https://dlt.by/image/catalog/easyphoto/2688/byugel-rollingdog-eu-style-50mm-6mm-seriya-standard-art-30015-6.jpg,https://dlt.by/image/catalog/easyphoto/2688/byugel-rollingdog-eu-style-50mm-6mm-seriya-standard-art-30015-8.jpg,https://dlt.by/image/catalog/easyphoto/2688/byugel-rollingdog-eu-style-50mm-6mm-seriya-standard-art-30015-9.jpg,https://dlt.by/image/catalog/easyphoto/2688/byugel-rollingdog-eu-style-50mm-6mm-seriya-standard-art-30015-7.jpg,,,,,,,,,,,,,,,,,,,,,,,,,,,,,,,,,,,,,,,,"
"Бюгель Rollingdog American Style 230мм, Ø8мм, каркас 38мм, серия Professional, арт.30022",Малярный и штукатурный инструмент>Валики малярные>Бюгельные ручки,30022,511.60,"https://dlt.by/image/catalog/easyphoto/2689/byugel-rollingdog-american-style-230mm-8mm-karkas-38mm-seriya-professional-art-30022-2.jpg,https://dlt.by/image/catalog/easyphoto/2689/byugel-rollingdog-american-style-230mm-8mm-karkas-38mm-seriya-professional-art-30022-3.jpg,https://dlt.by/image/catalog/easyphoto/2689/byugel-rollingdog-american-style-230mm-8mm-karkas-38mm-seriya-professional-art-30022-4.jpg,https://dlt.by/image/catalog/easyphoto/2689/byugel-rollingdog-american-style-230mm-8mm-karkas-38mm-seriya-professional-art-30022-5.jpg,https://dlt.by/image/catalog/easyphoto/2689/byugel-rollingdog-american-style-230mm-8mm-karkas-38mm-seriya-professional-art-30022-6.jpg,,,,,,,,,,,,,,,,,,,,,,,,,,,,,,,,,,,,,,,,,"
"Бюгель Rollingdog 230мм, Ø8мм, каркас 38мм, серия Elite, арт.30046",Малярный и штукатурный инструмент>Валики малярные>Бюгельные ручки,30046,1 173.67,"https://dlt.by/image/catalog/easyphoto/2690/byugel-rollingdog-230mm-8mm-karkas-38mm-seriya-elite-art-30046-3.jpg,https://dlt.by/image/catalog/easyphoto/2690/byugel-rollingdog-230mm-8mm-karkas-38mm-seriya-elite-art-30046-2.jpg,https://dlt.by/image/catalog/easyphoto/2690/byugel-rollingdog-230mm-8mm-karkas-38mm-seriya-elite-art-30046-4.jpg,https://dlt.by/image/catalog/easyphoto/2690/byugel-rollingdog-230mm-8mm-karkas-38mm-seriya-elite-art-30046-5.jpg,https://dlt.by/image/catalog/easyphoto/2690/byugel-rollingdog-230mm-8mm-karkas-38mm-seriya-elite-art-30046-6.jpg,https://dlt.by/image/catalog/easyphoto/2690/byugel-rollingdog-230mm-8mm-karkas-38mm-seriya-elite-art-30046-7.jpg,https://dlt.by/image/catalog/easyphoto/2690/byugel-rollingdog-230mm-8mm-karkas-38mm-seriya-elite-art-30046-8.jpg,,,,,,,,,,,,,,,,,,,,,,,,,,,,,,,,,,,,,,,"
"Заглушка 44мм Rollingdog для регулируемого бюгеля, серия Elite, арт.30109",Малярный и штукатурный инструмент>Валики малярные>Бюгельные ручки,30109,156.49,"https://dlt.by/image/catalog/easyphoto/2691/zaglushka-44mm-rollingdog-dlya-reguliruemogo-byugelya-seriya-elite-art-30109-2.jpg,https://dlt.by/image/catalog/easyphoto/2691/zaglushka-44mm-rollingdog-dlya-reguliruemogo-byugelya-seriya-elite-art-30109-3.jpg,https://dlt.by/image/catalog/easyphoto/2691/zaglushka-44mm-rollingdog-dlya-reguliruemogo-byugelya-seriya-elite-art-30109-4.jpg,,,,,,,,,,,,,,,,,,,,,,,,,,,,,,,,,,,,,,,,,,,"
"Заглушка 38мм Rollingdog для регулируемого бюгеля, серия Elite, арт.30110",Малярный и штукатурный инструмент>Валики малярные>Бюгельные ручки,30110,96.30,"https://dlt.by/image/catalog/easyphoto/2692/zaglushka-38mm-rollingdog-dlya-reguliruemogo-byugelya-seriya-elite-art-30110-2.jpg,https://dlt.by/image/catalog/easyphoto/2692/zaglushka-38mm-rollingdog-dlya-reguliruemogo-byugelya-seriya-elite-art-30110-3.jpg,,,,,,,,,,,,,,,,,,,,,,,,,,,,,,,,,,,,,,,,,,,,"
"Бюгель Rollingdog 230мм, Ø8мм, каркас 38мм, серия Elite, арт.30112",Малярный и штукатурный инструмент>Валики малярные>Бюгельные ручки,30112,306.96,"https://dlt.by/image/catalog/easyphoto/2693/byugel-rollingdog-230mm-8mm-karkas-38mm-seriya-elite-art-30112-2.jpg,https://dlt.by/image/catalog/easyphoto/2693/byugel-rollingdog-230mm-8mm-karkas-38mm-seriya-elite-art-30112-3.jpg,,,,,,,,,,,,,,,,,,,,,,,,,,,,,,,,,,,,,,,,,,,,"
"Бюгель Rollingdog 100мм, Ø6мм, каркас 19мм, серия Professional, арт.30114",Малярный и штукатурный инструмент>Валики малярные>Бюгельные ручки,30114,306.96,"https://dlt.by/image/catalog/easyphoto/2694/byugel-rollingdog-100mm-6mm-karkas-19mm-seriya-professional-art-30114-2.jpg,https://dlt.by/image/catalog/easyphoto/2694/byugel-rollingdog-100mm-6mm-karkas-19mm-seriya-professional-art-30114-3.jpg,https://dlt.by/image/catalog/easyphoto/2694/byugel-rollingdog-100mm-6mm-karkas-19mm-seriya-professional-art-30114-4.jpg,https://dlt.by/image/catalog/easyphoto/2694/byugel-rollingdog-100mm-6mm-karkas-19mm-seriya-professional-art-30114-5.jpg,,,,,,,,,,,,,,,,,,,,,,,,,,,,,,,,,,,,,,,,,,"
"Телескопический удлинитель Rollingdog 70-120 см, конус, металл покрый пластиком, серия Standard арт.40069",Шпателя для механизированной шпатлевки>Шпателя для механизированного нанесения>Телескопический удлинитель,40069,692.17,"https://dlt.by/image/catalog/easyphoto/2695/teleskopicheskiy-udlinitel-rollingdog-70-120-sm-konus-metall-pokryy-plastikom-seriya-standard-art-40069-4.jpg,https://dlt.by/image/catalog/easyphoto/2695/teleskopicheskiy-udlinitel-rollingdog-70-120-sm-konus-metall-pokryy-plastikom-seriya-standard-art-40069-3.jpg,https://dlt.by/image/catalog/easyphoto/2695/teleskopicheskiy-udlinitel-rollingdog-70-120-sm-konus-metall-pokryy-plastikom-seriya-standard-art-40069-5.jpg,https://dlt.by/image/catalog/easyphoto/2695/teleskopicheskiy-udlinitel-rollingdog-70-120-sm-konus-metall-pokryy-plastikom-seriya-standard-art-40069-6.jpg,,,,,,,,,,,,,,,,,,,,,,,,,,,,,,,,,,,,,,,,,,"
"Телескопический удлинитель Rollingdog 110-200 см, конус, металл покрый пластиком, серия Standard, арт.40070",Шпателя для механизированной шпатлевки>Шпателя для механизированного нанесения>Телескопический удлинитель,40070,842.64,"https://dlt.by/image/catalog/easyphoto/2696/teleskopicheskiy-udlinitel-rollingdog-110-200-sm-konus-metall-pokryy-plastikom-seriya-standard-art-40070-4.jpg,https://dlt.by/image/catalog/easyphoto/2696/teleskopicheskiy-udlinitel-rollingdog-110-200-sm-konus-metall-pokryy-plastikom-seriya-standard-art-40070-3.jpg,https://dlt.by/image/catalog/easyphoto/2696/teleskopicheskiy-udlinitel-rollingdog-110-200-sm-konus-metall-pokryy-plastikom-seriya-standard-art-40070-5.jpg,https://dlt.by/image/catalog/easyphoto/2696/teleskopicheskiy-udlinitel-rollingdog-110-200-sm-konus-metall-pokryy-plastikom-seriya-standard-art-40070-6.jpg,,,,,,,,,,,,,,,,,,,,,,,,,,,,,,,,,,,,,,,,,,"
"Телескопический удлинитель Rollingdog 110-200 см, резьба, металл покрытый пластиком, серия Standard арт.40072",Шпателя для механизированной шпатлевки>Шпателя для механизированного нанесения>Телескопический удлинитель,40072,842.64,"https://dlt.by/image/catalog/easyphoto/2697/teleskopicheskiy-udlinitel-rollingdog-110-200-sm-rezba-metall-pokrytyy-plastikom-seriya-standard-art-40072-3.jpg,,,,,,,,,,,,,,,,,,,,,,,,,,,,,,,,,,,,,,,,,,,,,"
"Составной удлинитель Rollingdog 60-90 см, резьба/конус, алюминиевый, серия Professional, арт.40076",Шпателя для механизированной шпатлевки>Шпателя для механизированного нанесения>Телескопический удлинитель,40076,631.98,"https://dlt.by/image/catalog/easyphoto/2698/sostavnoy-udlinitel-rollingdog-60-90-sm-rezba-konus-alyuminievyy-seriya-professional-art-40076-5.jpg,https://dlt.by/image/catalog/easyphoto/2698/sostavnoy-udlinitel-rollingdog-60-90-sm-rezba-konus-alyuminievyy-seriya-professional-art-40076-4.jpg,https://dlt.by/image/catalog/easyphoto/2698/sostavnoy-udlinitel-rollingdog-60-90-sm-rezba-konus-alyuminievyy-seriya-professional-art-40076-3.jpg,https://dlt.by/image/catalog/easyphoto/2698/sostavnoy-udlinitel-rollingdog-60-90-sm-rezba-konus-alyuminievyy-seriya-professional-art-40076-9.jpg,https://dlt.by/image/catalog/easyphoto/2698/sostavnoy-udlinitel-rollingdog-60-90-sm-rezba-konus-alyuminievyy-seriya-professional-art-40076-6.jpg,https://dlt.by/image/catalog/easyphoto/2698/sostavnoy-udlinitel-rollingdog-60-90-sm-rezba-konus-alyuminievyy-seriya-professional-art-40076-7.jpg,https://dlt.by/image/catalog/easyphoto/2698/sostavnoy-udlinitel-rollingdog-60-90-sm-rezba-konus-alyuminievyy-seriya-professional-art-40076-8.jpg,https://dlt.by/image/catalog/easyphoto/2698/sostavnoy-udlinitel-rollingdog-60-90-sm-rezba-konus-alyuminievyy-seriya-professional-art-40076-10.jpg,https://dlt.by/image/catalog/easyphoto/2698/sostavnoy-udlinitel-rollingdog-60-90-sm-rezba-konus-alyuminievyy-seriya-professional-art-40076-11.jpg,https://dlt.by/image/catalog/easyphoto/2698/sostavnoy-udlinitel-rollingdog-60-90-sm-rezba-konus-alyuminievyy-seriya-professional-art-40076-14.jpg,https://dlt.by/image/catalog/easyphoto/2698/sostavnoy-udlinitel-rollingdog-60-90-sm-rezba-konus-alyuminievyy-seriya-professional-art-40076-12.jpg,https://dlt.by/image/catalog/easyphoto/2698/sostavnoy-udlinitel-rollingdog-60-90-sm-rezba-konus-alyuminievyy-seriya-professional-art-40076-13.jpg,https://dlt.by/image/catalog/easyphoto/2698/sostavnoy-udlinitel-rollingdog-60-90-sm-rezba-konus-alyuminievyy-seriya-professional-art-40076-15.jpg,,,,,,,,,,,,,,,,,,,,,,,,,,,,,,,,,"
"Телескопический удлинитель Rollingdog 70-120 см, резьба, алюминиевый, серия Professional, арт.40082",Шпателя для механизированной шпатлевки>Шпателя для механизированного нанесения>Телескопический удлинитель,40082,1 384.33,"https://dlt.by/image/catalog/easyphoto/2699/teleskopicheskiy-udlinitel-rollingdog-70-120-sm-rezba-alyuminievyy-seriya-professional-art-40082-3.jpg,https://dlt.by/image/catalog/easyphoto/2699/teleskopicheskiy-udlinitel-rollingdog-70-120-sm-rezba-alyuminievyy-seriya-professional-art-40082-4.jpg,,,,,,,,,,,,,,,,,,,,,,,,,,,,,,,,,,,,,,,,,,,,"
"Телескопический удлинитель Rollingdog 110-200 см, резьба, алюминиевый, серия Professional, арт.40083",Шпателя для механизированной шпатлевки>Шпателя для механизированного нанесения>Телескопический удлинитель,40083,1 685.28,"https://dlt.by/image/catalog/easyphoto/2700/teleskopicheskiy-udlinitel-rollingdog-110-200-sm-rezba-alyuminievyy-seriya-professional-art-40083-5.jpg,https://dlt.by/image/catalog/easyphoto/2700/teleskopicheskiy-udlinitel-rollingdog-110-200-sm-rezba-alyuminievyy-seriya-professional-art-40083-6.jpg,https://dlt.by/image/catalog/easyphoto/2700/teleskopicheskiy-udlinitel-rollingdog-110-200-sm-rezba-alyuminievyy-seriya-professional-art-40083-7.jpg,https://dlt.by/image/catalog/easyphoto/2700/teleskopicheskiy-udlinitel-rollingdog-110-200-sm-rezba-alyuminievyy-seriya-professional-art-40083-8.jpg,https://dlt.by/image/catalog/easyphoto/2700/teleskopicheskiy-udlinitel-rollingdog-110-200-sm-rezba-alyuminievyy-seriya-professional-art-40083-9.jpg,,,,,,,,,,,,,,,,,,,,,,,,,,,,,,,,,,,,,,,,,"
"Телескопический удлинитель Rollingdog, 110-200 см, резьба, алюминиевый, серия Professional, арт.40025",Шпателя для механизированной шпатлевки>Шпателя для механизированного нанесения>Телескопический удлинитель,40025,0.00,"https://dlt.by/image/catalog/easyphoto/2701/teleskopicheskiy-udlinitel-rollingdog-110-200-sm-rezba-alyuminievyy-seriya-professional-art-40025-2.jpg,https://dlt.by/image/catalog/easyphoto/2701/shpatel-skrebok-mnogofunktsionalnyy-12-v-1-rollingdog-art-50019-1.jpeg,,,,,,,,,,,,,,,,,,,,,,,,,,,,,,,,,,,,,,,,,,,,"
"Малярный шпатель Rollingdog Flexible 1"" (25мм), серия Professional, арт.50001",Шпателя для механизированной шпатлевки>Малярные шпателя,50001,246.77,"https://dlt.by/image/catalog/easyphoto/2702/malyarnyy-shpatel-rollingdog-flexible-1-25mm-seriya-professional-art-50001-4.jpg,https://dlt.by/image/catalog/easyphoto/2702/malyarnyy-shpatel-rollingdog-flexible-1-25mm-seriya-professional-art-50001-3.jpg,https://dlt.by/image/catalog/easyphoto/2702/malyarnyy-shpatel-rollingdog-flexible-1-25mm-seriya-professional-art-50001-2.png,https://dlt.by/image/catalog/easyphoto/2702/malyarnyy-shpatel-rollingdog-flexible-1-25mm-seriya-professional-art-50001-6.png,https://dlt.by/image/catalog/easyphoto/2702/malyarnyy-shpatel-rollingdog-flexible-1-25mm-seriya-professional-art-50001-5.jpg,https://dlt.by/image/catalog/easyphoto/2702/malyarnyy-shpatel-rollingdog-flexible-1-25mm-seriya-professional-art-50001-7.jpg,,,,,,,,,,,,,,,,,,,,,,,,,,,,,,,,,,,,,,,,"
"Малярный шпатель Rollingdog Flexible 1,5"" (38мм), серия Professional, арт.50002",Шпателя для механизированной шпатлевки>Малярные шпателя,50002,246.77,"https://dlt.by/image/catalog/easyphoto/2703/malyarnyy-shpatel-rollingdog-flexible-1-5-38mm-seriya-professional-art-50002-2.jpg,https://dlt.by/image/catalog/easyphoto/2703/malyarnyy-shpatel-rollingdog-flexible-1-5-38mm-seriya-professional-art-50002-3.jpg,https://dlt.by/image/catalog/easyphoto/2703/malyarnyy-shpatel-rollingdog-flexible-1-5-38mm-seriya-professional-art-50002-4.jpg,,,,,,,,,,,,,,,,,,,,,,,,,,,,,,,,,,,,,,,,,,,"
"Малярный шпатель Rollingdog Flexible 2"" (50мм), серия Professional, арт.50003",Шпателя для механизированной шпатлевки>Малярные шпателя,50003,276.87,"https://dlt.by/image/catalog/easyphoto/2704/malyarnyy-shpatel-rollingdog-flexible-2-50mm-seriya-professional-art-50003-2.jpg,https://dlt.by/image/catalog/easyphoto/2704/malyarnyy-shpatel-rollingdog-flexible-2-50mm-seriya-professional-art-50003-3.jpg,,,,,,,,,,,,,,,,,,,,,,,,,,,,,,,,,,,,,,,,,,,,"
"Шпатель-скребок многофункциональный 6 в 1 Rollingdog, арт.50008",Шпателя для механизированной шпатлевки>Многофункц. шпатели (скребки),50008,306.96,"https://dlt.by/image/catalog/easyphoto/2705/shpatel-skrebok-mnogofunktsionalnyy-6-v-1-rollingdog-art-50008-3.jpg,https://dlt.by/image/catalog/easyphoto/2705/shpatel-skrebok-mnogofunktsionalnyy-6-v-1-rollingdog-art-50008-5.jpg,https://dlt.by/image/catalog/easyphoto/2705/shpatel-skrebok-mnogofunktsionalnyy-6-v-1-rollingdog-art-50008-2.png,https://dlt.by/image/catalog/easyphoto/2705/shpatel-skrebok-mnogofunktsionalnyy-6-v-1-rollingdog-art-50008-4.jpg,,,,,,,,,,,,,,,,,,,,,,,,,,,,,,,,,,,,,,,,,,"
"Набор сменных лезвий для строительного ножа Rollingdog 18мм, 10шт, серия Professional, арт.50062",Малярный и штукатурный инструмент>Ножи малярные и лезвия к ним,50062,246.77,"https://dlt.by/image/catalog/easyphoto/2706/smennye-lezviya-dlya-universalnogo-skrebka-rollingdog-50087-nabor-10-sht-art-50062-2.jpg,https://dlt.by/image/catalog/easyphoto/2706/smennye-lezviya-dlya-universalnogo-skrebka-rollingdog-50087-nabor-10-sht-art-50062-1.jpg,,,,,,,,,,,,,,,,,,,,,,,,,,,,,,,,,,,,,,,,,,,,"
"Сменные лезвия для ножа Rollingdog (набор 10 шт.), арт. 50084",Малярный и штукатурный инструмент>Ножи малярные и лезвия к ним,50084,156.49,"https://dlt.by/image/catalog/easyphoto/2707/smennye-lezviya-dlya-nozha-rollingdog-nabor-10-sht-art-50084-1.jpg,,,,,,,,,,,,,,,,,,,,,,,,,,,,,,,,,,,,,,,,,,,,,"
"Строительный нож с выдвижным лезвием Rollingdog, арт. 50088",Малярный и штукатурный инструмент>Ножи малярные и лезвия к ним,50088,391.22,"https://dlt.by/image/catalog/easyphoto/2708/stroitelnyy-nozh-s-vydvizhnym-lezviem-rollingdog-art-50088-1.jpg,https://dlt.by/image/catalog/easyphoto/2708/stroitelnyy-nozh-s-vydvizhnym-lezviem-rollingdog-art-50088-2.jpg,,,,,,,,,,,,,,,,,,,,,,,,,,,,,,,,,,,,,,,,,,,,"
"Зубчатый шпатель (гребенка), Rollingdog, зуб 8мм, серия Professional, арт.50102",Шпателя для механизированной шпатлевки>Зубчатые шпатели (гребенки),50102,1 504.71,"https://dlt.by/image/catalog/easyphoto/2709/zubchatyy-shpatel-grebenka-rollingdog-zub-8mm-seriya-professional-art-50102-1.jpg,https://dlt.by/image/catalog/easyphoto/2709/zubchatyy-shpatel-grebenka-rollingdog-zub-8mm-seriya-professional-art-50102-5.jpg,https://dlt.by/image/catalog/easyphoto/2709/zubchatyy-shpatel-grebenka-rollingdog-zub-8mm-seriya-professional-art-50102-6.jpg,https://dlt.by/image/catalog/easyphoto/2709/zubchatyy-shpatel-grebenka-rollingdog-zub-8mm-seriya-professional-art-50102-2.jpg,https://dlt.by/image/catalog/easyphoto/2709/zubchatyy-shpatel-grebenka-rollingdog-zub-8mm-seriya-professional-art-50102-3.jpg,https://dlt.by/image/catalog/easyphoto/2709/zubchatyy-shpatel-grebenka-rollingdog-zub-8mm-seriya-professional-art-50102-4.jpg,,,,,,,,,,,,,,,,,,,,,,,,,,,,,,,,,,,,,,,,"
"Малярный шпатель Rollingdog 2.5"" (63.5мм), серия Professional, арт.50115",Шпателя для механизированной шпатлевки>Малярные шпателя,50115,276.87,"https://dlt.by/image/catalog/easyphoto/2710/malyarnyy-shpatel-rollingdog-2-5-63-5mm-seriya-professional-art-50115-1.jpg,https://dlt.by/image/catalog/easyphoto/2710/malyarnyy-shpatel-rollingdog-2-5-63-5mm-seriya-professional-art-50115-2.jpg,https://dlt.by/image/catalog/easyphoto/2710/malyarnyy-shpatel-rollingdog-2-5-63-5mm-seriya-professional-art-50115-3.jpg,https://dlt.by/image/catalog/easyphoto/2710/malyarnyy-shpatel-rollingdog-2-5-63-5mm-seriya-professional-art-50115-4.jpg,,,,,,,,,,,,,,,,,,,,,,,,,,,,,,,,,,,,,,,,,,"
"Кельма Rollingdog 140х84мм, серия Professional, арт.50121",Малярный и штукатурный инструмент>Мастерки и кельмы,50121,692.17,"https://dlt.by/image/catalog/easyphoto/2711/kelma-rollingdog-140h84mm-seriya-professional-art-50121-2.jpg,https://dlt.by/image/catalog/easyphoto/2711/kelma-rollingdog-140h84mm-seriya-professional-art-50121-1.jpg,,,,,,,,,,,,,,,,,,,,,,,,,,,,,,,,,,,,,,,,,,,,"
"Кельма Rollingdog 200х125мм, серия Professional, арт.50122",Малярный и штукатурный инструмент>Мастерки и кельмы,50122,902.83,"https://dlt.by/image/catalog/easyphoto/2712/kelma-rollingdog-200h125mm-seriya-professional-art-50122-1.jpg,https://dlt.by/image/catalog/easyphoto/2712/kelma-rollingdog-200h125mm-seriya-professional-art-50122-2.jpg,,,,,,,,,,,,,,,,,,,,,,,,,,,,,,,,,,,,,,,,,,,,"
"Гребенка Rollingdog 280x115мм, зуб треугольник, серия Professional, арт.50147",Бренды>Малярный инструмент ROLLINGDOG,50147,932.92,"https://dlt.by/image/catalog/easyphoto/2713/grebenka-rollingdog-280x115mm-zub-treugolnik-seriya-professional-art-50147-4.jpg,https://dlt.by/image/catalog/easyphoto/2713/grebenka-rollingdog-280x115mm-zub-treugolnik-seriya-professional-art-50147-5.jpg,https://dlt.by/image/catalog/easyphoto/2713/grebenka-rollingdog-280x115mm-zub-treugolnik-seriya-professional-art-50147-6.jpg,https://dlt.by/image/catalog/easyphoto/2713/grebenka-rollingdog-280x115mm-zub-treugolnik-seriya-professional-art-50147-7.jpg,,,,,,,,,,,,,,,,,,,,,,,,,,,,,,,,,,,,,,,,,,"
"Малярный шпатель Rollingdog DOBERMAN 1"" (25мм), серия Elite, арт.50155",Шпателя для механизированной шпатлевки>Малярные шпателя,50155,872.73,"https://dlt.by/image/catalog/easyphoto/2716/malyarnyy-shpatel-rollingdog-doberman-1-25mm-seriya-elite-art-50155-1.jpg,,,,,,,,,,,,,,,,,,,,,,,,,,,,,,,,,,,,,,,,,,,,,"
"Малярный шпатель Rollingdog DOBERMAN 2"" (50мм), серия Elite, арт.50156",Шпателя для механизированной шпатлевки>Малярные шпателя,50156,902.83,"https://dlt.by/image/catalog/easyphoto/2717/malyarnyy-shpatel-rollingdog-doberman-2-50mm-seriya-elite-art-50156-1.jpg,https://dlt.by/image/catalog/easyphoto/2717/malyarnyy-shpatel-rollingdog-doberman-2-50mm-seriya-elite-art-50156-3.jpg,https://dlt.by/image/catalog/easyphoto/2717/malyarnyy-shpatel-rollingdog-doberman-2-50mm-seriya-elite-art-50156-5.jpg,https://dlt.by/image/catalog/easyphoto/2717/malyarnyy-shpatel-rollingdog-doberman-2-50mm-seriya-elite-art-50156-2.jpg,https://dlt.by/image/catalog/easyphoto/2717/malyarnyy-shpatel-rollingdog-doberman-2-50mm-seriya-elite-art-50156-4.jpg,,,,,,,,,,,,,,,,,,,,,,,,,,,,,,,,,,,,,,,,,"
"Малярный шпатель Rollingdog DOBERMAN 3"" (75мм), серия Elite, арт.50157",Шпателя для механизированной шпатлевки>Малярные шпателя,50157,932.92,"https://dlt.by/image/catalog/easyphoto/2718/malyarnyy-shpatel-rollingdog-doberman-3-75mm-seriya-elite-art-50157-1.jpg,https://dlt.by/image/catalog/easyphoto/2718/malyarnyy-shpatel-rollingdog-doberman-3-75mm-seriya-elite-art-50157-3.jpg,https://dlt.by/image/catalog/easyphoto/2718/malyarnyy-shpatel-rollingdog-doberman-3-75mm-seriya-elite-art-50157-5.png,https://dlt.by/image/catalog/easyphoto/2718/malyarnyy-shpatel-rollingdog-doberman-3-75mm-seriya-elite-art-50157-2.png,https://dlt.by/image/catalog/easyphoto/2718/malyarnyy-shpatel-rollingdog-doberman-3-75mm-seriya-elite-art-50157-4.jpg,https://dlt.by/image/catalog/easyphoto/2718/malyarnyy-shpatel-rollingdog-doberman-3-75mm-seriya-elite-art-50157-6.jpg,https://dlt.by/image/catalog/easyphoto/2718/malyarnyy-shpatel-rollingdog-doberman-3-75mm-seriya-elite-art-50157-7.jpg,,,,,,,,,,,,,,,,,,,,,,,,,,,,,,,,,,,,,,,"
"Малярный шпатель Rollingdog DOBERMAN 4"" (100мм), серия Elite, арт.50158",Шпателя для механизированной шпатлевки>Малярные шпателя,50158,1 023.20,"https://dlt.by/image/catalog/easyphoto/2719/malyarnyy-shpatel-rollingdog-doberman-4-100mm-seriya-elite-art-50158-1.jpg,https://dlt.by/image/catalog/easyphoto/2719/malyarnyy-shpatel-rollingdog-doberman-4-100mm-seriya-elite-art-50158-2.png,https://dlt.by/image/catalog/easyphoto/2719/malyarnyy-shpatel-rollingdog-doberman-4-100mm-seriya-elite-art-50158-3.png,,,,,,,,,,,,,,,,,,,,,,,,,,,,,,,,,,,,,,,,,,,"
"Кельма Rollingdog 200х115мм, серия Professional, арт.50184",Малярный и штукатурный инструмент>Мастерки и кельмы,50184,782.45,"https://dlt.by/image/catalog/easyphoto/2720/kelma-rollingdog-200h115mm-seriya-professional-art-50184-2.jpg,https://dlt.by/image/catalog/easyphoto/2720/kelma-rollingdog-200h115mm-seriya-professional-art-50184-1.jpg,https://dlt.by/image/catalog/easyphoto/2720/kelma-rollingdog-200h115mm-seriya-professional-art-50184-3.jpg,,,,,,,,,,,,,,,,,,,,,,,,,,,,,,,,,,,,,,,,,,,"
"Кельма Rollingdog 240х130мм, серия Professional, арт.50186",Малярный и штукатурный инструмент>Мастерки и кельмы,50186,872.73,"https://dlt.by/image/catalog/easyphoto/2721/kelma-rollingdog-240h130mm-seriya-professional-art-50186-1.jpg,https://dlt.by/image/catalog/easyphoto/2721/kelma-rollingdog-240h130mm-seriya-professional-art-50186-2.jpg,,,,,,,,,,,,,,,,,,,,,,,,,,,,,,,,,,,,,,,,,,,,"
"Скребок с 5 сменными лезвиями Rollingdog, серия Professional, арт.50216",Малярный и штукатурный инструмент>Скребки малярные,50216,306.96,"https://dlt.by/image/catalog/easyphoto/2722/skrebok-s-5-smennymi-lezviyami-rollingdog-seriya-professional-art-50216-1.jpg,https://dlt.by/image/catalog/easyphoto/2722/skrebok-s-5-smennymi-lezviyami-rollingdog-seriya-professional-art-50216-2.jpg,,,,,,,,,,,,,,,,,,,,,,,,,,,,,,,,,,,,,,,,,,,,"
"Скребок многофункциональный складной 9 в 1 Rollingdog, серия Elite, арт.50217",Шпателя для механизированной шпатлевки>Многофункц. шпатели (скребки),50217,1 233.86,"https://dlt.by/image/catalog/easyphoto/2723/skrebok-mnogofunktsionalnyy-skladnoy-9-v-1-rollingdog-seriya-elite-art-50217-1.jpg,https://dlt.by/image/catalog/easyphoto/2723/skrebok-mnogofunktsionalnyy-skladnoy-9-v-1-rollingdog-seriya-elite-art-50217-2.jpg,https://dlt.by/image/catalog/easyphoto/2723/skrebok-mnogofunktsionalnyy-skladnoy-9-v-1-rollingdog-seriya-elite-art-50217-3.jpg,https://dlt.by/image/catalog/easyphoto/2723/skrebok-mnogofunktsionalnyy-skladnoy-9-v-1-rollingdog-seriya-elite-art-50217-4.jpg,https://dlt.by/image/catalog/easyphoto/2723/skrebok-mnogofunktsionalnyy-skladnoy-9-v-1-rollingdog-seriya-elite-art-50217-5.jpg,https://dlt.by/image/catalog/easyphoto/2723/skrebok-mnogofunktsionalnyy-skladnoy-9-v-1-rollingdog-seriya-elite-art-50217-6.jpg,,,,,,,,,,,,,,,,,,,,,,,,,,,,,,,,,,,,,,,,"
"Малярный шпатель Rollingdog 160мм, серия Professional, арт.50299",Шпателя для механизированной шпатлевки>Малярные шпателя,50299,481.51,"https://dlt.by/image/catalog/easyphoto/2724/malyarnyy-shpatel-rollingdog-160mm-seriya-professional-art-50299-1.jpg,https://dlt.by/image/catalog/easyphoto/2724/malyarnyy-shpatel-rollingdog-160mm-seriya-professional-art-50299-2.png,,,,,,,,,,,,,,,,,,,,,,,,,,,,,,,,,,,,,,,,,,,,"
"Малярный шпатель Rollingdog Ultra-Flex 2.5"" (63мм), серия Elite, арт.50381",Шпателя для механизированной шпатлевки>Малярные шпателя,50381,782.45,"https://dlt.by/image/catalog/easyphoto/2725/malyarnyy-shpatel-rollingdog-ultra-flex-2-5-63mm-seriya-elite-art-50381-1.jpg,https://dlt.by/image/catalog/easyphoto/2725/malyarnyy-shpatel-rollingdog-ultra-flex-2-5-63mm-seriya-elite-art-50381-2.jpg,https://dlt.by/image/catalog/easyphoto/2725/malyarnyy-shpatel-rollingdog-ultra-flex-2-5-63mm-seriya-elite-art-50381-3.jpg,,,,,,,,,,,,,,,,,,,,,,,,,,,,,,,,,,,,,,,,,,,"
"Малярный шпатель Rollingdog Ultra-Flex 3"" (76мм), серия Elite, арт.50382",Шпателя для механизированной шпатлевки>Малярные шпателя,50382,812.54,"https://dlt.by/image/catalog/easyphoto/2726/malyarnyy-shpatel-rollingdog-ultra-flex-3-76mm-seriya-elite-art-50382-1.jpg,https://dlt.by/image/catalog/easyphoto/2726/malyarnyy-shpatel-rollingdog-ultra-flex-3-76mm-seriya-elite-art-50382-2.jpg,,,,,,,,,,,,,,,,,,,,,,,,,,,,,,,,,,,,,,,,,,,,"
"Малярный шпатель Rollingdog Flex 2,5"" (63мм), серия Elite, арт.50390",Шпателя для механизированной шпатлевки>Малярные шпателя,50390,752.36,"https://dlt.by/image/catalog/easyphoto/2727/malyarnyy-shpatel-rollingdog-flex-2-5-63mm-seriya-elite-art-50390-1.jpg,,,,,,,,,,,,,,,,,,,,,,,,,,,,,,,,,,,,,,,,,,,,,"
"Малярный шпатель Rollingdog Flex 3"" (75мм), серия Elite, арт.50391",Шпателя для механизированной шпатлевки>Малярные шпателя,50391,782.45,"https://dlt.by/image/catalog/easyphoto/2728/malyarnyy-shpatel-rollingdog-flex-3-75mm-seriya-elite-art-50391-1.jpg,https://dlt.by/image/catalog/easyphoto/2728/malyarnyy-shpatel-rollingdog-flex-3-75mm-seriya-elite-art-50391-2.jpg,,,,,,,,,,,,,,,,,,,,,,,,,,,,,,,,,,,,,,,,,,,,"
"Малярный шпатель Rollingdog Titanium 2"" (50мм), серия Elite, арт.50407",Шпателя для механизированной шпатлевки>Малярные шпателя,50407,902.83,"https://dlt.by/image/catalog/easyphoto/2729/malyarnyy-shpatel-rollingdog-titanium-2-50mm-seriya-elite-art-50407-1.jpg,https://dlt.by/image/catalog/easyphoto/2729/malyarnyy-shpatel-rollingdog-titanium-2-50mm-seriya-elite-art-50407-2.jpg,,,,,,,,,,,,,,,,,,,,,,,,,,,,,,,,,,,,,,,,,,,,"
"Малярный шпатель Rollingdog Titanium 2,5"" (63мм), серия Elite, арт.50408",Шпателя для механизированной шпатлевки>Малярные шпателя,50408,963.02,"https://dlt.by/image/catalog/easyphoto/2730/malyarnyy-shpatel-rollingdog-titanium-2-5-63mm-seriya-elite-art-50408-1.jpg,https://dlt.by/image/catalog/easyphoto/2730/malyarnyy-shpatel-rollingdog-titanium-2-5-63mm-seriya-elite-art-50408-2.jpg,,,,,,,,,,,,,,,,,,,,,,,,,,,,,,,,,,,,,,,,,,,,"
"Универсальный шпатель Rollingdog 1.5"" (38мм), серия Elite, арт.50414",Акции на строительный инструмент,50414,343.07,"https://dlt.by/image/catalog/easyphoto/2731/universalnyy-shpatel-rollingdog-1-5-38mm-seriya-elite-art-50414-1.jpg,https://dlt.by/image/catalog/easyphoto/2731/universalnyy-shpatel-rollingdog-1-5-38mm-seriya-elite-art-50414-4.jpg,https://dlt.by/image/catalog/easyphoto/2731/universalnyy-shpatel-rollingdog-1-5-38mm-seriya-elite-art-50414-2.jpg,https://dlt.by/image/catalog/easyphoto/2731/universalnyy-shpatel-rollingdog-1-5-38mm-seriya-elite-art-50414-3.jpg,,,,,,,,,,,,,,,,,,,,,,,,,,,,,,,,,,,,,,,,,,"
"Универсальный шпатель Rollingdog 3"" (75мм), серия Elite, арт.50415",Шпателя для механизированной шпатлевки>Малярные шпателя,50415,993.11,"https://dlt.by/image/catalog/easyphoto/2732/universalnyy-shpatel-rollingdog-3-75mm-seriya-elite-art-50415-1.jpg,https://dlt.by/image/catalog/easyphoto/2732/universalnyy-shpatel-rollingdog-3-75mm-seriya-elite-art-50415-2.jpg,https://dlt.by/image/catalog/easyphoto/2732/universalnyy-shpatel-rollingdog-3-75mm-seriya-elite-art-50415-3.jpg,https://dlt.by/image/catalog/easyphoto/2732/universalnyy-shpatel-rollingdog-3-75mm-seriya-elite-art-50415-4.jpg,,,,,,,,,,,,,,,,,,,,,,,,,,,,,,,,,,,,,,,,,,"
"Строительный нож с выдвижным лезвием Rollingdog, арт. 50418",Малярный и штукатурный инструмент>Ножи малярные и лезвия к ним,50418,306.96,"https://dlt.by/image/catalog/easyphoto/2733/stroitelnyy-nozh-s-vydvizhnym-lezviem-rollingdog-art-50418-1.jpg,,,,,,,,,,,,,,,,,,,,,,,,,,,,,,,,,,,,,,,,,,,,,"
"Малярный шпатель Rollingdog 25см, серия Elite, арт.50439",Шпателя для механизированной шпатлевки>Шпателя для механизированного нанесения>Шпатели с лезвием 0.3мм,50439,1 263.96,"https://dlt.by/image/catalog/easyphoto/2734/malyarnyy-shpatel-rollingdog-25sm-seriya-elite-art-50439-1.jpg,https://dlt.by/image/catalog/easyphoto/2734/malyarnyy-shpatel-rollingdog-25sm-seriya-elite-art-50439-2.jpg,https://dlt.by/image/catalog/easyphoto/2734/malyarnyy-shpatel-rollingdog-25sm-seriya-elite-art-50439-3.jpg,https://dlt.by/image/catalog/easyphoto/2734/malyarnyy-shpatel-rollingdog-25sm-seriya-elite-art-50439-4.jpg,,,,,,,,,,,,,,,,,,,,,,,,,,,,,,,,,,,,,,,,,,"
"Шпатель универсальный Rollingdog 3"" (75мм), с резбой на конце, серия Elite, арт.50447",Шпателя для механизированной шпатлевки>Многофункц. шпатели (скребки),50447,812.54,"https://dlt.by/image/catalog/easyphoto/2735/shpatel-universalnyy-rollingdog-3-75mm-s-rezboy-na-kontse-seriya-elite-art-50447-1.jpg,https://dlt.by/image/catalog/easyphoto/2735/shpatel-universalnyy-rollingdog-3-75mm-s-rezboy-na-kontse-seriya-elite-art-50447-2.jpg,https://dlt.by/image/catalog/easyphoto/2735/shpatel-universalnyy-rollingdog-3-75mm-s-rezboy-na-kontse-seriya-elite-art-50447-3.jpg,https://dlt.by/image/catalog/easyphoto/2735/shpatel-universalnyy-rollingdog-3-75mm-s-rezboy-na-kontse-seriya-elite-art-50447-4.jpg,https://dlt.by/image/catalog/easyphoto/2735/shpatel-universalnyy-rollingdog-3-75mm-s-rezboy-na-kontse-seriya-elite-art-50447-5.jpg,https://dlt.by/image/catalog/easyphoto/2735/shpatel-universalnyy-rollingdog-3-75mm-s-rezboy-na-kontse-seriya-elite-art-50447-6.jpg,https://dlt.by/image/catalog/easyphoto/2735/shpatel-universalnyy-rollingdog-3-75mm-s-rezboy-na-kontse-seriya-elite-art-50447-7.jpg,https://dlt.by/image/catalog/easyphoto/2735/shpatel-universalnyy-rollingdog-3-75mm-s-rezboy-na-kontse-seriya-elite-art-50447-8.jpg,,,,,,,,,,,,,,,,,,,,,,,,,,,,,,,,,,,,,,"
"Малярная расчёска Rollingdog для очистки кистей, арт.50458",Малярный и штукатурный инструмент>Кисти малярные>Аксессуары,50458,1 053.30,"https://dlt.by/image/catalog/easyphoto/2736/malyarnaya-rascheska-rollingdog-dlya-ochistki-kistey-art-50458-1.jpg,https://dlt.by/image/catalog/easyphoto/2736/malyarnaya-rascheska-rollingdog-dlya-ochistki-kistey-art-50458-2.jpg,https://dlt.by/image/catalog/easyphoto/2736/malyarnaya-rascheska-rollingdog-dlya-ochistki-kistey-art-50458-3.jpg,https://dlt.by/image/catalog/easyphoto/2736/malyarnaya-rascheska-rollingdog-dlya-ochistki-kistey-art-50458-4.jpg,https://dlt.by/image/catalog/easyphoto/2736/malyarnaya-rascheska-rollingdog-dlya-ochistki-kistey-art-50458-5.jpg,https://dlt.by/image/catalog/easyphoto/2736/malyarnaya-rascheska-rollingdog-dlya-ochistki-kistey-art-50458-6.jpg,,,,,,,,,,,,,,,,,,,,,,,,,,,,,,,,,,,,,,,,"
"Малярный шпатель Rollingdog 1"" (25мм), серия Standard, арт.50460",Инструмент для укладки плитки>Малярные шпателя,50460,156.49,"https://dlt.by/image/catalog/easyphoto/2737/malyarnyy-shpatel-rollingdog-1-25mm-seriya-standard-art-50460-1.jpg,https://dlt.by/image/catalog/easyphoto/2737/malyarnyy-shpatel-rollingdog-1-25mm-seriya-standard-art-50460-2.jpg,https://dlt.by/image/catalog/easyphoto/2737/malyarnyy-shpatel-rollingdog-1-25mm-seriya-standard-art-50460-3.jpg,,,,,,,,,,,,,,,,,,,,,,,,,,,,,,,,,,,,,,,,,,,"
"Малярный шпатель Rollingdog 1.5"" (38мм), серия Standard, арт.50461",Инструмент для укладки плитки>Малярные шпателя,50461,156.49,"https://dlt.by/image/catalog/easyphoto/2738/malyarnyy-shpatel-rollingdog-1-5-38mm-seriya-standard-art-50461-1.jpg,https://dlt.by/image/catalog/easyphoto/2738/malyarnyy-shpatel-rollingdog-1-5-38mm-seriya-standard-art-50461-2.jpg,,,,,,,,,,,,,,,,,,,,,,,,,,,,,,,,,,,,,,,,,,,,"
"Малярный шпатель Rollingdog 2"" (50мм), серия Standard, арт.50462",Инструмент для укладки плитки>Малярные шпателя,50462,156.49,"https://dlt.by/image/catalog/easyphoto/2739/malyarnyy-shpatel-rollingdog-2-50mm-seriya-standard-art-50462-1.jpg,https://dlt.by/image/catalog/easyphoto/2739/malyarnyy-shpatel-rollingdog-2-50mm-seriya-standard-art-50462-2.jpg,,,,,,,,,,,,,,,,,,,,,,,,,,,,,,,,,,,,,,,,,,,,"
"Малярный шпатель Rollingdog 2.5"" (63мм), серия Standard, арт.50463",Инструмент для укладки плитки>Малярные шпателя,50463,156.49,"https://dlt.by/image/catalog/easyphoto/2740/malyarnyy-shpatel-rollingdog-2-5-63mm-seriya-standard-art-50463-1.jpg,https://dlt.by/image/catalog/easyphoto/2740/malyarnyy-shpatel-rollingdog-2-5-63mm-seriya-standard-art-50463-2.jpg,,,,,,,,,,,,,,,,,,,,,,,,,,,,,,,,,,,,,,,,,,,,"
"Малярный шпатель Rollingdog 3"" (76мм), серия Standard, арт.50464",Инструмент для укладки плитки>Малярные шпателя,50464,186.58,"https://dlt.by/image/catalog/easyphoto/2741/malyarnyy-shpatel-rollingdog-3-76mm-seriya-standard-art-50464-1.jpg,https://dlt.by/image/catalog/easyphoto/2741/malyarnyy-shpatel-rollingdog-3-76mm-seriya-standard-art-50464-2.jpg,,,,,,,,,,,,,,,,,,,,,,,,,,,,,,,,,,,,,,,,,,,,"
"Малярный шпатель Rollingdog 3.5"" (89мм), серия Standard, арт.50465",Инструмент для укладки плитки>Малярные шпателя,50465,186.58,"https://dlt.by/image/catalog/easyphoto/2742/malyarnyy-shpatel-rollingdog-3-5-89mm-seriya-standard-art-50465-1.jpg,https://dlt.by/image/catalog/easyphoto/2742/malyarnyy-shpatel-rollingdog-3-5-89mm-seriya-standard-art-50465-2.jpg,,,,,,,,,,,,,,,,,,,,,,,,,,,,,,,,,,,,,,,,,,,,"
"Малярный шпатель Rollingdog 4"" (100мм), серия Standard, арт.50466",Инструмент для укладки плитки>Малярные шпателя,50466,186.58,"https://dlt.by/image/catalog/easyphoto/2743/malyarnyy-shpatel-rollingdog-4-100mm-seriya-standard-art-50466-1.jpg,https://dlt.by/image/catalog/easyphoto/2743/malyarnyy-shpatel-rollingdog-4-100mm-seriya-standard-art-50466-2.jpg,,,,,,,,,,,,,,,,,,,,,,,,,,,,,,,,,,,,,,,,,,,,"
"Малярный шпатель Rollingdog 5"" (125мм), серия Standard, арт.50467",Инструмент для укладки плитки>Малярные шпателя,50467,216.68,"https://dlt.by/image/catalog/easyphoto/2744/malyarnyy-shpatel-rollingdog-5-125mm-seriya-standard-art-50467-1.jpg,https://dlt.by/image/catalog/easyphoto/2744/malyarnyy-shpatel-rollingdog-5-125mm-seriya-standard-art-50467-2.jpg,,,,,,,,,,,,,,,,,,,,,,,,,,,,,,,,,,,,,,,,,,,,"
"Малярный шпатель Rollingdog 6"" (150мм), серия Standard, арт.50468",Инструмент для укладки плитки>Малярные шпателя,50468,216.68,"https://dlt.by/image/catalog/easyphoto/2745/malyarnyy-shpatel-rollingdog-6-150mm-seriya-standard-art-50468-1.jpg,https://dlt.by/image/catalog/easyphoto/2745/malyarnyy-shpatel-rollingdog-6-150mm-seriya-standard-art-50468-2.jpg,,,,,,,,,,,,,,,,,,,,,,,,,,,,,,,,,,,,,,,,,,,,"
"Малярный шпатель Rollingdog Beauceron 2"" (50мм), серия Elite, арт.50471",Инструмент для укладки плитки>Малярные шпателя,50471,1 384.33,"https://dlt.by/image/catalog/easyphoto/2746/malyarnyy-shpatel-rollingdog-2-50mm-seriya-elite-art-50471-1.jpg,https://dlt.by/image/catalog/easyphoto/2746/malyarnyy-shpatel-rollingdog-2-50mm-seriya-elite-art-50471-2.jpg,,,,,,,,,,,,,,,,,,,,,,,,,,,,,,,,,,,,,,,,,,,,"
"Скребок многофункциональный 8 в 1 Rollingdog, серия Elite, арт.50479",Малярный и штукатурный инструмент>Скребки малярные,50479,391.22,"https://dlt.by/image/catalog/easyphoto/2747/skrebok-mnogofunktsionalnyy-8-v-1-rollingdog-seriya-elite-art-50479-1.jpg,https://dlt.by/image/catalog/easyphoto/2747/skrebok-mnogofunktsionalnyy-8-v-1-rollingdog-seriya-elite-art-50479-2.jpg,https://dlt.by/image/catalog/easyphoto/2747/skrebok-mnogofunktsionalnyy-8-v-1-rollingdog-seriya-elite-art-50479-3.jpg,https://dlt.by/image/catalog/easyphoto/2747/skrebok-mnogofunktsionalnyy-8-v-1-rollingdog-seriya-elite-art-50479-4.jpg,https://dlt.by/image/catalog/easyphoto/2747/skrebok-mnogofunktsionalnyy-8-v-1-rollingdog-seriya-elite-art-50479-5.jpg,,,,,,,,,,,,,,,,,,,,,,,,,,,,,,,,,,,,,,,,,"
"Шпатель-скребок многофункциональный 5 в 1 Rollingdog, серия Standard, арт.50486",Шпателя для механизированной шпатлевки>Многофункц. шпатели (скребки),50486,216.68,"https://dlt.by/image/catalog/easyphoto/2749/shpatel-skrebok-mnogofunktsionalnyy-5-v-1-rollingdog-seriya-standard-art-50486-1.jpg,https://dlt.by/image/catalog/easyphoto/2749/shpatel-skrebok-mnogofunktsionalnyy-5-v-1-rollingdog-seriya-standard-art-50486-2.jpg,,,,,,,,,,,,,,,,,,,,,,,,,,,,,,,,,,,,,,,,,,,,"
"Лом-гвоздодер Rollingdog 1.5"" (38мм), серия Elite, арт.50487",Шпателя для механизированной шпатлевки>Многофункц. шпатели (скребки),50487,1 173.67,"https://dlt.by/image/catalog/easyphoto/2750/lom-gvozdoder-rollingdog-1-5-38mm-seriya-elite-art-50487-1.jpg,https://dlt.by/image/catalog/easyphoto/2750/lom-gvozdoder-rollingdog-1-5-38mm-seriya-elite-art-50487-2.jpg,https://dlt.by/image/catalog/easyphoto/2750/lom-gvozdoder-rollingdog-1-5-38mm-seriya-elite-art-50487-3.jpg,https://dlt.by/image/catalog/easyphoto/2750/lom-gvozdoder-rollingdog-1-5-38mm-seriya-elite-art-50487-4.jpg,https://dlt.by/image/catalog/easyphoto/2750/lom-gvozdoder-rollingdog-1-5-38mm-seriya-elite-art-50487-5.jpg,https://dlt.by/image/catalog/easyphoto/2750/lom-gvozdoder-rollingdog-1-5-38mm-seriya-elite-art-50487-7.jpg,https://dlt.by/image/catalog/easyphoto/2750/lom-gvozdoder-rollingdog-1-5-38mm-seriya-elite-art-50487-8.jpg,https://dlt.by/image/catalog/easyphoto/2750/lom-gvozdoder-rollingdog-1-5-38mm-seriya-elite-art-50487-9.jpg,https://dlt.by/image/catalog/easyphoto/2750/lom-gvozdoder-rollingdog-1-5-38mm-seriya-elite-art-50487-6.jpg,,,,,,,,,,,,,,,,,,,,,,,,,,,,,,,,,,,,,"
"Лом-гвоздодер Rollingdog 3.5"" (76мм), серия Elite, арт.50488",Шпателя для механизированной шпатлевки>Многофункц. шпатели (скребки),50488,1 715.37,"https://dlt.by/image/catalog/easyphoto/2751/lom-gvozdoder-rollingdog-3-5-76mm-seriya-elite-art-50488-2.jpg,https://dlt.by/image/catalog/easyphoto/2751/lom-gvozdoder-rollingdog-3-5-76mm-seriya-elite-art-50488-6.jpg,https://dlt.by/image/catalog/easyphoto/2751/lom-gvozdoder-rollingdog-3-5-76mm-seriya-elite-art-50488-3.jpg,https://dlt.by/image/catalog/easyphoto/2751/lom-gvozdoder-rollingdog-3-5-76mm-seriya-elite-art-50488-4.jpg,https://dlt.by/image/catalog/easyphoto/2751/lom-gvozdoder-rollingdog-3-5-76mm-seriya-elite-art-50488-5.jpg,https://dlt.by/image/catalog/easyphoto/2751/lom-gvozdoder-rollingdog-3-5-76mm-seriya-elite-art-50488-1.jpg,https://dlt.by/image/catalog/easyphoto/2751/lom-gvozdoder-rollingdog-3-5-76mm-seriya-elite-art-50488-7.jpg,https://dlt.by/image/catalog/easyphoto/2751/lom-gvozdoder-rollingdog-3-5-76mm-seriya-elite-art-50488-8.jpg,https://dlt.by/image/catalog/easyphoto/2751/lom-gvozdoder-rollingdog-3-5-76mm-seriya-elite-art-50488-9.jpg,https://dlt.by/image/catalog/easyphoto/2751/lom-gvozdoder-rollingdog-3-5-76mm-seriya-elite-art-50488-10.jpg,https://dlt.by/image/catalog/easyphoto/2751/lom-gvozdoder-rollingdog-3-5-76mm-seriya-elite-art-50488-11.jpg,,,,,,,,,,,,,,,,,,,,,,,,,,,,,,,,,,,"
"Малярная расчёска для очистки валиков и кистей Rollingdog, серия Standard, арт.50492",Малярный и штукатурный инструмент>Валики малярные>Аксессуары,50492,96.30,"https://dlt.by/image/catalog/easyphoto/2752/malyarnaya-rascheska-dlya-ochistki-valikov-i-kistey-rollingdog-seriya-standard-art-50492-1.jpg,https://dlt.by/image/catalog/easyphoto/2752/malyarnaya-rascheska-dlya-ochistki-valikov-i-kistey-rollingdog-seriya-standard-art-50492-2.jpg,https://dlt.by/image/catalog/easyphoto/2752/malyarnaya-rascheska-dlya-ochistki-valikov-i-kistey-rollingdog-seriya-standard-art-50492-3.jpg,https://dlt.by/image/catalog/easyphoto/2752/malyarnaya-rascheska-dlya-ochistki-valikov-i-kistey-rollingdog-seriya-standard-art-50492-4.jpg,https://dlt.by/image/catalog/easyphoto/2752/malyarnaya-rascheska-dlya-ochistki-valikov-i-kistey-rollingdog-seriya-standard-art-50492-5.jpg,https://dlt.by/image/catalog/easyphoto/2752/malyarnaya-rascheska-dlya-ochistki-valikov-i-kistey-rollingdog-seriya-standard-art-50492-6.jpg,https://dlt.by/image/catalog/easyphoto/2752/malyarnaya-rascheska-dlya-ochistki-valikov-i-kistey-rollingdog-seriya-standard-art-50492-7.jpg,https://dlt.by/image/catalog/easyphoto/2752/malyarnaya-rascheska-dlya-ochistki-valikov-i-kistey-rollingdog-seriya-standard-art-50492-8.jpg,,,,,,,,,,,,,,,,,,,,,,,,,,,,,,,,,,,,,,"
"Терка для наждачной бумаги с прижимом Rollingdog 235х80мм, серия Professional, арт.50493",Малярный и штукатурный инструмент>Абразивные материалы>Шлифовальные блоки и шайбы/наборы,50493,752.36,"https://dlt.by/image/catalog/easyphoto/2753/terka-dlya-nazhdachnoy-bumagi-s-prizhimom-rollingdog-235h80mm-seriya-professional-art-50493-1.jpg,https://dlt.by/image/catalog/easyphoto/2753/terka-dlya-nazhdachnoy-bumagi-s-prizhimom-rollingdog-235h80mm-seriya-professional-art-50493-2.jpg,https://dlt.by/image/catalog/easyphoto/2753/terka-dlya-nazhdachnoy-bumagi-s-prizhimom-rollingdog-235h80mm-seriya-professional-art-50493-3.jpg,https://dlt.by/image/catalog/easyphoto/2753/terka-dlya-nazhdachnoy-bumagi-s-prizhimom-rollingdog-235h80mm-seriya-professional-art-50493-4.jpg,https://dlt.by/image/catalog/easyphoto/2753/terka-dlya-nazhdachnoy-bumagi-s-prizhimom-rollingdog-235h80mm-seriya-professional-art-50493-5.jpg,https://dlt.by/image/catalog/easyphoto/2753/terka-dlya-nazhdachnoy-bumagi-s-prizhimom-rollingdog-235h80mm-seriya-professional-art-50493-6.jpg,https://dlt.by/image/catalog/easyphoto/2753/terka-dlya-nazhdachnoy-bumagi-s-prizhimom-rollingdog-235h80mm-seriya-professional-art-50493-7.jpg,,,,,,,,,,,,,,,,,,,,,,,,,,,,,,,,,,,,,,,"
"Малярный шпатель Rollingdog 200мм, серия Professional, арт.50500",Шпателя для механизированной шпатлевки>Фасадные шпателя,50500,1 023.20,"https://dlt.by/image/catalog/easyphoto/2754/malyarnyy-shpatel-rollingdog-200mm-seriya-professional-art-50500-1.jpg,https://dlt.by/image/catalog/easyphoto/2754/malyarnyy-shpatel-rollingdog-200mm-seriya-professional-art-50500-2.jpg,,,,,,,,,,,,,,,,,,,,,,,,,,,,,,,,,,,,,,,,,,,,"
"Малярный шпатель Rollingdog 250мм, серия Professional, арт.50501",Шпателя для механизированной шпатлевки>Фасадные шпателя,50501,1 143.58,"https://dlt.by/image/catalog/easyphoto/2755/malyarnyy-shpatel-rollingdog-250mm-seriya-professional-art-50501-1.jpg,https://dlt.by/image/catalog/easyphoto/2755/malyarnyy-shpatel-rollingdog-250mm-seriya-professional-art-50501-2.jpg,https://dlt.by/image/catalog/easyphoto/2755/malyarnyy-shpatel-rollingdog-250mm-seriya-professional-art-50501-3.jpg,https://dlt.by/image/catalog/easyphoto/2755/malyarnyy-shpatel-rollingdog-250mm-seriya-professional-art-50501-4.jpg,https://dlt.by/image/catalog/easyphoto/2755/malyarnyy-shpatel-rollingdog-250mm-seriya-professional-art-50501-5.jpg,https://dlt.by/image/catalog/easyphoto/2755/malyarnyy-shpatel-rollingdog-250mm-seriya-professional-art-50501-6.jpg,https://dlt.by/image/catalog/easyphoto/2755/malyarnyy-shpatel-rollingdog-250mm-seriya-professional-art-50501-7.jpg,https://dlt.by/image/catalog/easyphoto/2755/malyarnyy-shpatel-rollingdog-250mm-seriya-professional-art-50501-8.jpg,https://dlt.by/image/catalog/easyphoto/2755/malyarnyy-shpatel-rollingdog-250mm-seriya-professional-art-50501-9.jpg,https://dlt.by/image/catalog/easyphoto/2755/malyarnyy-shpatel-rollingdog-250mm-seriya-professional-art-50501-10.jpg,https://dlt.by/image/catalog/easyphoto/2755/malyarnyy-shpatel-rollingdog-250mm-seriya-professional-art-50501-11.jpg,,,,,,,,,,,,,,,,,,,,,,,,,,,,,,,,,,,"
"Валик с бюгелем Rollingdog HI-SHEEN 100мм, ворс 5мм, велюр, арт.60082",Малярный и штукатурный инструмент>Валики малярные>Валики с ручкой,60082,367.15,"https://dlt.by/image/catalog/easyphoto/2756/valik-s-byugelem-rollingdog-hi-sheen-100mm-vors-5mm-velyur-art-60082-1.jpg,https://dlt.by/image/catalog/easyphoto/2756/valik-s-byugelem-rollingdog-hi-sheen-100mm-vors-5mm-velyur-art-60082-2.jpg,https://dlt.by/image/catalog/easyphoto/2756/valik-s-byugelem-rollingdog-hi-sheen-100mm-vors-5mm-velyur-art-60082-3.jpg,,,,,,,,,,,,,,,,,,,,,,,,,,,,,,,,,,,,,,,,,,,"
"Валик с бюгелем Rollingdog HI-SHEEN 180мм, ворс 5мм, велюр, арт.60085",Малярный и штукатурный инструмент>Валики малярные>Валики с ручкой,60085,692.17,"https://dlt.by/image/catalog/easyphoto/2757/valik-s-byugelem-rollingdog-hi-sheen-180mm-vors-5mm-velyur-art-60085-1.jpg,https://dlt.by/image/catalog/easyphoto/2757/valik-s-byugelem-rollingdog-hi-sheen-180mm-vors-5mm-velyur-art-60085-2.jpg,https://dlt.by/image/catalog/easyphoto/2757/valik-s-byugelem-rollingdog-hi-sheen-180mm-vors-5mm-velyur-art-60085-3.jpg,,,,,,,,,,,,,,,,,,,,,,,,,,,,,,,,,,,,,,,,,,,"
"Валик с бюгелем Rollingdog HI-SHEEN 230мм, ворс 5мм, велюр, арт.60086",Малярный и штукатурный инструмент>Валики малярные>Валики с ручкой,60086,752.36,"https://dlt.by/image/catalog/easyphoto/2758/valik-s-byugelem-rollingdog-hi-sheen-230mm-vors-5mm-velyur-art-60086-1.jpg,https://dlt.by/image/catalog/easyphoto/2758/valik-s-byugelem-rollingdog-hi-sheen-230mm-vors-5mm-velyur-art-60086-2.jpg,,,,,,,,,,,,,,,,,,,,,,,,,,,,,,,,,,,,,,,,,,,,"
"Валик с бюгелем Rollingdog GLOSS-KING 100мм, поролон, арт.60104",Малярный и штукатурный инструмент>Валики малярные>Валики с ручкой,60104,391.22,"https://dlt.by/image/catalog/easyphoto/2759/valik-s-byugelem-rollingdog-gloss-king-100mm-vors-5mm-porolon-art-60104-1.jpg,https://dlt.by/image/catalog/easyphoto/2759/valik-s-byugelem-rollingdog-gloss-king-100mm-vors-5mm-porolon-art-60104-2.jpg,https://dlt.by/image/catalog/easyphoto/2759/valik-s-byugelem-rollingdog-gloss-king-100mm-vors-5mm-porolon-art-60104-3.jpg,,,,,,,,,,,,,,,,,,,,,,,,,,,,,,,,,,,,,,,,,,,"
"Валик с бюгелем Rollingdog SUPER-MICRO 180мм, ворс 9.5мм, микрофибра, арт.60111",Малярный и штукатурный инструмент>Валики малярные>Валики с ручкой,60111,601.88,"https://dlt.by/image/catalog/easyphoto/2760/valik-s-byugelem-rollingdog-super-micro-180mm-vors-9-5mm-mikrofibra-art-60111-1.jpg,https://dlt.by/image/catalog/easyphoto/2760/valik-s-byugelem-rollingdog-super-micro-180mm-vors-9-5mm-mikrofibra-art-60111-2.jpg,,,,,,,,,,,,,,,,,,,,,,,,,,,,,,,,,,,,,,,,,,,,"
"Валик с бюгелем Rollingdog SUPER-MICRO 230мм, ворс 9,5мм, микрофибра, арт.60112",Малярный и штукатурный инструмент>Валики малярные>Валики с ручкой,60112,692.17,"https://dlt.by/image/catalog/easyphoto/2761/valik-s-byugelem-rollingdog-super-micro-230mm-vors-9-5mm-mikrofibra-art-60112-1.jpg,https://dlt.by/image/catalog/easyphoto/2761/valik-s-byugelem-rollingdog-super-micro-230mm-vors-9-5mm-mikrofibra-art-60112-2.jpg,https://dlt.by/image/catalog/easyphoto/2761/valik-s-byugelem-rollingdog-super-micro-230mm-vors-9-5mm-mikrofibra-art-60112-3.jpg,,,,,,,,,,,,,,,,,,,,,,,,,,,,,,,,,,,,,,,,,,,"
"Валик с бюгелем Rollingdog SUPER-MICRO 100мм, ворс 10мм, микрофибра, арт.60178",Малярный и штукатурный инструмент>Валики малярные>Валики с ручкой,60178,306.96,"https://dlt.by/image/catalog/easyphoto/2762/valik-s-byugelem-rollingdog-super-micro-100mm-vors-10mm-mikrofibra-art-60178-1.jpg,https://dlt.by/image/catalog/easyphoto/2762/valik-s-byugelem-rollingdog-super-micro-100mm-vors-10mm-mikrofibra-art-60178-2.jpg,,,,,,,,,,,,,,,,,,,,,,,,,,,,,,,,,,,,,,,,,,,,"
"Валик с бюгелем Rollingdog MicroMax 180мм, ворс 12мм, микрофибра, арт.60207",Малярный и штукатурный инструмент>Валики малярные>Валики с ручкой,60207,842.64,"https://dlt.by/image/catalog/easyphoto/2763/valik-s-byugelem-rollingdog-micromax-180mm-vors-12mm-mikrofibra-art-60207-1.jpg,https://dlt.by/image/catalog/easyphoto/2763/valik-s-byugelem-rollingdog-micromax-180mm-vors-12mm-mikrofibra-art-60207-2.jpg,https://dlt.by/image/catalog/easyphoto/2763/valik-s-byugelem-rollingdog-micromax-180mm-vors-12mm-mikrofibra-art-60207-3.jpg,https://dlt.by/image/catalog/easyphoto/2763/valik-s-byugelem-rollingdog-micromax-180mm-vors-12mm-mikrofibra-art-60207-4.jpg,https://dlt.by/image/catalog/easyphoto/2763/valik-s-byugelem-rollingdog-micromax-180mm-vors-12mm-mikrofibra-art-60207-5.jpg,https://dlt.by/image/catalog/easyphoto/2763/valik-s-byugelem-rollingdog-micromax-180mm-vors-12mm-mikrofibra-art-60207-6.jpg,https://dlt.by/image/catalog/easyphoto/2763/valik-s-byugelem-rollingdog-micromax-180mm-vors-12mm-mikrofibra-art-60207-7.jpg,https://dlt.by/image/catalog/easyphoto/2763/valik-s-byugelem-rollingdog-micromax-180mm-vors-12mm-mikrofibra-art-60207-8.jpg,,,,,,,,,,,,,,,,,,,,,,,,,,,,,,,,,,,,,,"
"Валик с бюгелем Rollingdog MicroMax 100мм, ворс 12мм, микрофибра, арт.60208",Малярный и штукатурный инструмент>Валики малярные>Валики с ручкой,60208,391.22,"https://dlt.by/image/catalog/easyphoto/2764/valik-s-byugelem-rollingdog-micromax-100mm-vors-12mm-mikrofibra-art-60208-1.jpg,https://dlt.by/image/catalog/easyphoto/2764/valik-s-byugelem-rollingdog-micromax-100mm-vors-12mm-mikrofibra-art-60208-2.jpg,https://dlt.by/image/catalog/easyphoto/2764/valik-s-byugelem-rollingdog-micromax-100mm-vors-12mm-mikrofibra-art-60208-3.jpg,https://dlt.by/image/catalog/easyphoto/2764/valik-s-byugelem-rollingdog-micromax-100mm-vors-12mm-mikrofibra-art-60208-4.jpg,https://dlt.by/image/catalog/easyphoto/2764/valik-s-byugelem-rollingdog-micromax-100mm-vors-12mm-mikrofibra-art-60208-5.jpg,,,,,,,,,,,,,,,,,,,,,,,,,,,,,,,,,,,,,,,,,"
"Валик с бюгелем Rollingdog 180мм, ворс 12мм, полиамид, арт.60211",Малярный и штукатурный инструмент>Валики малярные>Валики с ручкой,60211,902.83,"https://dlt.by/image/catalog/easyphoto/2765/valik-s-byugelem-rollingdog-178mm-vors-12mm-poliamid-art-60211-1.jpg,https://dlt.by/image/catalog/easyphoto/2765/valik-s-byugelem-rollingdog-178mm-vors-12mm-poliamid-art-60211-2.jpg,https://dlt.by/image/catalog/easyphoto/2765/valik-s-byugelem-rollingdog-178mm-vors-12mm-poliamid-art-60211-3.jpg,https://dlt.by/image/catalog/easyphoto/2765/valik-s-byugelem-rollingdog-178mm-vors-12mm-poliamid-art-60211-4.jpg,,,,,,,,,,,,,,,,,,,,,,,,,,,,,,,,,,,,,,,,,,"
"Валик с бюгелем Rollingdog 50мм, ворс 12мм, полиамид, арт.60213",Малярный и штукатурный инструмент>Валики малярные>Валики с ручкой,60213,337.06,"https://dlt.by/image/catalog/easyphoto/2766/valik-s-byugelem-rollingdog-50mm-vors-12mm-poliamid-art-60213-2.jpg,https://dlt.by/image/catalog/easyphoto/2766/valik-s-byugelem-rollingdog-50mm-vors-12mm-poliamid-art-60213-1.jpg,,,,,,,,,,,,,,,,,,,,,,,,,,,,,,,,,,,,,,,,,,,,"
"Валик с бюгелем Rollingdog 180мм, ворс 19мм, полиамид, арт.60215",Малярный и штукатурный инструмент>Валики малярные>Валики с ручкой,60215,932.92,"https://dlt.by/image/catalog/easyphoto/2767/valik-s-byugelem-rollingdog-178mm-vors-19mm-poliamid-art-60215-1.jpg,https://dlt.by/image/catalog/easyphoto/2767/valik-s-byugelem-rollingdog-178mm-vors-19mm-poliamid-art-60215-2.jpg,https://dlt.by/image/catalog/easyphoto/2767/valik-s-byugelem-rollingdog-178mm-vors-19mm-poliamid-art-60215-3.jpg,,,,,,,,,,,,,,,,,,,,,,,,,,,,,,,,,,,,,,,,,,,"
"Валик с бюгелем Rollingdog HI-SHEEN 100мм, ворс 5мм, велюр, арт.60247",Малярный и штукатурный инструмент>Валики малярные>Валики с ручкой,60247,421.32,"https://dlt.by/image/catalog/easyphoto/2769/valik-s-byugelem-rollingdog-hi-sheen-100mm-vors-5mm-velyur-art-60247-1.jpg,https://dlt.by/image/catalog/easyphoto/2769/valik-s-byugelem-rollingdog-hi-sheen-100mm-vors-5mm-velyur-art-60247-2.jpg,https://dlt.by/image/catalog/easyphoto/2769/valik-s-byugelem-rollingdog-hi-sheen-100mm-vors-5mm-velyur-art-60247-3.jpg,https://dlt.by/image/catalog/easyphoto/2769/valik-s-byugelem-rollingdog-hi-sheen-100mm-vors-5mm-velyur-art-60247-4.jpg,https://dlt.by/image/catalog/easyphoto/2769/valik-s-byugelem-rollingdog-hi-sheen-100mm-vors-5mm-velyur-art-60247-5.jpg,https://dlt.by/image/catalog/easyphoto/2769/valik-s-byugelem-rollingdog-hi-sheen-100mm-vors-5mm-velyur-art-60247-6.jpg,,,,,,,,,,,,,,,,,,,,,,,,,,,,,,,,,,,,,,,,"
"Валик с поворотным бюгелем Rollingdog HI-SHEEN 100мм, ворс 6мм, велюр арт.60255",Малярный и штукатурный инструмент>Валики малярные>Валики с ручкой,60255,601.88,"https://dlt.by/image/catalog/easyphoto/2770/valik-s-povorotnym-byugelem-rollingdog-hi-sheen-100mm-vors-6mm-velyur-art-60255-1.jpg,https://dlt.by/image/catalog/easyphoto/2770/valik-s-povorotnym-byugelem-rollingdog-hi-sheen-100mm-vors-6mm-velyur-art-60255-2.jpg,https://dlt.by/image/catalog/easyphoto/2770/valik-s-povorotnym-byugelem-rollingdog-hi-sheen-100mm-vors-6mm-velyur-art-60255-3.jpg,https://dlt.by/image/catalog/easyphoto/2770/valik-s-povorotnym-byugelem-rollingdog-hi-sheen-100mm-vors-6mm-velyur-art-60255-4.jpg,https://dlt.by/image/catalog/easyphoto/2770/valik-s-povorotnym-byugelem-rollingdog-hi-sheen-100mm-vors-6mm-velyur-art-60255-5.jpg,https://dlt.by/image/catalog/easyphoto/2770/valik-s-povorotnym-byugelem-rollingdog-hi-sheen-100mm-vors-6mm-velyur-art-60255-6.jpg,https://dlt.by/image/catalog/easyphoto/2770/valik-s-povorotnym-byugelem-rollingdog-hi-sheen-100mm-vors-6mm-velyur-art-60255-7.jpg,https://dlt.by/image/catalog/easyphoto/2770/valik-s-povorotnym-byugelem-rollingdog-hi-sheen-100mm-vors-6mm-velyur-art-60255-8.jpg,https://dlt.by/image/catalog/easyphoto/2770/valik-s-povorotnym-byugelem-rollingdog-hi-sheen-100mm-vors-6mm-velyur-art-60255-9.jpg,https://dlt.by/image/catalog/easyphoto/2770/valik-s-povorotnym-byugelem-rollingdog-hi-sheen-100mm-vors-6mm-velyur-art-60255-10.jpg,https://dlt.by/image/catalog/easyphoto/2770/valik-s-povorotnym-byugelem-rollingdog-hi-sheen-100mm-vors-6mm-velyur-art-60255-11.jpg,https://dlt.by/image/catalog/easyphoto/2770/valik-s-povorotnym-byugelem-rollingdog-hi-sheen-100mm-vors-6mm-velyur-art-60255-12.jpg,https://dlt.by/image/catalog/easyphoto/2770/valik-s-povorotnym-byugelem-rollingdog-hi-sheen-100mm-vors-6mm-velyur-art-60255-13.jpg,https://dlt.by/image/catalog/easyphoto/2770/valik-s-povorotnym-byugelem-rollingdog-hi-sheen-100mm-vors-6mm-velyur-art-60255-14.jpg,https://dlt.by/image/catalog/easyphoto/2770/valik-s-povorotnym-byugelem-rollingdog-hi-sheen-100mm-vors-6mm-velyur-art-60255-15.jpg,,,,,,,,,,,,,,,,,,,,,,,,,,,,,,,"
"Валик с бюгелем Rollingdog 230мм, ворс 12мм, полиэстер/полиамид, арт.60258",Малярный и штукатурный инструмент>Валики малярные>Валики с ручкой,60258,445.39,"https://dlt.by/image/catalog/easyphoto/2771/valik-s-byugelem-rollingdog-230mm-vors-12mm-poliester-poliamid-art-60258-2.jpg,https://dlt.by/image/catalog/easyphoto/2771/valik-s-byugelem-rollingdog-230mm-vors-12mm-poliester-poliamid-art-60258-3.jpg,https://dlt.by/image/catalog/easyphoto/2771/valik-s-byugelem-rollingdog-230mm-vors-12mm-poliester-poliamid-art-60258-5.jpg,https://dlt.by/image/catalog/easyphoto/2771/valik-s-byugelem-rollingdog-230mm-vors-12mm-poliester-poliamid-art-60258-6.jpg,https://dlt.by/image/catalog/easyphoto/2771/valik-s-byugelem-rollingdog-230mm-vors-12mm-poliester-poliamid-art-60258-4.jpg,https://dlt.by/image/catalog/easyphoto/2771/valik-s-byugelem-rollingdog-230mm-vors-12mm-poliester-poliamid-art-60258-1.jpg,,,,,,,,,,,,,,,,,,,,,,,,,,,,,,,,,,,,,,,,"
"Валик с бюгелем Rollingdog 100мм, ворс 12мм, полиэстер/полиамид, арт.60260",Малярный и штукатурный инструмент>Валики малярные>Валики с ручкой,60260,421.32,"https://dlt.by/image/catalog/easyphoto/2772/valik-s-byugelem-rollingdog-100mm-vors-12mm-poliester-poliamid-art-60260-1.jpg,,,,,,,,,,,,,,,,,,,,,,,,,,,,,,,,,,,,,,,,,,,,,"
"Набор валиков с бюгелем Rollingdog 100мм, ворс 12мм, полиэстер, арт.60269",Малярный и штукатурный инструмент>Валики малярные>Наборы,60269,276.87,"https://dlt.by/image/catalog/easyphoto/2773/nabor-valikov-s-byugelem-rollingdog-100mm-vors-12mm-poliester-art-60269-1.jpg,https://dlt.by/image/catalog/easyphoto/2773/nabor-valikov-s-byugelem-rollingdog-100mm-vors-12mm-poliester-art-60269-2.jpg,https://dlt.by/image/catalog/easyphoto/2773/nabor-valikov-s-byugelem-rollingdog-100mm-vors-12mm-poliester-art-60269-3.jpg,https://dlt.by/image/catalog/easyphoto/2773/nabor-valikov-s-byugelem-rollingdog-100mm-vors-12mm-poliester-art-60269-4.jpg,,,,,,,,,,,,,,,,,,,,,,,,,,,,,,,,,,,,,,,,,,"
"Валик с бюгелем Rollingdog 180мм, ворс 12мм, полиэстер, арт.60271",Малярный и штукатурный инструмент>Валики малярные>Валики с ручкой,60271,421.32,"https://dlt.by/image/catalog/easyphoto/2774/valik-s-byugelem-rollingdog-180mm-vors-12mm-poliester-art-60271-1.jpg,https://dlt.by/image/catalog/easyphoto/2774/valik-s-byugelem-rollingdog-180mm-vors-12mm-poliester-art-60271-2.jpg,https://dlt.by/image/catalog/easyphoto/2774/valik-s-byugelem-rollingdog-180mm-vors-12mm-poliester-art-60271-3.jpg,,,,,,,,,,,,,,,,,,,,,,,,,,,,,,,,,,,,,,,,,,,"
"Валик с бюгелем Rollingdog 230мм, ворс 12мм, полиэстер, арт.60273",Малярный и штукатурный инструмент>Валики малярные>Валики с ручкой,60273,481.51,"https://dlt.by/image/catalog/easyphoto/2775/valik-s-byugelem-rollingdog-230mm-vors-12mm-poliester-art-60273-1.jpg,https://dlt.by/image/catalog/easyphoto/2775/valik-s-byugelem-rollingdog-230mm-vors-12mm-poliester-art-60273-2.jpg,https://dlt.by/image/catalog/easyphoto/2775/valik-s-byugelem-rollingdog-230mm-vors-12mm-poliester-art-60273-3.jpg,,,,,,,,,,,,,,,,,,,,,,,,,,,,,,,,,,,,,,,,,,,"
"Валик с бюгелем Rollingdog Super-Micro 100мм, ворс 9.5мм, микрофибра, арт.60278",Малярный и штукатурный инструмент>Валики малярные>Валики с ручкой,60278,421.32,"https://dlt.by/image/catalog/easyphoto/2776/valik-s-byugelem-rollingdog-super-micro-100mm-vors-9-5mm-mikrofibra-art-60278-1.jpg,https://dlt.by/image/catalog/easyphoto/2776/valik-s-byugelem-rollingdog-super-micro-100mm-vors-9-5mm-mikrofibra-art-60278-3.jpg,https://dlt.by/image/catalog/easyphoto/2776/valik-s-byugelem-rollingdog-super-micro-100mm-vors-9-5mm-mikrofibra-art-60278-2.jpg,https://dlt.by/image/catalog/easyphoto/2776/valik-s-byugelem-rollingdog-super-micro-100mm-vors-9-5mm-mikrofibra-art-60278-4.jpg,https://dlt.by/image/catalog/easyphoto/2776/valik-s-byugelem-rollingdog-super-micro-100mm-vors-9-5mm-mikrofibra-art-60278-5.jpg,,,,,,,,,,,,,,,,,,,,,,,,,,,,,,,,,,,,,,,,,"
"Валик с бюгелем Rollingdog 100мм, ворс 12мм, полиэстер, арт.60287",Малярный и штукатурный инструмент>Валики малярные>Валики с ручкой,60287,276.87,"https://dlt.by/image/catalog/easyphoto/2778/valik-s-byugelem-rollingdog-super-micro-100mm-vors-12mm-poliester-art-60287-1.jpg,,,,,,,,,,,,,,,,,,,,,,,,,,,,,,,,,,,,,,,,,,,,,"
"Набор малярный Rollingdog (12 предметов), серия Professional, арт.70149",Малярный и штукатурный инструмент>Малярные наборы,70149,1 294.05,"https://dlt.by/image/catalog/easyphoto/2780/nabor-malyarnyy-rollingdog-12-predmetov-seriya-professional-art-70149-1.jpg,https://dlt.by/image/catalog/easyphoto/2780/nabor-malyarnyy-rollingdog-12-predmetov-seriya-professional-art-70149-2.jpg,https://dlt.by/image/catalog/easyphoto/2780/nabor-malyarnyy-rollingdog-12-predmetov-seriya-professional-art-70149-3.jpg,https://dlt.by/image/catalog/easyphoto/2780/nabor-malyarnyy-rollingdog-12-predmetov-seriya-professional-art-70149-4.jpg,https://dlt.by/image/catalog/easyphoto/2780/nabor-malyarnyy-rollingdog-12-predmetov-seriya-professional-art-70149-5.png,https://dlt.by/image/catalog/easyphoto/2780/nabor-malyarnyy-rollingdog-12-predmetov-seriya-professional-art-70149-6.jpg,https://dlt.by/image/catalog/easyphoto/2780/nabor-malyarnyy-rollingdog-12-predmetov-seriya-professional-art-70149-7.jpg,https://dlt.by/image/catalog/easyphoto/2780/nabor-malyarnyy-rollingdog-12-predmetov-seriya-professional-art-70149-8.jpg,https://dlt.by/image/catalog/easyphoto/2780/nabor-malyarnyy-rollingdog-12-predmetov-seriya-professional-art-70149-9.jpg,https://dlt.by/image/catalog/easyphoto/2780/nabor-malyarnyy-rollingdog-12-predmetov-seriya-professional-art-70149-10.jpg,,,,,,,,,,,,,,,,,,,,,,,,,,,,,,,,,,,,"
"Набор малярный Rollingdog SMOOTH-PRO (5 предметов), серия Professional, арт.70167",Малярный и штукатурный инструмент>Малярные наборы,70167,782.45,"https://dlt.by/image/catalog/easyphoto/2781/nabor-malyarnyy-rollingdog-smooth-pro-5-predmetov-seriya-professional-art-70167-2.jpg,https://dlt.by/image/catalog/easyphoto/2781/nabor-malyarnyy-rollingdog-smooth-pro-5-predmetov-seriya-professional-art-70167-1.jpg,https://dlt.by/image/catalog/easyphoto/2781/nabor-malyarnyy-rollingdog-smooth-pro-5-predmetov-seriya-professional-art-70167-6.jpg,https://dlt.by/image/catalog/easyphoto/2781/nabor-malyarnyy-rollingdog-smooth-pro-5-predmetov-seriya-professional-art-70167-8.jpg,https://dlt.by/image/catalog/easyphoto/2781/nabor-malyarnyy-rollingdog-smooth-pro-5-predmetov-seriya-professional-art-70167-4.jpg,https://dlt.by/image/catalog/easyphoto/2781/nabor-malyarnyy-rollingdog-smooth-pro-5-predmetov-seriya-professional-art-70167-3.jpg,https://dlt.by/image/catalog/easyphoto/2781/nabor-malyarnyy-rollingdog-smooth-pro-5-predmetov-seriya-professional-art-70167-5.jpg,https://dlt.by/image/catalog/easyphoto/2781/nabor-malyarnyy-rollingdog-smooth-pro-5-predmetov-seriya-professional-art-70167-7.jpg,,,,,,,,,,,,,,,,,,,,,,,,,,,,,,,,,,,,,,"
"Набор малярный Rollingdog GLOSS-KING (8 предметов), серия Professional, арт.70186",Малярный и штукатурный инструмент>Малярные наборы,70186,1 203.77,"https://dlt.by/image/catalog/easyphoto/2782/nabor-malyarnyy-rollingdog-gloss-king-8-predmetov-seriya-professional-art-70186-1.jpg,https://dlt.by/image/catalog/easyphoto/2782/nabor-malyarnyy-rollingdog-gloss-king-8-predmetov-seriya-professional-art-70186-2.jpg,https://dlt.by/image/catalog/easyphoto/2782/nabor-malyarnyy-rollingdog-gloss-king-8-predmetov-seriya-professional-art-70186-3.jpg,https://dlt.by/image/catalog/easyphoto/2782/nabor-malyarnyy-rollingdog-gloss-king-8-predmetov-seriya-professional-art-70186-4.jpg,https://dlt.by/image/catalog/easyphoto/2782/nabor-malyarnyy-rollingdog-gloss-king-8-predmetov-seriya-professional-art-70186-5.jpg,https://dlt.by/image/catalog/easyphoto/2782/nabor-malyarnyy-rollingdog-gloss-king-8-predmetov-seriya-professional-art-70186-6.jpg,https://dlt.by/image/catalog/easyphoto/2782/nabor-malyarnyy-rollingdog-gloss-king-8-predmetov-seriya-professional-art-70186-9.jpg,https://dlt.by/image/catalog/easyphoto/2782/nabor-malyarnyy-rollingdog-gloss-king-8-predmetov-seriya-professional-art-70186-7.jpg,https://dlt.by/image/catalog/easyphoto/2782/nabor-malyarnyy-rollingdog-gloss-king-8-predmetov-seriya-professional-art-70186-8.jpg,https://dlt.by/image/catalog/easyphoto/2782/nabor-malyarnyy-rollingdog-gloss-king-8-predmetov-seriya-professional-art-70186-12.jpg,https://dlt.by/image/catalog/easyphoto/2782/nabor-malyarnyy-rollingdog-gloss-king-8-predmetov-seriya-professional-art-70186-11.jpg,https://dlt.by/image/catalog/easyphoto/2782/nabor-malyarnyy-rollingdog-gloss-king-8-predmetov-seriya-professional-art-70186-10.jpg,,,,,,,,,,,,,,,,,,,,,,,,,,,,,,,,,,"
"Набор малярный Rollingdog GLOSS-KING (8 предметов), серия Standard арт.70191",Малярный и штукатурный инструмент>Малярные наборы,70191,1 173.67,"https://dlt.by/image/catalog/easyphoto/2783/nabor-malyarnyy-rollingdog-gloss-king-8-predmetov-seriya-standard-art-70191-2.jpg,https://dlt.by/image/catalog/easyphoto/2783/nabor-malyarnyy-rollingdog-gloss-king-8-predmetov-seriya-standard-art-70191-1.jpg,https://dlt.by/image/catalog/easyphoto/2783/nabor-malyarnyy-rollingdog-gloss-king-8-predmetov-seriya-standard-art-70191-5.jpg,https://dlt.by/image/catalog/easyphoto/2783/nabor-malyarnyy-rollingdog-gloss-king-8-predmetov-seriya-standard-art-70191-6.jpg,https://dlt.by/image/catalog/easyphoto/2783/nabor-malyarnyy-rollingdog-gloss-king-8-predmetov-seriya-standard-art-70191-3.jpg,https://dlt.by/image/catalog/easyphoto/2783/nabor-malyarnyy-rollingdog-gloss-king-8-predmetov-seriya-standard-art-70191-4.jpg,https://dlt.by/image/catalog/easyphoto/2783/nabor-malyarnyy-rollingdog-gloss-king-8-predmetov-seriya-standard-art-70191-7.jpg,https://dlt.by/image/catalog/easyphoto/2783/nabor-malyarnyy-rollingdog-gloss-king-8-predmetov-seriya-standard-art-70191-11.jpg,https://dlt.by/image/catalog/easyphoto/2783/nabor-malyarnyy-rollingdog-gloss-king-8-predmetov-seriya-standard-art-70191-8.jpg,https://dlt.by/image/catalog/easyphoto/2783/nabor-malyarnyy-rollingdog-gloss-king-8-predmetov-seriya-standard-art-70191-14.jpg,https://dlt.by/image/catalog/easyphoto/2783/nabor-malyarnyy-rollingdog-gloss-king-8-predmetov-seriya-standard-art-70191-9.jpg,https://dlt.by/image/catalog/easyphoto/2783/nabor-malyarnyy-rollingdog-gloss-king-8-predmetov-seriya-standard-art-70191-10.jpg,https://dlt.by/image/catalog/easyphoto/2783/nabor-malyarnyy-rollingdog-gloss-king-8-predmetov-seriya-standard-art-70191-12.jpg,https://dlt.by/image/catalog/easyphoto/2783/nabor-malyarnyy-rollingdog-gloss-king-8-predmetov-seriya-standard-art-70191-13.jpg,,,,,,,,,,,,,,,,,,,,,,,,,,,,,,,,"
"Набор малярный Rollingdog (10 предметов), серия Professional, арт.70203",Малярный и штукатурный инструмент>Малярные наборы,70203,2 768.67,"https://dlt.by/image/catalog/easyphoto/2784/nabor-malyarnyy-rollingdog-10-predmetov-seriya-professional-art-70203-1.jpg,https://dlt.by/image/catalog/easyphoto/2784/nabor-malyarnyy-rollingdog-10-predmetov-seriya-professional-art-70203-2.jpg,https://dlt.by/image/catalog/easyphoto/2784/nabor-malyarnyy-rollingdog-10-predmetov-seriya-professional-art-70203-3.jpg,https://dlt.by/image/catalog/easyphoto/2784/nabor-malyarnyy-rollingdog-10-predmetov-seriya-professional-art-70203-4.jpg,https://dlt.by/image/catalog/easyphoto/2784/nabor-malyarnyy-rollingdog-10-predmetov-seriya-professional-art-70203-5.jpg,https://dlt.by/image/catalog/easyphoto/2784/nabor-malyarnyy-rollingdog-10-predmetov-seriya-professional-art-70203-6.jpg,https://dlt.by/image/catalog/easyphoto/2784/nabor-malyarnyy-rollingdog-10-predmetov-seriya-professional-art-70203-7.jpg,https://dlt.by/image/catalog/easyphoto/2784/nabor-malyarnyy-rollingdog-10-predmetov-seriya-professional-art-70203-8.jpg,https://dlt.by/image/catalog/easyphoto/2784/nabor-malyarnyy-rollingdog-10-predmetov-seriya-professional-art-70203-9.jpg,https://dlt.by/image/catalog/easyphoto/2784/nabor-malyarnyy-rollingdog-10-predmetov-seriya-professional-art-70203-10.jpg,https://dlt.by/image/catalog/easyphoto/2784/nabor-malyarnyy-rollingdog-10-predmetov-seriya-professional-art-70203-11.jpg,,,,,,,,,,,,,,,,,,,,,,,,,,,,,,,,,,,"
"Набор малярный Rollingdog PRO-ANGLE (9 предметов), серия Professional, арт.70205",Малярный и штукатурный инструмент>Малярные наборы,70205,2 377.44,"https://dlt.by/image/catalog/easyphoto/2785/nabor-malyarnyy-rollingdog-pro-angle-9-predmetov-seriya-professional-art-70205-1.jpg,https://dlt.by/image/catalog/easyphoto/2785/nabor-malyarnyy-rollingdog-pro-angle-9-predmetov-seriya-professional-art-70205-2.jpg,https://dlt.by/image/catalog/easyphoto/2785/nabor-malyarnyy-rollingdog-pro-angle-9-predmetov-seriya-professional-art-70205-3.jpg,https://dlt.by/image/catalog/easyphoto/2785/nabor-malyarnyy-rollingdog-pro-angle-9-predmetov-seriya-professional-art-70205-6.jpg,https://dlt.by/image/catalog/easyphoto/2785/nabor-malyarnyy-rollingdog-pro-angle-9-predmetov-seriya-professional-art-70205-4.jpg,https://dlt.by/image/catalog/easyphoto/2785/nabor-malyarnyy-rollingdog-pro-angle-9-predmetov-seriya-professional-art-70205-5.jpg,https://dlt.by/image/catalog/easyphoto/2785/nabor-malyarnyy-rollingdog-pro-angle-9-predmetov-seriya-professional-art-70205-7.jpg,https://dlt.by/image/catalog/easyphoto/2785/nabor-malyarnyy-rollingdog-pro-angle-9-predmetov-seriya-professional-art-70205-8.jpg,https://dlt.by/image/catalog/easyphoto/2785/nabor-malyarnyy-rollingdog-pro-angle-9-predmetov-seriya-professional-art-70205-9.jpg,https://dlt.by/image/catalog/easyphoto/2785/nabor-malyarnyy-rollingdog-pro-angle-9-predmetov-seriya-professional-art-70205-10.jpg,https://dlt.by/image/catalog/easyphoto/2785/nabor-malyarnyy-rollingdog-pro-angle-9-predmetov-seriya-professional-art-70205-11.jpg,https://dlt.by/image/catalog/easyphoto/2785/nabor-malyarnyy-rollingdog-pro-angle-9-predmetov-seriya-professional-art-70205-12.jpg,,,,,,,,,,,,,,,,,,,,,,,,,,,,,,,,,,"
"Набор малярный Rollingdog (4 предмета), серия Standard, арт.70219",Бренды>Малярный инструмент ROLLINGDOG,70219,571.79,"https://dlt.by/image/catalog/easyphoto/2786/nabor-malyarnyy-rollingdog-4-predmeta-seriya-standard-art-70219-3.jpg,https://dlt.by/image/catalog/easyphoto/2786/nabor-malyarnyy-rollingdog-4-predmeta-seriya-standard-art-70219-4.jpg,https://dlt.by/image/catalog/easyphoto/2786/nabor-malyarnyy-rollingdog-4-predmeta-seriya-standard-art-70219-1.jpg,https://dlt.by/image/catalog/easyphoto/2786/nabor-malyarnyy-rollingdog-4-predmeta-seriya-standard-art-70219-2.jpg,,,,,,,,,,,,,,,,,,,,,,,,,,,,,,,,,,,,,,,,,,"
"Набор малярный Rollingdog (4 предмета), серия Standard, арт.70222",Малярный и штукатурный инструмент>Малярные наборы,70222,1 023.20,"https://dlt.by/image/catalog/easyphoto/2787/nabor-malyarnyy-rollingdog-4-predmeta-seriya-standard-art-70222-1.jpg,https://dlt.by/image/catalog/easyphoto/2787/nabor-malyarnyy-rollingdog-4-predmeta-seriya-standard-art-70222-2.jpg,https://dlt.by/image/catalog/easyphoto/2787/nabor-malyarnyy-rollingdog-4-predmeta-seriya-standard-art-70222-3.jpg,https://dlt.by/image/catalog/easyphoto/2787/nabor-malyarnyy-rollingdog-4-predmeta-seriya-standard-art-70222-4.jpg,,,,,,,,,,,,,,,,,,,,,,,,,,,,,,,,,,,,,,,,,,"
"Набор малярный Rollingdog (4 предмета), серия Standard, арт.70240",Малярный и штукатурный инструмент>Малярные наборы,70240,601.88,"https://dlt.by/image/catalog/easyphoto/2788/nabor-malyarnyy-rollingdog-4-predmeta-seriya-standard-art-70240-1.jpg,,,,,,,,,,,,,,,,,,,,,,,,,,,,,,,,,,,,,,,,,,,,,"
"Набор малярный Rollingdog (18 предмета), серия Standard, арт.70249",Малярный и штукатурный инструмент>Малярные наборы,70249,2 738.57,"https://dlt.by/image/catalog/easyphoto/2789/nabor-malyarnyy-rollingdog-18-predmeta-seriya-standard-art-70249-3.jpg,https://dlt.by/image/catalog/easyphoto/2789/nabor-malyarnyy-rollingdog-18-predmeta-seriya-standard-art-70249-1.jpg,https://dlt.by/image/catalog/easyphoto/2789/nabor-malyarnyy-rollingdog-18-predmeta-seriya-standard-art-70249-2.jpg,https://dlt.by/image/catalog/easyphoto/2789/nabor-malyarnyy-rollingdog-18-predmeta-seriya-standard-art-70249-4.jpg,,,,,,,,,,,,,,,,,,,,,,,,,,,,,,,,,,,,,,,,,,"
"Набор малярный Rollingdog (3 предмета), серия Standard, арт.70260",Малярный и штукатурный инструмент>Малярные наборы,70260,722.26,"https://dlt.by/image/catalog/easyphoto/2790/nabor-malyarnyy-rollingdog-3-predmeta-seriya-standard-art-70260-1.jpg,,,,,,,,,,,,,,,,,,,,,,,,,,,,,,,,,,,,,,,,,,,,,"
"Набор малярный Rollingdog (3 предмета), серия Standard, арт.70261",Малярный и штукатурный инструмент>Малярные наборы,70261,662.07,"https://dlt.by/image/catalog/easyphoto/2791/nabor-malyarnyy-rollingdog-3-predmeta-seriya-standard-art-70261-1.jpg,,,,,,,,,,,,,,,,,,,,,,,,,,,,,,,,,,,,,,,,,,,,,"
"Набор малярный Rollingdog (10 предметов), серия Standard, арт.70272",Малярный и штукатурный инструмент>Малярные наборы,70272,2 076.50,"https://dlt.by/image/catalog/easyphoto/2792/nabor-malyarnyy-rollingdog-10-predmetov-seriya-standard-art-70272-1.jpg,https://dlt.by/image/catalog/easyphoto/2792/nabor-malyarnyy-rollingdog-10-predmetov-seriya-standard-art-70272-2.jpg,https://dlt.by/image/catalog/easyphoto/2792/nabor-malyarnyy-rollingdog-10-predmetov-seriya-standard-art-70272-3.jpg,https://dlt.by/image/catalog/easyphoto/2792/nabor-malyarnyy-rollingdog-10-predmetov-seriya-standard-art-70272-4.jpg,https://dlt.by/image/catalog/easyphoto/2792/nabor-malyarnyy-rollingdog-10-predmetov-seriya-standard-art-70272-5.jpg,https://dlt.by/image/catalog/easyphoto/2792/nabor-malyarnyy-rollingdog-10-predmetov-seriya-standard-art-70272-6.jpg,https://dlt.by/image/catalog/easyphoto/2792/nabor-malyarnyy-rollingdog-10-predmetov-seriya-standard-art-70272-7.jpg,https://dlt.by/image/catalog/easyphoto/2792/nabor-malyarnyy-rollingdog-10-predmetov-seriya-standard-art-70272-8.jpg,https://dlt.by/image/catalog/easyphoto/2792/nabor-malyarnyy-rollingdog-10-predmetov-seriya-standard-art-70272-9.jpg,https://dlt.by/image/catalog/easyphoto/2792/nabor-malyarnyy-rollingdog-10-predmetov-seriya-standard-art-70272-10.jpg,,,,,,,,,,,,,,,,,,,,,,,,,,,,,,,,,,,,"
"Укрывная пленка Rollingdog 366см x 274 см, арт.80028",Малярный и штукатурный инструмент>Пленки укрывные,80028,126.40,"https://dlt.by/image/catalog/easyphoto/2793/ukryvnaya-plenka-rollingdog-366sm-x-274-sm-art-80028-5.jpg,https://dlt.by/image/catalog/easyphoto/2793/ukryvnaya-plenka-rollingdog-366sm-x-274-sm-art-80028-1.jpg,https://dlt.by/image/catalog/easyphoto/2793/ukryvnaya-plenka-rollingdog-366sm-x-274-sm-art-80028-2.jpg,https://dlt.by/image/catalog/easyphoto/2793/ukryvnaya-plenka-rollingdog-366sm-x-274-sm-art-80028-6.jpg,https://dlt.by/image/catalog/easyphoto/2793/ukryvnaya-plenka-rollingdog-366sm-x-274-sm-art-80028-3.jpg,https://dlt.by/image/catalog/easyphoto/2793/ukryvnaya-plenka-rollingdog-366sm-x-274-sm-art-80028-4.jpg,,,,,,,,,,,,,,,,,,,,,,,,,,,,,,,,,,,,,,,,"
"Укрывная пленка Rollingdog 366см x 274 см, арт.80029",Малярный и штукатурный инструмент>Пленки укрывные,80029,246.77,"https://dlt.by/image/catalog/easyphoto/2794/ukryvnaya-plenka-rollingdog-366sm-x-274-sm-art-80029-1.jpg,https://dlt.by/image/catalog/easyphoto/2794/ukryvnaya-plenka-rollingdog-366sm-x-274-sm-art-80029-5.png,https://dlt.by/image/catalog/easyphoto/2794/ukryvnaya-plenka-rollingdog-366sm-x-274-sm-art-80029-2.jpg,https://dlt.by/image/catalog/easyphoto/2794/ukryvnaya-plenka-rollingdog-366sm-x-274-sm-art-80029-3.jpg,https://dlt.by/image/catalog/easyphoto/2794/ukryvnaya-plenka-rollingdog-366sm-x-274-sm-art-80029-4.jpg,,,,,,,,,,,,,,,,,,,,,,,,,,,,,,,,,,,,,,,,,"
"Укрывная ткань Rollingdog BLUE DEFENDER 122см x 457см, арт.80193",Малярный и штукатурный инструмент>Пленки укрывные,80193,902.83,"https://dlt.by/image/catalog/easyphoto/2795/ukryvnaya-tkan-rollingdog-blue-defender-122sm-x-457sm-art-80193-1.jpg,https://dlt.by/image/catalog/easyphoto/2795/ukryvnaya-tkan-rollingdog-blue-defender-122sm-x-457sm-art-80193-2.jpg,https://dlt.by/image/catalog/easyphoto/2795/ukryvnaya-tkan-rollingdog-blue-defender-122sm-x-457sm-art-80193-3.jpg,https://dlt.by/image/catalog/easyphoto/2795/ukryvnaya-tkan-rollingdog-blue-defender-122sm-x-457sm-art-80193-4.jpg,https://dlt.by/image/catalog/easyphoto/2795/ukryvnaya-tkan-rollingdog-blue-defender-122sm-x-457sm-art-80193-5.jpg,https://dlt.by/image/catalog/easyphoto/2795/ukryvnaya-tkan-rollingdog-blue-defender-122sm-x-457sm-art-80193-6.jpg,https://dlt.by/image/catalog/easyphoto/2795/ukryvnaya-tkan-rollingdog-blue-defender-122sm-x-457sm-art-80193-7.jpg,https://dlt.by/image/catalog/easyphoto/2795/ukryvnaya-tkan-rollingdog-blue-defender-122sm-x-457sm-art-80193-8.jpg,,,,,,,,,,,,,,,,,,,,,,,,,,,,,,,,,,,,,,"
"Многофункциональная мешалка для перемешивания краски Rollingdog, арт.80221",Малярный и штукатурный инструмент>Кисти малярные>Аксессуары,80221,216.68,"https://dlt.by/image/catalog/easyphoto/2796/mnogofunktsionalnaya-meshalka-dlya-peremeshivaniya-kraski-rollingdog-art-80221-1.jpg,https://dlt.by/image/catalog/easyphoto/2796/mnogofunktsionalnaya-meshalka-dlya-peremeshivaniya-kraski-rollingdog-art-80221-2.jpg,https://dlt.by/image/catalog/easyphoto/2796/mnogofunktsionalnaya-meshalka-dlya-peremeshivaniya-kraski-rollingdog-art-80221-3.jpg,https://dlt.by/image/catalog/easyphoto/2796/mnogofunktsionalnaya-meshalka-dlya-peremeshivaniya-kraski-rollingdog-art-80221-4.jpg,https://dlt.by/image/catalog/easyphoto/2796/mnogofunktsionalnaya-meshalka-dlya-peremeshivaniya-kraski-rollingdog-art-80221-5.jpg,https://dlt.by/image/catalog/easyphoto/2796/mnogofunktsionalnaya-meshalka-dlya-peremeshivaniya-kraski-rollingdog-art-80221-6.jpg,,,,,,,,,,,,,,,,,,,,,,,,,,,,,,,,,,,,,,,,"
"Защитный кейс для малярных кистей Rollingdog, арт.80344",Малярный и штукатурный инструмент>Кисти малярные>Аксессуары,80344,216.68,"https://dlt.by/image/catalog/easyphoto/2797/zashchitnyy-keys-dlya-malyarnyh-kistey-rollingdog-art-80344-1.jpg,https://dlt.by/image/catalog/easyphoto/2797/zashchitnyy-keys-dlya-malyarnyh-kistey-rollingdog-art-80344-2.jpg,https://dlt.by/image/catalog/easyphoto/2797/zashchitnyy-keys-dlya-malyarnyh-kistey-rollingdog-art-80344-3.jpg,,,,,,,,,,,,,,,,,,,,,,,,,,,,,,,,,,,,,,,,,,,"
"Защитный кейс для малярных валиков до 24см Rollingdog, арт.80650",Малярный и штукатурный инструмент>Валики малярные>Аксессуары,80650,337.06,"https://dlt.by/image/catalog/easyphoto/2798/zashchitnyy-keys-dlya-malyarnyh-valikov-do-24sm-rollingdog-art-80650-1.jpg,https://dlt.by/image/catalog/easyphoto/2798/zashchitnyy-keys-dlya-malyarnyh-valikov-do-24sm-rollingdog-art-80650-2.jpg,https://dlt.by/image/catalog/easyphoto/2798/zashchitnyy-keys-dlya-malyarnyh-valikov-do-24sm-rollingdog-art-80650-3.jpg,,,,,,,,,,,,,,,,,,,,,,,,,,,,,,,,,,,,,,,,,,,"
"Укрывное полотно Rollingdog CANVAS GUARD 122см x 366см, арт.80875",Малярный и штукатурный инструмент>Пленки укрывные,80875,1 895.94,"https://dlt.by/image/catalog/easyphoto/2799/ukryvnaya-plenka-rollingdog-canvas-guard-122sm-x-366sm-art-80875-1.jpg,https://dlt.by/image/catalog/easyphoto/2799/ukryvnaya-plenka-rollingdog-canvas-guard-122sm-x-366sm-art-80875-2.jpg,https://dlt.by/image/catalog/easyphoto/2799/ukryvnaya-plenka-rollingdog-canvas-guard-122sm-x-366sm-art-80875-3.jpg,https://dlt.by/image/catalog/easyphoto/2799/ukryvnaya-plenka-rollingdog-canvas-guard-122sm-x-366sm-art-80875-4.jpg,https://dlt.by/image/catalog/easyphoto/2799/ukryvnaya-plenka-rollingdog-canvas-guard-122sm-x-366sm-art-80875-5.jpg,https://dlt.by/image/catalog/easyphoto/2799/ukryvnaya-plenka-rollingdog-canvas-guard-122sm-x-366sm-art-80875-6.jpg,,,,,,,,,,,,,,,,,,,,,,,,,,,,,,,,,,,,,,,,"
"Укрывное полотно Rollingdog CANVAS GUARD 274см x 336см, арт.80876",Малярный и штукатурный инструмент>Пленки укрывные,80876,3 791.87,"https://dlt.by/image/catalog/easyphoto/2800/ukryvnaya-plenka-rollingdog-canvas-guard-274sm-x-336sm-art-80876-1.jpg,https://dlt.by/image/catalog/easyphoto/2800/ukryvnaya-plenka-rollingdog-canvas-guard-274sm-x-336sm-art-80876-2.jpg,https://dlt.by/image/catalog/easyphoto/2800/ukryvnaya-plenka-rollingdog-canvas-guard-274sm-x-336sm-art-80876-3.jpg,https://dlt.by/image/catalog/easyphoto/2800/ukryvnaya-plenka-rollingdog-canvas-guard-274sm-x-336sm-art-80876-4.jpg,https://dlt.by/image/catalog/easyphoto/2800/ukryvnaya-plenka-rollingdog-canvas-guard-274sm-x-336sm-art-80876-5.jpg,,,,,,,,,,,,,,,,,,,,,,,,,,,,,,,,,,,,,,,,,"
"Портативная открывалка банок с краской и бутылок Rollingdog, арт.80931",Малярный и штукатурный инструмент>Кисти малярные >Аксессуары,80931,66.21,"https://dlt.by/image/catalog/easyphoto/2801/portativnaya-otkryvalka-banok-s-kraskoy-i-butylok-rollingdog-art-80931-1.jpg,https://dlt.by/image/catalog/easyphoto/2801/portativnaya-otkryvalka-banok-s-kraskoy-i-butylok-rollingdog-art-80931-2.jpg,,,,,,,,,,,,,,,,,,,,,,,,,,,,,,,,,,,,,,,,,,,,"
"Профессиональный рюкзак Rollingdog для малярного инструмента, арт.80999",Ручной инструмент,80999,9 931.09,"https://dlt.by/image/catalog/easyphoto/2802/professionalnyy-ryukzak-rollingdog-dlya-malyarnogo-instrumenta-art-80999-3.jpg,https://dlt.by/image/catalog/easyphoto/2802/professionalnyy-ryukzak-rollingdog-dlya-malyarnogo-instrumenta-art-80999-1.jpg,https://dlt.by/image/catalog/easyphoto/2802/professionalnyy-ryukzak-rollingdog-dlya-malyarnogo-instrumenta-art-80999-2.jpg,https://dlt.by/image/catalog/easyphoto/2802/professionalnyy-ryukzak-rollingdog-dlya-malyarnogo-instrumenta-art-80999-4.jpg,https://dlt.by/image/catalog/easyphoto/2802/professionalnyy-ryukzak-rollingdog-dlya-malyarnogo-instrumenta-art-80999-5.jpg,https://dlt.by/image/catalog/easyphoto/2802/professionalnyy-ryukzak-rollingdog-dlya-malyarnogo-instrumenta-art-80999-6.jpg,https://dlt.by/image/catalog/easyphoto/2802/professionalnyy-ryukzak-rollingdog-dlya-malyarnogo-instrumenta-art-80999-7.jpg,https://dlt.by/image/catalog/easyphoto/2802/professionalnyy-ryukzak-rollingdog-dlya-malyarnogo-instrumenta-art-80999-8.jpg,https://dlt.by/image/catalog/easyphoto/2802/professionalnyy-ryukzak-rollingdog-dlya-malyarnogo-instrumenta-art-80999-9.jpg,https://dlt.by/image/catalog/easyphoto/2802/professionalnyy-ryukzak-rollingdog-dlya-malyarnogo-instrumenta-art-80999-10.jpg,https://dlt.by/image/catalog/easyphoto/2802/professionalnyy-ryukzak-rollingdog-dlya-malyarnogo-instrumenta-art-80999-11.jpg,https://dlt.by/image/catalog/easyphoto/2802/professionalnyy-ryukzak-rollingdog-dlya-malyarnogo-instrumenta-art-80999-12.jpg,https://dlt.by/image/catalog/easyphoto/2802/professionalnyy-ryukzak-rollingdog-dlya-malyarnogo-instrumenta-art-80999-13.jpg,https://dlt.by/image/catalog/easyphoto/2802/professionalnyy-ryukzak-rollingdog-dlya-malyarnogo-instrumenta-art-80999-14.jpg,https://dlt.by/image/catalog/easyphoto/2802/professionalnyy-ryukzak-rollingdog-dlya-malyarnogo-instrumenta-art-80999-15.jpg,,,,,,,,,,,,,,,,,,,,,,,,,,,,,,,"
"Укрывная пленка Rollingdog 4м x 5м, арт.81374",Малярный и штукатурный инструмент>Пленки укрывные,81374,246.77,"https://dlt.by/image/catalog/easyphoto/2705/shpatel-skrebok-mnogofunktsionalnyy-12-v-1-rollingdog-art-50019-1.jpeg,,,,,,,,,,,,,,,,,,,,,,,,,,,,,,,,,,,,,,,,,,,,,"
"Держатель для малярной кисти Rollingdog (набор 2шт.), арт.81388",Малярный и штукатурный инструмент>Кисти малярные>Аксессуары,81388,186.58,"https://dlt.by/image/catalog/easyphoto/2804/derzhatel-dlya-malyarnoy-kisti-rollingdog-nabor-2sht-art-81388-2.jpg,https://dlt.by/image/catalog/easyphoto/2804/derzhatel-dlya-malyarnoy-kisti-rollingdog-nabor-2sht-art-81388-5.jpg,https://dlt.by/image/catalog/easyphoto/2804/derzhatel-dlya-malyarnoy-kisti-rollingdog-nabor-2sht-art-81388-3.jpg,https://dlt.by/image/catalog/easyphoto/2804/derzhatel-dlya-malyarnoy-kisti-rollingdog-nabor-2sht-art-81388-4.jpg,https://dlt.by/image/catalog/easyphoto/2804/derzhatel-dlya-malyarnoy-kisti-rollingdog-nabor-2sht-art-81388-6.jpg,https://dlt.by/image/catalog/easyphoto/2804/derzhatel-dlya-malyarnoy-kisti-rollingdog-nabor-2sht-art-81388-1.jpg,,,,,,,,,,,,,,,,,,,,,,,,,,,,,,,,,,,,,,,,"
"Укрывная пленка Rollingdog WHITE- DEFENDER 152см x 305см, арт.81421",Малярный и штукатурный инструмент>Пленки укрывные,81421,571.79,"https://dlt.by/image/catalog/easyphoto/2805/ukryvnaya-plenka-rollingdog-white-defender-152sm-x-305sm-art-81421-1.jpg,https://dlt.by/image/catalog/easyphoto/2805/ukryvnaya-plenka-rollingdog-white-defender-152sm-x-305sm-art-81421-2.jpg,https://dlt.by/image/catalog/easyphoto/2805/ukryvnaya-plenka-rollingdog-white-defender-152sm-x-305sm-art-81421-3.jpg,https://dlt.by/image/catalog/easyphoto/2805/ukryvnaya-plenka-rollingdog-white-defender-152sm-x-305sm-art-81421-4.jpg,,,,,,,,,,,,,,,,,,,,,,,,,,,,,,,,,,,,,,,,,,"
"Укрывная ткань Rollingdog BLUE DEFENDER 274см x 366см, арт.81430",Малярный и штукатурный инструмент>Пленки укрывные,81430,1 685.28,"https://dlt.by/image/catalog/easyphoto/2806/ukryvnaya-tkan-rollingdog-blue-defender-274sm-x-366sm-art-81430-1.jpg,https://dlt.by/image/catalog/easyphoto/2806/ukryvnaya-tkan-rollingdog-blue-defender-274sm-x-366sm-art-81430-2.jpg,,,,,,,,,,,,,,,,,,,,,,,,,,,,,,,,,,,,,,,,,,,,"
"Укрывная пленка Rollingdog SURE- GUARD 274см x 366см, арт.81431",Малярный и штукатурный инструмент>Пленки укрывные,81431,1 083.39,"https://dlt.by/image/catalog/easyphoto/2807/ukryvnaya-plenka-rollingdog-sure-guard-274sm-x-366sm-art-81431-1.jpg,https://dlt.by/image/catalog/easyphoto/2807/ukryvnaya-plenka-rollingdog-sure-guard-274sm-x-366sm-art-81431-3.jpg,https://dlt.by/image/catalog/easyphoto/2807/ukryvnaya-plenka-rollingdog-sure-guard-274sm-x-366sm-art-81431-4.jpg,https://dlt.by/image/catalog/easyphoto/2807/ukryvnaya-plenka-rollingdog-sure-guard-274sm-x-366sm-art-81431-5.jpg,,,,,,,,,,,,,,,,,,,,,,,,,,,,,,,,,,,,,,,,,,"
"Укрывная пленка Rollingdog NW-GUARD 152см x 305см, арт.81437",Малярный и штукатурный инструмент>Пленки укрывные,81437,1 173.67,"https://dlt.by/image/catalog/easyphoto/2808/ukryvnaya-plenka-rollingdog-nw-guard-152sm-x-305sm-art-81437-1.jpg,,,,,,,,,,,,,,,,,,,,,,,,,,,,,,,,,,,,,,,,,,,,,"
"Набор кистей Rollingdog 4/6/10мм, синтетика, серия Standard, арт.81440",Малярный и штукатурный инструмент>Кисти малярные>Наборы кистей,81440,367.15,"https://dlt.by/image/catalog/easyphoto/2809/nabor-kistey-rollingdog-4-6-10mm-sintetika-seriya-standard-art-81440-1.jpg,https://dlt.by/image/catalog/easyphoto/2809/nabor-kistey-rollingdog-4-6-10mm-sintetika-seriya-standard-art-81440-2.jpg,,,,,,,,,,,,,,,,,,,,,,,,,,,,,,,,,,,,,,,,,,,,"
Набор шпателей для силикона и герметика 6.5R/10R/13R Rollingdog арт.81452,Акции на строительный инструмент,81452,601.88,"https://dlt.by/image/catalog/easyphoto/2810/nabor-shpateley-dlya-silikona-i-germetika-6-5r-10r-13r-rollingdog-art-81452-3.jpg,https://dlt.by/image/catalog/easyphoto/2810/nabor-shpateley-dlya-silikona-i-germetika-6-5r-10r-13r-rollingdog-art-81452-4.jpg,https://dlt.by/image/catalog/easyphoto/2810/nabor-shpateley-dlya-silikona-i-germetika-6-5r-10r-13r-rollingdog-art-81452-5.jpg,https://dlt.by/image/catalog/easyphoto/2810/nabor-shpateley-dlya-silikona-i-germetika-6-5r-10r-13r-rollingdog-art-81452-6.jpg,,,,,,,,,,,,,,,,,,,,,,,,,,,,,,,,,,,,,,,,,,"
"Набор кистей Rollingdog 7/8/10/12/14мм, натуральная щетина, серия Standard, арт.81461",Малярный и штукатурный инструмент>Кисти малярные>Наборы кистей,81461,601.88,"https://dlt.by/image/catalog/easyphoto/2811/nabor-kistey-rollingdog-7-8-10-12-14mm-naturalnaya-shchetina-seriya-standard-art-81461-1.jpg,https://dlt.by/image/catalog/easyphoto/2811/nabor-kistey-rollingdog-7-8-10-12-14mm-naturalnaya-shchetina-seriya-standard-art-81461-2.jpg,,,,,,,,,,,,,,,,,,,,,,,,,,,,,,,,,,,,,,,,,,,,"
"Набор инструментов Rollingdog 42 предмета, арт.81466",Ручной инструмент,81466,3 460.84,"https://dlt.by/image/catalog/easyphoto/2812/nabor-instrumentov-rollingdog-42-predmeta-art-81466-1.jpg,https://dlt.by/image/catalog/easyphoto/2812/nabor-instrumentov-rollingdog-42-predmeta-art-81466-2.jpg,https://dlt.by/image/catalog/easyphoto/2812/nabor-instrumentov-rollingdog-42-predmeta-art-81466-3.jpg,https://dlt.by/image/catalog/easyphoto/2812/nabor-instrumentov-rollingdog-42-predmeta-art-81466-4.jpg,https://dlt.by/image/catalog/easyphoto/2812/nabor-instrumentov-rollingdog-42-predmeta-art-81466-7.jpg,https://dlt.by/image/catalog/easyphoto/2812/nabor-instrumentov-rollingdog-42-predmeta-art-81466-5.jpg,https://dlt.by/image/catalog/easyphoto/2812/nabor-instrumentov-rollingdog-42-predmeta-art-81466-6.jpg,https://dlt.by/image/catalog/easyphoto/2812/nabor-instrumentov-rollingdog-42-predmeta-art-81466-8.jpg,,,,,,,,,,,,,,,,,,,,,,,,,,,,,,,,,,,,,,"
"Сменные подушечки к аппликатору Rollingdog, синтетика, арт.90005",Малярный и штукатурный инструмент>Аппликаторы малярные,90005,337.06,"https://dlt.by/image/catalog/easyphoto/2813/smennye-podushechki-k-applikatoru-rollingdog-sintetika-art-90005-1.jpg,,,,,,,,,,,,,,,,,,,,,,,,,,,,,,,,,,,,,,,,,,,,,"
"Абразивная губка Rollingdog Р60, арт.90023",Малярный и штукатурный инструмент>Абразивные материалы,90023,126.40,"https://dlt.by/image/catalog/easyphoto/2814/abrazivnaya-gubka-rollingdog-r60-art-90023-1.jpg,,,,,,,,,,,,,,,,,,,,,,,,,,,,,,,,,,,,,,,,,,,,,"
"Абразивная губка Rollingdog Р120, арт.90024",Малярный и штукатурный инструмент>Абразивные материалы,90024,126.40,"https://dlt.by/image/catalog/easyphoto/2815/abrazivnaya-gubka-rollingdog-r120-art-90024-1.jpg,,,,,,,,,,,,,,,,,,,,,,,,,,,,,,,,,,,,,,,,,,,,,"
"Абразивная губка Rollingdog Р180, арт.90025",Малярный и штукатурный инструмент>Абразивные материалы,90025,126.40,"https://dlt.by/image/catalog/easyphoto/2816/abrazivnaya-gubka-rollingdog-r180-art-90025-1.jpg,,,,,,,,,,,,,,,,,,,,,,,,,,,,,,,,,,,,,,,,,,,,,"
"Аппликатор малярный с регулируемым углом наклона ручки Rollingdog 18см, арт.90118",Малярный и штукатурный инструмент>Аппликаторы малярные,90118,722.26,"https://dlt.by/image/catalog/easyphoto/2818/applikator-malyarnyy-s-reguliruemym-uglom-naklona-ruchki-rollingdog-18sm-art-90118-1.jpg,https://dlt.by/image/catalog/easyphoto/2818/applikator-malyarnyy-s-reguliruemym-uglom-naklona-ruchki-rollingdog-18sm-art-90118-2.jpg,https://dlt.by/image/catalog/easyphoto/2818/applikator-malyarnyy-s-reguliruemym-uglom-naklona-ruchki-rollingdog-18sm-art-90118-3.jpg,https://dlt.by/image/catalog/easyphoto/2818/applikator-malyarnyy-s-reguliruemym-uglom-naklona-ruchki-rollingdog-18sm-art-90118-4.jpg,https://dlt.by/image/catalog/easyphoto/2818/applikator-malyarnyy-s-reguliruemym-uglom-naklona-ruchki-rollingdog-18sm-art-90118-5.jpg,https://dlt.by/image/catalog/easyphoto/2818/applikator-malyarnyy-s-reguliruemym-uglom-naklona-ruchki-rollingdog-18sm-art-90118-6.jpg,https://dlt.by/image/catalog/easyphoto/2818/applikator-malyarnyy-s-reguliruemym-uglom-naklona-ruchki-rollingdog-18sm-art-90118-7.jpg,,,,,,,,,,,,,,,,,,,,,,,,,,,,,,,,,,,,,,,"
"Сменные подушечки к аппликатору Rollingdog 18см, синтетика, арт.90120",Малярный и штукатурный инструмент>Аппликаторы малярные,90120,367.15,"https://dlt.by/image/catalog/easyphoto/2819/smennye-podushechki-k-applikatoru-rollingdog-18sm-sintetika-art-90120-1.jpg,https://dlt.by/image/catalog/easyphoto/2819/smennye-podushechki-k-applikatoru-rollingdog-18sm-sintetika-art-90120-2.jpg,,,,,,,,,,,,,,,,,,,,,,,,,,,,,,,,,,,,,,,,,,,,"
"Наждачная бумага Rollingdog 230х280мм, Р80 (набор 10 шт.), арт.90128",Бренды>Малярный инструмент ROLLINGDOG,90128,782.45,"https://dlt.by/image/catalog/easyphoto/2820/nazhdachnaya-bumaga-rollingdog-230h280mm-r80-nabor-10-sht-art-90128-1.jpg,https://dlt.by/image/catalog/easyphoto/2820/nazhdachnaya-bumaga-rollingdog-230h280mm-r80-nabor-10-sht-art-90128-2.jpg,https://dlt.by/image/catalog/easyphoto/2820/nazhdachnaya-bumaga-rollingdog-230h280mm-r80-nabor-10-sht-art-90128-3.jpg,https://dlt.by/image/catalog/easyphoto/2820/nazhdachnaya-bumaga-rollingdog-230h280mm-r80-nabor-10-sht-art-90128-4.jpg,https://dlt.by/image/catalog/easyphoto/2820/nazhdachnaya-bumaga-rollingdog-230h280mm-r80-nabor-10-sht-art-90128-5.jpg,https://dlt.by/image/catalog/easyphoto/2820/nazhdachnaya-bumaga-rollingdog-230h280mm-r80-nabor-10-sht-art-90128-6.jpg,,,,,,,,,,,,,,,,,,,,,,,,,,,,,,,,,,,,,,,,"
"Наждачная бумага Rollingdog 230х280мм, Р180 (набор 10 шт.), арт.90129",Бренды>Малярный инструмент ROLLINGDOG,90129,752.36,"https://dlt.by/image/catalog/easyphoto/2821/nazhdachnaya-bumaga-rollingdog-230h280mm-r180-nabor-10-sht-art-90129-1.jpg,https://dlt.by/image/catalog/easyphoto/2821/nazhdachnaya-bumaga-rollingdog-230h280mm-r180-nabor-10-sht-art-90129-2.jpg,https://dlt.by/image/catalog/easyphoto/2821/nazhdachnaya-bumaga-rollingdog-230h280mm-r180-nabor-10-sht-art-90129-3.jpg,https://dlt.by/image/catalog/easyphoto/2821/nazhdachnaya-bumaga-rollingdog-230h280mm-r180-nabor-10-sht-art-90129-4.jpg,https://dlt.by/image/catalog/easyphoto/2821/nazhdachnaya-bumaga-rollingdog-230h280mm-r180-nabor-10-sht-art-90129-5.jpg,https://dlt.by/image/catalog/easyphoto/2821/nazhdachnaya-bumaga-rollingdog-230h280mm-r180-nabor-10-sht-art-90129-6.jpg,,,,,,,,,,,,,,,,,,,,,,,,,,,,,,,,,,,,,,,,"
"Наждачная бумага Rollingdog 230х280мм, Р320 (набор 10 шт.), арт.90130",Бренды>Малярный инструмент ROLLINGDOG,90130,752.36,"https://dlt.by/image/catalog/easyphoto/2822/nazhdachnaya-bumaga-rollingdog-230h280mm-r320-nabor-10-sht-art-90130-1.jpg,https://dlt.by/image/catalog/easyphoto/2822/nazhdachnaya-bumaga-rollingdog-230h280mm-r320-nabor-10-sht-art-90130-2.jpg,https://dlt.by/image/catalog/easyphoto/2822/nazhdachnaya-bumaga-rollingdog-230h280mm-r320-nabor-10-sht-art-90130-3.jpg,https://dlt.by/image/catalog/easyphoto/2822/nazhdachnaya-bumaga-rollingdog-230h280mm-r320-nabor-10-sht-art-90130-4.jpg,https://dlt.by/image/catalog/easyphoto/2822/nazhdachnaya-bumaga-rollingdog-230h280mm-r320-nabor-10-sht-art-90130-5.jpg,,,,,,,,,,,,,,,,,,,,,,,,,,,,,,,,,,,,,,,,,"
"Аппликатор для внутренних углов с регулируемым углом наклона ручки Rollingdog, арт.90150",Малярный и штукатурный инструмент>Аппликаторы малярные,90150,662.07,"https://dlt.by/image/catalog/easyphoto/2823/applikator-dlya-vnutrennih-uglov-s-reguliruemym-uglom-naklona-ruchki-rollingdog-art-90150-1.jpg,https://dlt.by/image/catalog/easyphoto/2823/applikator-dlya-vnutrennih-uglov-s-reguliruemym-uglom-naklona-ruchki-rollingdog-art-90150-2.jpg,https://dlt.by/image/catalog/easyphoto/2823/applikator-dlya-vnutrennih-uglov-s-reguliruemym-uglom-naklona-ruchki-rollingdog-art-90150-3.jpg,https://dlt.by/image/catalog/easyphoto/2823/applikator-dlya-vnutrennih-uglov-s-reguliruemym-uglom-naklona-ruchki-rollingdog-art-90150-4.jpg,https://dlt.by/image/catalog/easyphoto/2823/applikator-dlya-vnutrennih-uglov-s-reguliruemym-uglom-naklona-ruchki-rollingdog-art-90150-5.jpg,https://dlt.by/image/catalog/easyphoto/2823/applikator-dlya-vnutrennih-uglov-s-reguliruemym-uglom-naklona-ruchki-rollingdog-art-90150-6.jpg,https://dlt.by/image/catalog/easyphoto/2823/applikator-dlya-vnutrennih-uglov-s-reguliruemym-uglom-naklona-ruchki-rollingdog-art-90150-7.jpg,https://dlt.by/image/catalog/easyphoto/2823/applikator-dlya-vnutrennih-uglov-s-reguliruemym-uglom-naklona-ruchki-rollingdog-art-90150-8.jpg,,,,,,,,,,,,,,,,,,,,,,,,,,,,,,,,,,,,,,"
"Наждачная бумага Rollingdog 230х170мм, Р80 (набор 6 шт.), арт.90160",Малярный и штукатурный инструмент>Абразивные материалы>Шлифовальные листы,90160,722.26,"https://dlt.by/image/catalog/easyphoto/2824/nazhdachnaya-bumaga-rollingdog-230h170mm-r80-nabor-6-sht-art-90160-1.jpg,https://dlt.by/image/catalog/easyphoto/2824/nazhdachnaya-bumaga-rollingdog-230h170mm-r80-nabor-6-sht-art-90160-2.jpg,,,,,,,,,,,,,,,,,,,,,,,,,,,,,,,,,,,,,,,,,,,,"
"Наждачная бумага Rollingdog 230х170мм, Р120 (набор 6 шт.), арт.90161",Бренды>Малярный инструмент ROLLINGDOG,90161,692.17,"https://dlt.by/image/catalog/easyphoto/2825/nazhdachnaya-bumaga-rollingdog-230h170mm-r120-nabor-6-sht-art-90161-1.jpg,,,,,,,,,,,,,,,,,,,,,,,,,,,,,,,,,,,,,,,,,,,,,"
"Наждачная бумага Rollingdog 230х170мм, Р240 (набор 6 шт.), арт.90162",Бренды>Малярный инструмент ROLLINGDOG,90162,692.17,"https://dlt.by/image/catalog/easyphoto/2826/nazhdachnaya-bumaga-rollingdog-230h170mm-r240-nabor-6-sht-art-90162-1.jpg,https://dlt.by/image/catalog/easyphoto/2826/nazhdachnaya-bumaga-rollingdog-230h170mm-r240-nabor-6-sht-art-90162-2.jpg,,,,,,,,,,,,,,,,,,,,,,,,,,,,,,,,,,,,,,,,,,,,"
"Абразивная губка Rollingdog Р60, арт.90164",Малярный и штукатурный инструмент>Абразивные материалы,90164,186.58,"https://dlt.by/image/catalog/easyphoto/2827/abrazivnaya-gubka-rollingdog-r60-art-90164-1.jpg,https://dlt.by/image/catalog/easyphoto/2827/abrazivnaya-gubka-rollingdog-r60-art-90164-2.jpg,https://dlt.by/image/catalog/easyphoto/2827/abrazivnaya-gubka-rollingdog-r60-art-90164-3.jpg,https://dlt.by/image/catalog/easyphoto/2827/abrazivnaya-gubka-rollingdog-r60-art-90164-4.jpg,,,,,,,,,,,,,,,,,,,,,,,,,,,,,,,,,,,,,,,,,,"
"Абразивная губка Rollingdog Р120, арт.90165",Малярный и штукатурный инструмент>Абразивные материалы,90165,186.58,"https://dlt.by/image/catalog/easyphoto/2828/abrazivnaya-gubka-rollingdog-r120-art-90165-1.jpg,https://dlt.by/image/catalog/easyphoto/2828/abrazivnaya-gubka-rollingdog-r120-art-90165-2.jpg,https://dlt.by/image/catalog/easyphoto/2828/abrazivnaya-gubka-rollingdog-r120-art-90165-3.jpg,https://dlt.by/image/catalog/easyphoto/2828/abrazivnaya-gubka-rollingdog-r120-art-90165-4.jpg,,,,,,,,,,,,,,,,,,,,,,,,,,,,,,,,,,,,,,,,,,"
"Абразивная губка Rollingdog Р180, арт.90166",Малярный и штукатурный инструмент>Абразивные материалы,90166,186.58,"https://dlt.by/image/catalog/easyphoto/2829/abrazivnaya-gubka-rollingdog-r180-art-90166-1.jpg,https://dlt.by/image/catalog/easyphoto/2829/abrazivnaya-gubka-rollingdog-r180-art-90166-2.jpg,https://dlt.by/image/catalog/easyphoto/2829/abrazivnaya-gubka-rollingdog-r180-art-90166-3.jpg,,,,,,,,,,,,,,,,,,,,,,,,,,,,,,,,,,,,,,,,,,,"
"Аппликатор малярный Rollingdog, арт.90167",Малярный и штукатурный инструмент>Аппликаторы малярные,90167,391.22,"https://dlt.by/image/catalog/easyphoto/2830/applikator-malyarnyy-rollingdog-art-90167-1.jpg,https://dlt.by/image/catalog/easyphoto/2830/applikator-malyarnyy-rollingdog-art-90167-2.jpg,https://dlt.by/image/catalog/easyphoto/2830/applikator-malyarnyy-rollingdog-art-90167-3.jpg,https://dlt.by/image/catalog/easyphoto/2830/applikator-malyarnyy-rollingdog-art-90167-4.jpg,https://dlt.by/image/catalog/easyphoto/2830/applikator-malyarnyy-rollingdog-art-90167-5.jpg,https://dlt.by/image/catalog/easyphoto/2830/applikator-malyarnyy-rollingdog-art-90167-6.jpg,https://dlt.by/image/catalog/easyphoto/2830/applikator-malyarnyy-rollingdog-art-90167-7.jpg,https://dlt.by/image/catalog/easyphoto/2830/applikator-malyarnyy-rollingdog-art-90167-8.jpg,https://dlt.by/image/catalog/easyphoto/2830/applikator-malyarnyy-rollingdog-art-90167-9.jpg,https://dlt.by/image/catalog/easyphoto/2830/applikator-malyarnyy-rollingdog-art-90167-10.jpg,,,,,,,,,,,,,,,,,,,,,,,,,,,,,,,,,,,,"
"Набор валиков Rollingdog HI-SHEEN 100мм, 2шт, ворс 5мм, для бюгеля 8мм, велюр, арт.00125",Малярный и штукатурный инструмент>Валики малярные>Наборы,125,186.58,"https://dlt.by/image/catalog/easyphoto/2831/valik-rollingdog-hi-sheen-100mm-vors-5mm-dlya-byugelya-8mm-velyur-nabor-2sht-art-00125-1.jpg,https://dlt.by/image/catalog/easyphoto/2831/valik-rollingdog-hi-sheen-100mm-vors-5mm-dlya-byugelya-8mm-velyur-nabor-2sht-art-00125-2.jpg,https://dlt.by/image/catalog/easyphoto/2831/valik-rollingdog-hi-sheen-100mm-vors-5mm-dlya-byugelya-8mm-velyur-nabor-2sht-art-00125-3.jpg,,,,,,,,,,,,,,,,,,,,,,,,,,,,,,,,,,,,,,,,,,,"
"Валик Rollingdog HI-SHEEN 180мм, ворс 5мм, для бюгеля 8мм, велюр арт.00126",Малярный и штукатурный инструмент>Валики малярные>Шубки (ролики),126,337.06,"https://dlt.by/image/catalog/easyphoto/2832/valik-rollingdog-hi-sheen-180mm-vors-5mm-dlya-byugelya-8mm-velyur-art-00126-1.jpg,https://dlt.by/image/catalog/easyphoto/2832/valik-rollingdog-hi-sheen-180mm-vors-5mm-dlya-byugelya-8mm-velyur-art-00126-2.jpg,,,,,,,,,,,,,,,,,,,,,,,,,,,,,,,,,,,,,,,,,,,,"
"Валик Rollingdog SUPER-MICRO 180мм, ворс 9.5мм, для бюгеля 8мм, микрофибра, арт.00243",Малярный и штукатурный инструмент>Валики малярные>Шубки (ролики),243,276.87,"https://dlt.by/image/catalog/easyphoto/2833/valik-rollingdog-super-micro-180mm-vors-9-5mm-dlya-byugelya-8mm-mikrofibra-art-00243-1.jpg,https://dlt.by/image/catalog/easyphoto/2833/valik-rollingdog-super-micro-180mm-vors-9-5mm-dlya-byugelya-8mm-mikrofibra-art-00243-2.jpg,,,,,,,,,,,,,,,,,,,,,,,,,,,,,,,,,,,,,,,,,,,,"
"Набор валиков Rollingdog SUPER-MICRO 100мм, 2шт, ворс 10мм, для бюгеля 6мм, микрофибра, арт.00244",Малярный и штукатурный инструмент>Валики малярные>Наборы,244,126.40,"https://dlt.by/image/catalog/easyphoto/2834/valik-rollingdog-super-micro-100mm-vors-10mm-dlya-byugelya-6mm-mikrofibra-nabor-2sht-art-00244-1.jpg,https://dlt.by/image/catalog/easyphoto/2834/valik-rollingdog-super-micro-100mm-vors-10mm-dlya-byugelya-6mm-mikrofibra-nabor-2sht-art-00244-2.jpg,,,,,,,,,,,,,,,,,,,,,,,,,,,,,,,,,,,,,,,,,,,,"
"Набор валиков Rollingdog GLOSS-KING 100мм, 2шт, для бюгеля 6мм, поролон, арт.00259",Малярный и штукатурный инструмент>Валики малярные>Наборы,259,246.77,"https://dlt.by/image/catalog/easyphoto/2835/valik-rollingdog-gloss-king-100mm-dlya-byugelya-6mm-nabor-2sht-porolon-art-00259-1.jpg,https://dlt.by/image/catalog/easyphoto/2835/valik-rollingdog-gloss-king-100mm-dlya-byugelya-6mm-nabor-2sht-porolon-art-00259-2.jpg,,,,,,,,,,,,,,,,,,,,,,,,,,,,,,,,,,,,,,,,,,,,"
"Набор валиков Rollingdog SUPER-MICRO 100мм, 10шт, ворс 10мм, для бюгеля 6мм, микрофибра, арт.00278",Малярный и штукатурный инструмент>Валики малярные>Наборы,278,451.41,"https://dlt.by/image/catalog/easyphoto/2836/nabor-valikov-rollingdog-super-micro-100mm-10sht-vors-10mm-dlya-byugelya-6mm-mikrofibra-art-00278-2.jpg,https://dlt.by/image/catalog/easyphoto/2836/nabor-valikov-rollingdog-super-micro-100mm-10sht-vors-10mm-dlya-byugelya-6mm-mikrofibra-art-00278-3.jpg,https://dlt.by/image/catalog/easyphoto/2836/nabor-valikov-rollingdog-super-micro-100mm-10sht-vors-10mm-dlya-byugelya-6mm-mikrofibra-art-00278-4.jpg,https://dlt.by/image/catalog/easyphoto/2836/nabor-valikov-rollingdog-super-micro-100mm-10sht-vors-10mm-dlya-byugelya-6mm-mikrofibra-art-00278-5.jpg,https://dlt.by/image/catalog/easyphoto/2836/nabor-valikov-rollingdog-super-micro-100mm-10sht-vors-10mm-dlya-byugelya-6mm-mikrofibra-art-00278-1.jpg,,,,,,,,,,,,,,,,,,,,,,,,,,,,,,,,,,,,,,,,,"
"Набор валиков Rollingdog SUPER - EDGE 100мм, 2шт, для бюгеля 6мм, поролон, арт.00284",Малярный и штукатурный инструмент>Валики малярные>Наборы,284,276.87,"https://dlt.by/image/catalog/easyphoto/2837/valik-rollingdog-super-edge-100mm-vors-9-5mm-dlya-byugelya-6mm-nabor-2sht-porolon-art-00284-1.jpg,https://dlt.by/image/catalog/easyphoto/2837/valik-rollingdog-super-edge-100mm-vors-9-5mm-dlya-byugelya-6mm-nabor-2sht-porolon-art-00284-2.jpg,https://dlt.by/image/catalog/easyphoto/2837/valik-rollingdog-super-edge-100mm-vors-9-5mm-dlya-byugelya-6mm-nabor-2sht-porolon-art-00284-3.jpg,https://dlt.by/image/catalog/easyphoto/2837/valik-rollingdog-super-edge-100mm-vors-9-5mm-dlya-byugelya-6mm-nabor-2sht-porolon-art-00284-4.jpg,https://dlt.by/image/catalog/easyphoto/2837/valik-rollingdog-super-edge-100mm-vors-9-5mm-dlya-byugelya-6mm-nabor-2sht-porolon-art-00284-5.jpg,,,,,,,,,,,,,,,,,,,,,,,,,,,,,,,,,,,,,,,,,"
"Валик Rollingdog High Density 180мм, ворс 12мм, для бюгеля 8мм, микрофибра, арт.00293",Малярный и штукатурный инструмент>Валики малярные>Шубки (ролики),293,511.60,"https://dlt.by/image/catalog/easyphoto/2838/valik-rollingdog-high-density-178mm-vors-12mm-dlya-byugelya-8mm-mikrofibra-art-00293-1.png,https://dlt.by/image/catalog/easyphoto/2838/valik-rollingdog-high-density-178mm-vors-12mm-dlya-byugelya-8mm-mikrofibra-art-00293-2.png,https://dlt.by/image/catalog/easyphoto/2838/valik-rollingdog-high-density-178mm-vors-12mm-dlya-byugelya-8mm-mikrofibra-art-00293-3.png,https://dlt.by/image/catalog/easyphoto/2838/valik-rollingdog-high-density-178mm-vors-12mm-dlya-byugelya-8mm-mikrofibra-art-00293-4.png,https://dlt.by/image/catalog/easyphoto/2838/valik-rollingdog-high-density-178mm-vors-12mm-dlya-byugelya-8mm-mikrofibra-art-00293-5.png,https://dlt.by/image/catalog/easyphoto/2838/valik-rollingdog-high-density-178mm-vors-12mm-dlya-byugelya-8mm-mikrofibra-art-00293-6.jpg,https://dlt.by/image/catalog/easyphoto/2838/valik-rollingdog-high-density-178mm-vors-12mm-dlya-byugelya-8mm-mikrofibra-art-00293-7.png,https://dlt.by/image/catalog/easyphoto/2838/valik-rollingdog-high-density-178mm-vors-12mm-dlya-byugelya-8mm-mikrofibra-art-00293-8.png,https://dlt.by/image/catalog/easyphoto/2838/valik-rollingdog-high-density-178mm-vors-12mm-dlya-byugelya-8mm-mikrofibra-art-00293-9.png,,,,,,,,,,,,,,,,,,,,,,,,,,,,,,,,,,,,,"
"Валик Rollingdog 180мм, ворс 12мм, для бюгеля 8мм, полиамид, арт.00297",Малярный и штукатурный инструмент>Валики малярные>Шубки (ролики),297,571.79,"https://dlt.by/image/catalog/easyphoto/2839/valik-rollingdog-178mm-vors-12mm-dlya-byugelya-8mm-poliamid-art-00297-1.jpg,https://dlt.by/image/catalog/easyphoto/2839/valik-rollingdog-178mm-vors-12mm-dlya-byugelya-8mm-poliamid-art-00297-2.jpg,https://dlt.by/image/catalog/easyphoto/2839/valik-rollingdog-178mm-vors-12mm-dlya-byugelya-8mm-poliamid-art-00297-3.jpg,,,,,,,,,,,,,,,,,,,,,,,,,,,,,,,,,,,,,,,,,,,"
"Набор валиков Rollingdog 50мм, 2шт, ворс 12мм, для бюгеля 6мм, полиамид, арт.00299",Малярный и штукатурный инструмент>Валики малярные>Наборы,299,216.68,"https://dlt.by/image/catalog/easyphoto/2840/valik-rollingdog-50mm-vors-12mm-dlya-byugelya-6mm-poliamid-nabor-2sht-art-00299-1.jpg,,,,,,,,,,,,,,,,,,,,,,,,,,,,,,,,,,,,,,,,,,,,,"
"Валик Rollingdog 180мм, ворс 19мм, для бюгеля 8мм, полиамид, арт.00301",Малярный и штукатурный инструмент>Валики малярные>Шубки (ролики),301,571.79,"https://dlt.by/image/catalog/easyphoto/2841/valik-rollingdog-180mm-vors-19mm-dlya-byugelya-8mm-poliamid-art-00301-1.jpg,https://dlt.by/image/catalog/easyphoto/2841/valik-rollingdog-180mm-vors-19mm-dlya-byugelya-8mm-poliamid-art-00301-2.jpg,,,,,,,,,,,,,,,,,,,,,,,,,,,,,,,,,,,,,,,,,,,,"
"Валик Rollingdog 250мм, ворс 18мм, для каркаса 38мм, полиамид арт.00304",Малярный и штукатурный инструмент>Валики малярные>Шубки (ролики),304,1 203.77,"https://dlt.by/image/catalog/easyphoto/2842/valik-rollingdog-250mm-vors-18mm-dlya-karkasa-38mm-poliamid-art-00304-1.jpg,https://dlt.by/image/catalog/easyphoto/2842/valik-rollingdog-250mm-vors-18mm-dlya-karkasa-38mm-poliamid-art-00304-2.jpg,https://dlt.by/image/catalog/easyphoto/2842/valik-rollingdog-250mm-vors-18mm-dlya-karkasa-38mm-poliamid-art-00304-3.jpg,https://dlt.by/image/catalog/easyphoto/2842/valik-rollingdog-250mm-vors-18mm-dlya-karkasa-38mm-poliamid-art-00304-4.jpg,,,,,,,,,,,,,,,,,,,,,,,,,,,,,,,,,,,,,,,,,,"
"Набор валиков с бюгелем Rollingdog SUPER - EDGE 50мм, 2шт, поролон, арт.00351",Малярный и штукатурный инструмент>Валики малярные>Наборы,351,246.77,"https://dlt.by/image/catalog/easyphoto/2843/nabor-valikov-s-byugelem-rollingdog-super-edge-50mm-porolon-art-00351-1.jpg,https://dlt.by/image/catalog/easyphoto/2843/nabor-valikov-s-byugelem-rollingdog-super-edge-50mm-porolon-art-00351-2.jpg,https://dlt.by/image/catalog/easyphoto/2843/nabor-valikov-s-byugelem-rollingdog-super-edge-50mm-porolon-art-00351-3.jpg,https://dlt.by/image/catalog/easyphoto/2843/nabor-valikov-s-byugelem-rollingdog-super-edge-50mm-porolon-art-00351-4.jpg,,,,,,,,,,,,,,,,,,,,,,,,,,,,,,,,,,,,,,,,,,"
"Валик Rollingdog 230мм, ворс 9.5мм, для бюгеля 8мм, микрофибра, арт.00361",Малярный и штукатурный инструмент>Валики малярные>Шубки (ролики),361,337.06,"https://dlt.by/image/catalog/easyphoto/2844/valik-rollingdog-230mm-vors-9-5mm-dlya-byugelya-8mm-mikrofibra-art-00361-1.jpg,https://dlt.by/image/catalog/easyphoto/2844/valik-rollingdog-230mm-vors-9-5mm-dlya-byugelya-8mm-mikrofibra-art-00361-2.jpg,https://dlt.by/image/catalog/easyphoto/2844/valik-rollingdog-230mm-vors-9-5mm-dlya-byugelya-8mm-mikrofibra-art-00361-3.jpg,https://dlt.by/image/catalog/easyphoto/2844/valik-rollingdog-230mm-vors-9-5mm-dlya-byugelya-8mm-mikrofibra-art-00361-4.jpg,,,,,,,,,,,,,,,,,,,,,,,,,,,,,,,,,,,,,,,,,,"
"Валик Rollingdog NYPOL 230мм, ворс 12мм, для бюгеля 8мм, полиэстер/полиамид, арт.00363",Малярный и штукатурный инструмент>Валики малярные>Шубки (ролики),363,451.41,"https://dlt.by/image/catalog/easyphoto/2845/valik-rollingdog-nypol-230mm-vors-12mm-dlya-byugelya-8mm-poliester-poliamid-art-00363-1.jpg,,,,,,,,,,,,,,,,,,,,,,,,,,,,,,,,,,,,,,,,,,,,,"
"Набор валиков Rollingdog NYPOL 100мм, 2шт, ворс 12мм, для бюгеля 6мм, полиэстер/полиамид, арт.00365",Малярный и штукатурный инструмент>Валики малярные>Наборы,365,186.58,"https://dlt.by/image/catalog/easyphoto/2846/valik-rollingdog-nypol-100mm-vors-12mm-dlya-byugelya-6mm-poliester-poliamid-nabor-2sht-art-00365-1.jpg,,,,,,,,,,,,,,,,,,,,,,,,,,,,,,,,,,,,,,,,,,,,,"
"Набор валиков Rollingdog 100мм, 2шт, ворс 12мм, для бюгеля 6мм, микрофибра, арт.00369",Малярный и штукатурный инструмент>Валики малярные>Наборы,369,337.06,"https://dlt.by/image/catalog/easyphoto/2847/valik-rollingdog-100mm-vors-12mm-dlya-byugelya-6mm-mikrofibra-nabor-2sht-art-00369-1.jpg,,,,,,,,,,,,,,,,,,,,,,,,,,,,,,,,,,,,,,,,,,,,,"
"Набор валиков Rollingdog Standard 100мм, 2шт, ворс 12мм, для бюгеля 6мм, полиэстер, арт.00370",Малярный и штукатурный инструмент>Валики малярные>Наборы,370,126.40,"https://dlt.by/image/catalog/easyphoto/2848/valik-rollingdog-standard-100mm-vors-12mm-dlya-byugelya-6mm-poliester-nabor-2sht-art-00370-1.jpg,,,,,,,,,,,,,,,,,,,,,,,,,,,,,,,,,,,,,,,,,,,,,"
"Валик Rollingdog 180мм, ворс 12мм, для бюгеля 8мм, полиэстер, арт.00372",Малярный и штукатурный инструмент>Валики малярные>Шубки (ролики),372,216.68,"https://dlt.by/image/catalog/easyphoto/2849/valik-rollingdog-180mm-vors-12mm-dlya-byugelya-8mm-poliester-art-00372-1.jpg,https://dlt.by/image/catalog/easyphoto/2849/valik-rollingdog-180mm-vors-12mm-dlya-byugelya-8mm-poliester-art-00372-2.jpg,https://dlt.by/image/catalog/easyphoto/2849/valik-rollingdog-180mm-vors-12mm-dlya-byugelya-8mm-poliester-art-00372-3.jpg,,,,,,,,,,,,,,,,,,,,,,,,,,,,,,,,,,,,,,,,,,,"
"Валик Rollingdog 230мм, ворс 12мм, для бюгеля 8мм, полиэстер, арт.00373",Малярный и штукатурный инструмент>Валики малярные>Шубки (ролики),373,276.87,"https://dlt.by/image/catalog/easyphoto/2850/valik-rollingdog-230mm-vors-12mm-dlya-byugelya-8mm-poliester-art-00373-1.jpg,https://dlt.by/image/catalog/easyphoto/2850/valik-rollingdog-230mm-vors-12mm-dlya-byugelya-8mm-poliester-art-00373-2.jpg,https://dlt.by/image/catalog/easyphoto/2850/valik-rollingdog-230mm-vors-12mm-dlya-byugelya-8mm-poliester-art-00373-3.jpg,,,,,,,,,,,,,,,,,,,,,,,,,,,,,,,,,,,,,,,,,,,"
"Набор валиков Rollingdog 100мм, 2шт, ворс 9.5мм, для бюгеля 6мм, полиэстер, арт.00383",Малярный и штукатурный инструмент>Валики малярные>Наборы,383,246.77,"https://dlt.by/image/catalog/easyphoto/2851/valik-rollingdog-100mm-vors-9-5mm-dlya-byugelya-6mm-poliester-nabor-2sht-art-00383-1.jpg,https://dlt.by/image/catalog/easyphoto/2851/valik-rollingdog-100mm-vors-9-5mm-dlya-byugelya-6mm-poliester-nabor-2sht-art-00383-2.jpg,https://dlt.by/image/catalog/easyphoto/2851/valik-rollingdog-100mm-vors-9-5mm-dlya-byugelya-6mm-poliester-nabor-2sht-art-00383-3.jpg,https://dlt.by/image/catalog/easyphoto/2851/valik-rollingdog-100mm-vors-9-5mm-dlya-byugelya-6mm-poliester-nabor-2sht-art-00383-4.jpg,,,,,,,,,,,,,,,,,,,,,,,,,,,,,,,,,,,,,,,,,,"
"Валик Rollingdog 100мм, ворс 9.5мм, для каркаса 38мм, полиэстер, арт.00393",Малярный и штукатурный инструмент>Валики малярные>Шубки (ролики),393,186.58,"https://dlt.by/image/catalog/easyphoto/2852/valik-rollingdog-100mm-vors-9-5mm-dlya-krepleniya-38mm-poliester-art-00393-1.jpg,https://dlt.by/image/catalog/easyphoto/2852/valik-rollingdog-100mm-vors-9-5mm-dlya-krepleniya-38mm-poliester-art-00393-2.jpg,,,,,,,,,,,,,,,,,,,,,,,,,,,,,,,,,,,,,,,,,,,,"
"Набор валиков Rollingdog 100мм, 3 шт, ворс 9.5мм, для каркаса 38мм, полиэстер, арт.00394",Малярный и штукатурный инструмент>Валики малярные>Наборы,394,481.51,"https://dlt.by/image/catalog/easyphoto/2853/valik-rollingdog-100mm-vors-9-5mm-dlya-karkasa-38mm-poliester-nabor-3sht-art-00394-1.jpg,https://dlt.by/image/catalog/easyphoto/2853/valik-rollingdog-100mm-vors-9-5mm-dlya-karkasa-38mm-poliester-nabor-3sht-art-00394-2.jpg,https://dlt.by/image/catalog/easyphoto/2853/valik-rollingdog-100mm-vors-9-5mm-dlya-karkasa-38mm-poliester-nabor-3sht-art-00394-3.jpg,https://dlt.by/image/catalog/easyphoto/2853/valik-rollingdog-100mm-vors-9-5mm-dlya-karkasa-38mm-poliester-nabor-3sht-art-00394-4.jpg,https://dlt.by/image/catalog/easyphoto/2853/valik-rollingdog-100mm-vors-9-5mm-dlya-karkasa-38mm-poliester-nabor-3sht-art-00394-5.jpg,https://dlt.by/image/catalog/easyphoto/2853/valik-rollingdog-100mm-vors-9-5mm-dlya-karkasa-38mm-poliester-nabor-3sht-art-00394-6.jpg,https://dlt.by/image/catalog/easyphoto/2853/valik-rollingdog-100mm-vors-9-5mm-dlya-karkasa-38mm-poliester-nabor-3sht-art-00394-7.jpg,https://dlt.by/image/catalog/easyphoto/2853/valik-rollingdog-100mm-vors-9-5mm-dlya-karkasa-38mm-poliester-nabor-3sht-art-00394-8.jpg,,,,,,,,,,,,,,,,,,,,,,,,,,,,,,,,,,,,,,"
"Валик Rollingdog TEXTURALL 230мм, текстурный, арт.00402",Малярный и штукатурный инструмент>Валики малярные>Шубки (ролики),402,1 233.86,"https://dlt.by/image/catalog/easyphoto/2854/valik-rollingdog-texturall-230mm-teksturnyy-art-00402-1.jpg,https://dlt.by/image/catalog/easyphoto/2854/valik-rollingdog-texturall-230mm-teksturnyy-art-00402-2.jpg,https://dlt.by/image/catalog/easyphoto/2854/valik-rollingdog-texturall-230mm-teksturnyy-art-00402-3.png,,,,,,,,,,,,,,,,,,,,,,,,,,,,,,,,,,,,,,,,,,,"
"Валик Rollingdog TEXTURALL 230мм, текстурный, арт.00403",Малярный и штукатурный инструмент>Валики малярные>Шубки (ролики),403,1 233.86,"https://dlt.by/image/catalog/easyphoto/2855/valik-rollingdog-texturall-230mm-teksturnyy-art-00403-1.jpg,https://dlt.by/image/catalog/easyphoto/2855/valik-rollingdog-texturall-230mm-teksturnyy-art-00403-2.jpg,https://dlt.by/image/catalog/easyphoto/2855/valik-rollingdog-texturall-230mm-teksturnyy-art-00403-3.jpg,,,,,,,,,,,,,,,,,,,,,,,,,,,,,,,,,,,,,,,,,,,"
"Валик Rollingdog 230мм, ворс 4мм, для каркаса 38мм, полиамид, арт.00410",Малярный и штукатурный инструмент>Валики малярные>Шубки (ролики),410,451.41,"https://dlt.by/image/catalog/easyphoto/2856/valik-rollingdog-230mm-vors-4mm-dlya-karkasa-38mm-poliamid-art-00410-1.jpg,,,,,,,,,,,,,,,,,,,,,,,,,,,,,,,,,,,,,,,,,,,,,"
"АГШК DLT №3, сверхгибкие, для сухой шлифовки, #30, 100мм, арт.2275",Инструмент для укладки плитки>Круг алмазный гибкий шлифовальный>АГШК #30,2275,722.26,"https://dlt.by/image/catalog/easyphoto/2857/agshk-dlt-3-sverhgibkie-dlya-suhoy-shlifovki-100-100mm-9.jpg,https://dlt.by/image/catalog/easyphoto/2857/agshk-dlt-3-sverhgibkie-dlya-suhoy-shlifovki-100-100mm-2.jpg,https://dlt.by/image/catalog/easyphoto/2857/agshk-dlt-3-sverhgibkie-dlya-suhoy-shlifovki-100-100mm-3.jpg,https://dlt.by/image/catalog/easyphoto/2857/agshk-dlt-3-sverhgibkie-dlya-suhoy-shlifovki-100-100mm-4.jpg,https://dlt.by/image/catalog/easyphoto/2857/agshk-dlt-3-sverhgibkie-dlya-suhoy-shlifovki-100-100mm-6.jpg,https://dlt.by/image/catalog/easyphoto/2857/agshk-dlt-3-sverhgibkie-dlya-suhoy-shlifovki-100-100mm-5.jpg,https://dlt.by/image/catalog/easyphoto/2857/agshk-dlt-3-sverhgibkie-dlya-suhoy-shlifovki-100-100mm-8.jpg,https://dlt.by/image/catalog/easyphoto/2857/agshk-dlt-3-sverhgibkie-dlya-suhoy-shlifovki-100-100mm-1.jpg,,,,,,,,,,,,,,,,,,,,,,,,,,,,,,,,,,,,,,"
"Валик Rollingdog Standard 230мм, ворс 6мм, для каркаса 38мм, полиэстер, арт.00413",Малярный и штукатурный инструмент>Валики малярные>Шубки (ролики),413,156.49,"https://dlt.by/image/catalog/easyphoto/2858/valik-rollingdog-standard-230mm-vors-6mm-dlya-karkasa-38mm-poliester-art-00413-1.jpg,https://dlt.by/image/catalog/easyphoto/2858/valik-rollingdog-standard-230mm-vors-6mm-dlya-karkasa-38mm-poliester-art-00413-2.jpg,,,,,,,,,,,,,,,,,,,,,,,,,,,,,,,,,,,,,,,,,,,,"
"Валик Rollingdog Standard 230мм, ворс 18мм, для каркаса 38мм, полиэстер, арт.00414",Малярный и штукатурный инструмент>Валики малярные>Шубки (ролики),414,186.58,"https://dlt.by/image/catalog/easyphoto/2859/valik-rollingdog-standard-230mm-vors-18mm-dlya-karkasa-38mm-poliester-art-00414-1.jpg,https://dlt.by/image/catalog/easyphoto/2859/valik-rollingdog-standard-230mm-vors-18mm-dlya-karkasa-38mm-poliester-art-00414-2.jpg,,,,,,,,,,,,,,,,,,,,,,,,,,,,,,,,,,,,,,,,,,,,"
"Валик Rollingdog Standard 230мм, ворс 6мм, для бюгеля 6мм, полиэстер, арт.00415",Малярный и штукатурный инструмент>Валики малярные>Шубки (ролики),415,246.77,"https://dlt.by/image/catalog/easyphoto/2860/valik-rollingdog-standard-230mm-vors-6mm-dlya-byugelya-6mm-poliester-art-00415-1.jpg,https://dlt.by/image/catalog/easyphoto/2860/valik-rollingdog-standard-230mm-vors-6mm-dlya-byugelya-6mm-poliester-art-00415-2.jpg,,,,,,,,,,,,,,,,,,,,,,,,,,,,,,,,,,,,,,,,,,,,"
"Валик Rollingdog Standard 230мм, ворс 18мм, для бюгеля 6мм, полиэстер, арт.00416",Малярный и штукатурный инструмент>Валики малярные>Шубки (ролики),416,276.87,"https://dlt.by/image/catalog/easyphoto/2861/valik-rollingdog-standard-230mm-vors-18mm-dlya-karkasa-38mm-poliester-art-00416-1.jpg,https://dlt.by/image/catalog/easyphoto/2861/valik-rollingdog-standard-230mm-vors-18mm-dlya-karkasa-38mm-poliester-art-00416-2.jpg,,,,,,,,,,,,,,,,,,,,,,,,,,,,,,,,,,,,,,,,,,,,"
"Валик игольчатый Rollingdog 457мм, иглы 11мм, для каркаса 12мм, арт.00419",Малярный и штукатурный инструмент>Валики малярные>Шубки (ролики),419,1 625.09,"https://dlt.by/image/catalog/easyphoto/2862/valik-igolchatyy-rollingdog-450mm-vors-11mm-dlya-karkasa-12mm-art-00419-1.jpg,https://dlt.by/image/catalog/easyphoto/2862/valik-igolchatyy-rollingdog-450mm-vors-11mm-dlya-karkasa-12mm-art-00419-2.jpg,https://dlt.by/image/catalog/easyphoto/2862/valik-igolchatyy-rollingdog-450mm-vors-11mm-dlya-karkasa-12mm-art-00419-3.jpg,https://dlt.by/image/catalog/easyphoto/2862/valik-igolchatyy-rollingdog-450mm-vors-11mm-dlya-karkasa-12mm-art-00419-4.png,https://dlt.by/image/catalog/easyphoto/2862/valik-igolchatyy-rollingdog-450mm-vors-11mm-dlya-karkasa-12mm-art-00419-5.jpg,,,,,,,,,,,,,,,,,,,,,,,,,,,,,,,,,,,,,,,,,"
"Кисть Rollingdog 68мм, угловой срез, синтетика, серия Elite, арт.10095-P",Малярный и штукатурный инструмент>Кисти малярные>Плоские кисти>Угловой срез,10095-P,752.36,"https://dlt.by/image/catalog/easyphoto/2863/kist-rollingdog-68mm-uglovoy-srez-sintetika-seriya-elite-art-10095-p-3.jpg,,,,,,,,,,,,,,,,,,,,,,,,,,,,,,,,,,,,,,,,,,,,,"
"Кисть радиаторная Rollingdog 25мм, угловая, смешанная щетина, серия Standard, арт.10474G",Малярный и штукатурный инструмент>Кисти малярные>Радиаторные кисти,10474G,246.77,"https://dlt.by/image/catalog/easyphoto/2864/kist-radiatornaya-rollingdog-25mm-uglovaya-smeshannaya-shchetina-seriya-standard-art-10474g-1.jpg,https://dlt.by/image/catalog/easyphoto/2864/kist-radiatornaya-rollingdog-25mm-uglovaya-smeshannaya-shchetina-seriya-standard-art-10474g-2.jpg,https://dlt.by/image/catalog/easyphoto/2864/kist-radiatornaya-rollingdog-25mm-uglovaya-smeshannaya-shchetina-seriya-standard-art-10474g-3.jpg,,,,,,,,,,,,,,,,,,,,,,,,,,,,,,,,,,,,,,,,,,,"
"Кисть радиаторная Rollingdog 35мм, угловая, смешанная щетина, серия Standard, арт.10475G",Малярный и штукатурный инструмент>Кисти малярные>Радиаторные кисти,10475G,276.87,"https://dlt.by/image/catalog/easyphoto/2865/kist-radiatornaya-rollingdog-35mm-uglovaya-smeshannaya-shchetina-seriya-standard-art-10475g-1.jpg,https://dlt.by/image/catalog/easyphoto/2865/kist-radiatornaya-rollingdog-35mm-uglovaya-smeshannaya-shchetina-seriya-standard-art-10475g-2.jpg,https://dlt.by/image/catalog/easyphoto/2865/kist-radiatornaya-rollingdog-35mm-uglovaya-smeshannaya-shchetina-seriya-standard-art-10475g-3.jpg,,,,,,,,,,,,,,,,,,,,,,,,,,,,,,,,,,,,,,,,,,,"
"Кисть радиаторная Rollingdog 50мм, угловая, смешанная щетина, серия Standard, арт.10476G",Малярный и штукатурный инструмент>Кисти малярные>Радиаторные кисти,10476G,337.06,"https://dlt.by/image/catalog/easyphoto/2866/kist-radiatornaya-rollingdog-50mm-uglovaya-smeshannaya-shchetina-seriya-standard-art-10476g-1.jpg,https://dlt.by/image/catalog/easyphoto/2866/kist-radiatornaya-rollingdog-50mm-uglovaya-smeshannaya-shchetina-seriya-standard-art-10476g-2.jpg,https://dlt.by/image/catalog/easyphoto/2866/kist-radiatornaya-rollingdog-50mm-uglovaya-smeshannaya-shchetina-seriya-standard-art-10476g-3.jpg,,,,,,,,,,,,,,,,,,,,,,,,,,,,,,,,,,,,,,,,,,,"
"Кисть радиаторная Rollingdog 60мм, угловая, смешанная щетина, серия Standard, арт.10477G",Малярный и штукатурный инструмент>Кисти малярные>Радиаторные кисти,10477G,421.32,"https://dlt.by/image/catalog/easyphoto/2867/kist-radiatornaya-rollingdog-60mm-uglovaya-smeshannaya-shchetina-seriya-standard-art-10477g-1.jpg,https://dlt.by/image/catalog/easyphoto/2867/kist-radiatornaya-rollingdog-60mm-uglovaya-smeshannaya-shchetina-seriya-standard-art-10477g-2.jpg,https://dlt.by/image/catalog/easyphoto/2867/kist-radiatornaya-rollingdog-60mm-uglovaya-smeshannaya-shchetina-seriya-standard-art-10477g-3.jpg,,,,,,,,,,,,,,,,,,,,,,,,,,,,,,,,,,,,,,,,,,,"
"Кисть радиаторная Rollingdog 75мм, угловая, смешанная щетина, серия Standard, арт.10478G",Малярный и штукатурный инструмент>Кисти малярные>Радиаторные кисти,10478G,511.60,"https://dlt.by/image/catalog/easyphoto/2868/kist-radiatornaya-rollingdog-75mm-uglovaya-smeshannaya-shchetina-seriya-standard-art-10478g-1.jpg,https://dlt.by/image/catalog/easyphoto/2868/kist-radiatornaya-rollingdog-75mm-uglovaya-smeshannaya-shchetina-seriya-standard-art-10478g-2.jpg,https://dlt.by/image/catalog/easyphoto/2868/kist-radiatornaya-rollingdog-75mm-uglovaya-smeshannaya-shchetina-seriya-standard-art-10478g-3.jpg,,,,,,,,,,,,,,,,,,,,,,,,,,,,,,,,,,,,,,,,,,,"
"Набор пластиковых шпателей Rollingdog 1.5/ 3/ 6"" (38/76/152мм), серия Standard, арт.50310G",Шпателя для механизированной шпатлевки>Малярные шпателя,50310G,246.77,"https://dlt.by/image/catalog/easyphoto/2869/nabor-plastikovyh-shpateley-rollingdog-1-5-3-6-38-76-152mm-seriya-standard-art-50310g-1.jpg,https://dlt.by/image/catalog/easyphoto/2869/nabor-plastikovyh-shpateley-rollingdog-1-5-3-6-38-76-152mm-seriya-standard-art-50310g-2.jpg,https://dlt.by/image/catalog/easyphoto/2869/nabor-plastikovyh-shpateley-rollingdog-1-5-3-6-38-76-152mm-seriya-standard-art-50310g-3.jpg,,,,,,,,,,,,,,,,,,,,,,,,,,,,,,,,,,,,,,,,,,,"
"Набор валиков с бюгелем Rollingdog 50мм, поролон, арт.60031H",Малярный и штукатурный инструмент>Валики малярные>Наборы,60031H,421.32,"https://dlt.by/image/catalog/easyphoto/2870/nabor-valikov-s-byugelem-rollingdog-50mm-porolon-art-60031h-1.jpg,https://dlt.by/image/catalog/easyphoto/2870/nabor-valikov-s-byugelem-rollingdog-50mm-porolon-art-60031h-2.jpg,https://dlt.by/image/catalog/easyphoto/2870/nabor-valikov-s-byugelem-rollingdog-50mm-porolon-art-60031h-3.jpg,https://dlt.by/image/catalog/easyphoto/2870/nabor-valikov-s-byugelem-rollingdog-50mm-porolon-art-60031h-4.jpg,https://dlt.by/image/catalog/easyphoto/2870/nabor-valikov-s-byugelem-rollingdog-50mm-porolon-art-60031h-5.jpg,,,,,,,,,,,,,,,,,,,,,,,,,,,,,,,,,,,,,,,,,"
"Открывалка для ведра с краской Rollingdog, арт.80927G",Малярный и штукатурный инструмент>Кисти малярные>Аксессуары,80927G,186.58,"https://dlt.by/image/catalog/easyphoto/2871/otkryvalka-dlya-vedra-s-kraskoy-rollingdog-art-80927g-1.jpg,https://dlt.by/image/catalog/easyphoto/2871/otkryvalka-dlya-vedra-s-kraskoy-rollingdog-art-80927g-2.jpg,,,,,,,,,,,,,,,,,,,,,,,,,,,,,,,,,,,,,,,,,,,,"
"Лопатка для перемешивания краски Rollingdog, арт.80991G",Малярный и штукатурный инструмент>Кисти малярные>Аксессуары,80991G,66.21,"https://dlt.by/image/catalog/easyphoto/2873/lopatka-dlya-peremeshivaniya-kraski-rollingdog-art-80991g-1.jpg,https://dlt.by/image/catalog/easyphoto/2873/lopatka-dlya-peremeshivaniya-kraski-rollingdog-art-80991g-2.jpg,,,,,,,,,,,,,,,,,,,,,,,,,,,,,,,,,,,,,,,,,,,,"
"Щетка проволочная Rollingdog, арт.81284G",Малярный и штукатурный инструмент>Щётки,81284G,337.06,"https://dlt.by/image/catalog/easyphoto/2874/shchetka-provolochnaya-rollingdog-art-81284g-1.jpg,https://dlt.by/image/catalog/easyphoto/2874/shchetka-provolochnaya-rollingdog-art-81284g-2.jpg,https://dlt.by/image/catalog/easyphoto/2874/shchetka-provolochnaya-rollingdog-art-81284g-3.jpg,https://dlt.by/image/catalog/easyphoto/2874/shchetka-provolochnaya-rollingdog-art-81284g-4.jpg,https://dlt.by/image/catalog/easyphoto/2874/shchetka-provolochnaya-rollingdog-art-81284g-5.jpg,https://dlt.by/image/catalog/easyphoto/2874/shchetka-provolochnaya-rollingdog-art-81284g-6.jpg,https://dlt.by/image/catalog/easyphoto/2874/shchetka-provolochnaya-rollingdog-art-81284g-7.jpg,https://dlt.by/image/catalog/easyphoto/2874/shchetka-provolochnaya-rollingdog-art-81284g-8.jpg,https://dlt.by/image/catalog/easyphoto/2874/shchetka-provolochnaya-rollingdog-art-81284g-9.jpg,https://dlt.by/image/catalog/easyphoto/2874/shchetka-provolochnaya-rollingdog-art-81284g-10.jpg,,,,,,,,,,,,,,,,,,,,,,,,,,,,,,,,,,,,"
"Брусок для абразивных губок Rollingdog, арт.90074G",Малярный и штукатурный инструмент>Абразивные материалы>Шлифовальные блоки и шайбы/наборы,90074G,96.30,"https://dlt.by/image/catalog/easyphoto/2875/brusok-dlya-abrazivnyh-gubok-rollingdog-art-90074g-1.jpg,,,,,,,,,,,,,,,,,,,,,,,,,,,,,,,,,,,,,,,,,,,,,"
"Щетка проволочная Rollingdog (набор 3шт.), арт.90088G",Малярный и штукатурный инструмент>Щётки,90088G,367.15,"https://dlt.by/image/catalog/easyphoto/2876/shchetka-provolochnaya-rollingdog-nabor-3sht-art-90088g-1.jpg,https://dlt.by/image/catalog/easyphoto/2876/shchetka-provolochnaya-rollingdog-nabor-3sht-art-90088g-2.jpg,https://dlt.by/image/catalog/easyphoto/2876/shchetka-provolochnaya-rollingdog-nabor-3sht-art-90088g-3.jpg,https://dlt.by/image/catalog/easyphoto/2876/shchetka-provolochnaya-rollingdog-nabor-3sht-art-90088g-4.jpg,,,,,,,,,,,,,,,,,,,,,,,,,,,,,,,,,,,,,,,,,,"
"Щетка проволочная Rollingdog, (набор 3шт.), арт.90089G",Малярный и штукатурный инструмент>Щётки,90089G,421.32,"https://dlt.by/image/catalog/easyphoto/2877/shchetka-provolochnaya-rollingdog-nabor-3sht-art-90089g-1.jpg,https://dlt.by/image/catalog/easyphoto/2877/shchetka-provolochnaya-rollingdog-nabor-3sht-art-90089g-2.jpg,https://dlt.by/image/catalog/easyphoto/2877/shchetka-provolochnaya-rollingdog-nabor-3sht-art-90089g-3.jpg,https://dlt.by/image/catalog/easyphoto/2877/shchetka-provolochnaya-rollingdog-nabor-3sht-art-90089g-4.jpg,https://dlt.by/image/catalog/easyphoto/2877/shchetka-provolochnaya-rollingdog-nabor-3sht-art-90089g-5.jpg,,,,,,,,,,,,,,,,,,,,,,,,,,,,,,,,,,,,,,,,,"
"Запасная плата управления для миксера строительного DLT R6406C/GrandFlex М64, арт.1980",Запчасти>Миксеры>DLT R6406C/GrandFlex М64,1980,1 384.33,"https://dlt.by/image/catalog/easyphoto/2878/zapasnaya-plata-upravleniya-dlya-miksera-stroitelnogo-dlt-r6406c-2.jpg,https://dlt.by/image/catalog/easyphoto/2878/zapasnaya-plata-upravleniya-dlya-miksera-stroitelnogo-dlt-r6406c-3.jpg,https://dlt.by/image/catalog/easyphoto/2878/zapasnaya-plata-upravleniya-dlya-miksera-stroitelnogo-dlt-r6406c-4.jpg,,,,,,,,,,,,,,,,,,,,,,,,,,,,,,,,,,,,,,,,,,,"
"Запасная прокладка корпуса для миксера строительного DLT R6406C/GrandFlex М64, арт.1981",Запчасти>Миксеры>DLT R6406C/GrandFlex М64,1981,306.96,"https://dlt.by/image/catalog/easyphoto/2879/zapasnaya-prokladka-korpusa-dlya-miksera-stroitelnogo-dlt-r6406c-2.jpg,,,,,,,,,,,,,,,,,,,,,,,,,,,,,,,,,,,,,,,,,,,,,"
"Запасная крышка корпуса для миксера строительного DLT R6406C/GrandFlex М64, арт.1967",Запчасти>Миксеры>DLT R6406C/GrandFlex М64,1967,306.96,"https://dlt.by/image/catalog/easyphoto/2880/zapasnaya-kryshka-korpusa-dlya-miksera-stroitelnogo-dlt-r6406c-2.jpg,https://dlt.by/image/catalog/easyphoto/2880/zapasnaya-kryshka-korpusa-dlya-miksera-stroitelnogo-dlt-r6406c-3.jpg,https://dlt.by/image/catalog/easyphoto/2880/zapasnaya-kryshka-korpusa-dlya-miksera-stroitelnogo-dlt-r6406c-4.jpg,https://dlt.by/image/catalog/easyphoto/2880/zapasnaya-kryshka-korpusa-dlya-miksera-stroitelnogo-dlt-r6406c-5.jpg,,,,,,,,,,,,,,,,,,,,,,,,,,,,,,,,,,,,,,,,,,"
"Запасная плата управления для миксера строительного DLT R6218/GrandFlex М62, арт.1982",Запчасти>Миксеры>DLT R6218/GrandFlex М62,1982,812.54,"https://dlt.by/image/catalog/easyphoto/2881/zapasnaya-plata-upravleniya-dlya-miksera-stroitelnogo-dlt-r6218-2.jpg,https://dlt.by/image/catalog/easyphoto/2881/zapasnaya-plata-upravleniya-dlya-miksera-stroitelnogo-dlt-r6218-3.jpg,https://dlt.by/image/catalog/easyphoto/2881/zapasnaya-plata-upravleniya-dlya-miksera-stroitelnogo-dlt-r6218-4.jpg,,,,,,,,,,,,,,,,,,,,,,,,,,,,,,,,,,,,,,,,,,,"
"Запасные щетки двигателя для миксера строительного DLT R6218/GrandFlex М62, арт.1983",Запчасти>Миксеры>DLT R6218/GrandFlex М62,1983,481.51,"https://dlt.by/image/catalog/easyphoto/2882/zapasnye-shchetki-dvigatelya-dlya-miksera-stroitelnogo-dlt-r6218-2.jpg,https://dlt.by/image/catalog/easyphoto/2882/zapasnye-shchetki-dvigatelya-dlya-miksera-stroitelnogo-dlt-r6218-3.jpg,,,,,,,,,,,,,,,,,,,,,,,,,,,,,,,,,,,,,,,,,,,,"
"Запасная прокладка корпуса для миксера строительного DLT R6218/GrandFlex М62, арт.1984",Запчасти>Миксеры>DLT R6218/GrandFlex М62,1984,306.96,"https://dlt.by/image/catalog/easyphoto/2883/zapasnaya-prokladka-korpusa-dlya-miksera-stroitelnogo-dlt-r6218-2.jpg,,,,,,,,,,,,,,,,,,,,,,,,,,,,,,,,,,,,,,,,,,,,,"
"Запасной двигатель для шлифмашины DLT R7202/GrandFlex V02, арт.1985",Запчасти>Шлифмашины ручные/жираф>DLT R7202/GrandFlex V02,1985,1 655.18,"https://dlt.by/image/catalog/easyphoto/2884/zapasnoy-dvigatel-dlya-shlifmashiny-dlt-r7202-2.jpg,https://dlt.by/image/catalog/easyphoto/2884/zapasnoy-dvigatel-dlya-shlifmashiny-dlt-r7202-3.jpg,https://dlt.by/image/catalog/easyphoto/2884/zapasnoy-dvigatel-dlya-shlifmashiny-dlt-r7202-4.jpg,,,,,,,,,,,,,,,,,,,,,,,,,,,,,,,,,,,,,,,,,,,"
"Запасной кожух для шлифмашины DLT R7234/GrandFlex V34, арт.2017",Запчасти>Шлифмашины ручные/жираф>DLT R7234/GrandFlex V34,2017,752.36,"https://dlt.by/image/catalog/easyphoto/2885/zapasnoy-kozhuh-dlya-shlifmashiny-dlt-r7234-2.jpg,,,,,,,,,,,,,,,,,,,,,,,,,,,,,,,,,,,,,,,,,,,,,"
"Запасная шестерня редуктора для шлифмашины DLT R7202/GrandFlex V02, арт.1987",Запчасти>Шлифмашины ручные/жираф>DLT R7202/GrandFlex V02,1987,1 564.90,"https://dlt.by/image/catalog/easyphoto/2886/zapasnaya-shesternya-reduktora-dlya-shlifmashiny-dlt-r7202-5.jpg,https://dlt.by/image/catalog/easyphoto/2886/zapasnaya-shesternya-reduktora-dlya-shlifmashiny-dlt-r7202-3.jpg,https://dlt.by/image/catalog/easyphoto/2886/zapasnaya-shesternya-reduktora-dlya-shlifmashiny-dlt-r7202-4.jpg,,,,,,,,,,,,,,,,,,,,,,,,,,,,,,,,,,,,,,,,,,,"
"Запасная прокладка шестерни редуктора для шлифмашины DLT R7202/GrandFlex V02, арт.1988",Запчасти>Шлифмашины ручные/жираф>DLT R7202/GrandFlex V02,1988,306.96,"https://dlt.by/image/catalog/easyphoto/2887/zapasnaya-prokladka-shesterni-reduktora-dlya-shlifmashiny-dlt-r7202-1.jpg,,,,,,,,,,,,,,,,,,,,,,,,,,,,,,,,,,,,,,,,,,,,,"
"Набор алмазных фрез DLT для гравера, арт.1964",Алмазная оснастка>Алмазные диски>Алмазные диски для гравера,1964,1 625.09,"https://dlt.by/image/catalog/easyphoto/2888/nabor-almaznyh-frez-dlt-dlya-gravera-2.jpg,https://dlt.by/image/catalog/easyphoto/2888/nabor-almaznyh-frez-dlt-dlya-gravera-3.jpg,https://dlt.by/image/catalog/easyphoto/2888/nabor-almaznyh-frez-dlt-dlya-gravera-4.jpg,https://dlt.by/image/catalog/easyphoto/2888/nabor-almaznyh-frez-dlt-dlya-gravera-5.jpg,,,,,,,,,,,,,,,,,,,,,,,,,,,,,,,,,,,,,,,,,,"
"Диск алмазный DLT №35 (SUPERPRO), 125мм, арт.1959",Алмазная оснастка>Алмазные диски>Алмазные диски по керамике/керамограниту/граниту/мрамору,1959,1 956.12,"https://dlt.by/image/catalog/easyphoto/2889/disk-almaznyy-dlt-35-superpro-125mm-2.jpg,https://dlt.by/image/catalog/easyphoto/2889/disk-almaznyy-dlt-35-superpro-125mm-3.jpg,https://dlt.by/image/catalog/easyphoto/2889/disk-almaznyy-dlt-35-superpro-125mm-4.jpg,,,,,,,,,,,,,,,,,,,,,,,,,,,,,,,,,,,,,,,,,,,"
"Алмазный гибкий шлифовальный круг DLT №18, #30, 100мм, арт.1954",Инструмент для укладки плитки>Круг алмазный гибкий шлифовальный>АГШК #30,1954,601.88,"https://dlt.by/image/catalog/easyphoto/2890/agshk-dlt-1-dlya-suhoy-i-mokroy-shlifovki-100-100mm-1.jpg,https://dlt.by/image/catalog/easyphoto/2890/agshk-dlt-1-dlya-suhoy-i-mokroy-shlifovki-100-100mm-3.jpg,,,,,,,,,,,,,,,,,,,,,,,,,,,,,,,,,,,,,,,,,,,,"
"Алмазный гибкий шлифовальный круг DLT №18, #50, 100мм, арт.1955",Инструмент для укладки плитки>Круг алмазный гибкий шлифовальный>АГШК #50-60,1955,601.88,"https://dlt.by/image/catalog/easyphoto/2890/agshk-dlt-1-dlya-suhoy-i-mokroy-shlifovki-100-100mm-1.jpg,https://dlt.by/image/catalog/easyphoto/2891/almaznyy-gibkiy-shlifovalnyy-krug-dlt-18-30-100mm-3.jpg,,,,,,,,,,,,,,,,,,,,,,,,,,,,,,,,,,,,,,,,,,,,"
"Алмазный гибкий шлифовальный круг DLT №18, #100, 100мм, арт.1956",Инструмент для укладки плитки>Круг алмазный гибкий шлифовальный>АГШК #100,1956,601.88,"https://dlt.by/image/catalog/easyphoto/2890/agshk-dlt-1-dlya-suhoy-i-mokroy-shlifovki-100-100mm-1.jpg,,,,,,,,,,,,,,,,,,,,,,,,,,,,,,,,,,,,,,,,,,,,,"
"Алмазный гибкий шлифовальный круг DLT №18, #200, 100мм, арт.1957",Инструмент для укладки плитки>Круг алмазный гибкий шлифовальный>АГШК #200,1957,601.88,"https://dlt.by/image/catalog/easyphoto/2890/agshk-dlt-1-dlya-suhoy-i-mokroy-shlifovki-100-100mm-1.jpg,https://dlt.by/image/catalog/easyphoto/2893/almaznyy-gibkiy-shlifovalnyy-krug-dlt-18-100-100mm-1.jpg,,,,,,,,,,,,,,,,,,,,,,,,,,,,,,,,,,,,,,,,,,,,"
"Алмазный гибкий шлифовальный круг DLT №18, #400, 100мм, арт.1958",Инструмент для укладки плитки>Круг алмазный гибкий шлифовальный>АГШК #400,1958,601.88,"https://dlt.by/image/catalog/easyphoto/2890/agshk-dlt-1-dlya-suhoy-i-mokroy-shlifovki-100-100mm-1.jpg,,,,,,,,,,,,,,,,,,,,,,,,,,,,,,,,,,,,,,,,,,,,,"
"Алмазный гибкий шлифовальный круг DLT №19, #30, арт.1949",Инструмент для укладки плитки>Круг алмазный гибкий шлифовальный>АГШК #30,1949,481.51,"https://dlt.by/image/catalog/easyphoto/2896/almaznyy-gibkiy-shlifovalnyy-krug-dlt-19-30-2.jpg,https://dlt.by/image/catalog/easyphoto/2896/almaznyy-gibkiy-shlifovalnyy-krug-dlt-19-30-3.jpg,https://dlt.by/image/catalog/easyphoto/2896/almaznyy-gibkiy-shlifovalnyy-krug-dlt-19-30-4.jpg,https://dlt.by/image/catalog/easyphoto/2896/almaznyy-gibkiy-shlifovalnyy-krug-dlt-19-30-5.jpg,,,,,,,,,,,,,,,,,,,,,,,,,,,,,,,,,,,,,,,,,,"
"Алмазный гибкий шлифовальный круг DLT №19, #50, арт.1950",Инструмент для укладки плитки>Круг алмазный гибкий шлифовальный>АГШК #50-60,1950,481.51,"https://dlt.by/image/catalog/easyphoto/2897/almaznyy-gibkiy-shlifovalnyy-krug-dlt-19-50-1.jpg,https://dlt.by/image/catalog/easyphoto/2897/almaznyy-gibkiy-shlifovalnyy-krug-dlt-19-50-2.jpg,https://dlt.by/image/catalog/easyphoto/2897/almaznyy-gibkiy-shlifovalnyy-krug-dlt-19-50-4.jpg,https://dlt.by/image/catalog/easyphoto/2897/almaznyy-gibkiy-shlifovalnyy-krug-dlt-19-50-3.jpg,,,,,,,,,,,,,,,,,,,,,,,,,,,,,,,,,,,,,,,,,,"
"Алмазный гибкий шлифовальный круг DLT №19, #100, арт.1951",Инструмент для укладки плитки>Круг алмазный гибкий шлифовальный>АГШК #100,1951,481.51,"https://dlt.by/image/catalog/easyphoto/2898/almaznyy-gibkiy-shlifovalnyy-krug-dlt-19-100-1.jpg,https://dlt.by/image/catalog/easyphoto/2898/almaznyy-gibkiy-shlifovalnyy-krug-dlt-19-100-4.jpg,https://dlt.by/image/catalog/easyphoto/2898/almaznyy-gibkiy-shlifovalnyy-krug-dlt-19-100-2.jpg,https://dlt.by/image/catalog/easyphoto/2898/almaznyy-gibkiy-shlifovalnyy-krug-dlt-19-100-3.jpg,,,,,,,,,,,,,,,,,,,,,,,,,,,,,,,,,,,,,,,,,,"
"Алмазный гибкий шлифовальный круг DLT №19, #200, арт.1952",Инструмент для укладки плитки>Круг алмазный гибкий шлифовальный>АГШК #200,1952,481.51,"https://dlt.by/image/catalog/easyphoto/2899/almaznyy-gibkiy-shlifovalnyy-krug-dlt-19-200-1.jpg,https://dlt.by/image/catalog/easyphoto/2899/almaznyy-gibkiy-shlifovalnyy-krug-dlt-19-200-2.jpg,https://dlt.by/image/catalog/easyphoto/2899/almaznyy-gibkiy-shlifovalnyy-krug-dlt-19-200-3.jpg,https://dlt.by/image/catalog/easyphoto/2899/almaznyy-gibkiy-shlifovalnyy-krug-dlt-19-200-4.jpg,,,,,,,,,,,,,,,,,,,,,,,,,,,,,,,,,,,,,,,,,,"
"Алмазный гибкий шлифовальный круг DLT №19, #400, арт.1953",Инструмент для укладки плитки>Круг алмазный гибкий шлифовальный>АГШК #400,1953,601.88,"https://dlt.by/image/catalog/easyphoto/2900/almaznyy-gibkiy-shlifovalnyy-krug-dlt-19-400-1.jpg,https://dlt.by/image/catalog/easyphoto/2900/almaznyy-gibkiy-shlifovalnyy-krug-dlt-19-400-2.jpg,https://dlt.by/image/catalog/easyphoto/2900/almaznyy-gibkiy-shlifovalnyy-krug-dlt-19-400-3.jpg,https://dlt.by/image/catalog/easyphoto/2900/almaznyy-gibkiy-shlifovalnyy-krug-dlt-19-400-4.jpg,,,,,,,,,,,,,,,,,,,,,,,,,,,,,,,,,,,,,,,,,,"
"Алмазный гибкий шлифовальный круг DLT №1, #30, 100мм, арт.1948",Инструмент для укладки плитки>Круг алмазный гибкий шлифовальный>АГШК #30,1948,541.70,"https://dlt.by/image/catalog/easyphoto/2901/almaznyy-gibkiy-shlifovalnyy-krug-dlt-1-30-100mm-2.jpg,https://dlt.by/image/catalog/easyphoto/2901/almaznyy-gibkiy-shlifovalnyy-krug-dlt-1-30-100mm-4.jpg,https://dlt.by/image/catalog/easyphoto/2901/almaznyy-gibkiy-shlifovalnyy-krug-dlt-1-30-100mm-3.jpg,https://dlt.by/image/catalog/easyphoto/2901/almaznyy-gibkiy-shlifovalnyy-krug-dlt-1-30-100mm-5.jpg,,,,,,,,,,,,,,,,,,,,,,,,,,,,,,,,,,,,,,,,,,"
"Алмазный гальванический гибкий шлифовальный круг DLT №14, #30, арт.2258",Инструмент для укладки плитки>Круг алмазный гибкий шлифовальный>АГШК #30,2258,1 203.77,"https://dlt.by/image/catalog/easyphoto/2902/almaznyy-galvanicheskiy-gibkiy-shlifovalnyy-krug-dlt-14-30-2.jpg,https://dlt.by/image/catalog/easyphoto/2902/almaznyy-galvanicheskiy-gibkiy-shlifovalnyy-krug-dlt-14-30-3.jpg,https://dlt.by/image/catalog/easyphoto/2902/almaznyy-galvanicheskiy-gibkiy-shlifovalnyy-krug-dlt-14-30-4.jpg,https://dlt.by/image/catalog/easyphoto/2902/almaznyy-galvanicheskiy-gibkiy-shlifovalnyy-krug-dlt-14-30-5.jpg,,,,,,,,,,,,,,,,,,,,,,,,,,,,,,,,,,,,,,,,,,"
"Алмазный гибкий шлифовальный круг DLT №15, #30, 100мм, арт.1946",Инструмент для укладки плитки>Круг алмазный гибкий шлифовальный>АГШК #30,1946,571.79,"https://dlt.by/image/catalog/easyphoto/2903/almaznyy-gibkiy-shlifovalnyy-krug-dlt-15-30-100mm-2.jpg,https://dlt.by/image/catalog/easyphoto/2903/almaznyy-gibkiy-shlifovalnyy-krug-dlt-15-30-100mm-3.jpg,https://dlt.by/image/catalog/easyphoto/2903/almaznyy-gibkiy-shlifovalnyy-krug-dlt-15-30-100mm-4.jpg,https://dlt.by/image/catalog/easyphoto/2903/almaznyy-gibkiy-shlifovalnyy-krug-dlt-15-30-100mm-5.jpg,,,,,,,,,,,,,,,,,,,,,,,,,,,,,,,,,,,,,,,,,,"
"Притир ручной алмазный DLT #400, арт.1963",Инструмент для укладки плитки>Алмазные притиры>Р300-400,1963,842.64,"https://dlt.by/image/catalog/easyphoto/2904/pritir-ruchnoy-almaznyy-dlt-400-2.jpg,https://dlt.by/image/catalog/easyphoto/2904/pritir-ruchnoy-almaznyy-dlt-400-3.jpg,https://dlt.by/image/catalog/easyphoto/2904/pritir-ruchnoy-almaznyy-dlt-400-4.jpg,,,,,,,,,,,,,,,,,,,,,,,,,,,,,,,,,,,,,,,,,,,"
"Алмазный гибкий шлифовальный круг DLT №16, #400, 100мм, арт.1924",Инструмент для укладки плитки>Круг алмазный гибкий шлифовальный>АГШК #400,1924,511.60,"https://dlt.by/image/catalog/easyphoto/2905/almaznyy-gibkiy-shlifovalnyy-krug-dlt-16-400-100mm-2.jpg,https://dlt.by/image/catalog/easyphoto/2905/almaznyy-gibkiy-shlifovalnyy-krug-dlt-16-400-100mm-3.jpg,https://dlt.by/image/catalog/easyphoto/2905/almaznyy-gibkiy-shlifovalnyy-krug-dlt-16-400-100mm-4.jpg,https://dlt.by/image/catalog/easyphoto/2905/almaznyy-gibkiy-shlifovalnyy-krug-dlt-16-400-100mm-5.jpg,,,,,,,,,,,,,,,,,,,,,,,,,,,,,,,,,,,,,,,,,,"
"Алмазный гибкий шлифовальный круг DLT №17, #400, 100мм, арт.1947",Инструмент для укладки плитки>Круг алмазный гибкий шлифовальный>АГШК #400,1947,601.88,"https://dlt.by/image/catalog/easyphoto/2906/almaznyy-gibkiy-shlifovalnyy-krug-dlt-17-400-100mm-2.jpg,https://dlt.by/image/catalog/easyphoto/2906/almaznyy-gibkiy-shlifovalnyy-krug-dlt-17-400-100mm-3.jpg,https://dlt.by/image/catalog/easyphoto/2906/almaznyy-gibkiy-shlifovalnyy-krug-dlt-17-400-100mm-4.jpg,https://dlt.by/image/catalog/easyphoto/2906/almaznyy-gibkiy-shlifovalnyy-krug-dlt-17-400-100mm-5.jpg,,,,,,,,,,,,,,,,,,,,,,,,,,,,,,,,,,,,,,,,,,"
"Запасная пластиковая рамка для крепления щёток для шлифмашины DLT R7202/GrandFlex V02, арт.1989",Запчасти>Шлифмашины ручные/жираф>DLT R7202/GrandFlex V02,1989,306.96,"https://dlt.by/image/catalog/easyphoto/2907/zapasnaya-plastikovaya-ramka-dlya-krepleniya-shchetok-dlya-shlifmashiny-dlt-r7202-2.jpg,,,,,,,,,,,,,,,,,,,,,,,,,,,,,,,,,,,,,,,,,,,,,"
"Запасной двигатель для шлифмашины DLT R7237/GrandFlex V37, арт.2016",Запчасти>Шлифмашины ручные/жираф>DLT R7237/GrandFlex V37,2016,5 206.30,"https://dlt.by/image/catalog/easyphoto/2908/zapasnoy-dvigatel-dlya-shlifmashiny-dlt-r7237-3.jpg,https://dlt.by/image/catalog/easyphoto/2908/zapasnoy-dvigatel-dlya-shlifmashiny-dlt-r7237-4.jpg,https://dlt.by/image/catalog/easyphoto/2908/zapasnoy-dvigatel-dlya-shlifmashiny-dlt-r7237-5.jpg,,,,,,,,,,,,,,,,,,,,,,,,,,,,,,,,,,,,,,,,,,,"
"Запасная деталь корпуса для шлифмашины DLT R7303, арт.2008",Запчасти>Шлифмашины ручные/жираф>DLT R7303,2008,902.83,"https://dlt.by/image/catalog/easyphoto/2909/zapasnaya-detal-korpusa-dlya-shlifmashiny-dlt-r7303-4.jpg,https://dlt.by/image/catalog/easyphoto/2909/zapasnaya-detal-korpusa-dlya-shlifmashiny-dlt-r7303-2.jpg,https://dlt.by/image/catalog/easyphoto/2909/zapasnaya-detal-korpusa-dlya-shlifmashiny-dlt-r7303-3.jpg,,,,,,,,,,,,,,,,,,,,,,,,,,,,,,,,,,,,,,,,,,,"
"Запасные насадки для шланга, для шлифмашины DLT R7303, арт.2006",Запчасти>Шлифмашины ручные/жираф>DLT R7303,2006,306.96,"https://dlt.by/image/catalog/easyphoto/2910/zapasnye-nasadki-dlya-shlanga-dlya-shlifmashiny-dlt-r7303-8.jpg,https://dlt.by/image/catalog/easyphoto/2910/zapasnye-nasadki-dlya-shlanga-dlya-shlifmashiny-dlt-r7303-9.jpg,,,,,,,,,,,,,,,,,,,,,,,,,,,,,,,,,,,,,,,,,,,,"
"Запасной модуль управления и плата для шлифмашины DLT R7303, арт.2633",Запчасти>Шлифмашины ручные/жираф>DLT R7303,2633,3 791.87,"https://dlt.by/image/catalog/easyphoto/2912/zapasnoy-modul-upravleniya-i-plata-dlya-shlifmashiny-dlt-r7303-5.jpg,https://dlt.by/image/catalog/easyphoto/2912/zapasnoy-modul-upravleniya-i-plata-dlya-shlifmashiny-dlt-r7303-6.jpg,,,,,,,,,,,,,,,,,,,,,,,,,,,,,,,,,,,,,,,,,,,,"
"Запасные щетки двигателя для шлифмашины DLT R7237/GrandFlex V37, арт.2015",Запчасти>Шлифмашины ручные/жираф>DLT R7237/GrandFlex V37,2015,306.96,"https://dlt.by/image/catalog/easyphoto/2913/zapasnye-shchetki-dvigatelya-dlya-shlifmashiny-dlt-r7237-1.jpg,,,,,,,,,,,,,,,,,,,,,,,,,,,,,,,,,,,,,,,,,,,,,"
"Запасная кнопка включения для шлифмашины DLT R7237/GrandFlex V37, арт.2013",Запчасти>Шлифмашины ручные/жираф>DLT R7237/GrandFlex V37,2013,451.41,"https://dlt.by/image/catalog/easyphoto/2914/zapasnaya-knopka-vklyucheniya-dlya-shlifmashiny-dlt-r7237-2.jpg,https://dlt.by/image/catalog/easyphoto/2914/zapasnaya-knopka-vklyucheniya-dlya-shlifmashiny-dlt-r7237-3.jpg,https://dlt.by/image/catalog/easyphoto/2914/zapasnaya-knopka-vklyucheniya-dlya-shlifmashiny-dlt-r7237-4.jpg,,,,,,,,,,,,,,,,,,,,,,,,,,,,,,,,,,,,,,,,,,,"
"Запасной регулятор скорости с модулем для шлифмашины DLT R7237/GrandFlex V37, арт.2010",Запчасти>Шлифмашины ручные/жираф>DLT R7237/GrandFlex V37,2010,1 805.65,"https://dlt.by/image/catalog/easyphoto/2915/zapasnoy-regulyator-skorosti-s-modulem-dlya-shlifmashiny-dlt-r7237-3.jpg,https://dlt.by/image/catalog/easyphoto/2915/zapasnoy-regulyator-skorosti-s-modulem-dlya-shlifmashiny-dlt-r7237-2.jpg,,,,,,,,,,,,,,,,,,,,,,,,,,,,,,,,,,,,,,,,,,,,"
"Запасная щетка для шлифмашины DLT R7237/GrandFlex V37, длинная часть, арт.2014",Запчасти>Шлифмашины ручные/жираф>DLT R7237/GrandFlex V37,2014,451.41,"https://dlt.by/image/catalog/easyphoto/2916/zapasnaya-shchetka-dlya-shlifmashiny-dlt-r7237-dlinnaya-chast-2.jpg,,,,,,,,,,,,,,,,,,,,,,,,,,,,,,,,,,,,,,,,,,,,,"
"Запасной гофрированный шланг для шлифмашины DLT R7237/GrandFlex V37, арт.2012",Запчасти>Шлифмашины ручные/жираф>DLT R7237/GrandFlex V37,2012,306.96,"https://dlt.by/image/catalog/easyphoto/2917/zapasnoy-gofrirovannyy-shlang-dlya-shlifmashiny-dlt-r7237-2.jpg,,,,,,,,,,,,,,,,,,,,,,,,,,,,,,,,,,,,,,,,,,,,,"
"Запасной гофрированный шланг 4м для шлифмашины DLT R7237/GrandFlex V37, арт.2011",Запчасти>Шлифмашины ручные/жираф>DLT R7237/GrandFlex V37,2011,1 956.12,"https://dlt.by/image/catalog/easyphoto/2918/zapasnoy-gofrirovannyy-shlang-4m-dlya-shlifmashiny-dlt-r7237-2.jpg,https://dlt.by/image/catalog/easyphoto/2918/zapasnoy-gofrirovannyy-shlang-4m-dlya-shlifmashiny-dlt-r7237-3.jpg,,,,,,,,,,,,,,,,,,,,,,,,,,,,,,,,,,,,,,,,,,,,"
"Запасной кожух для шлифмашины DLT R7237/GrandFlex V37, арт.2009",Запчасти>Шлифмашины ручные/жираф>DLT R7237/GrandFlex V37,2009,722.26,"https://dlt.by/image/catalog/easyphoto/2919/zapasnoy-kozhuh-dlya-shlifmashiny-dlt-r7237-2.jpg,https://dlt.by/image/catalog/easyphoto/2919/zapasnoy-kozhuh-dlya-shlifmashiny-dlt-r7237-3.jpg,https://dlt.by/image/catalog/easyphoto/2919/zapasnoy-kozhuh-dlya-shlifmashiny-dlt-r7237-4.jpg,,,,,,,,,,,,,,,,,,,,,,,,,,,,,,,,,,,,,,,,,,,"
"Запасной шланг гофрированный для шлифмашины DLT R7303, арт.2007",Запчасти>Шлифмашины ручные/жираф>DLT R7303,2007,306.96,"https://dlt.by/image/catalog/easyphoto/2920/zapasnoy-shlang-gofrirovannyy-dlya-shlifmashiny-dlt-r7303-2.jpg,,,,,,,,,,,,,,,,,,,,,,,,,,,,,,,,,,,,,,,,,,,,,"
"Запасная кнопка включения с фиксатором для шлифмашины DLT R7202/GrandFlex V02, арт.1990",Запчасти>Шлифмашины ручные/жираф>DLT R7202/GrandFlex V02,1990,306.96,"https://dlt.by/image/catalog/easyphoto/2921/zapasnaya-knopka-vklyucheniya-s-fiksatorom-dlya-shlifmashiny-dlt-r7202-2.jpg,https://dlt.by/image/catalog/easyphoto/2921/zapasnaya-knopka-vklyucheniya-s-fiksatorom-dlya-shlifmashiny-dlt-r7202-6.jpg,https://dlt.by/image/catalog/easyphoto/2921/zapasnaya-knopka-vklyucheniya-s-fiksatorom-dlya-shlifmashiny-dlt-r7202-3.jpg,https://dlt.by/image/catalog/easyphoto/2921/zapasnaya-knopka-vklyucheniya-s-fiksatorom-dlya-shlifmashiny-dlt-r7202-4.jpg,https://dlt.by/image/catalog/easyphoto/2921/zapasnaya-knopka-vklyucheniya-s-fiksatorom-dlya-shlifmashiny-dlt-r7202-5.jpg,,,,,,,,,,,,,,,,,,,,,,,,,,,,,,,,,,,,,,,,,"
"Запасной узел редуктора для шлифмашины DLT/MAX-XT R7503, арт.2003",Запчасти>Шлифмашины ручные/жираф>DLT R7503,2003,1 173.67,"https://dlt.by/image/catalog/easyphoto/2922/zapasnoy-uzel-reduktora-dlya-shlifmashiny-dlt-r7503-4.jpg,https://dlt.by/image/catalog/easyphoto/2922/zapasnoy-uzel-reduktora-dlya-shlifmashiny-dlt-r7503-2.jpg,,,,,,,,,,,,,,,,,,,,,,,,,,,,,,,,,,,,,,,,,,,,"
"Запасная шестерня редуктора для шлифмашины DLT/MAX-XT R7503, арт.2001",Запчасти>Шлифмашины ручные/жираф>DLT R7503,2001,842.64,"https://dlt.by/image/catalog/easyphoto/2923/zapasnaya-shesternya-reduktora-dlya-shlifmashiny-dlt-max-xt-r7503-art-2001-8.jpg,https://dlt.by/image/catalog/easyphoto/2923/zapasnaya-shesternya-reduktora-dlya-shlifmashiny-dlt-max-xt-r7503-art-2001-7.jpg,,,,,,,,,,,,,,,,,,,,,,,,,,,,,,,,,,,,,,,,,,,,"
"Запасные щетки двигателя для шлифмашины DLT/MAX-XT R7503, арт.1305",Запчасти>Шлифмашины ручные/жираф>DLT R7503,1305,481.51,"https://dlt.by/image/catalog/easyphoto/2924/zapasnye-shchetki-dvigatelya-dlya-shlifmashiny-dlt-r7503-2.jpg,https://dlt.by/image/catalog/easyphoto/2924/zapasnye-shchetki-dvigatelya-dlya-shlifmashiny-dlt-r7503-3.jpg,https://dlt.by/image/catalog/easyphoto/2924/zapasnye-shchetki-dvigatelya-dlya-shlifmashiny-dlt-r7503-4.jpg,,,,,,,,,,,,,,,,,,,,,,,,,,,,,,,,,,,,,,,,,,,"
"Запасной регулятор скорости с модулем для шлифмашины DLT/MAX-XT R7503, арт.1998",Запчасти>Шлифмашины ручные/жираф>DLT R7503,1998,993.11,"https://dlt.by/image/catalog/easyphoto/2925/zapasnoy-regulyator-skorosti-s-modulem-dlya-shlifmashiny-dlt-r7503-3.jpg,https://dlt.by/image/catalog/easyphoto/2925/zapasnoy-regulyator-skorosti-s-modulem-dlya-shlifmashiny-dlt-r7503-2.jpg,,,,,,,,,,,,,,,,,,,,,,,,,,,,,,,,,,,,,,,,,,,,"
"Запасная кнопка включения для шлифмашины DLT/MAX-XT R7503, арт.1997",Запчасти>Шлифмашины ручные/жираф>DLT R7503,1997,451.41,"https://dlt.by/image/catalog/easyphoto/2926/zapasnaya-knopka-vklyucheniya-dlya-shlifmashiny-dlt-r7503-1.jpg,https://dlt.by/image/catalog/easyphoto/2926/zapasnaya-knopka-vklyucheniya-dlya-shlifmashiny-dlt-r7503-2.jpg,,,,,,,,,,,,,,,,,,,,,,,,,,,,,,,,,,,,,,,,,,,,"
"Запасная светодиодная рамка для шлифмашины DLT/MAX-XT R7503, арт.1996",Запчасти>Шлифмашины ручные/жираф>DLT R7503,1996,1 203.77,"https://dlt.by/image/catalog/easyphoto/2927/zapasnaya-svetodiodnaya-ramka-dlya-shlifmashiny-dlt-r7503-3.jpg,https://dlt.by/image/catalog/easyphoto/2927/zapasnaya-svetodiodnaya-ramka-dlya-shlifmashiny-dlt-r7503-2.jpg,,,,,,,,,,,,,,,,,,,,,,,,,,,,,,,,,,,,,,,,,,,,"
"Запасная прокладка шестерни редуктора для шлифмашины DLT/MAX-XT R7503, арт.2002",Запчасти>Шлифмашины ручные/жираф>DLT R7503,2002,306.96,"https://dlt.by/image/catalog/easyphoto/2928/zapasnaya-prokladka-shesterni-reduktora-dlya-shlifmashiny-dlt-r7503-2.jpg,,,,,,,,,,,,,,,,,,,,,,,,,,,,,,,,,,,,,,,,,,,,,"
"Запасной двигатель для шлифмашины DLT/MAX-XT R7503, арт.1999",Запчасти>Шлифмашины ручные/жираф>DLT R7503,1999,1 715.37,"https://dlt.by/image/catalog/easyphoto/2929/zapasnoy-dvigatel-dlya-shlifmashiny-dlt-r7503-2.jpg,https://dlt.by/image/catalog/easyphoto/2929/zapasnoy-dvigatel-dlya-shlifmashiny-dlt-r7503-3.jpg,https://dlt.by/image/catalog/easyphoto/2929/zapasnoy-dvigatel-dlya-shlifmashiny-dlt-r7503-4.jpg,,,,,,,,,,,,,,,,,,,,,,,,,,,,,,,,,,,,,,,,,,,"
"Запасная плата для шлифмашины DLT/MAX-XT R7503, арт.1995",Запчасти>Шлифмашины ручные/жираф>DLT R7503,1995,1 504.71,"https://dlt.by/image/catalog/easyphoto/2930/zapasnaya-plata-dlya-shlifmashiny-dlt-r7503-2.jpg,https://dlt.by/image/catalog/easyphoto/2930/zapasnaya-plata-dlya-shlifmashiny-dlt-r7503-3.jpg,,,,,,,,,,,,,,,,,,,,,,,,,,,,,,,,,,,,,,,,,,,,"
"Запасной регулятор скорости с модулем для шлифмашины DLT R7202/GrandFlex V02, арт.1994",Запчасти>Шлифмашины ручные/жираф>DLT R7202/GrandFlex V02,1994,932.92,"https://dlt.by/image/catalog/easyphoto/2931/zapasnoy-regulyator-skorosti-s-modulem-dlya-shlifmashiny-dlt-r7202-3.jpg,https://dlt.by/image/catalog/easyphoto/2931/zapasnoy-regulyator-skorosti-s-modulem-dlya-shlifmashiny-dlt-r7202-2.jpg,,,,,,,,,,,,,,,,,,,,,,,,,,,,,,,,,,,,,,,,,,,,"
"Запасной статор для шлифмашины DLT R7202/GrandFlex V02, арт.1993",Запчасти>Шлифмашины ручные/жираф>DLT R7202/GrandFlex V02,1993,1 023.20,"https://dlt.by/image/catalog/easyphoto/2932/zapasnoy-stator-dlya-shlifmashiny-dlt-r7202-2.jpg,https://dlt.by/image/catalog/easyphoto/2932/zapasnoy-stator-dlya-shlifmashiny-dlt-r7202-3.jpg,https://dlt.by/image/catalog/easyphoto/2932/zapasnoy-stator-dlya-shlifmashiny-dlt-r7202-4.jpg,,,,,,,,,,,,,,,,,,,,,,,,,,,,,,,,,,,,,,,,,,,"
"Запасная лапка крепления для шлифмашины DLT R7202/GrandFlex V02, арт.1992",Запчасти>Шлифмашины ручные/жираф>DLT R7202/GrandFlex V02,1992,306.96,"https://dlt.by/image/catalog/easyphoto/2933/zapasnaya-lapka-krepleniya-dlya-shlifmashiny-dlt-r7202-4.jpg,https://dlt.by/image/catalog/easyphoto/2933/zapasnaya-lapka-krepleniya-dlya-shlifmashiny-dlt-r7202-2.jpg,https://dlt.by/image/catalog/easyphoto/2933/zapasnaya-lapka-krepleniya-dlya-shlifmashiny-dlt-r7202-3.jpg,,,,,,,,,,,,,,,,,,,,,,,,,,,,,,,,,,,,,,,,,,,"
"Запасной регулятор потока воздуха для шлифмашины DLT R7202/GrandFlex V02, арт.1991",Запчасти>Шлифмашины ручные/жираф>DLT R7202/GrandFlex V02,1991,367.15,"https://dlt.by/image/catalog/easyphoto/2934/zapasnoy-regulyator-potoka-vozduha-dlya-shlifmashiny-dlt-r7202-2.jpg,https://dlt.by/image/catalog/easyphoto/2934/zapasnoy-regulyator-potoka-vozduha-dlya-shlifmashiny-dlt-r7202-3.jpg,https://dlt.by/image/catalog/easyphoto/2934/zapasnoy-regulyator-potoka-vozduha-dlya-shlifmashiny-dlt-r7202-4.jpg,,,,,,,,,,,,,,,,,,,,,,,,,,,,,,,,,,,,,,,,,,,"
"Стенд алюминиевый, арт. 3597",Стеллажи для инструментов,3597,6 319.79,",,,,,,,,,,,,,,,,,,,,,,,,,,,,,,,,,,,,,,,,,,,,,"
"Запасной двигатель для шлифмашины DLT R7232/GrandFlex V32, арт.2034",Запчасти>Шлифмашины ручные/жираф>DLT R7232/GrandFlex V32,2034,7 132.33,"https://dlt.by/image/catalog/easyphoto/2941/zapasnoy-dvigatel-dlya-shlifmashiny-dlt-r7232-1.jpg,https://dlt.by/image/catalog/easyphoto/2941/zapasnoy-dvigatel-dlya-shlifmashiny-dlt-r7232-2.jpg,https://dlt.by/image/catalog/easyphoto/2941/zapasnoy-dvigatel-dlya-shlifmashiny-dlt-r7232-3.jpg,,,,,,,,,,,,,,,,,,,,,,,,,,,,,,,,,,,,,,,,,,,"
"Запасная щетка для шлифмашины DLT R7232/GrandFlex V32, длинная часть, арт.2032",Запчасти>Шлифмашины ручные/жираф>DLT R7232/GrandFlex V32,2032,451.41,"https://dlt.by/image/catalog/easyphoto/2942/zapasnaya-shchetka-dlya-shlifmashiny-dlt-r7232-dlinnaya-chast-2.jpg,,,,,,,,,,,,,,,,,,,,,,,,,,,,,,,,,,,,,,,,,,,,,"
"Запасной гофрированный шланг для шлифмашины DLT R7232/GrandFlex V32, арт.2029",Запчасти>Шлифмашины ручные/жираф>DLT R7232/GrandFlex V32,2029,306.96,"https://dlt.by/image/catalog/easyphoto/2943/zapasnoy-gofrirovannyy-shlang-dlya-shlifmashiny-dlt-r7232-2.jpg,,,,,,,,,,,,,,,,,,,,,,,,,,,,,,,,,,,,,,,,,,,,,"
"Запасной гофрированный шланг 4м для шлифмашины DLT R7232/GrandFlex V32, арт.2028",Запчасти>Шлифмашины ручные/жираф>DLT R7232/GrandFlex V32,2028,1 956.12,"https://dlt.by/image/catalog/easyphoto/2944/zapasnoy-gofrirovannyy-shlang-4m-dlya-shlifmashiny-dlt-r7232-2.jpg,https://dlt.by/image/catalog/easyphoto/2944/zapasnoy-gofrirovannyy-shlang-4m-dlya-shlifmashiny-dlt-r7232-3.jpg,,,,,,,,,,,,,,,,,,,,,,,,,,,,,,,,,,,,,,,,,,,,"
"Запасная шестерня редуктора для шлифмашины DLT R7232/GrandFlex V32, арт.2035",Запчасти>Шлифмашины ручные/жираф>DLT R7232/GrandFlex V32,2035,541.70,"https://dlt.by/image/catalog/easyphoto/2945/zapasnaya-shesternya-reduktora-dlya-shlifmashiny-dlt-r7232-grandflex-v32-art-2035-11.jpg,https://dlt.by/image/catalog/easyphoto/2945/zapasnaya-shesternya-reduktora-dlya-shlifmashiny-dlt-r7232-grandflex-v32-art-2035-8.jpg,https://dlt.by/image/catalog/easyphoto/2945/zapasnaya-shesternya-reduktora-dlya-shlifmashiny-dlt-r7232-grandflex-v32-art-2035-9.jpg,https://dlt.by/image/catalog/easyphoto/2945/zapasnaya-shesternya-reduktora-dlya-shlifmashiny-dlt-r7232-grandflex-v32-art-2035-10.jpg,,,,,,,,,,,,,,,,,,,,,,,,,,,,,,,,,,,,,,,,,,"
"Запасной гофрированный шланг 4м для шлифмашины DLT R7234/GrandFlex V34, арт.2019",Запчасти>Шлифмашины ручные/жираф>DLT R7234/GrandFlex V34,2019,1 956.12,"https://dlt.by/image/catalog/easyphoto/2946/zapasnoy-gofrirovannyy-shlang-4m-dlya-shlifmashiny-dlt-r7234-3.jpg,https://dlt.by/image/catalog/easyphoto/2946/zapasnoy-gofrirovannyy-shlang-4m-dlya-shlifmashiny-dlt-r7234-2.jpg,,,,,,,,,,,,,,,,,,,,,,,,,,,,,,,,,,,,,,,,,,,,"
"Запасные щетки двигателя для шлифмашины DLT R7232/GrandFlex V32, арт.2033",Запчасти>Шлифмашины ручные/жираф>DLT R7232/GrandFlex V32,2033,306.96,"https://dlt.by/image/catalog/easyphoto/2947/zapasnye-shchetki-dvigatelya-dlya-shlifmashiny-dlt-r7232-1.jpg,,,,,,,,,,,,,,,,,,,,,,,,,,,,,,,,,,,,,,,,,,,,,"
"Запасная щетка для шлифмашины DLT R7232/GrandFlex V32, короткая часть, арт.2031",Запчасти>Шлифмашины ручные/жираф>DLT R7232/GrandFlex V32,2031,306.96,"https://dlt.by/image/catalog/easyphoto/2948/zapasnaya-shchetka-dlya-shlifmashiny-dlt-r7232-korotkaya-chast-2.jpg,,,,,,,,,,,,,,,,,,,,,,,,,,,,,,,,,,,,,,,,,,,,,"
"Запасная кнопка включения для шлифмашины DLT R7232/GrandFlex V32, арт.2030",Запчасти>Шлифмашины ручные/жираф>DLT R7232/GrandFlex V32,2030,306.96,"https://dlt.by/image/catalog/easyphoto/2949/zapasnaya-knopka-vklyucheniya-dlya-shlifmashiny-dlt-r7232-4.jpg,https://dlt.by/image/catalog/easyphoto/2949/zapasnaya-knopka-vklyucheniya-dlya-shlifmashiny-dlt-r7232-2.jpg,https://dlt.by/image/catalog/easyphoto/2949/zapasnaya-knopka-vklyucheniya-dlya-shlifmashiny-dlt-r7232-3.jpg,https://dlt.by/image/catalog/easyphoto/2949/zapasnaya-knopka-vklyucheniya-dlya-shlifmashiny-dlt-r7232-5.jpg,https://dlt.by/image/catalog/easyphoto/2949/zapasnaya-knopka-vklyucheniya-dlya-shlifmashiny-dlt-r7232-6.jpg,,,,,,,,,,,,,,,,,,,,,,,,,,,,,,,,,,,,,,,,,"
"Запасной регулятор скорости с модулем для шлифмашины DLT R7232/GrandFlex V32, арт.2027",Запчасти>Шлифмашины ручные/жираф>DLT R7232/GrandFlex V32,2027,1 865.84,"https://dlt.by/image/catalog/easyphoto/2950/zapasnoy-regulyator-skorosti-s-modulem-dlya-shlifmashiny-dlt-r7232-2.jpg,https://dlt.by/image/catalog/easyphoto/2950/zapasnoy-regulyator-skorosti-s-modulem-dlya-shlifmashiny-dlt-r7232-3.jpg,,,,,,,,,,,,,,,,,,,,,,,,,,,,,,,,,,,,,,,,,,,,"
"Запасной искрообразователь газового гвоздезабивного монтажного пистолета Toua GSN 50/ GSN 50C/GSN F1, арт.2706",Запчасти>Монтажные пистолеты>Toua GSN 50/50C,2706,2 046.41,"https://dlt.by/image/catalog/easyphoto/3419/zapasnoy-iskroobrazovatel-gazovogo-gvozdezabivnogo-montazhnogo-pistoleta-toua-gsn-50-gsn-50c-gsn-f1-3.jpg,https://dlt.by/image/catalog/easyphoto/3419/zapasnoy-iskroobrazovatel-gazovogo-gvozdezabivnogo-montazhnogo-pistoleta-toua-gsn-50-gsn-50c-gsn-f1-2.jpg,,,,,,,,,,,,,,,,,,,,,,,,,,,,,,,,,,,,,,,,,,,,"
"Запасной двигатель для шлифмашины DLT R7234/GrandFlex V34, арт.2025",Запчасти>Шлифмашины ручные/жираф>DLT R7234/GrandFlex V34,2025,5 206.30,"https://dlt.by/image/catalog/easyphoto/2952/zapasnoy-dvigatel-dlya-shlifmashiny-dlt-r7234-2.jpg,https://dlt.by/image/catalog/easyphoto/2952/zapasnoy-dvigatel-dlya-shlifmashiny-dlt-r7234-3.jpg,https://dlt.by/image/catalog/easyphoto/2952/zapasnoy-dvigatel-dlya-shlifmashiny-dlt-r7234-4.jpg,,,,,,,,,,,,,,,,,,,,,,,,,,,,,,,,,,,,,,,,,,,"
"Запасная щетка для шлифмашины DLT R7234/GrandFlex V34, длинная часть, арт.2023",Запчасти>Шлифмашины ручные/жираф>DLT R7234/GrandFlex V34,2023,451.41,"https://dlt.by/image/catalog/easyphoto/2953/zapasnaya-shchetka-dlya-shlifmashiny-dlt-r7234-dlinnaya-chast-2.jpg,,,,,,,,,,,,,,,,,,,,,,,,,,,,,,,,,,,,,,,,,,,,,"
"Запасные щетки двигателя для шлифмашины DLT R7234/GrandFlex V34, арт.2024",Запчасти>Шлифмашины ручные/жираф>DLT R7234/GrandFlex V34,2024,306.96,"https://dlt.by/image/catalog/easyphoto/2954/zapasnye-shchetki-dvigatelya-dlya-shlifmashiny-dlt-r7234-1.jpg,,,,,,,,,,,,,,,,,,,,,,,,,,,,,,,,,,,,,,,,,,,,,"
"Запасная щетка для шлифмашины DLT R7234/GrandFlex V34, короткая часть, арт.2022",Запчасти>Шлифмашины ручные/жираф>DLT R7234/GrandFlex V34,2022,306.96,"https://dlt.by/image/catalog/easyphoto/2955/zapasnaya-shchetka-dlya-shlifmashiny-dlt-r7234-korotkaya-chast-2.jpg,,,,,,,,,,,,,,,,,,,,,,,,,,,,,,,,,,,,,,,,,,,,,"
Запчасти  Шлифмашины ручные/жираф  DLT R7234/GrandFlex V34,Запчасти>Шлифмашины ручные/жираф>DLT R7234/GrandFlex V34,2021,306.96,"https://dlt.by/image/catalog/easyphoto/2956/zapasnaya-knopka-vklyucheniya-dlya-shlifmashiny-dlt-r7234-3.jpg,https://dlt.by/image/catalog/easyphoto/2956/zapasnaya-knopka-vklyucheniya-dlya-shlifmashiny-dlt-r7234-2.jpg,https://dlt.by/image/catalog/easyphoto/2956/zapasnaya-knopka-vklyucheniya-dlya-shlifmashiny-dlt-r7234-6.jpg,https://dlt.by/image/catalog/easyphoto/2956/zapasnaya-knopka-vklyucheniya-dlya-shlifmashiny-dlt-r7234-4.jpg,https://dlt.by/image/catalog/easyphoto/2956/zapasnaya-knopka-vklyucheniya-dlya-shlifmashiny-dlt-r7234-5.jpg,https://dlt.by/image/catalog/easyphoto/2956/zapasnaya-knopka-vklyucheniya-dlya-shlifmashiny-dlt-r7234-7.jpg,,,,,,,,,,,,,,,,,,,,,,,,,,,,,,,,,,,,,,,,"
"Запасной регулятор скорости с модулем для шлифмашины DLT R7234/GrandFlex V34, арт.2018",Запчасти>Шлифмашины ручные/жираф>DLT R7234/GrandFlex V34,2018,1 805.65,"https://dlt.by/image/catalog/easyphoto/2957/zapasnoy-regulyator-skorosti-s-modulem-dlya-shlifmashiny-dlt-r7234-1.jpg,https://dlt.by/image/catalog/easyphoto/2957/zapasnoy-regulyator-skorosti-s-modulem-dlya-shlifmashiny-dlt-r7234-2.jpg,,,,,,,,,,,,,,,,,,,,,,,,,,,,,,,,,,,,,,,,,,,,"
"Запасной гофрированный шланг для шлифмашины DLT R7234/GrandFlex V34, арт.2020",Запчасти>Шлифмашины ручные/жираф>DLT R7234/GrandFlex V34,2020,306.96,"https://dlt.by/image/catalog/easyphoto/2958/zapasnoy-gofrirovannyy-shlang-dlya-shlifmashiny-dlt-r7234-2.jpg,,,,,,,,,,,,,,,,,,,,,,,,,,,,,,,,,,,,,,,,,,,,,"
"Шпатель малярный BIHUI, 8 дюймов (200мм) из нержавеющей стали, арт.PTS8",Шпателя для механизированной шпатлевки>Малярные шпателя,PTS8,947.97,"https://dlt.by/image/catalog/easyphoto/2962/shpatel-malyarnyy-bihui-8-dyuymov-200mm-iz-nerzhaveyushchey-stali-art-pts8-1.jpg,https://dlt.by/image/catalog/easyphoto/2962/shpatel-malyarnyy-bihui-8-dyuymov-200mm-iz-nerzhaveyushchey-stali-art-pts8-2.jpg,https://dlt.by/image/catalog/easyphoto/2962/shpatel-malyarnyy-bihui-8-dyuymov-200mm-iz-nerzhaveyushchey-stali-art-pts8-3.jpg,,,,,,,,,,,,,,,,,,,,,,,,,,,,,,,,,,,,,,,,,,,"
"Шпатель малярный BIHUI, 10 дюймов (250мм) из нержавеющей стали, арт.PTS10",Шпателя для механизированной шпатлевки>Малярные шпателя,PTS10,1 263.96,"https://dlt.by/image/catalog/easyphoto/2963/shpatel-malyarnyy-bihui-10-dyuymov-250mm-iz-nerzhaveyushchey-stali-art-pts10-1.jpg,https://dlt.by/image/catalog/easyphoto/2963/shpatel-malyarnyy-bihui-10-dyuymov-250mm-iz-nerzhaveyushchey-stali-art-pts10-2.jpg,https://dlt.by/image/catalog/easyphoto/2963/shpatel-malyarnyy-bihui-10-dyuymov-250mm-iz-nerzhaveyushchey-stali-art-pts10-3.jpg,,,,,,,,,,,,,,,,,,,,,,,,,,,,,,,,,,,,,,,,,,,"
"Кейс и ручка для набора гребенок BIHUI, арт.PTSJHB",Бренды>BIHUI Tools Инструмент для укладки плитки Бихуэй (бихуй),PTSJHB,1 143.58,"https://dlt.by/image/catalog/easyphoto/2964/keys-i-ruchka-dlya-nabora-grebenok-bihui-art-ptsjhb-4.jpg,https://dlt.by/image/catalog/easyphoto/2964/keys-i-ruchka-dlya-nabora-grebenok-bihui-art-ptsjhb-5.jpg,https://dlt.by/image/catalog/easyphoto/2964/keys-i-ruchka-dlya-nabora-grebenok-bihui-art-ptsjhb-6.jpg,,,,,,,,,,,,,,,,,,,,,,,,,,,,,,,,,,,,,,,,,,,"
"Диск алмазный шлифовальный универсальный BIHUI, арт.DPF120",Алмазная оснастка>Алмазные диски>Чашки алмазные шлифовальные (алмазные фрезы),DPF120,5 567.43,"https://dlt.by/image/catalog/easyphoto/2966/disk-almaznyy-shlifovalnyy-universalnyy-bihui-art-dpf120-11.jpg,https://dlt.by/image/catalog/easyphoto/2966/disk-almaznyy-shlifovalnyy-universalnyy-bihui-art-dpf120-12.jpg,https://dlt.by/image/catalog/easyphoto/2966/disk-almaznyy-shlifovalnyy-universalnyy-bihui-art-dpf120-13.jpg,https://dlt.by/image/catalog/easyphoto/2966/disk-almaznyy-shlifovalnyy-universalnyy-bihui-art-dpf120-14.jpg,,,,,,,,,,,,,,,,,,,,,,,,,,,,,,,,,,,,,,,,,,"
"Система резки крупноформатной плитки DLT SLim Cutter-Plus, арт.1732",Плиткорезы ручные>Плиткорезы для крупноформатной плитки,1732,27 987.63,"https://dlt.by/image/catalog/easyphoto/2967/sistema-rezki-krupnoformatnoy-plitki-dlt-slim-cutter-plus-30.jpg,https://dlt.by/image/catalog/easyphoto/2967/sistema-rezki-krupnoformatnoy-plitki-dlt-slim-cutter-plus-11.jpg,https://dlt.by/image/catalog/easyphoto/2967/sistema-rezki-krupnoformatnoy-plitki-dlt-slim-cutter-plus-12.jpg,https://dlt.by/image/catalog/easyphoto/2967/sistema-rezki-krupnoformatnoy-plitki-dlt-slim-cutter-plus-13.jpg,https://dlt.by/image/catalog/easyphoto/2967/sistema-rezki-krupnoformatnoy-plitki-dlt-slim-cutter-plus-18.jpg,https://dlt.by/image/catalog/easyphoto/2967/sistema-rezki-krupnoformatnoy-plitki-dlt-slim-cutter-plus-21.jpg,https://dlt.by/image/catalog/easyphoto/2967/sistema-rezki-krupnoformatnoy-plitki-dlt-slim-cutter-plus-22.jpg,https://dlt.by/image/catalog/easyphoto/2967/sistema-rezki-krupnoformatnoy-plitki-dlt-slim-cutter-plus-23.png,https://dlt.by/image/catalog/easyphoto/2967/sistema-rezki-krupnoformatnoy-plitki-dlt-slim-cutter-plus-24.jpg,https://dlt.by/image/catalog/easyphoto/2967/sistema-rezki-krupnoformatnoy-plitki-dlt-slim-cutter-plus-25.jpg,https://dlt.by/image/catalog/easyphoto/2967/sistema-rezki-krupnoformatnoy-plitki-dlt-slim-cutter-plus-26.jpg,https://dlt.by/image/catalog/easyphoto/2967/sistema-rezki-krupnoformatnoy-plitki-dlt-slim-cutter-plus-27.jpg,https://dlt.by/image/catalog/easyphoto/2967/sistema-rezki-krupnoformatnoy-plitki-dlt-slim-cutter-plus-28.jpg,https://dlt.by/image/catalog/easyphoto/2967/sistema-rezki-krupnoformatnoy-plitki-dlt-slim-cutter-plus-29.jpg,,,,,,,,,,,,,,,,,,,,,,,,,,,,,,,,"
"Электрический плиткорез для системы резки крупноформатной плитки DLT SLim Cutter-Plus, арт.1728",Плиткорезы электрические (камнерезы/мокрорезы)>Электрические плиткорезы для крупноформатной плитки,1728,33 103.65,"https://dlt.by/image/catalog/easyphoto/2968/elektricheskiy-plitkorez-dlya-sistemy-rezki-krupnoformatnoy-plitki-dlt-slim-cutter-plus-4.jpg,https://dlt.by/image/catalog/easyphoto/2968/elektricheskiy-plitkorez-dlya-sistemy-rezki-krupnoformatnoy-plitki-dlt-slim-cutter-plus-5.jpg,https://dlt.by/image/catalog/easyphoto/2968/elektricheskiy-plitkorez-dlya-sistemy-rezki-krupnoformatnoy-plitki-dlt-slim-cutter-plus-6.jpg,https://dlt.by/image/catalog/easyphoto/2968/elektricheskiy-plitkorez-dlya-sistemy-rezki-krupnoformatnoy-plitki-dlt-slim-cutter-plus-7.jpg,https://dlt.by/image/catalog/easyphoto/2968/elektricheskiy-plitkorez-dlya-sistemy-rezki-krupnoformatnoy-plitki-dlt-slim-cutter-plus-8.jpg,https://dlt.by/image/catalog/easyphoto/2968/elektricheskiy-plitkorez-dlya-sistemy-rezki-krupnoformatnoy-plitki-dlt-slim-cutter-plus-9.jpg,https://dlt.by/image/catalog/easyphoto/2968/elektricheskiy-plitkorez-dlya-sistemy-rezki-krupnoformatnoy-plitki-dlt-slim-cutter-plus-10.jpg,https://dlt.by/image/catalog/easyphoto/2968/elektricheskiy-plitkorez-dlya-sistemy-rezki-krupnoformatnoy-plitki-dlt-slim-cutter-plus-11.jpg,https://dlt.by/image/catalog/easyphoto/2968/elektricheskiy-plitkorez-dlya-sistemy-rezki-krupnoformatnoy-plitki-dlt-slim-cutter-plus-12.jpg,https://dlt.by/image/catalog/easyphoto/2968/elektricheskiy-plitkorez-dlya-sistemy-rezki-krupnoformatnoy-plitki-dlt-slim-cutter-plus-13.jpg,https://dlt.by/image/catalog/easyphoto/2968/elektricheskiy-plitkorez-dlya-sistemy-rezki-krupnoformatnoy-plitki-dlt-slim-cutter-plus-14.jpg,,,,,,,,,,,,,,,,,,,,,,,,,,,,,,,,,,,"
"Подкова для регулировки шва DLT 2.0мм, 200шт., арт.8016",Система выравнивания плитки (СВП)>СВП DLT,8016,421.32,"https://dlt.by/image/catalog/easyphoto/2969/podkova-dlya-regulirovki-shva-dlt-2-0mm-200sht-art-8016-2.jpg,https://dlt.by/image/catalog/easyphoto/2969/podkova-dlya-regulirovki-shva-dlt-2-0mm-200sht-art-8016-4.jpg,https://dlt.by/image/catalog/easyphoto/2969/podkova-dlya-regulirovki-shva-dlt-2-0mm-200sht-art-8016-3.jpg,,,,,,,,,,,,,,,,,,,,,,,,,,,,,,,,,,,,,,,,,,,"
Наколенники строительные DLT арт.8142,Наколенники строительные,8142,2 166.78,"https://dlt.by/image/catalog/easyphoto/2970/nakolenniki-stroitelnye-dlt-art-8142-8.jpg,https://dlt.by/image/catalog/easyphoto/2970/nakolenniki-stroitelnye-dlt-art-8142-9.jpg,https://dlt.by/image/catalog/easyphoto/2970/nakolenniki-stroitelnye-dlt-art-8142-10.jpg,https://dlt.by/image/catalog/easyphoto/2970/nakolenniki-stroitelnye-dlt-art-8142-11.jpg,https://dlt.by/image/catalog/easyphoto/2970/nakolenniki-stroitelnye-dlt-art-8142-12.jpg,https://dlt.by/image/catalog/easyphoto/2970/nakolenniki-stroitelnye-dlt-art-8142-13.jpg,,,,,,,,,,,,,,,,,,,,,,,,,,,,,,,,,,,,,,,,"
Наколенники строительные DLT арт.8143,Наколенники строительные,8143,1 685.28,"https://dlt.by/image/catalog/easyphoto/2971/nakolenniki-stroitelnye-dlt-art-8143-7.jpg,https://dlt.by/image/catalog/easyphoto/2971/nakolenniki-stroitelnye-dlt-art-8143-8.jpg,https://dlt.by/image/catalog/easyphoto/2971/nakolenniki-stroitelnye-dlt-art-8143-9.jpg,https://dlt.by/image/catalog/easyphoto/2971/nakolenniki-stroitelnye-dlt-art-8143-10.jpg,,,,,,,,,,,,,,,,,,,,,,,,,,,,,,,,,,,,,,,,,,"
Шпатель полукруглый DLT арт.8145,Шпателя для механизированной шпатлевки>Малярные шпателя,8145,373.17,"https://dlt.by/image/catalog/easyphoto/2972/shpatel-polukruglyy-dlt-art-8145-2.jpg,https://dlt.by/image/catalog/easyphoto/2972/shpatel-polukruglyy-dlt-art-8145-3.jpg,https://dlt.by/image/catalog/easyphoto/2972/shpatel-polukruglyy-dlt-art-8145-4.jpg,https://dlt.by/image/catalog/easyphoto/2972/shpatel-polukruglyy-dlt-art-8145-5.jpg,,,,,,,,,,,,,,,,,,,,,,,,,,,,,,,,,,,,,,,,,,"
"Набор запасных шпателей для DLT Silicone, (размер 3R), ОРАНЖЕВЫЕ, арт.1745",Инструмент для укладки плитки>Шпатели для силикона и герметика>Наборы запасных шпателей,1745,186.58,"https://dlt.by/image/catalog/easyphoto/2973/nabor-zapasnyh-shpateley-dlya-dlt-silicone-razmer-3r-oranzhevye-2.jpg,https://dlt.by/image/catalog/easyphoto/2973/nabor-zapasnyh-shpateley-dlya-dlt-silicone-razmer-3r-oranzhevye-3.jpg,https://dlt.by/image/catalog/easyphoto/2973/nabor-zapasnyh-shpateley-dlya-dlt-silicone-razmer-3r-oranzhevye-4.jpg,,,,,,,,,,,,,,,,,,,,,,,,,,,,,,,,,,,,,,,,,,,"
"Набор запасных шпателей для DLT Silicone, (размер 4,5R), ОРАНЖЕВЫЕ, арт.1746",Инструмент для укладки плитки>Шпатели для силикона и герметика>Наборы запасных шпателей,1746,186.58,"https://dlt.by/image/catalog/easyphoto/2974/nabor-zapasnyh-shpateley-dlya-dlt-silicone-razmer-4-5r-oranzhevye-2.jpg,https://dlt.by/image/catalog/easyphoto/2974/nabor-zapasnyh-shpateley-dlya-dlt-silicone-razmer-4-5r-oranzhevye-3.jpg,https://dlt.by/image/catalog/easyphoto/2974/nabor-zapasnyh-shpateley-dlya-dlt-silicone-razmer-4-5r-oranzhevye-4.jpg,,,,,,,,,,,,,,,,,,,,,,,,,,,,,,,,,,,,,,,,,,,"
"Набор запасных шпателей для DLT Silicone, (размер 6), ОРАНЖЕВЫЕ, арт.1749",Инструмент для укладки плитки>Шпатели для силикона и герметика>Наборы запасных шпателей,1749,186.58,"https://dlt.by/image/catalog/easyphoto/2975/nabor-zapasnyh-shpateley-dlya-dlt-silicone-razmer-6-oranzhevye-2.jpg,https://dlt.by/image/catalog/easyphoto/2975/nabor-zapasnyh-shpateley-dlya-dlt-silicone-razmer-6-oranzhevye-3.jpg,https://dlt.by/image/catalog/easyphoto/2975/nabor-zapasnyh-shpateley-dlya-dlt-silicone-razmer-6-oranzhevye-4.jpg,,,,,,,,,,,,,,,,,,,,,,,,,,,,,,,,,,,,,,,,,,,"
"Набор запасных шпателей для DLT Silicone, (размер 9), ОРАНЖЕВЫЕ, арт.1748",Инструмент для укладки плитки>Шпатели для силикона и герметика>Наборы запасных шпателей,1748,186.58,"https://dlt.by/image/catalog/easyphoto/2976/nabor-zapasnyh-shpateley-dlya-dlt-silicone-razmer-9-oranzhevye-2.jpg,https://dlt.by/image/catalog/easyphoto/2976/nabor-zapasnyh-shpateley-dlya-dlt-silicone-razmer-9-oranzhevye-3.jpg,https://dlt.by/image/catalog/easyphoto/2976/nabor-zapasnyh-shpateley-dlya-dlt-silicone-razmer-9-oranzhevye-4.jpg,,,,,,,,,,,,,,,,,,,,,,,,,,,,,,,,,,,,,,,,,,,"
"Набор запасных шпателей для DLT Silicone, (размер 12-red), КРАСНЫЕ, арт.1750",Инструмент для укладки плитки>Шпатели для силикона и герметика>Наборы запасных шпателей,1750,186.58,"https://dlt.by/image/catalog/easyphoto/2977/nabor-zapasnyh-shpateley-dlya-dlt-silicone-razmer-12-red-krasnye-2.jpg,https://dlt.by/image/catalog/easyphoto/2977/nabor-zapasnyh-shpateley-dlya-dlt-silicone-razmer-12-red-krasnye-3.jpg,https://dlt.by/image/catalog/easyphoto/2977/nabor-zapasnyh-shpateley-dlya-dlt-silicone-razmer-12-red-krasnye-4.jpg,,,,,,,,,,,,,,,,,,,,,,,,,,,,,,,,,,,,,,,,,,,"
"Набор запасных шпателей для DLT Silicone, (размер 2С-red), КРАСНЫЕ, арт.1751",Инструмент для укладки плитки>Шпатели для силикона и герметика>Наборы запасных шпателей,1751,186.58,"https://dlt.by/image/catalog/easyphoto/2979/nabor-zapasnyh-shpateley-dlya-dlt-silicone-razmer-2s-red-krasnye-2.jpg,https://dlt.by/image/catalog/easyphoto/2979/nabor-zapasnyh-shpateley-dlya-dlt-silicone-razmer-2s-red-krasnye-3.jpg,https://dlt.by/image/catalog/easyphoto/2979/nabor-zapasnyh-shpateley-dlya-dlt-silicone-razmer-2s-red-krasnye-4.jpg,,,,,,,,,,,,,,,,,,,,,,,,,,,,,,,,,,,,,,,,,,,"
"Набор запасных шпателей для DLT Silicone, (размер 3С-red), КРАСНЫЕ, арт.1752",Инструмент для укладки плитки>Шпатели для силикона и герметика>Наборы запасных шпателей,1752,186.58,"https://dlt.by/image/catalog/easyphoto/2980/nabor-zapasnyh-shpateley-dlya-dlt-silicone-razmer-3s-red-krasnye-2.jpg,https://dlt.by/image/catalog/easyphoto/2980/nabor-zapasnyh-shpateley-dlya-dlt-silicone-razmer-3s-red-krasnye-3.jpg,https://dlt.by/image/catalog/easyphoto/2980/nabor-zapasnyh-shpateley-dlya-dlt-silicone-razmer-3s-red-krasnye-4.jpg,,,,,,,,,,,,,,,,,,,,,,,,,,,,,,,,,,,,,,,,,,,"
"Набор запасных шпателей для DLT Silicone, (размер 4С-red), КРАСНЫЕ, арт.1753",Инструмент для укладки плитки>Шпатели для силикона и герметика>Наборы запасных шпателей,1753,186.58,"https://dlt.by/image/catalog/easyphoto/2981/nabor-zapasnyh-shpateley-dlya-dlt-silicone-razmer-4s-red-krasnye-2.jpg,https://dlt.by/image/catalog/easyphoto/2981/nabor-zapasnyh-shpateley-dlya-dlt-silicone-razmer-4s-red-krasnye-3.jpg,https://dlt.by/image/catalog/easyphoto/2981/nabor-zapasnyh-shpateley-dlya-dlt-silicone-razmer-4s-red-krasnye-4.jpg,,,,,,,,,,,,,,,,,,,,,,,,,,,,,,,,,,,,,,,,,,,"
"Набор запасных шпателей для DLT Silicone, (размер 3R-red), КРАСНЫЕ, арт.1754",Инструмент для укладки плитки>Шпатели для силикона и герметика>Наборы запасных шпателей,1754,186.58,"https://dlt.by/image/catalog/easyphoto/2982/nabor-zapasnyh-shpateley-dlya-dlt-silicone-razmer-3r-red-krasnye-2.jpg,https://dlt.by/image/catalog/easyphoto/2982/nabor-zapasnyh-shpateley-dlya-dlt-silicone-razmer-3r-red-krasnye-3.jpg,https://dlt.by/image/catalog/easyphoto/2982/nabor-zapasnyh-shpateley-dlya-dlt-silicone-razmer-3r-red-krasnye-4.jpg,,,,,,,,,,,,,,,,,,,,,,,,,,,,,,,,,,,,,,,,,,,"
"Набор запасных шпателей для DLT Silicone, (размер 4,5R-red), КРАСНЫЕ, арт.1755",Инструмент для укладки плитки>Шпатели для силикона и герметика>Наборы запасных шпателей,1755,186.58,"https://dlt.by/image/catalog/easyphoto/2983/nabor-zapasnyh-shpateley-dlya-dlt-silicone-razmer-4-5r-red-krasnye-2.jpg,https://dlt.by/image/catalog/easyphoto/2983/nabor-zapasnyh-shpateley-dlya-dlt-silicone-razmer-4-5r-red-krasnye-3.jpg,https://dlt.by/image/catalog/easyphoto/2983/nabor-zapasnyh-shpateley-dlya-dlt-silicone-razmer-4-5r-red-krasnye-4.jpg,,,,,,,,,,,,,,,,,,,,,,,,,,,,,,,,,,,,,,,,,,,"
"Набор запасных шпателей для DLT Silicone, (размер 6R-red), КРАСНЫЕ, арт.1756",Инструмент для укладки плитки>Шпатели для силикона и герметика>Наборы запасных шпателей,1756,186.58,"https://dlt.by/image/catalog/easyphoto/2984/nabor-zapasnyh-shpateley-dlya-dlt-silicone-razmer-6r-red-krasnye-3.jpg,https://dlt.by/image/catalog/easyphoto/2984/nabor-zapasnyh-shpateley-dlya-dlt-silicone-razmer-6r-red-krasnye-4.jpg,https://dlt.by/image/catalog/easyphoto/2984/nabor-zapasnyh-shpateley-dlya-dlt-silicone-razmer-6r-red-krasnye-5.jpg,,,,,,,,,,,,,,,,,,,,,,,,,,,,,,,,,,,,,,,,,,,"
"Набор запасных шпателей для DLT Silicone, (размер 6-red), КРАСНЫЕ, арт.1757",Инструмент для укладки плитки>Шпатели для силикона и герметика>Наборы запасных шпателей,1757,186.58,"https://dlt.by/image/catalog/easyphoto/2985/nabor-zapasnyh-shpateley-dlya-dlt-silicone-razmer-6-red-krasnye-2.jpg,https://dlt.by/image/catalog/easyphoto/2985/nabor-zapasnyh-shpateley-dlya-dlt-silicone-razmer-6-red-krasnye-3.jpg,https://dlt.by/image/catalog/easyphoto/2985/nabor-zapasnyh-shpateley-dlya-dlt-silicone-razmer-6-red-krasnye-4.jpg,,,,,,,,,,,,,,,,,,,,,,,,,,,,,,,,,,,,,,,,,,,"
"Набор запасных шпателей для DLT Silicone, (размер 9-red), КРАСНЫЕ, арт.1758",Инструмент для укладки плитки>Шпатели для силикона и герметика>Наборы запасных шпателей,1758,186.58,"https://dlt.by/image/catalog/easyphoto/2986/nabor-zapasnyh-shpateley-dlya-dlt-silicone-razmer-9-red-krasnye-2.jpg,https://dlt.by/image/catalog/easyphoto/2986/nabor-zapasnyh-shpateley-dlya-dlt-silicone-razmer-9-red-krasnye-3.jpg,https://dlt.by/image/catalog/easyphoto/2986/nabor-zapasnyh-shpateley-dlya-dlt-silicone-razmer-9-red-krasnye-4.jpg,,,,,,,,,,,,,,,,,,,,,,,,,,,,,,,,,,,,,,,,,,,"
"Набор шпателей для силикона DLT Silicone, комплект 18 насадок, арт.1744",Инструмент для укладки плитки>Шпатели для силикона и герметика>Шпатели и насадки,1744,511.60,"https://dlt.by/image/catalog/easyphoto/2987/nabor-shpateley-dlya-silikona-dlt-silicone-komplekt-18-nasadok-2.jpg,https://dlt.by/image/catalog/easyphoto/2987/nabor-shpateley-dlya-silikona-dlt-silicone-komplekt-18-nasadok-3.jpg,https://dlt.by/image/catalog/easyphoto/2987/nabor-shpateley-dlya-silikona-dlt-silicone-komplekt-18-nasadok-4.jpg,https://dlt.by/image/catalog/easyphoto/2987/nabor-shpateley-dlya-silikona-dlt-silicone-komplekt-18-nasadok-5.jpg,https://dlt.by/image/catalog/easyphoto/2987/nabor-shpateley-dlya-silikona-dlt-silicone-komplekt-18-nasadok-6.jpg,https://dlt.by/image/catalog/easyphoto/2987/nabor-shpateley-dlya-silikona-dlt-silicone-komplekt-18-nasadok-7.jpg,,,,,,,,,,,,,,,,,,,,,,,,,,,,,,,,,,,,,,,,"
"Одинарная присоска DLT для гладкой поверхности, арт.8141",Инструмент для укладки плитки>Присоски для плитки и стекла>Обычные присоски,8141,421.32,"https://dlt.by/image/catalog/easyphoto/2988/odinarnaya-prisoska-dlt-art-8141-2.jpg,https://dlt.by/image/catalog/easyphoto/2988/odinarnaya-prisoska-dlt-art-8141-4.jpg,https://dlt.by/image/catalog/easyphoto/2988/odinarnaya-prisoska-dlt-art-8141-3.jpg,https://dlt.by/image/catalog/easyphoto/2988/odinarnaya-prisoska-dlt-art-8141-5.jpg,,,,,,,,,,,,,,,,,,,,,,,,,,,,,,,,,,,,,,,,,,"
"Набор щеток для чистки на дрель шуруповерт DLT, 3шт, арт.1731",Инструмент для укладки плитки>Разное для укладки,1731,662.07,"https://dlt.by/image/catalog/easyphoto/2989/nabor-shchetok-dlya-chistki-na-drel-shurupovert-dlt-3sht-2.jpg,https://dlt.by/image/catalog/easyphoto/2989/nabor-shchetok-dlya-chistki-na-drel-shurupovert-dlt-3sht-3.jpg,https://dlt.by/image/catalog/easyphoto/2989/nabor-shchetok-dlya-chistki-na-drel-shurupovert-dlt-3sht-6.jpg,https://dlt.by/image/catalog/easyphoto/2989/nabor-shchetok-dlya-chistki-na-drel-shurupovert-dlt-3sht-4.jpg,https://dlt.by/image/catalog/easyphoto/2989/nabor-shchetok-dlya-chistki-na-drel-shurupovert-dlt-3sht-5.jpg,,,,,,,,,,,,,,,,,,,,,,,,,,,,,,,,,,,,,,,,,"
Губка для затирки плитки DLT арт.1972,Бренды>Оборудование и приспособления для укладки плитки DLT,1972,276.87,"https://dlt.by/image/catalog/easyphoto/2990/gubka-dlya-zatirki-plitki-dlt-art-1972-2.jpg,https://dlt.by/image/catalog/easyphoto/2990/gubka-dlya-zatirki-plitki-dlt-art-1972-3.jpg,https://dlt.by/image/catalog/easyphoto/2990/gubka-dlya-zatirki-plitki-dlt-art-1972-4.jpg,,,,,,,,,,,,,,,,,,,,,,,,,,,,,,,,,,,,,,,,,,,"
Набор шпателей для затирки герметика DLT арт.8139,Инструмент для укладки плитки>Шпатели для силикона и герметика>Шпатели и насадки,8139,367.15,"https://dlt.by/image/catalog/easyphoto/2991/nabor-shpateley-dlya-zatirki-germetika-dlt-art-8139-3.jpg,https://dlt.by/image/catalog/easyphoto/2991/nabor-shpateley-dlya-zatirki-germetika-dlt-art-8139-6.jpg,https://dlt.by/image/catalog/easyphoto/2991/nabor-shpateley-dlya-zatirki-germetika-dlt-art-8139-2.jpg,https://dlt.by/image/catalog/easyphoto/2991/nabor-shpateley-dlya-zatirki-germetika-dlt-art-8139-7.jpg,https://dlt.by/image/catalog/easyphoto/2991/nabor-shpateley-dlya-zatirki-germetika-dlt-art-8139-4.jpg,https://dlt.by/image/catalog/easyphoto/2991/nabor-shpateley-dlya-zatirki-germetika-dlt-art-8139-5.jpg,https://dlt.by/image/catalog/easyphoto/2991/nabor-shpateley-dlya-zatirki-germetika-dlt-art-8139-8.jpg,https://dlt.by/image/catalog/easyphoto/2991/nabor-shpateley-dlya-zatirki-germetika-dlt-art-8139-9.jpg,https://dlt.by/image/catalog/easyphoto/2991/nabor-shpateley-dlya-zatirki-germetika-dlt-art-8139-10.jpg,https://dlt.by/image/catalog/easyphoto/2991/nabor-shpateley-dlya-zatirki-germetika-dlt-art-8139-11.jpg,https://dlt.by/image/catalog/easyphoto/2991/nabor-shpateley-dlya-zatirki-germetika-dlt-art-8139-12.jpg,,,,,,,,,,,,,,,,,,,,,,,,,,,,,,,,,,,"
"Шпатели для силиконовых герметиков DLT, набор 5шт, арт.1733",Бренды>Оборудование и приспособления для укладки плитки DLT,1733,246.77,"https://dlt.by/image/catalog/easyphoto/2992/shpateli-dlya-silikonovyh-germetikov-dlt-nabor-5sht-2.jpg,https://dlt.by/image/catalog/easyphoto/2992/shpateli-dlya-silikonovyh-germetikov-dlt-nabor-5sht-3.jpg,https://dlt.by/image/catalog/easyphoto/2992/shpateli-dlya-silikonovyh-germetikov-dlt-nabor-5sht-4.jpg,https://dlt.by/image/catalog/easyphoto/2992/shpateli-dlya-silikonovyh-germetikov-dlt-nabor-5sht-5.jpg,https://dlt.by/image/catalog/easyphoto/2992/shpateli-dlya-silikonovyh-germetikov-dlt-nabor-5sht-6.jpg,https://dlt.by/image/catalog/easyphoto/2992/shpateli-dlya-silikonovyh-germetikov-dlt-nabor-5sht-7.jpg,,,,,,,,,,,,,,,,,,,,,,,,,,,,,,,,,,,,,,,,"
"Набор целлюлозных губок для затирки DLT, арт.1729",Инструмент для укладки плитки>Губки,1729,692.17,"https://dlt.by/image/catalog/easyphoto/2993/nabor-tsellyuloznyh-gubok-dlya-zatirki-dlt-2.jpg,https://dlt.by/image/catalog/easyphoto/2993/nabor-tsellyuloznyh-gubok-dlya-zatirki-dlt-3.jpg,https://dlt.by/image/catalog/easyphoto/2993/nabor-tsellyuloznyh-gubok-dlya-zatirki-dlt-4.jpg,,,,,,,,,,,,,,,,,,,,,,,,,,,,,,,,,,,,,,,,,,,"
Набор губок для зачистки плитки DLT арт.1970,Инструмент для укладки плитки>Губки,1970,481.51,"https://dlt.by/image/catalog/easyphoto/2994/nabor-gubok-dlya-zachistki-plitki-dlt-art-1970-2.jpg,https://dlt.by/image/catalog/easyphoto/2994/nabor-gubok-dlya-zachistki-plitki-dlt-art-1970-3.jpg,https://dlt.by/image/catalog/easyphoto/2994/nabor-gubok-dlya-zachistki-plitki-dlt-art-1970-4.jpg,https://dlt.by/image/catalog/easyphoto/2994/nabor-gubok-dlya-zachistki-plitki-dlt-art-1970-5.jpg,,,,,,,,,,,,,,,,,,,,,,,,,,,,,,,,,,,,,,,,,,"
"Запасные пластиковые крепления электрической каретки DLT SLim Cutter KIT-Plus, упаковка 10 штук, арт.1922",Запчасти>Электрические плиткорезы для крупноформатной плитки>DLT Slim Cutter KIT-Plus,1922,842.64,"https://dlt.by/image/catalog/easyphoto/2995/zapasnye-plastikovye-krepleniya-elektricheskoy-karetki-dlt-slim-cutter-kit-plus-upakovka-10-shtuk-2.jpg,https://dlt.by/image/catalog/easyphoto/2995/zapasnye-plastikovye-krepleniya-elektricheskoy-karetki-dlt-slim-cutter-kit-plus-upakovka-10-shtuk-4.jpg,https://dlt.by/image/catalog/easyphoto/2995/zapasnye-plastikovye-krepleniya-elektricheskoy-karetki-dlt-slim-cutter-kit-plus-upakovka-10-shtuk-3.jpg,,,,,,,,,,,,,,,,,,,,,,,,,,,,,,,,,,,,,,,,,,,"
"Запасные пластиковые крепления механической каретки DLT SLim Cutter KIT-Plus, упаковка 4 штуки, арт.1923",Запчасти>Системы резки крупноформата,1923,1 414.43,"https://dlt.by/image/catalog/easyphoto/2996/zapasnye-plastikovye-krepleniya-mehanicheskoy-karetki-dlt-slim-cutter-kit-plus-upakovka-4-shtuki-2.jpg,https://dlt.by/image/catalog/easyphoto/2996/zapasnye-plastikovye-krepleniya-mehanicheskoy-karetki-dlt-slim-cutter-kit-plus-upakovka-4-shtuki-3.jpg,https://dlt.by/image/catalog/easyphoto/2996/zapasnye-plastikovye-krepleniya-mehanicheskoy-karetki-dlt-slim-cutter-kit-plus-upakovka-4-shtuki-4.jpg,,,,,,,,,,,,,,,,,,,,,,,,,,,,,,,,,,,,,,,,,,,"
"Набор запасных шпателей для DLT Silicone, (размер 6R), ОРАНЖЕВЫЕ, арт.1747",Акции на строительный инструмент,1747,186.58,"https://dlt.by/image/catalog/easyphoto/2997/nabor-zapasnyh-shpateley-dlya-dlt-silicone-razmer-6r-oranzhevye-2.jpg,https://dlt.by/image/catalog/easyphoto/2997/nabor-zapasnyh-shpateley-dlya-dlt-silicone-razmer-6r-oranzhevye-3.jpg,https://dlt.by/image/catalog/easyphoto/2997/nabor-zapasnyh-shpateley-dlya-dlt-silicone-razmer-6r-oranzhevye-4.jpg,,,,,,,,,,,,,,,,,,,,,,,,,,,,,,,,,,,,,,,,,,,"
Набор шпателей для затирки герметика DLT арт.8138,Инструмент для укладки плитки>Шпатели для силикона и герметика>Шпатели и насадки,8138,451.41,"https://dlt.by/image/catalog/easyphoto/2998/nabor-shpateley-dlya-zatirki-germetika-dlt-art-8138-3.jpg,https://dlt.by/image/catalog/easyphoto/2998/nabor-shpateley-dlya-zatirki-germetika-dlt-art-8138-4.jpg,https://dlt.by/image/catalog/easyphoto/2998/nabor-shpateley-dlya-zatirki-germetika-dlt-art-8138-5.jpg,https://dlt.by/image/catalog/easyphoto/2998/nabor-shpateley-dlya-zatirki-germetika-dlt-art-8138-6.jpg,https://dlt.by/image/catalog/easyphoto/2998/nabor-shpateley-dlya-zatirki-germetika-dlt-art-8138-8.jpg,https://dlt.by/image/catalog/easyphoto/2998/nabor-shpateley-dlya-zatirki-germetika-dlt-art-8138-7.jpg,https://dlt.by/image/catalog/easyphoto/2998/nabor-shpateley-dlya-zatirki-germetika-dlt-art-8138-9.jpg,,,,,,,,,,,,,,,,,,,,,,,,,,,,,,,,,,,,,,,"
"Венчик (миксер) строительный D150xL700xM14 мм, арт.2261",Малярный и штукатурный инструмент>Венчики и насадки строительные,2261,2 196.88,"https://dlt.by/image/catalog/easyphoto/3003/venchik-mikser-stroitelnyy-d150xl700xm14-mm-5.jpg,https://dlt.by/image/catalog/easyphoto/3003/venchik-mikser-stroitelnyy-d150xl700xm14-mm-3.jpg,https://dlt.by/image/catalog/easyphoto/3003/venchik-mikser-stroitelnyy-d150xl700xm14-mm-4.jpg,,,,,,,,,,,,,,,,,,,,,,,,,,,,,,,,,,,,,,,,,,,"